system_time_iso,epoch_time,rel_time_s,upper_w,upper_x,upper_y,upper_z,forearm_w,forearm_x,forearm_y,forearm_z,flexion_deg,pronation_deg,flexion_vel_deg_s,pronation_vel_deg_s
2026-08-05T15:57:29.409957,1785938249.409958,0.163532,0.1550607532262802,0.6487723588943481,0.3125653564929962,-0.6762789487838745,0.600597620010376,0.35433313250541687,0.5531824231147766,-0.45576274394989014,72.945590,-70.314341,0.000000,0.000000
2026-08-05T15:57:29.419155,1785938249.419155,0.172729,0.1548839807510376,0.6486603617668152,0.31172019243240356,-0.6768171787261963,0.6008414626121521,0.3538905382156372,0.5529601573944092,-0.4560551047325134,73.039827,-70.410331,10.246333,-10.436929
2026-08-05T15:57:29.434836,1785938249.434837,0.186798,0.15509745478630066,0.6483080387115479,0.31086212396621704,-0.6775001287460327,0.6010128855705261,0.35361823439598083,0.5523867011070251,-0.45673471689224243,73.045050,-70.415522,0.371222,-0.368922
2026-08-05T15:57:29.454494,1785938249.454495,0.208069,0.15518903732299805,0.6479699015617371,0.3097820281982422,-0.6782968640327454,0.6012799739837646,0.35349830985069275,0.5517992377281189,-0.45718610286712646,73.085357,-70.463013,1.894908,-2.232634
2026-08-05T15:57:29.468413,1785938249.468414,0.221988,0.15395022928714752,0.6480891704559326,0.303094744682312,-0.6814788579940796,0.6028861999511719,0.35282087326049805,0.5505609512329102,-0.4570870101451874,73.770160,-71.240922,49.199554,-55.888774
2026-08-05T15:57:29.484344,1785938249.484344,0.237918,0.15375027060508728,0.6479470133781433,0.30262261629104614,-0.6818690896034241,0.6032572388648987,0.3526363968849182,0.550399124622345,-0.45693469047546387,73.859406,-71.331337,5.602194,-5.675590
2026-08-05T15:57:29.503632,1785938249.503633,0.257207,0.15336117148399353,0.6478830575942993,0.30198216438293457,-0.6823011636734009,0.6035898327827454,0.35250774025917053,0.5502411723136902,-0.45678478479385376,73.972725,-71.447586,5.874936,-6.026825
2026-08-05T15:57:29.517664,1785938249.519727,0.271238,0.15289367735385895,0.6478266716003418,0.30134496092796326,-0.6827409863471985,0.6038129329681396,0.3525412976741791,0.5500695109367371,-0.45667099952697754,74.072720,-71.551417,7.126619,-7.400044
2026-08-05T15:57:29.532982,1785938249.532982,0.285536,0.15258492529392242,0.6478425860404968,0.3008161783218384,-0.6830282211303711,0.6040601134300232,0.3525233864784241,0.5499415397644043,-0.45651209354400635,74.160481,-71.643422,6.138040,-6.434818
2026-08-05T15:57:29.542621,1785938249.542622,0.296196,0.15233683586120605,0.647871732711792,0.3002719283103943,-0.6832956075668335,0.6042815446853638,0.35250332951545715,0.5498513579368591,-0.45634278655052185,74.243849,-71.733424,7.820802,-8.443166
2026-08-05T15:57:29.553411,1785938249.553411,0.306985,0.1520441621541977,0.6478919982910156,0.2997576892375946,-0.6835670471191406,0.6045060753822327,0.35251137614250183,0.5497357845306396,-0.4561784863471985,74.326611,-71.821122,7.670504,-8.127980
2026-08-05T15:57:29.568336,1785938249.568337,0.321911,0.15171393752098083,0.6479045152664185,0.29924729466438293,-0.6838521361351013,0.6046901345252991,0.3525773882865906,0.5496097803115845,-0.4560352861881256,74.404477,-71.903832,5.216947,-5.541472
2026-08-05T15:57:29.584934,1785938249.584935,0.338509,0.15121732652187347,0.6480154395103455,0.29860401153564453,-0.6841381788253784,0.6048596501350403,0.352721244096756,0.5494413375854492,-0.45590218901634216,74.500476,-72.004982,5.783729,-6.094103
2026-08-05T15:57:29.606694,1785938249.606694,0.358252,0.1509903520345688,0.6480215787887573,0.29823726415634155,-0.6843425035476685,0.6050692200660706,0.35280275344848633,0.5493553876876831,-0.4556646943092346,74.566193,-72.075738,3.328689,-3.583926
2026-08-05T15:57:29.627130,1785938249.627130,0.378663,0.15090596675872803,0.6480088233947754,0.29796040058135986,-0.6844936609268188,0.6053775548934937,0.3527747392654419,0.5493189692497253,-0.45532047748565674,74.633654,-72.148491,3.305056,-3.564317
2026-08-05T15:57:29.640298,1785938249.640298,0.393872,0.1509592980146408,0.6479999423027039,0.2977825105190277,-0.6845677495002747,0.6057239770889282,0.3527009189128876,0.5493097901344299,-0.45492807030677795,74.690689,-72.210946,3.750177,-4.106518
2026-08-05T15:57:29.650258,1785938249.650259,0.403833,0.15086042881011963,0.6479414105415344,0.2974361181259155,-0.684795618057251,0.6061133146286011,0.35260656476020813,0.5492842793464661,-0.4545130729675293,74.777790,-72.304198,8.744421,-9.361974
2026-08-05T15:57:29.667795,1785938249.667796,0.421370,0.15067394077777863,0.647956371307373,0.2969661056995392,-0.6850263476371765,0.6065434813499451,0.35251834988594055,0.5491998791694641,-0.45410940051078796,74.882446,-72.414661,5.967703,-6.298850
2026-08-05T15:57:29.676360,1785938249.676360,0.427920,0.15035380423069,0.6480382680892944,0.29632410407066345,-0.6852973699569702,0.6070058345794678,0.35244444012641907,0.5490418672561646,-0.4537399411201477,75.009270,-72.546936,19.361521,-20.193608
2026-08-05T15:57:29.683972,1785938249.683973,0.437547,0.15024636685848236,0.64812171459198,0.29587239027023315,-0.6854370832443237,0.6074090600013733,0.3524853587150574,0.5487875938415527,-0.45347607135772705,75.082524,-72.623447,7.609537,-7.947898
2026-08-05T15:57:29.705420,1785938249.705420,0.458994,0.15021876990795135,0.6480962634086609,0.29549434781074524,-0.6856303215026855,0.6077634692192078,0.3525336682796478,0.5485092997550964,-0.45330044627189636,75.132111,-72.674969,2.312030,-2.402248
2026-08-05T15:57:29.718192,1785938249.718192,0.471766,0.15030376613140106,0.6481367349624634,0.2951473593711853,-0.6857227087020874,0.6082063317298889,0.3523845374584198,0.5483691096305847,-0.4529918134212494,75.200780,-72.747761,5.376499,-5.699278
2026-08-05T15:57:29.738981,1785938249.738981,0.492046,0.15034706890583038,0.6481594443321228,0.29475313425064087,-0.6858614087104797,0.6087228655815125,0.35209226608276367,0.5483111143112183,-0.45259568095207214,75.298344,-72.850116,4.810924,-5.047170
2026-08-05T15:57:29.756399,1785938249.756399,0.509973,0.15039707720279694,0.6481852531433105,0.29432544112205505,-0.6860097646713257,0.6091855764389038,0.3519124686717987,0.5481496453285217,-0.4523082971572876,75.376996,-72.932886,4.387230,-4.616988
2026-08-05T15:57:29.774908,1785938249.774908,0.528482,0.1502644419670105,0.648289144039154,0.29376137256622314,-0.68618243932724,0.6095089316368103,0.3519402742385864,0.5478887557983398,-0.4521668553352356,75.448629,-73.008777,3.870151,-4.100197
2026-08-05T15:57:29.781157,1785938249.781157,0.534732,0.15024778246879578,0.6482259035110474,0.2933730185031891,-0.6864116787910461,0.6099187135696411,0.3518638014793396,0.5477222204208374,-0.4518755376338959,75.519438,-73.083363,11.330840,-11.935202
2026-08-05T15:57:29.797745,1785938249.797746,0.551320,0.1503201127052307,0.6481693983078003,0.2929621636867523,-0.6866247057914734,0.6103876233100891,0.3515971302986145,0.5476776361465454,-0.4515039324760437,75.608315,-73.178493,5.357890,-5.734836
2026-08-05T15:57:29.811278,1785938249.811279,0.564853,0.15047921240329742,0.6480132937431335,0.29273566603660583,-0.686833918094635,0.6109670400619507,0.3511546552181244,0.5477148294448853,-0.4510193169116974,75.703416,-73.276938,7.027384,-7.274435
2026-08-05T15:57:29.817260,1785938249.817261,0.570835,0.15045584738254547,0.6478650569915771,0.29223132133483887,-0.6871933937072754,0.6115807294845581,0.3506429195404053,0.5477786064147949,-0.450507789850235,75.843808,-73.423600,23.469323,-24.517578
2026-08-05T15:57:29.837848,1785938249.837849,0.589394,0.15020030736923218,0.6477543711662292,0.29142680764198303,-0.6876952052116394,0.6121825575828552,0.3501482307910919,0.547765851020813,-0.450090616941452,76.017130,-73.603768,9.338629,-9.707515
2026-08-05T15:57:29.864525,1785938249.864526,0.618100,0.14985902607440948,0.6475329399108887,0.29048728942871094,-0.6883753538131714,0.6127461194992065,0.34963107109069824,0.5476526021957397,-0.44986340403556824,76.190892,-73.781789,6.053300,-6.201645
2026-08-05T15:57:29.882159,1785938249.882160,0.635734,0.14972048997879028,0.6473660469055176,0.28971272706985474,-0.688888669013977,0.613156795501709,0.34924831986427307,0.5473693609237671,-0.4499460458755493,76.292611,-73.883415,5.768277,-5.763025
2026-08-05T15:57:29.936437,1785938249.936438,0.688417,0.1498817503452301,0.6470149159431458,0.2891862690448761,-0.6894044280052185,0.6134396195411682,0.34893903136253357,0.5469692349433899,-0.45028671622276306,76.314558,-73.901250,0.416586,-0.338541
2026-08-05T15:57:29.942413,1785938249.943829,0.695988,0.15012787282466888,0.6467143893241882,0.28869032859802246,-0.6898408532142639,0.6136925220489502,0.3485339283943176,0.5466020703315735,-0.45070144534111023,76.328037,-73.910346,1.780357,-1.201346
2026-08-05T15:57:29.955864,1785938249.955865,0.709439,0.15033626556396484,0.646366536617279,0.2881771922111511,-0.690335750579834,0.6140404939651489,0.34795334935188293,0.5463771820068359,-0.45094871520996094,76.377683,-73.957149,3.690884,-3.479531
2026-08-05T15:57:29.967560,1785938249.967561,0.721135,0.15047143399715424,0.6459789872169495,0.28767016530036926,-0.6908801198005676,0.6145105957984924,0.3471490740776062,0.5463290810585022,-0.4509863257408142,76.473992,-74.051434,8.234628,-8.061539
2026-08-05T15:57:29.986151,1785938249.986152,0.739726,0.15060187876224518,0.6456449627876282,0.2871486246585846,-0.6913808584213257,0.6148773431777954,0.3464812934398651,0.5462327599525452,-0.45111706852912903,76.549560,-74.125758,4.064705,-3.997824
2026-08-05T15:57:29.992374,1785938249.992375,0.745949,0.15070578455924988,0.6452553868293762,0.2866332530975342,-0.6919354200363159,0.6152088046073914,0.34583964943885803,0.5461212396621704,-0.45129233598709106,76.619288,-74.193419,11.204553,-10.872383
2026-08-05T15:57:30.001483,1785938250.001483,0.755058,0.15084339678287506,0.6449998021125793,0.28616863489151,-0.6923360228538513,0.6154511570930481,0.34534952044487,0.5459112524986267,-0.4515911042690277,76.658010,-74.228857,4.251200,-3.890677
2026-08-05T15:57:30.009081,1785938250.009081,0.762655,0.15088747441768646,0.6447951197624207,0.28565657138824463,-0.6927282810211182,0.6156416535377502,0.34496912360191345,0.5456435084342957,-0.45194557309150696,76.693724,-74.260817,4.700467,-4.206388
2026-08-05T15:57:30.021015,1785938250.021015,0.774590,0.15104025602340698,0.6445235013961792,0.2852698862552643,-0.6931071877479553,0.6158503293991089,0.3446652889251709,0.5453487038612366,-0.4522489905357361,76.708067,-74.271011,1.201885,-0.854201
2026-08-05T15:57:30.054976,1785938250.054977,0.808551,0.15114665031433105,0.644489049911499,0.28479087352752686,-0.69331294298172,0.6161296367645264,0.3443552851676941,0.5450935363769531,-0.4524123966693878,76.750807,-74.312773,1.258483,-1.229679
2026-08-05T15:57:30.069330,1785938250.069331,0.822905,0.15098829567432404,0.6444664597511292,0.28400513529777527,-0.6936905980110168,0.6164985299110413,0.3440491259098053,0.5448823571205139,-0.452396959066391,76.856877,-74.422298,7.389537,-7.630287
2026-08-05T15:57:30.077301,1785938250.077301,0.830875,0.15069490671157837,0.6447024345397949,0.28303101658821106,-0.6939333081245422,0.6167555451393127,0.34389781951904297,0.5446134209632874,-0.45248568058013916,76.966352,-74.538012,13.735341,-14.518045
2026-08-05T15:57:30.087481,1785938250.087481,0.840407,0.15036410093307495,0.6449583768844604,0.2820109724998474,-0.6941824555397034,0.6168736815452576,0.3440256714820862,0.5442119240760803,-0.45271036028862,77.042885,-74.621464,8.029554,-8.755401
2026-08-05T15:57:30.101739,1785938250.102726,0.855313,0.15002058446407318,0.6452466249465942,0.28097501397132874,-0.6944089531898499,0.6169844269752502,0.3442046046257019,0.5437741279602051,-0.4529496729373932,77.116236,-74.701653,4.920763,-5.379499
2026-08-05T15:57:30.109973,1785938250.109974,0.863548,0.1493980586528778,0.6456148028373718,0.27974793314933777,-0.6946963667869568,0.6171010136604309,0.3445050120353699,0.5432416796684265,-0.4532010555267334,77.218640,-74.809913,12.435155,-13.146446
2026-08-05T15:57:30.137720,1785938250.137721,0.889280,0.14877372980117798,0.6458282470703125,0.27870726585388184,-0.6950502991676331,0.6172302961349487,0.3449133634567261,0.5427194237709045,-0.4533401429653168,77.307238,-74.902515,3.443106,-3.598709
2026-08-05T15:57:30.146729,1785938250.146730,0.900304,0.14822626113891602,0.6460356712341309,0.27782127261161804,-0.6953288912773132,0.6173934936523438,0.34522098302841187,0.5423386096954346,-0.45333948731422424,77.399674,-74.999726,8.385193,-8.818249
2026-08-05T15:57:30.163945,1785938250.163945,0.917520,0.14790572226047516,0.6461859345436096,0.27731767296791077,-0.695458710193634,0.6176616549491882,0.3452117145061493,0.5422200560569763,-0.45312297344207764,77.493124,-75.096374,5.428193,-5.613938
2026-08-05T15:57:30.196258,1785938250.196258,0.949832,0.14784374833106995,0.646263062953949,0.27715110778808594,-0.6954665184020996,0.6179282069206238,0.3450765311717987,0.54234379529953,-0.452714204788208,77.565655,-75.174417,2.244647,-2.415224
2026-08-05T15:57:30.217494,1785938250.217494,0.969068,0.14782097935676575,0.6462091207504272,0.2770501375198364,-0.6955617070198059,0.6181354522705078,0.3450089991092682,0.5424606800079346,-0.45234254002571106,77.617503,-75.231485,2.695451,-2.966887
2026-08-05T15:57:30.228613,1785938250.228613,0.982187,0.1479630023241043,0.6460983157157898,0.2771536707878113,-0.6955931186676025,0.6183515787124634,0.344943642616272,0.5425413250923157,-0.4520002007484436,77.636895,-75.253145,1.478109,-1.650986
2026-08-05T15:57:30.247414,1785938250.247415,1.000989,0.14792479574680328,0.6460335850715637,0.2770732641220093,-0.6956933736801147,0.6186350584030151,0.34483832120895386,0.5425888299942017,-0.45163559913635254,77.693709,-75.311848,3.021761,-3.122257
2026-08-05T15:57:30.279615,1785938250.279615,1.033189,0.1477919965982437,0.6460820436477661,0.2767477035522461,-0.695806086063385,0.6189613342285156,0.34463828802108765,0.542605996131897,-0.4513203501701355,77.782581,-75.403992,2.759999,-2.861572
2026-08-05T15:57:30.296059,1785938250.296059,1.049634,0.1476457267999649,0.6462622284889221,0.27618977427482605,-0.6958917379379272,0.6191756129264832,0.34451010823249817,0.5425518751144409,-0.45118945837020874,77.864664,-75.492812,4.991519,-5.401222
2026-08-05T15:57:30.312728,1785938250.312728,1.066303,0.14748601615428925,0.6464886665344238,0.27552586793899536,-0.6959783434867859,0.6192875504493713,0.34452253580093384,0.542289674282074,-0.45134174823760986,77.916389,-75.548766,3.103073,-3.356741
2026-08-05T15:57:30.326088,1785938250.326088,1.079663,0.14710307121276855,0.6467942595481873,0.2745993137359619,-0.6961416006088257,0.6192336082458496,0.3447808027267456,0.5418177843093872,-0.4517849385738373,77.956938,-75.592713,3.035069,-3.289442
2026-08-05T15:57:30.333862,1785938250.333863,1.087437,0.14669856429100037,0.6470789313316345,0.2736695408821106,-0.6963284611701965,0.6191065907478333,0.3452267050743103,0.5411978960037231,-0.45236092805862427,77.969734,-75.606954,1.645807,-1.831760
2026-08-05T15:57:30.353317,1785938250.353317,1.105956,0.1462145298719406,0.6472615003585815,0.2728424370288849,-0.6965853571891785,0.618970513343811,0.3457394242286682,0.5406250953674316,-0.4528404176235199,77.984043,-75.621793,0.772686,-0.801285
2026-08-05T15:57:30.359327,1785938250.359328,1.112902,0.14574918150901794,0.6472848653793335,0.27222567796707153,-0.6969022750854492,0.6190452575683594,0.34598490595817566,0.5402525663375854,-0.4529951512813568,78.037487,-75.673762,7.694648,-7.482286
2026-08-05T15:57:30.386048,1785938250.386049,1.138755,0.1456400752067566,0.6474066376686096,0.27204248309135437,-0.6968833804130554,0.6191943287849426,0.3460801839828491,0.54006028175354,-0.452947735786438,78.062014,-75.696965,0.948698,-0.897498
2026-08-05T15:57:30.402123,1785938250.402123,1.154573,0.14542444050312042,0.6475164890289307,0.271846204996109,-0.6969030499458313,0.619306743144989,0.3460994064807892,0.5400976538658142,-0.4527348279953003,78.116970,-75.754983,3.474251,-3.667816
2026-08-05T15:57:30.418534,1785938250.418535,1.172109,0.14531338214874268,0.6476744413375854,0.27171793580055237,-0.6968294382095337,0.6194348335266113,0.34601980447769165,0.5402329564094543,-0.4524590075016022,78.172441,-75.815264,3.163241,-3.437554
2026-08-05T15:57:30.426097,1785938250.426097,1.179671,0.14507146179676056,0.6479582786560059,0.271467000246048,-0.6967138051986694,0.6194835305213928,0.3459877073764801,0.5403749346733093,-0.45224738121032715,78.238249,-75.887424,8.702355,-9.542270
2026-08-05T15:57:30.437610,1785938250.437611,1.189170,0.1445254385471344,0.6481425762176514,0.27099093794822693,-0.6968410611152649,0.6194826364517212,0.3462502360343933,0.5403961539268494,-0.45202234387397766,78.320885,-75.977382,8.699534,-9.470340
2026-08-05T15:57:30.487222,1785938250.487222,1.240796,0.14398182928562164,0.648356020450592,0.2706736922264099,-0.6968786120414734,0.6194990277290344,0.3466157019138336,0.5403722524642944,-0.45174822211265564,78.389023,-76.050172,1.319833,-1.409948
2026-08-05T15:57:30.493167,1785938250.493168,1.246742,0.14349935948848724,0.6486228704452515,0.2705104351043701,-0.6967929601669312,0.619594156742096,0.34686288237571716,0.5404529571533203,-0.45133113861083984,78.466588,-76.131839,13.045633,-13.735520
2026-08-05T15:57:30.504118,1785938250.504118,1.257692,0.14321060478687286,0.6489067673683167,0.2703705132007599,-0.6966423988342285,0.6196811199188232,0.34700945019721985,0.540626585483551,-0.45089077949523926,78.534735,-76.207762,6.223246,-6.933400
2026-08-05T15:57:30.518654,1785938250.518655,1.272229,0.14301876723766327,0.6491801738739014,0.27022191882133484,-0.6964846849441528,0.6197206974029541,0.347201406955719,0.5408115983009338,-0.4504668712615967,78.587318,-76.270734,3.617234,-4.331873
2026-08-05T15:57:30.535211,1785938250.535212,1.288459,0.14273053407669067,0.6495338082313538,0.2697906494140625,-0.6963813304901123,0.619748592376709,0.34748953580856323,0.5408359169960022,-0.4501771032810211,78.648779,-76.343687,3.786853,-4.494917
2026-08-05T15:57:30.542508,1785938250.542508,1.296082,0.14221510291099548,0.6499741077423096,0.2691265642642975,-0.6963330507278442,0.6197352409362793,0.3479257822036743,0.5407249927520752,-0.4499916434288025,78.725547,-76.431632,10.070246,-11.536416
2026-08-05T15:57:30.558431,1785938250.558431,1.312005,0.14155486226081848,0.6503996849060059,0.26841357350349426,-0.696345329284668,0.6197790503501892,0.34847575426101685,0.5404573678970337,-0.44982728362083435,78.809249,-76.522599,5.256871,-5.713131
2026-08-05T15:57:30.570466,1785938250.570467,1.323485,0.14079168438911438,0.650711178779602,0.2678064703941345,-0.6964429020881653,0.6199106574058533,0.34899166226387024,0.5401444435119629,-0.44962185621261597,78.903324,-76.618245,8.194616,-8.331454
2026-08-05T15:57:30.590490,1785938250.590490,1.342439,0.140535369515419,0.6511972546577454,0.26746392250061035,-0.6961716413497925,0.6200355291366577,0.3494201898574829,0.5399122834205627,-0.4493955075740814,78.942831,-76.663158,2.084352,-2.369629
2026-08-05T15:57:30.638113,1785938250.638114,1.391688,0.14049962162971497,0.6513527631759644,0.26737135648727417,-0.6960690021514893,0.620164692401886,0.34978803992271423,0.5398480296134949,-0.4490083158016205,78.959589,-76.686886,0.340285,-0.481791
2026-08-05T15:57:30.652760,1785938250.652761,1.405126,0.14057622849941254,0.6518083214759827,0.26731595396995544,-0.6956483125686646,0.6203912496566772,0.34987154603004456,0.5399739742279053,-0.44847846031188965,79.006547,-76.743943,3.494317,-4.245878
2026-08-05T15:57:30.667608,1785938250.667608,1.421182,0.1405244916677475,0.6520107984542847,0.26717451214790344,-0.6955233216285706,0.6206632256507874,0.34996405243873596,0.5400365591049194,-0.4479542672634125,79.068314,-76.813241,3.846952,-4.316003
2026-08-05T15:57:30.685079,1785938250.685080,1.437635,0.14029601216316223,0.6522714495658875,0.2668858468532562,-0.6954359412193298,0.6209042072296143,0.350210040807724,0.5400254130363464,-0.447441041469574,79.142316,-76.895515,4.497854,-5.000581
2026-08-05T15:57:30.702741,1785938250.702742,1.455674,0.13995742797851562,0.652532696723938,0.26646119356155396,-0.6954217553138733,0.6212015748023987,0.3504839539527893,0.5398693084716797,-0.44700196385383606,79.228781,-76.987531,4.793188,-5.100883
2026-08-05T15:57:30.711298,1785938250.711299,1.462839,0.1396971046924591,0.6526278853416443,0.26620641350746155,-0.6954824924468994,0.6215016841888428,0.3507158160209656,0.5397068858146667,-0.44659873843193054,79.295111,-77.055735,9.257469,-9.519218
2026-08-05T15:57:30.726874,1785938250.726875,1.480449,0.1396147608757019,0.6529080271720886,0.26588281989097595,-0.6953598856925964,0.6217947602272034,0.35088491439819336,0.5395262837409973,-0.44627630710601807,79.349570,-77.114997,3.092588,-3.365284
2026-08-05T15:57:30.737413,1785938250.737413,1.490988,0.1395217627286911,0.6531946659088135,0.265433132648468,-0.6952810883522034,0.6221000552177429,0.350939005613327,0.5393645763397217,-0.44600364565849304,79.419466,-77.190686,6.632220,-7.181911
2026-08-05T15:57:30.752830,1785938250.752831,1.506405,0.13917206227779388,0.6534824371337891,0.2646845877170563,-0.6953660249710083,0.6223223805427551,0.35106244683265686,0.5391203165054321,-0.4458918273448944,79.511472,-77.288853,5.967623,-6.367256
2026-08-05T15:57:30.769586,1785938250.769587,1.523161,0.13858501613140106,0.6537183523178101,0.2637503147125244,-0.695616602897644,0.6224091053009033,0.35139867663383484,0.5387150645256042,-0.44599542021751404,79.596983,-77.378618,5.103393,-5.357248
2026-08-05T15:57:30.787372,1785938250.787373,1.538878,0.13808318972587585,0.6539803743362427,0.26295456290245056,-0.6957712173461914,0.622403085231781,0.35179001092910767,0.5382934808731079,-0.44620439410209656,79.648943,-77.433495,3.305960,-3.491517
2026-08-05T15:57:30.802909,1785938250.802910,1.556484,0.13766427338123322,0.654188334941864,0.2623206377029419,-0.6958981156349182,0.622435450553894,0.3520449995994568,0.5379456877708435,-0.446377694606781,79.697540,-77.482931,2.760251,-2.807981
2026-08-05T15:57:30.820244,1785938250.820245,1.573819,0.13732707500457764,0.6543002128601074,0.2617653012275696,-0.6960686445236206,0.6224324703216553,0.35224369168281555,0.5376577973365784,-0.44657185673713684,79.733963,-77.520250,2.101172,-2.152811
2026-08-05T15:57:30.828562,1785938250.828562,1.582136,0.13691437244415283,0.654503583908081,0.2612137496471405,-0.6961659789085388,0.6224176287651062,0.35240206122398376,0.5375287532806396,-0.4466227889060974,79.793818,-77.584248,7.196231,-7.694399
2026-08-05T15:57:30.842444,1785938250.842444,1.596018,0.13662590086460114,0.6546517610549927,0.26090314984321594,-0.6961997747421265,0.6224308609962463,0.3524337708950043,0.5375074744224548,-0.44660505652427673,79.842856,-77.635568,3.532504,-3.696858
2026-08-05T15:57:30.852395,1785938250.852396,1.605970,0.13637617230415344,0.6548402905464172,0.26057830452919006,-0.6961932182312012,0.62238609790802,0.3525044620037079,0.5375126004219055,-0.44660553336143494,79.882981,-77.680209,4.031987,-4.485706
2026-08-05T15:57:30.870781,1785938250.870781,1.622338,0.13606955111026764,0.6550084948539734,0.2602664530277252,-0.6962114572525024,0.6222819685935974,0.3527032434940338,0.5374761819839478,-0.44663748145103455,79.911913,-77.713173,1.767559,-2.013912
2026-08-05T15:57:30.885584,1785938250.885584,1.639158,0.13558439910411835,0.655193567276001,0.2597648501396179,-0.6963193416595459,0.6222174763679504,0.35287418961524963,0.5373694896697998,-0.4467207193374634,79.969812,-77.773766,3.442241,-3.602428
2026-08-05T15:57:30.903846,1785938250.903847,1.657421,0.13496041297912598,0.655458390712738,0.2589750587940216,-0.6964854598045349,0.6221268177032471,0.35312628746032715,0.5371954441070557,-0.4468572437763214,80.048606,-77.858352,4.314513,-4.631718
2026-08-05T15:57:30.909312,1785938250.909312,1.662886,0.1341588944196701,0.6557286977767944,0.25811508297920227,-0.6967052221298218,0.6220335960388184,0.3534523546695709,0.5369660258293152,-0.4470047652721405,80.141593,-77.955473,17.012712,-17.769032
2026-08-05T15:57:30.953250,1785938250.953251,1.706825,0.13348209857940674,0.6560056209564209,0.2573056221008301,-0.6968739032745361,0.6219289302825928,0.35374295711517334,0.5367298126220703,-0.4472043216228485,80.217653,-78.035679,1.731067,-1.825412
2026-08-05T15:57:30.971393,1785938250.971393,1.724967,0.1329747885465622,0.6563574075698853,0.2566569745540619,-0.6968786120414734,0.6217592358589172,0.35404402017593384,0.5365505218505859,-0.4474170207977295,80.263835,-78.087273,2.545514,-2.843815
2026-08-05T15:57:30.987304,1785938250.987305,1.738719,0.13252441585063934,0.6564362049102783,0.2560967803001404,-0.6970964670181274,0.6215912699699402,0.35428786277770996,0.5364379286766052,-0.4475926458835602,80.303659,-78.131705,2.895884,-3.231005
2026-08-05T15:57:31.002588,1785938251.002589,1.756163,0.13201698660850525,0.6566737294197083,0.2555388808250427,-0.6971737742424011,0.6215275526046753,0.35433322191238403,0.536419689655304,-0.4476667046546936,80.379595,-78.211798,4.353298,-4.591565
2026-08-05T15:57:31.036150,1785938251.036819,1.788725,0.13152474164962769,0.6568068861961365,0.25498855113983154,-0.6973428130149841,0.6215246915817261,0.3543049991130829,0.5364646911621094,-0.44763898849487305,80.469229,-78.306191,2.752670,-2.898840
2026-08-05T15:57:31.051883,1785938251.051883,1.805458,0.13106943666934967,0.657021164894104,0.25449150800704956,-0.6974081993103027,0.6214938759803772,0.3543451726436615,0.5364943146705627,-0.4476143717765808,80.545778,-78.387879,4.574855,-4.881974
2026-08-05T15:57:31.059082,1785938251.059083,1.812657,0.13066764175891876,0.6569792032241821,0.2541954815387726,-0.6976309418678284,0.6214957237243652,0.35440361499786377,0.5365180373191833,-0.44753724336624146,80.604760,-78.448269,8.193023,-8.388635
2026-08-05T15:57:31.070746,1785938251.070746,1.821894,0.1306336224079132,0.6569263935089111,0.2543829381465912,-0.6976187825202942,0.6215337514877319,0.3543435335159302,0.5366459488868713,-0.44737863540649414,80.614924,-78.457109,1.100454,-0.957010
2026-08-05T15:57:31.086755,1785938251.086755,1.840329,0.1306433528661728,0.6565917730331421,0.25465574860572815,-0.6978325247764587,0.6217123866081238,0.35393157601356506,0.5370703935623169,-0.4469469487667084,80.669974,-78.512311,2.986059,-2.994343
2026-08-05T15:57:31.104126,1785938251.104126,1.856911,0.1308593451976776,0.656455934047699,0.2549821436405182,-0.6978007555007935,0.6220519542694092,0.35321757197380066,0.537605881690979,-0.44639524817466736,80.745272,-78.589330,4.541020,-4.644807
2026-08-05T15:57:31.119968,1785938251.119969,1.873001,0.1309703290462494,0.6563628315925598,0.254961222410202,-0.6978747844696045,0.622276246547699,0.35265597701072693,0.5379664897918701,-0.4460921883583069,80.816126,-78.664077,4.403585,-4.645491
2026-08-05T15:57:31.128485,1785938251.128486,1.882060,0.13074113428592682,0.656348705291748,0.2544558346271515,-0.6981157064437866,0.6223573684692383,0.3524969220161438,0.5379497408866882,-0.4461248815059662,80.884578,-78.735965,7.556425,-7.935764
2026-08-05T15:57:31.138168,1785938251.138168,1.891742,0.13031761348247528,0.6564072370529175,0.25371235609054565,-0.6984103322029114,0.6223992109298706,0.35253235697746277,0.5376462340354919,-0.44640445709228516,80.948950,-78.800299,6.648177,-6.644307
2026-08-05T15:57:31.151432,1785938251.151432,1.905006,0.12987014651298523,0.6563601493835449,0.25296592712402344,-0.6988085508346558,0.6224774122238159,0.35260334610939026,0.5372679829597473,-0.44669440388679504,81.011577,-78.860726,4.721576,-4.555719
2026-08-05T15:57:31.172407,1785938251.172407,1.924479,0.12961958348751068,0.6563683748245239,0.2524438202381134,-0.6990362405776978,0.622634768486023,0.3525523245334625,0.5369925498962402,-0.44684672355651855,81.065926,-78.912987,2.791023,-2.683737
2026-08-05T15:57:31.196868,1785938251.196868,1.950443,0.12948119640350342,0.6562159061431885,0.252096563577652,-0.69933021068573,0.6228676438331604,0.3523225486278534,0.5368981957435608,-0.4468165636062622,81.129458,-78.974812,2.446991,-2.381266
2026-08-05T15:57:31.215833,1785938251.215833,1.967383,0.12935875356197357,0.6561901569366455,0.2517642080783844,-0.6994968056678772,0.6231389045715332,0.3519531190395355,0.5369507074356079,-0.4466663897037506,81.215506,-79.061772,5.079542,-5.133431
2026-08-05T15:57:31.227484,1785938251.227485,1.978091,0.12935851514339447,0.6562104821205139,0.25153103470802307,-0.6995617151260376,0.6233593821525574,0.3516406714916229,0.5370227098464966,-0.4465181827545166,81.277333,-79.125919,5.773644,-5.990163
2026-08-05T15:57:31.240726,1785938251.240726,1.994301,0.1291952133178711,0.6561669707298279,0.2512352764606476,-0.6997388601303101,0.6235265135765076,0.3514365255832672,0.537045419216156,-0.4464183747768402,81.342995,-79.192597,4.050869,-4.113573
2026-08-05T15:57:31.250677,1785938251.250677,2.004251,0.12907759845256805,0.6561110019683838,0.25106576085090637,-0.6998739242553711,0.6237253546714783,0.35132506489753723,0.5369814038276672,-0.44630536437034607,81.389828,-79.237757,4.706365,-4.538301
2026-08-05T15:57:31.285500,1785938251.285501,2.039075,0.1290617436170578,0.6559252142906189,0.25105151534080505,-0.7000560164451599,0.6239809393882751,0.35112544894218445,0.5369758605957031,-0.4461117684841156,81.431358,-79.276111,1.192584,-1.101390
2026-08-05T15:57:31.302869,1785938251.302870,2.055295,0.12909771502017975,0.6559270620346069,0.251062273979187,-0.7000437378883362,0.624294638633728,0.35083577036857605,0.5371160507202148,-0.445732057094574,81.494012,-79.339704,3.862715,-3.920594
2026-08-05T15:57:31.319541,1785938251.319541,2.072487,0.12915802001953125,0.6559360027313232,0.25109973549842834,-0.7000107169151306,0.6246553063392639,0.35037052631378174,0.5373842716217041,-0.44526907801628113,81.576326,-79.423923,4.788041,-4.898797
2026-08-05T15:57:31.335702,1785938251.335702,2.089276,0.1291320025920868,0.6560181379318237,0.25099796056747437,-0.6999750733375549,0.624928891658783,0.35005149245262146,0.5375557541847229,-0.44492900371551514,81.651203,-79.501603,4.459821,-4.626771
2026-08-05T15:57:31.351496,1785938251.351497,2.105071,0.12899048626422882,0.6560184955596924,0.2508612871170044,-0.7000498175621033,0.6250284314155579,0.35007694363594055,0.5375862121582031,-0.4447322189807892,81.691347,-79.544033,2.541574,-2.686305
2026-08-05T15:57:31.368799,1785938251.368799,2.122373,0.12885719537734985,0.6560766100883484,0.250774621963501,-0.7000510096549988,0.625151515007019,0.35013896226882935,0.5375626683235168,-0.44453874230384827,81.725303,-79.578780,1.962493,-2.008265
2026-08-05T15:57:31.394916,1785938251.394917,2.146471,0.12868790328502655,0.6561623215675354,0.2506399154663086,-0.7000501751899719,0.6253402233123779,0.35001757740974426,0.5376732349395752,-0.4442349672317505,81.793401,-79.649384,2.825961,-2.929923
2026-08-05T15:57:31.418573,1785938251.418573,2.172148,0.12856869399547577,0.6563466191291809,0.2504056990146637,-0.6999829411506653,0.6255876421928406,0.34979867935180664,0.5378764271736145,-0.4438130259513855,81.884748,-79.747628,3.557541,-3.826155
2026-08-05T15:57:31.425491,1785938251.425492,2.179066,0.12846043705940247,0.6564745306968689,0.25018325448036194,-0.6999624967575073,0.6258248090744019,0.34962528944015503,0.5380124449729919,-0.44345030188560486,81.964279,-79.832471,11.495089,-12.262989
2026-08-05T15:57:31.435850,1785938251.435850,2.189425,0.12818850576877594,0.6566001772880554,0.24984584748744965,-0.700015127658844,0.6260009407997131,0.3495960235595703,0.538053035736084,-0.44317543506622314,82.045217,-79.917816,7.813828,-8.239291
2026-08-05T15:57:31.451935,1785938251.451936,2.205510,0.1279577761888504,0.6567564606666565,0.24960985779762268,-0.6999950408935547,0.6261643171310425,0.3496397137641907,0.5380319356918335,-0.4429357945919037,82.106161,-79.981312,3.788846,-3.947445
2026-08-05T15:57:31.470720,1785938251.470721,2.224295,0.12776055932044983,0.6568456888198853,0.2493402063846588,-0.7000433802604675,0.6263102293014526,0.3496934175491333,0.5379761457443237,-0.4427548944950104,82.158942,-80.036536,2.809730,-2.939788
2026-08-05T15:57:31.478861,1785938251.478861,2.232435,0.12754778563976288,0.6569254994392395,0.2490953654050827,-0.7000943422317505,0.6264591813087463,0.3496837019920349,0.5380203127861023,-0.44249799847602844,82.223558,-80.104788,7.937344,-8.383975
2026-08-05T15:57:31.497012,1785938251.497012,2.250586,0.127311110496521,0.6569856405258179,0.24892742931842804,-0.7001407146453857,0.6266710758209229,0.34948962926864624,0.5381396412849426,-0.44220611453056335,82.305828,-80.188274,4.532575,-4.599603
2026-08-05T15:57:31.514036,1785938251.514037,2.267611,0.12714865803718567,0.6570247411727905,0.2488597184419632,-0.7001575827598572,0.6268738508224487,0.34922119975090027,0.5383446216583252,-0.441881000995636,82.383157,-80.267198,4.542132,-4.635810
2026-08-05T15:57:31.528693,1785938251.528693,2.282267,0.12709851562976837,0.6570976972579956,0.24880221486091614,-0.7001186609268188,0.6269761323928833,0.34908050298690796,0.5384737849235535,-0.44168978929519653,82.424099,-80.310739,2.793522,-2.970869
2026-08-05T15:57:31.546451,1785938251.546452,2.300026,0.12689770758152008,0.6570807695388794,0.24875038862228394,-0.7001892924308777,0.6270133256912231,0.3490351140499115,0.5385229587554932,-0.44161292910575867,82.458038,-80.343562,1.911132,-1.848243
2026-08-05T15:57:31.555085,1785938251.555085,2.307776,0.12654009461402893,0.6570292115211487,0.24854853749275208,-0.700374186038971,0.6270167231559753,0.3489902913570404,0.5385839939117432,-0.44156894087791443,82.512610,-80.397635,7.041239,-6.976956
2026-08-05T15:57:31.570705,1785938251.570706,2.323408,0.12608720362186432,0.6571124196052551,0.24825519323349,-0.7004818320274353,0.6270534992218018,0.3488575518131256,0.538731038570404,-0.4414422810077667,82.599497,-80.486188,5.558307,-5.664854
2026-08-05T15:57:31.578429,1785938251.578430,2.332004,0.1257006675004959,0.6570804715156555,0.2480885237455368,-0.7006403803825378,0.6270991563796997,0.3486255407333374,0.5389599800109863,-0.4412812888622284,82.682124,-80.569391,9.612684,-9.679648
2026-08-05T15:57:31.611115,1785938251.611115,2.364689,0.12540070712566376,0.6571252942085266,0.24799443781375885,-0.700685441493988,0.6270884275436401,0.34844473004341125,0.5391636490821838,-0.4411905109882355,82.740497,-80.628420,1.785896,-1.805989
2026-08-05T15:57:31.620321,1785938251.620322,2.373896,0.12499450892210007,0.6570837497711182,0.24784842133522034,-0.7008485198020935,0.6270005702972412,0.34835612773895264,0.5393169522285461,-0.44119787216186523,82.792833,-80.680185,5.684499,-5.622500
2026-08-05T15:57:31.637618,1785938251.637618,2.390801,0.12448757886886597,0.6571438908576965,0.24762146174907684,-0.7009625434875488,0.6268174052238464,0.3483796715736389,0.5394170880317688,-0.441317081451416,82.839253,-80.726413,2.745959,-2.734540
2026-08-05T15:57:31.653787,1785938251.653787,2.407361,0.12377819418907166,0.6572310328483582,0.2472849190235138,-0.7011252045631409,0.6266295313835144,0.3484376072883606,0.5395353436470032,-0.44139352440834045,82.913074,-80.800388,4.457670,-4.466990
2026-08-05T15:57:31.670013,1785938251.670013,2.423588,0.1231808066368103,0.6571325063705444,0.24715040624141693,-0.701370120048523,0.6264290809631348,0.34847116470336914,0.5397568941116333,-0.4413808286190033,82.970169,-80.857262,3.518660,-3.505075
2026-08-05T15:57:31.711901,1785938251.711902,2.465476,0.12279633432626724,0.6571733951568604,0.24734191596508026,-0.7013317346572876,0.6263027787208557,0.3483331501483917,0.540142834186554,-0.44119691848754883,83.018583,-80.905384,1.155796,-1.148815
2026-08-05T15:57:31.758706,1785938251.758706,2.512280,0.1226491630077362,0.6569889783859253,0.24768134951591492,-0.7014105319976807,0.6262577772140503,0.34803083539009094,0.5406678915023804,-0.4408561885356903,83.062049,-80.949962,0.928664,-0.952421
2026-08-05T15:57:31.786648,1785938251.788663,2.540223,0.1223754733800888,0.6570152640342712,0.24789182841777802,-0.7013592720031738,0.6262151002883911,0.34769728779792786,0.5411777496337891,-0.4405541718006134,83.127835,-81.017408,2.354368,-2.413777
2026-08-05T15:57:31.809168,1785938251.809168,2.561912,0.12186460942029953,0.6570209264755249,0.24770475924015045,-0.7015090584754944,0.6261298060417175,0.3475320339202881,0.5415104031562805,-0.440397173166275,83.214155,-81.106656,3.979825,-4.114822
2026-08-05T15:57:31.817008,1785938251.817008,2.570583,0.12111495435237885,0.6571938395500183,0.24714972078800201,-0.7016726136207581,0.6259604692459106,0.3475956916809082,0.5416499972343445,-0.44041576981544495,83.312275,-81.209550,11.316417,-11.867048
2026-08-05T15:57:31.842760,1785938251.842761,2.596335,0.12041857838630676,0.6572184562683105,0.246695876121521,-0.7019291520118713,0.6257991790771484,0.34771713614463806,0.5417261719703674,-0.4404555857181549,83.390371,-81.289796,3.032583,-3.116075
2026-08-05T15:57:31.852234,1785938251.852235,2.605809,0.11987747997045517,0.6573092341423035,0.2463388293981552,-0.70206218957901,0.6257382035255432,0.347714900970459,0.541803777217865,-0.4404486119747162,83.465538,-81.366253,7.934257,-8.070310
2026-08-05T15:57:31.867970,1785938251.867970,2.621544,0.11969854682683945,0.6573227643966675,0.24627043306827545,-0.7021040916442871,0.6257438063621521,0.3475891053676605,0.5419256687164307,-0.4403897523880005,83.503255,-81.404289,2.396940,-2.417265
2026-08-05T15:57:31.883554,1785938251.883554,2.637128,0.11962676048278809,0.6572337746620178,0.24625587463378906,-0.7022045850753784,0.6257914304733276,0.3473344147205353,0.5421451926231384,-0.44025304913520813,83.545082,-81.447444,2.683994,-2.769184
2026-08-05T15:57:31.892405,1785938251.892405,2.645979,0.11944863945245743,0.6573000550270081,0.24581529200077057,-0.7023272514343262,0.6259149312973022,0.3469909429550171,0.5423361659049988,-0.44011300802230835,83.637190,-81.545907,10.406440,-11.124458
2026-08-05T15:57:31.906110,1785938251.906110,2.659684,0.11909876018762589,0.6574211120605469,0.24523219466209412,-0.7024772763252258,0.6259973645210266,0.3467426896095276,0.5423486828804016,-0.4401760995388031,83.728798,-81.640445,6.684112,-6.897877
2026-08-05T15:57:31.916912,1785938251.916913,2.670487,0.11882608383893967,0.6574699878692627,0.24473439157009125,-0.7026512026786804,0.6260260343551636,0.3467708230018616,0.5421301126480103,-0.44038212299346924,83.768947,-81.680296,3.716651,-3.689052
2026-08-05T15:57:31.933581,1785938251.933581,2.687155,0.11883415281772614,0.6575615406036377,0.24455557763576508,-0.7026265263557434,0.6260696649551392,0.34681928157806396,0.5418938994407654,-0.4405726492404938,83.761724,-81.670942,-0.433322,0.561159
2026-08-05T15:57:31.950369,1785938251.950370,2.703944,0.11895068734884262,0.6575740575790405,0.24447603523731232,-0.7026225924491882,0.6261558532714844,0.34675276279449463,0.5417487025260925,-0.4406811594963074,83.754895,-81.662312,-0.406798,0.514050
2026-08-05T15:57:31.967162,1785938251.967162,2.720736,0.11902369558811188,0.6575506329536438,0.24447879195213318,-0.7026313543319702,0.6263279914855957,0.34653395414352417,0.5417464375495911,-0.44061118364334106,83.777237,-81.682646,1.330510,-1.210910
2026-08-05T15:57:31.983780,1785938251.983781,2.737355,0.11909560114145279,0.6577637791633606,0.2443183809518814,-0.7024755477905273,0.6265782713890076,0.34618043899536133,0.5418780446052551,-0.4403713345527649,83.841707,-81.751133,3.879377,-4.121080
2026-08-05T15:57:31.993202,1785938251.993203,2.746777,0.118962362408638,0.6579124331474304,0.24392852187156677,-0.7024943232536316,0.626792311668396,0.34583601355552673,0.5420394539833069,-0.4401387572288513,83.937739,-81.853081,10.192500,-10.820444
2026-08-05T15:57:32.010099,1785938252.010099,2.763674,0.1185947135090828,0.6580122113227844,0.24342113733291626,-0.7026389241218567,0.6268896460533142,0.3457130193710327,0.5421125292778015,-0.44000688195228577,84.032212,-81.952649,5.591183,-5.892733
2026-08-05T15:57:32.025238,1785938252.025239,2.778813,0.11791174113750458,0.6580370664596558,0.24288563430309296,-0.7029159069061279,0.6269519925117493,0.34572041034698486,0.5420588850975037,-0.4399782419204712,84.136409,-82.056020,6.882628,-6.828088
2026-08-05T15:57:32.036256,1785938252.036257,2.789831,0.11786528676748276,0.6581591963768005,0.24279627203941345,-0.7028403282165527,0.627044677734375,0.34575745463371277,0.5419876575469971,-0.4399047791957855,84.153898,-82.073970,1.587301,-1.629175
2026-08-05T15:57:32.041621,1785938252.041622,2.795196,0.11810333281755447,0.6580819487571716,0.24305059015750885,-0.7027846574783325,0.6271671652793884,0.3456256091594696,0.5420530438423157,-0.43975308537483215,84.141415,-82.060159,-2.326665,2.574266
2026-08-05T15:57:32.058587,1785938252.058587,2.812161,0.11830861866474152,0.6580391526222229,0.2434319108724594,-0.7026582360267639,0.627270519733429,0.3454190492630005,0.5422887802124023,-0.4394772946834564,84.140571,-82.059009,-0.049715,0.067813
2026-08-05T15:57:32.100441,1785938252.100441,2.854015,0.11840386688709259,0.6580060720443726,0.24355989694595337,-0.7026286721229553,0.6275108456611633,0.34493473172187805,0.5426536798477173,-0.4390643537044525,84.206702,-82.127800,1.580042,-1.643603
2026-08-05T15:57:32.118051,1785938252.118052,2.871626,0.11842750757932663,0.6580004692077637,0.2435787171125412,-0.7026234269142151,0.627780020236969,0.3444063365459442,0.5430050492286682,-0.43865931034088135,84.291075,-82.214974,4.791024,-4.950110
2026-08-05T15:57:32.136891,1785938252.136891,2.887833,0.11834578961133957,0.658079981803894,0.2435074746608734,-0.7025874853134155,0.6278534531593323,0.3442314565181732,0.5431892275810242,-0.43846356868743896,84.338458,-82.265687,2.923476,-3.128927
2026-08-05T15:57:32.151893,1785938252.151894,2.905468,0.1181924119591713,0.6581017374992371,0.24349483847618103,-0.7025973796844482,0.627862274646759,0.34421128034591675,0.5431844592094421,-0.43847277760505676,84.355241,-82.280228,0.951732,-0.824600
2026-08-05T15:57:32.163322,1785938252.163323,2.916897,0.11825638264417648,0.6581818461418152,0.24361999332904816,-0.7024681568145752,0.6279427409172058,0.3440685570240021,0.5432789921760559,-0.4383522868156433,84.366660,-82.291394,0.999142,-0.976936
2026-08-05T15:57:32.182109,1785938252.182109,2.935683,0.1183316707611084,0.6583465337753296,0.24363704025745392,-0.7022951245307922,0.6280750632286072,0.34381234645843506,0.5434376001358032,-0.43816718459129333,84.401978,-82.329175,1.879973,-2.011125
2026-08-05T15:57:32.196918,1785938252.196919,2.949801,0.11804302781820297,0.6585425138473511,0.24325086176395416,-0.7022939324378967,0.6281690001487732,0.3436198830604553,0.5435144305229187,-0.43808797001838684,84.483297,-82.413833,5.760093,-5.996568
2026-08-05T15:57:32.203440,1785938252.203441,2.957015,0.1173534244298935,0.6588678956031799,0.2426130175590515,-0.7023248672485352,0.6281625032424927,0.34371137619018555,0.5434333086013794,-0.4381265342235565,84.583421,-82.516406,13.879351,-14.218955
2026-08-05T15:57:32.221053,1785938252.221053,2.974627,0.1165751963853836,0.6590352654457092,0.24204812943935394,-0.7024922966957092,0.6280895471572876,0.34396687150001526,0.5433236360549927,-0.4381664991378784,84.669126,-82.602922,4.866234,-4.912240
2026-08-05T15:57:32.237168,1785938252.237168,2.990742,0.11616529524326324,0.6591774225234985,0.2418949455022812,-0.7024796009063721,0.6279742121696472,0.34425362944602966,0.5432618260383606,-0.4381831884384155,84.690382,-82.624223,1.319050,-1.321840
2026-08-05T15:57:32.251426,1785938252.251427,3.005001,0.11598724871873856,0.6593795418739319,0.24195851385593414,-0.7022975087165833,0.6278827786445618,0.3443889319896698,0.5433095693588257,-0.4381485879421234,84.694063,-82.628279,0.258099,-0.284416
2026-08-05T15:57:32.253764,1785938252.253765,3.007339,0.11581790447235107,0.6596106290817261,0.24202248454093933,-0.702086329460144,0.6278299689292908,0.34437423944473267,0.5435600280761719,-0.4379253387451172,84.727484,-82.665896,14.295192,-16.089778
2026-08-05T15:57:32.270179,1785938252.270179,3.023753,0.11540640890598297,0.6597927808761597,0.24191027879714966,-0.7020217180252075,0.6277911067008972,0.3442763090133667,0.5438729524612427,-0.43766942620277405,84.805344,-82.748102,4.743456,-5.008277
2026-08-05T15:57:32.297207,1785938252.297208,3.050782,0.11491840332746506,0.6598919630050659,0.24181586503982544,-0.7020410895347595,0.6276934146881104,0.34433513879776,0.5440752506256104,-0.43751174211502075,84.864678,-82.809160,2.195232,-2.258987
2026-08-05T15:57:32.313617,1785938252.313618,3.067192,0.11440000683069229,0.6602270007133484,0.24150289595127106,-0.7019185423851013,0.6275354623794556,0.3445206582546234,0.5441840887069702,-0.4374569356441498,84.922701,-82.872438,3.535859,-3.856093
2026-08-05T15:57:32.330502,1785938252.330503,3.084077,0.11410746723413467,0.6603192687034607,0.24148966372013092,-0.7018836736679077,0.6273992657661438,0.34471920132637024,0.544230043888092,-0.43743884563446045,84.932919,-82.883154,0.605153,-0.634663
2026-08-05T15:57:32.346821,1785938252.346822,3.100396,0.1138884648680687,0.6605533957481384,0.24155333638191223,-0.701677143573761,0.6272299289703369,0.34497901797294617,0.5442771911621094,-0.43741801381111145,84.926688,-82.878473,-0.381820,0.286838
2026-08-05T15:57:32.363325,1785938252.363326,3.116900,0.11372411251068115,0.6607880592346191,0.24161116778850555,-0.7014628648757935,0.6271669268608093,0.3450373709201813,0.5444200038909912,-0.43728452920913696,84.945711,-82.899870,1.152608,-1.296454
2026-08-05T15:57:32.379820,1785938252.379820,3.131720,0.11356286704540253,0.6609812378883362,0.2417236864566803,-0.7012682557106018,0.627196729183197,0.34498128294944763,0.5446417331695557,-0.4370099604129791,84.984910,-82.941201,2.645011,-2.788861
2026-08-05T15:57:32.420874,1785938252.420875,3.174449,0.11329428851604462,0.6613193154335022,0.2416093349456787,-0.701032280921936,0.6271792650222778,0.34497857093811035,0.544806182384491,-0.43683212995529175,85.036790,-82.997350,1.214170,-1.314068
2026-08-05T15:57:32.437800,1785938252.437801,3.191375,0.112807996571064,0.6615674495697021,0.24143394827842712,-0.7009369730949402,0.6270976662635803,0.34517934918403625,0.5449026823043823,-0.4366702139377594,85.091562,-83.055264,3.235964,-3.421579
2026-08-05T15:57:32.454836,1785938252.456280,3.208411,0.1122673749923706,0.6618342399597168,0.24138833582401276,-0.7007875442504883,0.6270231604576111,0.3454788029193878,0.544925332069397,-0.4365121126174927,85.134347,-83.097732,2.511388,-2.492808
2026-08-05T15:57:32.464462,1785938252.464463,3.218037,0.1118319183588028,0.6620500087738037,0.24162960052490234,-0.700570285320282,0.6269793510437012,0.3456663489341736,0.5450878143310547,-0.436223566532135,85.169157,-83.130648,3.616396,-3.419672
2026-08-05T15:57:32.483514,1785938252.483514,3.235297,0.11143384128808975,0.6621076464653015,0.24206139147281647,-0.7004302740097046,0.6269420981407166,0.3458538055419922,0.5453553795814514,-0.4357938766479492,85.198222,-83.157406,1.683883,-1.550199
2026-08-05T15:57:32.504725,1785938252.506508,3.258299,0.11093774437904358,0.6620286703109741,0.24268054962158203,-0.7003692388534546,0.6269472241401672,0.3458864390850067,0.5457758903503418,-0.4352337121963501,85.248195,-83.201941,2.172558,-1.936167
2026-08-05T15:57:32.522879,1785938252.522880,3.276454,0.110545314848423,0.6617653369903564,0.24362298846244812,-0.7003530859947205,0.6269436478614807,0.34580492973327637,0.5463913679122925,-0.43453094363212585,85.286510,-83.233427,2.110441,-1.734308
2026-08-05T15:57:32.538273,1785938252.538273,3.291847,0.11018817871809006,0.661476731300354,0.24469095468521118,-0.7003096342086792,0.6269189119338989,0.34558185935020447,0.5472227334976196,-0.43369707465171814,85.335525,-83.277551,3.184183,-2.866395
2026-08-05T15:57:32.548076,1785938252.548076,3.301651,0.11009158194065094,0.6611731052398682,0.24579574167728424,-0.7002245783805847,0.6268180012702942,0.3451921045780182,0.5482118725776672,-0.43290361762046814,85.365805,-83.307181,3.088779,-3.022535
2026-08-05T15:57:32.565244,1785938252.565244,3.318818,0.11018875986337662,0.6610922813415527,0.2466164082288742,-0.6999970078468323,0.6266240477561951,0.3447200357913971,0.5492846369743347,-0.4321998357772827,85.395724,-83.345611,1.742767,-2.238510
2026-08-05T15:57:32.587647,1785938252.587648,3.340314,0.11017707735300064,0.660984992980957,0.24704359471797943,-0.6999495029449463,0.626391589641571,0.3441888988018036,0.5503000020980835,-0.431668221950531,85.451160,-83.412162,2.578913,-3.095984
2026-08-05T15:57:32.600737,1785938252.600737,3.354311,0.10999637842178345,0.6609815359115601,0.24704509973526,-0.699980616569519,0.6261887550354004,0.34377235174179077,0.5509865283966064,-0.43141862750053406,85.519177,-83.489492,4.859261,-5.524641
2026-08-05T15:57:32.618112,1785938252.618113,3.371687,0.10978608578443527,0.6610705852508545,0.24689613282680511,-0.699982225894928,0.6260383725166321,0.34362828731536865,0.5513169169425964,-0.4313298165798187,85.565573,-83.542319,2.670244,-3.040341
2026-08-05T15:57:32.633868,1785938252.633868,3.387443,0.1097012385725975,0.661147952079773,0.2465970516204834,-0.7000278830528259,0.6260671019554138,0.3435204327106476,0.5513591170310974,-0.43132010102272034,85.605429,-83.586225,2.529579,-2.786661
2026-08-05T15:57:32.649865,1785938252.649866,3.403440,0.1098083034157753,0.6613430380821228,0.24629101157188416,-0.6999346017837524,0.6262516379356384,0.34332963824272156,0.5512882471084595,-0.43129485845565796,85.641857,-83.626036,2.277122,-2.488607
2026-08-05T15:57:32.663011,1785938252.663011,3.416585,0.1099422350525856,0.6614426374435425,0.24595016241073608,-0.6999392509460449,0.6264739036560059,0.3431522250175476,0.5511549711227417,-0.4312834143638611,85.675812,-83.662685,2.583113,-2.787965
2026-08-05T15:57:32.679032,1785938252.679032,3.432606,0.11013368517160416,0.6616696715354919,0.2456396073102951,-0.6998035907745361,0.6266332864761353,0.34309861063957214,0.550877571105957,-0.43144887685775757,85.676162,-83.663914,0.021855,-0.076751
2026-08-05T15:57:32.696403,1785938252.696404,3.449978,0.11024853587150574,0.6619510054588318,0.24521809816360474,-0.6996673941612244,0.6267152428627014,0.3432134985923767,0.5505366921424866,-0.43167340755462646,85.670080,-83.660393,-0.350121,0.202726
2026-08-05T15:57:32.712648,1785938252.712648,3.466222,0.11032617092132568,0.6620945930480957,0.2448890656232834,-0.6996344327926636,0.6268722414970398,0.3432841897010803,0.5502090454101562,-0.43180713057518005,85.673450,-83.663802,0.207452,-0.209862
2026-08-05T15:57:32.729085,1785938252.729085,3.482659,0.11010419577360153,0.6622717976570129,0.2443506419658661,-0.6996899247169495,0.6271843910217285,0.3432736396789551,0.5499575734138489,-0.43168261647224426,85.752936,-83.744919,4.835796,-4.935026
2026-08-05T15:57:32.738263,1785938252.738263,3.489790,0.10983500629663467,0.6624080538749695,0.24401520192623138,-0.6997203826904297,0.6275879144668579,0.3432292342185974,0.5496718287467957,-0.43149521946907043,85.833630,-83.821833,11.316101,-10.786075
2026-08-05T15:57:32.753696,1785938252.753697,3.507271,0.10967596620321274,0.6626697778701782,0.243705153465271,-0.6996055841445923,0.6279557347297668,0.3432066738605499,0.5494336485862732,-0.4312812089920044,85.902990,-83.890411,3.967856,-3.923081
2026-08-05T15:57:32.770363,1785938252.770364,3.523029,0.10962922871112823,0.6628439426422119,0.24354219436645508,-0.6995044350624084,0.6281766295433044,0.3432295620441437,0.5492794513702393,-0.4311378598213196,85.936807,-83.924351,2.145943,-2.153803
2026-08-05T15:57:32.781110,1785938252.781110,3.534684,0.10957176983356476,0.6630532741546631,0.24342095851898193,-0.6993573904037476,0.6282516717910767,0.3433522880077362,0.5491053462028503,-0.43115234375,85.943010,-83.930145,0.532246,-0.497122
2026-08-05T15:57:32.789488,1785938252.789489,3.543063,0.10937073081731796,0.6632823944091797,0.24331507086753845,-0.6992083787918091,0.6281871795654297,0.34357085824012756,0.5490380525588989,-0.4311579763889313,85.950498,-83.938955,0.893653,-1.051533
2026-08-05T15:57:32.802245,1785938252.802246,3.555820,0.10907857120037079,0.663442075252533,0.24336086213588715,-0.6990865468978882,0.6281416416168213,0.34375059604644775,0.5490972399711609,-0.431005597114563,85.972998,-83.961737,1.763786,-1.785824
2026-08-05T15:57:32.811998,1785938252.811999,3.564121,0.10885438323020935,0.6634809970855713,0.24354422092437744,-0.6990208029747009,0.6282021999359131,0.34370484948158264,0.5493459701538086,-0.4306369125843048,86.019394,-84.008789,5.589311,-5.668363
2026-08-05T15:57:32.861250,1785938252.861251,3.614825,0.10879220068454742,0.6636165976524353,0.2438596487045288,-0.6987917423248291,0.6282401084899902,0.343657523393631,0.5496572256088257,-0.4302217960357666,86.046136,-84.037982,0.527404,-0.575746
2026-08-05T15:57:32.876891,1785938252.876891,3.629876,0.10875002294778824,0.6637158393859863,0.2441193163394928,-0.6986132264137268,0.6282906532287598,0.3435051143169403,0.5500363111495972,-0.4297850728034973,86.085536,-84.081239,2.617745,-2.873977
2026-08-05T15:57:32.903285,1785938252.903286,3.656344,0.10861929506063461,0.6638614535331726,0.2442290484905243,-0.6984570026397705,0.6282623410224915,0.34336143732070923,0.5503921508789062,-0.4294857084751129,86.129121,-84.129304,1.646711,-1.815964
2026-08-05T15:57:32.917308,1785938252.917308,3.670882,0.10840161889791489,0.6639569401741028,0.24422940611839294,-0.6983998417854309,0.6281759738922119,0.34325215220451355,0.5506901144981384,-0.4293174743652344,86.171897,-84.175716,2.942275,-3.192377
2026-08-05T15:57:32.924937,1785938252.924937,3.678511,0.10812496393918991,0.6640463471412659,0.2439941167831421,-0.6984400153160095,0.6280569434165955,0.3432939052581787,0.5508924722671509,-0.429198682308197,86.217888,-84.228309,6.028401,-6.893875
2026-08-05T15:57:32.938281,1785938252.938282,3.691856,0.10787520557641983,0.6641375422477722,0.2437727302312851,-0.6984692811965942,0.6279880404472351,0.3432528078556061,0.5510365962982178,-0.42914724349975586,86.263231,-84.277589,3.397865,-3.692887
2026-08-05T15:57:32.951347,1785938252.951347,3.704921,0.1076238825917244,0.6641970276832581,0.24364379048347473,-0.698496401309967,0.6280174255371094,0.34316715598106384,0.5511474609375,-0.4290303885936737,86.314362,-84.329794,3.913416,-3.995648
2026-08-05T15:57:32.959905,1785938252.959905,3.713480,0.10762327164411545,0.6642895340919495,0.24374274909496307,-0.6983739733695984,0.6280776262283325,0.3430371880531311,0.5511990189552307,-0.42898011207580566,86.325931,-84.339557,1.351924,-1.140820
2026-08-05T15:57:32.975369,1785938252.975369,3.728944,0.1077762097120285,0.6643286943435669,0.24395155906677246,-0.6982401609420776,0.6280836462974548,0.3429361879825592,0.5512632131576538,-0.4289694130420685,86.307671,-84.319921,-1.180830,1.269839
2026-08-05T15:57:32.982959,1785938252.982959,3.736533,0.10811634361743927,0.6643062829971313,0.2443225383758545,-0.6980791687965393,0.6280604600906372,0.34278422594070435,0.5514254570007324,-0.42891645431518555,86.267360,-84.279419,-5.311313,5.336448
2026-08-05T15:57:33.001108,1785938253.001109,3.754683,0.10830610245466232,0.6642539501190186,0.24458450078964233,-0.6980078816413879,0.6281219124794006,0.34247806668281555,0.5517017245292664,-0.4287154972553253,86.276454,-84.289392,0.501009,-0.549474
2026-08-05T15:57:33.018236,1785938253.018237,3.771811,0.10827134549617767,0.6641419529914856,0.2447146773338318,-0.6980742812156677,0.6282796859741211,0.3421010673046112,0.5520015954971313,-0.4283992350101471,86.333526,-84.346626,3.332177,-3.341582
2026-08-05T15:57:33.050771,1785938253.050771,3.804345,0.10822205990552902,0.6640304923057556,0.24486643075942993,-0.6981347799301147,0.6285108327865601,0.34171488881111145,0.5522897243499756,-0.4279966950416565,86.400720,-84.413398,2.065290,-2.052348
2026-08-05T15:57:33.069736,1785938253.069736,3.821291,0.10820368677377701,0.6638526916503906,0.24502015113830566,-0.6982526779174805,0.6288076639175415,0.34125471115112305,0.5525907278060913,-0.4275394380092621,86.477010,-84.488985,4.501987,-4.460513
2026-08-05T15:57:33.083778,1785938253.083778,3.837353,0.10834702849388123,0.6635903120040894,0.24529866874217987,-0.6983820796012878,0.6291238069534302,0.3408133089542389,0.5528441667556763,-0.4270985424518585,86.526275,-84.536295,3.067333,-2.945560
2026-08-05T15:57:33.092925,1785938253.092925,3.846499,0.1085263267159462,0.6633315682411194,0.2455414980649948,-0.6985146999359131,0.6294044852256775,0.34040242433547974,0.5530795454978943,-0.4267077147960663,86.566692,-84.575645,4.418926,-4.302199
2026-08-05T15:57:33.106151,1785938253.106152,3.859726,0.10875248163938522,0.6630421876907349,0.24582193791866302,-0.6986557245254517,0.6296318769454956,0.340018093585968,0.5532386898994446,-0.42647212743759155,86.582812,-84.588447,1.218719,-0.967900
2026-08-05T15:57:33.116403,1785938253.116404,3.869978,0.10894761234521866,0.6627331376075745,0.2459554523229599,-0.6988714933395386,0.629891037940979,0.33951789140701294,0.5534244179725647,-0.4262468218803406,86.621465,-84.624925,3.770198,-3.558044
2026-08-05T15:57:33.138175,1785938253.138176,3.891750,0.10906272381544113,0.6624095439910889,0.24594064056873322,-0.699165403842926,0.6301290392875671,0.3390069901943207,0.5535845160484314,-0.42609378695487976,86.671626,-84.673362,2.303912,-2.224738
2026-08-05T15:57:33.159695,1785938253.159695,3.907587,0.10916830599308014,0.6621430516242981,0.24580837786197662,-0.699447751045227,0.6303826570510864,0.33846789598464966,0.553671658039093,-0.4260341227054596,86.726100,-84.725760,3.439587,-3.308517
2026-08-05T15:57:33.169887,1785938253.169887,3.923461,0.1092909723520279,0.6618004441261292,0.24570006132125854,-0.699790894985199,0.63060063123703,0.3379952907562256,0.5536528825759888,-0.4261108934879303,86.758174,-84.753115,2.020588,-1.723287
2026-08-05T15:57:33.231178,1785938253.231178,3.984752,0.10955346375703812,0.6614978909492493,0.24561302363872528,-0.7000662684440613,0.63081955909729,0.33748844265937805,0.5536551475524902,-0.4261856973171234,86.779178,-84.771056,0.342685,-0.292717
2026-08-05T15:57:33.251176,1785938253.251177,4.004751,0.1098819151520729,0.6611886024475098,0.24561014771461487,-0.7003079652786255,0.6310905814170837,0.3368263244628906,0.5537024140357971,-0.4262470006942749,86.804079,-84.791299,1.245168,-1.012210
2026-08-05T15:57:33.269488,1785938253.269489,4.023063,0.11018095910549164,0.6607993841171265,0.2455335408449173,-0.7006550431251526,0.6313538551330566,0.3360963761806488,0.5537729859352112,-0.426341712474823,86.838511,-84.821200,1.880251,-1.632876
2026-08-05T15:57:33.284514,1785938253.284515,4.038089,0.11040814220905304,0.6605485081672668,0.24544769525527954,-0.700886070728302,0.6315380930900574,0.33552131056785583,0.5537388324737549,-0.42656591534614563,86.855303,-84.832208,1.117530,-0.732573
2026-08-05T15:57:33.303937,1785938253.303938,4.057512,0.11048122495412827,0.6600884795188904,0.24526222050189972,-0.7013728022575378,0.6317088603973389,0.33503401279449463,0.5536496639251709,-0.42681166529655457,86.881237,-84.851084,1.335235,-0.971866
2026-08-05T15:57:33.319460,1785938253.319460,4.073034,0.1106724962592125,0.6598256230354309,0.24518249928951263,-0.7016175985336304,0.6321232914924622,0.33386939764022827,0.5535938739776611,-0.4271829426288605,86.944974,-84.899360,4.106119,-3.110065
2026-08-05T15:57:33.337105,1785938253.337106,4.089539,0.11097738146781921,0.6595820188522339,0.24514992535114288,-0.7018099427223206,0.6323310732841492,0.3332090377807617,0.5536619424819946,-0.4273029565811157,86.967650,-84.918082,1.373926,-1.134332
2026-08-05T15:57:33.352737,1785938253.352737,4.106311,0.11116541922092438,0.6593905687332153,0.2450171709060669,-0.7020063996315002,0.6324566602706909,0.33269181847572327,0.5536302328109741,-0.42756107449531555,86.982316,-84.928157,0.874440,-0.600706
2026-08-05T15:57:33.369010,1785938253.369010,4.122584,0.11122987419366837,0.6592541933059692,0.24470053613185883,-0.7022347450256348,0.6323790550231934,0.3325161337852478,0.553445041179657,-0.42805197834968567,86.966887,-84.909889,-0.948125,1.122555
2026-08-05T15:57:33.377223,1785938253.377224,4.130798,0.11123999953269958,0.659186840057373,0.24437350034713745,-0.7024101614952087,0.6323071122169495,0.33240047097206116,0.5532377362251282,-0.428515762090683,86.955395,-84.895662,-1.399216,1.732179
2026-08-05T15:57:33.386302,1785938253.387961,4.139876,0.11132403463125229,0.6591624617576599,0.24412468075752258,-0.7025063037872314,0.6323680877685547,0.33215585350990295,0.553102433681488,-0.42879027128219604,86.963084,-84.901162,0.846944,-0.605773
2026-08-05T15:57:33.403366,1785938253.403367,4.156941,0.11133919656276703,0.6592134833335876,0.24381443858146667,-0.7025638222694397,0.6324571371078491,0.3319961428642273,0.5529642701148987,-0.4289604127407074,86.984702,-84.922558,1.266866,-1.253857
2026-08-05T15:57:33.419343,1785938253.419343,4.172917,0.11126507818698883,0.6593361496925354,0.24342724680900574,-0.7025946974754333,0.6325368881225586,0.3319240212440491,0.5527756214141846,-0.4291417896747589,87.012034,-84.950025,1.710790,-1.719208
2026-08-05T15:57:33.427390,1785938253.427391,4.180965,0.11107632517814636,0.659686267375946,0.24275507032871246,-0.7025284171104431,0.632526159286499,0.33201494812965393,0.5524850487709045,-0.42946138978004456,87.043721,-84.985380,3.937301,-4.393156
2026-08-05T15:57:33.446796,1785938253.446797,4.199601,0.11063563823699951,0.6601173281669617,0.24174019694328308,-0.7025430202484131,0.6323462128639221,0.3324066996574402,0.552026093006134,-0.4300132989883423,87.072775,-85.020163,1.559052,-1.866478
2026-08-05T15:57:33.452934,1785938253.452935,4.206509,0.10991600900888443,0.6604740619659424,0.24046282470226288,-0.7027590274810791,0.6321356296539307,0.33299872279167175,0.5513664484024048,-0.4307103753089905,87.114278,-85.065410,6.008099,-6.549953
2026-08-05T15:57:33.460771,1785938253.460771,4.214345,0.1091226264834404,0.6609444618225098,0.23921562731266022,-0.7028658986091614,0.6319173574447632,0.33367592096328735,0.5506463646888733,-0.43142735958099365,87.152692,-85.106094,4.901808,-5.191539
2026-08-05T15:57:33.469661,1785938253.469662,4.223236,0.10857419669628143,0.6613492369651794,0.23838135600090027,-0.7028535008430481,0.6317633390426636,0.3342604637145996,0.549997866153717,-0.4320273697376251,87.159221,-85.111566,0.734339,-0.615499
2026-08-05T15:57:33.503126,1785938253.505146,4.256701,0.10832472145557404,0.6617055535316467,0.23790471255779266,-0.7027182579040527,0.6316959261894226,0.33464714884757996,0.5495861768722534,-0.4323500692844391,87.156174,-85.109048,-0.091046,0.075245
2026-08-05T15:57:33.509730,1785938253.509730,4.263304,0.10806985944509506,0.6620683670043945,0.2374674379825592,-0.7025637030601501,0.6316486597061157,0.33485791087150574,0.5494024753570557,-0.43248963356018066,87.182429,-85.138853,3.975868,-4.513335
2026-08-05T15:57:33.535234,1785938253.535234,4.288299,0.10766734927892685,0.6625020503997803,0.23689109086990356,-0.7024113535881042,0.6315109729766846,0.3350628614425659,0.5492587685585022,-0.4327143728733063,87.223442,-85.184632,1.640852,-1.831562
2026-08-05T15:57:33.543758,1785938253.543758,4.297332,0.10700993239879608,0.662916362285614,0.23627738654613495,-0.7023273706436157,0.6313005685806274,0.3354335129261017,0.5491775870323181,-0.43283694982528687,87.283140,-85.250410,6.608935,-7.281971
2026-08-05T15:57:33.569128,1785938253.569128,4.322702,0.10626968741416931,0.6633985042572021,0.23578962683677673,-0.7021485567092896,0.6309412717819214,0.3359678387641907,0.5490810871124268,-0.4330693185329437,87.315414,-85.286982,1.272092,-1.441547
2026-08-05T15:57:33.587294,1785938253.587295,4.340869,0.10545001924037933,0.6637656092643738,0.23545484244823456,-0.702037513256073,0.6305248141288757,0.33654606342315674,0.5490592122077942,-0.43325453996658325,87.342126,-85.316368,1.470399,-1.617579
2026-08-05T15:57:33.601439,1785938253.601439,4.355013,0.10491865128278732,0.6638478636741638,0.23562921583652496,-0.7019807696342468,0.630182683467865,0.33687490224838257,0.5493801236152649,-0.4330897331237793,87.357687,-85.334615,1.100182,-1.290054
2026-08-05T15:57:33.618846,1785938253.618846,4.372420,0.1048249751329422,0.6639660596847534,0.23631270229816437,-0.701653242111206,0.6300780177116394,0.3367163836956024,0.5500767827033997,-0.4324808716773987,87.384981,-85.365576,1.567988,-1.778666
2026-08-05T15:57:33.627212,1785938253.627212,4.380786,0.10488437116146088,0.6638726592063904,0.23713360726833344,-0.70145583152771,0.6301157474517822,0.3362768590450287,0.5508829951286316,-0.4317406117916107,87.425391,-85.407929,4.830058,-5.062376
2026-08-05T15:57:33.651464,1785938253.651464,4.404179,0.10470037162303925,0.6639525294303894,0.23749345541000366,-0.7012858390808105,0.6301273107528687,0.3359222114086151,0.5515009760856628,-0.4312106966972351,87.495569,-85.481382,2.999973,-3.139933
2026-08-05T15:57:33.670855,1785938253.670856,4.424430,0.1040559709072113,0.6642189621925354,0.23710909485816956,-0.7012596130371094,0.6299222111701965,0.33593425154685974,0.5517416596412659,-0.43119290471076965,87.579818,-85.570462,4.160404,-4.398980
2026-08-05T15:57:33.681713,1785938253.681713,4.435287,0.10295968502759933,0.6643426418304443,0.23619046807289124,-0.7016141414642334,0.6296175122261047,0.3362146317958832,0.5516377091407776,-0.43155232071876526,87.682517,-85.675036,9.458526,-9.631168
2026-08-05T15:57:33.703981,1785938253.703982,4.456631,0.10195298492908478,0.6644911766052246,0.23533333837985992,-0.7019084692001343,0.629202663898468,0.3366011083126068,0.5513580441474915,-0.43221306800842285,87.734990,-85.725570,2.458531,-2.367703
2026-08-05T15:57:33.724422,1785938253.724422,4.477997,0.1015000119805336,0.6646445393562317,0.2349073439836502,-0.7019714713096619,0.6287761330604553,0.33690395951271057,0.5511307120323181,-0.4328874349594116,87.712342,-85.700677,-1.060033,1.165070
2026-08-05T15:57:33.739220,1785938253.739221,4.492795,0.10125723481178284,0.6646882891654968,0.23464523255825043,-0.7020527720451355,0.6284139752388,0.33702269196510315,0.550993800163269,-0.43349453806877136,87.681040,-85.666578,-2.115262,2.304337
2026-08-05T15:57:33.751367,1785938253.751368,4.504942,0.10079465806484222,0.6647742390632629,0.23418298363685608,-0.7021922469139099,0.6281461119651794,0.3369491696357727,0.5509439706802368,-0.4340030550956726,87.711879,-85.695221,2.538872,-2.358097
2026-08-05T15:57:33.767023,1785938253.767023,4.520000,0.10005554556846619,0.6648982167243958,0.23346193134784698,-0.7024206519126892,0.6278003454208374,0.3370147943496704,0.5508387088775635,-0.4345853924751282,87.765958,-85.748420,3.591256,-3.532794
2026-08-05T15:57:33.774826,1785938253.774827,4.526377,0.09901848435401917,0.6650593876838684,0.23261205852031708,-0.7026971578598022,0.6273592710494995,0.3372674882411957,0.5506353974342346,-0.43528351187705994,87.828299,-85.808091,9.775630,-9.356921
2026-08-05T15:57:33.803427,1785938253.803428,4.557002,0.09814227372407913,0.6651406288146973,0.23200714588165283,-0.7029430866241455,0.6268696188926697,0.33761805295944214,0.5504741072654724,-0.4359210729598999,87.853502,-85.830754,0.822952,-0.740027
2026-08-05T15:57:33.820701,1785938253.820701,4.574275,0.09752160310745239,0.6653215885162354,0.2317345291376114,-0.7029480934143066,0.6263970732688904,0.3379104435443878,0.550460696220398,-0.43639037013053894,87.853597,-85.829396,0.005510,0.078623
2026-08-05T15:57:33.835595,1785938253.835595,4.588602,0.0971158817410469,0.6653745770454407,0.231802299618721,-0.7029317021369934,0.6260826587677002,0.33795827627182007,0.550717830657959,-0.4364801049232483,87.867155,-85.842549,0.946313,-0.918101
2026-08-05T15:57:33.850625,1785938253.850625,4.604199,0.09672070294618607,0.6654155850410461,0.23203636705875397,-0.7028701901435852,0.6258894801139832,0.33782440423965454,0.5511608123779297,-0.43630146980285645,87.910421,-85.885563,2.773877,-2.757690
2026-08-05T15:57:33.867672,1785938253.867672,4.621246,0.0963311567902565,0.6654311418533325,0.23231954872608185,-0.7028153538703918,0.6257528066635132,0.3376345932483673,0.5516989231109619,-0.4359641373157501,87.969491,-85.945664,3.465169,-3.525669
2026-08-05T15:57:33.870148,1785938253.870148,4.623723,0.09615031629800797,0.665440022945404,0.23274725675582886,-0.7026904225349426,0.625613272190094,0.3375054895877838,0.5521935224533081,-0.43563786149024963,87.992953,-85.970109,9.474853,-9.871607
2026-08-05T15:57:33.890619,1785938253.890620,4.644194,0.09624326229095459,0.6654150485992432,0.2332904189825058,-0.7025211453437805,0.625511646270752,0.3373575806617737,0.5526401400566101,-0.43533194065093994,87.983548,-85.961716,-0.459397,0.409979
2026-08-05T15:57:33.908218,1785938253.908219,4.661793,0.09639493376016617,0.6654092669487,0.23374122381210327,-0.7023559212684631,0.6255109310150146,0.3371082842350006,0.553065836429596,-0.4349856674671173,87.990084,-85.970068,0.371360,-0.474588
2026-08-05T15:57:33.984934,1785938253.984934,4.738508,0.09641152620315552,0.6654787063598633,0.23384591937065125,-0.7022528648376465,0.6255649924278259,0.33684173226356506,0.5533376932144165,-0.4347684979438782,88.025406,-86.007434,0.460434,-0.487073
2026-08-05T15:57:34.000944,1785938254.000945,4.754519,0.09629494696855545,0.6656606197357178,0.2336311638355255,-0.7021679282188416,0.6256195902824402,0.3367169499397278,0.5534412264823914,-0.4346548020839691,88.075015,-86.060918,3.098450,-3.340519
2026-08-05T15:57:34.017835,1785938254.017835,4.771410,0.09602680802345276,0.6658861637115479,0.23316596448421478,-0.7021456360816956,0.6256221532821655,0.3368079364299774,0.5532974004745483,-0.4347638487815857,88.117083,-86.105716,2.490625,-2.652186
2026-08-05T15:57:34.036535,1785938254.036535,4.790109,0.09583238512277603,0.6661009192466736,0.23283429443836212,-0.7020785212516785,0.6255913376808167,0.33704787492752075,0.5530263781547546,-0.4349667429924011,88.121314,-86.109968,0.226230,-0.227427
2026-08-05T15:57:34.054546,1785938254.054546,4.808120,0.09555507451295853,0.6663382053375244,0.23244816064834595,-0.7020190358161926,0.6256262063980103,0.3372478485107422,0.5527974963188171,-0.4350524842739105,88.152503,-86.142101,1.731692,-1.784026
2026-08-05T15:57:34.063570,1785938254.063570,4.817144,0.09522657841444016,0.6665036678314209,0.23210248351097107,-0.7020210027694702,0.6259348392486572,0.33734193444252014,0.552834153175354,-0.434488445520401,88.257103,-86.253866,11.591039,-12.385109
2026-08-05T15:57:34.081551,1785938254.081552,4.833081,0.0949767455458641,0.6667767763137817,0.23194389045238495,-0.7018478512763977,0.6261259913444519,0.3372887372970581,0.5531065464019775,-0.4339076280593872,88.354002,-86.359178,6.080207,-6.608104
2026-08-05T15:57:34.092030,1785938254.092031,4.845605,0.09499747306108475,0.6667909622192383,0.23287372291088104,-0.7015235424041748,0.6262889504432678,0.33715349435806274,0.5536114573478699,-0.43313297629356384,88.371956,-86.374272,1.433646,-1.205232
2026-08-05T15:57:34.095632,1785938254.095632,4.849206,0.09539195895195007,0.6664408445358276,0.2339853197336197,-0.7014330625534058,0.6265996694564819,0.3365570902824402,0.5544599294662476,-0.43206068873405457,88.407514,-86.410728,9.873440,-10.122981
2026-08-05T15:57:34.105107,1785938254.105621,4.858681,0.09609634429216385,0.6661548614501953,0.23525063693523407,-0.7011851072311401,0.6270063519477844,0.33561989665031433,0.5554434657096863,-0.4309350848197937,88.440955,-86.445224,3.529338,-3.640604
2026-08-05T15:57:34.113104,1785938254.113104,4.865567,0.09670035541057587,0.6658240556716919,0.2361232340335846,-0.7011229395866394,0.6274175643920898,0.33468785881996155,0.556225061416626,-0.43005257844924927,88.488504,-86.493755,6.905934,-7.048632
2026-08-05T15:57:34.135491,1785938254.136509,4.889066,0.09690186381340027,0.6655335426330566,0.23629765212535858,-0.7013123035430908,0.6276952624320984,0.33410361409187317,0.5564818978309631,-0.42976894974708557,88.536528,-86.539953,2.043642,-1.965907
2026-08-05T15:57:34.158164,1785938254.158165,4.911739,0.09647741913795471,0.6655057072639465,0.23553256690502167,-0.701654314994812,0.6277862191200256,0.3339139521121979,0.5562133193016052,-0.4301312565803528,88.615457,-86.616424,3.481173,-3.372799
2026-08-05T15:57:34.175703,1785938254.175703,4.926840,0.09599950164556503,0.665594220161438,0.23451140522956848,-0.7019781470298767,0.6276422739028931,0.33400335907936096,0.555618405342102,-0.4310397207736969,88.640943,-86.637268,1.687729,-1.380322
2026-08-05T15:57:34.186487,1785938254.186487,4.940061,0.09561935067176819,0.6656769514083862,0.23348772525787354,-0.7022926807403564,0.6273660063743591,0.3341848850250244,0.5549187660217285,-0.43220096826553345,88.624137,-86.614762,-1.271071,1.702173
2026-08-05T15:57:34.192506,1785938254.192506,4.946080,0.09555958211421967,0.6656815409660339,0.23284222185611725,-0.7025107145309448,0.6270416975021362,0.33436647057533264,0.5543301105499268,-0.433285117149353,88.556113,-86.541229,-11.301301,12.216610
2026-08-05T15:57:34.199377,1785938254.199377,4.952951,0.09566907584667206,0.6655709743499756,0.2325843721628189,-0.7026859521865845,0.6267783045768738,0.3344222605228424,0.5539344549179077,-0.43412843346595764,88.477766,-86.456279,-11.403017,12.364022
2026-08-05T15:57:34.218050,1785938254.218051,4.971625,0.09573415666818619,0.6654539108276367,0.2323945313692093,-0.7028508186340332,0.6267106533050537,0.33425119519233704,0.5537531971931458,-0.4345886707305908,88.456556,-86.430316,-1.135807,1.390362
2026-08-05T15:57:34.275195,1785938254.275196,5.028770,0.09586470574140549,0.665656328201294,0.2322494387626648,-0.7026891708374023,0.626797616481781,0.333963543176651,0.5537253618240356,-0.43471992015838623,88.472731,-86.446006,0.283047,-0.274575
2026-08-05T15:57:34.287022,1785938254.287022,5.040596,0.09559697657823563,0.6657881736755371,0.23185735940933228,-0.7027302980422974,0.6269116401672363,0.33377858996391296,0.5536730885505676,-0.4347641170024872,88.541099,-86.514216,5.781064,-5.767629
2026-08-05T15:57:34.303087,1785938254.303087,5.054483,0.09504605084657669,0.6660619974136353,0.23113687336444855,-0.7027828097343445,0.6269102692604065,0.33385977149009705,0.553493320941925,-0.4349326491355896,88.623019,-86.598563,5.898918,-6.073715
2026-08-05T15:57:34.335221,1785938254.335221,5.088795,0.09466274827718735,0.6665220856666565,0.23042356967926025,-0.7026327848434448,0.6267439126968384,0.33423537015914917,0.5532463192939758,-0.4351981282234192,88.652977,-86.635412,0.873110,-1.073961
2026-08-05T15:57:34.352014,1785938254.352015,5.104472,0.0943327322602272,0.6670789122581482,0.22970052063465118,-0.7023852467536926,0.6264961957931519,0.3347684144973755,0.552941620349884,-0.4355323612689972,88.658133,-86.649011,0.328886,-0.867426
2026-08-05T15:57:34.358603,1785938254.358603,5.112178,0.09398748725652695,0.6675831079483032,0.22895516455173492,-0.7021958231925964,0.6262735724449158,0.33536601066589355,0.5526228547096252,-0.43579718470573425,88.666514,-86.666841,1.087761,-2.313978
2026-08-05T15:57:34.368419,1785938254.368419,5.121994,0.09348060190677643,0.66802978515625,0.2281229943037033,-0.7021095156669617,0.6262218356132507,0.3358934223651886,0.5523137450218201,-0.43585705757141113,88.723248,-86.732669,5.779784,-6.706269
2026-08-05T15:57:34.385874,1785938254.385874,5.138197,0.09305927902460098,0.6684903502464294,0.22745612263679504,-0.7019434571266174,0.6262927651405334,0.3362916111946106,0.5520224571228027,-0.43581724166870117,88.784084,-86.799967,3.754538,-4.153328
2026-08-05T15:57:34.392516,1785938254.392516,5.146090,0.09276990592479706,0.6688262224197388,0.22698292136192322,-0.7018150091171265,0.6264311671257019,0.3366137742996216,0.551738440990448,-0.43572932481765747,88.830492,-86.850273,5.879373,-6.373245
2026-08-05T15:57:34.400652,1785938254.400652,5.154226,0.0925743356347084,0.6692034006118774,0.22662471234798431,-0.7015969753265381,0.6265856027603149,0.33682653307914734,0.5515232682228088,-0.43561509251594543,88.873114,-86.896218,5.238623,-5.647080
2026-08-05T15:57:34.408910,1785938254.408910,5.162484,0.09234487265348434,0.6694554090499878,0.22620707750320435,-0.7015216946601868,0.6266676187515259,0.33707696199417114,0.5513058304786682,-0.43557852506637573,88.909389,-86.936233,4.392762,-4.845640
2026-08-05T15:57:34.419366,1785938254.419367,5.172941,0.09210570901632309,0.6698555946350098,0.22577999532222748,-0.7013086676597595,0.6266541481018066,0.33739206194877625,0.5510839819908142,-0.4356346130371094,88.932968,-86.964164,2.254902,-2.671122
2026-08-05T15:57:34.437417,1785938254.437418,5.190992,0.09188302606344223,0.6702646017074585,0.2253267765045166,-0.7010927796363831,0.6265311241149902,0.3378084897994995,0.5508190989494324,-0.4358240067958832,88.933702,-86.969660,0.040674,-0.304484
2026-08-05T15:57:34.455031,1785938254.455032,5.208606,0.09161411225795746,0.6705219149589539,0.22494177520275116,-0.701005756855011,0.6263980865478516,0.33822527527809143,0.5506117343902588,-0.4359539747238159,88.936959,-86.977159,0.184901,-0.425746
2026-08-05T15:57:34.466628,1785938254.466628,5.220202,0.09134802967309952,0.6708018183708191,0.22468852996826172,-0.7008538246154785,0.6263605356216431,0.3384476602077484,0.5505095720291138,-0.4359644949436188,88.961088,-87.003575,2.080751,-2.277898
2026-08-05T15:57:34.485227,1785938254.485228,5.237827,0.09110120683908463,0.6710179448127747,0.22449298202991486,-0.7007415890693665,0.6264222264289856,0.3384855389595032,0.5505610704421997,-0.43578144907951355,89.014009,-87.059742,3.002739,-3.186928
2026-08-05T15:57:34.499135,1785938254.499136,5.252710,0.09092110395431519,0.6711758375167847,0.2243676781654358,-0.7006539702415466,0.626466691493988,0.33852213621139526,0.5506349802017212,-0.43559572100639343,89.055121,-87.104093,2.762307,-2.979957
2026-08-05T15:57:34.518606,1785938254.518606,5.272180,0.09067089855670929,0.6713958978652954,0.22407300770282745,-0.7005698680877686,0.6264459490776062,0.3386041522026062,0.5506625175476074,-0.43552666902542114,89.099244,-87.152626,2.266177,-2.492637
2026-08-05T15:57:34.558442,1785938254.558442,5.312016,0.09043122828006744,0.671667754650116,0.22361943125724792,-0.700485348701477,0.6263200044631958,0.33883965015411377,0.5505034923553467,-0.43572574853897095,89.114615,-87.172043,0.385854,-0.487432
2026-08-05T15:57:34.574916,1785938254.574916,5.328490,0.08970999717712402,0.6718781590461731,0.22285081446170807,-0.7006210684776306,0.6261007189750671,0.339225709438324,0.5502139925956726,-0.43610626459121704,89.164029,-87.223026,2.999401,-3.094671
2026-08-05T15:57:34.595099,1785938254.595100,5.346651,0.08900215476751328,0.6719896197319031,0.22228536009788513,-0.7007840275764465,0.6258289813995361,0.33964866399765015,0.5498877763748169,-0.4365781843662262,89.184782,-87.241040,1.142774,-0.991912
2026-08-05T15:57:34.610556,1785938254.610556,5.362109,0.08861978352069855,0.67218416929245,0.22201892733573914,-0.7007304430007935,0.6255203485488892,0.33991575241088867,0.5497726202011108,-0.43695738911628723,89.176751,-87.232233,-0.519563,0.569722
2026-08-05T15:57:34.617626,1785938254.617626,5.371201,0.08853872865438461,0.6722995042800903,0.22209236025810242,-0.7006067037582397,0.6252046823501587,0.3399621248245239,0.5498788952827454,-0.43723931908607483,89.144235,-87.198948,-3.576498,3.661075
2026-08-05T15:57:34.635631,1785938254.635631,5.388457,0.08844256401062012,0.6722875833511353,0.22232401371002197,-0.7005569338798523,0.6249403953552246,0.33990854024887085,0.5500856041908264,-0.4373987019062042,89.121435,-87.173642,-1.321187,1.466443
2026-08-05T15:57:34.643605,1785938254.643605,5.397179,0.08812058717012405,0.6722941994667053,0.22240442037582397,-0.7005656957626343,0.6246765851974487,0.33986109495162964,0.5503466129302979,-0.4374840557575226,89.135843,-87.186964,1.651915,-1.527404
2026-08-05T15:57:34.712164,1785938254.712164,5.465738,0.08757897466421127,0.672332763671875,0.2222977876663208,-0.7006303668022156,0.6244322061538696,0.3398410677909851,0.5505819916725159,-0.43755221366882324,89.183243,-87.233715,0.691372,-0.681914
2026-08-05T15:57:34.730994,1785938254.730995,5.482297,0.08688897639513016,0.6722738742828369,0.22220130264759064,-0.700803279876709,0.6242114901542664,0.33979710936546326,0.5508155822753906,-0.4376075565814972,89.246298,-87.293611,3.807917,-3.617129
2026-08-05T15:57:34.751126,1785938254.751126,5.503649,0.08645009994506836,0.6723865866661072,0.22217728197574615,-0.7007572650909424,0.6239323616027832,0.33979547023773193,0.5510314702987671,-0.4377348721027374,89.271926,-87.318053,1.200292,-1.144740
2026-08-05T15:57:34.774718,1785938254.774719,5.528293,0.08595743030309677,0.6724947094917297,0.22206392884254456,-0.7007501125335693,0.6236085295677185,0.33985158801078796,0.5512514710426331,-0.437875896692276,89.301075,-87.347662,1.182800,-1.201463
2026-08-05T15:57:34.784110,1785938254.784110,5.537684,0.08537306636571884,0.6725287437438965,0.22186240553855896,-0.7008525133132935,0.6232773065567017,0.33994442224502563,0.5514000058174133,-0.43808844685554504,89.334162,-87.380072,3.523001,-3.450863
2026-08-05T15:57:34.800760,1785938254.800761,5.554335,0.0845537930727005,0.6727821230888367,0.22149387001991272,-0.7008253335952759,0.6229565739631653,0.34009110927581787,0.5515494346618652,-0.43824249505996704,89.403744,-87.450266,4.178993,-4.215764
2026-08-05T15:57:34.803383,1785938254.803383,5.556957,0.08379645645618439,0.6728396415710449,0.22123245894908905,-0.7009437084197998,0.6226030588150024,0.3403263986110687,0.5516535639762878,-0.4384310841560364,89.446197,-87.492045,16.188623,-15.931910
2026-08-05T15:57:34.811799,1785938254.811799,5.565373,0.08315164595842361,0.6731013655662537,0.2209720015525818,-0.7008512616157532,0.6222342252731323,0.3405364751815796,0.5518093705177307,-0.43859562277793884,89.484640,-87.532337,4.567974,-4.787548
2026-08-05T15:57:34.829308,1785938254.829309,5.582883,0.08190997689962387,0.6733826994895935,0.22083944082260132,-0.7007690668106079,0.6218692660331726,0.3407156467437744,0.5519952178001404,-0.4387401342391968,89.574619,-87.614648,5.138841,-4.700957
2026-08-05T15:57:34.841440,1785938254.841440,5.595015,0.08120984584093094,0.6735233664512634,0.2208583652973175,-0.7007096409797668,0.6214606165885925,0.3409683406352997,0.5521631836891174,-0.4389115571975708,89.592350,-87.629231,1.461510,-1.202055
2026-08-05T15:57:34.876148,1785938254.876148,5.629723,0.0808403491973877,0.6736729145050049,0.2211688756942749,-0.7005103826522827,0.6209859251976013,0.3412989675998688,0.5523260235786438,-0.43912139534950256,89.547959,-87.581480,-1.278977,1.375804
2026-08-05T15:57:34.886673,1785938254.886673,5.640247,0.0806221067905426,0.6736866235733032,0.22161585092544556,-0.7003811001777649,0.6204740405082703,0.3416898250579834,0.5524692535400391,-0.43936097621917725,89.469711,-87.499483,-7.434855,7.791010
2026-08-05T15:57:34.900767,1785938254.900767,5.654341,0.08042648434638977,0.6737674474716187,0.22194866836071014,-0.7002204656600952,0.6200463175773621,0.3418719172477722,0.5527979135513306,-0.43940970301628113,89.434719,-87.465208,-2.482684,2.431852
2026-08-05T15:57:34.908956,1785938254.908956,5.662530,0.07990565896034241,0.6739493608474731,0.22184443473815918,-0.7001380920410156,0.6198790073394775,0.34174787998199463,0.5532131195068359,-0.43921953439712524,89.514906,-87.548765,9.792683,-10.204175
2026-08-05T15:57:34.916982,1785938254.916982,5.670556,0.07933768630027771,0.6741410493850708,0.22157694399356842,-0.7001029849052429,0.6197291612625122,0.3415912091732025,0.5536253452301025,-0.4390333592891693,89.613574,-87.652533,12.292925,-12.928475
2026-08-05T15:57:34.933486,1785938254.933487,5.687061,0.07882249355316162,0.6744569540023804,0.22123566269874573,-0.6999647617340088,0.6195550560951233,0.34155336022377014,0.5539050698280334,-0.43895578384399414,89.693654,-87.737980,4.852005,-5.177172
2026-08-05T15:57:34.943156,1785938254.943157,5.694529,0.07846907526254654,0.6745992302894592,0.22107049822807312,-0.6999195218086243,0.6192469000816345,0.34181079268455505,0.5539419054985046,-0.4391436278820038,89.692447,-87.738431,-0.161625,-0.060384
2026-08-05T15:57:34.951953,1785938254.951954,5.704232,0.07811605930328369,0.6748639345169067,0.2208520919084549,-0.699772834777832,0.6189056038856506,0.34228119254112244,0.5537883639335632,-0.4394519627094269,89.666595,-87.713539,-2.664249,2.565395
2026-08-05T15:57:34.967618,1785938254.967618,5.721192,0.0778680294752121,0.6751475930213928,0.22052109241485596,-0.6996312737464905,0.6186756491661072,0.3426136374473572,0.5536465048789978,-0.4396952986717224,89.659512,-87.709472,-0.417657,0.239781
2026-08-05T15:57:35.001254,1785938255.001254,5.754828,0.07743564248085022,0.675524890422821,0.2199251502752304,-0.6995026469230652,0.6185547113418579,0.3427891731262207,0.5536192059516907,-0.43976297974586487,89.720315,-87.776905,1.807666,-2.004759
2026-08-05T15:57:35.011396,1785938255.011397,5.764971,0.07682877779006958,0.6758551001548767,0.21918940544128418,-0.6994814276695251,0.6185340285301208,0.3428685963153839,0.553589403629303,-0.4397677779197693,89.822600,-87.885057,10.085015,-10.663415
2026-08-05T15:57:35.030367,1785938255.030367,5.783942,0.07617514580488205,0.6761720180511475,0.2184116393327713,-0.6994900703430176,0.6184698939323425,0.3431781530380249,0.5533642768859863,-0.4398997128009796,89.899652,-87.966541,4.061624,-4.295293
2026-08-05T15:57:35.047819,1785938255.047819,5.799377,0.07570577412843704,0.6765269041061401,0.2178637981414795,-0.6993687152862549,0.6182566285133362,0.3437938392162323,0.5529350638389587,-0.44025856256484985,89.894344,-87.962644,-0.343876,0.252530
2026-08-05T15:57:35.080814,1785938255.080814,5.834388,0.075412318110466,0.6768615245819092,0.2174212783575058,-0.6992143988609314,0.6180302500724792,0.34441041946411133,0.5525195598602295,-0.440615713596344,89.865030,-87.935402,-0.837275,0.778072
2026-08-05T15:57:35.101422,1785938255.101422,5.854996,0.07515405118465424,0.6771079897880554,0.21708238124847412,-0.6991087198257446,0.617927610874176,0.3447437882423401,0.5522857904434204,-0.4407919943332672,89.867944,-87.939876,0.141412,-0.217093
2026-08-05T15:57:35.118110,1785938255.118111,5.871685,0.07483100146055222,0.67742520570755,0.2167070358991623,-0.6989526152610779,0.617944061756134,0.3448290228843689,0.5522422790527344,-0.4407568871974945,89.923330,-87.998389,3.318812,-3.506217
2026-08-05T15:57:35.129085,1785938255.129085,5.882659,0.07438737154006958,0.6776766180992126,0.21625345945358276,-0.6988968253135681,0.6179561614990234,0.34486085176467896,0.552233099937439,-0.4407265782356262,89.998434,-88.076386,6.843624,-7.107305
2026-08-05T15:57:35.133379,1785938255.133379,5.886953,0.07413752377033234,0.6779011487960815,0.216065913438797,-0.6987634897232056,0.6178568005561829,0.34509873390197754,0.5521122217178345,-0.44083136320114136,90.004643,-88.082992,1.445884,-1.538158
2026-08-05T15:57:35.141775,1785938255.141776,5.895350,0.07387979328632355,0.6781206727027893,0.21582701802253723,-0.6986516714096069,0.6176721453666687,0.3455033302307129,0.5518677830696106,-0.4410790801048279,89.985783,-88.064256,-2.246131,2.231381
2026-08-05T15:57:35.151860,1785938255.151860,5.905434,0.0735955610871315,0.6784806251525879,0.2155492603778839,-0.6984180212020874,0.6175163388252258,0.34588587284088135,0.5516546368598938,-0.44126376509666443,89.981957,-88.061640,-0.379431,0.259404
2026-08-05T15:57:35.174792,1785938255.174793,5.928367,0.07337808609008789,0.6788029670715332,0.21530957520008087,-0.6982016563415527,0.6174465417861938,0.3460460901260376,0.5516406893730164,-0.44125333428382874,90.007435,-88.090617,1.111003,-1.263573
2026-08-05T15:57:35.185945,1785938255.185946,5.939520,0.07319679111242294,0.6791880130767822,0.21515244245529175,-0.6978946328163147,0.6174151301383972,0.3461102545261383,0.5516901016235352,-0.4411853551864624,90.039265,-88.125238,2.853933,-3.104214
2026-08-05T15:57:35.200962,1785938255.200963,5.954537,0.07296182215213776,0.6794798374176025,0.2150278240442276,-0.6976733803749084,0.6172307133674622,0.34635260701179504,0.5516836643218994,-0.44126129150390625,90.040488,-88.128418,0.081476,-0.211731
2026-08-05T15:57:35.207937,1785938255.207937,5.961512,0.07258400321006775,0.6797981262207031,0.21475324034690857,-0.697487473487854,0.6169902682304382,0.3467865586280823,0.5516007542610168,-0.4413602650165558,90.044986,-88.136679,0.644939,-1.184415
2026-08-05T15:57:35.235906,1785938255.235906,5.988502,0.07201549410820007,0.6801057457923889,0.2144380360841751,-0.6973435282707214,0.6167791485786438,0.3472587764263153,0.5515023469924927,-0.4414067566394806,90.071574,-88.165925,0.985105,-1.083602
2026-08-05T15:57:35.241408,1785938255.241408,5.994982,0.07169368863105774,0.6804043054580688,0.21434596180915833,-0.6971136927604675,0.6167163848876953,0.3475925028324127,0.5515093803405762,-0.44122299551963806,90.096037,-88.193850,3.774620,-4.308815
2026-08-05T15:57:35.325979,1785938255.325979,6.079553,0.07154449075460434,0.6808255314826965,0.2142794281244278,-0.6967381238937378,0.6167267560958862,0.3477487564086914,0.5516229867935181,-0.4409434199333191,90.130258,-88.233464,0.404643,-0.468413
2026-08-05T15:57:35.376617,1785938255.376617,6.130192,0.07134134322404861,0.6810716390609741,0.2141575813293457,-0.6965558528900146,0.6166605353355408,0.34793776273727417,0.5517136454582214,-0.44077354669570923,90.156513,-88.264723,0.518477,-0.617290
2026-08-05T15:57:35.399002,1785938255.399003,6.152577,0.07111015915870667,0.6814121603965759,0.21390800178050995,-0.6963232159614563,0.6165710687637329,0.3482149541378021,0.5516937971115112,-0.4407045841217041,90.178213,-88.291673,0.969390,-1.203957
2026-08-05T15:57:35.417714,1785938255.417714,6.171288,0.07068056613206863,0.6817086338996887,0.21350647509098053,-0.6962000131607056,0.6164178252220154,0.34858763217926025,0.5516112446784973,-0.4407278597354889,90.209878,-88.328279,1.692237,-1.956331
2026-08-05T15:57:35.424220,1785938255.424220,6.177794,0.07032042741775513,0.6818678975105286,0.21324528753757477,-0.6961604952812195,0.6163557767868042,0.3489987552165985,0.5514947772026062,-0.4406347870826721,90.232768,-88.355191,3.518555,-4.136651
2026-08-05T15:57:35.432534,1785938255.432534,6.186109,0.0700487419962883,0.6821005940437317,0.21307189762592316,-0.6960131525993347,0.6166591644287109,0.3493489921092987,0.5513870120048523,-0.44006723165512085,90.298200,-88.426593,7.869518,-8.587528
2026-08-05T15:57:35.453034,1785938255.453034,6.204591,0.06998030841350555,0.6822739839553833,0.21294422447681427,-0.6958891153335571,0.6163593530654907,0.3500317931175232,0.5508593320846558,-0.4406052529811859,90.201128,-88.326468,-5.252128,5.417336
2026-08-05T15:57:35.465114,1785938255.465114,6.218688,0.06989866495132446,0.6825675368309021,0.21269306540489197,-0.6956862211227417,0.6163837909698486,0.3501306474208832,0.5507832765579224,-0.44058758020401,90.222900,-88.351509,1.544410,-1.776358
2026-08-05T15:57:35.482315,1785938255.482315,6.235889,0.06952939927577972,0.6827533841133118,0.21216371655464172,-0.6957026720046997,0.6166061162948608,0.3498026430606842,0.550970733165741,-0.44030264019966125,90.354469,-88.488677,7.648918,-7.974423
2026-08-05T15:57:35.498992,1785938255.498993,6.252567,0.069160096347332,0.6828870177268982,0.21173155307769775,-0.6957400441169739,0.6169008016586304,0.3492603600025177,0.551297664642334,-0.4399111270904541,90.508785,-88.647384,9.252901,-9.516145
2026-08-05T15:57:35.508481,1785938255.508482,6.262056,0.06884989142417908,0.6829888820648193,0.21149060130119324,-0.6957442164421082,0.6170450448989868,0.3489147126674652,0.5514540672302246,-0.43978703022003174,90.600107,-88.738183,9.623895,-9.568821
2026-08-05T15:57:35.525126,1785938255.525127,6.278701,0.06897053122520447,0.6829806566238403,0.211683988571167,-0.6956812739372253,0.6168844699859619,0.3490750789642334,0.5512736439704895,-0.4401108920574188,90.529749,-88.662563,-4.226912,4.543058
2026-08-05T15:57:35.542282,1785938255.542283,6.295857,0.06904523819684982,0.6830810308456421,0.21176545321941376,-0.6955505609512329,0.616532564163208,0.3496256172657013,0.5509015321731567,-0.4406326711177826,90.416072,-88.545275,-6.626232,6.836673
2026-08-05T15:57:35.548639,1785938255.548640,6.302214,0.06851344555616379,0.6833597421646118,0.2111060917377472,-0.695530116558075,0.6162973046302795,0.349946528673172,0.5506384372711182,-0.4410356879234314,90.444305,-88.575008,4.440942,-4.676852
2026-08-05T15:57:35.567466,1785938255.569502,6.321040,0.06803750991821289,0.6835286021232605,0.21061716973781586,-0.6955587863922119,0.6162780523300171,0.34991544485092163,0.5506225824356079,-0.44110703468322754,90.519652,-88.651751,4.002320,-4.076450
2026-08-05T15:57:35.580198,1785938255.580198,6.333772,0.06757036596536636,0.6835494041442871,0.21019387245178223,-0.6957120299339294,0.6163952350616455,0.3496098816394806,0.5508318543434143,-0.4409242272377014,90.637406,-88.772173,9.248617,-9.458220
2026-08-05T15:57:35.596469,1785938255.596469,6.350043,0.06738190352916718,0.683570384979248,0.21007171273231506,-0.6957467198371887,0.6165339946746826,0.34927862882614136,0.5510388016700745,-0.4407340884208679,90.712608,-88.847890,4.621842,-4.653415
2026-08-05T15:57:35.612706,1785938255.612706,6.366280,0.06725715100765228,0.6836330890655518,0.2099955826997757,-0.6957200765609741,0.6164590120315552,0.3492065668106079,0.5510955452919006,-0.44082507491111755,90.726739,-88.861290,0.870276,-0.825327
2026-08-05T15:57:35.629436,1785938255.629436,6.383010,0.06700741499662399,0.6837254166603088,0.20984552800655365,-0.6956988573074341,0.6161876916885376,0.34943121671676636,0.5509943962097168,-0.4411528706550598,90.706065,-88.839077,-1.235693,1.327738
2026-08-05T15:57:35.646098,1785938255.646099,6.399154,0.06665293127298355,0.6838034987449646,0.20954951643943787,-0.695745587348938,0.6159518957138062,0.3495761752128601,0.5509475469589233,-0.4414256513118744,90.717392,-88.850432,0.701589,-0.703378
2026-08-05T15:57:35.661968,1785938255.661968,6.415543,0.06625822931528091,0.6838579177856445,0.20922282338142395,-0.6958280801773071,0.6159288883209229,0.34940993785858154,0.5510737895965576,-0.44143182039260864,90.790191,-88.924142,4.442038,-4.497635
2026-08-05T15:57:35.679884,1785938255.679884,6.433458,0.06609504669904709,0.683854877948761,0.20910808444023132,-0.6958811283111572,0.6160334944725037,0.3491237759590149,0.5512262582778931,-0.44132184982299805,90.850503,-88.984193,3.366428,-3.351873
2026-08-05T15:57:35.686712,1785938255.686713,6.440287,0.06590326130390167,0.6839257478713989,0.2089267373085022,-0.6958841681480408,0.6161514520645142,0.34889498353004456,0.5513077974319458,-0.4412364661693573,90.912129,-89.045596,9.024824,-8.992091
2026-08-05T15:57:35.702482,1785938255.702482,6.456056,0.06572607904672623,0.6838975548744202,0.20879025757312775,-0.6959694623947144,0.616191565990448,0.34885144233703613,0.5511931777000427,-0.4413577616214752,90.931922,-89.062049,1.255173,-1.043355
2026-08-05T15:57:35.718912,1785938255.718912,6.472486,0.06551095098257065,0.6839194297790527,0.20849360525608063,-0.6960573196411133,0.6161792278289795,0.34890422224998474,0.550979495048523,-0.44159987568855286,90.946459,-89.074148,0.884728,-0.736365
2026-08-05T15:57:35.736596,1785938255.736596,6.490170,0.06531177461147308,0.6839891076087952,0.2082262933254242,-0.6960877180099487,0.6161561012268066,0.3489585816860199,0.5508043766021729,-0.4418081045150757,90.960658,-89.086545,0.802955,-0.701034
2026-08-05T15:57:35.752216,1785938255.752216,6.504774,0.06502918154001236,0.6839723587036133,0.20783773064613342,-0.6962465643882751,0.6161725521087646,0.34885144233703613,0.5507302284240723,-0.44196218252182007,91.009516,-89.134810,3.345621,-3.305050
2026-08-05T15:57:35.761396,1785938255.761396,6.514970,0.06480411440134048,0.6840788722038269,0.2074389010667801,-0.6962820887565613,0.6161980032920837,0.34872159361839294,0.5506861805915833,-0.44208386540412903,91.060450,-89.186445,4.995151,-5.063831
2026-08-05T15:57:35.780231,1785938255.780231,6.531288,0.06458351016044617,0.6841388940811157,0.2070140540599823,-0.696370005607605,0.616215705871582,0.3486380875110626,0.5506179332733154,-0.4422098994255066,91.107390,-89.234751,2.876557,-2.960307
2026-08-05T15:57:35.806526,1785938255.806526,6.560100,0.06451084464788437,0.6842322945594788,0.2067694067955017,-0.6963576078414917,0.616202175617218,0.34859201312065125,0.5505446195602417,-0.4423563778400421,91.123111,-89.250777,0.545645,-0.556236
2026-08-05T15:57:35.825433,1785938255.825433,6.579007,0.0643417090177536,0.6842669248580933,0.20650053024291992,-0.6964192390441895,0.6161597371101379,0.3486035466194153,0.550451397895813,-0.4425223171710968,91.141009,-89.268535,0.946657,-0.939205
2026-08-05T15:57:35.835663,1785938255.835664,6.589238,0.06410539150238037,0.6843428015708923,0.20618091523647308,-0.6964610815048218,0.6161717772483826,0.34855300188064575,0.5503809452056885,-0.4426330327987671,91.180763,-89.308146,3.885801,-3.871820
2026-08-05T15:57:35.850441,1785938255.850441,6.604015,0.06391090154647827,0.6844034790992737,0.205854594707489,-0.6965159773826599,0.616202175617218,0.34852299094200134,0.550313413143158,-0.44269827008247375,91.219432,-89.347941,2.616746,-2.693003
2026-08-05T15:57:35.858265,1785938255.858266,6.611840,0.06378144770860672,0.6844661831855774,0.20562425255775452,-0.696534276008606,0.6162160038948059,0.34849241375923157,0.550265908241272,-0.44276222586631775,91.245387,-89.374531,3.317213,-3.398260
2026-08-05T15:57:35.883641,1785938255.883641,6.637216,0.06359107047319412,0.6845330595970154,0.20538853108882904,-0.6965554356575012,0.6161858439445496,0.34852632880210876,0.5502102971076965,-0.4428468346595764,91.268723,-89.398433,0.919629,-0.941918
2026-08-05T15:57:35.900769,1785938255.900769,6.654344,0.06346148997545242,0.684643566608429,0.20529793202877045,-0.6964854001998901,0.616137683391571,0.348579078912735,0.5502069592475891,-0.4428762197494507,91.279831,-89.409925,0.648524,-0.670968
2026-08-05T15:57:35.911284,1785938255.911284,6.664859,0.06324325501918793,0.68474280834198,0.2050388753414154,-0.696483850479126,0.6161167621612549,0.34862709045410156,0.5501993298530579,-0.442876935005188,91.313886,-89.446246,3.238706,-3.454190
2026-08-05T15:57:35.927503,1785938255.927503,6.681077,0.0629996582865715,0.6848556995391846,0.20476780831813812,-0.696474552154541,0.6161471009254456,0.34859979152679443,0.5502620339393616,-0.4427782893180847,91.367803,-89.503286,3.324289,-3.516868
2026-08-05T15:57:35.937714,1785938255.937714,6.691288,0.06269673258066177,0.6849393248558044,0.20455019176006317,-0.6964836120605469,0.6161587834358215,0.34859487414360046,0.5503365397453308,-0.44267335534095764,91.421240,-89.558790,5.233601,-5.436025
2026-08-05T15:57:35.953776,1785938255.953776,6.707350,0.06231248378753662,0.6850329637527466,0.204324409365654,-0.6964922547340393,0.6160492897033691,0.3486725687980652,0.5504027605056763,-0.4426822066307068,91.462604,-89.601561,2.575220,-2.662823
2026-08-05T15:57:35.967315,1785938255.967316,6.720890,0.062041934579610825,0.6852200031280518,0.2042030245065689,-0.6963679790496826,0.6158197522163391,0.3488967716693878,0.5503576993942261,-0.44288089871406555,91.455357,-89.593857,-0.535240,0.568988
2026-08-05T15:57:36.000619,1785938256.000620,6.754194,0.06170414388179779,0.6854451894760132,0.2038981020450592,-0.6962657570838928,0.6155334115028381,0.34921228885650635,0.5503138899803162,-0.44308486580848694,91.457107,-89.598673,0.052543,-0.144601
2026-08-05T15:57:36.008895,1785938256.008895,6.762469,0.061316050589084625,0.6856157183647156,0.2036035805940628,-0.6962183117866516,0.615318775177002,0.349490225315094,0.5503218770027161,-0.4431537687778473,91.478771,-89.624023,2.618039,-3.063417
2026-08-05T15:57:36.033837,1785938256.033837,6.787411,0.06084824725985527,0.6858353614807129,0.20334218442440033,-0.6961192488670349,0.6152430772781372,0.3495987057685852,0.5504762530326843,-0.4429815113544464,91.545551,-89.694985,2.677393,-2.845061
2026-08-05T15:57:36.040337,1785938256.040338,6.793912,0.060479119420051575,0.6860107183456421,0.20319150388240814,-0.6960225701332092,0.6152991652488708,0.34953102469444275,0.550773024559021,-0.4425881803035736,91.633171,-89.787860,13.478959,-14.287443
2026-08-05T15:57:36.070031,1785938256.070031,6.822591,0.06027975678443909,0.6861861348152161,0.20325236022472382,-0.6958492994308472,0.6153430342674255,0.34939855337142944,0.5510907173156738,-0.44223615527153015,91.692795,-89.850383,2.078976,-2.180034
2026-08-05T15:57:36.074521,1785938256.074521,6.828095,0.06004365533590317,0.6863263249397278,0.20334915816783905,-0.6957029700279236,0.6152067184448242,0.3494769036769867,0.5512337684631348,-0.4421856701374054,91.703662,-89.860672,1.974328,-1.869518
2026-08-05T15:57:36.101344,1785938256.101344,6.854918,0.05976478382945061,0.6866118311882019,0.20340180397033691,-0.695429801940918,0.6149068474769592,0.34980902075767517,0.5512344837188721,-0.4423390328884125,91.679156,-89.835095,-0.913592,0.953555
2026-08-05T15:57:36.110157,1785938256.110157,6.861707,0.0595574751496315,0.6867287158966064,0.20340687036514282,-0.6953307390213013,0.6146634817123413,0.3501034379005432,0.5512270927429199,-0.44245341420173645,91.657092,-89.813384,-3.250014,3.197951
2026-08-05T15:57:36.119101,1785938256.119102,6.872676,0.05912937968969345,0.6870250701904297,0.20310229063034058,-0.6951634883880615,0.6145581603050232,0.35027560591697693,0.5512369275093079,-0.44245147705078125,91.703195,-89.861801,4.203359,-4.414330
2026-08-05T15:57:36.151096,1785938256.151096,6.903869,0.05874345079064369,0.6872486472129822,0.20270392298698425,-0.6950913667678833,0.6146148443222046,0.3503822386264801,0.5512220859527588,-0.44230663776397705,91.773018,-89.935782,2.238399,-2.371699
2026-08-05T15:57:36.167521,1785938256.167522,6.921096,0.05839049816131592,0.6875218749046326,0.20235344767570496,-0.6949530243873596,0.6147305965423584,0.35042935609817505,0.5512236952781677,-0.4421063959598541,91.848849,-90.015182,4.401847,-4.609039
2026-08-05T15:57:36.186207,1785938256.186208,6.937753,0.057998597621917725,0.6876224279403687,0.20210523903369904,-0.6949585676193237,0.6147404313087463,0.3504788875579834,0.5512209534645081,-0.4420568645000458,91.903128,-90.069894,3.258693,-3.284680
2026-08-05T15:57:36.190246,1785938256.190246,6.943820,0.057640597224235535,0.6877455115318298,0.20189301669597626,-0.6949280500411987,0.6146367788314819,0.3505970537662506,0.5511758923530579,-0.4421635568141937,91.929751,-90.095777,4.387620,-4.265527
2026-08-05T15:57:36.209285,1785938256.209285,6.962859,0.057507358491420746,0.688004732131958,0.2017066329717636,-0.6947367191314697,0.6144219040870667,0.3508807122707367,0.5510387420654297,-0.4424080550670624,91.906382,-90.073340,-1.227492,1.178477
2026-08-05T15:57:36.235246,1785938256.235246,6.988302,0.05725701525807381,0.6881941556930542,0.20144806802272797,-0.6946447491645813,0.6142110228538513,0.3512009084224701,0.550887405872345,-0.44263535737991333,91.895994,-90.064147,-0.408280,0.361308
2026-08-05T15:57:36.250841,1785938256.250841,7.004415,0.056982386857271194,0.6883774399757385,0.20116552710533142,-0.6945676803588867,0.6142152547836304,0.3512660562992096,0.5508619546890259,-0.44260919094085693,91.939391,-90.109500,2.693248,-2.814645
2026-08-05T15:57:36.269164,1785938256.269165,7.022739,0.05678309500217438,0.6885215044021606,0.20091743767261505,-0.6945129036903381,0.6143985986709595,0.35111987590789795,0.5509439706802368,-0.4423685669898987,92.014840,-90.187866,4.117625,-4.276814
2026-08-05T15:57:36.279251,1785938256.279252,7.032826,0.05653686448931694,0.6885684132575989,0.20067062973976135,-0.6945578455924988,0.6145893931388855,0.35088855028152466,0.5510655045509338,-0.44213587045669556,92.100297,-90.275283,8.471598,-8.665820
2026-08-05T15:57:36.296847,1785938256.296848,7.050422,0.056249864399433136,0.6886157393455505,0.20045827329158783,-0.6945953965187073,0.6145913600921631,0.3508201241493225,0.551065981388092,-0.4421866536140442,92.143536,-90.317421,2.457399,-2.394832
2026-08-05T15:57:36.319385,1785938256.319386,7.070935,0.05605919659137726,0.6886749267578125,0.20030216872692108,-0.6945971250534058,0.6144408583641052,0.3509960472583771,0.5508933663368225,-0.44247129559516907,92.128553,-90.300020,-0.730388,0.848282
2026-08-05T15:57:36.329179,1785938256.329180,7.082754,0.05603136122226715,0.6888474225997925,0.20014148950576782,-0.6944746971130371,0.6142511963844299,0.3512597382068634,0.5506795644760132,-0.44279131293296814,92.088571,-90.259680,-3.383082,3.413260
2026-08-05T15:57:36.339681,1785938256.339681,7.093256,0.05578567832708359,0.6889354586601257,0.1997499167919159,-0.6945199966430664,0.614159882068634,0.35135623812675476,0.5506203770637512,-0.4429151117801666,92.117236,-90.291350,2.729636,-3.015663
2026-08-05T15:57:36.372407,1785938256.372407,7.124960,0.05538398399949074,0.6890408396720886,0.1993187516927719,-0.6945713758468628,0.6142151951789856,0.35121235251426697,0.5507277250289917,-0.4428190588951111,92.207227,-90.384466,2.838410,-2.936990
2026-08-05T15:57:36.387079,1785938256.387079,7.140653,0.05526711419224739,0.6891249418258667,0.19918787479400635,-0.6945347189903259,0.614375650882721,0.35097402334213257,0.5508872866630554,-0.44258689880371094,92.273259,-90.452549,4.207715,-4.338385
2026-08-05T15:57:36.437213,1785938256.437213,7.190788,0.05524688959121704,0.6892038583755493,0.1991155594587326,-0.6944786310195923,0.6144963502883911,0.35085752606391907,0.5509630441665649,-0.44241735339164734,92.309111,-90.490295,0.715116,-0.752907
2026-08-05T15:57:36.449486,1785938256.449486,7.202359,0.05519898608326912,0.6892300844192505,0.19909559190273285,-0.6944620609283447,0.6144841313362122,0.35093528032302856,0.550910472869873,-0.4424380660057068,92.306200,-90.487086,-0.251550,0.277385
2026-08-05T15:57:36.464843,1785938256.464843,7.216391,0.0549556203186512,0.6893049478530884,0.1989159882068634,-0.6944586634635925,0.6144290566444397,0.3510515093803406,0.5508394837379456,-0.44251078367233276,92.323730,-90.504477,1.249335,-1.239499
2026-08-05T15:57:36.481304,1785938256.481305,7.232855,0.054683126509189606,0.6894091367721558,0.19862350821495056,-0.6944603323936462,0.614401638507843,0.35112428665161133,0.5507807731628418,-0.4425641596317291,92.358211,-90.540131,2.094248,-2.165481
2026-08-05T15:57:36.497361,1785938256.497361,7.249913,0.05444847792387009,0.6895044445991516,0.1983664482831955,-0.6944577097892761,0.6144524812698364,0.3511132001876831,0.5507529377937317,-0.44253697991371155,92.403110,-90.586065,2.632197,-2.692893
2026-08-05T15:57:36.547238,1785938256.547238,7.300812,0.054436225444078445,0.6895928382873535,0.1982080489397049,-0.6944160461425781,0.6145848035812378,0.3510301113128662,0.5507124066352844,-0.4424695074558258,92.432809,-90.616860,0.583481,-0.605013
2026-08-05T15:57:36.552836,1785938256.552836,7.306411,0.05454781651496887,0.6896930932998657,0.19816279411315918,-0.6943206787109375,0.6147461533546448,0.3510420024394989,0.550571858882904,-0.4424108862876892,92.435179,-90.619290,0.423384,-0.434105
2026-08-05T15:57:36.571560,1785938256.571560,7.325135,0.05450228229165077,0.689790666103363,0.19795846939086914,-0.6942855715751648,0.614859938621521,0.3511516749858856,0.5503324270248413,-0.4424636960029602,92.443218,-90.626995,0.429335,-0.411456
2026-08-05T15:57:36.585483,1785938256.585484,7.339058,0.054383907467126846,0.6898950338363647,0.1977684199810028,-0.6942452192306519,0.6148162484169006,0.3513736426830292,0.550007700920105,-0.44275182485580444,92.422894,-90.603535,-1.459755,1.684928
2026-08-05T15:57:36.599533,1785938256.599534,7.353108,0.054015837609767914,0.6900821328163147,0.19723479449748993,-0.6942399144172668,0.6145836114883423,0.3517683446407318,0.5495470762252808,-0.443333238363266,92.404468,-90.582559,-1.311463,1.492990
2026-08-05T15:57:36.617328,1785938256.617329,7.370903,0.05402800440788269,0.6903247237205505,0.19674372673034668,-0.6941370368003845,0.6142551898956299,0.35232773423194885,0.5489831566810608,-0.44404202699661255,92.320783,-90.499469,-4.702604,4.669165
2026-08-05T15:57:36.633785,1785938256.633785,7.387359,0.05397891253232956,0.6903991103172302,0.19646717607975006,-0.6941453218460083,0.614025354385376,0.3528219163417816,0.5483524799346924,-0.44474634528160095,92.234709,-90.407825,-5.230540,5.569017
2026-08-05T15:57:36.650458,1785938256.650458,7.404032,0.05381516367197037,0.6905478835105896,0.19612178206443787,-0.6941075921058655,0.613935649394989,0.35322415828704834,0.5478038191795349,-0.44522684812545776,92.195804,-90.364904,-2.333372,2.574258
2026-08-05T15:57:36.669343,1785938256.669344,7.422918,0.05377163738012314,0.6906818747520447,0.1958518624305725,-0.6940538287162781,0.6138929128646851,0.35361671447753906,0.5471948385238647,-0.4457227885723114,92.141307,-90.305229,-2.885626,3.159809
2026-08-05T15:57:36.674721,1785938256.674721,7.428295,0.053674519062042236,0.6909452080726624,0.19539865851402283,-0.6939271092414856,0.6137656569480896,0.35432904958724976,0.5462996363639832,-0.44642964005470276,92.056953,-90.215720,-15.686394,16.645047
2026-08-05T15:57:36.690605,1785938256.690605,7.444180,0.053357623517513275,0.6910404562950134,0.1948091983795166,-0.6940223574638367,0.6134809851646423,0.3554091155529022,0.5451232194900513,-0.4473992586135864,91.939904,-90.091475,-7.368904,7.821952
2026-08-05T15:57:36.702794,1785938256.702795,7.456369,0.05303579568862915,0.6913936734199524,0.1942066103219986,-0.6938639283180237,0.6134992837905884,0.3562866151332855,0.5437350869178772,-0.4483646750450134,91.854337,-89.992059,-7.019670,8.155760
2026-08-05T15:57:36.719856,1785938256.719857,7.472360,0.05283013731241226,0.691853940486908,0.19359613955020905,-0.6935915946960449,0.613065242767334,0.3577609956264496,0.541828453540802,-0.45008912682533264,91.629591,-89.748110,-14.055001,15.255847
2026-08-05T15:57:36.735864,1785938256.735865,7.489439,0.05274830013513565,0.692357063293457,0.1930510401725769,-0.6932474970817566,0.6125665307044983,0.3592504560947418,0.5402026772499084,-0.45153355598449707,91.410122,-89.516984,-12.849979,13.532484
2026-08-05T15:57:36.752333,1785938256.752334,7.505908,0.052634935826063156,0.6928852796554565,0.19260218739509583,-0.6928531527519226,0.6120015382766724,0.36086705327033997,0.5384401679039001,-0.453112930059433,91.162510,-89.253869,-15.035199,15.976608
2026-08-05T15:57:36.768811,1785938256.768811,7.522385,0.05215650796890259,0.693255603313446,0.1914231777191162,-0.6928456425666809,0.611420750617981,0.3626480996608734,0.536432147026062,-0.4548534154891968,90.965240,-89.046281,-11.972049,12.598242
2026-08-05T15:57:36.787444,1785938256.787445,7.539003,0.05016906559467316,0.6937575340270996,0.1888333559036255,-0.6932004690170288,0.6105978488922119,0.36558398604393005,0.5331319570541382,-0.4574812054634094,90.815212,-88.878139,-9.028157,10.118173
2026-08-05T15:57:36.790129,1785938256.790129,7.543704,0.048367518931627274,0.6946245431900024,0.18633604049682617,-0.6931360960006714,0.6092251539230347,0.3695123493671417,0.5296157598495483,-0.46023115515708923,90.530158,-88.584248,-60.644426,62.524360
2026-08-05T15:57:36.800672,1785938256.800673,7.554247,0.047230809926986694,0.6956571340560913,0.18401774764060974,-0.6927981972694397,0.6076697111129761,0.3731549084186554,0.5262344479560852,-0.46321743726730347,90.172633,-88.219900,-33.910739,34.557924
2026-08-05T15:57:36.814029,1785938256.814029,7.567603,0.046676360070705414,0.6961736679077148,0.18205930292606354,-0.6928344964981079,0.6057457327842712,0.37687721848487854,0.5218730568885803,-0.4676368534564972,89.586755,-87.601214,-43.864804,46.321190
2026-08-05T15:57:36.827395,1785938256.827395,7.580969,0.04594733566045761,0.6966269612312317,0.18002019822597504,-0.6929602026939392,0.6037991046905518,0.3813895285129547,0.5169469714164734,-0.4719478189945221,88.954196,-86.936309,-47.326034,49.746043
2026-08-05T15:57:36.843360,1785938256.843360,7.596934,0.04471742361783981,0.6971985697746277,0.17767150700092316,-0.6930719614028931,0.6024401187896729,0.38567981123924255,0.5122784972190857,-0.4752766489982605,88.508097,-86.465428,-27.942322,29.494599
2026-08-05T15:57:36.918249,1785938256.918250,7.670205,0.04329269379377365,0.6978201270103455,0.1754634529352188,-0.6930994987487793,0.6016371250152588,0.3886259198188782,0.5085050463676453,-0.4779389500617981,88.266865,-86.196798,-3.292345,3.666281
2026-08-05T15:57:36.928788,1785938256.928788,7.682363,0.042957160621881485,0.6984888315200806,0.17384880781173706,-0.692853569984436,0.6010679006576538,0.3905624449253082,0.5059112310409546,-0.4798254370689392,88.052100,-85.971512,-17.664639,18.529962
2026-08-05T15:57:36.936647,1785938256.936647,7.690222,0.04354473575949669,0.699313223361969,0.1727280467748642,-0.6922653317451477,0.6008138656616211,0.3916824162006378,0.5042279362678528,-0.48100095987319946,87.867092,-85.789580,-23.541023,23.149558
2026-08-05T15:57:36.944582,1785938256.944583,7.698157,0.044398222118616104,0.6999688148498535,0.17221495509147644,-0.6916762590408325,0.6005651354789734,0.3926104009151459,0.5026023983955383,-0.48225492238998413,87.626809,-85.542206,-30.280271,31.173879
2026-08-05T15:57:36.951516,1785938256.952575,7.705091,0.044775716960430145,0.7005947828292847,0.17175856232643127,-0.6911312341690063,0.599912166595459,0.3943052589893341,0.500664234161377,-0.4836985766887665,87.327898,-85.232853,-43.108485,44.614417
2026-08-05T15:57:36.968842,1785938256.968842,7.722416,0.045021992176771164,0.7009288668632507,0.17149138450622559,-0.6908429265022278,0.5994293093681335,0.3958730697631836,0.4990801215171814,-0.48465269804000854,87.083502,-84.981317,-14.106224,14.518325
2026-08-05T15:57:36.984307,1785938256.985668,7.737881,0.04523250460624695,0.7014733552932739,0.17097125947475433,-0.6904053092002869,0.5993505716323853,0.39656969904899597,0.498096764087677,-0.48519167304039,86.990439,-84.887343,-6.017551,6.076448
2026-08-05T15:57:37.000472,1785938257.000473,7.753175,0.04556116834282875,0.7019525170326233,0.17061130702495575,-0.6899855732917786,0.5994266271591187,0.3970848023891449,0.49751579761505127,-0.4852725565433502,86.936186,-84.839153,-3.547463,3.151079
2026-08-05T15:57:37.008811,1785938257.008811,7.762385,0.045852385461330414,0.7023158669471741,0.17038899660110474,-0.6896515488624573,0.5995215177536011,0.39749422669410706,0.49714961647987366,-0.4851955473423004,86.899132,-84.808949,-4.023073,3.279285
2026-08-05T15:57:37.028038,1785938257.028039,7.778800,0.04636985808610916,0.702705442905426,0.1706766039133072,-0.6891486048698425,0.5999992489814758,0.397392600774765,0.4972728490829468,-0.484561562538147,86.915958,-84.831682,1.025043,-1.384887
2026-08-05T15:57:37.047598,1785938257.047598,7.801172,0.0468764528632164,0.7029683589935303,0.17108865082263947,-0.6887438893318176,0.6006829142570496,0.3968908190727234,0.49782729148864746,-0.4835554361343384,86.999485,-84.923907,3.733507,-4.122273
2026-08-05T15:57:37.051992,1785938257.051992,7.805567,0.047230567783117294,0.7031634449958801,0.17153209447860718,-0.688410222530365,0.6011179685592651,0.3967221677303314,0.49837788939476013,-0.482585072517395,87.053089,-84.988400,12.198566,-14.676587
2026-08-05T15:57:37.067078,1785938257.067079,7.820653,0.047341324388980865,0.703269362449646,0.17184294760227203,-0.6882169842720032,0.6013479828834534,0.39675745368003845,0.49892744421958923,-0.4817007780075073,87.104362,-85.052496,3.398576,-4.248589
2026-08-05T15:57:37.083515,1785938257.083515,7.837089,0.04732846841216087,0.7035449147224426,0.17217031121253967,-0.6878543496131897,0.6016248464584351,0.3966340124607086,0.49951356649398804,-0.48084864020347595,87.182298,-85.139448,4.741789,-5.290299
2026-08-05T15:57:37.100383,1785938257.100383,7.853302,0.04725497588515282,0.7036963105201721,0.17241664230823517,-0.6876426339149475,0.6018013954162598,0.39648163318634033,0.5000502467155457,-0.4801948368549347,87.251857,-85.216159,4.290451,-4.731592
2026-08-05T15:57:37.116056,1785938257.116057,7.869631,0.047386109828948975,0.7038987874984741,0.17263537645339966,-0.6873714923858643,0.6017637848854065,0.3964724838733673,0.500490665435791,-0.47979068756103516,87.263765,-85.236873,0.729235,-1.268567
2026-08-05T15:57:37.136253,1785938257.136254,7.889828,0.047355979681015015,0.7040103077888489,0.17265409231185913,-0.687254786491394,0.6017453074455261,0.396349161863327,0.5008707642555237,-0.4795192778110504,87.301837,-85.281747,1.885066,-2.221789
2026-08-05T15:57:37.150150,1785938257.150151,7.903725,0.04702609032392502,0.7040576338768005,0.1724850833415985,-0.6872714161872864,0.6019492745399475,0.39584794640541077,0.5013800263404846,-0.4791446924209595,87.429467,-85.413624,9.183982,-9.489679
2026-08-05T15:57:37.185912,1785938257.185912,7.939487,0.0467018187046051,0.7039965987205505,0.1722971647977829,-0.6874032020568848,0.6023507118225098,0.3950906991958618,0.5019246339797974,-0.47869500517845154,87.591872,-85.578182,4.541310,-4.601498
2026-08-05T15:57:37.201190,1785938257.201190,7.952744,0.046494100242853165,0.7039579749107361,0.17206735908985138,-0.6875144243240356,0.6028475761413574,0.3942241668701172,0.5024514198303223,-0.4782310426235199,87.760251,-85.749077,12.700172,-12.889954
2026-08-05T15:57:37.218970,1785938257.218970,7.972544,0.04638853296637535,0.7038552761077881,0.17185057699680328,-0.6876809597015381,0.6033390164375305,0.3934309184551239,0.5030657649040222,-0.4776180684566498,87.922945,-85.919154,8.217014,-8.589875
2026-08-05T15:57:37.229427,1785938257.229428,7.980981,0.04644836112856865,0.7037909030914307,0.17161180078983307,-0.6878023743629456,0.6038360595703125,0.39261507987976074,0.5036192536354065,-0.4770777225494385,88.067971,-86.071986,17.188898,-18.114159
2026-08-05T15:57:37.243823,1785938257.243824,7.997398,0.04620921611785889,0.7036574482917786,0.1713617444038391,-0.6880173683166504,0.6042429208755493,0.3919481933116913,0.5040494203567505,-0.4766564965248108,88.214063,-86.221356,8.899105,-9.098722
2026-08-05T15:57:37.268337,1785938257.268337,8.021912,0.0461810901761055,0.7035465240478516,0.171526238322258,-0.6880916953086853,0.6045892238616943,0.39138278365135193,0.5045417547225952,-0.47616100311279297,88.309595,-86.318311,3.897057,-3.955162
2026-08-05T15:57:37.277097,1785938257.277097,8.030672,0.046955011785030365,0.7036422491073608,0.17198750376701355,-0.6878263354301453,0.6055922508239746,0.3899680972099304,0.5062094926834106,-0.47427302598953247,88.531174,-86.565576,25.294495,-28.226650
2026-08-05T15:57:37.293394,1785938257.293395,8.046969,0.04833489656448364,0.7037272453308105,0.17301765084266663,-0.6873853802680969,0.6064474582672119,0.3892193138599396,0.5071406364440918,-0.47279852628707886,88.556952,-86.606493,1.581751,-2.510645
2026-08-05T15:57:37.301489,1785938257.301489,8.055063,0.04963282495737076,0.7036669254302979,0.1744040548801422,-0.6870042085647583,0.6074680089950562,0.38855090737342834,0.5078709125518799,-0.4712514579296112,88.568203,-86.623186,1.390012,-2.062386
2026-08-05T15:57:37.310014,1785938257.310015,8.063589,0.05082406848669052,0.7037320137023926,0.17602092027664185,-0.686437726020813,0.6086835265159607,0.3880811333656311,0.5084706544876099,-0.4694199860095978,88.587452,-86.644454,2.257675,-2.494461
2026-08-05T15:57:37.318261,1785938257.318262,8.071836,0.052092719823122025,0.7036285996437073,0.1777811497449875,-0.6859949827194214,0.610264778137207,0.3877227008342743,0.5088776350021362,-0.4672170877456665,88.618541,-86.676146,3.769797,-3.842906
2026-08-05T15:57:37.362304,1785938257.362304,8.115878,0.05323275551199913,0.7035714387893677,0.1794499307870865,-0.685531497001648,0.6122692227363586,0.38738253712654114,0.5091567635536194,-0.46456509828567505,88.716000,-86.774753,2.212833,-2.238910
2026-08-05T15:57:37.368130,1785938257.368131,8.121705,0.05436735972762108,0.7035753130912781,0.18111497163772583,-0.6850005388259888,0.6145411729812622,0.387144535779953,0.5092677474021912,-0.46163275837898254,88.836449,-86.896006,20.671931,-20.809839
2026-08-05T15:57:37.384501,1785938257.384502,8.138076,0.05570116639137268,0.7036691308021545,0.182950958609581,-0.6843085885047913,0.6170071959495544,0.3868136405944824,0.5093846321105957,-0.4584810435771942,88.960681,-87.020386,7.588669,-7.597700
2026-08-05T15:57:37.395410,1785938257.395411,8.148985,0.05703773722052574,0.7038668990135193,0.18476948142051697,-0.6835059523582458,0.6194226741790771,0.3864360451698303,0.5097873210906982,-0.4550821781158447,89.110582,-87.177352,13.740941,-14.388551
2026-08-05T15:57:37.409835,1785938257.409836,8.163410,0.05854135751724243,0.7041224241256714,0.18689744174480438,-0.6825366616249084,0.6215424537658691,0.3859044313430786,0.5104785561561584,-0.45185694098472595,89.216490,-87.289586,7.341950,-7.780529
2026-08-05T15:57:37.418359,1785938257.418359,8.171933,0.06055117025971413,0.7043429017066956,0.18931463360786438,-0.6814668774604797,0.6233026385307312,0.3853963613510132,0.5114403963088989,-0.4487677216529846,89.231110,-87.316504,1.715249,-3.158029
2026-08-05T15:57:37.445655,1785938257.445656,8.199230,0.06329480558633804,0.704804003238678,0.19216446578502655,-0.6799414157867432,0.6245887875556946,0.3852672874927521,0.5125408172607422,-0.44582512974739075,89.090393,-87.196616,-5.155118,4.392056
2026-08-05T15:57:37.484825,1785938257.484826,8.238400,0.06576916575431824,0.7053969502449036,0.19510282576084137,-0.6782529354095459,0.6258878707885742,0.3846229016780853,0.5140776634216309,-0.4427798092365265,89.026285,-87.151364,-1.636674,1.155284
2026-08-05T15:57:37.500541,1785938257.500541,8.254116,0.06732401996850967,0.7059780359268188,0.19792893528938293,-0.6766749024391174,0.6265762448310852,0.3842751383781433,0.515840470790863,-0.44004976749420166,88.984888,-87.126469,-2.634125,1.584061
2026-08-05T15:57:37.517157,1785938257.517157,8.270731,0.06785891205072403,0.7065012454986572,0.20054739713668823,-0.6753031015396118,0.6265024542808533,0.3845728635787964,0.517451822757721,-0.43799781799316406,88.915190,-87.066126,-4.194707,3.631656
2026-08-05T15:57:37.523344,1785938257.523345,8.276919,0.06820739805698395,0.7071625590324402,0.20308275520801544,-0.6738163828849792,0.6256697773933411,0.3853791058063507,0.5189859867095947,-0.43666237592697144,88.741878,-86.902113,-28.009284,26.506529
2026-08-05T15:57:37.531456,1785938257.531456,8.285030,0.06895346939563751,0.7078487277030945,0.20595969259738922,-0.6721445918083191,0.6243034601211548,0.38650795817375183,0.5206989049911499,-0.43557974696159363,88.442541,-86.616527,-36.903951,35.208666
2026-08-05T15:57:37.549707,1785938257.549708,8.302715,0.06953680515289307,0.7079521417617798,0.20896343886852264,-0.6710475087165833,0.6228970885276794,0.38709402084350586,0.5226855278015137,-0.43469223380088806,88.174877,-86.354765,-15.135524,14.801774
2026-08-05T15:57:37.556672,1785938257.556673,8.310247,0.07005485147237778,0.7082746624946594,0.21219496428966522,-0.6696378588676453,0.621403694152832,0.3874112069606781,0.5249744057655334,-0.4337879419326782,87.923597,-86.106503,-33.361094,32.960532
2026-08-05T15:57:37.573247,1785938257.573248,8.326822,0.07046499103307724,0.7085286974906921,0.21558240056037903,-0.6682425737380981,0.6198934316635132,0.38743504881858826,0.5273495316505432,-0.43304604291915894,87.683469,-85.861259,-14.487097,14.795696
2026-08-05T15:57:37.590029,1785938257.590029,8.343604,0.0710303783416748,0.7083082795143127,0.21966005861759186,-0.6670873165130615,0.6185598373413086,0.38696348667144775,0.529862642288208,-0.43230634927749634,87.427564,-85.585264,-15.249139,16.446316
2026-08-05T15:57:37.632695,1785938257.632695,8.386269,0.07208173722028732,0.7080745100975037,0.22400924563407898,-0.6657752990722656,0.6175286769866943,0.3861243426799774,0.5324099063873291,-0.4314000904560089,87.162614,-85.297106,-6.209944,6.753887
2026-08-05T15:57:37.650044,1785938257.650045,8.403619,0.07349789887666702,0.708018958568573,0.22829371690750122,-0.664222240447998,0.6167769432067871,0.38538801670074463,0.5346570611000061,-0.43035373091697693,86.878737,-84.991217,-16.362040,17.630801
2026-08-05T15:57:37.667206,1785938257.667207,8.420781,0.0746559426188469,0.7078604698181152,0.23180660605430603,-0.6630441546440125,0.6163750290870667,0.3847642242908478,0.5365188121795654,-0.42916879057884216,86.678753,-84.775610,-11.652540,12.562796
2026-08-05T15:57:37.673186,1785938257.673187,8.426761,0.07554745674133301,0.7076631784439087,0.23446772992610931,-0.6622177362442017,0.6163917183876038,0.3842730224132538,0.5378314256668091,-0.42794036865234375,86.562738,-84.648575,-19.401209,21.244137
2026-08-05T15:57:37.681768,1785938257.681768,8.435343,0.0756436362862587,0.7076248526573181,0.23568981885910034,-0.6618136763572693,0.6168099045753479,0.38386642932891846,0.5386698842048645,-0.4266461730003357,86.627239,-84.712018,7.516186,-7.392864
2026-08-05T15:57:37.701095,1785938257.701095,8.454669,0.0750223696231842,0.7075704336166382,0.23567745089530945,-0.6619469523429871,0.6173936128616333,0.38357698917388916,0.539129376411438,-0.42548057436943054,86.823884,-84.915821,10.174690,-10.545027
2026-08-05T15:57:37.717177,1785938257.717178,8.470752,0.07391756772994995,0.7077916860580444,0.23459911346435547,-0.6622177362442017,0.6179121136665344,0.38343682885169983,0.5391185283660889,-0.4248672127723694,87.079183,-85.180438,15.874290,-16.453713
2026-08-05T15:57:37.750432,1785938257.750433,8.504007,0.07347957789897919,0.7082394957542419,0.23336756229400635,-0.662222683429718,0.6182548999786377,0.3835484981536865,0.5386633276939392,-0.4248451590538025,87.208407,-85.319524,3.885857,-4.182441
2026-08-05T15:57:37.767417,1785938257.767417,8.520992,0.073665089905262,0.7088868021965027,0.23205235600471497,-0.6619715690612793,0.6185542345046997,0.38370466232299805,0.5378975868225098,-0.42523840069770813,87.247739,-85.368583,2.315766,-2.888395
2026-08-05T15:57:37.784345,1785938257.784346,8.537920,0.0741298496723175,0.7095917463302612,0.23033449053764343,-0.66176438331604,0.6187477707862854,0.3839988112449646,0.536748468875885,-0.4261425733566284,87.230716,-85.362510,-1.005607,0.358769
2026-08-05T15:57:37.792257,1785938257.792258,8.545832,0.07437266409397125,0.710395872592926,0.22806796431541443,-0.6616594791412354,0.6188968420028687,0.3843141198158264,0.535277247428894,-0.4274901747703552,87.232551,-85.373261,0.231885,-1.358872
2026-08-05T15:57:37.799755,1785938257.799756,8.553330,0.07439693063497543,0.7110287547111511,0.22515735030174255,-0.6619736552238464,0.618953287601471,0.3848358392715454,0.5334726572036743,-0.4291912615299225,87.244246,-85.397509,1.559687,-3.233949
2026-08-05T15:57:37.818442,1785938257.818443,8.572017,0.07400074601173401,0.7118485569953918,0.22145411372184753,-0.662385880947113,0.6188662648200989,0.38563284277915955,0.5313519239425659,-0.43122735619544983,87.292129,-85.462376,2.562416,-3.471215
2026-08-05T15:57:37.833133,1785938257.833133,8.586708,0.07372944802045822,0.7131655812263489,0.21711906790733337,-0.6624346375465393,0.6187160015106201,0.3865724802017212,0.5292584896087646,-0.4331720769405365,87.366782,-85.568722,5.081611,-7.239019
2026-08-05T15:57:37.850896,1785938257.850896,8.603731,0.0728210061788559,0.7134719491004944,0.2132306545972824,-0.6634674072265625,0.6189445853233337,0.38692641258239746,0.5274107456207275,-0.434780091047287,87.551145,-85.770945,10.829734,-11.878840
2026-08-05T15:57:37.868215,1785938257.868215,8.621171,0.07087496668100357,0.713207483291626,0.20958104729652405,-0.665123462677002,0.6192299127578735,0.38723886013031006,0.5252370238304138,-0.43672266602516174,87.788102,-86.001701,13.586932,-13.231391
2026-08-05T15:57:37.875863,1785938257.875864,8.627178,0.0698123648762703,0.7136778831481934,0.20594561100006104,-0.665866494178772,0.6192192435264587,0.38813096284866333,0.5229723453521729,-0.438659131526947,87.887520,-86.109313,16.552462,-17.916594
2026-08-05T15:57:37.930703,1785938257.930703,8.681488,0.06940311938524246,0.7140225768089294,0.20265203714370728,-0.6665496230125427,0.6192329525947571,0.3888125419616699,0.5211938619613647,-0.44015052914619446,87.957023,-86.197891,1.279755,-1.630978
2026-08-05T15:57:37.939900,1785938257.939900,8.693474,0.06947535276412964,0.7141632437705994,0.19991037249565125,-0.667219340801239,0.6200016140937805,0.38812699913978577,0.5202866196632385,-0.4407462477684021,88.163924,-86.423805,17.260842,-18.847001
2026-08-05T15:57:37.950077,1785938257.950077,8.701595,0.07000166922807693,0.7145200371742249,0.19767168164253235,-0.6674491763114929,0.6212381720542908,0.38664597272872925,0.519871711730957,-0.4407964050769806,88.430253,-86.707178,32.795041,-34.893788
2026-08-05T15:57:37.989760,1785938257.989761,8.741509,0.07081872224807739,0.7145511507987976,0.19600383937358856,-0.6678215265274048,0.6224358677864075,0.3851562440395355,0.5192350149154663,-0.44116130471229553,88.601697,-86.883219,4.295348,-4.410530
2026-08-05T15:57:38.007253,1785938258.007253,8.760827,0.07135076075792313,0.7142062187194824,0.19418075680732727,-0.6686658263206482,0.6233187913894653,0.3843136727809906,0.5179118514060974,-0.4422036111354828,88.679527,-86.957170,4.028907,-3.828121
2026-08-05T15:57:38.018391,1785938258.018392,8.769945,0.07162491232156754,0.7139214873313904,0.19180700182914734,-0.6696250438690186,0.6239992380142212,0.3840123116970062,0.5161753296852112,-0.4435341954231262,88.737272,-87.015129,6.332836,-6.356304
2026-08-05T15:57:38.029932,1785938258.029933,8.783507,0.07119918614625931,0.7140049934387207,0.18824954330921173,-0.6705901026725769,0.6245276927947998,0.3839665651321411,0.5142348408699036,-0.4450814723968506,88.895220,-87.183364,11.646781,-12.405333
2026-08-05T15:57:38.051967,1785938258.051968,8.805542,0.06996669620275497,0.7142239809036255,0.18383225798606873,-0.6717113256454468,0.6248424053192139,0.3840084969997406,0.5121097564697266,-0.447049617767334,89.136321,-87.435057,10.941694,-11.422359
2026-08-05T15:57:38.067497,1785938258.067498,8.820218,0.0683378204703331,0.714195728302002,0.17946583032608032,-0.6730884313583374,0.6248785853385925,0.3841138780117035,0.5099316239356995,-0.4493921399116516,89.362339,-87.663786,15.400109,-15.584907
2026-08-05T15:57:38.083214,1785938258.083214,8.836788,0.06710053980350494,0.7139602899551392,0.17568787932395935,-0.6744580268859863,0.6247534155845642,0.3842177391052246,0.5077037215232849,-0.4519922435283661,89.483938,-87.779975,7.338493,-7.011980
2026-08-05T15:57:38.099754,1785938258.099754,8.853328,0.06631535291671753,0.7136555910110474,0.17234107851982117,-0.6757205128669739,0.6244388222694397,0.3843523859977722,0.5054248571395874,-0.45485740900039673,89.503088,-87.789283,1.157798,-0.562753
2026-08-05T15:57:38.116472,1785938258.116473,8.868265,0.06541020423173904,0.7131788730621338,0.16895326972007751,-0.677166223526001,0.6240737438201904,0.38436955213546753,0.503230094909668,-0.45776817202568054,89.538013,-87.813483,2.338175,-1.620117
2026-08-05T15:57:38.127916,1785938258.127917,8.881491,0.06399139761924744,0.7128989696502686,0.16508162021636963,-0.6785498857498169,0.6234759092330933,0.38444554805755615,0.5010442733764648,-0.4609057307243347,89.623205,-87.889846,6.441360,-5.773779
2026-08-05T15:57:38.136191,1785938258.136192,8.889766,0.06252595782279968,0.712897002696991,0.16117256879806519,-0.679627537727356,0.6225363612174988,0.3846394121646881,0.4988948404788971,-0.46433305740356445,89.674264,-87.932666,6.170291,-5.174664
2026-08-05T15:57:38.144848,1785938258.144848,8.898422,0.06127658858895302,0.7127597332000732,0.15755149722099304,-0.6807333827018738,0.6213470697402954,0.3850518763065338,0.4967111349105835,-0.4679112136363983,89.643487,-87.892687,-3.555431,4.618362
2026-08-05T15:57:38.163005,1785938258.163006,8.916580,0.0603276751935482,0.7127887606620789,0.15427425503730774,-0.681537926197052,0.6200641989707947,0.3856483995914459,0.4945187270641327,-0.47143080830574036,89.549415,-87.789782,-5.180925,5.667449
2026-08-05T15:57:38.181415,1785938258.181415,8.934989,0.05899318680167198,0.7127053737640381,0.15093794465065002,-0.6824883222579956,0.6187230348587036,0.3865504264831543,0.4923664927482605,-0.4746955931186676,89.483400,-87.718090,-3.585925,3.894296
2026-08-05T15:57:38.187040,1785938258.187041,8.940615,0.05732620507478714,0.7125170826911926,0.1477339267730713,-0.6835272312164307,0.6175352334976196,0.38757583498954773,0.49028658866882324,-0.47755032777786255,89.464188,-87.692795,-3.415258,4.496578
2026-08-05T15:57:38.199380,1785938258.199380,8.952954,0.05532166361808777,0.7126423120498657,0.14430661499500275,-0.6842936873435974,0.6167707443237305,0.388509064912796,0.4884335994720459,-0.4796741008758545,89.577305,-87.807188,9.166992,-9.270411
2026-08-05T15:57:38.218667,1785938258.218668,8.970225,0.053253863006830215,0.7127168774604797,0.14112843573093414,-0.6850425004959106,0.6162052154541016,0.3894854485988617,0.4868144392967224,-0.4812525510787964,89.727010,-87.961329,8.668100,-8.924959
2026-08-05T15:57:38.232333,1785938258.232333,8.984390,0.051119498908519745,0.7130312323570251,0.1381559520959854,-0.6854838132858276,0.615922749042511,0.39003950357437134,0.48592016100883484,-0.48206862807273865,89.988413,-88.235016,18.454230,-19.321443
2026-08-05T15:57:38.252916,1785938258.252916,9.006490,0.049096595495939255,0.7133071422576904,0.1356227695941925,-0.6858503222465515,0.6157935261726379,0.3900679051876068,0.4857145845890045,-0.4824177622795105,90.306776,-88.567705,14.405282,-15.053523
2026-08-05T15:57:38.269802,1785938258.269802,9.022589,0.04757272079586983,0.7137287855148315,0.13389001786708832,-0.6858596205711365,0.6154860258102417,0.38997596502304077,0.4857912063598633,-0.48280709981918335,90.535093,-88.805782,14.182279,-14.788527
2026-08-05T15:57:38.276535,1785938258.276536,9.030110,0.045789312571287155,0.7135948538780212,0.13268062472343445,-0.6863553524017334,0.6148772835731506,0.3901023268699646,0.48582589626312256,-0.48344531655311584,90.695187,-88.964470,21.287953,-21.100923
2026-08-05T15:57:38.310740,1785938258.310741,9.064315,0.043876178562641144,0.7132660150527954,0.13184693455696106,-0.6869823932647705,0.6141207218170166,0.39030182361602783,0.4859308898448944,-0.48413988947868347,90.825003,-89.086981,3.795201,-3.581651
2026-08-05T15:57:38.318775,1785938258.318776,9.072350,0.041919413954019547,0.712826669216156,0.1309044510126114,-0.6877403259277344,0.613495945930481,0.39013078808784485,0.4862334728240967,-0.48476576805114746,91.008650,-89.263675,22.856056,-21.990673
2026-08-05T15:57:38.328827,1785938258.328827,9.080385,0.03966594487428665,0.71234530210495,0.1297207474708557,-0.6885964870452881,0.6130663752555847,0.38947099447250366,0.48687833547592163,-0.4851924479007721,91.303938,-89.553493,36.750487,-36.069696
2026-08-05T15:57:38.345690,1785938258.345691,9.097244,0.03748830780386925,0.7117178440093994,0.12866149842739105,-0.6895654201507568,0.6126520037651062,0.38841915130615234,0.48785892128944397,-0.48557379841804504,91.623995,-89.867872,18.984553,-18.647768
2026-08-05T15:57:38.382428,1785938258.382428,9.136003,0.03584013134241104,0.7111592292785645,0.12781323492527008,-0.6903867721557617,0.6121928095817566,0.38711920380592346,0.4889097213745117,-0.4861339032649994,91.889258,-90.126802,6.843899,-6.680516
2026-08-05T15:57:38.401642,1785938258.401643,9.153695,0.03486417979001999,0.7104789614677429,0.1274086833000183,-0.6912113428115845,0.6117538809776306,0.3857662081718445,0.48992249369621277,-0.4867420196533203,92.062122,-90.291780,9.770714,-9.324910
2026-08-05T15:57:38.409467,1785938258.409468,9.163042,0.033845238387584686,0.7094727754592896,0.1271250694990158,-0.6923468112945557,0.6114084720611572,0.384328156709671,0.49094638228416443,-0.4872814118862152,92.241272,-90.459930,19.165630,-17.988924
2026-08-05T15:57:38.432992,1785938258.432992,9.185848,0.03275206685066223,0.7084437012672424,0.12682761251926422,-0.6935067176818848,0.6111945509910583,0.3827643394470215,0.4919361472129822,-0.4877823293209076,92.445655,-90.650603,8.962019,-8.360843
2026-08-05T15:57:38.439924,1785938258.439924,9.193498,0.031616631895303726,0.7072716355323792,0.12646007537841797,-0.6948216557502747,0.611175000667572,0.3810025155544281,0.4930943250656128,-0.4880167245864868,92.702391,-90.896204,33.557582,-32.102124
2026-08-05T15:57:38.449283,1785938258.449283,9.202857,0.030597692355513573,0.7059135437011719,0.12635356187820435,-0.6962661743164062,0.6113762259483337,0.3789285123348236,0.49443319439888,-0.48802489042282104,92.982499,-91.162460,29.928107,-28.448122
2026-08-05T15:57:38.468543,1785938258.468544,9.222118,0.02993175759911537,0.7046217918395996,0.12633217871189117,-0.6976062655448914,0.6116679906845093,0.3766322731971741,0.4957622289657593,-0.4880886971950531,93.242938,-91.408162,13.522142,-12.756987
2026-08-05T15:57:38.487384,1785938258.487385,9.240959,0.0298420749604702,0.7034269571304321,0.1265600174665451,-0.6987736821174622,0.6118316054344177,0.37442901730537415,0.49687960743904114,-0.48844215273857117,93.397120,-91.545740,8.183236,-7.301989
2026-08-05T15:57:38.495194,1785938258.495195,9.248769,0.029981330037117004,0.7023490071296692,0.12666529417037964,-0.6998322606086731,0.6118258833885193,0.3724675178527832,0.4977265000343323,-0.4890863001346588,93.486658,-91.619980,11.464751,-9.505923
2026-08-05T15:57:38.512266,1785938258.512266,9.265841,0.030416952446103096,0.7012632489204407,0.12672479450702667,-0.7008906006813049,0.6117506623268127,0.37072819471359253,0.4981333613395691,-0.49008673429489136,93.496080,-91.611146,0.551878,0.517507
2026-08-05T15:57:38.520614,1785938258.520614,9.274189,0.03110203519463539,0.700367271900177,0.12657412886619568,-0.7017830610275269,0.6117597222328186,0.36915796995162964,0.4982258677482605,-0.49116548895835876,93.477422,-91.576839,-2.235033,4.109555
2026-08-05T15:57:38.551069,1785938258.551070,9.304644,0.0322091318666935,0.6996905207633972,0.12638157606124878,-0.7024425864219666,0.6118672490119934,0.3676820397377014,0.4980425238609314,-0.4923233091831207,93.411895,-91.497166,-2.151544,2.616035
2026-08-05T15:57:38.565840,1785938258.565840,9.319415,0.03313428908586502,0.6990671753883362,0.1257004588842392,-0.703141987323761,0.6120285391807556,0.36625728011131287,0.4974658489227295,-0.49376559257507324,93.365749,-91.434873,-3.124236,4.217381
2026-08-05T15:57:38.577245,1785938258.577246,9.330820,0.03338491916656494,0.6984854340553284,0.12404612451791763,-0.7040017247200012,0.6118505597114563,0.36546602845191956,0.49612072110176086,-0.49592137336730957,93.313151,-91.364991,-4.611678,6.127187
2026-08-05T15:57:38.623055,1785938258.623055,9.376630,0.0331970639526844,0.6982108354568481,0.12147624045610428,-0.7047308087348938,0.6111219525337219,0.3659905791282654,0.49375712871551514,-0.4987833797931671,93.164439,-91.204564,-3.246304,3.502030
2026-08-05T15:57:38.637530,1785938258.637530,9.391104,0.03222629055380821,0.6981106400489807,0.11809434741735458,-0.705449640750885,0.6101436614990234,0.3675674498081207,0.49063095450401306,-0.5018966794013977,93.013661,-91.045712,-10.416541,10.974316
2026-08-05T15:57:38.648946,1785938258.648947,9.402521,0.031058114022016525,0.6980923414230347,0.1145651564002037,-0.7061018347740173,0.6094796657562256,0.36928996443748474,0.48752957582473755,-0.5044547915458679,92.933219,-90.963249,-7.046172,7.223256
2026-08-05T15:57:38.662198,1785938258.662198,9.415772,0.029753655195236206,0.6982278227806091,0.11122533679008484,-0.7065578699111938,0.6095220446586609,0.37046849727630615,0.48525476455688477,-0.5057309865951538,93.039122,-91.077619,7.991929,-8.630857
2026-08-05T15:57:38.679494,1785938258.679495,9.433069,0.028205303475260735,0.6982864141464233,0.10807405412197113,-0.7070524096488953,0.6102980375289917,0.3708011507987976,0.48414134979248047,-0.5056187510490417,93.377676,-91.436073,19.573476,-20.724008
2026-08-05T15:57:38.687725,1785938258.687725,9.441299,0.027534358203411102,0.6986457705497742,0.1062043160200119,-0.7070072293281555,0.61149662733078,0.37051039934158325,0.4840269088745117,-0.5044916272163391,93.721031,-91.803676,41.717712,-44.663777
2026-08-05T15:57:38.699806,1785938258.699806,9.453381,0.028046967461705208,0.6990588307380676,0.10589461773633957,-0.7066248655319214,0.6127405762672424,0.3700595796108246,0.48451703786849976,-0.5028401017189026,93.920558,-92.026790,16.515180,-18.467598
2026-08-05T15:57:38.713039,1785938258.713040,9.466614,0.029082700610160828,0.6994532346725464,0.10663945227861404,-0.7060807347297668,0.6139817237854004,0.3695608377456665,0.4854913651943207,-0.500748872756958,94.048694,-92.177453,9.682747,-11.385083
2026-08-05T15:57:38.751787,1785938258.751788,9.503263,0.029978778213262558,0.6997865438461304,0.10793193429708481,-0.7055163979530334,0.6151137351989746,0.3688545525074005,0.48687979578971863,-0.498527467250824,94.183233,-92.329260,3.671086,-4.142234
2026-08-05T15:57:38.766826,1785938258.766827,9.520401,0.030414525419473648,0.6999384760856628,0.10919387638568878,-0.7051529288291931,0.6161589622497559,0.3678915500640869,0.4886111617088318,-0.49624910950660706,94.386853,-92.548339,11.880818,-12.782866
2026-08-05T15:57:38.773206,1785938258.773206,9.526781,0.0307619608938694,0.6999358534812927,0.11061444133520126,-0.7049189209938049,0.6170492172241211,0.36684757471084595,0.49033626914024353,-0.4942101538181305,94.567703,-92.738438,28.348210,-29.797861
2026-08-05T15:57:38.781013,1785938258.781014,9.534588,0.030956093221902847,0.6999749541282654,0.11190800368785858,-0.7046673893928528,0.6175792813301086,0.36613258719444275,0.49166715145111084,-0.4927537143230438,94.679523,-92.853987,14.322597,-14.800327
2026-08-05T15:57:38.797929,1785938258.797929,9.551503,0.031162472441792488,0.6999597549438477,0.11322759091854095,-0.7044626474380493,0.6177316904067993,0.3659648895263672,0.4924697279930115,-0.49188506603240967,94.673904,-92.846101,-0.332166,0.466205
2026-08-05T15:57:38.806012,1785938258.806013,9.558586,0.0312638059258461,0.6999781131744385,0.11421164870262146,-0.7042810320854187,0.6177674531936646,0.3659008741378784,0.4930131435394287,-0.4913431406021118,94.658118,-92.827296,-2.228858,2.655082
2026-08-05T15:57:38.835020,1785938258.835020,9.586576,0.03149373084306717,0.6999697089195251,0.11497694253921509,-0.7041545510292053,0.6179342269897461,0.36552783846855164,0.4935879111289978,-0.49083390831947327,94.672807,-92.840400,0.524806,-0.468194
2026-08-05T15:57:38.852868,1785938258.852869,9.606443,0.03179879114031792,0.6999183893203735,0.11545541882514954,-0.704113781452179,0.6182597279548645,0.36477288603782654,0.4943275451660156,-0.49024081230163574,94.745158,-92.915201,3.641855,-3.765160
2026-08-05T15:57:38.869086,1785938258.869087,9.622661,0.03229915723204613,0.700019896030426,0.1157398372888565,-0.7039433717727661,0.6185787320137024,0.36397820711135864,0.4948066174983978,-0.4899456202983856,94.791075,-92.962357,2.831217,-2.907627
2026-08-05T15:57:38.885741,1785938258.885742,9.639316,0.03273458778858185,0.7000259757041931,0.11580901592969894,-0.7039056420326233,0.618694543838501,0.36365580558776855,0.4948052763938904,-0.4900400638580322,94.770546,-92.940985,-1.232569,1.283247
2026-08-05T15:57:38.903394,1785938258.903394,9.655957,0.03310731425881386,0.7001096606254578,0.11567945778369904,-0.7038262486457825,0.618608832359314,0.36379969120025635,0.4943692088127136,-0.4904814064502716,94.690155,-92.858647,-4.830784,4.947737
2026-08-05T15:57:38.913700,1785938258.913701,9.664475,0.033048950135707855,0.7001100778579712,0.11513139307498932,-0.7039183974266052,0.6184743046760559,0.36414965987205505,0.49364402890205383,-0.49112123250961304,94.636262,-92.801003,-6.327205,6.767613
2026-08-05T15:57:38.930127,1785938258.930127,9.683701,0.032358307391405106,0.7000653743743896,0.11402107775211334,-0.7041757106781006,0.6182974576950073,0.3646005094051361,0.4929084777832031,-0.49174830317497253,94.667085,-92.831210,1.603196,-1.571143
2026-08-05T15:57:38.980473,1785938258.980473,9.734047,0.031657349318265915,0.7002814412117004,0.11281105130910873,-0.7041875720024109,0.6179959177970886,0.36518529057502747,0.49220624566078186,-0.49239596724510193,94.693301,-92.860922,0.520701,-0.590168
2026-08-05T15:57:38.987211,1785938258.987211,9.740786,0.031184975057840347,0.7006177306175232,0.11186474561691284,-0.7040249705314636,0.6175639033317566,0.3659023642539978,0.4915675222873688,-0.4930434226989746,94.668626,-92.841052,-3.661745,2.948812
2026-08-05T15:57:39.001683,1785938259.001683,9.755258,0.030811963602900505,0.700951874256134,0.11136160790920258,-0.7037883400917053,0.6171234846115112,0.3666895031929016,0.49113887548446655,-0.4934370815753937,94.622568,-92.799728,-3.182574,2.855441
2026-08-05T15:57:39.011162,1785938259.011162,9.764736,0.030494028702378273,0.7013160586357117,0.1110583171248436,-0.7034873366355896,0.6168063879013062,0.3673340380191803,0.49098363518714905,-0.49350881576538086,94.604588,-92.788695,-1.896960,1.164023
2026-08-05T15:57:39.029720,1785938259.029721,9.783295,0.030089672654867172,0.7017117738723755,0.11091252416372299,-0.7031329274177551,0.6167051196098328,0.36776578426361084,0.491242378950119,-0.4930559992790222,94.657621,-92.852668,2.857661,-3.447104
2026-08-05T15:57:39.037784,1785938259.037784,9.791358,0.029633186757564545,0.7021990418434143,0.11091198772192001,-0.7026658654212952,0.6165723204612732,0.3681381046772003,0.49166780710220337,-0.4925197660923004,94.720719,-92.926480,7.825089,-9.153783
2026-08-05T15:57:39.047584,1785938259.047584,9.801158,0.029317811131477356,0.7029408812522888,0.11093957722187042,-0.7019326686859131,0.6161901354789734,0.3688574433326721,0.49187132716178894,-0.49225661158561707,94.710847,-92.927684,-1.007377,-0.122827
2026-08-05T15:57:39.059687,1785938259.059688,9.813262,0.029020749032497406,0.7034662961959839,0.11098755151033401,-0.7014108896255493,0.615547239780426,0.3699968755245209,0.4918399155139923,-0.4922373294830322,94.626173,-92.853533,-6.995895,6.126471
2026-08-05T15:57:39.098914,1785938259.098914,9.852488,0.028780870139598846,0.7043752074241638,0.11076176166534424,-0.7005436420440674,0.6148974895477295,0.3710760772228241,0.49193480610847473,-0.4921421408653259,94.573773,-92.818847,-1.335846,0.884253
2026-08-05T15:57:39.106604,1785938259.106604,9.860178,0.028459757566452026,0.7052573561668396,0.11060412973165512,-0.6996937394142151,0.6145885586738586,0.3716956079006195,0.4923816919326782,-0.49161356687545776,94.614056,-92.877300,5.238218,-7.600965
2026-08-05T15:57:39.118347,1785938259.118348,9.871922,0.02832086943089962,0.7058779001235962,0.1109151840209961,-0.6990241408348083,0.6146381497383118,0.3719996511936188,0.492990106344223,-0.49071094393730164,94.673005,-92.949512,5.019695,-6.149096
2026-08-05T15:57:39.132284,1785938259.132284,9.885859,0.028408560901880264,0.7066730260848999,0.11128489673137665,-0.6981576085090637,0.6147514581680298,0.37243735790252686,0.4933735430240631,-0.48985081911087036,94.694571,-92.983545,1.547448,-2.441997
2026-08-05T15:57:39.184310,1785938259.184310,9.935727,0.027696378529071808,0.7071118950843811,0.11120886355638504,-0.6977539658546448,0.6147173643112183,0.3731526732444763,0.493480384349823,-0.4892413020133972,94.759716,-93.056653,1.306323,-1.466004
2026-08-05T15:57:39.199894,1785938259.199895,9.953469,0.02635980397462845,0.7074621915817261,0.11064372956752777,-0.6975405812263489,0.6145095229148865,0.3738848567008972,0.4935591220855713,-0.4888637363910675,94.886776,-93.190957,7.161766,-7.570100
2026-08-05T15:57:39.218123,1785938259.218123,9.970915,0.025377225130796432,0.7082193493843079,0.10997647047042847,-0.6969137787818909,0.6141692399978638,0.3746086061000824,0.4936327636241913,-0.4886630177497864,94.977637,-93.293456,5.208091,-5.875109
2026-08-05T15:57:39.233404,1785938259.233405,9.986979,0.024677768349647522,0.7087854146957397,0.10958142578601837,-0.6964255571365356,0.613796055316925,0.37532904744148254,0.49360397458076477,-0.4886079728603363,95.007349,-93.330849,1.849565,-2.327749
2026-08-05T15:57:39.248935,1785938259.248935,10.002060,0.024043824523687363,0.7092285752296448,0.10935686528682709,-0.6960317492485046,0.6133801341056824,0.376024454832077,0.49365660548210144,-0.48854249715805054,95.020198,-93.350419,0.852023,-1.297663
2026-08-05T15:57:39.256627,1785938259.258652,10.010202,0.02346668764948845,0.7097440361976624,0.10914614051580429,-0.6955589056015015,0.613103449344635,0.3764788806438446,0.4939039945602417,-0.48828956484794617,95.071164,-93.409775,6.259338,-7.289684
2026-08-05T15:57:39.264176,1785938259.264177,10.017751,0.022746022790670395,0.7100457549095154,0.10900155454874039,-0.695297360420227,0.6128879189491272,0.3766788840293884,0.4943107068538666,-0.48799434304237366,95.156749,-93.500775,11.337844,-12.055263
2026-08-05T15:57:39.272421,1785938259.272421,10.025995,0.022046491503715515,0.7105076909065247,0.10866063833236694,-0.694901168346405,0.6125962138175964,0.3769479990005493,0.49462127685546875,-0.4878379702568054,95.235371,-93.586535,9.536067,-10.401834
2026-08-05T15:57:39.283713,1785938259.283713,10.037287,0.021263502538204193,0.7108572721481323,0.10827896744012833,-0.6946277022361755,0.6120942831039429,0.3774949014186859,0.494659960269928,-0.48800593614578247,95.261927,-93.617025,2.351751,-2.700138
2026-08-05T15:57:39.300298,1785938259.300298,10.053873,0.020486991852521896,0.7112276554107666,0.1078805923461914,-0.6943339109420776,0.6114270687103271,0.37826791405677795,0.49450981616973877,-0.48839592933654785,95.244135,-93.601886,-1.072810,0.912817
2026-08-05T15:57:39.317089,1785938259.317089,10.070151,0.019664542749524117,0.7116493582725525,0.10739242285490036,-0.694001317024231,0.610757052898407,0.379068523645401,0.49427464604377747,-0.4888511896133423,95.228608,-93.588475,-0.953790,0.823824
2026-08-05T15:57:39.334240,1785938259.334241,10.087815,0.018787022680044174,0.7120457887649536,0.1067894995212555,-0.6937119364738464,0.6102869510650635,0.379678338766098,0.49419742822647095,-0.4890432059764862,95.271239,-93.636181,2.413483,-2.700833
2026-08-05T15:57:39.351289,1785938259.351289,10.104863,0.0179434921592474,0.7122868299484253,0.10620681196451187,-0.6935761570930481,0.6100815534591675,0.38000449538230896,0.4942435622215271,-0.4889993965625763,95.360291,-93.730300,5.223529,-5.520684
2026-08-05T15:57:39.356358,1785938259.356359,10.109933,0.017246978357434273,0.7125936150550842,0.10569065064191818,-0.693357527256012,0.6099597215652466,0.3802664875984192,0.49433672428131104,-0.4888535439968109,95.449694,-93.825835,17.633778,-18.843322
2026-08-05T15:57:39.382385,1785938259.382386,10.135960,0.016418825834989548,0.7128095626831055,0.10527261346578598,-0.6932193040847778,0.6098501682281494,0.38049235939979553,0.49445194005966187,-0.4886980354785919,95.547808,-93.927155,3.769752,-3.892908
2026-08-05T15:57:39.398688,1785938259.398689,10.152263,0.015601297840476036,0.7128042578697205,0.10506970435380936,-0.6932745575904846,0.6097317934036255,0.380546510219574,0.4947059750556946,-0.4885465204715729,95.643035,-94.022482,5.841036,-5.847212
2026-08-05T15:57:39.407023,1785938259.407023,10.160598,0.015162831172347069,0.7130501866340637,0.10503818094730377,-0.6930360198020935,0.6095373034477234,0.3805447816848755,0.4950338900089264,-0.4884584844112396,95.695077,-94.075898,6.244087,-6.408897
2026-08-05T15:57:39.449775,1785938259.449776,10.203350,0.014944455586373806,0.7131964564323425,0.10511845350265503,-0.6928781270980835,0.6092583537101746,0.38061270117759705,0.4953032433986664,-0.4884802997112274,95.699264,-94.081322,0.097927,-0.126874
2026-08-05T15:57:39.466150,1785938259.466151,10.219108,0.014736803248524666,0.7133287787437439,0.10529214888811111,-0.6927200555801392,0.608959972858429,0.38073354959487915,0.49546051025390625,-0.4885987341403961,95.681794,-94.062046,-1.108637,1.223278
2026-08-05T15:57:39.482471,1785938259.482471,10.235515,0.014419439248740673,0.7133688926696777,0.10537439584732056,-0.6926729083061218,0.6087650656700134,0.3807516098022461,0.4956916868686676,-0.4885931611061096,95.701847,-94.081270,1.222200,-1.171713
2026-08-05T15:57:39.489468,1785938259.489468,10.243042,0.014160223305225372,0.7133682370185852,0.10548769682645798,-0.6926616430282593,0.6087225675582886,0.38062581419944763,0.49596107006073,-0.4884706139564514,95.741121,-94.119442,5.217171,-5.070739
2026-08-05T15:57:39.497427,1785938259.497428,10.251002,0.013811331242322922,0.7132677435874939,0.10562991350889206,-0.6927505731582642,0.6088000535964966,0.380308598279953,0.4963131844997406,-0.4882635474205017,95.813438,-94.188792,9.085772,-8.712978
2026-08-05T15:57:39.517300,1785938259.517300,10.270874,0.01360255479812622,0.7131922841072083,0.10579895973205566,-0.6928065419197083,0.6087750196456909,0.38007020950317383,0.4965245723724365,-0.48826539516448975,95.842966,-94.213841,1.485921,-1.260542
2026-08-05T15:57:39.534450,1785938259.534450,10.286098,0.01327065471559763,0.7132484316825867,0.10569644719362259,-0.6927710175514221,0.608542799949646,0.3801499307155609,0.4964918792247772,-0.4885258376598358,95.845784,-94.213483,0.185052,0.023551
2026-08-05T15:57:39.551238,1785938259.551238,10.304812,0.012906711548566818,0.713212788105011,0.10555778443813324,-0.6928357481956482,0.6081672310829163,0.38049229979515076,0.49629244208335876,-0.4889296293258667,95.810928,-94.175491,-1.862522,2.030147
2026-08-05T15:57:39.568606,1785938259.568607,10.322181,0.01268678531050682,0.7131953835487366,0.10555790364742279,-0.6928576827049255,0.6079285740852356,0.3806467056274414,0.49620747566223145,-0.4891924262046814,95.787666,-94.148794,-1.339303,1.537015
2026-08-05T15:57:39.584942,1785938259.584943,10.338517,0.012659639120101929,0.7132317423820496,0.1056271344423294,-0.6928102374076843,0.6079758405685425,0.3805079460144043,0.4963870048522949,-0.4890594184398651,95.812851,-94.174498,1.541735,-1.573487
2026-08-05T15:57:39.601090,1785938259.601090,10.354664,0.012563345953822136,0.713153600692749,0.1058141216635704,-0.6928638815879822,0.6082890033721924,0.3800320625305176,0.4967876970767975,-0.4886331856250763,95.898937,-94.259783,5.331258,-5.281700
2026-08-05T15:57:39.617882,1785938259.617882,10.371456,0.012415647506713867,0.7131016850471497,0.10594543069601059,-0.6928999423980713,0.6085043549537659,0.3796238601207733,0.49716731905937195,-0.48829585313796997,95.977396,-94.337682,4.672415,-4.638980
2026-08-05T15:57:39.635477,1785938259.635477,10.388436,0.012265365570783615,0.7130509614944458,0.10609361529350281,-0.69293212890625,0.6084980368614197,0.37945255637168884,0.4973161518573761,-0.4882853329181671,95.998221,-94.354881,1.226433,-1.012960
2026-08-05T15:57:39.643542,1785938259.643543,10.397117,0.012238445691764355,0.7131232023239136,0.10608142614364624,-0.6928601861000061,0.608318030834198,0.37956538796424866,0.4972616136074066,-0.48847752809524536,95.971168,-94.326956,-3.116285,3.216768
2026-08-05T15:57:39.727851,1785938259.727852,10.481426,0.0119400043040514,0.7131754755973816,0.10591043531894684,-0.6928377151489258,0.608048677444458,0.3798556625843048,0.49705642461776733,-0.4887959659099579,95.948802,-94.302390,-0.265292,0.291383
2026-08-05T15:57:39.752637,1785938259.752638,10.504194,0.011902599595487118,0.7133362293243408,0.10578179359436035,-0.6926925778388977,0.6079334020614624,0.380016565322876,0.4969085156917572,-0.48896482586860657,95.930587,-94.284249,-0.799977,0.796742
2026-08-05T15:57:39.763984,1785938259.766587,10.515548,0.011673493310809135,0.7132989764213562,0.10573478788137436,-0.6927419900894165,0.6080993413925171,0.3798488974571228,0.49704694747924805,-0.48874783515930176,95.993196,-94.346693,5.514600,-5.500074
2026-08-05T15:57:39.781900,1785938259.781901,10.535475,0.011548212729394436,0.7133468985557556,0.10584042221307755,-0.6926784515380859,0.6083872318267822,0.37945887446403503,0.49737071990966797,-0.4883629083633423,96.077008,-94.430187,4.205911,-4.189920
2026-08-05T15:57:39.801205,1785938259.801206,10.554780,0.011556386947631836,0.7134175300598145,0.10590413212776184,-0.6925958395004272,0.6084789633750916,0.3793558180332184,0.49749794602394104,-0.4881991744041443,96.100015,-94.453991,1.191784,-1.233045
2026-08-05T15:57:39.818561,1785938259.818561,10.570968,0.011120757088065147,0.7135970592498779,0.10567526519298553,-0.6924530267715454,0.6082976460456848,0.379650741815567,0.4973524808883667,-0.4883440434932709,96.113448,-94.466694,0.829793,-0.784761
2026-08-05T15:57:39.850449,1785938259.850450,10.604024,0.010928863659501076,0.7138717174530029,0.1054743304848671,-0.6922034025192261,0.608107328414917,0.3799414336681366,0.4972190856933594,-0.48849087953567505,96.104394,-94.459071,-0.273921,0.230618
2026-08-05T15:57:39.859415,1785938259.859415,10.612989,0.010905597358942032,0.7140023112297058,0.10559870302677155,-0.692050039768219,0.6082688570022583,0.3798583149909973,0.4975253641605377,-0.4880423843860626,96.152642,-94.511670,5.381809,-5.867166
2026-08-05T15:57:39.875527,1785938259.875527,10.629102,0.010925248265266418,0.7142032980918884,0.10567565262317657,-0.6918306350708008,0.6083820462226868,0.3799251616001129,0.4975661337375641,-0.48780763149261475,96.166448,-94.527327,0.856878,-0.971711
2026-08-05T15:57:39.892385,1785938259.892385,10.644758,0.010688276961445808,0.7143381834030151,0.10555565357208252,-0.6917133927345276,0.6082963347434998,0.3802890479564667,0.49741581082344055,-0.4877842664718628,96.163803,-94.526306,-0.168913,0.065192
2026-08-05T15:57:39.907925,1785938259.907925,10.661177,0.010154953226447105,0.7145756483078003,0.10510340332984924,-0.6915448307991028,0.6078618764877319,0.3812699615955353,0.49702733755111694,-0.48795604705810547,96.127871,-94.496647,-2.188351,1.806325
2026-08-05T15:57:39.915698,1785938259.915699,10.669273,0.009888561442494392,0.7148228287696838,0.10492712259292603,-0.6913200616836548,0.6076527237892151,0.38179242610931396,0.49676281213760376,-0.48807740211486816,96.102835,-94.472944,-3.092560,2.927896
2026-08-05T15:57:39.933385,1785938259.933385,10.686959,0.009661324322223663,0.7151685357093811,0.10480792820453644,-0.6909836530685425,0.6072975993156433,0.3825626075267792,0.49636533856391907,-0.48832079768180847,96.034347,-94.405439,-3.872325,3.816763
2026-08-05T15:57:39.949555,1785938259.949555,10.703130,0.00965089537203312,0.7155733704566956,0.1047729030251503,-0.6905699968338013,0.6070001125335693,0.3834833800792694,0.49570319056510925,-0.4886409342288971,95.920712,-94.291037,-7.027426,7.074801
2026-08-05T15:57:39.958687,1785938259.958688,10.712262,0.009449249133467674,0.7159357070922852,0.10455913096666336,-0.6902295351028442,0.606618344783783,0.38477835059165955,0.494767963886261,-0.4890448749065399,95.789695,-94.160019,-14.346860,14.346963
2026-08-05T15:57:39.975433,1785938259.975434,10.729008,0.009419776499271393,0.7164104580879211,0.1042974442243576,-0.6897767782211304,0.6061972379684448,0.3861909806728363,0.49380946159362793,-0.4894219636917114,95.637904,-94.011960,-9.064277,8.841426
2026-08-05T15:57:39.982492,1785938259.982492,10.736066,0.0089504923671484,0.7168663740158081,0.10356835275888443,-0.6894190311431885,0.6059345602989197,0.387225478887558,0.4930221438407898,-0.4897233247756958,95.603563,-93.982453,-4.865055,4.180209
2026-08-05T15:57:39.997798,1785938259.997799,10.751373,0.008602901361882687,0.7172790765762329,0.10301318019628525,-0.6890773177146912,0.6056647300720215,0.38822266459465027,0.49201786518096924,-0.49027737975120544,95.526296,-93.903195,-5.047930,5.178048
2026-08-05T15:57:40.014940,1785938260.014941,10.768515,0.008614495396614075,0.7178664207458496,0.10244027525186539,-0.6885506510734558,0.6050384044647217,0.3898812234401703,0.4904524087905884,-0.4913021922111511,95.305480,-93.680803,-12.881725,12.973647
2026-08-05T15:57:40.031881,1785938260.031882,10.785456,0.008848074823617935,0.7186415791511536,0.10175830125808716,-0.6878399848937988,0.6043719053268433,0.3918627202510834,0.48859548568725586,-0.4923950433731079,95.035299,-93.412041,-15.948504,15.864748
2026-08-05T15:57:40.048244,1785938260.048245,10.801819,0.008998293429613113,0.7191464304924011,0.10109048336744308,-0.6874085664749146,0.6039711833000183,0.3937031328678131,0.486594557762146,-0.493399053812027,94.793014,-93.167042,-14.806719,14.972569
2026-08-05T15:57:40.058824,1785938260.058825,10.812399,0.009240183047950268,0.7197574377059937,0.10042538493871689,-0.6868632435798645,0.6036068797111511,0.39586934447288513,0.48431339859962463,-0.49435490369796753,94.516026,-92.888243,-26.180264,26.351423
2026-08-05T15:57:40.075015,1785938260.075015,10.828589,0.00957294087857008,0.7203502058982849,0.09970168024301529,-0.6863423585891724,0.6032976508140564,0.3979729115962982,0.4821975827217102,-0.4951111078262329,94.258620,-92.633975,-15.898528,15.704687
2026-08-05T15:57:40.126208,1785938260.126209,10.879783,0.009123007766902447,0.720952033996582,0.09857520461082458,-0.6858792901039124,0.6030392050743103,0.39968764781951904,0.4802689850330353,-0.4959186017513275,94.134546,-92.508773,-2.423643,2.445675
2026-08-05T15:57:40.130634,1785938260.130634,10.884208,0.008238491602241993,0.7211424708366394,0.09758505970239639,-0.6858319640159607,0.6027244925498962,0.4014371335506439,0.47831273078918457,-0.49677810072898865,94.024743,-92.391096,-24.811320,26.590707
2026-08-05T15:57:40.148165,1785938260.148165,10.901740,0.007989155128598213,0.7218294143676758,0.09667375683784485,-0.6852409839630127,0.6021209955215454,0.40350452065467834,0.47639527916908264,-0.49767690896987915,93.818731,-92.186671,-11.751004,11.660460
2026-08-05T15:57:40.164594,1785938260.164594,10.918168,0.008128870278596878,0.7225578427314758,0.09600360691547394,-0.684565544128418,0.6016585826873779,0.40522563457489014,0.47486117482185364,-0.49830323457717896,93.623366,-91.996565,-11.891691,11.571573
2026-08-05T15:57:40.174808,1785938260.174809,10.926846,0.008601665496826172,0.723644495010376,0.09536424279212952,-0.6835005283355713,0.6018083691596985,0.4061497151851654,0.47403907775878906,-0.4981529414653778,93.563742,-91.950930,-6.870895,5.258944
2026-08-05T15:57:40.191904,1785938260.191905,10.945479,0.00906081311404705,0.7242552042007446,0.09541986137628555,-0.6828397512435913,0.6021929383277893,0.40682321786880493,0.4734213948249817,-0.4977257549762726,93.506779,-91.898946,-3.057160,2.789876
2026-08-05T15:57:40.198700,1785938260.198700,10.952275,0.00897592306137085,0.7247647047042847,0.09518274664878845,-0.6823331713676453,0.6022183299064636,0.408026784658432,0.47214475274086,-0.4979221820831299,93.400243,-91.788799,-15.677022,16.208454
2026-08-05T15:57:40.214679,1785938260.214679,10.968253,0.008149644359946251,0.7252688407897949,0.09438984096050262,-0.6819179058074951,0.6012148857116699,0.4105944335460663,0.46980956196784973,-0.4992313086986542,93.139648,-91.519202,-16.309039,16.872413
2026-08-05T15:57:40.231235,1785938260.231235,10.984809,0.006895917467772961,0.7257341146469116,0.09305723011493683,-0.6816198229789734,0.5991738438606262,0.4148123264312744,0.4662928879261017,-0.5014903545379639,92.677710,-91.048785,-27.901074,28.413275
2026-08-05T15:57:40.248044,1785938260.248044,11.001618,0.00490137143060565,0.7261964082717896,0.09082357585430145,-0.6814460158348083,0.5967464447021484,0.41955891251564026,0.4612487256526947,-0.5050877332687378,92.154425,-90.497663,-31.131706,32.787773
2026-08-05T15:57:40.265613,1785938260.265613,11.019187,0.0022667618468403816,0.7266492247581482,0.0879315435886383,-0.6813565492630005,0.5935611128807068,0.42564117908477783,0.4539708197116852,-0.51031893491745,91.424264,-89.714064,-41.558937,44.600481
2026-08-05T15:57:40.282628,1785938260.282628,11.036202,-0.00025113997980952263,0.7273960709571838,0.08475534617900848,-0.680965781211853,0.5898126363754272,0.43361037969589233,0.4450554847717285,-0.5157797336578369,90.469054,-88.706708,-56.140124,59.204911
2026-08-05T15:57:40.298276,1785938260.298276,11.051851,-0.0018864129669964314,0.7281518578529358,0.08219604939222336,-0.6804690957069397,0.5864108800888062,0.4418487250804901,0.43539878726005554,-0.5208839178085327,89.390290,-87.566405,-68.937808,72.870421
2026-08-05T15:57:40.307578,1785938260.307578,11.061152,-0.0027676725294440985,0.7291860580444336,0.08011863380670547,-0.6796057820320129,0.5839347243309021,0.44895365834236145,0.42529910802841187,-0.5259103178977966,88.345917,-86.434485,-112.278117,121.690054
2026-08-05T15:57:40.317972,1785938260.317972,11.071547,-0.0030015292577445507,0.7307364344596863,0.07856719940900803,-0.6781190037727356,0.5810706615447998,0.45664718747138977,0.41380077600479126,-0.5316007733345032,87.071747,-85.045590,-122.583150,133.620374
2026-08-05T15:57:40.332686,1785938260.332687,11.086261,-0.0028362064622342587,0.7324920892715454,0.0776425451040268,-0.6763295531272888,0.5769851803779602,0.4662223160266876,0.39977529644966125,-0.5384278297424316,85.375268,-83.192659,-115.295019,125.927705
2026-08-05T15:57:40.360954,1785938260.360954,11.114528,-0.003248532535508275,0.7337532043457031,0.0766279473900795,-0.6750752329826355,0.570882260799408,0.47823482751846313,0.38290679454803467,-0.5465962290763855,83.271158,-80.886250,-74.435963,81.592589
2026-08-05T15:57:40.377101,1785938260.377102,11.130676,-0.003900192677974701,0.7356142401695251,0.07482681423425674,-0.6732460260391235,0.5639218688011169,0.4911225736141205,0.36389777064323425,-0.555310070514679,81.042356,-78.418830,-138.024674,152.801780
2026-08-05T15:57:40.392823,1785938260.392823,11.146397,-0.005679104942828417,0.7374719381332397,0.07179892063140869,-0.6715285778045654,0.5575008988380432,0.5035102963447571,0.3443912863731384,-0.5630853176116943,79.110257,-76.226566,-122.898576,139.447401
2026-08-05T15:57:40.410341,1785938260.410341,11.163915,-0.007843871600925922,0.7393895983695984,0.06837836652994156,-0.6697527170181274,0.5527651309967041,0.5142318606376648,0.32498112320899963,-0.5695642828941345,77.557608,-74.374540,-88.631463,105.721044
2026-08-05T15:57:40.427990,1785938260.427991,11.181565,-0.009334772825241089,0.742071270942688,0.06502018868923187,-0.6670967936515808,0.5490429997444153,0.5243371725082397,0.3049983084201813,-0.5749770998954773,76.119998,-72.602219,-81.452572,100.416770
2026-08-05T15:57:40.443222,1785938260.443998,11.196797,-0.010640008375048637,0.7449453473091125,0.061629943549633026,-0.6641894578933716,0.5458306670188904,0.5347219109535217,0.28395530581474304,-0.5792330503463745,74.736615,-70.838783,-90.820317,115.771136
2026-08-05T15:57:40.459537,1785938260.459538,11.213112,-0.011912728659808636,0.7469146251678467,0.05875403806567192,-0.6622141599655151,0.544086217880249,0.5441336631774902,0.2628151774406433,-0.5820800065994263,73.578905,-69.223646,-70.959938,98.997180
2026-08-05T15:57:40.479454,1785938260.479454,11.231803,-0.013875165954232216,0.7491048574447632,0.05523569509387016,-0.6600008010864258,0.543474018573761,0.5523958206176758,0.24186263978481293,-0.583949863910675,72.774214,-67.917754,-43.051630,69.866275
2026-08-05T15:57:40.492337,1785938260.492338,11.245912,-0.015584477223455906,0.7522422075271606,0.05142134428024292,-0.6566944122314453,0.5430675745010376,0.5606409311294556,0.2206566333770752,-0.584867537021637,72.061999,-66.685909,-50.479858,87.309840
2026-08-05T15:57:40.565255,1785938260.565255,11.318830,-0.016763165593147278,0.7553102970123291,0.04804140701889992,-0.6533913016319275,0.5420343279838562,0.5698508620262146,0.19828413426876068,-0.5849378705024719,71.210783,-65.244716,-11.673693,19.764710
2026-08-05T15:57:40.574407,1785938260.574407,11.327981,-0.01799801178276539,0.757749617099762,0.04485861957073212,-0.650754988193512,0.5415247678756714,0.5789240002632141,0.1754162311553955,-0.5838041305541992,70.485566,-63.836743,-79.241909,153.844246
2026-08-05T15:57:40.585100,1785938260.585101,11.338675,-0.018972596153616905,0.7604397535324097,0.041944876313209534,-0.6477768421173096,0.5434507727622986,0.5860161781311035,0.15347078442573547,-0.5811136960983276,70.192481,-62.799533,-27.407695,96.994027
2026-08-05T15:57:40.600784,1785938260.600784,11.354358,-0.019941216334700584,0.7622193694114685,0.038829218596220016,-0.6458476781845093,0.5470783114433289,0.5906556844711304,0.1329110860824585,-0.5780707597732544,70.268651,-62.080142,4.856801,45.870266
2026-08-05T15:57:40.618345,1785938260.618346,11.370939,-0.021040059626102448,0.763300359249115,0.035328127443790436,-0.6447360515594482,0.5511469841003418,0.5945712327957153,0.11295387148857117,-0.5744245052337646,70.511872,-61.491378,14.668410,35.507678
2026-08-05T15:57:40.627976,1785938260.627977,11.381551,-0.022729551419615746,0.7637859582901001,0.031598757952451706,-0.6442971229553223,0.5559439063072205,0.5980251431465149,0.09297380596399307,-0.569779098033905,70.989140,-61.055326,44.977396,41.093254
2026-08-05T15:57:40.645576,1785938260.645576,11.399150,-0.02446235530078411,0.763698160648346,0.027891723439097404,-0.6445088386535645,0.5609684586524963,0.6009677052497864,0.07301930338144302,-0.5646418333053589,71.575780,-60.642541,33.332615,23.454205
2026-08-05T15:57:40.661842,1785938260.661842,11.415416,-0.024840526282787323,0.7617926001548767,0.023517973721027374,-0.6469191908836365,0.5652754306793213,0.6039637923240662,0.053050585091114044,-0.559354305267334,71.972705,-59.959879,24.401909,41.968363
2026-08-05T15:57:40.672426,1785938260.672426,11.426000,-0.023700013756752014,0.7607322335243225,0.02227936126291752,-0.6482522487640381,0.5691601634025574,0.6066734790802002,0.03397558256983757,-0.5539402365684509,72.222178,-58.996260,23.571621,91.048029
2026-08-05T15:57:40.690094,1785938260.690094,11.443668,-0.022294363006949425,0.7600592970848083,0.02015933394432068,-0.6491604447364807,0.5737796425819397,0.6079996824264526,0.01657215692102909,-0.5484875440597534,72.641632,-58.298500,23.740881,39.492869
2026-08-05T15:57:40.697246,1785938260.697246,11.450820,-0.02131297066807747,0.7592318654060364,0.017408965155482292,-0.6502403020858765,0.5793837308883667,0.6076293587684631,0.0010087472619488835,-0.5432309508323669,73.312768,-57.929136,93.834684,51.642440
2026-08-05T15:57:40.717095,1785938260.717096,11.470670,-0.020471645519137383,0.7569535374641418,0.014880234375596046,-0.6529805660247803,0.5842786431312561,0.6075710654258728,-0.013993686996400356,-0.5378476977348328,73.942644,-57.418008,31.732930,25.750457
2026-08-05T15:57:40.732317,1785938260.732317,11.485892,-0.01922447234392166,0.7546679377555847,0.012410505674779415,-0.6557097434997559,0.5878269672393799,0.6091212630271912,-0.029291819781064987,-0.5315760970115662,74.390785,-56.667577,29.440625,49.299600
2026-08-05T15:57:40.748926,1785938260.748926,11.502500,-0.01793624646961689,0.7534680962562561,0.009411443024873734,-0.6571744084358215,0.5911411046981812,0.6111809015274048,-0.04476633295416832,-0.5244104266166687,74.857621,-55.974977,28.107899,41.701018
2026-08-05T15:57:40.759406,1785938260.759406,11.510988,-0.017154356464743614,0.7516673803329468,0.0074829719960689545,-0.659278929233551,0.5948613882064819,0.6128215789794922,-0.059623416513204575,-0.5167542099952698,75.503416,-55.327580,76.086010,76.274755
2026-08-05T15:57:40.775094,1785938260.775094,11.528668,-0.01676599122583866,0.7481077313423157,0.006056611891835928,-0.6633399128913879,0.6002566814422607,0.6127245426177979,-0.07245121151208878,-0.5089316964149475,76.470769,-54.918992,54.713275,23.109651
2026-08-05T15:57:40.782243,1785938260.782243,11.535817,-0.016545169055461884,0.7446631789207458,0.0042097424156963825,-0.6672241687774658,0.6073029041290283,0.6108701825141907,-0.08318960666656494,-0.5010992884635925,77.691244,-54.917667,170.720208,0.185369
2026-08-05T15:57:40.815472,1785938260.815473,11.569047,-0.015741897746920586,0.7423474788665771,0.00190756656229496,-0.6698295474052429,0.6139682531356812,0.6092825531959534,-0.0932265892624855,-0.4930788576602936,78.799902,-54.967561,33.363570,-1.501496
2026-08-05T15:57:40.824479,1785938260.824480,11.578054,-0.014576056972146034,0.7408119440078735,-0.0009197834879159927,-0.6715556383132935,0.6190193295478821,0.6095508337020874,-0.10380643606185913,-0.4842386543750763,79.681629,-54.822459,97.891137,16.109491
2026-08-05T15:57:40.832233,1785938260.832234,11.585808,-0.013102594763040543,0.7396019101142883,-0.003283038968220353,-0.6729111671447754,0.6231566071510315,0.6106684803962708,-0.11441736668348312,-0.4750458002090454,80.448146,-54.525425,98.856398,38.307970
2026-08-05T15:57:40.841764,1785938260.841764,11.595338,-0.011094670742750168,0.7377735376358032,-0.004269333556294441,-0.6749457120895386,0.6276673078536987,0.6106877326965332,-0.1239701434969902,-0.466610848903656,81.238845,-54.169405,82.966735,37.356583
2026-08-05T15:57:40.857829,1785938260.857829,11.611403,-0.009439028799533844,0.7359738349914551,-0.005903888028115034,-0.6769205331802368,0.6326498985290527,0.6099556088447571,-0.13306739926338196,-0.45825904607772827,82.136203,-53.982372,55.858377,11.642373
2026-08-05T15:57:40.874612,1785938260.874613,11.626781,-0.00878420565277338,0.7352460622787476,-0.00803814921528101,-0.6776978969573975,0.6372838616371155,0.6093854308128357,-0.14232169091701508,-0.44973692297935486,83.099717,-53.970665,62.658307,0.761274
2026-08-05T15:57:40.891020,1785938260.891021,11.644595,-0.008029492571949959,0.7343593835830688,-0.00956532172858715,-0.6786478161811829,0.6411693096160889,0.6094609498977661,-0.15172140300273895,-0.44095373153686523,84.004663,-53.798677,50.798526,9.654440
2026-08-05T15:57:40.930796,1785938260.930796,11.684371,-0.006888892501592636,0.7328523397445679,-0.010506251826882362,-0.6802738308906555,0.644561231136322,0.6102334856987,-0.16091889142990112,-0.43157991766929626,84.868391,-53.453888,21.715033,8.668372
2026-08-05T15:57:40.948653,1785938260.948654,11.700886,-0.005438213236629963,0.7323846220970154,-0.011981849558651447,-0.6807659864425659,0.647763729095459,0.6115744113922119,-0.17019538581371307,-0.4212040305137634,85.695308,-53.172459,50.069859,17.040522
2026-08-05T15:57:40.973292,1785938260.973292,11.725705,-0.004547451622784138,0.7321562170982361,-0.013883106410503387,-0.6809820532798767,0.6513087153434753,0.612384021282196,-0.17916715145111084,-0.4107092618942261,86.633714,-53.073491,37.809786,3.987552
2026-08-05T15:57:40.989454,1785938260.989455,11.743029,-0.00404667854309082,0.7307933568954468,-0.014633594080805779,-0.6824319958686829,0.6554803848266602,0.6123130321502686,-0.18751563131809235,-0.40032005310058594,87.766140,-53.004305,65.367603,3.993707
2026-08-05T15:57:41.006835,1785938261.006835,11.760409,-0.0032161728013306856,0.7287507057189941,-0.015218419954180717,-0.6846044063568115,0.6602498888969421,0.6114358305931091,-0.19526882469654083,-0.38998255133628845,88.973045,-52.958935,69.440265,2.610379
2026-08-05T15:57:41.013584,1785938261.013584,11.767158,-0.0016661100089550018,0.7275521159172058,-0.017108604311943054,-0.6858391165733337,0.6648075580596924,0.6105770468711853,-0.2031172215938568,-0.379433810710907,90.045889,-52.931882,158.965382,4.008461
2026-08-05T15:57:41.031160,1785938261.033183,11.784735,-0.0007611899636685848,0.727688729763031,-0.01975727081298828,-0.6856244802474976,0.6687544584274292,0.6099125742912292,-0.211281418800354,-0.3689640760421753,91.071904,-53.039507,58.373620,-6.123174
2026-08-05T15:57:41.047874,1785938261.047875,11.801449,-0.0005208863876760006,0.7257793545722961,-0.021290645003318787,-0.687599778175354,0.6721263527870178,0.6093875169754028,-0.21932938694953918,-0.3588700592517853,92.206898,-52.902847,67.906347,8.176356
2026-08-05T15:57:41.056374,1785938261.056374,11.809948,0.00037127500399947166,0.7233278751373291,-0.023048289120197296,-0.6901217103004456,0.6755293011665344,0.608612596988678,-0.22701849043369293,-0.3488747179508209,93.296601,-52.666574,128.209719,27.798834
2026-08-05T15:57:41.073249,1785938261.073250,11.826824,0.0018653436563909054,0.721750020980835,-0.025515999644994736,-0.6916826367378235,0.6788012385368347,0.6078140139579773,-0.23455001413822174,-0.33878812193870544,94.269926,-52.463011,57.676797,12.062625
2026-08-05T15:57:41.083995,1785938261.083996,11.837570,0.0033771065063774586,0.7209706902503967,-0.027996031567454338,-0.6923936605453491,0.6818456649780273,0.6073657274246216,-0.24209141731262207,-0.32800209522247314,95.234713,-52.319423,89.782997,13.362268
2026-08-05T15:57:41.113609,1785938261.113609,11.867183,0.004530319478362799,0.7189518213272095,-0.029209405183792114,-0.6944330930709839,0.684988796710968,0.6065613627433777,-0.24929703772068024,-0.31737175583839417,96.348736,-52.086511,37.618443,7.865019
2026-08-05T15:57:41.134137,1785938261.134138,11.887712,0.004755652509629726,0.7156929969787598,-0.030475985258817673,-0.6977354884147644,0.6886352300643921,0.6048614382743835,-0.25584352016448975,-0.3073570728302002,97.641016,-51.957450,62.950367,6.286867
2026-08-05T15:57:41.139465,1785938261.140532,11.893039,0.00469883531332016,0.7126134037971497,-0.03357471153140068,-0.7007393836975098,0.6927919983863831,0.6021980047225952,-0.2618963420391083,-0.29800575971603394,98.915875,-52.045271,239.299447,-16.484420
2026-08-05T15:57:41.180962,1785938261.180963,11.934537,0.005070606246590614,0.7103590369224548,-0.03594028949737549,-0.7029050588607788,0.6966853141784668,0.5995261669158936,-0.2679816782474518,-0.2887623608112335,100.115614,-52.106288,28.911146,-1.470383
2026-08-05T15:57:41.199502,1785938261.199503,11.951051,0.004653288517147303,0.7074156403541565,-0.03726508095860481,-0.7058013677597046,0.6996784210205078,0.5975213050842285,-0.2743467688560486,-0.27955737709999084,101.384381,-51.999130,76.830567,6.489000
2026-08-05T15:57:41.217913,1785938261.217914,11.971488,0.004023643210530281,0.7043064832687378,-0.039334412664175034,-0.7087957262992859,0.7026386857032776,0.5950073599815369,-0.2805914282798767,-0.27117103338241577,102.615707,-51.905753,60.249828,4.568978
2026-08-05T15:57:41.233080,1785938261.233080,11.984631,0.0037062563933432102,0.7014959454536438,-0.042509082704782486,-0.7113967537879944,0.705756425857544,0.5918130278587341,-0.2867736220359802,-0.26348868012428284,103.746276,-51.843041,86.018644,4.771398
2026-08-05T15:57:41.241908,1785938261.241908,11.993473,0.003652359824627638,0.6989285945892334,-0.04579894617199898,-0.7137159705162048,0.7085708379745483,0.5889259576797485,-0.2932039201259613,-0.2551962733268738,104.854189,-51.712352,125.308160,14.781350
2026-08-05T15:57:41.247333,1785938261.247333,12.000907,0.003296447452157736,0.6956173777580261,-0.04861827939748764,-0.7167598009109497,0.7108581066131592,0.5866496562957764,-0.29985180497169495,-0.2461952567100525,106.049894,-51.420447,160.829591,39.262975
2026-08-05T15:57:41.259241,1785938261.259242,12.012237,0.0022657960653305054,0.6917777061462402,-0.05189652368426323,-0.7202415466308594,0.7134329676628113,0.5839143991470337,-0.30608880519866943,-0.23741799592971802,107.339609,-51.235896,113.837707,16.289581
2026-08-05T15:57:41.280760,1785938261.280760,12.034334,0.0011253049597144127,0.6877092719078064,-0.05493048578500748,-0.7239060997962952,0.7168505191802979,0.5798845291137695,-0.3117462694644928,-0.2295076549053192,108.695510,-51.200323,61.359715,1.609789
2026-08-05T15:57:41.332653,1785938261.332654,12.084208,-4.00003045797348e-07,0.68390291929245,-0.058242443948984146,-0.7272464632987976,0.7207279801368713,0.5747870206832886,-0.31682565808296204,-0.22314295172691345,109.964526,-51.291009,25.444532,-1.818308
2026-08-05T15:57:41.347711,1785938261.347712,12.101286,-0.0007364228367805481,0.6804894208908081,-0.06188793107867241,-0.7301412224769592,0.7240215539932251,0.5701335668563843,-0.3217313587665558,-0.21732383966445923,111.053108,-51.274975,63.742950,0.938908
2026-08-05T15:57:41.356498,1785938261.356498,12.110073,-0.0011921487748622894,0.6771304607391357,-0.06532970070838928,-0.7329581379890442,0.725719153881073,0.5677130222320557,-0.326839417219162,-0.21026107668876648,112.024626,-50.937078,110.564113,38.454593
2026-08-05T15:57:41.365969,1785938261.365969,12.119544,-0.0017604120075702667,0.6736183762550354,-0.06852401047945023,-0.7358956336975098,0.7263513207435608,0.5666598677635193,-0.33208319544792175,-0.20256179571151733,112.956564,-50.385049,98.399736,58.286592
2026-08-05T15:57:41.374186,1785938261.374186,12.126402,-0.0018994268029928207,0.6708191633224487,-0.07132136076688766,-0.7381830215454102,0.7274736166000366,0.5647141933441162,-0.33697155117988586,-0.195781871676445,113.814690,-49.946680,125.125743,63.919748
2026-08-05T15:57:41.390207,1785938261.390208,12.143782,-0.0012903041206300259,0.6680931448936462,-0.07402851432561874,-0.7403867840766907,0.7316429615020752,0.5576878190040588,-0.345673143863678,-0.18491365015506744,115.428806,-49.683886,92.870772,15.120311
2026-08-05T15:57:41.406976,1785938261.406976,12.160551,0.00018321629613637924,0.665608286857605,-0.07702948898077011,-0.7423171401023865,0.7322789430618286,0.5562227964401245,-0.35027387738227844,-0.17802268266677856,116.057910,-48.947052,37.516550,43.941011
2026-08-05T15:57:41.413445,1785938261.413445,12.167020,0.0012292633764445782,0.6631842255592346,-0.08051256835460663,-0.744114100933075,0.732032060623169,0.5560178160667419,-0.3551323413848877,-0.1698659211397171,116.712846,-48.113646,101.242058,128.830544
2026-08-05T15:57:41.430739,1785938261.430739,12.184314,0.0007184036076068878,0.6596555709838867,-0.083817258477211,-0.7468811273574829,0.7329228520393372,0.5541585683822632,-0.35954540967941284,-0.16266430914402008,117.642924,-47.570124,53.780586,31.428475
2026-08-05T15:57:41.439949,1785938261.439950,12.193524,-0.00023988215252757072,0.6564248204231262,-0.08742037415504456,-0.7493109703063965,0.7351750135421753,0.5504889488220215,-0.36313456296920776,-0.1568855494260788,118.608531,-47.446771,104.839388,13.392850
2026-08-05T15:57:41.446770,1785938261.446771,12.200345,-0.0006776344962418079,0.6537798047065735,-0.08964972198009491,-0.7513569593429565,0.7375116348266602,0.5469514727592468,-0.3660236597061157,-0.1514841616153717,119.507436,-47.398074,131.786546,7.139438
2026-08-05T15:57:41.482091,1785938261.482091,12.235666,-0.0005994229577481747,0.6510340571403503,-0.09103746712207794,-0.753571093082428,0.738486111164093,0.5454307794570923,-0.3688344657421112,-0.14527495205402374,120.303659,-46.996344,22.542637,11.373754
2026-08-05T15:57:41.520161,1785938261.520161,12.273735,-0.0008311839774250984,0.6483754515647888,-0.09200195968151093,-0.7557427287101746,0.738349437713623,0.5453973412513733,-0.3716437816619873,-0.1387912780046463,121.043882,-46.433929,19.443989,14.773386
2026-08-05T15:57:41.536121,1785938261.536121,12.289695,-0.0014305072836577892,0.6462047696113586,-0.0925855040550232,-0.7575277090072632,0.7383780479431152,0.5450563430786133,-0.37396901845932007,-0.13363631069660187,121.710413,-46.055151,41.762066,23.732628
2026-08-05T15:57:41.551699,1785938261.551700,12.304390,-0.0024876543320715427,0.6441918015480042,-0.09290110319852829,-0.7591990232467651,0.7391649484634399,0.5435081124305725,-0.37582939863204956,-0.1303320825099945,122.348574,-45.926518,43.428721,8.753885
2026-08-05T15:57:41.565866,1785938261.565866,12.319440,-0.004373457282781601,0.6417505145072937,-0.09273044019937515,-0.7612757086753845,0.7402603626251221,0.5415667295455933,-0.37709492444992065,-0.1285286247730255,123.004206,-45.948676,43.561646,-1.472292
2026-08-05T15:57:41.580230,1785938261.580230,12.331789,-0.006574086844921112,0.6399713158607483,-0.09228821098804474,-0.7628099322319031,0.7408092617988586,0.5406843423843384,-0.3775302469730377,-0.12780116498470306,123.478978,-46.098552,38.445800,-12.136529
2026-08-05T15:57:41.596833,1785938261.596834,12.348385,-0.0096592353656888,0.6391677856445312,-0.09254037588834763,-0.7634202837944031,0.7408367991447449,0.5408456325531006,-0.37687093019485474,-0.1289009153842926,123.695548,-46.551742,13.050054,-27.308242
2026-08-05T15:57:41.610170,1785938261.610170,12.363744,-0.012763872742652893,0.6401495337486267,-0.09280364215373993,-0.7625194191932678,0.7408581972122192,0.5412173867225647,-0.3747129440307617,-0.13342861831188202,123.473963,-47.392669,-14.426430,-54.749089
2026-08-05T15:57:41.618247,1785938261.618248,12.371822,-0.014211039990186691,0.6446080207824707,-0.09288488328456879,-0.7587183713912964,0.7412621974945068,0.5413038730621338,-0.37051087617874146,-0.14227578043937683,122.530404,-48.708430,-116.814942,-162.894538
2026-08-05T15:57:41.635582,1785938261.636828,12.389157,-0.014272607862949371,0.6505220532417297,-0.09204841405153275,-0.753755509853363,0.7416805028915405,0.5417022705078125,-0.3641919493675232,-0.15437936782836914,121.096504,-50.120612,-82.716207,-81.463390
2026-08-05T15:57:41.644357,1785938261.644357,12.396623,-0.013285060413181782,0.657368540763855,-0.08970067650079727,-0.7480953931808472,0.740902304649353,0.5440019369125366,-0.3559931516647339,-0.1685071587562561,119.236589,-51.338526,-249.115467,-163.126366
2026-08-05T15:57:41.659825,1785938261.659825,12.412880,-0.010640738531947136,0.6661011576652527,-0.08697943389415741,-0.7406978011131287,0.7388845086097717,0.5479235649108887,-0.34616246819496155,-0.18439356982707977,116.825214,-52.381974,-148.327956,-64.184332
2026-08-05T15:57:41.680333,1785938261.680333,12.433907,-0.006510882638394833,0.6756475567817688,-0.08330453187227249,-0.732475996017456,0.736805260181427,0.551546573638916,-0.33482474088668823,-0.2020069658756256,114.126789,-53.320971,-128.330887,-44.656533
2026-08-05T15:57:41.696989,1785938261.696990,12.450564,-0.0027033572550863028,0.6828917860984802,-0.07755078375339508,-0.7263883948326111,0.7354933023452759,0.5532973408699036,-0.32266685366630554,-0.22090241312980652,111.703361,-54.079681,-145.495331,-45.550656
2026-08-05T15:57:41.723317,1785938261.723318,12.475450,-0.0012568249367177486,0.6893705129623413,-0.06991641223430634,-0.7210277318954468,0.7340015769004822,0.554558515548706,-0.3099253475666046,-0.24011069536209106,109.637023,-55.013187,-83.030914,-37.510735
2026-08-05T15:57:41.731774,1785938261.731774,12.485348,-0.002080343198031187,0.6970633864402771,-0.06208302080631256,-0.7143155932426453,0.7312808036804199,0.5569718480110168,-0.2964342534542084,-0.2591093182563782,107.655911,-56.215439,-200.153784,-121.464778
2026-08-05T15:57:41.748442,1785938261.748443,12.502017,-0.003600307507440448,0.70473313331604,-0.05557273328304291,-0.7072854042053223,0.727220892906189,0.5609001517295837,-0.28248271346092224,-0.2770279347896576,105.642741,-57.293329,-120.773077,-64.664183
2026-08-05T15:57:41.761146,1785938261.761147,12.513490,-0.003658740548416972,0.7125400900840759,-0.045925483107566833,-0.7001190781593323,0.7228138446807861,0.5649645924568176,-0.2681179642677307,-0.2940545380115509,103.644801,-58.038493,-174.147267,-64.951107
2026-08-05T15:57:41.778360,1785938261.778361,12.531935,-0.0048519643023610115,0.7202562093734741,-0.036352913826704025,-0.6927399635314941,0.7185860276222229,0.5680122375488281,-0.25269797444343567,-0.31167319416999817,101.793233,-58.965946,-100.383129,-50.282012
2026-08-05T15:57:41.788954,1785938261.788955,12.542529,-0.006474348716437817,0.7260594964027405,-0.02953297644853592,-0.6869688034057617,0.7144282460212708,0.5700452923774719,-0.2364911139011383,-0.32971593737602234,100.005725,-59.811496,-168.726287,-79.813107
2026-08-05T15:57:41.797962,1785938261.798963,12.551537,-0.005669529549777508,0.732161283493042,-0.023111317306756973,-0.6807175278663635,0.7091274261474609,0.5730728507041931,-0.22122547030448914,-0.3461001515388489,97.968024,-60.124786,-226.217878,-34.780304
2026-08-05T15:57:41.812607,1785938261.812608,12.566182,-0.006014964077621698,0.7369534373283386,-0.017579827457666397,-0.6756901144981384,0.7018939256668091,0.5787335634231567,-0.20926454663276672,-0.3586374819278717,96.130554,-59.976436,-125.466500,10.129702
2026-08-05T15:57:41.833749,1785938261.833750,12.587324,-0.008058966137468815,0.7410775423049927,-0.017800604924559593,-0.6711370348930359,0.6937001943588257,0.5857223868370056,-0.20065204799175262,-0.36803287267684937,94.461647,-59.828220,-78.936195,7.010315
2026-08-05T15:57:41.850647,1785938261.850647,12.604222,-0.014321079477667809,0.743222713470459,-0.01410415954887867,-0.6687440872192383,0.6880809664726257,0.5888361930847168,-0.19253095984458923,-0.3778206408023834,93.817504,-60.248855,-38.120761,-24.893421
2026-08-05T15:57:41.866987,1785938261.866987,12.620561,-0.0214502215385437,0.742557942867279,-0.011933906003832817,-0.669333815574646,0.6855717897415161,0.5874747633934021,-0.18338309228420258,-0.3888903260231018,93.683882,-61.081990,-8.177834,-50.988836
2026-08-05T15:57:41.884120,1785938261.884120,12.637694,-0.02661919966340065,0.7436383366584778,-0.010094963014125824,-0.6679776906967163,0.683766782283783,0.5850124359130859,-0.17305275797843933,-0.40034544467926025,93.370746,-62.036858,-18.276504,-55.731956
2026-08-05T15:57:41.894807,1785938261.894808,12.648382,-0.03051324561238289,0.7441232800483704,-0.006683030165731907,-0.6673135757446289,0.6785561442375183,0.5870715975761414,-0.16345635056495667,-0.41011059284210205,92.595233,-62.166114,-72.562038,-12.093965
2026-08-05T15:57:41.943585,1785938261.943586,12.697160,-0.03332146257162094,0.7440359592437744,-0.005596532952040434,-0.6672866940498352,0.6700794100761414,0.5940508246421814,-0.15670646727085114,-0.4165818393230438,91.382801,-61.565790,-24.856204,12.307314
2026-08-05T15:57:41.961908,1785938261.961908,12.714353,-0.0336165651679039,0.7470881342887878,-0.006307078059762716,-0.663846492767334,0.6610280275344849,0.6022672057151794,-0.1531456857919693,-0.42055046558380127,89.876079,-60.772720,-87.636596,46.127914
2026-08-05T15:57:41.968742,1785938261.968742,12.722317,-0.038889504969120026,0.7477720379829407,-0.007044736761599779,-0.6627802848815918,0.6540834307670593,0.6068233847618103,-0.14977625012397766,-0.42603689432144165,89.244789,-60.662667,-79.268987,13.819028
2026-08-05T15:57:41.983612,1785938261.983612,12.737186,-0.04693546146154404,0.7433737516403198,-0.006089463829994202,-0.6672019958496094,0.6517460346221924,0.6050487756729126,-0.1435352861881256,-0.43421319127082825,89.567897,-61.201174,21.728906,-36.214548
2026-08-05T15:57:42.004654,1785938262.004655,12.757605,-0.05150408670306206,0.7420200109481812,-0.005373748484998941,-0.6683768630027771,0.6518427729606628,0.6005545258522034,-0.13507939875125885,-0.44293245673179626,89.721787,-62.095460,7.536668,-43.797016
2026-08-05T15:57:42.011586,1785938262.011587,12.765161,-0.05393480509519577,0.7414739727973938,-0.004826034419238567,-0.6687949895858765,0.6518003344535828,0.5964799523353577,-0.1256759762763977,-0.4511914849281311,89.614797,-62.861300,-14.160561,-101.362057
2026-08-05T15:57:42.038247,1785938262.038247,12.791821,-0.05697198212146759,0.7400032877922058,-0.005080157890915871,-0.6701688766479492,0.6501914262771606,0.5940998792648315,-0.11582761257886887,-0.4592173099517822,89.378131,-63.472013,-8.876962,-22.906870
2026-08-05T15:57:42.048976,1785938262.048976,12.800530,-0.05862567573785782,0.739802896976471,-0.005869916640222073,-0.6702410578727722,0.6471085548400879,0.5927411913871765,-0.10520648956298828,-0.46780356764793396,88.757502,-63.896170,-71.269158,-48.707614
2026-08-05T15:57:42.065393,1785938262.065393,12.818968,-0.05871272459626198,0.7412387728691101,-0.004986512009054422,-0.6686521172523499,0.643658459186554,0.5911694765090942,-0.09324823319911957,-0.4769984483718872,87.921295,-64.234363,-45.352739,-18.342304
2026-08-05T15:57:42.082491,1785938262.082492,12.836066,-0.056794676929712296,0.7418735027313232,-0.001442781649529934,-0.6681309342384338,0.6407840251922607,0.5886414051055908,-0.08024618029594421,-0.48626938462257385,87.010619,-64.303320,-53.260784,-4.032913
2026-08-05T15:57:42.098530,1785938262.098530,12.852104,-0.05655479431152344,0.7432723641395569,0.0005130157805979252,-0.6665960550308228,0.6380331516265869,0.5853959918022156,-0.06634572148323059,-0.4958060383796692,86.312343,-64.789784,-43.537722,-30.331224
2026-08-05T15:57:42.107414,1785938262.107414,12.860485,-0.057763516902923584,0.7432724833488464,0.0027237017638981342,-0.6664867997169495,0.6354586482048035,0.5811542868614197,-0.05083218216896057,-0.5058342218399048,85.850641,-65.459827,-55.093012,-79.953455
2026-08-05T15:57:42.117294,1785938262.117294,12.870868,-0.05805082619190216,0.7428414225578308,0.0059457821771502495,-0.6669213175773621,0.6318126320838928,0.5777099132537842,-0.03480473905801773,-0.5156091451644897,85.194026,-65.840524,-63.237185,-36.664055
2026-08-05T15:57:42.130354,1785938262.130354,12.883928,-0.05737237632274628,0.7432689666748047,0.009936060756444931,-0.6664559245109558,0.6252914667129517,0.577874481678009,-0.020785218104720116,-0.5240609049797058,84.076551,-65.623719,-85.564072,16.600581
2026-08-05T15:57:42.146855,1785938262.146855,12.900429,-0.05860750749707222,0.7455446720123291,0.010262647643685341,-0.6637963652610779,0.6169493794441223,0.5801557898521423,-0.008345012553036213,-0.5317170023918152,82.950926,-65.612548,-68.215775,0.676950
2026-08-05T15:57:42.156690,1785938262.156690,12.908855,-0.06372702121734619,0.7496810555458069,0.008222662843763828,-0.6586747169494629,0.609689474105835,0.5801149010658264,0.0060835047625005245,-0.5401005744934082,82.498760,-66.571861,-53.663519,-113.852133
2026-08-05T15:57:42.180543,1785938262.180543,12.934117,-0.07385076582431793,0.751366138458252,0.005415831692516804,-0.6557198166847229,0.6052776575088501,0.5759379863739014,0.024296214804053307,-0.5489480495452881,83.143255,-68.593616,25.512537,-80.031850
2026-08-05T15:57:42.198464,1785938262.198464,12.952038,-0.0769098699092865,0.748582124710083,0.007127122487872839,-0.6585298180580139,0.6027370095252991,0.5693909525871277,0.044782400131225586,-0.557222306728363,83.312641,-69.727001,9.451851,-63.243516
2026-08-05T15:57:42.240313,1785938262.240314,12.993888,-0.07615991681814194,0.7468782067298889,0.011539783328771591,-0.6604860424995422,0.5979976654052734,0.5651756525039673,0.06402034312486649,-0.5646917223930359,82.770240,-70.009117,-12.960721,-6.741199
2026-08-05T15:57:42.256543,1785938262.256543,13.010117,-0.07626697421073914,0.747572124004364,0.013584286905825138,-0.6596493721008301,0.5902599692344666,0.5642126202583313,0.08092112839221954,-0.5715847015380859,81.963928,-70.133229,-49.682166,-7.647340
2026-08-05T15:57:42.269365,1785938262.269366,13.022940,-0.0787627324461937,0.7480453252792358,0.013006048277020454,-0.6588307619094849,0.5810338854789734,0.5637726783752441,0.09725561738014221,-0.5788793563842773,81.316167,-70.445176,-50.517081,-24.327851
2026-08-05T15:57:42.280118,1785938262.280118,13.033693,-0.07768095284700394,0.7478659749031067,0.015117505565285683,-0.6591176390647888,0.5719482898712158,0.5619469881057739,0.11499996483325958,-0.5864009261131287,80.350247,-70.332840,-89.828631,10.447086
2026-08-05T15:57:42.289483,1785938262.289483,13.043057,-0.0726572796702385,0.7475833296775818,0.021238433197140694,-0.6598421335220337,0.5634061098098755,0.5589858293533325,0.13405828177928925,-0.5934112071990967,79.048231,-69.755511,-139.032276,61.648549
2026-08-05T15:57:42.305625,1785938262.305626,13.059200,-0.06860160082578659,0.7479034066200256,0.027272824198007584,-0.6596914529800415,0.5549457669258118,0.5554791688919067,0.15350773930549622,-0.599928081035614,77.966916,-69.381141,-66.986179,23.191754
2026-08-05T15:57:42.330511,1785938262.330512,13.084086,-0.0679149255156517,0.7481533885002136,0.03083125688135624,-0.659322202205658,0.5462988615036011,0.5519705414772034,0.1734434962272644,-0.6056431531906128,77.384077,-69.541620,-23.420240,-6.448536
2026-08-05T15:57:42.340163,1785938262.340163,13.093737,-0.06865262985229492,0.7470789551734924,0.03362530097365379,-0.6603270173072815,0.537559449672699,0.5480040311813354,0.19402457773685455,-0.6107994914054871,77.047897,-69.901263,-34.832967,-37.264144
2026-08-05T15:57:42.357087,1785938262.357087,13.110662,-0.0684608593583107,0.7458878755569458,0.03613900765776634,-0.6615593433380127,0.5287553071975708,0.5437166690826416,0.2147827297449112,-0.6153523325920105,76.705439,-70.231200,-20.234635,-19.494809
2026-08-05T15:57:42.398486,1785938262.398487,13.152061,-0.06722242385149002,0.746029257774353,0.039906203746795654,-0.6613101959228516,0.5197164416313171,0.5397354364395142,0.23472048342227936,-0.6192632913589478,76.259821,-70.363187,-10.763853,-3.188114
2026-08-05T15:57:42.413445,1785938262.413445,13.167020,-0.06668925285339355,0.7462347149848938,0.044417958706617355,-0.6608446836471558,0.5108106136322021,0.5360566973686218,0.25407874584198,-0.6222217082977295,75.920978,-70.499133,-22.652016,-9.088150
2026-08-05T15:57:42.425655,1785938262.425655,13.179229,-0.06952369958162308,0.7452315092086792,0.04638746380805969,-0.6615488529205322,0.5027622580528259,0.5319020748138428,0.2739196717739105,-0.6239219903945923,76.207135,-71.253878,23.437004,-61.815467
2026-08-05T15:57:42.444239,1785938262.444240,13.197814,-0.07174115628004074,0.743630588054657,0.04981626197695732,-0.6628630757331848,0.49596714973449707,0.5267091393470764,0.2939874827861786,-0.6246324181556702,76.598242,-72.017067,21.044529,-41.065387
2026-08-05T15:57:42.460944,1785938262.460945,13.214519,-0.07161641120910645,0.7438204288482666,0.05577879399061203,-0.6621884703636169,0.48992276191711426,0.5208211541175842,0.31327956914901733,-0.6249616146087646,76.812336,-72.473829,12.816101,-27.342748
2026-08-05T15:57:42.477430,1785938262.477431,13.231005,-0.07328755408525467,0.7450450658798218,0.06020407751202583,-0.6602383852005005,0.48422783613204956,0.5148090124130249,0.3312080502510071,-0.6251370310783386,77.342028,-73.172259,32.130448,-42.365842
2026-08-05T15:57:42.497813,1785938262.497814,13.251388,-0.07904620468616486,0.7449614405632019,0.060162246227264404,-0.6596718430519104,0.4788345396518707,0.5095938444137573,0.3475271463394165,-0.6247050762176514,78.428875,-74.453497,53.320892,-62.857763
2026-08-05T15:57:42.513924,1785938262.513925,13.267499,-0.08187556266784668,0.7449708580970764,0.06178218871355057,-0.6591662764549255,0.47422486543655396,0.5056564807891846,0.3619113564491272,-0.6232517957687378,79.102179,-75.287994,41.791221,-51.796346
2026-08-05T15:57:42.530738,1785938262.530739,13.282436,-0.08276106417179108,0.7458441257476807,0.06619604676961899,-0.657637894153595,0.4714623689651489,0.5019512176513672,0.37467533349990845,-0.6207952499389648,79.575890,-75.826735,31.713647,-36.067125
2026-08-05T15:57:42.543742,1785938262.543743,13.297317,-0.08732732385396957,0.7459872364997864,0.0691053718328476,-0.6565850377082825,0.46952101588249207,0.4980132579803467,0.3855263590812683,-0.6187911629676819,80.463288,-76.709640,59.634283,-59.332366
2026-08-05T15:57:42.553095,1785938262.553095,13.305562,-0.0936117172241211,0.7455047369003296,0.06872735172510147,-0.6563067436218262,0.4662620425224304,0.4955447018146515,0.39352667331695557,-0.6182006001472473,81.325585,-77.588943,104.587429,-106.650042
2026-08-05T15:57:42.570178,1785938262.570178,13.323752,-0.096841961145401,0.7478435039520264,0.06683767586946487,-0.6533656716346741,0.46178022027015686,0.4956453740596771,0.3983873128890991,-0.6183708906173706,81.670292,-77.965426,18.949459,-20.696290
2026-08-05T15:57:42.577443,1785938262.577443,13.330158,-0.097873255610466,0.7496957182884216,0.06690704822540283,-0.6510781645774841,0.45821043848991394,0.4968048334121704,0.4016234874725342,-0.6180024147033691,81.626433,-77.945176,-6.847238,3.161377
2026-08-05T15:57:42.593933,1785938262.593934,13.347508,-0.09948720037937164,0.7496758103370667,0.0687560886144638,-0.6506640911102295,0.4576720893383026,0.4965851604938507,0.40566709637641907,-0.6159331798553467,81.878979,-78.219549,14.556010,-15.814013
2026-08-05T15:57:42.600853,1785938262.600854,13.354428,-0.10087838023900986,0.7503136992454529,0.06984587758779526,-0.6495976448059082,0.45931023359298706,0.4947153329849243,0.41007524728775024,-0.6132938265800476,82.490851,-78.842615,88.419406,-90.037101
2026-08-05T15:57:42.610598,1785938262.610598,13.362803,-0.10176555812358856,0.7510674595832825,0.06926601380109787,-0.6486493945121765,0.46027278900146484,0.4935433268547058,0.41242241859436035,-0.6119410395622253,82.932568,-79.303345,52.744328,-55.014658
2026-08-05T15:57:42.652179,1785938262.652179,13.405753,-0.1024240106344223,0.7519177794456482,0.06766140460968018,-0.6477294564247131,0.4602189362049103,0.49432164430618286,0.4122447371482849,-0.6114727258682251,83.076572,-79.481435,3.352773,-4.146347
2026-08-05T15:57:42.660643,1785938262.660643,13.414217,-0.10321830958127975,0.7517540454864502,0.06649225205183029,-0.6479144096374512,0.4602968990802765,0.4960293173789978,0.41069772839546204,-0.6110720634460449,83.059656,-79.507337,-1.998712,-3.060407
2026-08-05T15:57:42.670739,1785938262.670739,13.424313,-0.10303890705108643,0.752082884311676,0.06562498956918716,-0.6476495265960693,0.46135586500167847,0.49728208780288696,0.40896156430244446,-0.6104193329811096,83.055486,-79.535149,-0.412972,-2.754711
2026-08-05T15:57:42.683145,1785938262.683145,13.436719,-0.10248894989490509,0.7527793049812317,0.0640336275100708,-0.6470869183540344,0.46347853541374207,0.4977700114250183,0.40744173526763916,-0.6094292998313904,83.225168,-79.746225,13.677282,-17.013835
2026-08-05T15:57:42.697448,1785938262.697449,13.451023,-0.10222934931516647,0.752631425857544,0.06261435896158218,-0.6474388837814331,0.4657970368862152,0.49827855825424194,0.4054625928401947,-0.6085653305053711,83.372531,-79.935233,10.302618,-13.214171
2026-08-05T15:57:42.716307,1785938262.716307,13.469882,-0.10121777653694153,0.752586841583252,0.061126708984375,-0.6477915644645691,0.46757715940475464,0.49971964955329895,0.40217211842536926,-0.6082019209861755,83.281464,-79.886311,-4.828925,2.594111
2026-08-05T15:57:42.733485,1785938262.733485,13.485039,-0.09984475374221802,0.7531630992889404,0.05944903567433357,-0.6474912166595459,0.4690338969230652,0.5021402835845947,0.39784109592437744,-0.6079349517822266,83.053596,-79.699635,-15.033148,12.315602
2026-08-05T15:57:42.796404,1785938262.796404,13.549978,-0.09877101331949234,0.7534461617469788,0.057674139738082886,-0.6474871635437012,0.47105056047439575,0.5042815804481506,0.3937305510044098,-0.6072790622711182,82.934343,-79.627734,-1.836392,1.107217
2026-08-05T15:57:42.814431,1785938262.814431,13.566975,-0.09761855751276016,0.753601610660553,0.05596291273832321,-0.6476311087608337,0.4737589657306671,0.5058369040489197,0.39023712277412415,-0.6061325669288635,82.933546,-79.679928,-0.046907,-3.070848
2026-08-05T15:57:42.831316,1785938262.831316,13.584890,-0.09570400416851044,0.754105806350708,0.05445122346282005,-0.6474586725234985,0.4763987362384796,0.5076532363891602,0.3861168324947357,-0.6051828265190125,82.804440,-79.593942,-7.206276,4.799437
2026-08-05T15:57:42.848690,1785938262.848691,13.602265,-0.09328564256429672,0.7544539570808411,0.05336236581206322,-0.6474968791007996,0.4782327711582184,0.5107729434967041,0.38007837533950806,-0.60493403673172,82.347599,-79.161072,-26.293757,24.914092
2026-08-05T15:57:42.865238,1785938262.865238,13.617924,-0.09024321287870407,0.754866898059845,0.05254027247428894,-0.6475140452384949,0.47940367460250854,0.515548586845398,0.3719608187675476,-0.6050016283988953,81.564660,-78.392577,-49.997454,49.075111
2026-08-05T15:57:42.883429,1785938262.883430,13.637004,-0.08559243381023407,0.7566379308700562,0.05199624225497246,-0.6461206078529358,0.48076292872428894,0.5211972594261169,0.36238887906074524,-0.6048926115036011,80.561904,-77.389308,-52.556214,52.583081
2026-08-05T15:57:42.895444,1785938262.895444,13.649019,-0.08140943199396133,0.7588592767715454,0.05100107938051224,-0.6441323757171631,0.482936292886734,0.5268983244895935,0.35219505429267883,-0.6042429208755493,79.704434,-76.519496,-71.370230,72.397584
2026-08-05T15:57:42.901373,1785938262.901373,13.654948,-0.08042260259389877,0.7599877119064331,0.048722993582487106,-0.6431012153625488,0.48647788166999817,0.5318843126296997,0.3426024913787842,-0.6025460958480835,79.419356,-76.224036,-48.082086,49.832990
2026-08-05T15:57:42.917675,1785938262.917675,13.671249,-0.08293042331933975,0.7591450214385986,0.044332366436719894,-0.6440951824188232,0.49140918254852295,0.5351365804672241,0.33511149883270264,-0.599871814250946,79.878898,-76.706466,28.189965,-29.593973
2026-08-05T15:57:42.934231,1785938262.934232,13.687806,-0.08165696263313293,0.757914662361145,0.03944399207830429,-0.6460217237472534,0.4973669946193695,0.5364876389503479,0.32982563972473145,-0.5966760516166687,80.279789,-77.203442,24.213477,-30.016937
2026-08-05T15:57:42.950777,1785938262.950777,13.704351,-0.07876652479171753,0.7578889727592468,0.039355359971523285,-0.6464162468910217,0.5037713646888733,0.5368029475212097,0.32561102509498596,-0.5933248996734619,80.451636,-77.357103,10.386318,-9.287146
2026-08-05T15:57:42.959494,1785938262.959494,13.713068,-0.07533761113882065,0.7579578757286072,0.040196456015110016,-0.6466924548149109,0.508872926235199,0.5386077761650085,0.3194551467895508,-0.5906761884689331,80.233957,-77.076398,-24.970899,32.200814
2026-08-05T15:57:42.982529,1785938262.982530,13.732596,-0.07073590904474258,0.75921231508255,0.04139941558241844,-0.645663857460022,0.512241780757904,0.5426127314567566,0.3105067014694214,-0.5888678431510925,79.509493,-76.253369,-37.099376,42.146836
2026-08-05T15:57:42.989802,1785938262.989802,13.742226,-0.06649380922317505,0.760815441608429,0.04266145080327988,-0.6441437005996704,0.5145940184593201,0.5481012463569641,0.2992112636566162,-0.5875802636146545,78.564483,-75.156805,-98.137020,113.875582
2026-08-05T15:57:43.000926,1785938263.000927,13.754501,-0.06385084986686707,0.7623915672302246,0.04285358265042305,-0.6425327062606812,0.5172346234321594,0.5536797642707825,0.2871167063713074,-0.5860640406608582,77.851068,-74.264201,-58.118353,72.715919
2026-08-05T15:57:43.017050,1785938263.017050,13.770624,-0.061957426369190216,0.7635179162025452,0.04238876700401306,-0.6414102911949158,0.5211153030395508,0.5584820508956909,0.2753259539604187,-0.5837230086326599,77.442264,-73.663242,-25.354862,37.272720
2026-08-05T15:57:43.032878,1785938263.032878,13.786453,-0.06068473309278488,0.7641940712928772,0.04172138124704361,-0.6407703161239624,0.5258353352546692,0.5630176663398743,0.2633265554904938,-0.5806612968444824,77.222044,-73.218215,-13.912991,28.115817
2026-08-05T15:57:43.076746,1785938263.076747,13.830321,-0.059357013553380966,0.7651953101158142,0.041159458458423615,-0.6397353410720825,0.5309532880783081,0.5674498081207275,0.25096264481544495,-0.5771543979644775,77.066154,-72.803340,-3.553565,9.457220
2026-08-05T15:57:43.084533,1785938263.084533,13.838108,-0.05911201611161232,0.7660417556762695,0.0399545282125473,-0.6388207077980042,0.5352807641029358,0.5731293559074402,0.23702996969223022,-0.5734233260154724,76.894023,-72.326655,-22.106325,61.219372
2026-08-05T15:57:43.099868,1785938263.099868,13.853442,-0.06027412414550781,0.7663565278053284,0.0382206067442894,-0.6384404897689819,0.5387497544288635,0.5798570513725281,0.22118447721004486,-0.5697298049926758,76.725713,-71.768439,-10.975867,36.402384
2026-08-05T15:57:43.114930,1785938263.114930,13.868504,-0.06111343204975128,0.7670295238494873,0.03669273108243942,-0.6376416087150574,0.5426561236381531,0.5860848426818848,0.20480318367481232,-0.5657601952552795,76.623935,-71.212551,-6.757188,36.906420
2026-08-05T15:57:43.130412,1785938263.131031,13.881612,-0.060697756707668304,0.7677417993545532,0.03564243018627167,-0.6368832588195801,0.5477513670921326,0.5910847187042236,0.18881361186504364,-0.5611922144889832,76.614868,-70.703308,-0.691775,38.851831
2026-08-05T15:57:43.150505,1785938263.150506,13.904080,-0.06064222753047943,0.7670135498046875,0.03400284796953201,-0.6378548741340637,0.5543134212493896,0.5944887399673462,0.17396971583366394,-0.5559267401695251,76.949730,-70.499507,14.903882,9.070675
2026-08-05T15:57:43.167839,1785938263.167840,13.921414,-0.06164205074310303,0.7653746604919434,0.03172215819358826,-0.63984215259552,0.5615758299827576,0.5967363119125366,0.16010132431983948,-0.5503690838813782,77.600130,-70.578293,37.521152,-4.545095
2026-08-05T15:57:43.182857,1785938263.182858,13.934951,-0.06371045112609863,0.7651021480560303,0.02817681059241295,-0.6401312947273254,0.5683661103248596,0.5991690754890442,0.1457451730966568,-0.5447155833244324,78.388162,-70.820397,58.211445,-17.884075
2026-08-05T15:57:43.200551,1785938263.200552,13.954126,-0.06469741463661194,0.7650802135467529,0.026146043092012405,-0.6401447057723999,0.5742738246917725,0.6023193597793579,0.13007140159606934,-0.5389828085899353,78.915124,-70.682163,27.482029,7.209166
2026-08-05T15:57:43.210078,1785938263.210079,13.961461,-0.06413410604000092,0.7640199661254883,0.025869198143482208,-0.6414775848388672,0.5802801251411438,0.6054045557975769,0.11391894519329071,-0.5327126383781433,79.293172,-70.230506,51.538886,61.574018
2026-08-05T15:57:43.219585,1785938263.219586,13.971900,-0.0640912652015686,0.7624380588531494,0.024892423301935196,-0.6433996558189392,0.587441623210907,0.6071886420249939,0.09838561713695526,-0.5258845686912537,79.990809,-70.058923,66.833440,16.437616
2026-08-05T15:57:43.233017,1785938263.233017,13.986591,-0.06531646102666855,0.7604631185531616,0.021999802440404892,-0.6457151174545288,0.5953696966171265,0.6076329946517944,0.08363553136587143,-0.5189626812934875,81.047604,-70.280638,71.931965,-15.091280
2026-08-05T15:57:43.242375,1785938263.242376,13.995950,-0.06683933734893799,0.7587890028953552,0.018115779384970665,-0.6476466059684753,0.602985143661499,0.607812225818634,0.06918445229530334,-0.5120419263839722,82.163523,-70.599373,119.242464,-34.058698
2026-08-05T15:57:43.253076,1785938263.253077,14.006651,-0.06793015450239182,0.7572614550590515,0.01418564934283495,-0.6494162082672119,0.609667956829071,0.6085665225982666,0.05441676452755928,-0.5049660205841064,83.142114,-70.751403,91.446960,-14.206834
2026-08-05T15:57:43.268670,1785938263.268671,14.022245,-0.06829935312271118,0.7561010718345642,0.010129556059837341,-0.6508042812347412,0.6155598759651184,0.6100155115127563,0.03902006894350052,-0.49743810296058655,83.969964,-70.717389,53.087730,2.181163
2026-08-05T15:57:43.285928,1785938263.285928,14.039502,-0.06798790395259857,0.7538509964942932,0.0070711225271224976,-0.6534820199012756,0.6211674809455872,0.6113123893737793,0.02387385629117489,-0.489773690700531,84.735842,-70.480493,44.379545,13.727222
2026-08-05T15:57:43.300973,1785938263.300973,14.054548,-0.06694501638412476,0.7514775991439819,0.004393389448523521,-0.6563403010368347,0.6267922520637512,0.6122874021530151,0.00921798124909401,-0.4818201959133148,85.480609,-70.176127,49.502118,20.230119
2026-08-05T15:57:43.318560,1785938263.318560,14.072134,-0.06597708910703659,0.7494367361068726,0.0016242340207099915,-0.6587802171707153,0.6325752139091492,0.6128891110420227,-0.005179331637918949,-0.4734857976436615,86.311030,-69.950307,47.219298,12.840583
2026-08-05T15:57:43.334155,1785938263.334156,14.087730,-0.06465312093496323,0.7468850016593933,-0.0009174523875117302,-0.6618035435676575,0.6385852694511414,0.6129418611526489,-0.019426468759775162,-0.464901864528656,87.195100,-69.686891,56.685990,16.890048
2026-08-05T15:57:43.359080,1785938263.359080,14.112654,-0.06357012689113617,0.7448702454566956,-0.004514625761657953,-0.664160430431366,0.6446829438209534,0.6124748587608337,-0.033506542444229126,-0.45621931552886963,88.157414,-69.562889,38.609507,4.975140
2026-08-05T15:57:43.377768,1785938263.377769,14.130372,-0.06155145913362503,0.7435147166252136,-0.00801676046103239,-0.6658343076705933,0.6503415703773499,0.612031877040863,-0.047158874571323395,-0.4474917948246002,88.982440,-69.339658,46.564722,12.599253
2026-08-05T15:57:43.392246,1785938263.392246,14.145820,-0.05819014087319374,0.7427868247032166,-0.011161118745803833,-0.6669027805328369,0.6550701856613159,0.612318754196167,-0.06036916375160217,-0.43852558732032776,89.557751,-68.889064,37.240960,29.167794
2026-08-05T15:57:43.400287,1785938263.400287,14.153862,-0.05514775216579437,0.7415639758110046,-0.014296706765890121,-0.6684606075286865,0.6589966416358948,0.6133980751037598,-0.07388440519571304,-0.42896100878715515,90.125708,-68.315300,70.631435,71.353572
2026-08-05T15:57:43.433127,1785938263.433128,14.186702,-0.0530046671628952,0.7388136386871338,-0.01639847829937935,-0.671623706817627,0.6630706787109375,0.6142274737358093,-0.08771996945142746,-0.4187689423561096,90.929739,-67.699654,24.483076,18.746689
2026-08-05T15:57:43.448580,1785938263.448580,14.202154,-0.05318591743707657,0.733851432800293,-0.019564438611268997,-0.6769438982009888,0.6676239967346191,0.6144799590110779,-0.10192903876304626,-0.4078030586242676,92.187277,-67.297140,81.380273,26.048245
2026-08-05T15:57:43.458788,1785938263.458788,14.212362,-0.056490033864974976,0.7285643219947815,-0.024428026750683784,-0.6822085380554199,0.6725268363952637,0.6141406893730164,-0.11608973145484924,-0.3963109850883484,93.897605,-67.386399,167.549512,-8.744122
2026-08-05T15:57:43.466809,1785938263.466810,14.220384,-0.058716051280498505,0.7239329218864441,-0.0295153446495533,-0.6867348551750183,0.6775050759315491,0.613298237323761,-0.12922003865242004,-0.384908527135849,95.502670,-67.482239,200.099057,-11.948187
2026-08-05T15:57:43.516142,1785938263.516142,14.269717,-0.058315061032772064,0.7204352021217346,-0.03351607918739319,-0.6902545690536499,0.6822645664215088,0.6120317578315735,-0.1412489265203476,-0.37414056062698364,96.769006,-67.321253,25.669210,3.263261
2026-08-05T15:57:43.526850,1785938263.526850,14.278404,-0.05536884441971779,0.7198361158370972,-0.03652411326766014,-0.6909693479537964,0.6862073540687561,0.6114159822463989,-0.1530131995677948,-0.3631488084793091,97.607939,-66.927792,96.565219,45.289279
2026-08-05T15:57:43.543162,1785938263.543162,14.294479,-0.05279954895377159,0.7195658087730408,-0.03929782658815384,-0.6912997364997864,0.6892079710960388,0.6117727756500244,-0.16536548733711243,-0.351255863904953,98.442210,-66.438542,51.899804,30.436105
2026-08-05T15:57:43.557597,1785938263.557597,14.311171,-0.051175810396671295,0.7178581357002258,-0.04054403305053711,-0.6931228041648865,0.692364513874054,0.611660361289978,-0.17790599167346954,-0.3388989567756653,99.554050,-65.923439,66.608509,30.858992
2026-08-05T15:57:43.567091,1785938263.567092,14.319502,-0.050761878490448,0.7150532603263855,-0.04226195067167282,-0.6959440112113953,0.6964862942695618,0.6099668145179749,-0.18984146416187286,-0.3268146812915802,100.971391,-65.680333,170.132140,29.181541
2026-08-05T15:57:43.582684,1785938263.583375,14.336259,-0.04945111274719238,0.7125702500343323,-0.04399111494421959,-0.6984735131263733,0.7014582753181458,0.6065536737442017,-0.20094731450080872,-0.31570470333099365,102.360169,-65.518749,82.877414,9.642740
2026-08-05T15:57:43.598749,1785938263.598749,14.352323,-0.04795602709054947,0.7102589011192322,-0.04722749814391136,-0.7007170915603638,0.7060533165931702,0.6031018495559692,-0.21208687126636505,-0.3045915365219116,103.667257,-65.329035,81.366681,11.809792
2026-08-05T15:57:43.615859,1785938263.615859,14.369433,-0.04723723977804184,0.708038330078125,-0.05059794709086418,-0.7027746438980103,0.7086469531059265,0.6017900109291077,-0.22394788265228271,-0.2924308776855469,104.899135,-64.908830,71.997111,24.558842
2026-08-05T15:57:43.624097,1785938263.624097,14.377671,-0.048126306384801865,0.704372763633728,-0.05389738827943802,-0.7061447501182556,0.7098512053489685,0.601844310760498,-0.23600292205810547,-0.27963823080062866,106.268165,-64.342303,166.178392,68.767393
2026-08-05T15:57:43.641146,1785938263.641146,14.394721,-0.049823060631752014,0.7005661725997925,-0.05790483206510544,-0.7094886302947998,0.7117331624031067,0.6002885699272156,-0.2473914921283722,-0.26811790466308594,107.738184,-64.011842,86.222792,19.382937
2026-08-05T15:57:43.649113,1785938263.649113,14.402687,-0.05024411901831627,0.697334349155426,-0.0621766671538353,-0.7122757434844971,0.7149052023887634,0.5965604186058044,-0.2576659321784973,-0.2581366002559662,109.103577,-63.803487,171.386372,26.152972
2026-08-05T15:57:43.667340,1785938263.667341,14.420915,-0.05011710524559021,0.6945152282714844,-0.067583829164505,-0.7145429849624634,0.7181249260902405,0.5925943851470947,-0.26704344153404236,-0.24862927198410034,110.321095,-63.633137,66.796222,9.345847
2026-08-05T15:57:43.698049,1785938263.698049,14.451623,-0.04955986514687538,0.6912526488304138,-0.07246073335409164,-0.7172624468803406,0.7202671766281128,0.5899179577827454,-0.2760542929172516,-0.23876027762889862,111.425516,-63.177768,35.964338,14.828623
2026-08-05T15:57:43.715860,1785938263.715860,14.469434,-0.04875015839934349,0.6882005333900452,-0.0771888792514801,-0.719755232334137,0.7210013270378113,0.5891413688659668,-0.284555047750473,-0.2282499074935913,112.365417,-62.500237,52.771335,38.040415
2026-08-05T15:57:43.733343,1785938263.733344,14.486918,-0.048443228006362915,0.6848675608634949,-0.08297731727361679,-0.7223064303398132,0.7218451499938965,0.5881290435791016,-0.2919590175151825,-0.21864083409309387,113.269673,-61.947942,51.719909,31.589121
2026-08-05T15:57:43.749821,1785938263.749821,14.503396,-0.04750660061836243,0.6823944449424744,-0.08710312843322754,-0.7242211699485779,0.7239182591438293,0.5851069092750549,-0.2980664074420929,-0.21153932809829712,114.081025,-61.605768,49.239723,20.766028
2026-08-05T15:57:43.767419,1785938263.767420,14.520994,-0.04627333953976631,0.6807379722595215,-0.0898674726486206,-0.72552090883255,0.7264461517333984,0.5814040303230286,-0.3030657172203064,-0.20590457320213318,114.797127,-61.421226,40.691935,10.486474
2026-08-05T15:57:43.782862,1785938263.782863,14.536437,-0.046118058264255524,0.6775643229484558,-0.09257585555315018,-0.7281564474105835,0.7280306816101074,0.579043447971344,-0.3078676760196686,-0.1997438371181488,115.622646,-61.082626,53.455567,21.925634
2026-08-05T15:57:43.792003,1785938263.792004,14.545578,-0.046794064342975616,0.6740248799324036,-0.09470699727535248,-0.7311180830001831,0.7283706068992615,0.5785690546035767,-0.3125680088996887,-0.1924460083246231,116.503356,-60.638137,96.347559,48.626076
2026-08-05T15:57:43.808170,1785938263.808171,14.561745,-0.0473770909011364,0.6720285415649414,-0.09679258614778519,-0.7326435446739197,0.7290804386138916,0.5775388479232788,-0.316691130399704,-0.18600402772426605,117.267302,-60.459786,47.253617,11.031811
2026-08-05T15:57:43.826993,1785938263.826994,14.580568,-0.047437384724617004,0.6703662276268005,-0.09863187372684479,-0.733916163444519,0.7302225828170776,0.575888454914093,-0.32000064849853516,-0.18090634047985077,117.905063,-60.342192,33.881288,6.247258
2026-08-05T15:57:43.860124,1785938263.860125,14.613699,-0.047067929059267044,0.668447732925415,-0.09961138665676117,-0.7355555891990662,0.7312558889389038,0.5743895769119263,-0.32300329208374023,-0.17609821259975433,118.507757,-60.106558,18.191464,7.112252
2026-08-05T15:57:43.869045,1785938263.869045,14.622619,-0.04713612422347069,0.666654109954834,-0.1006290465593338,-0.7370390295982361,0.7311809659004211,0.5743095874786377,-0.3263775408267975,-0.17035438120365143,119.098024,-59.745820,66.170171,40.439546
2026-08-05T15:57:43.900385,1785938263.900386,14.653393,-0.04758581146597862,0.6643714308738708,-0.10220891982316971,-0.73885178565979,0.7307165265083313,0.5745307803153992,-0.33025628328323364,-0.16400864720344543,119.753385,-59.279610,21.296031,15.149554
2026-08-05T15:57:43.916666,1785938263.916666,14.669898,-0.04802851378917694,0.6626834869384766,-0.10498186200857162,-0.7399493455886841,0.7308902144432068,0.5735152959823608,-0.33432310819625854,-0.1584547907114029,120.356769,-58.962776,36.557111,19.195948
2026-08-05T15:57:43.924679,1785938263.924680,14.678254,-0.04826121777296066,0.6611438393592834,-0.10700172185897827,-0.7410213947296143,0.7318893074989319,0.5711161494255066,-0.33840495347976685,-0.15377451479434967,120.999475,-58.741109,76.921135,26.529807
2026-08-05T15:57:43.932804,1785938263.932804,14.686378,-0.04827051982283592,0.6599223613739014,-0.10865212976932526,-0.741868793964386,0.7327153086662292,0.568903386592865,-0.3423338532447815,-0.14928144216537476,121.580856,-58.491580,71.558220,30.712891
2026-08-05T15:57:43.968340,1785938263.968340,14.721915,-0.04695500060915947,0.6597387790679932,-0.11160584539175034,-0.74167799949646,0.7324926257133484,0.5681903958320618,-0.3462347984313965,-0.1439995914697647,121.856352,-57.976081,7.752523,14.506255
2026-08-05T15:57:43.975742,1785938263.975743,14.729317,-0.04564633592963219,0.6581418514251709,-0.11348418146371841,-0.7428926229476929,0.7315827012062073,0.5684427618980408,-0.35041818022727966,-0.13735605776309967,122.298583,-57.129220,59.741429,114.403226
2026-08-05T15:57:43.991348,1785938263.991349,14.744923,-0.04475637525320053,0.6550416946411133,-0.11674122512340546,-0.7451785802841187,0.7310323119163513,0.5679941773414612,-0.355094850063324,-0.12993137538433075,122.940215,-56.165105,41.114645,61.778786
2026-08-05T15:57:43.999499,1785938263.999500,14.753074,-0.045237306505441666,0.6516927480697632,-0.11804048717021942,-0.7478761672973633,0.7321459650993347,0.564941942691803,-0.3600212633609772,-0.12323841452598572,123.968809,-55.663970,126.195277,61.482772
2026-08-05T15:57:44.007935,1785938264.007936,14.761510,-0.04649587720632553,0.6486899852752686,-0.11892654001712799,-0.7502654790878296,0.7351624965667725,0.5591980218887329,-0.3644579350948334,-0.11833985894918442,125.136258,-55.722552,138.381656,-6.943921
2026-08-05T15:57:44.024332,1785938264.024332,14.777906,-0.046729184687137604,0.6464349031448364,-0.11986343562602997,-0.7520461082458496,0.7380727529525757,0.5540645718574524,-0.3677685558795929,-0.11405039578676224,126.059249,-55.793409,56.292698,-4.321511
2026-08-05T15:57:44.033215,1785938264.033216,14.786790,-0.045528605580329895,0.6457916498184204,-0.12101791054010391,-0.7524875998497009,0.7392451167106628,0.5520171523094177,-0.3698515295982361,-0.10956178605556488,126.508376,-55.640883,50.557493,17.169638
2026-08-05T15:57:44.119847,1785938264.119848,14.873422,-0.04401058703660965,0.6451488733291626,-0.12090691924095154,-0.7531466484069824,0.7389380931854248,0.5524809956550598,-0.3709205985069275,-0.105608731508255,126.731106,-55.217512,2.570999,4.887004
2026-08-05T15:57:44.136895,1785938264.136895,14.890470,-0.04348296299576759,0.6444189548492432,-0.11998794972896576,-0.7539486885070801,0.7388268113136292,0.5527147650718689,-0.3715112507343292,-0.10305742174386978,126.983094,-55.013739,14.781396,11.953140
2026-08-05T15:57:44.182038,1785938264.182039,14.935613,-0.04362271726131439,0.6443300843238831,-0.11923586577177048,-0.7541359663009644,0.7394753098487854,0.5516709685325623,-0.3719332814216614,-0.10247519612312317,127.175366,-55.141600,4.259124,-2.832320
2026-08-05T15:57:44.194003,1785938264.194003,14.947577,-0.04505271837115288,0.6439189910888672,-0.11838338524103165,-0.7545369863510132,0.7403973340988159,0.5502899289131165,-0.3719107210636139,-0.10332173109054565,127.412572,-55.520176,19.825747,-31.641511
2026-08-05T15:57:44.200607,1785938264.200607,14.954181,-0.04708682373166084,0.6439476013183594,-0.11735232919454575,-0.7545495629310608,0.7410730123519897,0.5495356321334839,-0.3711029291152954,-0.10537656396627426,127.531970,-56.081293,18.080428,-84.969794
2026-08-05T15:57:44.208764,1785938264.208765,14.962339,-0.04898432269692421,0.6458021402359009,-0.11721918731927872,-0.7528626918792725,0.7413759231567383,0.5498078465461731,-0.3691486120223999,-0.10863997042179108,127.305165,-56.912121,-27.803313,-101.848419
2026-08-05T15:57:44.222610,1785938264.222611,14.976185,-0.049360837787389755,0.650404691696167,-0.11792886257171631,-0.7487537860870361,0.7386470437049866,0.5579134225845337,-0.3564426302909851,-0.12681415677070618,124.787047,-57.841143,-181.864017,-67.096027
2026-08-05T15:57:44.265550,1785938264.265551,15.019125,-0.04915296286344528,0.6549621224403381,-0.11667637526988983,-0.744981586933136,0.735476016998291,0.5642288327217102,-0.34640640020370483,-0.14395737648010254,122.490677,-58.275905,-53.478400,-10.124834
2026-08-05T15:57:44.274809,1785938264.274809,15.027443,-0.04873865097761154,0.660112202167511,-0.11518150568008423,-0.740683376789093,0.7353425621986389,0.5649313926696777,-0.34090355038642883,-0.15462446212768555,121.204245,-59.093475,-154.661785,-98.292724
2026-08-05T15:57:44.282134,1785938264.282134,15.035708,-0.048485882580280304,0.6650845408439636,-0.11320548504590988,-0.7365450263023376,0.736632764339447,0.5633907914161682,-0.3345244526863098,-0.16750089824199677,119.969891,-60.172070,-149.338177,-130.493769
2026-08-05T15:57:44.304018,1785938264.304018,15.056397,-0.049968574196100235,0.6690206527709961,-0.11078725755214691,-0.7332414984703064,0.7373061776161194,0.5625612735748291,-0.3276469111442566,-0.18042242527008057,118.923350,-61.305055,-50.584366,-54.762644
2026-08-05T15:57:44.318879,1785938264.318880,15.072454,-0.052864041179418564,0.6728492379188538,-0.10771168768405914,-0.7299861907958984,0.7349803447723389,0.5659939050674438,-0.32121697068214417,-0.19045844674110413,117.924222,-62.110218,-62.224717,-50.144704
2026-08-05T15:57:44.335901,1785938264.335901,15.089475,-0.05635930597782135,0.6765487790107727,-0.10285495966672897,-0.7269997596740723,0.7309374213218689,0.571618378162384,-0.3152236342430115,-0.19904014468193054,116.978785,-62.640831,-55.544740,-31.173708
2026-08-05T15:57:44.351381,1785938264.351381,15.104955,-0.058709174394607544,0.6797287464141846,-0.09640643000602722,-0.7247275710105896,0.7295841574668884,0.5729434490203857,-0.30843329429626465,-0.21050317585468292,116.137041,-63.346907,-54.375256,-45.611293
2026-08-05T15:57:44.369731,1785938264.369732,15.122135,-0.05997471138834953,0.6842074394226074,-0.09161268919706345,-0.7210220098495483,0.731934666633606,0.5688726902008057,-0.29983457922935486,-0.22528843581676483,115.280267,-64.753287,-49.872602,-81.865068
2026-08-05T15:57:44.377249,1785938264.377249,15.130824,-0.061947889626026154,0.687960684299469,-0.08876717835664749,-0.7176318168640137,0.7340792417526245,0.5651020407676697,-0.2893425524234772,-0.24097386002540588,114.372865,-66.275402,-104.432025,-175.178723
2026-08-05T15:57:44.385635,1785938264.385636,15.139210,-0.06424783170223236,0.6891753077507019,-0.08515219390392303,-0.7167015075683594,0.7327316999435425,0.5664240121841431,-0.2785283029079437,-0.2543431222438812,113.362860,-66.976538,-120.433995,-83.604187
2026-08-05T15:57:44.402109,1785938264.402110,15.155684,-0.06811938434839249,0.6952458620071411,-0.07828101515769958,-0.7112435102462769,0.7286863327026367,0.5713745355606079,-0.2682550251483917,-0.265681654214859,112.224027,-67.922859,-69.130105,-57.444104
2026-08-05T15:57:44.420351,1785938264.420351,15.172578,-0.0672173798084259,0.6998729705810547,-0.07581926882266998,-0.7070456147193909,0.7250722646713257,0.5751261711120605,-0.25810080766677856,-0.2772798240184784,110.583819,-68.081350,-97.086205,-9.381297
2026-08-05T15:57:44.435557,1785938264.435557,15.189131,-0.06478361785411835,0.7047390341758728,-0.07086741924285889,-0.7029411196708679,0.7246147990226746,0.5737398862838745,-0.2467336356639862,-0.2913394868373871,109.144931,-68.547912,-86.925280,-28.185675
2026-08-05T15:57:44.446200,1785938264.446201,15.198383,-0.06409381330013275,0.7090676426887512,-0.0650574341416359,-0.6992030143737793,0.7243399620056152,0.5712578892707825,-0.23383092880249023,-0.3071140944957733,107.887153,-69.288223,-135.949111,-80.017742
2026-08-05T15:57:44.454461,1785938264.454462,15.208036,-0.06500602513551712,0.7130278944969177,-0.0600925013422966,-0.695526123046875,0.7214203476905823,0.5719561576843262,-0.2197311818599701,-0.32270270586013794,106.464083,-69.872595,-147.424730,-60.538771
2026-08-05T15:57:44.462561,1785938264.462561,15.216136,-0.0642472356557846,0.7185316681861877,-0.057819731533527374,-0.6901041269302368,0.7144339680671692,0.5778113603591919,-0.20468537509441376,-0.33737558126449585,104.251035,-69.854261,-273.230784,2.263542
2026-08-05T15:57:44.472369,1785938264.472369,15.225944,-0.06030026078224182,0.7267163395881653,-0.05892348289489746,-0.6817459464073181,0.70632004737854,0.58475261926651,-0.188974067568779,-0.3513762056827545,101.450235,-69.655053,-285.560970,20.310658
2026-08-05T15:57:44.529775,1785938264.529776,15.283350,-0.055074311792850494,0.731753408908844,-0.06123897433280945,-0.6765763759613037,0.7012507319450378,0.5871663689613342,-0.1728615015745163,-0.36551645398139954,99.078801,-69.587508,-41.309732,1.176606
2026-08-05T15:57:44.547621,1785938264.547621,15.301196,-0.050443608313798904,0.7333112359046936,-0.05943460389971733,-0.6754109263420105,0.6989068388938904,0.5848613381385803,-0.15598942339420319,-0.3809645473957062,97.368532,-69.652322,-95.835588,-3.631856
2026-08-05T15:57:44.563560,1785938264.563560,15.317134,-0.05176452547311783,0.7354843616485596,-0.05676892399787903,-0.6731736660003662,0.6967354416847229,0.5816858410835266,-0.13850070536136627,-0.3962562382221222,96.425641,-70.599424,-59.157948,-59.422218
2026-08-05T15:57:44.584519,1785938264.584519,15.336908,-0.05664153769612312,0.737522542476654,-0.05402012914419174,-0.6707728505134583,0.6935837864875793,0.5796757340431213,-0.12104345113039017,-0.4102024435997009,95.876830,-71.843277,-27.754912,-62.905123
2026-08-05T15:57:44.594522,1785938264.594522,15.348097,-0.06089404970407486,0.7410702705383301,-0.04643566161394119,-0.6670478582382202,0.6890766024589539,0.5787622928619385,-0.10331236571073532,-0.4237147569656372,95.188348,-72.740973,-61.532151,-80.230341
2026-08-05T15:57:44.612874,1785938264.612874,15.364847,-0.06276611983776093,0.7406827807426453,-0.04052827134728432,-0.6676892042160034,0.6835019588470459,0.577889621257782,-0.08435872942209244,-0.43789559602737427,94.167527,-73.009858,-60.941552,-16.052009
2026-08-05T15:57:44.630106,1785938264.630106,15.383680,-0.06577008962631226,0.7423885464668274,-0.03730349987745285,-0.6656906008720398,0.6768137812614441,0.57755047082901,-0.0641312524676323,-0.451935738325119,93.135920,-73.632055,-54.776785,-33.037735
2026-08-05T15:57:44.639425,1785938264.639426,15.393000,-0.0671568438410759,0.7423949241638184,-0.037690334022045135,-0.6655233502388,0.6709389090538025,0.5765154361724854,-0.04423143342137337,-0.4642356038093567,92.173266,-74.235235,-103.296831,-64.723730
2026-08-05T15:57:44.656752,1785938264.656753,15.410327,-0.06710729002952576,0.7399258613586426,-0.03607326000928879,-0.6683616638183594,0.6664806008338928,0.5740914940834045,-0.026593027636408806,-0.474884569644928,91.400431,-74.494070,-44.602106,-14.937976
2026-08-05T15:57:44.667312,1785938264.667312,15.420887,-0.06867425888776779,0.7397201657295227,-0.031489383429288864,-0.6686619520187378,0.6610438823699951,0.5713745355606079,-0.010214665904641151,-0.48625901341438293,90.708038,-74.741743,-65.570273,-23.454849
2026-08-05T15:57:44.682801,1785938264.682801,15.436376,-0.07106959819793701,0.7398960590362549,-0.026901161298155785,-0.6684170365333557,0.654901385307312,0.5689718127250671,0.006261950358748436,-0.4973290264606476,90.067459,-75.030272,-41.356734,-18.627908
2026-08-05T15:57:44.696674,1785938264.696674,15.449439,-0.07261587679386139,0.7390379309654236,-0.023199446499347687,-0.6693383455276489,0.6476712226867676,0.5680031776428223,0.02300269342958927,-0.507311999797821,89.241198,-75.091333,-63.248768,-4.674078
2026-08-05T15:57:44.713584,1785938264.713584,15.467159,-0.07344875484704971,0.7377777099609375,-0.020528346300125122,-0.6707236170768738,0.6396971940994263,0.5680760145187378,0.03869481012225151,-0.516313910484314,88.280446,-74.956575,-54.220755,7.605170
2026-08-05T15:57:44.730752,1785938264.730753,15.484327,-0.0739939883351326,0.7379062175750732,-0.019452687352895737,-0.6705542206764221,0.63193279504776,0.5684694051742554,0.05189768597483635,-0.5242236256599426,87.356752,-74.841799,-53.802364,6.685327
2026-08-05T15:57:44.733498,1785938264.733498,15.487072,-0.07728228718042374,0.738718569278717,-0.019373901188373566,-0.6692901849746704,0.6251115798950195,0.5682842135429382,0.06303506344556808,-0.5313334465026855,86.914765,-75.118131,-160.992554,-100.652931
2026-08-05T15:57:44.769041,1785938264.769041,15.522615,-0.08276907354593277,0.7393207550048828,-0.019091907888650894,-0.6679760813713074,0.6194503903388977,0.5669187903404236,0.07345791906118393,-0.538041353225708,86.919324,-75.718348,0.128281,-16.887207
2026-08-05T15:57:44.784840,1785938264.784841,15.538415,-0.08767116069793701,0.7398277521133423,-0.019425924867391586,-0.6667786240577698,0.6146074533462524,0.5651723146438599,0.08371611684560776,-0.5439024567604065,87.015363,-76.389986,6.078416,-42.508755
2026-08-05T15:57:44.793409,1785938264.793409,15.546983,-0.09075293689966202,0.7389792203903198,-0.018040090799331665,-0.6673458814620972,0.6097867488861084,0.5639007687568665,0.09297332912683487,-0.5491194725036621,86.871560,-76.626340,-16.782749,-27.583886
2026-08-05T15:57:44.801944,1785938264.801944,15.555518,-0.09347851574420929,0.7381536960601807,-0.01598266512155533,-0.6679353713989258,0.6050462126731873,0.5627723336219788,0.10130593180656433,-0.5540250539779663,86.681210,-76.732608,-22.302512,-12.450987
2026-08-05T15:57:44.812861,1785938264.812861,15.564652,-0.09623043984174728,0.7383312582969666,-0.01532837562263012,-0.6673635244369507,0.5999646782875061,0.5617990493774414,0.10902314633131027,-0.5590513348579407,86.482215,-76.894377,-21.787225,-17.711535
2026-08-05T15:57:44.830232,1785938264.830233,15.582946,-0.09866175800561905,0.7394192814826965,-0.01627715304493904,-0.6657794117927551,0.5945096611976624,0.560478150844574,0.11706472188234329,-0.564551591873169,86.271889,-77.150011,-11.497190,-13.973914
2026-08-05T15:57:44.856752,1785938264.856753,15.610327,-0.10152744501829147,0.7399393916130066,-0.018138978630304337,-0.6647217869758606,0.5891132354736328,0.558562159538269,0.12610672414302826,-0.5701326131820679,86.196653,-77.571656,-2.747700,-15.398963
2026-08-05T15:57:44.875542,1785938264.875542,15.627027,-0.10424205660820007,0.7385431528091431,-0.01976521871984005,-0.6658070087432861,0.5838194489479065,0.5565477609634399,0.13631890714168549,-0.5751753449440002,86.153979,-77.983469,-2.555341,-24.659024
2026-08-05T15:57:44.892749,1785938264.892750,15.646324,-0.10572563856840134,0.7368635535240173,-0.02067151665687561,-0.6674047112464905,0.5784654021263123,0.5543161630630493,0.14767634868621826,-0.5799164772033691,86.012007,-78.304254,-7.357399,-16.624099
2026-08-05T15:57:44.900305,1785938264.900306,15.653880,-0.10576651990413666,0.7360028028488159,-0.020765822380781174,-0.6683441996574402,0.5729376673698425,0.5519974827766418,0.15959769487380981,-0.584439754486084,85.728733,-78.500951,-37.488979,-26.031177
2026-08-05T15:57:44.916776,1785938264.916777,15.669360,-0.10460954159498215,0.7362045645713806,-0.019821472465991974,-0.6683328747749329,0.5668841600418091,0.5496250987052917,0.17169195413589478,-0.5891321301460266,85.272723,-78.518441,-29.458395,-1.129899
2026-08-05T15:57:44.948938,1785938264.948938,15.702512,-0.10291586816310883,0.7373475432395935,-0.01811869814991951,-0.6673831939697266,0.5599198341369629,0.5475614666938782,0.18369457125663757,-0.5940730571746826,84.662518,-78.366232,-18.406088,4.591207
2026-08-05T15:57:44.965712,1785938264.965713,15.719287,-0.1013743206858635,0.7387142777442932,-0.016311688348650932,-0.6661533713340759,0.5525169968605042,0.5458173155784607,0.1956375390291214,-0.598777711391449,84.045724,-78.186496,-36.769383,10.714722
2026-08-05T15:57:44.982707,1785938264.982707,15.736281,-0.10120145976543427,0.7383047938346863,-0.014212025329470634,-0.6666815876960754,0.5450709462165833,0.5441524386405945,0.20780572295188904,-0.603003203868866,83.570888,-78.073778,-27.940211,6.632558
2026-08-05T15:57:44.992049,1785938264.992049,15.745623,-0.10020044445991516,0.7371119856834412,-0.011538634076714516,-0.6682025790214539,0.5377014875411987,0.5425938963890076,0.2199936807155609,-0.6066892743110657,83.005029,-77.837689,-60.571824,25.271936
2026-08-05T15:57:45.007934,1785938265.007935,15.761509,-0.09856870770454407,0.7375266551971436,-0.009715268388390541,-0.668016791343689,0.5309523940086365,0.5405948758125305,0.23170125484466553,-0.61005038022995,82.534754,-77.715631,-29.603872,7.683554
2026-08-05T15:57:45.025955,1785938265.025955,15.779530,-0.0984589084982872,0.7387850284576416,-0.007955936715006828,-0.6666641235351562,0.5246986150741577,0.5382691025733948,0.24197952449321747,-0.6135175824165344,82.282811,-77.723551,-13.980804,-0.439523
2026-08-05T15:57:45.037074,1785938265.037074,15.790134,-0.09912660717964172,0.739704966545105,-0.006499923299998045,-0.6655601859092712,0.5187484622001648,0.5367984771728516,0.25096550583839417,-0.6162497997283936,82.094208,-77.747611,-17.784625,-2.268744
2026-08-05T15:57:45.045540,1785938265.045541,15.799115,-0.09988811612129211,0.7409073114395142,-0.006457741837948561,-0.6641078591346741,0.5132680535316467,0.5367782115936279,0.2592454254627228,-0.6174277663230896,81.984711,-77.892874,-12.192995,-16.175811
2026-08-05T15:57:45.063816,1785938265.063817,15.815772,-0.10035958886146545,0.7419637441635132,-0.005644243210554123,-0.6628636121749878,0.5077171325683594,0.5373753309249878,0.2683183252811432,-0.6176215410232544,81.836960,-78.006887,-8.870313,-6.844776
2026-08-05T15:57:45.102663,1785938265.102663,15.856237,-0.10218099504709244,0.7425726652145386,-0.004519391339272261,-0.6619113683700562,0.502386212348938,0.5362972617149353,0.2781575322151184,-0.6185643076896667,81.934904,-78.303158,2.420412,-7.321522
2026-08-05T15:57:45.114511,1785938265.114511,15.868085,-0.10176508128643036,0.7444078922271729,-0.001079740934073925,-0.6599254012107849,0.4983237683773041,0.533777117729187,0.28789493441581726,-0.6195740103721619,81.914833,-78.400907,-1.693987,-8.250208
2026-08-05T15:57:45.132550,1785938265.132550,15.884228,-0.10179901123046875,0.7465873956680298,0.002488788217306137,-0.6574500799179077,0.49451783299446106,0.531760036945343,0.2956432104110718,-0.6207082867622375,81.864760,-78.400110,-3.101880,0.049340
2026-08-05T15:57:45.151639,1785938265.151639,15.905213,-0.10165788978338242,0.7479312419891357,0.00395906250923872,-0.6559352874755859,0.490156352519989,0.5310640335083008,0.30138087272644043,-0.6220028400421143,81.676795,-78.288970,-8.957051,5.296153
2026-08-05T15:57:45.168490,1785938265.168491,15.922065,-0.1016145870089531,0.7497408986091614,0.004930092021822929,-0.653866171836853,0.48569783568382263,0.5320985913276672,0.3052142560482025,-0.622746467590332,81.374618,-78.061381,-17.931846,13.505581
2026-08-05T15:57:45.179479,1785938265.179480,15.933054,-0.10343950241804123,0.7506240606307983,0.0046801939606666565,-0.6525672674179077,0.48235365748405457,0.5332257151603699,0.3085135817527771,-0.622755765914917,81.390093,-78.151609,1.408187,-8.210560
2026-08-05T15:57:45.215003,1785938265.215004,15.968578,-0.10504767298698425,0.7514075040817261,0.004957094788551331,-0.6514056324958801,0.4802935719490051,0.5333061814308167,0.31193992495536804,-0.6225721836090088,81.534387,-78.339663,4.061856,-5.293690
2026-08-05T15:57:45.232642,1785938265.232642,15.986217,-0.10700494796037674,0.7524726390838623,0.0049082012847065926,-0.6498560309410095,0.47958874702453613,0.5325825810432434,0.31525376439094543,-0.6220656037330627,81.908179,-78.738817,21.191898,-22.629778
2026-08-05T15:57:45.248260,1785938265.248260,16.001834,-0.11026428639888763,0.7526329159736633,0.004373486153781414,-0.6491289138793945,0.47958382964134216,0.5316130518913269,0.31832027435302734,-0.6213366389274597,82.481287,-79.328020,36.695695,-37.726275
2026-08-05T15:57:45.263185,1785938265.263186,16.016760,-0.11237478256225586,0.7514064908027649,0.0038110530003905296,-0.6501905918121338,0.48060932755470276,0.5300925374031067,0.3217880129814148,-0.6200559139251709,83.046535,-79.940613,37.871992,-41.044094
2026-08-05T15:57:45.280816,1785938265.280816,16.033564,-0.11204332113265991,0.7514736652374268,0.003787730820477009,-0.6501701474189758,0.48247888684272766,0.5282326340675354,0.32508373260498047,-0.6184698939323425,83.469319,-80.413762,25.159760,-28.156946
2026-08-05T15:57:45.288477,1785938265.288478,16.042052,-0.11025353521108627,0.7522580623626709,0.004564298316836357,-0.6495639085769653,0.48398712277412415,0.5271841883659363,0.3265950381755829,-0.617388904094696,83.554488,-80.519400,10.033826,-12.445362
2026-08-05T15:57:45.306455,1785938265.306456,16.060030,-0.10832874476909637,0.7528281211853027,0.005458266474306583,-0.64922034740448,0.48416078090667725,0.5279762744903564,0.32511088252067566,-0.6173591613769531,83.233716,-80.185929,-17.842553,18.548892
2026-08-05T15:57:45.327705,1785938265.327706,16.081280,-0.10810092091560364,0.7529140710830688,0.004643110558390617,-0.6491650938987732,0.48370322585105896,0.5299893021583557,0.3217848837375641,-0.6177356243133545,82.948548,-79.892552,-13.419651,13.805991
2026-08-05T15:57:45.342544,1785938265.342545,16.093868,-0.10829908400774002,0.7528758645057678,0.002886858768761158,-0.6491864323616028,0.4838332235813141,0.5316477417945862,0.3183257579803467,-0.6180008053779602,82.822381,-79.766637,-10.022182,10.002142
2026-08-05T15:57:45.359917,1785938265.359918,16.113492,-0.10829999297857285,0.752541720867157,0.0004240330308675766,-0.6495798826217651,0.48493635654449463,0.5327572822570801,0.31535476446151733,-0.6177037954330444,82.856609,-79.827063,1.744253,-3.079300
2026-08-05T15:57:45.393219,1785938265.393219,16.146793,-0.10726099461317062,0.752719521522522,-0.0014240648597478867,-0.6495449542999268,0.48655471205711365,0.5339142084121704,0.3120271563529968,-0.6171218156814575,82.801501,-79.789044,-1.654840,1.141648
2026-08-05T15:57:45.399988,1785938265.399988,16.153562,-0.1059241071343422,0.7525191307067871,-0.0028159506618976593,-0.6499917507171631,0.4880591928958893,0.535729706287384,0.3071807622909546,-0.6167917251586914,82.560207,-79.537063,-35.647098,37.226050
2026-08-05T15:57:45.415085,1785938265.415085,16.168659,-0.10489604622125626,0.7522323131561279,-0.005040367599576712,-0.6504771113395691,0.48936793208122253,0.5389512777328491,0.29997676610946655,-0.6164936423301697,82.196077,-79.151809,-24.119176,25.518390
2026-08-05T15:57:45.432749,1785938265.432750,16.186324,-0.10357043147087097,0.7528331279754639,-0.007333121728152037,-0.6499723792076111,0.4899175465106964,0.5444578528404236,0.2896861433982849,-0.6161401271820068,81.512517,-78.420394,-38.696944,41.406081
2026-08-05T15:57:45.443073,1785938265.443073,16.196647,-0.10194436460733414,0.7546676397323608,-0.008929502218961716,-0.6480793952941895,0.4899260103702545,0.5514357686042786,0.27682626247406006,-0.6158397197723389,80.568591,-77.372200,-91.436654,101.536850
2026-08-05T15:57:45.458929,1785938265.458930,16.212504,-0.10044824331998825,0.7561785578727722,-0.010548575781285763,-0.6465256810188293,0.490744024515152,0.5584012866020203,0.26388028264045715,-0.6145939826965332,79.736079,-76.426479,-52.502039,59.641590
2026-08-05T15:57:45.475514,1785938265.475515,16.229089,-0.09999511390924454,0.7584964632987976,-0.012689255177974701,-0.643836498260498,0.49310794472694397,0.5645369291305542,0.2515725791454315,-0.6122531890869141,79.312227,-75.880542,-25.556209,32.917251
2026-08-05T15:57:45.489306,1785938265.489306,16.241627,-0.09997241944074631,0.7617756724357605,-0.0156271792948246,-0.6398916840553284,0.49673181772232056,0.5700548887252808,0.23959368467330933,-0.6090072989463806,79.193734,-75.648264,-9.450545,18.525635
2026-08-05T15:57:45.491583,1785938265.491583,16.245157,-0.09999129176139832,0.7638727426528931,-0.018365975469350815,-0.6373108625411987,0.5009952783584595,0.5754256844520569,0.22649827599525452,-0.6054646968841553,79.082698,-75.370132,-31.456756,78.795886
2026-08-05T15:57:45.507934,1785938265.507935,16.261509,-0.10006403177976608,0.7651379108428955,-0.02059835195541382,-0.6357114315032959,0.505718469619751,0.5815652012825012,0.21197716891765594,-0.6009131669998169,78.929921,-74.989239,-9.343036,23.293431
2026-08-05T15:57:45.524838,1785938265.524839,16.278413,-0.09988570958375931,0.7672035694122314,-0.022509893402457237,-0.6331802010536194,0.5112279653549194,0.588279128074646,0.1956057846546173,-0.5952411890029907,78.795875,-74.557366,-7.929831,25.548354
2026-08-05T15:57:45.537549,1785938265.537549,16.291123,-0.1002769023180008,0.7688061594963074,-0.02387598529458046,-0.6311208605766296,0.5166252851486206,0.59535813331604,0.17751039564609528,-0.5891835689544678,78.658569,-74.009088,-10.802644,43.136430
2026-08-05T15:57:45.545263,1785938265.545263,16.298837,-0.10131305456161499,0.7694811224937439,-0.025449613109230995,-0.6300707459449768,0.5224885940551758,0.602590799331665,0.15893670916557312,-0.5819186568260193,78.688397,-73.552949,3.866691,59.131058
2026-08-05T15:57:45.553653,1785938265.553653,16.307228,-0.10242181271314621,0.7692170739173889,-0.02735779620707035,-0.630133867263794,0.5311702489852905,0.6073899865150452,0.14245465397834778,-0.5732733011245728,79.264899,-73.609172,68.711378,-6.701005
2026-08-05T15:57:45.569302,1785938265.569303,16.322877,-0.10324528813362122,0.7675034403800964,-0.028992371633648872,-0.6320132613182068,0.5421764254570007,0.6092689633369446,0.12825599312782288,-0.5642575621604919,80.268239,-74.030954,64.114948,-26.952508
2026-08-05T15:57:45.604806,1785938265.604806,16.358381,-0.1032891720533371,0.764868974685669,-0.030044879764318466,-0.6351428031921387,0.553058922290802,0.6110951900482178,0.11368755996227264,-0.5547647476196289,81.208878,-74.278482,26.493997,-6.971861
2026-08-05T15:57:45.615225,1785938265.615225,16.368799,-0.10367319732904434,0.7629777193069458,-0.03179541975259781,-0.6372663378715515,0.5625923275947571,0.6144413948059082,0.09738251566886902,-0.544489324092865,82.059873,-74.373115,81.679957,-9.083070
2026-08-05T15:57:45.647174,1785938265.647174,16.400748,-0.10356742143630981,0.7618182897567749,-0.032562874257564545,-0.6386303901672363,0.5716813802719116,0.6179171204566956,0.08051170408725739,-0.5337385535240173,82.858737,-74.322584,25.004125,1.581604
2026-08-05T15:57:45.664779,1785938265.664780,16.418354,-0.10178359597921371,0.7611954212188721,-0.03220357000827789,-0.6396772265434265,0.5814011693000793,0.6200994849205017,0.06398767977952957,-0.522833526134491,83.643494,-74.183962,44.575035,7.873899
2026-08-05T15:57:45.730750,1785938265.730751,16.484325,-0.09976008534431458,0.7610121369361877,-0.03202112764120102,-0.6402230262756348,0.592097818851471,0.6204124689102173,0.048146869987249374,-0.5120453238487244,84.647121,-74.252937,15.213118,-1.045532
2026-08-05T15:57:45.739812,1785938265.739812,16.493387,-0.09963558614253998,0.7604092955589294,-0.033824674785137177,-0.6408658027648926,0.6033620834350586,0.6194016337394714,0.03248400241136551,-0.5012390613555908,86.057788,-74.739518,155.675783,-53.697260
2026-08-05T15:57:45.749426,1785938265.749426,16.503000,-0.10066669434309006,0.758996307849884,-0.03686496987938881,-0.6422106027603149,0.6140315532684326,0.6185884475708008,0.016719935461878777,-0.4899328351020813,87.607242,-75.331516,161.174507,-61.579739
2026-08-05T15:57:45.764628,1785938265.764628,16.518202,-0.10122663527727127,0.7566099166870117,-0.03986702114343643,-0.64475417137146,0.6230345368385315,0.6192334294319153,0.00044183520367369056,-0.4778890609741211,88.950564,-75.592464,88.363160,-17.165032
2026-08-05T15:57:45.780394,1785938265.780395,16.533969,-0.10095931589603424,0.7541728019714355,-0.04321002960205078,-0.6474306583404541,0.6309255361557007,0.6207917332649231,-0.016306011006236076,-0.46506428718566895,90.132804,-75.618937,74.982638,-1.679064
2026-08-05T15:57:45.787404,1785938265.787404,16.540025,-0.10028250515460968,0.7521153092384338,-0.04576149582862854,-0.6497495770454407,0.6390505433082581,0.6214507222175598,-0.03282902389764786,-0.4520350992679596,91.381954,-75.649239,206.280363,-5.003966
2026-08-05T15:57:45.797091,1785938265.797092,16.550666,-0.09848259389400482,0.7510186433792114,-0.047764942049980164,-0.651147723197937,0.6478220224380493,0.6204938292503357,-0.04838893190026283,-0.4392865300178528,92.652043,-75.751013,119.356878,-9.564176
2026-08-05T15:57:45.803941,1785938265.803942,16.557516,-0.09654565155506134,0.7499012351036072,-0.0497618168592453,-0.6525745391845703,0.6569114923477173,0.6182965040206909,-0.06321064382791519,-0.426827073097229,94.012225,-75.950657,198.559797,-29.144109
2026-08-05T15:57:45.815437,1785938265.815438,16.569012,-0.09625522792339325,0.7464088797569275,-0.052218932658433914,-0.6564180850982666,0.6655041575431824,0.6160582304000854,-0.07744473963975906,-0.4142208695411682,95.600363,-76.214358,138.151924,-22.939370
2026-08-05T15:57:45.831624,1785938265.831625,16.585199,-0.09514810144901276,0.7425220608711243,-0.05418330430984497,-0.6608135104179382,0.6727842688560486,0.6147154569625854,-0.09148269146680832,-0.40139415860176086,96.998739,-76.175836,86.389042,2.379815
2026-08-05T15:57:45.848520,1785938265.848520,16.602094,-0.09282376617193222,0.7393350005149841,-0.0563688650727272,-0.6645245552062988,0.6786437034606934,0.6144304871559143,-0.1057175025343895,-0.38825464248657227,98.124495,-75.835084,66.630425,20.168197
2026-08-05T15:57:45.854563,1785938265.854563,16.608138,-0.09059293568134308,0.7371965050697327,-0.05945262685418129,-0.6669350862503052,0.6841342449188232,0.6139745712280273,-0.1202368512749672,-0.3748849630355835,99.246085,-75.551878,185.588191,46.861778
2026-08-05T15:57:45.866126,1785938265.866127,16.619701,-0.08772224187850952,0.7359213829040527,-0.061844632029533386,-0.6685076355934143,0.6899443864822388,0.6122507452964783,-0.13455800712108612,-0.3619671165943146,100.365129,-75.284641,96.777427,23.111239
2026-08-05T15:57:45.879868,1785938265.879868,16.633442,-0.08474653959274292,0.7341316938400269,-0.06325871497392654,-0.6707232594490051,0.6958775520324707,0.6096178293228149,-0.14882692694664001,-0.34924349188804626,101.570902,-74.962918,87.745370,23.412167
2026-08-05T15:57:45.915586,1785938265.915586,16.669160,-0.08276798576116562,0.7309209704399109,-0.0658334344625473,-0.6742201447486877,0.7010359764099121,0.607406497001648,-0.16335086524486542,-0.33603960275650024,102.890751,-74.584401,36.951969,10.597375
2026-08-05T15:57:45.919401,1785938265.919402,16.672976,-0.08063572645187378,0.7270161509513855,-0.06931602954864502,-0.6783387064933777,0.7053573131561279,0.605742871761322,-0.17840130627155304,-0.32205548882484436,104.192659,-74.002608,341.223318,152.484980
2026-08-05T15:57:45.926253,1785938265.926253,16.679827,-0.07867779582738876,0.7236601114273071,-0.07358407974243164,-0.6816993355751038,0.7094400525093079,0.6037740111351013,-0.1936694234609604,-0.30764254927635193,105.530823,-73.460495,195.311576,79.123987
2026-08-05T15:57:45.947956,1785938265.947957,16.700351,-0.0771709680557251,0.7203688621520996,-0.07848039269447327,-0.684804379940033,0.7140602469444275,0.600355863571167,-0.20859184861183167,-0.29356497526168823,107.006526,-73.099383,71.901259,17.594577
2026-08-05T15:57:45.961962,1785938265.961962,16.715537,-0.0763377696275711,0.7160679697990417,-0.08331015706062317,-0.6888260841369629,0.7191211581230164,0.5956695079803467,-0.2228841781616211,-0.2799384593963623,108.670668,-72.844548,109.588605,16.781668
2026-08-05T15:57:45.983400,1785938265.983400,16.736644,-0.07656433433294296,0.710272490978241,-0.08791211247444153,-0.6942082047462463,0.7239949703216553,0.5906256437301636,-0.2363552749156952,-0.2667006552219391,110.500058,-72.615201,86.671380,10.865791
2026-08-05T15:57:45.997671,1785938265.997672,16.750735,-0.07691700756549835,0.7042483687400818,-0.09202902019023895,-0.6997509598731995,0.7280075550079346,0.5862917900085449,-0.24860213696956635,-0.25389736890792847,112.241889,-72.294729,123.608671,22.742257
2026-08-05T15:57:46.013066,1785938266.013066,16.766640,-0.07683161646127701,0.6994537115097046,-0.09740518778562546,-0.7038297653198242,0.730893611907959,0.5828911066055298,-0.2597186863422394,-0.24203059077262878,113.650403,-71.893967,88.558481,25.197375
2026-08-05T15:57:46.030590,1785938266.030591,16.783278,-0.07564748823642731,0.695662260055542,-0.10316743701696396,-0.7068881392478943,0.7329759001731873,0.5804250240325928,-0.26941949129104614,-0.23079527914524078,114.731685,-71.353037,64.988514,32.511639
2026-08-05T15:57:46.063511,1785938266.063511,16.817086,-0.07262139767408371,0.6931877136230469,-0.10800594091415405,-0.7089107632637024,0.7343405485153198,0.578828752040863,-0.2780545949935913,-0.2199704647064209,115.464251,-70.557947,21.668896,23.518314
2026-08-05T15:57:46.078860,1785938266.078860,16.831107,-0.06944124400615692,0.6908979415893555,-0.11309915781021118,-0.7106682062149048,0.7358483672142029,0.5765346884727478,-0.2859952747821808,-0.21057464182376862,116.094168,-69.772096,44.923867,56.044690
2026-08-05T15:57:46.096809,1785938266.096809,16.850384,-0.06686731427907944,0.6875473260879517,-0.11643008887767792,-0.7136204838752747,0.7376968860626221,0.5734482407569885,-0.29353824257850647,-0.2019795924425125,116.897943,-68.994421,41.697939,40.343886
2026-08-05T15:57:46.104498,1785938266.104499,16.858073,-0.065232053399086,0.6840574145317078,-0.11806469410657883,-0.7168498039245605,0.7392278909683228,0.5708710551261902,-0.30040067434310913,-0.19341136515140533,117.817828,-68.318089,119.632801,87.958227
2026-08-05T15:57:46.120413,1785938266.120413,16.873987,-0.06420154869556427,0.681748628616333,-0.12086223810911179,-0.7186737656593323,0.7401430606842041,0.5691378116607666,-0.3060223460197449,-0.18606722354888916,118.512677,-67.827484,43.661542,30.827704
2026-08-05T15:57:46.133235,1785938266.133236,16.884792,-0.06281150132417679,0.680578887462616,-0.12347148358821869,-0.7194613218307495,0.7411437034606934,0.5673299431800842,-0.3107422888278961,-0.1796727031469345,119.045654,-67.462754,49.327409,33.755936
2026-08-05T15:57:46.146132,1785938266.146132,16.899707,-0.060830336064100266,0.6791548132896423,-0.12484191358089447,-0.7207397818565369,0.7418221831321716,0.5660660862922668,-0.31511780619621277,-0.17311905324459076,119.545084,-66.924685,33.486173,36.076880
2026-08-05T15:57:46.153305,1785938266.153305,16.906879,-0.05934087187051773,0.6774662733078003,-0.12706351280212402,-0.7220635414123535,0.7416636943817139,0.5657793879508972,-0.31987935304641724,-0.16584932804107666,120.041875,-66.262117,69.262419,92.375139
2026-08-05T15:57:46.179509,1785938266.179509,16.933083,-0.05854383856058121,0.6753334403038025,-0.13023503124713898,-0.7235599756240845,0.7417449951171875,0.5647832751274109,-0.3249811828136444,-0.15881289541721344,120.630653,-65.661675,22.468905,22.914044
2026-08-05T15:57:46.214301,1785938266.214302,16.967876,-0.058360908180475235,0.6728405356407166,-0.13308541476726532,-0.7253763675689697,0.7430784106254578,0.5616433024406433,-0.33011388778686523,-0.15302366018295288,121.389550,-65.305484,21.812155,10.237597
2026-08-05T15:57:46.229894,1785938266.229895,16.983469,-0.059699222445487976,0.6705471873283386,-0.134543314576149,-0.7271199226379395,0.7446521520614624,0.5579965114593506,-0.33479031920433044,-0.1484878957271576,122.273673,-65.279032,56.698942,1.696373
2026-08-05T15:57:46.246310,1785938266.246311,16.999885,-0.060779768973588943,0.6693496704101562,-0.1366599053144455,-0.7277387976646423,0.7453588247299194,0.556003749370575,-0.33851930499076843,-0.14389164745807648,122.911799,-65.271685,38.872583,0.447546
2026-08-05T15:57:46.263864,1785938266.263865,17.017439,-0.06010666862130165,0.6689683794975281,-0.13892537355422974,-0.7277162075042725,0.7447220087051392,0.5562887191772461,-0.3419092297554016,-0.13794994354248047,123.246864,-64.863851,19.087856,23.233385
2026-08-05T15:57:46.280079,1785938266.280080,17.033654,-0.05968066304922104,0.6671110391616821,-0.1405903398990631,-0.7291353344917297,0.743719756603241,0.5572619438171387,-0.345207542181015,-0.13104166090488434,123.743190,-64.266547,30.608924,36.836324
2026-08-05T15:57:46.302690,1785938266.302690,17.056264,-0.059126682579517365,0.6653052568435669,-0.14253176748752594,-0.7304522395133972,0.7438564300537109,0.5565207004547119,-0.34847939014434814,-0.12459777295589447,124.326258,-63.862519,25.787292,17.868883
2026-08-05T15:57:46.322609,1785938266.322609,17.076183,-0.05898236855864525,0.663069486618042,-0.14351274073123932,-0.7323023676872253,0.7460477352142334,0.5525234341621399,-0.35176804661750793,-0.11995852738618851,125.137208,-63.823896,40.712541,1.939015
2026-08-05T15:57:46.328519,1785938266.328519,17.082093,-0.05918074771761894,0.6606723070144653,-0.14367742836475372,-0.7344176173210144,0.7485174536705017,0.5481498837471008,-0.3546288013458252,-0.11615455895662308,125.985005,-63.900097,143.453269,-12.893691
2026-08-05T15:57:46.337316,1785938266.337316,17.090890,-0.058397553861141205,0.6594773530960083,-0.14461666345596313,-0.7353695631027222,0.7491039633750916,0.5468671917915344,-0.3569387197494507,-0.11124051362276077,126.471292,-63.663604,55.277633,26.882814
2026-08-05T15:57:46.363076,1785938266.363077,17.116651,-0.056356534361839294,0.659100353717804,-0.1453976333141327,-0.7357125282287598,0.7475262880325317,0.5489168167114258,-0.3591485619544983,-0.10443808883428574,126.677028,-62.927466,7.986466,28.576056
2026-08-05T15:57:46.379595,1785938266.379595,17.133169,-0.054360825568437576,0.6582522988319397,-0.14593268930912018,-0.7365156412124634,0.7459756731987,0.5505673885345459,-0.3619573712348938,-0.09686499089002609,127.022289,-62.098016,20.901952,50.214585
2026-08-05T15:57:46.387136,1785938266.387137,17.140711,-0.0530080683529377,0.6559373140335083,-0.14658430218696594,-0.7385474443435669,0.7462753653526306,0.54863041639328,-0.3660983443260193,-0.08972059190273285,127.762237,-61.394127,98.114809,93.333515
2026-08-05T15:57:46.396334,1785938266.396334,17.149909,-0.05291619896888733,0.6529653668403625,-0.14630989730358124,-0.7412370443344116,0.7482784390449524,0.5433872938156128,-0.3712286949157715,-0.08366003632545471,128.868987,-61.044789,120.328798,37.980995
2026-08-05T15:57:46.412796,1785938266.412796,17.166371,-0.05373933166265488,0.6500170230865479,-0.14658881723880768,-0.7437100410461426,0.7498663067817688,0.5388527512550354,-0.376041978597641,-0.07701133191585541,130.032253,-60.841748,70.663332,12.333801
2026-08-05T15:57:46.453827,1785938266.453827,17.207401,-0.05385265126824379,0.6479870676994324,-0.1474452018737793,-0.7453022003173828,0.750203013420105,0.5369653701782227,-0.3794892728328705,-0.06965288519859314,130.909479,-60.543883,21.379780,7.259586
2026-08-05T15:57:46.470609,1785938266.470610,17.224184,-0.05223395675420761,0.6467183828353882,-0.14803248643875122,-0.7464021444320679,0.7502655386924744,0.5362991094589233,-0.3814244568347931,-0.0632469430565834,131.425007,-60.087029,30.718138,27.221980
2026-08-05T15:57:46.480214,1785938266.480215,17.232930,-0.0495353639125824,0.6456776857376099,-0.14803677797317505,-0.747485339641571,0.7507941722869873,0.5352626442909241,-0.38262346386909485,-0.0583195723593235,131.759741,-59.573914,38.271138,58.666013
2026-08-05T15:57:46.496340,1785938266.496340,17.249914,-0.046569183468818665,0.6447393298149109,-0.14706650376319885,-0.748676598072052,0.7507350444793701,0.5348551273345947,-0.3839695453643799,-0.05380110815167427,132.013489,-58.854623,14.940235,42.350545
2026-08-05T15:57:46.513608,1785938266.513608,17.267182,-0.04414647817611694,0.6436180472373962,-0.14623188972473145,-0.7499505281448364,0.7499695420265198,0.5350926518440247,-0.3857574760913849,-0.04912091791629791,132.276080,-57.991973,15.206806,49.956746
2026-08-05T15:57:46.531996,1785938266.531997,17.285571,-0.042751651257276535,0.6424102187156677,-0.14594808220863342,-0.7511213421821594,0.749578058719635,0.5343980193138123,-0.38786473870277405,-0.045963745564222336,132.544786,-57.280743,14.612762,38.677924
2026-08-05T15:57:46.548877,1785938266.548877,17.302451,-0.04235441982746124,0.6411803364753723,-0.14554284512996674,-0.752272367477417,0.7500044703483582,0.5323809385299683,-0.389951229095459,-0.044745344668626785,132.843528,-56.870831,17.697449,24.283141
2026-08-05T15:57:46.565766,1785938266.565766,17.319340,-0.04261581972241402,0.6396231055259705,-0.14503642916679382,-0.7536798119544983,0.7504677772521973,0.5307354927062988,-0.391298770904541,-0.044760946184396744,133.096545,-56.582982,14.981057,17.043472
2026-08-05T15:57:46.582329,1785938266.582330,17.335904,-0.04332480579614639,0.6387197375297546,-0.14513275027275085,-0.7543867230415344,0.7502734065055847,0.5308230519294739,-0.3914535641670227,-0.04561583697795868,133.122827,-56.454747,1.586759,7.742112
2026-08-05T15:57:46.599072,1785938266.599072,17.352646,-0.04377308115363121,0.6399591565132141,-0.1468515843153,-0.7529765367507935,0.7494609951972961,0.5324817895889282,-0.3905225098133087,-0.047576628625392914,132.701979,-56.572795,-25.136580,-7.050855
2026-08-05T15:57:46.624331,1785938266.624331,17.377905,-0.04489058256149292,0.6414105892181396,-0.14850495755672455,-0.7513497471809387,0.7490561008453369,0.5335614085197449,-0.3893357515335083,-0.051429107785224915,132.209561,-56.908570,-19.494927,-13.293397
2026-08-05T15:57:46.641381,1785938266.641382,17.394956,-0.04667562246322632,0.6432787179946899,-0.1496918499469757,-0.7494059205055237,0.7492753863334656,0.5336185693740845,-0.38797783851623535,-0.05754081532359123,131.654337,-57.522770,-32.563025,-36.021842
2026-08-05T15:57:46.657424,1785938266.657424,17.410999,-0.04923279583454132,0.6451104879379272,-0.15069057047367096,-0.7474647164344788,0.7495087385177612,0.5336081385612488,-0.38642755150794983,-0.06459783762693405,131.106063,-58.270492,-34.175920,-46.608212
2026-08-05T15:57:46.676215,1785938266.676215,17.429789,-0.052136290818452835,0.6474815011024475,-0.151420459151268,-0.7450665831565857,0.7495308518409729,0.5341281294822693,-0.3842850625514984,-0.07235894352197647,130.474661,-59.168396,-33.602194,-47.785043
2026-08-05T15:57:46.690516,1785938266.690516,17.444091,-0.05528629571199417,0.6505616307258606,-0.15233898162841797,-0.7419626116752625,0.7493019700050354,0.5356405973434448,-0.38087961077690125,-0.08103394508361816,129.674939,-60.271384,-55.918586,-77.123725
2026-08-05T15:57:46.702622,1785938266.702622,17.456197,-0.057333048433065414,0.6549500823020935,-0.15404397249221802,-0.7375814914703369,0.7487439513206482,0.5382508635520935,-0.3762350082397461,-0.09008817374706268,128.556239,-61.386422,-92.409171,-92.106726
2026-08-05T15:57:46.713694,1785938266.713694,17.466011,-0.05888506770133972,0.6586200594902039,-0.15425404906272888,-0.7341393828392029,0.7478765845298767,0.5414844155311584,-0.3710440695285797,-0.09900370240211487,127.471640,-62.273192,-110.507216,-90.350817
2026-08-05T15:57:46.730130,1785938266.730130,17.483704,-0.06058291345834732,0.6623571515083313,-0.15321707725524902,-0.7308487892150879,0.7470980286598206,0.5440905690193176,-0.36607396602630615,-0.10862776637077332,126.435691,-63.143929,-58.551204,-49.213543
2026-08-05T15:57:46.746593,1785938266.746593,17.500167,-0.06266430765390396,0.6667712926864624,-0.15182432532310486,-0.7269396781921387,0.7470466494560242,0.5452381372451782,-0.36088234186172485,-0.12000349164009094,125.385586,-64.267217,-63.786494,-68.231864
2026-08-05T15:57:46.754592,1785938266.754592,17.508166,-0.06582547724246979,0.6712684035301208,-0.1503031700849533,-0.7228261232376099,0.7483367919921875,0.5440501570701599,-0.35517674684524536,-0.1336079090833664,124.462666,-65.815838,-115.380272,-193.603260
2026-08-05T15:57:46.764948,1785938266.764948,17.517253,-0.06952159106731415,0.6761504411697388,-0.14723072946071625,-0.7185493111610413,0.7497729063034058,0.5427546501159668,-0.3481632173061371,-0.1484602689743042,123.568360,-67.578144,-98.420212,-193.945402
2026-08-05T15:57:46.834765,1785938266.834765,17.587345,-0.0717112272977829,0.6833659410476685,-0.14503875374794006,-0.7119234800338745,0.7496679425239563,0.5444211959838867,-0.33933350443840027,-0.1626543551683426,122.198669,-69.191752,-19.541342,-23.021289
2026-08-05T15:57:46.841957,1785938266.841958,17.595532,-0.0702790766954422,0.6919689178466797,-0.14439444243907928,-0.703841507434845,0.7477570176124573,0.549363911151886,-0.3286890983581543,-0.17613187432289124,120.129612,-70.108197,-252.715604,-111.935102
2026-08-05T15:57:46.852095,1785938266.853831,17.605670,-0.06696859002113342,0.6989134550094604,-0.1403060108423233,-0.6981061697006226,0.7462889552116394,0.553335964679718,-0.31669536232948303,-0.1912492960691452,118.044944,-70.594691,-205.633295,-47.988103
2026-08-05T15:57:46.866801,1785938266.866802,17.620376,-0.06704504042863846,0.7033165693283081,-0.13298340141773224,-0.6951037645339966,0.7472699880599976,0.5527172088623047,-0.3038857579231262,-0.2091529667377472,116.740467,-71.740135,-88.702889,-77.888826
2026-08-05T15:57:46.883606,1785938266.883606,17.637180,-0.06990696489810944,0.707751989364624,-0.12608107924461365,-0.6915969848632812,0.7492037415504456,0.5501506328582764,-0.2903585731983185,-0.22742050886154175,115.869196,-73.519323,-51.848358,-105.877487
2026-08-05T15:57:46.892500,1785938266.892500,17.646074,-0.07103919237852097,0.7119560837745667,-0.12001600116491318,-0.6882374882698059,0.7490389347076416,0.5503825545310974,-0.27724164724349976,-0.24322184920310974,114.727435,-74.589744,-128.371357,-120.350432
2026-08-05T15:57:46.908885,1785938266.908886,17.662460,-0.07131575793027878,0.716389000415802,-0.11470945924520493,-0.6845037341117859,0.7447563409805298,0.5561735033988953,-0.26533618569374084,-0.2561364769935608,113.116921,-74.750023,-98.288596,-9.781684
2026-08-05T15:57:46.917749,1785938266.917750,17.671324,-0.07144789397716522,0.719544529914856,-0.10993970930576324,-0.6819581985473633,0.7396960258483887,0.5621470212936401,-0.2546997368335724,-0.26827022433280945,111.529810,-74.552051,-179.052923,22.334509
2026-08-05T15:57:46.925922,1785938266.925923,17.679497,-0.07362136244773865,0.7224320769309998,-0.10452926158905029,-0.6795204877853394,0.7365640997886658,0.5643011927604675,-0.24387052655220032,-0.2820724844932556,110.414837,-74.948031,-136.417627,-48.448351
2026-08-05T15:57:46.943268,1785938266.943268,17.696842,-0.07748390734195709,0.7246648073196411,-0.10069667547941208,-0.6772889494895935,0.7362131476402283,0.5620563626289368,-0.23203045129776,-0.29706060886383057,109.826306,-76.089337,-33.930496,-65.799560
2026-08-05T15:57:46.959252,1785938266.959253,17.712827,-0.08056527376174927,0.7270528674125671,-0.0993657037615776,-0.6745610237121582,0.7360320687294006,0.5591579675674438,-0.22007861733436584,-0.31171274185180664,109.186748,-77.222949,-40.009887,-70.917236
2026-08-05T15:57:46.968008,1785938266.968009,17.721583,-0.08221845328807831,0.7308220267295837,-0.09631149470806122,-0.670720636844635,0.7324540615081787,0.5605023503303528,-0.20857590436935425,-0.325337290763855,108.011499,-77.634083,-134.230646,-46.957492
2026-08-05T15:57:46.979599,1785938266.979600,17.733174,-0.08377309888601303,0.7357984185218811,-0.09686888009309769,-0.6649825572967529,0.7267424464225769,0.5647574067115784,-0.19643665850162506,-0.33809342980384827,106.472027,-77.941984,-132.811116,-26.562768
2026-08-05T15:57:46.994828,1785938266.994828,17.746384,-0.08492358028888702,0.7396838665008545,-0.10120023787021637,-0.6598615050315857,0.7222229242324829,0.5668209195137024,-0.18453548848628998,-0.3507916033267975,105.098025,-78.416372,-104.015621,-35.912404
2026-08-05T15:57:47.048847,1785938267.048848,17.802422,-0.08635799586772919,0.7417474985122681,-0.09956379979848862,-0.6576038002967834,0.7189947962760925,0.5664767026901245,-0.1728973686695099,-0.3636719584465027,104.175019,-78.802383,-16.471030,-6.888368
2026-08-05T15:57:47.065591,1785938267.065592,17.817100,-0.09022150188684464,0.7440168857574463,-0.09761880338191986,-0.6548070311546326,0.7157900929450989,0.5656102895736694,-0.16087646782398224,-0.3766278028488159,103.576995,-79.560886,-40.741512,-51.674532
2026-08-05T15:57:47.080004,1785938267.080004,17.832944,-0.09676851332187653,0.7452912926673889,-0.09789358079433441,-0.6523774266242981,0.7114381790161133,0.5660513043403625,-0.1471901535987854,-0.3895854651927948,103.134865,-80.596669,-27.905463,-65.374337
2026-08-05T15:57:47.097969,1785938267.097970,17.851544,-0.09865868836641312,0.7480398416519165,-0.09562791883945465,-0.6492773294448853,0.7070361971855164,0.5658503174781799,-0.13244503736495972,-0.4029538333415985,102.221568,-81.110779,-49.101987,-27.640374
2026-08-05T15:57:47.113781,1785938267.113781,17.867356,-0.09626255184412003,0.7510061264038086,-0.09126503020524979,-0.6468359231948853,0.7021074295043945,0.5655625462532043,-0.11823126673698425,-0.4161798655986786,100.841657,-80.902476,-87.272947,13.174245
2026-08-05T15:57:47.130977,1785938267.130977,17.884552,-0.09676830470561981,0.751326322555542,-0.09104004502296448,-0.6464201211929321,0.696236252784729,0.5661799311637878,-0.10486029833555222,-0.4286022484302521,99.726372,-80.852963,-64.857489,2.879317
2026-08-05T15:57:47.138028,1785938267.138028,17.891602,-0.10415452718734741,0.7487385869026184,-0.09050558507442474,-0.6483467817306519,0.6902587413787842,0.5670770406723022,-0.09058432281017303,-0.44018280506134033,99.475429,-81.512031,-35.590845,-93.474902
2026-08-05T15:57:47.148027,1785938267.148027,17.901602,-0.10893024504184723,0.7455361485481262,-0.08889700472354889,-0.6514678597450256,0.6858952641487122,0.5657876133918762,-0.0746554285287857,-0.4515070915222168,99.236334,-82.130853,-23.911257,-61.886626
2026-08-05T15:57:47.210882,1785938267.210883,17.964457,-0.10819319635629654,0.7457927465438843,-0.08444709330797195,-0.6518887877464294,0.6809962391853333,0.5642565488815308,-0.05837128683924675,-0.46308907866477966,98.319809,-82.151002,-14.581471,-0.320567
2026-08-05T15:57:47.231044,1785938267.231045,17.984619,-0.10381541401147842,0.7492425441741943,-0.07830903679132462,-0.6494060158729553,0.6740577220916748,0.5646113753318787,-0.04288117215037346,-0.47436419129371643,96.717350,-81.540277,-79.479660,30.291107
2026-08-05T15:57:47.238318,1785938267.238318,17.991892,-0.10009901225566864,0.7530893087387085,-0.07443059235811234,-0.645987331867218,0.6656419038772583,0.5662152171134949,-0.027865061536431313,-0.48532986640930176,95.034159,-80.928005,-231.423871,84.181933
2026-08-05T15:57:47.246937,1785938267.246937,18.000511,-0.10067887604236603,0.7545727491378784,-0.07294435054063797,-0.6443334817886353,0.6576316952705383,0.5677874088287354,-0.013795463368296623,-0.4949222505092621,93.979764,-80.806931,-122.329401,14.046849
2026-08-05T15:57:47.263755,1785938267.263755,18.017329,-0.10362982749938965,0.7528338432312012,-0.07200232893228531,-0.6460034251213074,0.6500697135925293,0.569571316242218,-0.0021494480315595865,-0.5029846429824829,93.291128,-80.701220,-40.946868,6.285654
2026-08-05T15:57:47.280176,1785938267.280176,18.033750,-0.11202395707368851,0.7496985793113708,-0.07447662949562073,-0.6479648947715759,0.641792356967926,0.5726637244224548,0.007998364977538586,-0.50999516248703,93.167845,-81.141100,-7.507598,-26.787514
2026-08-05T15:57:47.297375,1785938267.297376,18.050950,-0.11894305050373077,0.7467745542526245,-0.0760667622089386,-0.6499207019805908,0.6343245506286621,0.5745438933372498,0.019159136340022087,-0.5168797373771667,93.043564,-81.587615,-7.225744,-25.960531
2026-08-05T15:57:47.314014,1785938267.314014,18.067589,-0.12232530117034912,0.7426295280456543,-0.07463888823986053,-0.6541939973831177,0.6287037134170532,0.5728885531425476,0.03285237401723862,-0.5248346328735352,92.830291,-81.841324,-12.818025,-15.248309
2026-08-05T15:57:47.330517,1785938267.330517,18.084091,-0.12515851855278015,0.7394338846206665,-0.07338209450244904,-0.6574121713638306,0.6232162117958069,0.5703380107879639,0.048308007419109344,-0.5329000353813171,92.658144,-82.265700,-10.431461,-25.715701
2026-08-05T15:57:47.336880,1785938267.336880,18.090455,-0.1254754215478897,0.7403568029403687,-0.07312200963497162,-0.6563410758972168,0.6166410446166992,0.5687823295593262,0.06426646560430527,-0.5404724478721619,92.142620,-82.610960,-81.014163,-54.257207
2026-08-05T15:57:47.347696,1785938267.347696,18.101270,-0.12394307553768158,0.742972731590271,-0.07246610522270203,-0.6537439227104187,0.6078190803527832,0.5689356327056885,0.07929658144712448,-0.5482520461082458,91.139923,-82.477827,-92.706151,12.309061
2026-08-05T15:57:47.363063,1785938267.363064,18.116638,-0.11999990791082382,0.7472053170204163,-0.07008010149002075,-0.6499044895172119,0.5971773266792297,0.5698562860488892,0.0933322161436081,-0.5567156076431274,89.626361,-81.777715,-98.491017,45.557953
2026-08-05T15:57:47.370839,1785938267.370839,18.124413,-0.11409014463424683,0.7518483400344849,-0.06585188210010529,-0.6460448503494263,0.5862776041030884,0.5703322291374207,0.10704696923494339,-0.565279483795166,87.881070,-80.746691,-224.459003,132.598266
2026-08-05T15:57:47.381157,1785938267.381157,18.134731,-0.10974352061748505,0.7537823915481567,-0.06051652878522873,-0.645065188407898,0.5754773020744324,0.5700945854187012,0.12128699570894241,-0.5736790299415588,86.345895,-79.755639,-148.789026,96.052684
2026-08-05T15:57:47.399013,1785938267.399014,18.152588,-0.10720864683389664,0.7538101077079773,-0.055287186056375504,-0.6459277272224426,0.5646043419837952,0.5698623061180115,0.13604475557804108,-0.5813524723052979,85.042509,-78.921857,-72.992795,46.693836
2026-08-05T15:57:47.407858,1785938267.407859,18.161433,-0.10768767446279526,0.753044843673706,-0.053262848407030106,-0.6469101309776306,0.5543136596679688,0.5690617561340332,0.15145903825759888,-0.5881882309913635,84.320070,-78.719053,-81.676854,22.928408
2026-08-05T15:57:47.423825,1785938267.423825,18.177399,-0.10961581021547318,0.7526617646217346,-0.052282679826021194,-0.6471118330955505,0.5446847677230835,0.5674915313720703,0.16768154501914978,-0.594268262386322,83.988265,-78.916364,-20.781121,-12.357736
2026-08-05T15:57:47.462294,1785938267.462295,18.215869,-0.10917207598686218,0.7530496120452881,-0.04969288408756256,-0.6469399333000183,0.5350435972213745,0.5652514696121216,0.18439854681491852,-0.6001802086830139,83.446747,-78.861403,-14.076625,1.428708
2026-08-05T15:57:47.479644,1785938267.479645,18.233219,-0.10679063200950623,0.7543976902961731,-0.047033414244651794,-0.6459648609161377,0.5255798697471619,0.5628142356872559,0.20093359053134918,-0.6055011749267578,82.795064,-78.681491,-37.560526,10.369460
2026-08-05T15:57:47.496560,1785938267.496560,18.250134,-0.10523860156536102,0.755216658115387,-0.044113658368587494,-0.6454684734344482,0.5163581371307373,0.5603165626525879,0.21660898625850677,-0.610327959060669,82.261494,-78.524406,-31.543619,9.286572
2026-08-05T15:57:47.513173,1785938267.513173,18.266747,-0.10579263418912888,0.755547285079956,-0.04039137810468674,-0.6452344655990601,0.5074552297592163,0.5580475926399231,0.2312862128019333,-0.6144744753837585,81.934690,-78.460598,-19.671573,3.840805
2026-08-05T15:57:47.530009,1785938267.530010,18.283584,-0.10851238667964935,0.7555373311042786,-0.03679107874631882,-0.6450096964836121,0.49936506152153015,0.5556409955024719,0.24560444056987762,-0.6177184581756592,81.946195,-78.668233,0.683347,-12.332480
2026-08-05T15:57:47.545933,1785938267.545934,18.299508,-0.11064933240413666,0.7543507218360901,-0.032786887139081955,-0.646250307559967,0.49294811487197876,0.5520379543304443,0.26025092601776123,-0.6201015710830688,82.107683,-78.984602,10.141048,-19.867155
2026-08-05T15:57:47.556227,1785938267.556227,18.309801,-0.1141347587108612,0.7531831860542297,-0.03104996122419834,-0.6470912098884583,0.48874104022979736,0.546542763710022,0.2762395739555359,-0.6213817596435547,82.927165,-79.976162,79.613557,-96.331185
2026-08-05T15:57:47.579710,1785938267.579711,18.333285,-0.11918385326862335,0.7518264055252075,-0.03205718472599983,-0.6477091312408447,0.4861393868923187,0.5399487018585205,0.2926916480064392,-0.6216556429862976,84.319572,-81.555704,59.291774,-67.260373
2026-08-05T15:57:47.599138,1785938267.599138,18.350693,-0.12176196277141571,0.7508007287979126,-0.030597781762480736,-0.6484894752502441,0.48404592275619507,0.5336266160011292,0.30759397149086,-0.6215531229972839,85.323553,-82.674769,57.675473,-64.286676
2026-08-05T15:57:47.602550,1785938267.602550,18.356124,-0.12324235588312149,0.7508928179740906,-0.027852313593029976,-0.6482267379760742,0.48158225417137146,0.5286816358566284,0.3194487690925598,-0.6217127442359924,85.934318,-83.330356,112.445530,-120.697478
2026-08-05T15:57:47.612344,1785938267.612345,18.365186,-0.1239147037267685,0.7513381838798523,-0.025107860565185547,-0.64769446849823,0.47842392325401306,0.5257633328437805,0.32776233553886414,-0.6222984790802002,86.131388,-83.540305,21.746689,-23.167888
2026-08-05T15:57:47.673015,1785938267.673015,18.426589,-0.12379346787929535,0.752095103263855,-0.022348858416080475,-0.6469399929046631,0.47504404187202454,0.5244395732879639,0.3330686688423157,-0.6231868267059326,86.002171,-83.400141,-2.104399,2.282669
2026-08-05T15:57:47.681006,1785938267.681007,18.434581,-0.12506799399852753,0.7528047561645508,-0.021277494728565216,-0.6459044814109802,0.4725218117237091,0.5237206220626831,0.336603581905365,-0.6238091588020325,86.072810,-83.459167,8.839472,-7.386250
2026-08-05T15:57:47.698191,1785938267.698191,18.451766,-0.1284600794315338,0.7524632811546326,-0.021741803735494614,-0.6456213593482971,0.4713144600391388,0.5227354168891907,0.3395915627479553,-0.6239293813705444,86.523242,-83.904903,26.211174,-25.937890
2026-08-05T15:57:47.713279,1785938267.713279,18.466854,-0.13226330280303955,0.7513341307640076,-0.023249588906764984,-0.6461155414581299,0.4709509611129761,0.5216367840766907,0.34199145436286926,-0.6238126158714294,87.106059,-84.499896,38.627641,-39.434634
2026-08-05T15:57:47.729169,1785938267.729170,18.482744,-0.1360061913728714,0.750511646270752,-0.026139333844184875,-0.6461838483810425,0.47099629044532776,0.5211299061775208,0.3431304097175598,-0.6235766410827637,87.720710,-85.145532,38.680753,-40.630654
2026-08-05T15:57:47.737596,1785938267.737597,18.491171,-0.13660366833209991,0.7503588199615479,-0.028943052515387535,-0.6461157202720642,0.471358060836792,0.5209783315658569,0.34303510189056396,-0.623482346534729,87.982830,-85.456460,31.105962,-36.898179
2026-08-05T15:57:47.755541,1785938267.755542,18.509116,-0.13425178825855255,0.7506430149078369,-0.028593791648745537,-0.646294355392456,0.47230181097984314,0.5212659239768982,0.3415094316005707,-0.6233652234077454,87.727656,-85.205767,-14.219703,13.970025
2026-08-05T15:57:47.765310,1785938267.765311,18.518885,-0.1323435753583908,0.7510162591934204,-0.029263833537697792,-0.6462242603302002,0.47313690185546875,0.5226091146469116,0.337868869304657,-0.6235910654067993,87.400725,-84.880217,-33.465566,33.324201
2026-08-05T15:57:47.781233,1785938267.781233,18.534807,-0.13116249442100525,0.7513054609298706,-0.031175166368484497,-0.6460392475128174,0.4737212359905243,0.5253638625144958,0.3321256935596466,-0.6239181160926819,87.013224,-84.501909,-24.336622,23.759224
2026-08-05T15:57:47.789371,1785938267.789371,18.542945,-0.1318504959344864,0.7512828707695007,-0.034913867712020874,-0.6457343697547913,0.47454172372817993,0.5287090539932251,0.3252192735671997,-0.6241068243980408,86.846934,-84.353021,-20.433887,18.295586
2026-08-05T15:57:47.806625,1785938267.806626,18.560200,-0.13227705657482147,0.7508574724197388,-0.03882339224219322,-0.6459188461303711,0.47627881169319153,0.5316212177276611,0.3184838593006134,-0.6237831711769104,86.775970,-84.306622,-4.112742,2.689041
2026-08-05T15:57:47.824552,1785938267.824553,18.578127,-0.1319313794374466,0.7507534027099609,-0.042601943016052246,-0.6458722949028015,0.4783715307712555,0.5344586968421936,0.3115691840648651,-0.6232489943504333,86.662377,-84.215597,-6.336471,5.077558
2026-08-05T15:57:47.832560,1785938267.832560,18.586134,-0.13034246861934662,0.7503833174705505,-0.0447574108839035,-0.6464788317680359,0.4803626835346222,0.5379364490509033,0.30344632267951965,-0.6227331757545471,86.219117,-83.763463,-55.355329,56.463678
2026-08-05T15:57:47.851618,1785938267.851619,18.605193,-0.12702509760856628,0.7508350610733032,-0.04502537101507187,-0.646596372127533,0.4821702837944031,0.5426655411720276,0.29347705841064453,-0.6220105886459351,85.355242,-82.850952,-45.327635,47.879581
2026-08-05T15:57:47.868110,1785938267.868111,18.621685,-0.12137012183666229,0.7532441020011902,-0.04461828991770744,-0.6449066400527954,0.4845578074455261,0.5479312539100647,0.2820534408092499,-0.6208229064941406,84.246771,-81.676975,-67.213107,71.185112
2026-08-05T15:57:47.884120,1785938267.884120,18.637695,-0.11499754339456558,0.7569507956504822,-0.04450083523988724,-0.6417345404624939,0.4874503016471863,0.5534318685531616,0.26934584975242615,-0.6193210482597351,83.110290,-80.458017,-70.986554,76.138199
2026-08-05T15:57:47.929591,1785938267.929591,18.682148,-0.10944889485836029,0.7600047588348389,-0.044969264417886734,-0.6390573382377625,0.49040642380714417,0.5596491694450378,0.25497445464134216,-0.6174807548522949,81.984191,-79.222467,-25.332272,27.794432
2026-08-05T15:57:47.949422,1785938267.949422,18.702996,-0.1060476303100586,0.7621071338653564,-0.04630357027053833,-0.6370284557342529,0.49294599890708923,0.5665896534919739,0.23898173868656158,-0.6155229210853577,80.971929,-78.055294,-48.552624,55.982884
2026-08-05T15:57:47.965795,1785938267.965796,18.719370,-0.10479545593261719,0.763894259929657,-0.04912672936916351,-0.6348798871040344,0.49567610025405884,0.5736570954322815,0.2222917377948761,-0.6130328178405762,80.266135,-77.170058,-43.106165,54.065478
2026-08-05T15:57:47.982524,1785938267.982525,18.736099,-0.10479503124952316,0.7652810215950012,-0.052426211535930634,-0.6329432725906372,0.4993492662906647,0.5802783370018005,0.20546221733093262,-0.609682559967041,79.852994,-76.537854,-24.696290,37.791157
2026-08-05T15:57:47.991301,1785938267.991301,18.744875,-0.10538147389888763,0.7660860419273376,-0.05571760982275009,-0.6315893530845642,0.5046835541725159,0.5857443809509277,0.18900299072265625,-0.6053724884986877,79.764948,-76.178811,-10.032078,40.910028
2026-08-05T15:57:48.003406,1785938268.003407,18.754820,-0.10571204125881195,0.7669034600257874,-0.058420199900865555,-0.6302967071533203,0.5117974281311035,0.590202808380127,0.17291419208049774,-0.5998539924621582,79.917213,-76.005436,15.311213,17.433944
2026-08-05T15:57:48.014003,1785938268.014003,18.766287,-0.1049669086933136,0.7675556540489197,-0.05997105687856674,-0.6294809579849243,0.5201501846313477,0.5938327312469482,0.15699146687984467,-0.5934309363365173,80.125746,-75.817540,18.184761,16.385125
2026-08-05T15:57:48.028104,1785938268.028104,18.780656,-0.10335563868284225,0.768652617931366,-0.06083279848098755,-0.6283251643180847,0.5290907621383667,0.5969333052635193,0.14087776839733124,-0.5864190459251404,80.356555,-75.592742,16.063499,15.645134
2026-08-05T15:57:48.043441,1785938268.043441,18.797015,-0.10179908573627472,0.7695254683494568,-0.06138526648283005,-0.6274566650390625,0.5381835699081421,0.5996347069740295,0.12443900108337402,-0.579060971736908,80.657522,-75.363038,18.396976,14.040977
2026-08-05T15:57:48.049332,1785938268.049332,18.802906,-0.10066401958465576,0.7697372436523438,-0.06253102421760559,-0.6272668838500977,0.5466389060020447,0.6028056740760803,0.1067957654595375,-0.571319580078125,80.954129,-75.045836,50.350522,53.846541
2026-08-05T15:57:48.065929,1785938268.065930,18.818488,-0.10006950795650482,0.7696534991264343,-0.06453606486320496,-0.6272615194320679,0.5549923181533813,0.606128454208374,0.08806147426366806,-0.5628830194473267,81.360020,-74.757881,26.049014,18.480157
2026-08-05T15:57:48.082276,1785938268.082277,18.835333,-0.10169630497694016,0.7688902616500854,-0.06871069967746735,-0.6274926662445068,0.5645799040794373,0.6079861521720886,0.0694175660610199,-0.5538806915283203,82.325285,-74.987350,57.302800,-13.622397
2026-08-05T15:57:48.098591,1785938268.098592,18.852166,-0.1086294874548912,0.7645926475524902,-0.0768105760216713,-0.6306350231170654,0.5755040645599365,0.6080893278121948,0.05142682418227196,-0.5444059371948242,84.231040,-76.074432,113.216528,-64.581063
2026-08-05T15:57:48.114337,1785938268.114337,18.867911,-0.11735480278730392,0.7562575936317444,-0.0860094502568245,-0.6378927826881409,0.5867900848388672,0.6075723767280579,0.03417564556002617,-0.5341960787773132,86.488792,-77.325479,143.391211,-79.454700
2026-08-05T15:57:48.132424,1785938268.132424,18.885412,-0.12173478305339813,0.7488658428192139,-0.09165176749229431,-0.6449674963951111,0.5972279906272888,0.6076442003250122,0.01698348857462406,-0.5232579708099365,88.176756,-77.853788,96.452877,-30.188426
2026-08-05T15:57:48.140472,1785938268.140473,18.894047,-0.12012843042612076,0.7458000183105469,-0.09378593415021896,-0.6485046744346619,0.607134222984314,0.6079181432723999,-0.000908154877834022,-0.5116864442825317,89.144429,-77.645987,112.063433,24.064916
2026-08-05T15:57:48.165322,1785938268.165322,18.918896,-0.11587327718734741,0.7468968033790588,-0.09536219388246536,-0.6477864384651184,0.6168100237846375,0.6079626083374023,-0.019730178639292717,-0.4995376169681549,89.840924,-77.272742,28.028383,15.020129
2026-08-05T15:57:48.176108,1785938268.176108,18.927661,-0.11152005940675735,0.7479109764099121,-0.09519875794649124,-0.6474041938781738,0.6268090605735779,0.6070862412452698,-0.03893514722585678,-0.48686841130256653,90.655400,-76.841040,92.928906,49.255662
2026-08-05T15:57:48.190512,1785938268.190512,18.944086,-0.10703884810209274,0.7474400401115417,-0.09433314204216003,-0.6488296985626221,0.6361477971076965,0.6059012413024902,-0.05838147923350334,-0.47412171959877014,91.480409,-76.194781,50.227727,39.345158
2026-08-05T15:57:48.207585,1785938268.207585,18.961159,-0.10238806903362274,0.7461977005004883,-0.09389660507440567,-0.6510695815086365,0.6444830298423767,0.6050805449485779,-0.07770863175392151,-0.46095627546310425,92.274599,-75.399316,46.516874,46.591548
2026-08-05T15:57:48.274656,1785938268.274656,19.028230,-0.09896378219127655,0.7449711561203003,-0.09554661810398102,-0.6527615785598755,0.6519255638122559,0.6046874523162842,-0.09711964428424835,-0.447117418050766,93.198461,-74.748012,13.774444,9.710713
2026-08-05T15:57:48.312098,1785938268.312098,19.065340,-0.0970880389213562,0.7437521815299988,-0.09881067276000977,-0.6539462804794312,0.6589513421058655,0.6039843559265137,-0.11635779589414597,-0.4329512119293213,94.334319,-74.333754,30.607983,11.163022
2026-08-05T15:57:48.328729,1785938268.328730,19.082304,-0.09623522311449051,0.7409371733665466,-0.10284604132175446,-0.6566400527954102,0.6663566827774048,0.6020568013191223,-0.13470274209976196,-0.41875001788139343,95.745399,-74.088573,83.182236,14.453242
2026-08-05T15:57:48.344851,1785938268.344851,19.098425,-0.09442213177680969,0.7381225824356079,-0.10661859810352325,-0.6594653725624084,0.6743688583374023,0.5989051461219788,-0.15217739343643188,-0.40420499444007874,97.221177,-73.870148,91.540308,13.548599
2026-08-05T15:57:48.360504,1785938268.360505,19.114079,-0.09123817086219788,0.7353593707084656,-0.10823511332273483,-0.6627292037010193,0.6818012595176697,0.5953693389892578,-0.1691409945487976,-0.38996660709381104,98.561598,-73.349568,85.631411,33.256690
2026-08-05T15:57:48.370842,1785938268.370843,19.124417,-0.08622004836797714,0.7285738587379456,-0.11621615290641785,-0.66950923204422,0.6878604292869568,0.5929416418075562,-0.18548008799552917,-0.37532058358192444,99.589163,-72.314545,99.396290,100.117666
2026-08-05T15:57:48.382369,1785938268.382370,19.135944,-0.08439677208662033,0.7256491184234619,-0.12072356045246124,-0.6721152663230896,0.6930563449859619,0.5911526083946228,-0.2010858654975891,-0.36024484038352966,100.881091,-71.814211,112.077831,43.405180
2026-08-05T15:57:48.390907,1785938268.390907,19.144481,-0.0828300192952156,0.7225204706192017,-0.12448298931121826,-0.674988865852356,0.6984424591064453,0.588202953338623,-0.21567793190479279,-0.3459460139274597,102.269089,-71.393184,162.580571,49.316214
2026-08-05T15:57:48.400232,1785938268.400233,19.153024,-0.08202513307332993,0.718715250492096,-0.12848660349845886,-0.6783907413482666,0.7086125016212463,0.5806083083152771,-0.2429630607366562,-0.3189536929130554,105.288819,-71.034320,353.473563,42.006728
2026-08-05T15:57:48.409360,1785938268.409361,19.162935,-0.08138681203126907,0.7151195406913757,-0.13087499141693115,-0.6818023324012756,0.7118865251541138,0.5786778330802917,-0.25638943910598755,-0.30432558059692383,106.699355,-70.414643,142.326200,62.526769
2026-08-05T15:57:48.430973,1785938268.430973,19.184547,-0.08168603479862213,0.7103837728500366,-0.13335639238357544,-0.6862221360206604,0.7145355939865112,0.5770832300186157,-0.2693043649196625,-0.28963595628738403,108.217262,-69.745014,70.232378,30.983226
2026-08-05T15:57:48.448302,1785938268.448303,19.199856,-0.08193311095237732,0.7054168581962585,-0.13459466397762299,-0.6910578012466431,0.7176684737205505,0.5743395090103149,-0.28116780519485474,-0.275736927986145,109.837003,-69.150619,105.805823,38.827476
2026-08-05T15:57:48.458501,1785938268.458501,19.211558,-0.08320356905460358,0.700351893901825,-0.13760161399841309,-0.6954513192176819,0.7213475108146667,0.5704813003540039,-0.2916376292705536,-0.26297610998153687,111.537392,-68.918214,145.303820,19.859738
2026-08-05T15:57:48.473610,1785938268.473611,19.227185,-0.08423028886318207,0.6954732537269592,-0.14172640442848206,-0.6993842720985413,0.7247273325920105,0.5669983625411987,-0.30091020464897156,-0.25047221779823303,113.113507,-68.726312,100.859044,12.280239
2026-08-05T15:57:48.487694,1785938268.487694,19.241268,-0.08419289439916611,0.6917773485183716,-0.1456383764743805,-0.7022448182106018,0.7267844676971436,0.5652351975440979,-0.3093075156211853,-0.23795479536056519,114.363540,-68.324873,88.762409,28.505411
2026-08-05T15:57:48.555614,1785938268.559942,19.309189,-0.08313533663749695,0.6888794898986816,-0.1478945016860962,-0.7047433853149414,0.7282013893127441,0.564329206943512,-0.3168361783027649,-0.22554443776607513,115.444492,-67.767100,15.914973,8.212147
2026-08-05T15:57:48.565866,1785938268.565866,19.319441,-0.08175815641880035,0.686008632183075,-0.15186864137649536,-0.7068567276000977,0.729620635509491,0.5632287263870239,-0.32354429364204407,-0.21388405561447144,116.387544,-67.228192,91.987162,52.566141
2026-08-05T15:57:48.581208,1785938268.581208,19.334782,-0.07992994785308838,0.6828761100769043,-0.15577726066112518,-0.7092443108558655,0.7312638759613037,0.5614307522773743,-0.3297120928764343,-0.20331931114196777,117.268172,-66.624241,57.401596,39.367101
2026-08-05T15:57:48.591511,1785938268.591511,19.345085,-0.07834590971469879,0.6796302199363708,-0.15753670036792755,-0.7121443748474121,0.7327982783317566,0.5595408082008362,-0.3356733024120331,-0.1929878443479538,118.247646,-65.993413,95.066663,61.227522
2026-08-05T15:57:48.606231,1785938268.606231,19.358963,-0.07778571546077728,0.6770855188369751,-0.15900413691997528,-0.714300274848938,0.733715832233429,0.55841064453125,-0.341134250164032,-0.18293729424476624,119.213466,-65.534143,69.596678,33.094836
2026-08-05T15:57:48.618183,1785938268.618184,19.371758,-0.07685217261314392,0.6758372187614441,-0.16099275648593903,-0.7151374816894531,0.7345414757728577,0.5573549866676331,-0.34576085209846497,-0.1739359200000763,119.962604,-65.209074,58.548321,25.405514
2026-08-05T15:57:48.630873,1785938268.630874,19.384448,-0.07538064569234848,0.6745280623435974,-0.16399453580379486,-0.7158476710319519,0.7358068823814392,0.5555930137634277,-0.3497118353843689,-0.16615146398544312,120.583091,-64.899098,48.895527,24.426599
2026-08-05T15:57:48.672047,1785938268.672047,19.424673,-0.07358438521623611,0.6720166206359863,-0.1669861525297165,-0.7177026867866516,0.7373543381690979,0.5531951785087585,-0.35344308614730835,-0.15925362706184387,121.211698,-64.410701,15.627067,12.141489
2026-08-05T15:57:48.687891,1785938268.687892,19.440412,-0.07211057841777802,0.668299674987793,-0.16897688806056976,-0.7208502888679504,0.7394013404846191,0.5497875213623047,-0.3576672673225403,-0.15196534991264343,122.094881,-63.855313,56.115289,35.287982
2026-08-05T15:57:48.697790,1785938268.697790,19.451364,-0.07224467396736145,0.6636822819709778,-0.17110395431518555,-0.7245913743972778,0.7408279180526733,0.546622633934021,-0.3630118668079376,-0.14352762699127197,123.232609,-63.241164,103.880900,56.075192
2026-08-05T15:57:48.714607,1785938268.714608,19.468182,-0.07318470627069473,0.660628080368042,-0.1715994030237198,-0.7271662354469299,0.7415473461151123,0.5442776083946228,-0.3685722351074219,-0.13425388932228088,124.428557,-62.834909,71.113004,24.156635
2026-08-05T15:57:48.731286,1785938268.731286,19.484860,-0.07420356571674347,0.658014714717865,-0.17218339443206787,-0.7292912602424622,0.7427103519439697,0.5412196516990662,-0.3735734224319458,-0.12611760199069977,125.571674,-62.616899,68.539061,13.071410
2026-08-05T15:57:48.747675,1785938268.747675,19.501250,-0.074512779712677,0.6563013195991516,-0.17293325066566467,-0.7306251525878906,0.7449959516525269,0.5366597771644592,-0.3773486316204071,-0.12077029794454575,126.487977,-62.673036,55.908369,-3.425179
2026-08-05T15:57:48.764773,1785938268.764774,19.518348,-0.07363442331552505,0.6555619239807129,-0.17474384605884552,-0.7309472560882568,0.7477284669876099,0.5317807197570801,-0.37971025705337524,-0.11803235858678818,127.001839,-62.812162,30.053124,-8.136764
2026-08-05T15:57:48.774756,1785938268.774757,19.528331,-0.07173660397529602,0.6553283929824829,-0.17680871486663818,-0.7308486700057983,0.749073326587677,0.5294771194458008,-0.38122281432151794,-0.1149456575512886,127.197311,-62.642050,19.580399,17.040019
2026-08-05T15:57:48.781296,1785938268.781297,19.534871,-0.07127328217029572,0.6543711423873901,-0.17799672484397888,-0.7314631342887878,0.7481029629707336,0.530644953250885,-0.3829055726528168,-0.11018884181976318,127.450849,-62.171851,38.768298,71.897868
2026-08-05T15:57:48.797716,1785938268.797716,19.551291,-0.0709722712635994,0.6532862186431885,-0.17877927422523499,-0.7322708368301392,0.7461368441581726,0.5329095721244812,-0.38510143756866455,-0.10480507463216782,127.692588,-61.454641,14.722561,43.679997
2026-08-05T15:57:48.806983,1785938268.806983,19.560558,-0.07055473327636719,0.6515066027641296,-0.1785801649093628,-0.7339434027671814,0.7459303736686707,0.5320289731025696,-0.38777050375938416,-0.10083256661891937,128.143612,-60.876145,48.669414,62.424675
2026-08-05T15:57:48.830903,1785938268.830903,19.584477,-0.07127634435892105,0.650621235370636,-0.17767055332660675,-0.734879195690155,0.7478275299072266,0.5275257229804993,-0.3905167877674103,-0.09983643144369125,128.726068,-61.009228,24.350347,-5.563697
2026-08-05T15:57:48.839852,1785938268.839852,19.593426,-0.07311501353979111,0.6492841243743896,-0.17721062898635864,-0.7359914183616638,0.7494977116584778,0.5236309170722961,-0.3924645185470581,-0.10017718374729156,129.259813,-61.285404,59.642717,-30.860952
2026-08-05T15:57:48.857289,1785938268.857290,19.609320,-0.07547970861196518,0.6485126614570618,-0.17754562199115753,-0.7363519668579102,0.7498100399971008,0.5223754644393921,-0.39371198415756226,-0.09949737042188644,129.655877,-61.578549,24.919569,-18.444127
2026-08-05T15:57:48.874108,1785938268.874109,19.627683,-0.07742936164140701,0.6490262746810913,-0.17807525396347046,-0.7355688214302063,0.7487729787826538,0.5237193703651428,-0.3942564129829407,-0.09807707369327545,129.789834,-61.812012,7.295153,-12.714067
2026-08-05T15:57:48.890814,1785938268.890815,19.644389,-0.07909494638442993,0.6503817439079285,-0.1781681627035141,-0.7341703772544861,0.7477561235427856,0.5254311561584473,-0.3937884569168091,-0.09855816513299942,129.685306,-62.179752,-6.256964,-22.012489
2026-08-05T15:57:48.907202,1785938268.907202,19.660776,-0.07997704297304153,0.6522930860519409,-0.17669779062271118,-0.7327331900596619,0.7478087544441223,0.5255551934242249,-0.3926067650318146,-0.10214698314666748,129.416574,-62.685625,-16.398626,-30.869519
2026-08-05T15:57:48.924155,1785938268.924155,19.677730,-0.08134502917528152,0.6547747850418091,-0.1751672774553299,-0.7307339310646057,0.7482717037200928,0.525157630443573,-0.39059513807296753,-0.10832631587982178,128.992729,-63.457332,-25.000465,-45.519096
2026-08-05T15:57:48.930480,1785938268.930480,19.684054,-0.08305928111076355,0.6579697728157043,-0.17402932047843933,-0.727937638759613,0.747614860534668,0.5267850756645203,-0.38769569993019104,-0.11515972763299942,128.326149,-64.219057,-105.392005,-120.435222
2026-08-05T15:57:48.939728,1785938268.939729,19.693303,-0.0858236625790596,0.6618179678916931,-0.17295975983142853,-0.7243747711181641,0.7457268834114075,0.5305606722831726,-0.3840164244174957,-0.12218119949102402,127.529556,-65.075340,-86.132171,-92.586203
2026-08-05T15:57:48.947058,1785938268.947059,19.700633,-0.0886659249663353,0.6673489212989807,-0.17340250313282013,-0.7188310623168945,0.743809700012207,0.5344533920288086,-0.3793955147266388,-0.1310185194015503,126.424847,-66.194370,-150.706972,-152.660694
2026-08-05T15:57:48.963904,1785938268.963904,19.717478,-0.08968060463666916,0.6737470030784607,-0.17346443235874176,-0.7126957178115845,0.7429296970367432,0.536964476108551,-0.37306877970695496,-0.14333347976207733,124.965135,-67.323097,-86.654362,-67.005778
2026-08-05T15:57:48.980351,1785938268.980351,19.733925,-0.0912511795759201,0.6792024374008179,-0.17096054553985596,-0.7079070210456848,0.7436521053314209,0.5368850231170654,-0.3651678264141083,-0.15933814644813538,123.669038,-68.736888,-78.804111,-85.960020
2026-08-05T15:57:48.997967,1785938268.997968,19.751542,-0.09274742752313614,0.6864104866981506,-0.168866828083992,-0.7012313008308411,0.7441158890724182,0.5369987487792969,-0.35585740208625793,-0.17688852548599243,122.142933,-70.349402,-86.629273,-91.534248
2026-08-05T15:57:49.012966,1785938269.012966,19.766540,-0.09109003841876984,0.6946203112602234,-0.16687585413455963,-0.6938014030456543,0.7420910596847534,0.5407885909080505,-0.34529224038124084,-0.19396372139453888,119.968483,-71.109040,-144.980770,-50.648630
2026-08-05T15:57:49.027819,1785938269.027819,19.781393,-0.09030742198228836,0.6998720765113831,-0.16051888465881348,-0.6901158690452576,0.7385727167129517,0.5465835928916931,-0.33396631479263306,-0.2102934718132019,118.062022,-71.368877,-128.353188,-17.493669
2026-08-05T15:57:49.039741,1785938269.039742,19.791751,-0.09208168089389801,0.706204354763031,-0.1547182947397232,-0.6847345232963562,0.7360745072364807,0.5501209497451782,-0.3224203586578369,-0.22717070579528809,116.508072,-72.366396,-150.033117,-96.309968
2026-08-05T15:57:49.056335,1785938269.056335,19.809410,-0.09273983538150787,0.7140539288520813,-0.15265169739723206,-0.6769241690635681,0.7352510094642639,0.5506398677825928,-0.3093448281288147,-0.24598343670368195,114.805159,-73.763163,-96.433428,-79.096836
2026-08-05T15:57:49.072982,1785938269.072982,19.826556,-0.0916825607419014,0.7196541428565979,-0.14854183793067932,-0.6720344424247742,0.7350175380706787,0.5498532652854919,-0.29424354434013367,-0.2661418318748474,113.145319,-74.797680,-96.802939,-60.333685
2026-08-05T15:57:49.089345,1785938269.089345,19.842920,-0.09169900417327881,0.7235118746757507,-0.14106720685958862,-0.669495701789856,0.7338301539421082,0.5502230525016785,-0.27795329689979553,-0.28546470403671265,111.732300,-75.640115,-86.352524,-51.482954
2026-08-05T15:57:49.106532,1785938269.106533,19.860107,-0.09499747306108475,0.729339599609375,-0.13586066663265228,-0.663765013217926,0.7310518622398376,0.5526559352874756,-0.2612052857875824,-0.30316096544265747,110.452113,-76.978466,-74.485223,-77.869431
2026-08-05T15:57:49.133146,1785938269.133729,19.886721,-0.10014089941978455,0.7355918884277344,-0.13104446232318878,-0.6570436358451843,0.7275223135948181,0.555367112159729,-0.24479982256889343,-0.31992462277412415,109.386730,-78.458055,-40.030990,-55.594477
2026-08-05T15:57:49.145765,1785938269.145765,19.899339,-0.10303513705730438,0.7421744465827942,-0.12475181370973587,-0.6503847241401672,0.723193883895874,0.5577694177627563,-0.22829276323318481,-0.33729279041290283,108.069130,-79.425587,-104.415804,-76.673981
2026-08-05T15:57:49.159171,1785938269.159171,19.910998,-0.10382479429244995,0.7499619722366333,-0.12270238995552063,-0.641657292842865,0.7175714373588562,0.5606789588928223,-0.21115043759346008,-0.35517042875289917,106.290033,-80.131271,-152.595541,-60.527476
2026-08-05T15:57:49.175424,1785938269.175425,19.928999,-0.10272062569856644,0.7595410943031311,-0.12377312779426575,-0.6302608251571655,0.7112209796905518,0.5637867450714111,-0.19487246870994568,-0.37193331122398376,104.285518,-80.695071,-111.359681,-31.321562
2026-08-05T15:57:49.181986,1785938269.181986,19.935560,-0.10658333450555801,0.7613639235496521,-0.1190938726067543,-0.6283185482025146,0.7038472890853882,0.5670421719551086,-0.17842064797878265,-0.38888072967529297,103.032003,-80.897469,-191.033519,-30.845120
2026-08-05T15:57:49.198500,1785938269.198501,19.952075,-0.11167652904987335,0.7621852159500122,-0.11571847647428513,-0.6270674467086792,0.6969451308250427,0.5693376064300537,-0.1610182821750641,-0.4052102565765381,102.071627,-81.381173,-58.153350,-29.289575
2026-08-05T15:57:49.215066,1785938269.215067,19.968641,-0.11063817888498306,0.7650868892669678,-0.10974346846342087,-0.6247884035110474,0.691011905670166,0.5699052214622498,-0.14202529191970825,-0.4213545322418213,100.652169,-81.411971,-85.686070,-1.859147
2026-08-05T15:57:49.241288,1785938269.241288,19.994862,-0.10537556558847427,0.7665621638298035,-0.09920276701450348,-0.6256515979766846,0.6839134693145752,0.570955753326416,-0.12272769212722778,-0.4372754991054535,98.711342,-80.459221,-74.016595,36.334670
2026-08-05T15:57:49.248999,1785938269.248999,20.002573,-0.10492616146802902,0.7670246362686157,-0.09262322634458542,-0.6261687278747559,0.675484836101532,0.5727752447128296,-0.10370410233736038,-0.45265254378318787,97.171552,-80.014124,-199.689102,57.722905
2026-08-05T15:57:49.282370,1785938269.282371,20.035945,-0.11015936732292175,0.7675836682319641,-0.09098193049430847,-0.6248243451118469,0.6661617159843445,0.575154185295105,-0.0852811262011528,-0.4670691192150116,96.222076,-80.366013,-28.451557,-10.544548
2026-08-05T15:57:49.293997,1785938269.293998,20.047572,-0.11326245963573456,0.7672442197799683,-0.0887092649936676,-0.6250130534172058,0.6569806933403015,0.5776249766349792,-0.06779003888368607,-0.47971901297569275,95.152026,-80.358568,-92.031765,0.640304
2026-08-05T15:57:49.299002,1785938269.299003,20.052577,-0.11329078674316406,0.7663608193397522,-0.08301655948162079,-0.6268708109855652,0.6487721800804138,0.5784339904785156,-0.049992918968200684,-0.4919445216655731,93.948917,-79.969096,-240.375718,77.814806
2026-08-05T15:57:49.315390,1785938269.315390,20.068964,-0.11284826695919037,0.7652854919433594,-0.07607131451368332,-0.6291417479515076,0.6412018537521362,0.5776606202125549,-0.03094443306326866,-0.5041933059692383,92.853902,-79.648106,-66.822236,19.588108
2026-08-05T15:57:49.349453,1785938269.349453,20.103027,-0.11358331888914108,0.764371395111084,-0.0729479193687439,-0.6304889917373657,0.6338438391685486,0.5759872794151306,-0.010631551034748554,-0.5161082744598389,92.033299,-79.820397,-24.090660,-5.058007
2026-08-05T15:57:49.360524,1785938269.360525,20.114099,-0.11660780757665634,0.763317346572876,-0.07301950454711914,-0.6312052011489868,0.6254536509513855,0.5742788910865784,0.01060534454882145,-0.5281091332435608,91.467418,-80.379870,-51.109589,-50.530789
2026-08-05T15:57:49.391502,1785938269.391502,20.145076,-0.11957226693630219,0.7614508271217346,-0.07418803125619888,-0.6327667832374573,0.6158136129379272,0.5739212036132812,0.031739041209220886,-0.5388699769973755,90.824315,-80.813882,-20.760485,-14.010657
2026-08-05T15:57:49.410211,1785938269.410211,20.161767,-0.12171893566846848,0.7608753442764282,-0.07534736394882202,-0.6329126954078674,0.6053684949874878,0.5747594833374023,0.05111485347151756,-0.5482407212257385,90.054283,-81.055095,-46.134650,-14.451751
2026-08-05T15:57:49.425962,1785938269.425963,20.178332,-0.12377084791660309,0.7610443830490112,-0.07368426024913788,-0.6325074434280396,0.5941992998123169,0.5756906867027283,0.06882350146770477,-0.5574684143066406,89.185935,-80.988047,-52.421894,4.047658
2026-08-05T15:57:49.441760,1785938269.441760,20.195334,-0.12410497665405273,0.7596441507339478,-0.06782703101634979,-0.6347762942314148,0.5835022926330566,0.5751524567604065,0.08713691681623459,-0.5666853189468384,88.170946,-80.527255,-59.696979,27.101719
2026-08-05T15:57:49.457940,1785938269.457941,20.211515,-0.12311840802431107,0.757463276386261,-0.06184842810034752,-0.638175904750824,0.5738481283187866,0.5726860761642456,0.10724668204784393,-0.5755234956741333,87.263660,-80.174717,-56.072776,21.787769
2026-08-05T15:57:49.477849,1785938269.477849,20.231424,-0.12368577718734741,0.7549648880958557,-0.060290392488241196,-0.6411689519882202,0.5645105242729187,0.5697529315948486,0.12841612100601196,-0.5832827687263489,86.802266,-80.415288,-23.175267,-12.083573
2026-08-05T15:57:49.481552,1785938269.481553,20.235127,-0.12458470463752747,0.7533425688743591,-0.05925789475440979,-0.6429968476295471,0.5548700094223022,0.5669786334037781,0.1500270664691925,-0.5900393724441528,86.477927,-80.806384,-87.585234,-105.612743
2026-08-05T15:57:49.491564,1785938269.491564,20.245138,-0.12327505648136139,0.7525496482849121,-0.05643346160650253,-0.6444302201271057,0.5448090434074402,0.5638797283172607,0.17216624319553375,-0.596306562423706,85.933870,-80.921808,-54.343638,-11.529150
2026-08-05T15:57:49.502645,1785938269.502646,20.255152,-0.11936399340629578,0.7533574104309082,-0.05206760764122009,-0.6445903182029724,0.5341212749481201,0.5606011152267456,0.19414514303207397,-0.6022859215736389,85.098530,-80.693926,-83.420714,22.757257
2026-08-05T15:57:49.512465,1785938269.512466,20.266040,-0.11865737289190292,0.7532646656036377,-0.04798062518239021,-0.6451461911201477,0.5235760807991028,0.5568574070930481,0.21580983698368073,-0.6076217293739319,84.710146,-80.793168,-35.669671,-9.114497
2026-08-05T15:57:49.545646,1785938269.545646,20.299220,-0.12310187518596649,0.7520674467086792,-0.04447800666093826,-0.6459606885910034,0.5139246582984924,0.5528292655944824,0.23666974902153015,-0.611758828163147,85.022583,-81.453986,9.416367,-19.916012
2026-08-05T15:57:49.562090,1785938269.562091,20.315665,-0.1251479536294937,0.7515271306037903,-0.03817594796419144,-0.6465991735458374,0.505640983581543,0.5481144785881042,0.25712883472442627,-0.6146401762962341,85.173846,-81.849779,9.198412,-24.068497
2026-08-05T15:57:49.599544,1785938269.599544,20.351418,-0.12688562273979187,0.7517991065979004,-0.03168053179979324,-0.6462952494621277,0.49954670667648315,0.5426866412162781,0.2772579789161682,-0.6156887412071228,85.598657,-82.468377,11.881668,-17.301748
2026-08-05T15:57:49.612805,1785938269.612806,20.366380,-0.12989389896392822,0.7534829378128052,-0.024247929453849792,-0.6440542936325073,0.49551481008529663,0.5370532274246216,0.2956005036830902,-0.6153530478477478,86.319711,-83.269399,48.193265,-53.538135
2026-08-05T15:57:49.631576,1785938269.631577,20.384126,-0.1353824883699417,0.753856360912323,-0.021334148943424225,-0.6425883173942566,0.49204111099243164,0.5318333506584167,0.311260461807251,-0.6149519085884094,87.422476,-84.455347,62.141688,-66.829093
2026-08-05T15:57:49.648068,1785938269.648068,20.401643,-0.14446531236171722,0.752941906452179,-0.02574026957154274,-0.641520619392395,0.4882963001728058,0.5278185606002808,0.3246767222881317,-0.6144587397575378,89.089243,-86.292108,95.153515,-104.858266
2026-08-05T15:57:49.650113,1785938269.650114,20.403688,-0.15358352661132812,0.7509430050849915,-0.03054078109562397,-0.6415349245071411,0.4840836524963379,0.5251227617263794,0.33661386370658875,-0.6136775612831116,90.598491,-87.965491,737.962839,-818.218076
2026-08-05T15:57:49.661853,1785938269.661854,20.415428,-0.15772397816181183,0.7512115240097046,-0.029436148703098297,-0.6402661204338074,0.48104357719421387,0.5215038061141968,0.34894755482673645,-0.6122635006904602,91.526236,-88.958581,79.024433,-84.590506
2026-08-05T15:57:49.679490,1785938269.679490,20.432141,-0.16092464327812195,0.7518237233161926,-0.028727881610393524,-0.6387816667556763,0.47940361499786377,0.5165316462516785,0.36099058389663696,-0.6107807159423828,92.585026,-90.059039,63.348942,-65.842006
2026-08-05T15:57:49.697292,1785938269.697292,20.449092,-0.16072021424770355,0.7530742287635803,-0.02649955451488495,-0.6374550461769104,0.4773687422275543,0.5124852657318115,0.37090060114860535,-0.6098448038101196,93.034592,-90.523588,26.521765,-27.405647
2026-08-05T15:57:49.713218,1785938269.713218,20.466231,-0.15998712182044983,0.7543126344680786,-0.024475082755088806,-0.636255145072937,0.4740191698074341,0.510852575302124,0.3769763708114624,-0.6101019978523254,92.983584,-90.465343,-2.976178,3.398387
2026-08-05T15:57:49.736359,1785938269.736360,20.489934,-0.16000968217849731,0.7548708319664001,-0.022717855870723724,-0.6356521248817444,0.47025594115257263,0.511475682258606,0.37981194257736206,-0.6107332110404968,92.670595,-90.139944,-13.204805,13.728374
2026-08-05T15:57:49.754239,1785938269.754240,20.507814,-0.16079823672771454,0.7554540038108826,-0.022036397829651833,-0.6347836256027222,0.46817928552627563,0.5115860104560852,0.381824791431427,-0.6109810471534729,92.641101,-90.096650,-1.649571,2.421381
2026-08-05T15:57:49.764130,1785938269.764130,20.517155,-0.16260239481925964,0.7555994987487793,-0.023234594613313675,-0.6341080069541931,0.46797242760658264,0.5113925933837891,0.38337376713752747,-0.610331118106842,92.989377,-90.465150,37.284696,-39.449682
2026-08-05T15:57:49.778799,1785938269.778799,20.532373,-0.16357402503490448,0.7553960084915161,-0.024968445301055908,-0.6340347528457642,0.4686269164085388,0.5113762021064758,0.38384637236595154,-0.6095452308654785,93.288837,-90.804912,19.677067,-22.325247
2026-08-05T15:57:49.786273,1785938269.786273,20.539848,-0.16288217902183533,0.7557317614555359,-0.02647894248366356,-0.6337513327598572,0.46950969099998474,0.5121279358863831,0.3824964761734009,-0.6090830564498901,93.302926,-90.856576,1.884991,-6.912345
2026-08-05T15:57:49.801908,1785938269.801908,20.555482,-0.16045010089874268,0.7559362649917603,-0.026970360428094864,-0.6341071724891663,0.4705781042575836,0.5139269232749939,0.3790666460990906,-0.6088873744010925,92.919040,-90.505903,-24.553753,22.429383
2026-08-05T15:57:49.814790,1785938269.814791,20.568365,-0.15656013786792755,0.7564756274223328,-0.02735963650047779,-0.6344195604324341,0.4721919596195221,0.5162728428840637,0.3738369643688202,-0.60888671875,92.314440,-89.931708,-46.930186,44.570126
2026-08-05T15:57:49.840246,1785938269.840246,20.593820,-0.1514112949371338,0.7577693462371826,-0.028348412364721298,-0.6340820789337158,0.4741228222846985,0.519545316696167,0.36658284068107605,-0.6090133190155029,91.517806,-89.170237,-31.295489,29.914140
2026-08-05T15:57:49.848803,1785938269.848803,20.602377,-0.14500193297863007,0.7594335675239563,-0.029308654367923737,-0.6335447430610657,0.4760132133960724,0.5244103670120239,0.35672900080680847,-0.6092206239700317,90.382233,-88.070259,-132.705696,128.545908
2026-08-05T15:57:49.873272,1785938269.873273,20.626847,-0.1383237987756729,0.7617450952529907,-0.03044319897890091,-0.6322084665298462,0.4781504273414612,0.5305171012878418,0.3446459174156189,-0.6092151999473572,89.100278,-86.811718,-52.389688,51.432794
2026-08-05T15:57:49.892058,1785938269.892059,20.645633,-0.13271024823188782,0.7636143565177917,-0.032382190227508545,-0.6310590505599976,0.48136457800865173,0.5368770956993103,0.33125171065330505,-0.6085423827171326,87.992818,-85.721132,-58.952202,58.054024
2026-08-05T15:57:49.908796,1785938269.908796,20.662370,-0.12840116024017334,0.7651761770248413,-0.03516053408384323,-0.629909336566925,0.48578524589538574,0.5429971814155579,0.3172394931316376,-0.6070634722709656,87.169992,-84.902031,-49.160753,48.938164
2026-08-05T15:57:49.925713,1785938269.925714,20.677265,-0.12673945724964142,0.7652541995048523,-0.03873978182673454,-0.6299411058425903,0.49101364612579346,0.5488851070404053,0.30262210965156555,-0.6050212979316711,86.694192,-84.399507,-31.943711,33.737870
2026-08-05T15:57:49.931961,1785938269.931962,20.685536,-0.1262637972831726,0.7645126581192017,-0.042621977627277374,-0.6306856274604797,0.49623948335647583,0.5552030801773071,0.2868698239326477,-0.6026623845100403,86.283369,-83.921921,-49.671776,57.744022
2026-08-05T15:57:49.949405,1785938269.949405,20.702980,-0.1258101463317871,0.7644098401069641,-0.046416025608778,-0.6306332945823669,0.5012285113334656,0.5621706247329712,0.26970574259757996,-0.5999943017959595,85.802924,-83.325652,-27.542699,34.182602
2026-08-05T15:57:49.963842,1785938269.963842,20.717416,-0.1254092901945114,0.765163242816925,-0.049241963773965836,-0.6295841932296753,0.5062889456748962,0.5694114565849304,0.2511824667453766,-0.5969501733779907,85.274001,-82.603926,-36.637354,49.992352
2026-08-05T15:57:49.999389,1785938269.999389,20.751163,-0.1255790740251541,0.7662076354026794,-0.05186514928936958,-0.6280676126480103,0.5116453170776367,0.5767930150032043,0.23134006559848785,-0.5933048725128174,84.821777,-81.885834,-13.400712,21.279158
2026-08-05T15:57:50.009308,1785938270.009309,20.762883,-0.1256251484155655,0.7667960524559021,-0.05415390431880951,-0.6271464228630066,0.5181773900985718,0.5840027928352356,0.2104165405035019,-0.5883519053459167,84.485770,-81.200810,-28.668548,58.447123
2026-08-05T15:57:50.022271,1785938270.022271,20.775845,-0.12474022060632706,0.7664020657539368,-0.055787935853004456,-0.6276611685752869,0.5264619588851929,0.5902292728424072,0.18935638666152954,-0.581903338432312,84.306046,-80.573549,-13.865275,48.391918
2026-08-05T15:57:50.032223,1785938270.032223,20.785232,-0.12430509924888611,0.765691876411438,-0.05898492410778999,-0.6283218860626221,0.5366004705429077,0.5947632193565369,0.16904385387897491,-0.5742307901382446,84.616770,-80.393945,33.101417,19.133253
2026-08-05T15:57:50.056903,1785938270.056903,20.810477,-0.12642772495746613,0.7637771964073181,-0.06444815546274185,-0.6296905279159546,0.5482615232467651,0.5976210236549377,0.14945803582668304,-0.5656153559684753,85.611281,-80.842879,39.393718,-17.782794
2026-08-05T15:57:50.066129,1785938270.066129,20.819703,-0.1288072168827057,0.7613313794136047,-0.0694226622581482,-0.63163822889328,0.5597710609436035,0.6002617478370667,0.12935017049312592,-0.5564267635345459,86.666441,-81.234840,114.370011,-42.485139
2026-08-05T15:57:50.141392,1785938270.141392,20.894967,-0.1288086622953415,0.7598211169242859,-0.07270794361829758,-0.633085310459137,0.5697393417358398,0.6043312549591064,0.10722511261701584,-0.5465195775032043,87.229802,-81.001191,7.485202,3.104418
2026-08-05T15:57:50.159893,1785938270.159893,20.913467,-0.1275973916053772,0.7587272524833679,-0.07591623067855835,-0.6342648863792419,0.5794038772583008,0.6087111234664917,0.08383790403604507,-0.5354748964309692,87.695647,-80.553588,25.179692,24.193731
2026-08-05T15:57:50.164229,1785938270.164229,20.917803,-0.12500032782554626,0.7576821446418762,-0.07801301777362823,-0.6357749700546265,0.589838445186615,0.611831784248352,0.060431189835071564,-0.5235462784767151,88.223095,-80.017838,121.647301,123.561989
2026-08-05T15:57:50.180555,1785938270.180555,20.934129,-0.12221679836511612,0.7567851543426514,-0.08066641539335251,-0.6370522379875183,0.6014460325241089,0.6129139065742493,0.03822248429059982,-0.5110172033309937,89.074043,-79.767180,52.122410,15.353318
2026-08-05T15:57:50.197288,1785938270.198567,20.950863,-0.11947866529226303,0.7550385594367981,-0.08327490836381912,-0.6393045783042908,0.6137612462043762,0.6123633980751038,0.017117856070399284,-0.4980114698410034,90.182323,-79.675744,66.229718,5.464140
2026-08-05T15:57:50.215862,1785938270.215862,20.967415,-0.1165580004453659,0.7525796294212341,-0.08600690960884094,-0.6423738598823547,0.6255238056182861,0.6117183566093445,-0.0036810822784900665,-0.48425954580307007,91.330692,-79.511184,69.379555,9.942008
2026-08-05T15:57:50.230899,1785938270.230899,20.984473,-0.11398184299468994,0.7496493458747864,-0.08912520855665207,-0.6458283066749573,0.6361905336380005,0.6120479702949524,-0.025194579735398293,-0.4690675735473633,92.503899,-79.216374,68.777992,17.282915
2026-08-05T15:57:50.248717,1785938270.248717,21.001780,-0.11099938303232193,0.747473418712616,-0.09199798107147217,-0.6484614610671997,0.6458194851875305,0.6130803823471069,-0.04740779101848602,-0.4525509476661682,93.623468,-78.750435,64.687734,26.921548
2026-08-05T15:57:50.256825,1785938270.256826,21.010400,-0.10738377273082733,0.7462030649185181,-0.09471474587917328,-0.650140106678009,0.6552460193634033,0.6130916476249695,-0.06972228735685349,-0.4357869625091553,94.772407,-78.251120,133.294597,57.928227
2026-08-05T15:57:50.268126,1785938270.268127,21.021701,-0.10486952215433121,0.7444477677345276,-0.09737751632928848,-0.6521661281585693,0.6653890013694763,0.6109247207641602,-0.09156244993209839,-0.41910019516944885,96.288044,-78.018041,134.111961,20.624136
2026-08-05T15:57:50.280133,1785938270.280133,21.033708,-0.10255047678947449,0.7413597106933594,-0.09969097375869751,-0.655693769454956,0.675464928150177,0.607361912727356,-0.11279412358999252,-0.4026615023612976,97.967900,-77.766852,139.911971,20.921076
2026-08-05T15:57:50.295554,1785938270.295555,21.048559,-0.10076692700386047,0.7363973259925842,-0.10414402186870575,-0.6608496904373169,0.6840589046478271,0.6045156121253967,-0.13334164023399353,-0.38580355048179626,99.657106,-77.390230,113.741080,25.359486
2026-08-05T15:57:50.302668,1785938270.302669,21.056243,-0.09847209602594376,0.730998694896698,-0.10863001644611359,-0.6664435863494873,0.6911142468452454,0.602885365486145,-0.15367114543914795,-0.3677982687950134,101.239820,-76.715931,205.981807,87.756366
2026-08-05T15:57:50.312330,1785938270.312330,21.065905,-0.09569107741117477,0.7282878160476685,-0.11200018972158432,-0.669252872467041,0.6966474652290344,0.6024271845817566,-0.17372696101665497,-0.3486873507499695,102.651214,-75.951150,146.078086,79.154196
2026-08-05T15:57:50.346334,1785938270.346334,21.099908,-0.09292007982730865,0.726629912853241,-0.11641094833612442,-0.6706912517547607,0.7016985416412354,0.6013594269752502,-0.19300223886966705,-0.32975202798843384,104.039167,-75.290971,40.817680,19.414901
2026-08-05T15:57:50.365049,1785938270.365049,21.118623,-0.09095797687768936,0.7229613661766052,-0.12019194662570953,-0.6742483377456665,0.7079085111618042,0.5973936915397644,-0.2106228917837143,-0.31244930624961853,105.760177,-74.832338,91.958152,24.505993
2026-08-05T15:57:50.381462,1785938270.381462,21.135036,-0.09003389626741409,0.7182985544204712,-0.12414803355932236,-0.6786248683929443,0.7153401374816895,0.5907073020935059,-0.22632835805416107,-0.29686543345451355,107.763064,-74.750926,122.030688,4.960217
2026-08-05T15:57:50.389985,1785938270.389986,21.143560,-0.08957678079605103,0.7123689651489258,-0.12918731570243835,-0.683974027633667,0.7211109399795532,0.5852837562561035,-0.24096250534057617,-0.2817431092262268,109.635879,-74.446413,219.730863,35.727444
2026-08-05T15:57:50.399857,1785938270.399857,21.152441,-0.0888250544667244,0.7080460786819458,-0.13302794098854065,-0.6878135800361633,0.7243830561637878,0.5828244686126709,-0.25496238470077515,-0.26566755771636963,111.199702,-73.858226,176.075053,66.225607
2026-08-05T15:57:50.415087,1785938270.415088,21.168662,-0.08773498237133026,0.703711748123169,-0.13460269570350647,-0.6920819282531738,0.7261901497840881,0.5820326209068298,-0.2685776948928833,-0.24849919974803925,112.715829,-72.962922,93.468024,55.194765
2026-08-05T15:57:50.426055,1785938270.426055,21.179630,-0.08743510395288467,0.6994299292564392,-0.1377624124288559,-0.6958286762237549,0.7282020449638367,0.5802755355834961,-0.28100666403770447,-0.2324598729610443,114.270862,-72.316116,141.785667,58.974878
2026-08-05T15:57:50.442602,1785938270.442602,21.194323,-0.08751320838928223,0.69399493932724,-0.14141960442066193,-0.7005112171173096,0.7318405508995056,0.5754956007003784,-0.29186561703681946,-0.21915476024150848,115.970120,-71.946875,115.645022,25.129137
2026-08-05T15:57:50.449860,1785938270.449860,21.203434,-0.08716565370559692,0.6896358728408813,-0.14413432776927948,-0.7042959928512573,0.7370129823684692,0.5684410333633423,-0.3008447289466858,-0.20779640972614288,117.672398,-71.986871,186.834302,-4.389857
2026-08-05T15:57:50.499427,1785938270.499428,21.253002,-0.08576373755931854,0.6852033734321594,-0.14797376096248627,-0.7079887390136719,0.7409598231315613,0.5629465579986572,-0.30874261260032654,-0.19684471189975739,119.040454,-71.704061,27.599870,5.705559
2026-08-05T15:57:50.515917,1785938270.515918,21.269492,-0.08485271781682968,0.6807506084442139,-0.15179131925106049,-0.7115767002105713,0.742301344871521,0.5609721541404724,-0.3165353834629059,-0.1846741884946823,120.217927,-71.037038,71.405340,40.450235
2026-08-05T15:57:50.531857,1785938270.531858,21.285432,-0.08389266580343246,0.6776650547981262,-0.15498176217079163,-0.7139439582824707,0.7417746782302856,0.5613621473312378,-0.32435300946235657,-0.17157545685768127,121.194011,-70.160091,61.235076,55.015667
2026-08-05T15:57:50.542862,1785938270.542863,21.294413,-0.08406779170036316,0.6736273169517517,-0.1572568118572235,-0.7172394394874573,0.7421213388442993,0.559991180896759,-0.3320421278476715,-0.1594175547361374,122.447227,-69.492254,139.544719,74.363115
2026-08-05T15:57:50.548611,1785938270.548611,21.302185,-0.08466632664203644,0.6702654957771301,-0.15845003724098206,-0.7200503945350647,0.74418705701828,0.5558425188064575,-0.3388090133666992,-0.14977726340293884,123.790477,-69.308092,172.816768,23.693458
2026-08-05T15:57:50.556949,1785938270.556950,21.310524,-0.0846637710928917,0.6679864525794983,-0.1613444685935974,-0.7215243577957153,0.7469313740730286,0.5507695078849792,-0.34418240189552307,-0.14242537319660187,124.843050,-69.340161,126.231174,-3.845866
2026-08-05T15:57:50.567003,1785938270.567004,21.320578,-0.08377872407436371,0.6650475859642029,-0.16333407163619995,-0.7238910794258118,0.7490243315696716,0.5470710396766663,-0.3486088812351227,-0.13471443951129913,125.801481,-69.091921,95.325085,24.689800
2026-08-05T15:57:50.596881,1785938270.596882,21.350456,-0.08159512281417847,0.6625483632087708,-0.16584154963493347,-0.7258592247962952,0.7492480278015137,0.5464612245559692,-0.3524554371833801,-0.1256292313337326,126.440482,-68.365356,21.387228,24.317990
2026-08-05T15:57:50.613242,1785938270.613243,21.366817,-0.07866460829973221,0.6597658395767212,-0.16946987807750702,-0.7278763055801392,0.7481406331062317,0.5477222800254822,-0.35626667737960815,-0.11558673530817032,126.894082,-67.191340,27.724058,71.755965
2026-08-05T15:57:50.649888,1785938270.649888,21.401443,-0.07721937447786331,0.6558616161346436,-0.1693202704191208,-0.7315850853919983,0.747937798500061,0.5470110177993774,-0.36090654134750366,-0.10542634129524231,127.888616,-66.247599,28.722571,27.255639
2026-08-05T15:57:50.661870,1785938270.661870,21.415445,-0.07821820676326752,0.6517158150672913,-0.16836410760879517,-0.7353947162628174,0.7496662139892578,0.542174756526947,-0.36705055832862854,-0.09654577076435089,129.381610,-65.939820,106.626563,21.980928
2026-08-05T15:57:50.679172,1785938270.679172,21.431753,-0.08053058385848999,0.6484982371330261,-0.16737809777259827,-0.7382091283798218,0.7522197365760803,0.5353913307189941,-0.37349480390548706,-0.08957333862781525,130.928413,-66.102688,94.844747,-9.986518
2026-08-05T15:57:50.695598,1785938270.695598,21.449172,-0.08334767818450928,0.646162748336792,-0.166722372174263,-0.7400903701782227,0.7539184093475342,0.5300566554069519,-0.37909460067749023,-0.08327265828847885,132.280693,-66.391237,77.633098,-16.565334
2026-08-05T15:57:50.712316,1785938270.712317,21.465891,-0.08604299277067184,0.6439834237098694,-0.1664288341999054,-0.7417455315589905,0.7540653347969055,0.5280315279960632,-0.38286274671554565,-0.07735941559076309,133.310680,-66.525560,61.608063,-8.034433
2026-08-05T15:57:50.722857,1785938270.723950,21.476432,-0.08914558589458466,0.6418927311897278,-0.16660870611667633,-0.7431498169898987,0.7533345818519592,0.5285081267356873,-0.38445377349853516,-0.0732232853770256,134.021601,-66.726617,67.443613,-19.073892
2026-08-05T15:57:50.739849,1785938270.739850,21.493424,-0.09182173758745193,0.6416484713554382,-0.16754287481307983,-0.7428246736526489,0.7528542280197144,0.5293759703636169,-0.3844553530216217,-0.0718754231929779,134.296531,-67.223980,16.179674,-29.269843
2026-08-05T15:57:50.758756,1785938270.758756,21.510213,-0.09299029409885406,0.6435509920120239,-0.16777990758419037,-0.7409777045249939,0.753079891204834,0.5297607779502869,-0.3830462694168091,-0.07416119426488876,134.076369,-67.875523,-13.113333,-38.807257
2026-08-05T15:57:50.764872,1785938270.764872,21.518446,-0.0937916710972786,0.6467751860618591,-0.16731561720371246,-0.7381690144538879,0.7535966038703918,0.530153214931488,-0.3803383708000183,-0.07982786744832993,133.496582,-68.686894,-70.421712,-98.550264
2026-08-05T15:57:50.781381,1785938270.781381,21.534955,-0.09521476179361343,0.6503623127937317,-0.1666940152645111,-0.734968900680542,0.7538526654243469,0.5314077734947205,-0.37625959515571594,-0.08798222988843918,132.691884,-69.629107,-48.742816,-57.072489
2026-08-05T15:57:50.798194,1785938270.798194,21.551768,-0.0964599996805191,0.6549789905548096,-0.16593524813652039,-0.7308670878410339,0.7531381845474243,0.5343511700630188,-0.37132295966148376,-0.096804179251194,131.627144,-70.491786,-63.328212,-51.310127
2026-08-05T15:57:50.806936,1785938270.806936,21.560510,-0.09785915911197662,0.6610819697380066,-0.16569682955741882,-0.7252187132835388,0.7512845993041992,0.5390735864639282,-0.3657222092151642,-0.10591703653335571,130.297607,-71.354198,-152.088637,-98.653166
2026-08-05T15:57:50.815149,1785938270.815149,21.568723,-0.09875096380710602,0.6680836081504822,-0.16658629477024078,-0.7184462547302246,0.7487621307373047,0.5447198748588562,-0.35905662178993225,-0.11710681766271591,128.566114,-72.053029,-210.816226,-85.085549
2026-08-05T15:57:50.859115,1785938270.859115,21.612689,-0.10021815448999405,0.6737782955169678,-0.1641133725643158,-0.7134770154953003,0.747528612613678,0.5481449365615845,-0.3509363532066345,-0.13259677588939667,126.947279,-72.917763,-36.820331,-19.668304
2026-08-05T15:57:50.866537,1785938270.866538,21.620112,-0.1026875227689743,0.6803141832351685,-0.16007743775844574,-0.707818329334259,0.748020589351654,0.5484424829483032,-0.3415081202983856,-0.1518171727657318,125.428743,-74.371221,-204.573752,-195.806717
2026-08-05T15:57:50.883093,1785938270.883093,21.636667,-0.10478278994560242,0.6893576979637146,-0.156979039311409,-0.6994050145149231,0.7479182481765747,0.5492017865180969,-0.3308280110359192,-0.17189714312553406,123.621486,-75.949211,-109.164789,-95.316247
2026-08-05T15:57:50.907777,1785938270.907777,21.661351,-0.10643867403268814,0.6980177760124207,-0.15197111666202545,-0.6916285753250122,0.7455759644508362,0.5533154010772705,-0.3188321590423584,-0.19053737819194794,121.699769,-77.043955,-77.852885,-44.350432
2026-08-05T15:57:50.924974,1785938270.924975,21.678549,-0.1076171025633812,0.7058401107788086,-0.14734148979187012,-0.6844722032546997,0.7417054772377014,0.5595322251319885,-0.30549442768096924,-0.2084944248199463,119.623877,-77.747093,-120.709892,-40.886377
2026-08-05T15:57:50.936313,1785938270.936313,21.689887,-0.10677117854356766,0.7115552425384521,-0.14478394389152527,-0.679212749004364,0.7385322451591492,0.5641224384307861,-0.289819598197937,-0.22878092527389526,117.348700,-78.133581,-200.659865,-34.086458
2026-08-05T15:57:50.945347,1785938270.945347,21.697140,-0.10440710186958313,0.7175325751304626,-0.13560670614242554,-0.675174355506897,0.7376619577407837,0.5640155076980591,-0.2726157307624817,-0.25183749198913574,115.355013,-78.681670,-274.880136,-75.567886
2026-08-05T15:57:50.961353,1785938270.961353,21.711854,-0.10514640063047409,0.7241511940956116,-0.12470029294490814,-0.6700764894485474,0.7367293834686279,0.5619226098060608,-0.2557872533798218,-0.27576401829719543,113.795992,-79.669101,-105.960105,-67.111544
2026-08-05T15:57:50.979282,1785938270.979283,21.732857,-0.10878755152225494,0.7301673293113708,-0.11821891367435455,-0.6641148924827576,0.731942892074585,0.5644633173942566,-0.2398829162120819,-0.29681164026260376,112.164650,-80.409337,-77.670081,-35.243484
2026-08-05T15:57:50.993909,1785938270.993910,21.745144,-0.11322149634361267,0.7343679666519165,-0.1137702539563179,-0.6595031023025513,0.7239399552345276,0.5712763071060181,-0.22418327629566193,-0.31511348485946655,110.376202,-80.620338,-145.554457,-17.172457
2026-08-05T15:57:50.999988,1785938270.999989,21.753563,-0.11495843529701233,0.7380428314208984,-0.1150817796587944,-0.6548563838005066,0.7154380083084106,0.577376663684845,-0.20692385733127594,-0.33461517095565796,108.136649,-80.570508,-266.025577,5.919012
2026-08-05T15:57:51.014103,1785938271.014104,21.767678,-0.1147596463561058,0.7429702877998352,-0.11879383772611618,-0.6486268043518066,0.7101691365242004,0.5776747465133667,-0.18736374378204346,-0.3561554551124573,106.121918,-81.158000,-142.733530,-41.620848
2026-08-05T15:57:51.046916,1785938271.046916,21.800490,-0.11856740713119507,0.7474756240844727,-0.1165195107460022,-0.6431551575660706,0.707541286945343,0.5740222334861755,-0.16738682985305786,-0.37665024399757385,105.265212,-82.596296,-26.109249,-43.833958
2026-08-05T15:57:51.062106,1785938271.062107,21.815681,-0.12771724164485931,0.7487033605575562,-0.11496321856975555,-0.6402487754821777,0.7029202580451965,0.5727046728134155,-0.1491665095090866,-0.394540399312973,104.999859,-84.118796,-17.468482,-100.228047
2026-08-05T15:57:51.079587,1785938271.079587,21.833161,-0.13072502613067627,0.7494209408760071,-0.10960740596055984,-0.6397411227226257,0.6956971287727356,0.5738954544067383,-0.1313597559928894,-0.4115753471851349,103.828102,-84.210912,-67.031836,-5.269613
2026-08-05T15:57:51.095961,1785938271.095962,21.849536,-0.12988866865634918,0.74955815076828,-0.10311301052570343,-0.6408295035362244,0.687597930431366,0.5753925442695618,-0.11218971014022827,-0.42842286825180054,102.180990,-83.684397,-100.590966,32.154907
2026-08-05T15:57:51.131332,1785938271.131332,21.884325,-0.12675006687641144,0.7503657937049866,-0.09488821774721146,-0.6417827606201172,0.681325376033783,0.573592483997345,-0.09095311909914017,-0.4455500841140747,100.621738,-83.285787,-44.819843,11.457828
2026-08-05T15:57:51.140508,1785938271.140508,21.892922,-0.12435003370046616,0.7537078261375427,-0.08992449194192886,-0.6390448212623596,0.6744046211242676,0.5712141394615173,-0.06890002638101578,-0.46275901794433594,99.130031,-83.306241,-173.516965,-2.379297
2026-08-05T15:57:51.156858,1785938271.156858,21.910433,-0.12476671487092972,0.7548784017562866,-0.08878675103187561,-0.6377397179603577,0.6648645401000977,0.5705647468566895,-0.04611778259277344,-0.4798794984817505,97.722338,-83.411585,-80.390640,-6.015988
2026-08-05T15:57:51.174668,1785938271.174668,21.926449,-0.12586036324501038,0.7521173357963562,-0.08786305040121078,-0.6409071087837219,0.6527035236358643,0.5729966759681702,-0.023899834603071213,-0.49505749344825745,96.144050,-83.003474,-98.542932,25.481058
2026-08-05T15:57:51.190300,1785938271.190300,21.943874,-0.12834975123405457,0.7518771290779114,-0.08810335397720337,-0.6406623721122742,0.6410896182060242,0.5754088759422302,-0.003627331228926778,-0.5078343152999878,94.932898,-83.018785,-69.505407,-0.878662
2026-08-05T15:57:51.222685,1785938271.222685,21.976259,-0.1328917294740677,0.7540425658226013,-0.0857519879937172,-0.6375024318695068,0.6310737729072571,0.5762804746627808,0.0147771080955863,-0.5190651416778564,94.263868,-83.421908,-20.658569,-12.447798
2026-08-05T15:57:51.235972,1785938271.235972,21.989547,-0.13510453701019287,0.7522901296615601,-0.08064866811037064,-0.6397697925567627,0.6222672462463379,0.5744860768318176,0.03420289605855942,-0.5306406617164612,93.554364,-83.423293,-53.397107,-0.104193
2026-08-05T15:57:51.249346,1785938271.249346,22.002920,-0.13506904244422913,0.7482008337974548,-0.07353421300649643,-0.6454052925109863,0.6148566007614136,0.5712326169013977,0.055538713932037354,-0.5408884882926941,92.841748,-83.271642,-53.285223,11.339575
2026-08-05T15:57:51.259031,1785938271.259032,22.012606,-0.13453251123428345,0.7481863498687744,-0.0678214430809021,-0.6461594104766846,0.606639564037323,0.5692211985588074,0.07685982435941696,-0.549607515335083,92.074459,-83.298185,-79.218375,-2.740473
2026-08-05T15:57:51.278452,1785938271.278453,22.032027,-0.13666243851184845,0.7497392892837524,-0.06913653761148453,-0.6437686085700989,0.5975277423858643,0.568082869052887,0.09702558070421219,-0.5575200915336609,91.712796,-83.957907,-18.622393,-33.969749
2026-08-05T15:57:51.295799,1785938271.295799,22.049373,-0.13780124485492706,0.7505471706390381,-0.06906504184007645,-0.6425909996032715,0.5889605283737183,0.5657812356948853,0.11623452603816986,-0.5652492642402649,91.357427,-84.419058,-20.486603,-26.584818
2026-08-05T15:57:51.311429,1785938271.311430,22.065004,-0.1387130320072174,0.7500510215759277,-0.06730480492115021,-0.6431606411933899,0.5801498293876648,0.5629265308380127,0.13455134630203247,-0.5730933547019958,90.939912,-84.619445,-26.710758,-12.819915
2026-08-05T15:57:51.328262,1785938271.328263,22.081837,-0.14109979569911957,0.7485836148262024,-0.06546501815319061,-0.6445397138595581,0.5716617703437805,0.560197114944458,0.15189282596111298,-0.5799229145050049,90.739093,-84.919560,-11.930399,-17.829384
2026-08-05T15:57:51.339373,1785938271.339373,22.092947,-0.1482875794172287,0.7450996041297913,-0.0650230348110199,-0.6470028758049011,0.563027024269104,0.5582994222640991,0.1680162400007248,-0.5857241153717041,91.059649,-85.634017,28.850873,-64.303008
2026-08-05T15:57:51.349405,1785938271.349406,22.101977,-0.15457135438919067,0.7429526448249817,-0.0650980994105339,-0.6479931473731995,0.554029643535614,0.556874692440033,0.18368254601955414,-0.590933620929718,91.297273,-86.289205,26.316026,-72.559876
2026-08-05T15:57:51.375576,1785938271.375576,22.129151,-0.15567202866077423,0.7433329820632935,-0.06297148764133453,-0.6475033164024353,0.5456454753875732,0.5546215772628784,0.19963334500789642,-0.5956615209579468,91.074240,-86.481967,-8.207704,-7.093721
2026-08-05T15:57:51.381765,1785938271.381766,22.135340,-0.15447762608528137,0.7450721263885498,-0.060556985437870026,-0.6460191607475281,0.5376352071762085,0.5514861941337585,0.21560324728488922,-0.6002721190452576,90.732222,-86.542113,-55.259267,-9.717685
2026-08-05T15:57:51.398401,1785938271.398401,22.151976,-0.15553420782089233,0.7449405193328857,-0.060773514211177826,-0.6458969712257385,0.5286837816238403,0.5492366552352905,0.2303556352853775,-0.6047884821891785,90.574897,-86.755992,-9.457068,-12.856673
2026-08-05T15:57:51.432212,1785938271.432212,22.185786,-0.15981265902519226,0.7434155941009521,-0.06093291938304901,-0.6465941667556763,0.5193464756011963,0.5473963618278503,0.24398742616176605,-0.6091852784156799,90.668077,-87.116052,2.755935,-10.649318
2026-08-05T15:57:51.440681,1785938271.440682,22.194256,-0.16565139591693878,0.740472674369812,-0.06165023148059845,-0.6484310030937195,0.510987401008606,0.5442237854003906,0.2578530013561249,-0.6133713126182556,91.119034,-87.778752,53.244261,-78.244714
2026-08-05T15:57:51.452174,1785938271.452175,22.203444,-0.17330381274223328,0.736357569694519,-0.0653744786977768,-0.650748074054718,0.5041775703430176,0.5394392609596252,0.2726220488548279,-0.6168369054794312,92.196178,-89.087913,117.228612,-142.479545
2026-08-05T15:57:51.462795,1785938271.462795,22.216369,-0.18140681087970734,0.7332172989845276,-0.07032625377178192,-0.6515688300132751,0.4985441267490387,0.5334073901176453,0.28804633021354675,-0.6196447610855103,93.662890,-90.783166,113.477373,-131.159260
2026-08-05T15:57:51.477873,1785938271.477873,22.231447,-0.1898668110370636,0.7308924794197083,-0.07543753832578659,-0.65119868516922,0.49320000410079956,0.5265142917633057,0.304182767868042,-0.6221006512641907,95.348305,-92.668124,111.781012,-125.015242
2026-08-05T15:57:51.495158,1785938271.495158,22.248732,-0.19483233988285065,0.7293198108673096,-0.07835719734430313,-0.6511501669883728,0.48809537291526794,0.5185864567756653,0.3223586976528168,-0.6236311793327332,96.798515,-94.304156,83.899340,-94.649798
2026-08-05T15:57:51.513786,1785938271.513787,22.265343,-0.19532041251659393,0.729763925075531,-0.0776107981801033,-0.6505957245826721,0.482835590839386,0.509951651096344,0.34181681275367737,-0.624484121799469,97.766811,-95.409794,58.294664,-66.563047
2026-08-05T15:57:51.545971,1785938271.545971,22.297413,-0.1942148208618164,0.7299530506134033,-0.07441169023513794,-0.6510881781578064,0.47683438658714294,0.5024071335792542,0.3605417013168335,-0.6246805191040039,98.309589,-96.039838,16.924576,-19.645669
2026-08-05T15:57:51.552544,1785938271.552545,22.306119,-0.1937229484319687,0.729299783706665,-0.06827821582555771,-0.652636706829071,0.4709687829017639,0.4963379204273224,0.37655961513519287,-0.6245318055152893,98.520815,-96.252249,24.261832,-24.397935
2026-08-05T15:57:51.612344,1785938271.612344,22.364855,-0.19439280033111572,0.7297797799110413,-0.06282825767993927,-0.6524485349655151,0.4646846652030945,0.4918517470359802,0.3890930116176605,-0.6251053810119629,98.612762,-96.292769,1.565435,-0.689877
2026-08-05T15:57:51.630086,1785938271.630087,22.383661,-0.1966920644044876,0.7321260571479797,-0.06020716577768326,-0.6493706703186035,0.45991215109825134,0.48834705352783203,0.39815735816955566,-0.6256746053695679,99.008416,-96.609866,21.038484,-16.861253
2026-08-05T15:57:51.635258,1785938271.635259,22.388833,-0.2002839744091034,0.7332008481025696,-0.05878198891878128,-0.6471871137619019,0.4564553201198578,0.48459386825561523,0.4060109853744507,-0.6260770559310913,99.637812,-97.157532,121.692607,-105.890214
2026-08-05T15:57:51.645368,1785938271.645369,22.398943,-0.20377536118030548,0.7332834005355835,-0.05710967630147934,-0.6461524367332458,0.4534294903278351,0.48187255859375,0.4126955568790436,-0.6260056495666504,100.136238,-97.591515,49.300789,-42.926590
2026-08-05T15:57:51.661154,1785938271.661155,22.414729,-0.2064664512872696,0.7332828044891357,-0.05601675808429718,-0.6453940868377686,0.4502752423286438,0.4806767702102661,0.41720643639564514,-0.6262116432189941,100.373575,-97.783578,15.034951,-12.166879
2026-08-05T15:57:51.678181,1785938271.678182,22.431756,-0.20811818540096283,0.7341136932373047,-0.0560707226395607,-0.643912672996521,0.4468305706977844,0.4805351793766022,0.41960111260414124,-0.6271868348121643,100.401603,-97.771005,1.646051,0.738373
2026-08-05T15:57:51.697252,1785938271.697253,22.448719,-0.2088608294725418,0.734743058681488,-0.056394949555397034,-0.6429251432418823,0.44386544823646545,0.4810534417629242,0.42037591338157654,-0.6283750534057617,100.261991,-97.604546,-8.230497,9.813212
2026-08-05T15:57:51.712416,1785938271.712416,22.465991,-0.21007798612117767,0.7345742583274841,-0.05716490000486374,-0.6426534056663513,0.4422929286956787,0.48205092549324036,0.4199734926223755,-0.6289882659912109,100.207592,-97.549864,-3.149526,3.165956
2026-08-05T15:57:51.731348,1785938271.731349,22.484923,-0.2100508064031601,0.734561026096344,-0.057995859533548355,-0.6426030397415161,0.44216206669807434,0.4832026958465576,0.4187588691711426,-0.6290064454078674,100.120851,-97.486738,-4.581718,3.334322
2026-08-05T15:57:51.746953,1785938271.746953,22.500528,-0.20878735184669495,0.7353426218032837,-0.05964883416891098,-0.6419693827629089,0.4431397616863251,0.48437926173210144,0.4168206751346588,-0.6287004947662354,100.057190,-97.465490,-4.079504,1.361594
2026-08-05T15:57:51.761660,1785938271.761660,22.514492,-0.20704621076583862,0.7353863716125488,-0.062111470848321915,-0.6422492265701294,0.4448869228363037,0.4857468008995056,0.4139423072338104,-0.6283131837844849,99.979971,-97.461457,-5.529834,0.288821
2026-08-05T15:57:51.778368,1785938271.778368,22.531156,-0.20458224415779114,0.735487163066864,-0.06476456671953201,-0.642661452293396,0.4464285671710968,0.48815667629241943,0.4088478684425354,-0.6286875605583191,99.630422,-97.182819,-20.975936,16.720683
2026-08-05T15:57:51.795053,1785938271.795053,22.548627,-0.20096920430660248,0.7356153726577759,-0.0680779442191124,-0.6433117985725403,0.44744884967803955,0.49201375246047974,0.4015333950519562,-0.6296690106391907,98.955051,-96.595874,-38.655971,33.594794
2026-08-05T15:57:51.811241,1785938271.811241,22.564816,-0.19551455974578857,0.736466109752655,-0.071082703769207,-0.643694281578064,0.4488341212272644,0.4966072142124176,0.39232954382896423,-0.6308778524398804,97.980985,-95.706909,-60.171605,54.914598
2026-08-05T15:57:51.828146,1785938271.828147,22.581721,-0.18824973702430725,0.7379150390625,-0.07247088104486465,-0.6440457105636597,0.45140108466148376,0.5018347501754761,0.38118812441825867,-0.6317394971847534,96.700065,-94.493112,-75.770293,71.799714
2026-08-05T15:57:51.844503,1785938271.844503,22.598078,-0.18057313561439514,0.7402312755584717,-0.07363874465227127,-0.6434528827667236,0.45488452911376953,0.5081683993339539,0.3671681880950928,-0.6324812173843384,95.253870,-93.089365,-88.416004,85.820928
2026-08-05T15:57:51.852351,1785938271.852352,22.605926,-0.17324772477149963,0.7436344623565674,-0.07627516239881516,-0.641231894493103,0.4588617980480194,0.5154657363891602,0.35053005814552307,-0.6331426501274109,93.831232,-91.695359,-181.267827,177.619690
2026-08-05T15:57:51.861809,1785938271.861810,22.615384,-0.16655443608760834,0.7467000484466553,-0.07964770495891571,-0.6390292048454285,0.46301913261413574,0.5237606763839722,0.3319686949253082,-0.6333126425743103,92.384984,-90.273451,-152.911683,150.338139
2026-08-05T15:57:51.879373,1785938271.879373,22.632257,-0.16107961535453796,0.7485973238945007,-0.0824882984161377,-0.6378514170646667,0.4678962528705597,0.532379686832428,0.3126421570777893,-0.6323764324188232,91.027009,-88.915642,-80.481560,80.471690
2026-08-05T15:57:51.886052,1785938271.886052,22.639626,-0.15765157341957092,0.7489102482795715,-0.08541689813137054,-0.6379552483558655,0.4736504554748535,0.5405236482620239,0.29297155141830444,-0.6306006908416748,89.952315,-87.796162,-145.834250,151.911696
2026-08-05T15:57:51.897235,1785938271.897235,22.650809,-0.1547437310218811,0.7495389580726624,-0.08851838111877441,-0.6375060081481934,0.48026108741760254,0.5480151772499084,0.27313587069511414,-0.6280332207679749,89.100195,-86.849689,-76.197685,84.634811
2026-08-05T15:57:51.911198,1785938271.911198,22.664772,-0.15214291214942932,0.7505841851234436,-0.09140080213546753,-0.636494517326355,0.48771947622299194,0.5554723143577576,0.2529396414756775,-0.6241809129714966,88.402852,-86.009924,-49.942236,60.142270
2026-08-05T15:57:51.928279,1785938271.928279,22.681854,-0.1492018699645996,0.7517535090446472,-0.09293127059936523,-0.6355884075164795,0.49651744961738586,0.562501847743988,0.23275165259838104,-0.6187801957130432,87.818404,-85.212398,-34.215757,46.690112
2026-08-05T15:57:51.981467,1785938271.981467,22.735041,-0.14537155628204346,0.754208505153656,-0.09400783479213715,-0.6334055066108704,0.5064743757247925,0.5686551928520203,0.21274733543395996,-0.612252950668335,87.384461,-84.515813,-8.158686,13.096700
2026-08-05T15:57:52.001761,1785938272.001762,22.755336,-0.14067324995994568,0.7574729323387146,-0.09518273174762726,-0.6303884387016296,0.5171781778335571,0.5735483169555664,0.19309131801128387,-0.6052147150039673,87.089871,-83.922685,-14.515793,29.226141
2026-08-05T15:57:52.013150,1785938272.013150,22.766724,-0.1371743232011795,0.7598416805267334,-0.09659206867218018,-0.6280902624130249,0.5276599526405334,0.5776867270469666,0.1733834147453308,-0.5981566905975342,86.976319,-83.439301,-9.970771,42.444743
2026-08-05T15:57:52.032184,1785938272.032185,22.785759,-0.1355019509792328,0.7603089809417725,-0.09930634498596191,-0.6274639368057251,0.5375524759292603,0.5814492106437683,0.15339751541614532,-0.5911204814910889,87.076632,-83.097128,5.270135,17.976561
2026-08-05T15:57:52.047577,1785938272.047578,22.800085,-0.13517054915428162,0.7595198154449463,-0.10260550677776337,-0.6279603242874146,0.5466669201850891,0.585736095905304,0.1324613392353058,-0.5835431218147278,87.256080,-82.736452,12.525533,25.175364
2026-08-05T15:57:52.066101,1785938272.066102,22.819676,-0.13496150076389313,0.7577903866767883,-0.10500779002904892,-0.6296949982643127,0.5556210279464722,0.5901187062263489,0.11080600321292877,-0.5751237869262695,87.441869,-82.234995,9.483570,25.596798
2026-08-05T15:57:52.074364,1785938272.074364,22.827939,-0.1334797441959381,0.7558126449584961,-0.10596247017383575,-0.6322229504585266,0.5649807453155518,0.593800961971283,0.08859741687774658,-0.5659928321838379,87.587933,-81.526868,17.677666,85.702328
2026-08-05T15:57:52.097099,1785938272.097100,22.850674,-0.13117368519306183,0.7552757263183594,-0.10839087516069412,-0.6329350471496582,0.5741206407546997,0.5973462462425232,0.0653115063905716,-0.5561451315879822,87.763000,-80.815293,7.700284,31.298473
2026-08-05T15:57:52.107408,1785938272.107409,22.860983,-0.12947168946266174,0.7549924254417419,-0.11219298094511032,-0.6329609155654907,0.5830653309822083,0.6011539697647095,0.04094812273979187,-0.5449516177177429,88.103194,-80.189385,32.998174,60.712038
2026-08-05T15:57:52.130436,1785938272.130436,22.884010,-0.12849144637584686,0.7524457573890686,-0.11545845866203308,-0.6356004476547241,0.5929913520812988,0.6031078696250916,0.017423495650291443,-0.5332155227661133,88.793767,-79.696274,29.989486,21.414291
2026-08-05T15:57:52.138859,1785938272.138860,22.892434,-0.1274910420179367,0.7486147284507751,-0.11863945424556732,-0.6397266387939453,0.6041231751441956,0.6030228734016418,-0.004741307348012924,-0.5209378600120544,89.817737,-79.392410,121.560196,36.073124
2026-08-05T15:57:52.148611,1785938272.148611,22.902185,-0.12574811279773712,0.7453113794326782,-0.12173712998628616,-0.6433365345001221,0.6156431436538696,0.6019412279129028,-0.02644232101738453,-0.5078889727592468,90.956661,-79.131051,116.796878,26.802435
2026-08-05T15:57:52.155487,1785938272.155488,22.909062,-0.12350692600011826,0.7426130175590515,-0.1251392513513565,-0.6462317705154419,0.6272808313369751,0.6002860069274902,-0.04830871894955635,-0.49380359053611755,92.190383,-78.891170,179.399634,34.881918
2026-08-05T15:57:52.163697,1785938272.163698,22.917272,-0.12120700627565384,0.7396247386932373,-0.12795443832874298,-0.6495344042778015,0.6387277841567993,0.5983338952064514,-0.07068359106779099,-0.4785681366920471,93.526609,-78.558549,162.761774,40.515580
2026-08-05T15:57:52.181244,1785938272.181244,22.934819,-0.11911367624998093,0.7362030744552612,-0.13020481169223785,-0.6533505916595459,0.6495219469070435,0.5964943766593933,-0.09392055869102478,-0.4620549976825714,94.954069,-78.072361,81.352256,27.708302
2026-08-05T15:57:52.196834,1785938272.196835,22.950409,-0.11700976639986038,0.7322360277175903,-0.1317044198513031,-0.6578725576400757,0.6596137285232544,0.5944292545318604,-0.11746347695589066,-0.444708913564682,96.464554,-77.419228,96.886928,41.893797
2026-08-05T15:57:52.213752,1785938272.213753,22.967327,-0.1143757626414299,0.7281270027160645,-0.13356612622737885,-0.6625049710273743,0.6693869829177856,0.5919022560119629,-0.14041578769683838,-0.4264463186264038,98.055301,-76.728309,94.025874,40.838862
2026-08-05T15:57:52.231235,1785938272.231236,22.984810,-0.11115231364965439,0.7241983413696289,-0.13708984851837158,-0.666627049446106,0.6791506409645081,0.5885478258132935,-0.1628667563199997,-0.4072350561618805,99.738154,-76.104448,96.256534,35.683884
2026-08-05T15:57:52.248214,1785938272.248214,22.999768,-0.10844024270772934,0.7205372452735901,-0.14115072786808014,-0.6701839566230774,0.6872361302375793,0.5857958197593689,-0.18518193066120148,-0.3876305818557739,101.384586,-75.365772,110.072769,49.384446
2026-08-05T15:57:52.258394,1785938272.258395,23.011969,-0.10670256614685059,0.7162965536117554,-0.14583243429660797,-0.6739954352378845,0.6944543123245239,0.5829753875732422,-0.20713204145431519,-0.3673817217350006,103.177394,-74.635469,146.935753,59.854465
2026-08-05T15:57:52.271656,1785938272.271657,23.025231,-0.10606846213340759,0.7112192511558533,-0.15026628971099854,-0.6784835457801819,0.7016727924346924,0.5787787437438965,-0.22778548300266266,-0.34754079580307007,105.219401,-74.062363,153.976675,43.214775
2026-08-05T15:57:52.288317,1785938272.288318,23.041892,-0.10392732173204422,0.7065670490264893,-0.1538555920124054,-0.6828571557998657,0.7087068557739258,0.5732025504112244,-0.2468784600496292,-0.32897496223449707,107.120442,-73.352145,114.100097,42.627163
2026-08-05T15:57:52.339283,1785938272.339283,23.092857,-0.10180690139532089,0.7025535702705383,-0.1583547592163086,-0.686280369758606,0.7158618569374084,0.5664238929748535,-0.264272004365921,-0.3112333118915558,109.027924,-72.868030,37.426883,9.498869
2026-08-05T15:57:52.358002,1785938272.358003,23.110084,-0.09846741706132889,0.6977185010910034,-0.16098816692829132,-0.6910710334777832,0.7214746475219727,0.5612109899520874,-0.28107020258903503,-0.2924312949180603,110.797126,-71.855563,102.699754,58.772350
2026-08-05T15:57:52.370893,1785938272.370893,23.124467,-0.09702619910240173,0.69028639793396,-0.16638830304145813,-0.6974301934242249,0.7256851196289062,0.5572320818901062,-0.29782992601394653,-0.27234312891960144,112.752867,-70.672964,135.975203,82.221521
2026-08-05T15:57:52.381329,1785938272.381329,23.134903,-0.09651872515678406,0.6829574108123779,-0.1711789220571518,-0.7035300731658936,0.7292448878288269,0.553618848323822,-0.3141164779663086,-0.25107541680336,114.888416,-69.522715,204.636393,110.221283
2026-08-05T15:57:52.398978,1785938272.398978,23.152553,-0.09771279990673065,0.6744291186332703,-0.1774931699037552,-0.7099980711936951,0.733244776725769,0.5485944151878357,-0.3298461437225342,-0.22934237122535706,117.373355,-68.617276,140.794435,51.301358
2026-08-05T15:57:52.414662,1785938272.414662,23.168236,-0.10010161250829697,0.6650576591491699,-0.179894357919693,-0.7178575992584229,0.7378674149513245,0.5414478182792664,-0.3449902832508087,-0.2082495540380478,120.292647,-67.837069,186.136000,49.746495
2026-08-05T15:57:52.431486,1785938272.431487,23.185061,-0.10345134884119034,0.6545031070709229,-0.18271584808826447,-0.7263206243515015,0.7424468398094177,0.5337603092193604,-0.3583381772041321,-0.18832595646381378,123.307484,-67.172791,179.193458,39.482853
2026-08-05T15:57:52.447846,1785938272.447847,23.201421,-0.10548610985279083,0.6452136039733887,-0.18771690130233765,-0.7330332398414612,0.7464053630828857,0.5271565318107605,-0.37018558382987976,-0.1671760529279709,126.072321,-66.489577,168.996853,41.760524
2026-08-05T15:57:52.465762,1785938272.465762,23.219337,-0.10434183478355408,0.638175368309021,-0.19210845232009888,-0.7382023930549622,0.7494255900382996,0.5218456983566284,-0.38100820779800415,-0.14446820318698883,128.470953,-65.428323,133.885936,59.236654
2026-08-05T15:57:52.475271,1785938272.475271,23.228845,-0.10375518351793289,0.6304463148117065,-0.19455216825008392,-0.7442613244056702,0.7518053650856018,0.5167019367218018,-0.3909029960632324,-0.12248533964157104,130.966330,-64.234580,262.426854,125.540275
2026-08-05T15:57:52.483071,1785938272.483072,23.236646,-0.10220508277416229,0.6225839853286743,-0.19401408731937408,-0.7512024641036987,0.7544039487838745,0.510574996471405,-0.39966699481010437,-0.10224621742963791,133.453101,-62.860610,318.802956,176.142292
2026-08-05T15:57:52.499199,1785938272.501216,23.252773,-0.09795840084552765,0.6181235909461975,-0.1917456090450287,-0.7560186386108398,0.7567388415336609,0.5044296383857727,-0.40721702575683594,-0.08409179747104645,135.415952,-61.445408,121.709458,87.751675
2026-08-05T15:57:52.507267,1785938272.507268,23.260842,-0.09147156774997711,0.6131091713905334,-0.1900596022605896,-0.7613217830657959,0.7577092051506042,0.5009645819664001,-0.41276827454566956,-0.06733353435993195,136.870861,-59.231301,180.307616,274.395460
2026-08-05T15:57:52.515597,1785938272.515597,23.269171,-0.0843663215637207,0.608982503414154,-0.189744234085083,-0.7655214071273804,0.7578607201576233,0.49912577867507935,-0.4170583188533783,-0.05082212761044502,138.037771,-56.900670,140.095446,279.808045
2026-08-05T15:57:52.540141,1785938272.540142,23.293716,-0.07549828290939331,0.6044303178787231,-0.18594986200332642,-0.7709668874740601,0.7589672803878784,0.4957679510116577,-0.4206451177597046,-0.03521837666630745,139.303296,-54.324418,51.560985,104.963591
2026-08-05T15:57:52.544011,1785938272.544011,23.297585,-0.06781567633152008,0.6016532778739929,-0.18116766214370728,-0.7749813199043274,0.7620707750320435,0.4887046217918396,-0.4241194427013397,-0.0232046227902174,140.590936,-52.742921,332.763608,408.704810
2026-08-05T15:57:52.606336,1785938272.606336,23.359910,-0.06175502389669418,0.5992854833602905,-0.17750699818134308,-0.7781631350517273,0.7660195231437683,0.4813811779022217,-0.4257461130619049,-0.015057193115353584,141.648311,-51.988683,16.965501,12.101696
2026-08-05T15:57:52.628701,1785938272.628701,23.382276,-0.05684393644332886,0.5976406335830688,-0.1748138964176178,-0.7804089784622192,0.7683560848236084,0.4775373339653015,-0.42606064677238464,-0.0077248732559382915,142.404493,-51.433586,33.810470,24.819551
2026-08-05T15:57:52.630727,1785938272.630728,23.384302,-0.05188803747296333,0.5967409014701843,-0.1726626306772232,-0.7819200158119202,0.7680053114891052,0.4798620641231537,-0.4241463840007782,-0.00043604333768598735,142.664757,-50.695284,128.441654,364.355971
2026-08-05T15:57:52.640349,1785938272.640349,23.393923,-0.04847021773457527,0.5965276956558228,-0.17099831998348236,-0.7826673984527588,0.7680444717407227,0.48204779624938965,-0.42157337069511414,0.00369961722753942,142.732228,-50.571804,7.012590,12.833946
2026-08-05T15:57:52.665870,1785938272.665871,23.419445,-0.0470428392291069,0.5977431535720825,-0.17064107954502106,-0.7819046974182129,0.7700573801994324,0.479520708322525,-0.420784056186676,0.003554373746737838,142.743348,-51.255581,0.435718,-26.792191
2026-08-05T15:57:52.689752,1785938272.689753,23.443327,-0.048428963869810104,0.6000621318817139,-0.17183786630630493,-0.7797790169715881,0.7715902924537659,0.4775683283805847,-0.4202103316783905,-0.0003162998764310032,142.473614,-52.468249,-11.294478,-50.777679
2026-08-05T15:57:52.699547,1785938272.699548,23.453122,-0.051794447004795074,0.6032444834709167,-0.17372949421405792,-0.7766819596290588,0.7711179256439209,0.4791022837162018,-0.41930529475212097,-0.004624346736818552,142.006690,-53.794838,-47.667555,-135.429392
2026-08-05T15:57:52.725917,1785938272.725917,23.479491,-0.05623827874660492,0.6064562201499939,-0.1754426658153534,-0.7734799981117249,0.7695418000221252,0.48246192932128906,-0.4182768762111664,-0.008979068137705326,141.505846,-55.074213,-18.993435,-48.517549
2026-08-05T15:57:52.741548,1785938272.741548,23.495122,-0.061409175395965576,0.6101763844490051,-0.17770403623580933,-0.7696352005004883,0.7681745886802673,0.48563066124916077,-0.41693422198295593,-0.015384243801236153,140.845444,-56.591928,-42.249645,-97.096692
2026-08-05T15:57:52.744316,1785938272.744316,23.497890,-0.06704281270503998,0.6144076585769653,-0.17950908839702606,-0.7653679847717285,0.7670097351074219,0.4889386296272278,-0.41476377844810486,-0.024625014513731003,139.967625,-58.326676,-317.126595,-626.706481
2026-08-05T15:57:52.762284,1785938272.762285,23.515859,-0.0741267055273056,0.6194431185722351,-0.18090732395648956,-0.7603100538253784,0.7653849720954895,0.493341326713562,-0.41177740693092346,-0.035208962857723236,139.010190,-60.447865,-53.284309,-118.050973
2026-08-05T15:57:52.780609,1785938272.780610,23.534184,-0.08191107958555222,0.6261422038078308,-0.18251954019069672,-0.7536088824272156,0.7627771496772766,0.4996245801448822,-0.4079602062702179,-0.045986905694007874,137.864404,-62.813836,-62.525535,-129.111007
2026-08-05T15:57:52.795560,1785938272.795561,23.547938,-0.0897260382771492,0.6336184144020081,-0.1838459074497223,-0.7461105585098267,0.7604284286499023,0.5057403445243835,-0.4031084477901459,-0.05898227542638779,136.527728,-65.296946,-97.183600,-180.535579
2026-08-05T15:57:52.810943,1785938272.810943,23.564517,-0.0959462970495224,0.6417047381401062,-0.1840916872024536,-0.7383244037628174,0.7603098154067993,0.508294939994812,-0.39684316515922546,-0.07797957956790924,134.854592,-67.816292,-100.919552,-151.960851
2026-08-05T15:57:52.829432,1785938272.829432,23.580230,-0.09907019883394241,0.6508926749229431,-0.18317829072475433,-0.7300499081611633,0.7626694440841675,0.5065590143203735,-0.3883252441883087,-0.10457959026098251,132.638749,-70.196996,-141.024198,-151.516619
2026-08-05T15:57:52.844903,1785938272.844903,23.598478,-0.10194823890924454,0.66004478931427,-0.18235249817371368,-0.7215943932533264,0.7651834487915039,0.5037673115730286,-0.37751251459121704,-0.13489636778831482,130.244950,-72.525765,-131.180845,-127.617199
2026-08-05T15:57:52.850462,1785938272.850462,23.604037,-0.10570176690816879,0.6686893105506897,-0.18008190393447876,-0.7136215567588806,0.7644995450973511,0.5059758424758911,-0.36466264724731445,-0.16294221580028534,127.858697,-74.436986,-429.261925,-343.808543
2026-08-05T15:57:52.860979,1785938272.860980,23.614554,-0.10801852494478226,0.6788234114646912,-0.1766456961631775,-0.7045072317123413,0.758600115776062,0.5168468952178955,-0.3503747582435608,-0.1860993355512619,124.979849,-75.371351,-273.723461,-88.840236
2026-08-05T15:57:52.878851,1785938272.878851,23.631448,-0.10800792276859283,0.6901184320449829,-0.17574915289878845,-0.6936761140823364,0.75059974193573,0.5301651954650879,-0.3346850275993347,-0.20859293639659882,121.539336,-75.743433,-203.651722,-22.024403
2026-08-05T15:57:52.894172,1785938272.894172,23.647746,-0.1044694110751152,0.6982315182685852,-0.1715759038925171,-0.6871126890182495,0.7431920766830444,0.5403940081596375,-0.31732362508773804,-0.23440507054328918,117.980197,-75.312798,-218.378147,26.422503
2026-08-05T15:57:52.912039,1785938272.912040,23.665614,-0.10151083022356033,0.7043814659118652,-0.16112762689590454,-0.6838009357452393,0.7370622754096985,0.5462103486061096,-0.2984406650066376,-0.2632995545864105,114.897852,-75.014497,-172.508350,16.694897
2026-08-05T15:57:52.929199,1785938272.929199,23.682774,-0.10267680883407593,0.7129160165786743,-0.15320643782615662,-0.6765643358230591,0.7299020290374756,0.5520629286766052,-0.27943190932273865,-0.2904950678348541,112.167714,-75.559139,-159.101698,-31.739613
2026-08-05T15:57:52.947689,1785938272.947689,23.701263,-0.1068086326122284,0.7209422588348389,-0.1436968743801117,-0.6694690585136414,0.720828115940094,0.5599819421768188,-0.26160740852355957,-0.3136696219444275,109.897732,-76.089507,-122.769169,-28.684285
2026-08-05T15:57:53.019616,1785938273.019617,23.773191,-0.1101066991686821,0.727025032043457,-0.13613106310367584,-0.6639147400856018,0.7117072939872742,0.5673274993896484,-0.24271352589130402,-0.3357117772102356,107.682945,-76.418402,-30.792029,-4.572610
2026-08-05T15:57:53.034103,1785938273.034104,23.787678,-0.11354561150074005,0.73250412940979,-0.14086806774139404,-0.6562809944152832,0.7057787775993347,0.5688000917434692,-0.2194979190826416,-0.36078178882598877,105.656868,-77.892881,-139.852216,-101.777594
2026-08-05T15:57:53.049168,1785938273.049169,23.802743,-0.11517713963985443,0.7362329363822937,-0.14139223098754883,-0.6516952514648438,0.698883593082428,0.5684782862663269,-0.19352994859218597,-0.3885107934474945,103.573485,-78.878498,-138.293361,-65.424505
2026-08-05T15:57:53.076400,1785938273.076400,23.829974,-0.11497651040554047,0.7414161562919617,-0.13952481746673584,-0.6462343335151672,0.6879225969314575,0.5717862248420715,-0.16752402484416962,-0.41443827748298645,101.006659,-79.111161,-94.259582,-8.543895
2026-08-05T15:57:53.092525,1785938273.092525,23.846100,-0.1258457601070404,0.7468035221099854,-0.14160780608654022,-0.6374934315681458,0.6739529967308044,0.5778291821479797,-0.14233829081058502,-0.43776804208755493,99.527611,-80.546475,-91.722773,-89.010577
2026-08-05T15:57:53.109622,1785938273.109622,23.863196,-0.13038526475429535,0.7499338388442993,-0.1404293030500412,-0.6331524848937988,0.6585181355476379,0.5830491781234741,-0.11492156982421875,-0.4617365300655365,97.419465,-80.834904,-123.308489,-16.870671
2026-08-05T15:57:53.117757,1785938273.117758,23.871332,-0.1244925707578659,0.7471742630004883,-0.131395161151886,-0.6395083665847778,0.6432719826698303,0.584600567817688,-0.08283522725105286,-0.4874236285686493,94.420451,-79.450976,-368.608844,170.098685
2026-08-05T15:57:53.134656,1785938273.134656,23.888230,-0.11491990834474564,0.7417221069335938,-0.1121646910905838,-0.6512020230293274,0.6147194504737854,0.5823750495910645,-0.009291221387684345,-0.5318580269813538,89.740710,-78.251872,-276.938002,70.960615
2026-08-05T15:57:53.159633,1785938273.159633,23.913208,-0.11329197883605957,0.7379457950592041,-0.10705780982971191,-0.6566147804260254,0.5984545946121216,0.5823790431022644,0.025801870971918106,-0.5495645403862,87.882340,-78.028328,-74.402610,8.949946
2026-08-05T15:57:53.176306,1785938273.176306,23.929880,-0.11368740350008011,0.7451143860816956,-0.10889160633087158,-0.6480938196182251,0.57962965965271,0.5817856192588806,0.0607014000415802,-0.5673362016677856,86.448933,-78.857073,-85.972533,-49.706264
2026-08-05T15:57:53.184652,1785938273.184652,23.938226,-0.11060374230146408,0.7446641325950623,-0.10247107595205307,-0.6501885056495667,0.5626319050788879,0.5761232376098633,0.09870021045207977,-0.5846246480941772,85.082613,-78.945349,-163.708020,-10.577001
2026-08-05T15:57:53.201798,1785938273.201799,23.954400,-0.106381356716156,0.7383570075035095,-0.09201785922050476,-0.6595816016197205,0.5480873584747314,0.5668262243270874,0.13902606070041656,-0.5991495847702026,84.091940,-78.968365,-61.253389,-1.423076
2026-08-05T15:57:53.218248,1785938273.218248,23.971822,-0.10411681234836578,0.7372369766235352,-0.08345281332731247,-0.6623293161392212,0.5168144106864929,0.5499539375305176,0.2140246480703354,-0.6201993227005005,83.758856,-80.632206,-19.118092,-95.499910
2026-08-05T15:57:53.234772,1785938273.234772,23.988346,-0.1043693870306015,0.7401502728462219,-0.07920819520950317,-0.6595558524131775,0.5021013021469116,0.5412281155586243,0.2471129149198532,-0.6276161074638367,84.100226,-81.587089,20.659223,-57.788213
2026-08-05T15:57:53.251224,1785938273.251224,24.004798,-0.10675771534442902,0.7391490936279297,-0.07371579110622406,-0.6609316468238831,0.4916330575942993,0.530998706817627,0.27752915024757385,-0.6319138407707214,85.014154,-82.814272,55.550950,-74.591379
2026-08-05T15:57:53.267406,1785938273.267407,24.020375,-0.10740875452756882,0.7373888492584229,-0.06439933180809021,-0.6637598872184753,0.4839615821838379,0.5216391682624817,0.3032248914241791,-0.6338207721710205,85.580556,-83.499964,36.362949,-44.021269
2026-08-05T15:57:53.276296,1785938273.276297,24.029871,-0.11042798310518265,0.7406885027885437,-0.05870749056339264,-0.6601083278656006,0.47919026017189026,0.5154089331626892,0.3217747211456299,-0.6333968639373779,86.551977,-84.509759,102.293076,-106.333986
2026-08-05T15:57:53.284874,1785938273.284875,24.038449,-0.1183856874704361,0.7440963983535767,-0.05474638566374779,-0.6552186012268066,0.4759911894798279,0.512128472328186,0.3338834345340729,-0.632201611995697,87.779934,-85.671710,143.154777,-135.459824
2026-08-05T15:57:53.292609,1785938273.292609,24.046183,-0.13238291442394257,0.7449885010719299,-0.04914560168981552,-0.6519623398780823,0.47277820110321045,0.5115645527839661,0.3412787914276123,-0.6311193704605103,89.005901,-86.715110,158.505610,-134.901521
2026-08-05T15:57:53.301217,1785938273.301217,24.054791,-0.14696919918060303,0.7448846697807312,-0.044883936643600464,-0.6492578983306885,0.47005143761634827,0.5116406083106995,0.34688809514045715,-0.6300351619720459,90.257753,-87.791130,145.427109,-125.000793
2026-08-05T15:57:53.344393,1785938273.344393,24.097968,-0.16189466416835785,0.7438874244689941,-0.047609806060791016,-0.6466516256332397,0.4686172604560852,0.5102395415306091,0.3526410162448883,-0.629045307636261,92.156248,-89.627937,43.970890,-42.542153
2026-08-05T15:57:53.353198,1785938273.353198,24.106772,-0.17557784914970398,0.7412223815917969,-0.054250430315732956,-0.645617663860321,0.46757885813713074,0.5083478689193726,0.3579413890838623,-0.6283553242683411,94.162592,-91.662833,227.875613,-231.118368
2026-08-05T15:57:53.365068,1785938273.365068,24.118643,-0.18636579811573029,0.73908931016922,-0.05982556194067001,-0.6445455551147461,0.46586811542510986,0.507625162601471,0.3611038327217102,-0.6284010410308838,95.589709,-93.108783,120.224976,-121.811591
2026-08-05T15:57:53.381949,1785938273.381949,24.135523,-0.19178003072738647,0.7384971976280212,-0.06303423643112183,-0.6433289647102356,0.46458899974823,0.5073221325874329,0.3623216152191162,-0.6288915276527405,96.281744,-93.802450,40.996097,-41.092757
2026-08-05T15:57:53.390351,1785938273.390351,24.143925,-0.19266891479492188,0.7382383346557617,-0.06354908645153046,-0.643310010433197,0.4648641347885132,0.5067734718322754,0.36217767000198364,-0.629213273525238,96.433158,-93.940777,18.020997,-16.463334
2026-08-05T15:57:53.400259,1785938273.400259,24.152504,-0.18875212967395782,0.7385675311088562,-0.061317190527915955,-0.6443091034889221,0.4664427638053894,0.5070456266403198,0.36017149686813354,-0.6289772987365723,95.925237,-93.420488,-59.208319,60.650084
2026-08-05T15:57:53.409821,1785938273.409822,24.163396,-0.18163934350013733,0.7399843335151672,-0.058878093957901,-0.6449548602104187,0.46904122829437256,0.5085585713386536,0.3555193245410919,-0.6284700632095337,95.009282,-92.506892,-84.094990,83.878326
2026-08-05T15:57:53.434932,1785938273.434933,24.187200,-0.17297694087028503,0.7410052418708801,-0.056127969175577164,-0.6464078426361084,0.4718860387802124,0.5116733312606812,0.34739354252815247,-0.6283564567565918,93.654220,-91.144108,-56.925344,57.249746
2026-08-05T15:57:53.443197,1785938273.443197,24.196771,-0.16353026032447815,0.742574155330658,-0.05418892204761505,-0.6472311019897461,0.47425219416618347,0.5174137949943542,0.3351856768131256,-0.6285050511360168,91.899808,-89.377999,-183.294484,184.516543
2026-08-05T15:57:53.459598,1785938273.459599,24.213173,-0.15404841303825378,0.7452220320701599,-0.055611398071050644,-0.6463931202888489,0.4764951765537262,0.525431215763092,0.31934499740600586,-0.6284053325653076,90.082748,-87.583359,-110.787608,109.420635
2026-08-05T15:57:53.479781,1785938273.479782,24.231339,-0.14615660905838013,0.7475754618644714,-0.059783291071653366,-0.6451341509819031,0.479755163192749,0.534793496131897,0.3005697429180145,-0.6272869110107422,88.485019,-86.015177,-87.952469,86.325942
2026-08-05T15:57:53.490821,1785938273.490822,24.244396,-0.13913170993328094,0.748685896396637,-0.06471218168735504,-0.6449242830276489,0.4841257929801941,0.5450413227081299,0.2790393829345703,-0.6250516176223755,86.935795,-84.453555,-118.648724,119.598263
2026-08-05T15:57:53.498837,1785938273.498837,24.252412,-0.1341894268989563,0.7499008178710938,-0.06854049861431122,-0.6441640853881836,0.48998796939849854,0.5550888776779175,0.2563663423061371,-0.6213408708572388,85.692158,-83.086883,-155.146811,170.495762
2026-08-05T15:57:53.523147,1785938273.523147,24.276721,-0.13166852295398712,0.7508262991905212,-0.07087594270706177,-0.6433531045913696,0.49884897470474243,0.5632621049880981,0.23485133051872253,-0.6154107451438904,85.130216,-82.281586,-23.116009,33.126655
2026-08-05T15:57:53.552891,1785938273.552892,24.304272,-0.1293007880449295,0.7514137029647827,-0.07424652576446533,-0.6427674293518066,0.5104471445083618,0.5692417621612549,0.21520638465881348,-0.6075308322906494,85.173064,-82.051059,1.555254,8.367455
2026-08-05T15:57:53.568461,1785938273.568462,24.322036,-0.1267658770084381,0.7522733807563782,-0.07859490811824799,-0.64174884557724,0.5235734581947327,0.5738276839256287,0.19580981135368347,-0.598540723323822,85.550052,-82.109725,21.221887,-3.302540
2026-08-05T15:57:53.586185,1785938273.586186,24.337556,-0.12583249807357788,0.7528425455093384,-0.0823170393705368,-0.64079749584198,0.5354918241500854,0.5796205401420593,0.1734703630208969,-0.5892339944839478,85.844315,-81.926647,18.960141,11.796214
2026-08-05T15:57:53.596421,1785938273.596422,24.348486,-0.12508727610111237,0.7538571357727051,-0.0841151773929596,-0.6395158171653748,0.5454633235931396,0.5884052515029907,0.14633801579475403,-0.5786487460136414,85.708283,-81.085367,-12.445143,76.966015
2026-08-05T15:57:53.611532,1785938273.611532,24.365106,-0.12182865291833878,0.757875919342041,-0.08428987115621567,-0.6353585124015808,0.5546571612358093,0.5998366475105286,0.11555549502372742,-0.5649763941764832,85.174144,-79.697159,-32.138940,83.527936
2026-08-05T15:57:53.629103,1785938273.629103,24.382678,-0.11646835505962372,0.7660289406776428,-0.08569413423538208,-0.6263341307640076,0.5675820112228394,0.6091064214706421,0.08430840075016022,-0.5474779605865479,85.188325,-78.869879,0.807066,47.080919
2026-08-05T15:57:53.645708,1785938273.645708,24.399282,-0.11374399811029434,0.7737361788749695,-0.09130624681711197,-0.6164910197257996,0.5867045521736145,0.6133770942687988,0.05140707641839981,-0.5262163877487183,86.633779,-79.345864,87.051064,-28.665713
2026-08-05T15:57:53.663160,1785938273.663161,24.416735,-0.1221752017736435,0.7747271656990051,-0.10419507324695587,-0.6115700602531433,0.6059069037437439,0.6146247386932373,0.016731156036257744,-0.5048102140426636,89.672963,-81.157447,174.140560,-103.800924
2026-08-05T15:57:53.684411,1785938273.684411,24.437985,-0.13380788266658783,0.7711079120635986,-0.11459986865520477,-0.6118482947349548,0.6227263808250427,0.6158908605575562,-0.01777157001197338,-0.48225969076156616,92.945759,-82.783505,154.010410,-76.518636
2026-08-05T15:57:53.699166,1785938273.699167,24.452741,-0.1345042586326599,0.7649847865104675,-0.11576168239116669,-0.6191199421882629,0.6400722861289978,0.6151524782180786,-0.05090198665857315,-0.45749738812446594,95.304767,-82.795154,159.870683,-0.789417
2026-08-05T15:57:53.712691,1785938273.712691,24.466265,-0.1282319575548172,0.7586134672164917,-0.11675132811069489,-0.6280404329299927,0.6572794914245605,0.6116931438446045,-0.08158618956804276,-0.4326188862323761,97.250590,-82.172217,143.873612,46.059722
2026-08-05T15:57:53.740308,1785938273.740308,24.493882,-0.1248105838894844,0.7490310668945312,-0.12119025737047195,-0.639289379119873,0.6727426052093506,0.6074423789978027,-0.11070628464221954,-0.407646119594574,99.661585,-81.758525,87.301175,14.979638
2026-08-05T15:57:53.753236,1785938273.753237,24.506811,-0.12231786549091339,0.7366624474525452,-0.1284443736076355,-0.6525887846946716,0.685736358165741,0.603739857673645,-0.13872769474983215,-0.3821239173412323,102.185410,-81.119868,195.214280,49.399245
2026-08-05T15:57:53.763889,1785938273.763890,24.517464,-0.11710727214813232,0.72874516248703,-0.13641999661922455,-0.6607642769813538,0.6970462799072266,0.6001057624816895,-0.1652575135231018,-0.35593506693840027,104.324511,-80.314823,200.802153,75.571294
2026-08-05T15:57:53.780284,1785938273.780284,24.533859,-0.10989941656589508,0.7234130501747131,-0.14273807406425476,-0.666502058506012,0.7082881331443787,0.5940911769866943,-0.18957862257957458,-0.33082252740859985,106.333841,-79.494761,122.558561,50.019473
2026-08-05T15:57:53.807855,1785938273.807856,24.561430,-0.09954299032688141,0.716890275478363,-0.14489783346652985,-0.6746609807014465,0.7191944122314453,0.5859559178352356,-0.2121172398328781,-0.30728089809417725,108.179103,-78.043997,66.927144,52.618839
2026-08-05T15:57:53.842399,1785938273.842400,24.595075,-0.08827567100524902,0.7099024653434753,-0.14656442403793335,-0.6832044124603271,0.7286591529846191,0.5777629613876343,-0.2335807830095291,-0.28405269980430603,109.922246,-76.218542,51.808901,54.255331
2026-08-05T15:57:53.862180,1785938273.862181,24.615755,-0.07751768827438354,0.7053471803665161,-0.14972065389156342,-0.6885228753089905,0.7347418069839478,0.5723745226860046,-0.25483039021492004,-0.26000678539276123,111.342544,-74.146158,68.681553,100.214515
2026-08-05T15:57:53.864515,1785938273.864515,24.618089,-0.06869712471961975,0.6995934247970581,-0.1565925031900406,-0.6937808394432068,0.737697184085846,0.5700798034667969,-0.2757473587989807,-0.23404161632061005,112.757698,-71.770111,606.228582,1017.859870
2026-08-05T15:57:53.879800,1785938273.879801,24.633375,-0.05957174301147461,0.6950780153274536,-0.1594533622264862,-0.6984953880310059,0.7404515147209167,0.5667531490325928,-0.29552870988845825,-0.20781069993972778,114.345956,-69.367568,103.904650,157.175549
2026-08-05T15:57:53.890517,1785938273.890518,24.644092,-0.052060820162296295,0.6894903779029846,-0.162949800491333,-0.7038063406944275,0.7443293333053589,0.5598395466804504,-0.3141307830810547,-0.18405260145664215,116.262171,-67.270684,178.802842,195.661180
2026-08-05T15:57:53.899289,1785938273.899289,24.651849,-0.04879285395145416,0.682776927947998,-0.1705329716205597,-0.7087712287902832,0.7492036819458008,0.5502400994300842,-0.3313263952732086,-0.16171814501285553,118.637992,-65.962802,306.273510,168.602586
2026-08-05T15:57:53.914775,1785938273.914776,24.668350,-0.04614642262458801,0.6738863587379456,-0.17751850187778473,-0.715708315372467,0.7519369125366211,0.5426638722419739,-0.34815964102745056,-0.13744737207889557,121.164886,-64.010512,153.136289,118.313780
2026-08-05T15:57:53.924431,1785938273.926341,24.678006,-0.04264525696635246,0.6658578515052795,-0.18456242978572845,-0.7216334342956543,0.7511277794837952,0.5396038889884949,-0.36401867866516113,-0.11011524498462677,123.422724,-61.292882,233.834399,281.453002
2026-08-05T15:57:53.938164,1785938273.938164,24.691738,-0.03918012976646423,0.6594564914703369,-0.1929406076669693,-0.7255062460899353,0.7506344318389893,0.5354161262512207,-0.37826403975486755,-0.08242496848106384,125.682788,-58.849317,164.575676,177.938097
2026-08-05T15:57:53.955149,1785938273.955149,24.708723,-0.03648538887500763,0.6504325270652771,-0.19827911257743835,-0.7323217988014221,0.754400908946991,0.5234901309013367,-0.39156103134155273,-0.05930822715163231,128.551466,-56.822915,168.895360,119.305815
2026-08-05T15:57:53.973801,1785938273.973802,24.727376,-0.03606767952442169,0.6407643556594849,-0.19933712482452393,-0.7405325174331665,0.7613417506217957,0.5053774118423462,-0.40389543771743774,-0.04267122969031334,131.781468,-55.624202,173.167849,64.265720
2026-08-05T15:57:54.012847,1785938274.012848,24.766422,-0.03664108365774155,0.6336992383003235,-0.20007961988449097,-0.7463606595993042,0.7661223411560059,0.4918084442615509,-0.4128267467021942,-0.027478519827127457,134.502165,-54.904723,69.679180,18.426423
2026-08-05T15:57:54.021215,1785938274.021216,24.774790,-0.034866586327552795,0.626649022102356,-0.20021089911460876,-0.7523390650749207,0.7671999931335449,0.4860231876373291,-0.4184410572052002,-0.009622686542570591,136.712829,-53.232449,264.180241,199.841158
2026-08-05T15:57:54.030875,1785938274.030875,24.784449,-0.029993580654263496,0.6214034557342529,-0.200003981590271,-0.7569411396980286,0.7647876739501953,0.4879493713378906,-0.42062821984291077,0.00877950806170702,138.075121,-50.762110,141.034331,255.747515
2026-08-05T15:57:54.047081,1785938274.047081,24.800656,-0.024964455515146255,0.6182257533073425,-0.1979757845401764,-0.7602518200874329,0.7626339197158813,0.490083783864975,-0.42153024673461914,0.022798851132392883,139.017670,-48.782613,58.158702,122.142137
2026-08-05T15:57:54.089947,1785938274.089948,24.843522,-0.018830496817827225,0.61717689037323,-0.19345860183238983,-0.7624403238296509,0.7635177969932556,0.4871053099632263,-0.4229671359062195,0.02945881150662899,139.560928,-47.537721,12.673326,29.041319
2026-08-05T15:57:54.104081,1785938274.104081,24.857655,-0.011892059817910194,0.6153537034988403,-0.18659648299217224,-0.7657568454742432,0.7653967142105103,0.48224738240242004,-0.42498892545700073,0.031459737569093704,139.897454,-45.966038,23.810613,111.203062
2026-08-05T15:57:54.114328,1785938274.114328,24.867902,-0.00685945525765419,0.6145448088645935,-0.18064044415950775,-0.7678930759429932,0.7652681469917297,0.4815616011619568,-0.425869345664978,0.033141981810331345,139.981596,-44.671970,8.211442,126.287552
2026-08-05T15:57:54.156414,1785938274.156415,24.909989,-0.0031213462352752686,0.6137815713882446,-0.17624998092651367,-0.7695464491844177,0.7627391219139099,0.4851144850254059,-0.42612123489379883,0.036244649440050125,139.931123,-43.119602,-1.199281,36.885093
2026-08-05T15:57:54.163614,1785938274.163614,24.917188,-0.0016179606318473816,0.6143423318862915,-0.17256012558937073,-0.7699398994445801,0.7603554129600525,0.48825618624687195,-0.42676112055778503,0.03661429136991501,139.736903,-42.258794,-26.976794,119.564535
2026-08-05T15:57:54.171662,1785938274.171662,24.925236,-0.0019408082589507103,0.6158117055892944,-0.17002569139003754,-0.7693285942077637,0.7597752809524536,0.48888564109802246,-0.42750826478004456,0.031133197247982025,139.230559,-42.266716,-62.916833,-0.984360
2026-08-05T15:57:54.186557,1785938274.186557,24.940131,-0.004807598888874054,0.6184873580932617,-0.17059677839279175,-0.767039954662323,0.7606644630432129,0.48787835240364075,-0.42770150303840637,0.02088303491473198,138.408778,-43.370510,-55.172631,-74.106365
2026-08-05T15:57:54.197176,1785938274.197176,24.950750,-0.009397377260029316,0.6218470931053162,-0.17333842813968658,-0.7636590600013733,0.76131272315979,0.48865222930908203,-0.4260953962802887,0.008067773655056953,137.257496,-45.074704,-108.413145,-160.479249
2026-08-05T15:57:54.218285,1785938274.218286,24.970848,-0.016418417915701866,0.6252120137214661,-0.1779518723487854,-0.7597215175628662,0.7610160708427429,0.49243098497390747,-0.4222845435142517,-0.006485303398221731,135.895519,-47.247561,-67.767680,-108.114558
2026-08-05T15:57:54.231583,1785938274.231583,24.985157,-0.025019444525241852,0.6295968890190125,-0.18340612947940826,-0.7545509338378906,0.761070966720581,0.49627530574798584,-0.41697970032691956,-0.024692760780453682,134.275145,-50.075271,-113.242135,-197.618532
2026-08-05T15:57:54.244424,1785938274.244424,24.997998,-0.03403615206480026,0.6353223919868469,-0.18737199902534485,-0.7483997344970703,0.7624687552452087,0.4983106553554535,-0.40983641147613525,-0.048601504415273666,132.367983,-53.551214,-148.521478,-270.691295
2026-08-05T15:57:54.259501,1785938274.259502,25.013076,-0.04295358806848526,0.6429089307785034,-0.18945887684822083,-0.7408992648124695,0.7635058760643005,0.5012478232383728,-0.40010514855384827,-0.07566773146390915,130.163304,-57.321216,-146.217615,-250.032156
2026-08-05T15:57:54.277239,1785938274.277239,25.030813,-0.04931867867708206,0.6524564027786255,-0.1896630823612213,-0.7320516705513,0.7629815936088562,0.5069507956504822,-0.3876427710056305,-0.10292387008666992,127.536838,-60.653339,-148.075109,-187.858701
2026-08-05T15:57:54.292738,1785938274.292739,25.044295,-0.054599784314632416,0.6640217304229736,-0.1919698566198349,-0.7205864787101746,0.7621688842773438,0.5123655200004578,-0.3729633092880249,-0.1322064995765686,124.518616,-63.971705,-223.884735,-246.148783
2026-08-05T15:57:54.311251,1785938274.311251,25.063207,-0.059444256126880646,0.674347460269928,-0.18960730731487274,-0.7111781239509583,0.7615607380867004,0.5156248211860657,-0.355949729681015,-0.1656995564699173,121.611565,-66.939883,-153.714032,-156.946203
2026-08-05T15:57:54.316041,1785938274.316041,25.069615,-0.06551456451416016,0.6824464201927185,-0.18353521823883057,-0.7044807076454163,0.7600284814834595,0.5189987421035767,-0.33655446767807007,-0.19931964576244354,119.127229,-69.612634,-387.650966,-417.050935
2026-08-05T15:57:54.328262,1785938274.328263,25.081837,-0.07077714055776596,0.694008469581604,-0.18178048729896545,-0.6930382251739502,0.756320059299469,0.5250934958457947,-0.3169408142566681,-0.22760863602161407,116.496036,-72.205104,-215.290855,-212.122424
2026-08-05T15:57:54.342825,1785938274.342826,25.096400,-0.07205686718225479,0.703368604183197,-0.18124507367610931,-0.6835450530052185,0.7494190335273743,0.5351895093917847,-0.2997722327709198,-0.24915890395641327,113.666527,-73.150939,-194.296469,-64.948490
2026-08-05T15:57:54.367011,1785938274.367012,25.120586,-0.0721210241317749,0.7077469825744629,-0.1727130264043808,-0.6812242269515991,0.7401611804962158,0.547249436378479,-0.2853309214115143,-0.26695647835731506,111.185757,-72.594992,-102.569931,22.986207
2026-08-05T15:57:54.377590,1785938274.377590,25.131164,-0.0743662640452385,0.7117251753807068,-0.163230299949646,-0.6791731715202332,0.7334301471710205,0.5518498420715332,-0.27016571164131165,-0.29077935218811035,109.125542,-72.741122,-194.756877,-13.814085
2026-08-05T15:57:54.410425,1785938274.410425,25.163999,-0.07813771069049835,0.7205153703689575,-0.15428665280342102,-0.6715289354324341,0.7320976853370667,0.5463787913322449,-0.2512574791908264,-0.3199578523635864,107.672434,-74.757846,-44.254845,-61.419923
2026-08-05T15:57:54.429387,1785938274.429388,25.182962,-0.08749012649059296,0.7260943055152893,-0.14699189364910126,-0.6659800410270691,0.7330719232559204,0.5383781790733337,-0.2293223887681961,-0.34664952754974365,107.494850,-77.853476,-9.365055,-163.251086
2026-08-05T15:57:54.443688,1785938274.443688,25.197262,-0.09718763828277588,0.7269052267074585,-0.14697031676769257,-0.6637517213821411,0.7284233570098877,0.5387794971466064,-0.20673349499702454,-0.3692931830883026,106.782204,-79.832383,-49.834196,-138.381770
2026-08-05T15:57:54.460342,1785938274.460342,25.212935,-0.10657379031181335,0.7297322154045105,-0.14712917804718018,-0.659157931804657,0.7176094055175781,0.546905517578125,-0.18585249781608582,-0.389088898897171,105.336296,-80.862977,-92.253702,-65.755325
2026-08-05T15:57:54.480608,1785938274.480608,25.234183,-0.10548119246959686,0.7357940077781677,-0.13727004826068878,-0.6547068357467651,0.7058563232421875,0.5540352463722229,-0.16530920565128326,-0.40924888849258423,102.807228,-80.247163,-119.029601,28.983020
2026-08-05T15:57:54.495131,1785938274.495131,25.247222,-0.10450133681297302,0.7419748902320862,-0.13740389049053192,-0.6478242874145508,0.6965919733047485,0.55478835105896,-0.14165975153446198,-0.4323217570781708,100.658305,-80.712520,-164.805947,-35.689296
2026-08-05T15:57:54.510120,1785938274.510120,25.263694,-0.11151973903179169,0.7460273504257202,-0.13878501951694489,-0.6416762471199036,0.6898324489593506,0.551396369934082,-0.11330977827310562,-0.4552517831325531,100.076545,-82.835751,-35.316907,-128.894873
2026-08-05T15:57:54.517768,1785938274.517769,25.271343,-0.11557792127132416,0.7440276741981506,-0.13346825540065765,-0.6444022059440613,0.6831677556037903,0.5477712750434875,-0.08246588706970215,-0.4758444130420685,99.482802,-84.009607,-77.628942,-153.476039
2026-08-05T15:57:54.527570,1785938274.527571,25.281145,-0.11581309884786606,0.7380988001823425,-0.12564988434314728,-0.6526964902877808,0.672257661819458,0.5479723215103149,-0.05136070400476456,-0.49513453245162964,97.974579,-83.756096,-153.867271,25.862953
2026-08-05T15:57:54.551363,1785938274.551363,25.304937,-0.11302980035543442,0.733738124370575,-0.1141781210899353,-0.6601661443710327,0.6577582955360413,0.5504125356674194,-0.018839344382286072,-0.5138533115386963,95.728288,-82.761376,-94.412677,41.808555
2026-08-05T15:57:54.562662,1785938274.562662,25.316236,-0.10967256128787994,0.7338122725486755,-0.10740622878074646,-0.6617845892906189,0.6434674263000488,0.5506554841995239,0.016866624355316162,-0.5314544439315796,93.779781,-82.641132,-172.447440,10.641895
2026-08-05T15:57:54.579271,1785938274.579271,25.332845,-0.10908971726894379,0.7349525690078735,-0.10809032618999481,-0.6605028510093689,0.6294183731079102,0.5474081635475159,0.056797485798597336,-0.5485900640487671,92.761822,-83.813218,-61.289758,-70.569568
2026-08-05T15:57:54.611832,1785938274.611833,25.365407,-0.11159750819206238,0.727706253528595,-0.10789069533348083,-0.6680962443351746,0.6145570874214172,0.5421709418296814,0.09945189207792282,-0.5643399357795715,92.381381,-85.063991,-11.683670,-38.412301
2026-08-05T15:57:54.628479,1785938274.628479,25.382053,-0.1123470887541771,0.7181665301322937,-0.10691911727190018,-0.6783706545829773,0.6002554297447205,0.5340287089347839,0.14348699152469635,-0.5778569579124451,92.304738,-86.371078,-4.604251,-78.521913
2026-08-05T15:57:54.644805,1785938274.644805,25.398380,-0.1091085895895958,0.7142807841300964,-0.10350023210048676,-0.6835123896598816,0.5834856629371643,0.5259069800376892,0.1846572309732437,-0.590650737285614,91.692564,-87.040252,-37.495936,-40.987164
2026-08-05T15:57:54.651219,1785938274.651220,25.404794,-0.10498049855232239,0.7143034338951111,-0.09674885869026184,-0.6851224899291992,0.5638513565063477,0.5181031227111816,0.221981480717659,-0.6036266088485718,90.668462,-87.046441,-159.650366,-0.964701
2026-08-05T15:57:54.694865,1785938274.694866,25.448440,-0.10126806795597076,0.7163336277008057,-0.08704987168312073,-0.6848623156547546,0.5452290177345276,0.5102219581604004,0.2545097768306732,-0.6145111322402954,89.696986,-86.764810,-22.258283,6.452669
2026-08-05T15:57:54.704204,1785938274.704205,25.455757,-0.09946621209383011,0.7183669805526733,-0.07683344930410385,-0.68421870470047,0.52866131067276,0.5019652843475342,0.2826897203922272,-0.6234058737754822,89.067735,-86.538458,-85.992007,30.932825
2026-08-05T15:57:54.712976,1785938274.712977,25.466551,-0.09962208569049835,0.7203606367111206,-0.06569959968328476,-0.6832591891288757,0.5139859914779663,0.49495866894721985,0.30593565106391907,-0.6302680969238281,88.569325,-86.208209,-46.177088,30.597110
2026-08-05T15:57:54.729960,1785938274.729961,25.482352,-0.10067769140005112,0.7224061489105225,-0.05184699594974518,-0.6821352243423462,0.5009689927101135,0.49172210693359375,0.3233141005039215,-0.6345924735069275,87.742251,-85.367818,-52.344108,53.186891
2026-08-05T15:57:54.745076,1785938274.745076,25.498650,-0.10900304466485977,0.7226439118385315,-0.04316749796271324,-0.6812077164649963,0.4898117780685425,0.49144864082336426,0.3357316553592682,-0.6370611786842346,87.687999,-85.245398,-3.328622,7.510995
2026-08-05T15:57:54.752957,1785938274.752957,25.506531,-0.1226283460855484,0.7236043214797974,-0.040905579924583435,-0.6780038475990295,0.48255953192710876,0.4900524616241455,0.34752124547958374,-0.6373490691184998,88.985855,-86.493763,164.683291,-158.403293
2026-08-05T15:57:54.769718,1785938274.769718,25.523292,-0.14133945107460022,0.7243375778198242,-0.04879787564277649,-0.6730381846427917,0.47845593094825745,0.48738399147987366,0.3596891760826111,-0.6357362270355225,91.829593,-89.406371,169.663313,-173.772246
2026-08-05T15:57:54.795154,1785938274.795154,25.548728,-0.15985052287578583,0.724433422088623,-0.05494881793856621,-0.6683023571968079,0.47518792748451233,0.4842838644981384,0.37151291966438293,-0.6337537169456482,94.625499,-92.217761,109.918528,-110.527298
2026-08-05T15:57:54.803127,1785938274.803128,25.555381,-0.17577053606510162,0.7241817712783813,-0.05801009759306908,-0.664307177066803,0.4715936481952667,0.48180410265922546,0.3820204436779022,-0.6320797801017761,96.826347,-94.388969,330.849279,-326.393541
2026-08-05T15:57:54.814189,1785938274.814189,25.567763,-0.18189764022827148,0.7261145114898682,-0.053997691720724106,-0.6608772873878479,0.4683656394481659,0.4800039231777191,0.3907487392425537,-0.6305119395256042,97.562826,-95.046079,59.476204,-53.066553
2026-08-05T15:57:54.840062,1785938274.840063,25.592564,-0.18142490088939667,0.7304396629333496,-0.048613324761390686,-0.6566452980041504,0.46568867564201355,0.47843635082244873,0.3980039358139038,-0.6291468143463135,97.589530,-94.998442,1.076772,1.920807
2026-08-05T15:57:54.855949,1785938274.855949,25.609523,-0.1812736541032791,0.7331931591033936,-0.039649832993745804,-0.6542163491249084,0.4635225236415863,0.4777592122554779,0.40388551354408264,-0.6275107264518738,97.281542,-94.559022,-18.159990,25.909739
2026-08-05T15:57:54.873251,1785938274.873251,25.626825,-0.18355436623096466,0.7322895526885986,-0.0310370996594429,-0.6550571918487549,0.4612857401371002,0.4786665141582489,0.4076961576938629,-0.6260013580322266,96.901541,-94.071116,-21.963122,28.199726
2026-08-05T15:57:54.891312,1785938274.891312,25.644886,-0.18501919507980347,0.7333447337150574,-0.02644995227456093,-0.6536644697189331,0.45958369970321655,0.4807584285736084,0.40938204526901245,-0.6245482563972473,96.643700,-93.761611,-14.275798,17.136242
2026-08-05T15:57:54.929722,1785938274.929723,25.683297,-0.18525949120521545,0.7367759346961975,-0.026956021785736084,-0.6497054696083069,0.4597841799259186,0.4833165109157562,0.40953484177589417,-0.6223222613334656,96.757721,-93.909919,2.968496,-3.861160
2026-08-05T15:57:54.946328,1785938274.946329,25.699903,-0.18468496203422546,0.7400790452957153,-0.028239022940397263,-0.646049976348877,0.462107390165329,0.4858250021934509,0.4083438813686371,-0.6194242238998413,96.964640,-94.176678,12.460427,-16.063924
2026-08-05T15:57:54.955771,1785938274.955771,25.709345,-0.18278822302818298,0.7415752410888672,-0.028132513165473938,-0.6448771357536316,0.4649105370044708,0.48903191089630127,0.4046890139579773,-0.617197573184967,96.742043,-94.009068,-23.573769,17.750501
2026-08-05T15:57:54.971036,1785938274.971036,25.724611,-0.18063804507255554,0.7430357336997986,-0.029625609517097473,-0.6437342166900635,0.4673706293106079,0.493269681930542,0.39835506677627563,-0.6160869002342224,96.345715,-93.672483,-25.962747,22.049121
2026-08-05T15:57:54.987802,1785938274.987803,25.741377,-0.17837657034397125,0.7443679571151733,-0.033114198595285416,-0.6426547169685364,0.46963220834732056,0.4983062744140625,0.38982054591178894,-0.6157732009887695,95.870263,-93.272607,-28.358035,23.850297
2026-08-05T15:57:55.006837,1785938275.006837,25.758135,-0.17574761807918549,0.744450032711029,-0.037847891449928284,-0.6430226564407349,0.47231385111808777,0.504082977771759,0.3788053095340729,-0.6158950328826904,95.254247,-92.749415,-36.758030,31.219169
2026-08-05T15:57:55.013525,1785938275.013525,25.767099,-0.171497642993927,0.744697630405426,-0.043134912848472595,-0.6435502767562866,0.4763764441013336,0.5105899572372437,0.36462274193763733,-0.615965723991394,94.435593,-92.016014,-91.326233,81.815707
2026-08-05T15:57:55.030967,1785938275.030968,25.784542,-0.16523605585098267,0.7448273301124573,-0.047655194997787476,-0.6447184085845947,0.4817529320716858,0.518020510673523,0.3469020426273346,-0.6158149838447571,93.256822,-90.885065,-67.580507,64.838851
2026-08-05T15:57:55.039202,1785938275.039202,25.792776,-0.15722961723804474,0.7451224327087402,-0.05013775825500488,-0.6461896300315857,0.4876032769680023,0.5269843339920044,0.3255924880504608,-0.6152400374412537,91.588322,-89.187622,-202.623042,206.137857
2026-08-05T15:57:55.058544,1785938275.058544,25.812119,-0.14813989400863647,0.7461153864860535,-0.0519874207675457,-0.6470450758934021,0.49410685896873474,0.5366517305374146,0.3012944459915161,-0.6140724420547485,89.713100,-87.198449,-96.949884,102.841197
2026-08-05T15:57:55.074317,1785938275.074317,25.825869,-0.13886919617652893,0.7485525608062744,-0.053964897990226746,-0.6461237072944641,0.5009023547172546,0.546624481678009,0.27421098947525024,-0.6124597787857056,87.801357,-85.071661,-139.030231,154.669292
2026-08-05T15:57:55.089534,1785938275.089535,25.842029,-0.1306728720664978,0.7509061694145203,-0.057150475680828094,-0.6448269486427307,0.5074180364608765,0.5572196841239929,0.24426965415477753,-0.6102175712585449,85.952342,-82.905365,-114.419178,134.052871
2026-08-05T15:57:55.101127,1785938275.101127,25.854702,-0.12612800300121307,0.7522586584091187,-0.06074753403663635,-0.6438261866569519,0.5151211619377136,0.5679090619087219,0.21203917264938354,-0.6059446930885315,84.625030,-81.078742,-104.740215,144.141569
2026-08-05T15:57:55.115901,1785938275.115902,25.869476,-0.12541109323501587,0.7516674399375916,-0.06646545231342316,-0.6440915465354919,0.5268540382385254,0.5760526061058044,0.17938120663166046,-0.5986741781234741,84.434279,-80.194947,-12.910978,59.819635
2026-08-05T15:57:55.134673,1785938275.134673,25.886160,-0.12739041447639465,0.751274585723877,-0.07503579556941986,-0.6432194113731384,0.5429720878601074,0.5809499621391296,0.14702537655830383,-0.5882704257965088,85.446895,-80.383801,60.694527,-11.319611
2026-08-05T15:57:55.141892,1785938275.141893,25.894238,-0.12978589534759521,0.7505035400390625,-0.08309722691774368,-0.6426496505737305,0.5622686743736267,0.5837951302528381,0.11391095072031021,-0.574509859085083,87.077730,-80.960460,201.877526,-71.383376
2026-08-05T15:57:55.148962,1785938275.148962,25.902537,-0.13147681951522827,0.7489123940467834,-0.089634008705616,-0.6432830691337585,0.5822917819023132,0.5859641432762146,0.07945562154054642,-0.5579151511192322,88.868856,-81.405909,215.833885,-53.677286
2026-08-05T15:57:55.167749,1785938275.167750,25.921324,-0.1308339387178421,0.7466335296630859,-0.09519369900226593,-0.6452615857124329,0.6025149822235107,0.5868588089942932,0.0448320135474205,-0.5390387177467346,90.681176,-81.614949,96.464696,-11.126661
2026-08-05T15:57:55.210958,1785938275.210958,25.963697,-0.12874674797058105,0.7424073815345764,-0.09978283941745758,-0.6498478651046753,0.6225312352180481,0.5868209600448608,0.00947321392595768,-0.5176934599876404,92.583447,-81.513584,44.893783,2.392245
2026-08-05T15:57:55.229839,1785938275.229839,25.983413,-0.12605777382850647,0.7365155220031738,-0.10398463904857635,-0.6563879251480103,0.6396644115447998,0.5888045430183411,-0.03010309487581253,-0.4931861162185669,94.331555,-80.628413,88.661154,44.894364
2026-08-05T15:57:55.243173,1785938275.243173,25.996747,-0.12174218893051147,0.7317306995391846,-0.10825488716363907,-0.6618408560752869,0.6541506052017212,0.5925101041793823,-0.07407320290803909,-0.4642542898654938,95.989274,-79.038901,124.322319,119.207113
2026-08-05T15:57:55.260851,1785938275.260852,26.014426,-0.1158452108502388,0.726423442363739,-0.11292009055614471,-0.667938232421875,0.6686115860939026,0.5929969549179077,-0.11916401237249374,-0.43256568908691406,98.055496,-77.222200,116.877687,102.763309
2026-08-05T15:57:55.277619,1785938275.277619,26.030570,-0.1092076450586319,0.7222346067428589,-0.11859822273254395,-0.6725986003875732,0.6861461400985718,0.5841424465179443,-0.16068673133850098,-0.40269196033477783,100.883618,-76.163003,175.183162,65.610162
2026-08-05T15:57:55.293584,1785938275.293584,26.046406,-0.10419590026140213,0.7201282382011414,-0.12667600810527802,-0.6741776466369629,0.7050907015800476,0.5685134530067444,-0.19862516224384308,-0.3744165003299713,104.311355,-76.136687,216.455458,1.661813
2026-08-05T15:57:55.311072,1785938275.311072,26.064646,-0.09699826687574387,0.714185357093811,-0.13250574469566345,-0.6804239153862,0.7198343276977539,0.55450439453125,-0.2351832389831543,-0.3450397551059723,107.383179,-74.904587,168.405066,67.546790
2026-08-05T15:57:55.328134,1785938275.328135,26.080917,-0.09026520699262619,0.7041394114494324,-0.14098961651325226,-0.6900473237037659,0.7280532121658325,0.5469964146614075,-0.2704373598098755,-0.31240567564964294,110.060154,-72.396952,164.530349,154.122528
2026-08-05T15:57:55.343330,1785938275.343330,26.095891,-0.08264017850160599,0.6990019679069519,-0.15688328444957733,-0.6927900314331055,0.7328372001647949,0.5421635508537292,-0.3022787272930145,-0.27863219380378723,112.045085,-70.004516,132.559561,159.773960
2026-08-05T15:57:55.360323,1785938275.360323,26.113095,-0.07097470015287399,0.6935489773750305,-0.17151223123073578,-0.6960889101028442,0.7395020723342896,0.5320294499397278,-0.3293434977531433,-0.24822184443473816,113.845068,-67.396602,104.624143,151.585151
2026-08-05T15:57:55.377527,1785938275.377528,26.129726,-0.06471122801303864,0.6823994517326355,-0.19408173859119415,-0.701768696308136,0.747521698474884,0.5178359150886536,-0.3517599105834961,-0.22208642959594727,116.107915,-65.427162,136.057048,118.415521
2026-08-05T15:57:55.383765,1785938275.383765,26.137339,-0.056922879070043564,0.6736993789672852,-0.2018393576145172,-0.7086278796195984,0.7544931173324585,0.5046838521957397,-0.37019938230514526,-0.19745059311389923,118.446249,-63.159565,307.162061,297.870037
2026-08-05T15:57:55.400290,1785938275.400290,26.153865,-0.04880286753177643,0.663431704044342,-0.20142680406570435,-0.7189629077911377,0.7587679028511047,0.4959651231765747,-0.3857195973396301,-0.17178651690483093,120.896388,-60.021576,148.264059,189.887624
2026-08-05T15:57:55.410619,1785938275.410620,26.164194,-0.04035751521587372,0.6528317928314209,-0.20709997415542603,-0.7275267839431763,0.7605558633804321,0.49112388491630554,-0.39896339178085327,-0.1455354243516922,122.833857,-56.341514,187.566904,356.267671
2026-08-05T15:57:55.419883,1785938275.419883,26.173457,-0.028191952034831047,0.6412816643714905,-0.2182607352733612,-0.7350707054138184,0.7631186246871948,0.48339757323265076,-0.41124916076660156,-0.12186522781848907,124.214448,-51.828190,149.042899,487.240070
2026-08-05T15:57:55.444043,1785938275.444043,26.197617,-0.015901222825050354,0.6306406259536743,-0.23286762833595276,-0.740145742893219,0.7661902904510498,0.4714137315750122,-0.4251852333545685,-0.09969568997621536,125.495392,-47.020725,53.019433,198.985249
2026-08-05T15:57:55.459716,1785938275.459717,26.213291,-0.007553331553936005,0.6163792610168457,-0.25042566657066345,-0.7465319037437439,0.7662903666496277,0.46152085065841675,-0.440706729888916,-0.07466980069875717,127.180108,-40.820964,107.485561,395.547401
2026-08-05T15:57:55.477982,1785938275.477983,26.229901,-0.0014425981789827347,0.6026678085327148,-0.2498948872089386,-0.7578558325767517,0.7636265754699707,0.45469674468040466,-0.4559776782989502,-0.047010764479637146,130.014630,-33.473246,170.654957,442.375972
2026-08-05T15:57:55.511028,1785938275.511028,26.264602,-0.0035184770822525024,0.5936461687088013,-0.2469375729560852,-0.7658964395523071,0.7606866955757141,0.44942909479141235,-0.46792373061180115,-0.020417626947164536,133.429336,-28.343248,98.401345,147.830774
2026-08-05T15:57:55.519499,1785938275.519499,26.273073,-0.0027131084352731705,0.5888085961341858,-0.2470422238111496,-0.7695913910865784,0.7583826184272766,0.4449195861816406,-0.47633638978004456,0.00247181742452085,135.866427,-24.204025,287.697784,488.633834
2026-08-05T15:57:55.529033,1785938275.529034,26.282094,0.001438124105334282,0.5863520503044128,-0.2468089759349823,-0.7715426087379456,0.7575427293777466,0.4400557279586792,-0.4817419946193695,0.02012055367231369,137.493521,-20.914309,180.375941,364.690598
2026-08-05T15:57:55.544461,1785938275.544461,26.297355,0.008696125820279121,0.5837444067001343,-0.24285566806793213,-0.7747201323509216,0.7579841017723083,0.43545669317245483,-0.48452821373939514,0.03271472454071045,138.644449,-17.821386,75.415446,202.666172
2026-08-05T15:57:55.561225,1785938275.561225,26.314096,0.014908792451024055,0.5812971591949463,-0.23540255427360535,-0.778755784034729,0.75920170545578,0.4332965910434723,-0.4841092526912689,0.038797494024038315,139.399593,-15.989237,45.107989,109.442153
2026-08-05T15:57:55.577791,1785938275.577791,26.330782,0.01991729438304901,0.5780849456787109,-0.2306857854127884,-0.7824376225471497,0.7615090608596802,0.43172261118888855,-0.4818522036075592,0.03921962529420853,139.610958,-15.033880,12.666874,57.253481
2026-08-05T15:57:55.633368,1785938275.634141,26.386943,0.024851130321621895,0.5767035484313965,-0.2278101146221161,-0.7841566801071167,0.7631736993789673,0.43092653155326843,-0.4800335168838501,0.037896186113357544,139.377246,-14.565546,-4.161514,8.339241
2026-08-05T15:57:55.647743,1785938275.647743,26.401317,0.027255240827798843,0.5749355554580688,-0.22494550049304962,-0.7861993312835693,0.7639216780662537,0.4318314492702484,-0.4783192574977875,0.03400305286049843,139.030503,-14.246200,-24.122101,22.216201
2026-08-05T15:57:55.672303,1785938275.672304,26.425878,0.028419770300388336,0.575026273727417,-0.22352060675621033,-0.7864980101585388,0.7642878293991089,0.43299609422683716,-0.4770132005214691,0.0289317537099123,138.465583,-14.638589,-23.000770,-15.976168
2026-08-05T15:57:55.683146,1785938275.683147,26.434984,0.02670779824256897,0.5761894583702087,-0.22278542816638947,-0.7859150767326355,0.7643689513206482,0.4348296821117401,-0.4755437970161438,0.02283540554344654,137.927837,-15.854567,-59.056064,-133.540533
2026-08-05T15:57:55.697628,1785938275.697629,26.451203,0.022295350208878517,0.5783076286315918,-0.223383367061615,-0.7843255996704102,0.7638700008392334,0.43804219365119934,-0.4736914038658142,0.015435614623129368,137.300332,-17.799565,-38.689180,-119.919925
2026-08-05T15:57:55.706472,1785938275.706473,26.460047,0.016077201813459396,0.5808588862419128,-0.22474615275859833,-0.7822002172470093,0.7621284127235413,0.44304925203323364,-0.47202399373054504,0.007826697081327438,136.622438,-19.827162,-76.648958,-229.258854
2026-08-05T15:57:55.727404,1785938275.727405,26.480979,0.00883692130446434,0.58370441198349,-0.22552679479122162,-0.7799694538116455,0.7587007880210876,0.45091989636421204,-0.4701540470123291,0.00011968023318331689,135.846689,-21.730213,-37.060943,-90.917113
2026-08-05T15:57:55.743403,1785938275.743403,26.496978,0.0012041013687849045,0.5878092050552368,-0.2263532131910324,-0.7766895294189453,0.7550949454307556,0.45970281958580017,-0.46733611822128296,-0.01010232511907816,134.742881,-24.235670,-68.992976,-156.602427
2026-08-05T15:57:55.760484,1785938275.760484,26.513433,-0.008290343917906284,0.5932359099388123,-0.2287411242723465,-0.7718051671981812,0.7542727589607239,0.4642693102359772,-0.46344998478889465,-0.027219820767641068,133.320097,-28.289402,-86.462983,-246.346426
2026-08-05T15:57:55.778454,1785938275.778454,26.531440,-0.02056279592216015,0.5993536114692688,-0.23133103549480438,-0.76605623960495,0.756729245185852,0.46432119607925415,-0.45712190866470337,-0.052975092083215714,131.708439,-34.027537,-89.502725,-318.664836
2026-08-05T15:57:55.784426,1785938275.784426,26.538001,-0.03450462967157364,0.6067367196083069,-0.23331774771213531,-0.7591089606285095,0.7592100501060486,0.46595150232315063,-0.44683992862701416,-0.08260604739189148,129.891594,-40.633968,-276.924225,-1006.954754
2026-08-05T15:57:55.810112,1785938275.810112,26.563686,-0.046447157859802246,0.6156330108642578,-0.23413099348545074,-0.7510159015655518,0.7583388686180115,0.47479286789894104,-0.43288925290107727,-0.11000442504882812,127.659166,-46.515962,-86.912958,-228.998007
2026-08-05T15:57:55.826996,1785938275.826997,26.580114,-0.05028155818581581,0.6276176571846008,-0.23252776265144348,-0.7412841320037842,0.7523910403251648,0.49229440093040466,-0.41744062304496765,-0.13152000308036804,124.488851,-50.191253,-192.990924,-223.730988
2026-08-05T15:57:55.834833,1785938275.834833,26.588407,-0.05244281142950058,0.6389607787132263,-0.2297523319721222,-0.7322543263435364,0.7436902523040771,0.5119617581367493,-0.40136826038360596,-0.1540246456861496,120.908041,-52.563582,-431.754274,-286.042340
2026-08-05T15:57:55.845480,1785938275.845480,26.599054,-0.0575796477496624,0.649713933467865,-0.22250120341777802,-0.7246056199073792,0.7370068430900574,0.5252846479415894,-0.3829990327358246,-0.18495652079582214,117.592174,-55.524363,-311.442011,-278.090608
2026-08-05T15:57:55.861213,1785938275.861213,26.613218,-0.06391642242670059,0.6632977724075317,-0.2145860493183136,-0.7140778303146362,0.7342502474784851,0.5308986902236938,-0.36109912395477295,-0.22052349150180817,114.609566,-59.770655,-210.577101,-299.795315
2026-08-05T15:57:55.877054,1785938275.877055,26.630629,-0.06981416791677475,0.6780291199684143,-0.21249106526374817,-0.7001810669898987,0.7328190803527832,0.5330762267112732,-0.33861374855041504,-0.25327181816101074,111.948198,-64.170502,-152.857691,-252.708537
2026-08-05T15:57:55.886926,1785938275.886926,26.640501,-0.07151690125465393,0.6862001419067383,-0.2055129110813141,-0.6941056847572327,0.7247609496116638,0.5446760654449463,-0.31889304518699646,-0.27632761001586914,109.202940,-65.378824,-278.093163,-122.402434
2026-08-05T15:57:55.912460,1785938275.912460,26.666034,-0.07079625129699707,0.6930193901062012,-0.18827009201049805,-0.692293107509613,0.7117615342140198,0.5612093806266785,-0.3010271191596985,-0.2963484823703766,106.206870,-64.715886,-117.336889,25.963050
2026-08-05T15:57:55.928636,1785938275.928636,26.682210,-0.07467138022184372,0.7028371095657349,-0.1774248629808426,-0.6848124861717224,0.7010136246681213,0.5716665983200073,-0.2814718186855316,-0.32023540139198303,103.559941,-65.695887,-163.635688,-60.584604
2026-08-05T15:57:55.937148,1785938275.937148,26.690722,-0.08351090550422668,0.7124108076095581,-0.1671324372291565,-0.6764370203018188,0.6946436166763306,0.5730737447738647,-0.25798097252845764,-0.35000380873680115,101.881311,-68.211368,-197.201405,-295.512707
2026-08-05T15:57:55.948660,1785938275.948660,26.702234,-0.09280626475811005,0.720509946346283,-0.15674902498722076,-0.6690931916236877,0.688165545463562,0.5727725625038147,-0.2296329289674759,-0.381613165140152,100.393901,-70.826933,-129.207444,-227.207300
2026-08-05T15:57:55.960055,1785938275.960056,26.713122,-0.10293425619602203,0.7248309850692749,-0.14956070482730865,-0.6645749807357788,0.6777696013450623,0.5765462517738342,-0.1988172084093094,-0.4107247591018677,98.792456,-72.809599,-147.085310,-182.098702
2026-08-05T15:57:56.020579,1785938276.020579,26.774153,-0.10661344230175018,0.7310591340065002,-0.13191792368888855,-0.6608989834785461,0.6623077392578125,0.5845159292221069,-0.1672818958759308,-0.43784299492836,96.152505,-72.923160,-43.255664,-1.860711
2026-08-05T15:57:56.023771,1785938276.023771,26.777345,-0.10622990131378174,0.7386599779129028,-0.12163171172142029,-0.6544507145881653,0.6432991623878479,0.5928958654403687,-0.1345643401145935,-0.46533137559890747,92.658481,-72.542047,-1094.636973,119.398237
2026-08-05T15:57:56.044729,1785938276.044729,26.797205,-0.10863253474235535,0.7428694367408752,-0.12091320008039474,-0.6494054198265076,0.6213587522506714,0.6007097363471985,-0.09921922534704208,-0.4931701421737671,89.365349,-72.573936,-165.821048,-1.605696
2026-08-05T15:57:56.059950,1785938276.059950,26.813524,-0.10802321135997772,0.7477232813835144,-0.11538589745759964,-0.6449268460273743,0.6010780334472656,0.6028091907501221,-0.0599990040063858,-0.5212740898132324,86.409923,-72.658379,-181.097645,-5.174354
2026-08-05T15:57:56.078811,1785938276.078811,26.830364,-0.10189967602491379,0.748779833316803,-0.10433794558048248,-0.6465774774551392,0.5838800668716431,0.5995025634765625,-0.018055105581879616,-0.5471331477165222,83.674119,-72.240409,-162.461156,24.820431
2026-08-05T15:57:56.096645,1785938276.096645,26.850219,-0.09764618426561356,0.74468594789505,-0.09684225916862488,-0.653095006942749,0.5665968656539917,0.5926702618598938,0.02608533389866352,-0.5718650221824646,81.602311,-72.222130,-104.345585,0.920624
2026-08-05T15:57:56.106642,1785938276.106642,26.860216,-0.09851731359958649,0.7441703081130981,-0.0911022424697876,-0.6543769240379333,0.5478284358978271,0.585174560546875,0.07161147892475128,-0.593571126461029,80.471581,-73.133937,-113.108173,-91.209106
2026-08-05T15:57:56.130467,1785938276.130467,26.883410,-0.09685118496417999,0.7463910579681396,-0.08543909341096878,-0.6528584957122803,0.526600182056427,0.5780850648880005,0.11607228964567184,-0.6124027967453003,79.225849,-73.678997,-53.709601,-23.500207
2026-08-05T15:57:56.135954,1785938276.135955,26.889529,-0.09661127626895905,0.7408121228218079,-0.07953223586082458,-0.6599558591842651,0.5046303272247314,0.5698707103729248,0.15856234729290009,-0.628851056098938,78.241871,-73.899133,-160.819099,-35.978515
2026-08-05T15:57:56.144397,1785938276.144397,26.897972,-0.096833236515522,0.7373104691505432,-0.07037889957427979,-0.664866030216217,0.4847331941127777,0.5594889521598816,0.19994479417800903,-0.6418940424919128,77.793444,-74.301034,-53.113141,-47.602395
2026-08-05T15:57:56.154419,1785938276.154419,26.906689,-0.09360264241695404,0.7417678236961365,-0.06090373545885086,-0.6612966060638428,0.4682728946208954,0.5475176572799683,0.2395315021276474,-0.6508223414421082,77.826802,-74.961283,3.826577,-75.738007
2026-08-05T15:57:56.168534,1785938276.168535,26.922109,-0.0931641086935997,0.7463060021400452,-0.0557188019156456,-0.6566938161849976,0.45556291937828064,0.5353786945343018,0.27455732226371765,-0.656087338924408,78.812695,-76.280537,63.937179,-85.556237
2026-08-05T15:57:56.178819,1785938276.178819,26.932393,-0.09530314803123474,0.7457775473594666,-0.05207054316997528,-0.6572862863540649,0.4455077648162842,0.5257961750030518,0.30214136838912964,-0.6586137413978577,79.859428,-77.481663,101.778459,-116.790843
2026-08-05T15:57:56.187076,1785938276.187077,26.940651,-0.09855154156684875,0.7449084520339966,-0.050321802496910095,-0.6579287052154541,0.4389108121395111,0.5200130939483643,0.32152655720710754,-0.6584560871124268,80.869898,-78.589489,122.371552,-134.161798
2026-08-05T15:57:56.206362,1785938276.206362,26.959937,-0.11123812198638916,0.7446292042732239,-0.04774640500545502,-0.6564126014709473,0.4368152320384979,0.5164046287536621,0.33495262265205383,-0.6559920907020569,82.724492,-80.367507,96.163141,-92.192532
2026-08-05T15:57:56.228454,1785938276.228455,26.982029,-0.12996681034564972,0.7450087070465088,-0.04186462238430977,-0.6529330611228943,0.43798989057540894,0.5136551856994629,0.34613269567489624,-0.6515485644340515,85.101449,-82.525619,107.593047,-97.687027
2026-08-05T15:57:56.253803,1785938276.253803,27.007377,-0.1490500271320343,0.746489405632019,-0.036276888102293015,-0.6474762558937073,0.4400789141654968,0.510314404964447,0.3574214279651642,-0.6466526985168457,87.713347,-84.888642,103.039845,-93.221697
2026-08-05T15:57:56.272146,1785938276.272146,27.023692,-0.17005164921283722,0.7431731224060059,-0.041384678333997726,-0.6458073258399963,0.44184181094169617,0.5058451890945435,0.3691878616809845,-0.6423370838165283,91.091332,-88.260166,207.045021,-206.649003
2026-08-05T15:57:56.311304,1785938276.311305,27.064879,-0.184847891330719,0.7408784627914429,-0.041676461696624756,-0.6443580985069275,0.4412125051021576,0.5027410387992859,0.3787081837654114,-0.6396586894989014,93.166886,-90.266062,50.393944,-48.702659
2026-08-05T15:57:56.328176,1785938276.328177,27.081751,-0.18995122611522675,0.7428645491600037,-0.0321265384554863,-0.6411259174346924,0.4376874268054962,0.5022838115692139,0.38420894742012024,-0.6391590237617493,93.146546,-89.998708,-1.205520,15.845879
2026-08-05T15:57:56.336755,1785938276.336755,27.090329,-0.19029365479946136,0.743201494216919,-0.027460360899567604,-0.6408506631851196,0.4349437654018402,0.5018227696418762,0.3877258896827698,-0.6392704844474792,92.863711,-89.629313,-32.971047,43.061500
2026-08-05T15:57:56.349341,1785938276.349341,27.102916,-0.18901164829730988,0.7448784708976746,-0.02477235719561577,-0.6393908262252808,0.43504661321640015,0.500655472278595,0.39036980271339417,-0.6385061144828796,92.853418,-89.567761,-0.817778,4.890481
2026-08-05T15:57:56.360956,1785938276.360956,27.114531,-0.18605941534042358,0.7496041059494019,-0.02239823527634144,-0.6348051428794861,0.43689602613449097,0.5005022883415222,0.39098596572875977,-0.6369845867156982,92.820124,-89.465343,-2.866455,8.817724
2026-08-05T15:57:56.370770,1785938276.370770,27.124344,-0.1839512437582016,0.7502914071083069,-0.019534822553396225,-0.6347023248672485,0.43899860978126526,0.5019887685775757,0.38866865634918213,-0.635786235332489,92.450567,-89.081826,-37.656935,39.079434
2026-08-05T15:57:56.379929,1785938276.379929,27.133503,-0.18379518389701843,0.7481212019920349,-0.017559604719281197,-0.6373611688613892,0.4407530426979065,0.5054262280464172,0.3835209608078003,-0.6349747180938721,91.932139,-88.593017,-56.602609,53.368741
2026-08-05T15:57:56.413491,1785938276.413492,27.165450,-0.18196982145309448,0.7489541172981262,-0.019861023873090744,-0.6368390917778015,0.44336557388305664,0.5093780159950256,0.37678197026252747,-0.6340320110321045,91.608279,-88.347553,-10.137422,7.683498
2026-08-05T15:57:56.422297,1785938276.422298,27.175872,-0.17900942265987396,0.7506617307662964,-0.025556989014148712,-0.6354629993438721,0.44779229164123535,0.5130589008331299,0.36884644627571106,-0.6326175928115845,91.538181,-88.416734,-6.726350,-6.638324
2026-08-05T15:57:56.437455,1785938276.437455,27.191029,-0.17717254161834717,0.7501760125160217,-0.03126239404082298,-0.636295735836029,0.45315486192703247,0.517623245716095,0.35807254910469055,-0.6312695741653442,91.386366,-88.397148,-10.015819,1.292185
2026-08-05T15:57:56.444849,1785938276.444849,27.198424,-0.17370648682117462,0.7497596144676208,-0.03598068654537201,-0.6374917030334473,0.4581812918186188,0.524648129940033,0.34276074171066284,-0.6303409337997437,90.619485,-87.721351,-103.712338,91.394079
2026-08-05T15:57:56.461790,1785938276.461790,27.215364,-0.16571855545043945,0.7501665949821472,-0.0385340116918087,-0.6389886140823364,0.46328604221343994,0.5337594747543335,0.3236246705055237,-0.629073977470398,89.019273,-86.173420,-94.458885,91.372783
2026-08-05T15:57:56.476829,1785938276.476829,27.230403,-0.15242214500904083,0.7528942823410034,-0.03986714780330658,-0.6390087008476257,0.4697437286376953,0.5435484051704407,0.30184370279312134,-0.6267266869544983,86.881817,-84.053371,-142.127792,140.970393
2026-08-05T15:57:56.521389,1785938276.521390,27.274964,-0.13856425881385803,0.7567794322967529,-0.04094810411334038,-0.6375042796134949,0.47669097781181335,0.5542762875556946,0.27664533257484436,-0.6237073540687561,84.588398,-81.685401,-51.467622,53.140657
2026-08-05T15:57:56.540103,1785938276.540104,27.293678,-0.12990999221801758,0.7593643665313721,-0.041787177324295044,-0.6361972093582153,0.48275265097618103,0.566825807094574,0.24732762575149536,-0.6200706362724304,82.495885,-79.334222,-111.814216,125.636143
2026-08-05T15:57:56.551883,1785938276.551884,27.305458,-0.1261705756187439,0.7600683569908142,-0.04423893243074417,-0.6359432935714722,0.4897228181362152,0.5800594687461853,0.21536560356616974,-0.6142640113830566,81.035580,-77.446283,-123.967096,160.269370
2026-08-05T15:57:56.562810,1785938276.562810,27.316384,-0.12478718161582947,0.7615899443626404,-0.050469040870666504,-0.6339287757873535,0.4997664988040924,0.5916293859481812,0.18312035501003265,-0.6055369973182678,80.569852,-76.473732,-42.623745,89.008629
2026-08-05T15:57:56.579542,1785938276.579542,27.333116,-0.12591364979743958,0.763968288898468,-0.06032687798142433,-0.6299704313278198,0.5139951705932617,0.5996379852294922,0.15201041102409363,-0.5942524671554565,81.322509,-76.665319,44.983165,-11.450343
2026-08-05T15:57:56.589878,1785938276.589878,27.343452,-0.12588411569595337,0.7654738426208496,-0.06507164239883423,-0.6276724934577942,0.5312883853912354,0.6050193905830383,0.12115741521120071,-0.5805216431617737,82.343838,-76.805474,98.811193,-13.559683
2026-08-05T15:57:56.606720,1785938276.606721,27.360295,-0.12499214708805084,0.7646129131317139,-0.06872787326574326,-0.6285097002983093,0.5486096739768982,0.6099532842636108,0.08869017660617828,-0.5649059414863586,83.379345,-76.649657,61.482275,9.251484
2026-08-05T15:57:56.614846,1785938276.614847,27.368421,-0.12346573919057846,0.7649598121643066,-0.07236021012067795,-0.6279814839363098,0.5628190040588379,0.6176744699478149,0.05198841914534569,-0.5468184351921082,84.087158,-75.884874,87.104545,94.115319
2026-08-05T15:57:56.627229,1785938276.627230,27.378954,-0.12113763391971588,0.766026496887207,-0.07572099566459656,-0.6267367601394653,0.574667751789093,0.6283215880393982,0.01085115410387516,-0.5242627859115601,84.631037,-74.552184,51.632937,126.518305
2026-08-05T15:57:56.644277,1785938276.644278,27.397852,-0.11753503978252411,0.7642506957054138,-0.07860126346349716,-0.6292312145233154,0.5871602892875671,0.637169599533081,-0.03131010755896568,-0.498274564743042,85.565412,-73.000688,49.444303,82.100485
2026-08-05T15:57:56.661851,1785938276.661852,27.413155,-0.11117391288280487,0.7626051902770996,-0.08044889569282532,-0.6321434378623962,0.6032276749610901,0.6399180293083191,-0.07050007581710815,-0.4707983434200287,87.191333,-71.823259,106.247528,76.940343
2026-08-05T15:57:56.688950,1785938276.688951,27.442525,-0.10304425656795502,0.7606149315834045,-0.0830514058470726,-0.6355730891227722,0.623115599155426,0.6357446312904358,-0.10604550689458847,-0.4430690407752991,89.569713,-71.276989,80.981059,18.599849
2026-08-05T15:57:56.697480,1785938276.697481,27.451055,-0.09524786472320557,0.7555223107337952,-0.08766405284404755,-0.6422091722488403,0.6410714387893677,0.630853533744812,-0.14119762182235718,-0.4136599600315094,92.169103,-70.481239,304.730002,93.286930
2026-08-05T15:57:56.707353,1785938276.707354,27.459288,-0.08803974837064743,0.7474642992019653,-0.09505286812782288,-0.6515480875968933,0.6534379124641418,0.6304243206977844,-0.17843104898929596,-0.37913933396339417,94.675131,-68.764218,304.367905,208.539551
2026-08-05T15:57:56.741018,1785938276.741019,27.494593,-0.07763099670410156,0.7411174178123474,-0.10246743261814117,-0.6589557528495789,0.6609196662902832,0.633529543876648,-0.21688488125801086,-0.33880195021629333,96.836241,-65.974885,61.213793,79.008312
2026-08-05T15:57:56.772176,1785938276.772177,27.525751,-0.06395326554775238,0.7399827241897583,-0.11295631527900696,-0.6599851846694946,0.6699530482292175,0.6309640407562256,-0.2530958652496338,-0.29831159114837646,98.988329,-63.604952,69.069676,76.061244
2026-08-05T15:57:56.788774,1785938276.788774,27.542349,-0.05129101872444153,0.7398794889450073,-0.13270264863967896,-0.6575268507003784,0.6852797269821167,0.6154248118400574,-0.2850812077522278,-0.2652789354324341,101.537891,-62.838983,153.608970,46.148985
2026-08-05T15:57:56.798779,1785938276.798780,27.550845,-0.04050682857632637,0.7382519245147705,-0.15486255288124084,-0.6552591919898987,0.7040903568267822,0.5907559990882874,-0.3131164014339447,-0.23921209573745728,104.409577,-63.006540,338.002551,-19.721792
2026-08-05T15:57:56.814924,1785938276.814925,27.568499,-0.033356525003910065,0.7265287041664124,-0.17050491273403168,-0.6648122072219849,0.7181545495986938,0.5696774125099182,-0.339167058467865,-0.2113943099975586,107.927377,-61.690084,199.261612,74.569104
2026-08-05T15:57:56.831830,1785938276.831830,27.585404,-0.032106950879096985,0.7018172740936279,-0.18692071735858917,-0.6866486668586731,0.7228606343269348,0.5603779554367065,-0.36405444145202637,-0.17582286894321442,112.047291,-57.751695,243.701919,232.964297
2026-08-05T15:57:56.840823,1785938276.840823,27.594398,-0.027648113667964935,0.6855448484420776,-0.1983053982257843,-0.6999590396881104,0.7214266657829285,0.5584800839424133,-0.3865255117416382,-0.13506223261356354,115.433652,-52.991026,376.548945,529.366234
2026-08-05T15:57:56.853947,1785938276.853948,27.607522,-0.023147590458393097,0.6689605116844177,-0.21507607400417328,-0.7111274600028992,0.7207925319671631,0.55399489402771,-0.4050735533237457,-0.09727954119443893,118.643717,-48.132304,244.590808,370.210116
2026-08-05T15:57:56.859238,1785938276.859239,27.612813,-0.017922285944223404,0.6576951742172241,-0.2257395088672638,-0.7184438705444336,0.7262868881225586,0.5391050577163696,-0.42134663462638855,-0.0658816546201706,122.106589,-44.801300,654.455700,629.533820
2026-08-05T15:57:56.879128,1785938276.879129,27.632703,-0.014920340850949287,0.6455828547477722,-0.2280862033367157,-0.72868412733078,0.7331002354621887,0.5200892686843872,-0.4367027282714844,-0.03690658509731293,126.343081,-41.554584,212.995343,163.232995
2026-08-05T15:57:56.887220,1785938276.887220,27.640794,-0.014300378039479256,0.6282798647880554,-0.2269965261220932,-0.7440001964569092,0.7354292273521423,0.5069284439086914,-0.449613094329834,-0.003943387418985367,131.216952,-36.377400,602.365994,639.852853
2026-08-05T15:57:56.920702,1785938276.920703,27.674277,-0.012934844940900803,0.6139137744903564,-0.22411035001277924,-0.7567834258079529,0.7336933016777039,0.5000159740447998,-0.4590786099433899,0.030417606234550476,135.661923,-30.436968,132.754870,177.418720
2026-08-05T15:57:56.939739,1785938276.939740,27.693314,-0.008587082847952843,0.6036242842674255,-0.21908734738826752,-0.7665302753448486,0.7345385551452637,0.491195410490036,-0.465065598487854,0.05379713326692581,138.922339,-25.482132,171.265057,260.270648
2026-08-05T15:57:56.945812,1785938276.945812,27.699386,-0.00033043138682842255,0.5961835980415344,-0.20976948738098145,-0.7749617099761963,0.7398449778556824,0.4778267741203308,-0.46926337480545044,0.06405474245548248,141.046477,-21.778751,349.808808,609.882758
2026-08-05T15:57:56.953989,1785938276.953990,27.707564,0.009817453101277351,0.5905018448829651,-0.19965995848178864,-0.7818893790245056,0.7450021505355835,0.47073978185653687,-0.4681820869445801,0.06466561555862427,141.680650,-19.476403,77.550871,281.546013
2026-08-05T15:57:56.972888,1785938276.972888,27.726462,0.018841315060853958,0.5861256718635559,-0.1938018500804901,-0.786477267742157,0.7464877963066101,0.4734571576118469,-0.4630352854728699,0.06475017964839935,141.416061,-17.855218,-14.000562,85.783894
2026-08-05T15:57:57.040747,1785938277.040747,27.794321,0.02612145245075226,0.5849364399909973,-0.19288773834705353,-0.7873790264129639,0.7472712993621826,0.4778464436531067,-0.45784008502960205,0.06025705486536026,140.258991,-17.563429,-17.051102,4.299931
2026-08-05T15:57:57.054961,1785938277.054962,27.808536,0.0283084437251091,0.5848313570022583,-0.19326454401016235,-0.7872887253761292,0.7479510307312012,0.48078683018684387,-0.45465773344039917,0.0519615076482296,139.109481,-18.159947,-80.868765,-41.965397
2026-08-05T15:57:57.071727,1785938277.071727,27.825301,0.02519133687019348,0.5871673822402954,-0.19591736793518066,-0.7849970459938049,0.7477585673332214,0.4832375645637512,-0.45325854420661926,0.04353650286793709,138.142980,-19.864705,-57.648668,-101.683405
2026-08-05T15:57:57.092917,1785938277.092918,27.846492,0.019549179822206497,0.5907055139541626,-0.19870062172412872,-0.7817971110343933,0.7465998530387878,0.48586738109588623,-0.45296207070350647,0.03670097142457962,137.441919,-21.866895,-33.083163,-94.483551
2026-08-05T15:57:57.110411,1785938277.110411,27.863986,0.007671281695365906,0.5976845622062683,-0.2035200297832489,-0.7754340171813965,0.7452260851860046,0.4880581498146057,-0.45327451825141907,0.031300511211156845,137.135615,-25.836773,-17.509625,-226.934646
2026-08-05T15:57:57.127050,1785938277.127051,27.880625,0.003676740452647209,0.6024506688117981,-0.20536109805107117,-0.7712785005569458,0.7438830137252808,0.49039050936698914,-0.45327064394950867,0.026477042585611343,136.465955,-27.666705,-40.245844,-109.976943
2026-08-05T15:57:57.160628,1785938277.160629,27.914203,0.0011157970875501633,0.6075451374053955,-0.20721890032291412,-0.7667803168296814,0.74250328540802,0.4936573803424835,-0.4522508382797241,0.021458089351654053,135.579287,-29.445686,-26.406265,-52.980688
2026-08-05T15:57:57.176907,1785938277.176908,27.930482,-0.00191553495824337,0.6122938990592957,-0.20941638946533203,-0.7623918056488037,0.741612434387207,0.497124046087265,-0.45017215609550476,0.01495978981256485,134.609090,-31.467066,-59.597260,-124.169300
2026-08-05T15:57:57.193847,1785938277.193847,27.947421,-0.005926638841629028,0.6167919635772705,-0.21223339438438416,-0.7579535841941833,0.7406535744667053,0.5015456080436707,-0.44703808426856995,0.006431054789572954,133.472935,-33.694818,-67.072674,-131.514890
2026-08-05T15:57:57.218143,1785938277.218143,27.971718,-0.010173032060265541,0.622521698474884,-0.21553663909435272,-0.7522707581520081,0.73866206407547,0.5084198117256165,-0.4425763487815857,-0.003754477947950363,131.941515,-36.144723,-63.030447,-100.833558
2026-08-05T15:57:57.225947,1785938277.225947,27.979522,-0.01518445648252964,0.6337738037109375,-0.2155912071466446,-0.7427143454551697,0.7348424792289734,0.5174036026000977,-0.438333123922348,-0.012823541648685932,130.231968,-39.430505,-219.062660,-421.042673
2026-08-05T15:57:57.244925,1785938277.244926,27.998500,-0.01947537623345852,0.63807213306427,-0.2132979780435562,-0.7395893335342407,0.7297870516777039,0.5269299149513245,-0.4351714849472046,-0.01953921467065811,129.156534,-40.469261,-56.665598,-54.733024
2026-08-05T15:57:57.256157,1785938277.256158,28.009732,-0.02632937580347061,0.6423357129096985,-0.2131267935037613,-0.7357259392738342,0.7262828946113586,0.5333524942398071,-0.43265971541404724,-0.029219932854175568,128.152181,-42.148863,-89.421609,-149.541734
2026-08-05T15:57:57.270353,1785938277.270353,28.023927,-0.03457283973693848,0.6461297869682312,-0.2148040235042572,-0.7315628528594971,0.7264487743377686,0.5343139171600342,-0.42985934019088745,-0.04474227502942085,127.129375,-44.690246,-72.050504,-179.025147
2026-08-05T15:57:57.281154,1785938277.281155,28.034729,-0.04271012544631958,0.6501534581184387,-0.2158806025981903,-0.7272385358810425,0.7293787598609924,0.5318577885627747,-0.42525455355644226,-0.06551814824342728,125.987471,-47.922695,-105.716627,-299.257733
2026-08-05T15:57:57.296401,1785938277.296401,28.048748,-0.04819685220718384,0.655245304107666,-0.214358851313591,-0.722761869430542,0.7315577864646912,0.531527578830719,-0.4177345633506775,-0.08831507712602615,124.398640,-50.903047,-113.330186,-212.586348
2026-08-05T15:57:57.311656,1785938277.311656,28.065230,-0.054666273295879364,0.6615299582481384,-0.2094842940568924,-0.7179901599884033,0.730965793132782,0.5365540981292725,-0.4073774814605713,-0.10882339626550674,122.830289,-53.886436,-95.156123,-181.010252
2026-08-05T15:57:57.328148,1785938277.328148,28.081722,-0.061569735407829285,0.6704884767532349,-0.20430293679237366,-0.7105764150619507,0.727497398853302,0.5460829734802246,-0.3955995440483093,-0.12665684521198273,121.033249,-56.810276,-108.963459,-177.287019
2026-08-05T15:57:57.338989,1785938277.338989,28.092564,-0.06539736688137054,0.6823855042457581,-0.20175591111183167,-0.6995509266853333,0.7227032780647278,0.5569806098937988,-0.38192829489707947,-0.14698107540607452,118.313827,-59.337634,-250.843059,-233.126813
2026-08-05T15:57:57.354347,1785938277.354348,28.107922,-0.06816510856151581,0.692430317401886,-0.19849321246147156,-0.6902884244918823,0.7196052670478821,0.5645386576652527,-0.3651261627674103,-0.1736297905445099,115.423315,-61.717729,-188.206265,-154.972125
2026-08-05T15:57:57.368786,1785938277.368786,28.122360,-0.07016933709383011,0.6996806263923645,-0.1857021600008011,-0.6863247752189636,0.7201707363128662,0.5653949975967407,-0.34470412135124207,-0.20703092217445374,113.106229,-64.152991,-160.483599,-168.668576
2026-08-05T15:57:57.420143,1785938277.420143,28.173717,-0.07443948835134506,0.7064372301101685,-0.16951420903205872,-0.6831352710723877,0.7222453355789185,0.5628878474235535,-0.32067930698394775,-0.24224795401096344,111.371977,-67.140529,-33.768377,-58.171658
2026-08-05T15:57:57.456875,1785938277.456876,28.210450,-0.07868005335330963,0.7136213183403015,-0.16236071288585663,-0.6769024729728699,0.7203298807144165,0.5657449960708618,-0.29502326250076294,-0.2720637917518616,109.223806,-69.670968,-58.481582,-68.888405
2026-08-05T15:57:57.495555,1785938277.495555,28.249130,-0.08062991499900818,0.7214078903198242,-0.1528061479330063,-0.67061448097229,0.7138512134552002,0.5751974582672119,-0.2696996331214905,-0.29466336965560913,106.802082,-71.031125,-62.609467,-35.164502
2026-08-05T15:57:57.508291,1785938277.508291,28.261865,-0.084645576775074,0.732459545135498,-0.1399160772562027,-0.6608824729919434,0.7035372257232666,0.5878155827522278,-0.245639830827713,-0.3149118423461914,104.315839,-72.130121,-195.216222,-86.291579
2026-08-05T15:57:57.524857,1785938277.524858,28.278432,-0.09267351776361465,0.7488338947296143,-0.13408856093883514,-0.6424046158790588,0.691382884979248,0.5983406901359558,-0.22009137272834778,-0.33990904688835144,101.625855,-74.142606,-162.377072,-121.480822
2026-08-05T15:57:57.533122,1785938277.533122,28.286696,-0.0858326405286789,0.7580845952033997,-0.11243312805891037,-0.6366342902183533,0.6806797385215759,0.6027397513389587,-0.1900900900363922,-0.37046679854393005,98.050528,-73.357102,-432.598022,95.042339
2026-08-05T15:57:57.549771,1785938277.549772,28.303346,-0.07717788964509964,0.7517936825752258,-0.09298107028007507,-0.6482349038124084,0.6503413319587708,0.6016155481338501,-0.09229332953691483,-0.4545292854309082,90.289098,-72.566036,-466.173031,47.513626
2026-08-05T15:57:57.567235,1785938277.567235,28.319832,-0.08486379683017731,0.7487147450447083,-0.09271053969860077,-0.6508710384368896,0.5978676676750183,0.5998925566673279,0.01655547320842743,-0.5314220190048218,84.065568,-73.889023,-377.500122,-80.248322
2026-08-05T15:57:57.583631,1785938277.583631,28.337205,-0.09294705092906952,0.7457168698310852,-0.07861947268247604,-0.6550498008728027,0.5794759392738342,0.5928962826728821,0.058355145156383514,-0.5561262965202332,83.169777,-74.539557,-51.561306,-37.444434
2026-08-05T15:57:57.591097,1785938277.591098,28.344672,-0.0860041007399559,0.7421571612358093,-0.06584341824054718,-0.6614186763763428,0.5604321956634521,0.5839315056800842,0.10120456665754318,-0.5785305500030518,80.867722,-73.769922,-308.315493,103.077677
2026-08-05T15:57:57.608098,1785938277.608099,28.361673,-0.07670298218727112,0.7455135583877563,-0.06672747433185577,-0.6586939096450806,0.5407860279083252,0.5743643045425415,0.14317403733730316,-0.5976266264915466,79.145882,-74.052450,-101.277862,-16.618162
2026-08-05T15:57:57.617460,1785938277.617460,28.369947,-0.08035913109779358,0.7446170449256897,-0.06589305400848389,-0.6593557000160217,0.5201320052146912,0.5649607181549072,0.18214865028858185,-0.6140878200531006,78.971906,-75.098492,-21.026054,-126.420405
2026-08-05T15:57:57.634384,1785938277.634385,28.387959,-0.08381237089633942,0.7422829270362854,-0.06026570126414299,-0.6620902419090271,0.5009744167327881,0.5561445355415344,0.2172822803258896,-0.6265112161636353,78.835026,-75.678668,-7.599440,-32.210846
2026-08-05T15:57:57.667201,1785938277.667202,28.420776,-0.08864324539899826,0.7419368624687195,-0.05289938673377037,-0.6624783873558044,0.48536455631256104,0.546664297580719,0.2484665960073471,-0.6354870796203613,79.217247,-76.448553,11.647157,-23.460181
2026-08-05T15:57:57.684526,1785938277.684526,28.436616,-0.09489095211029053,0.7407939434051514,-0.042457226663827896,-0.6636424660682678,0.4743848443031311,0.5373965501785278,0.276054710149765,-0.6402797102928162,79.958008,-77.299222,46.764338,-53.702857
2026-08-05T15:57:57.693104,1785938277.693105,28.446679,-0.10752500593662262,0.7392370104789734,-0.032870080322027206,-0.6639958620071411,0.46707820892333984,0.5297521948814392,0.29865825176239014,-0.6418753266334534,81.463310,-78.728236,149.585347,-142.004342
2026-08-05T15:57:57.709545,1785938277.709545,28.463119,-0.1239410862326622,0.7440199851989746,-0.0309136975556612,-0.6558361649513245,0.4608273506164551,0.5246647000312805,0.3159915506839752,-0.64227294921875,83.733073,-80.906476,138.062120,-132.495168
2026-08-05T15:57:57.728316,1785938277.728317,28.481891,-0.1403784453868866,0.7498334646224976,-0.03581826388835907,-0.6455730199813843,0.4525279402732849,0.5234366059303284,0.3277297914028168,-0.6432929635047913,85.804265,-82.941788,110.334765,-108.423366
2026-08-05T15:57:57.738569,1785938277.738569,28.492143,-0.1596977859735489,0.747836709022522,-0.04355432093143463,-0.6429181098937988,0.44318559765815735,0.5229630470275879,0.33711865544319153,-0.6453272700309753,87.804577,-84.961399,195.109831,-196.992259
2026-08-05T15:57:57.754292,1785938277.754292,28.507866,-0.17510072886943817,0.7445166110992432,-0.04492003470659256,-0.6426671743392944,0.43499186635017395,0.5208008289337158,0.3470202088356018,-0.6473991870880127,89.196093,-86.270738,88.502006,-83.275417
2026-08-05T15:57:57.771068,1785938277.771069,28.523021,-0.1817944347858429,0.745907187461853,-0.038824185729026794,-0.6395856738090515,0.42886883020401,0.5169883966445923,0.35747602581977844,-0.6488494277000427,89.729490,-86.582300,35.197043,-20.558934
2026-08-05T15:57:57.779475,1785938277.779475,28.533049,-0.1842437982559204,0.7459976673126221,-0.03571648895740509,-0.6389598846435547,0.42396900057792664,0.5131545662879944,0.3660370707511902,-0.6503380537033081,89.990809,-86.731843,26.057937,-14.911984
2026-08-05T15:57:57.788245,1785938277.788246,28.541820,-0.1871090829372406,0.7464737892150879,-0.03397684171795845,-0.6376650333404541,0.41939616203308105,0.5115166902542114,0.3699757754802704,-0.6523616313934326,90.053423,-86.671151,7.139216,6.920002
2026-08-05T15:57:57.795914,1785938277.795915,28.549489,-0.19088265299797058,0.7441855072975159,-0.033097200095653534,-0.6392655372619629,0.4155537784099579,0.512037992477417,0.3698558211326599,-0.6544761657714844,89.876155,-86.430059,-23.113536,31.435327
2026-08-05T15:57:57.822233,1785938277.822234,28.575808,-0.19289268553256989,0.7428150177001953,-0.03297380357980728,-0.6402614116668701,0.4144894778728485,0.5123302936553955,0.3690636456012726,-0.6553689241409302,89.846840,-86.375510,-1.113850,2.072628
2026-08-05T15:57:57.889316,1785938277.889316,28.642890,-0.19242973625659943,0.7434594035148621,-0.03583887964487076,-0.6394986510276794,0.4168027937412262,0.5114722847938538,0.3685837686061859,-0.6548416614532471,90.241837,-86.817977,5.888242,-6.595869
2026-08-05T15:57:57.906038,1785938277.906038,28.659096,-0.19110508263111115,0.7437053918838501,-0.03952685743570328,-0.6393923163414001,0.41992542147636414,0.5121347308158875,0.3649243414402008,-0.6543782949447632,90.404513,-87.061582,10.038259,-15.032196
2026-08-05T15:57:57.922883,1785938277.922884,28.676458,-0.18998371064662933,0.7420633435249329,-0.04285110905766487,-0.6414171457290649,0.42232778668403625,0.5163367986679077,0.35582205653190613,-0.6545428037643433,89.935385,-86.689760,-27.020894,21.416296
2026-08-05T15:57:57.940430,1785938277.940430,28.693339,-0.18655960261821747,0.7411569356918335,-0.04575037583708763,-0.6432672739028931,0.4252227544784546,0.522625744342804,0.34283509850502014,-0.6546084880828857,88.972246,-85.816244,-57.054692,51.745563
2026-08-05T15:57:57.958942,1785938277.958943,28.712517,-0.1779542863368988,0.7425409555435181,-0.04849598556756973,-0.6439077854156494,0.43162786960601807,0.5287234783172607,0.3292519748210907,-0.652489185333252,87.897178,-84.871414,-56.056926,49.265921
2026-08-05T15:57:57.975553,1785938277.975554,28.729128,-0.16657473146915436,0.7447718381881714,-0.049021895974874496,-0.6443357467651367,0.4413829743862152,0.5348575115203857,0.31433728337287903,-0.6483058333396912,86.705775,-83.775303,-71.723258,65.986663
2026-08-05T15:57:57.993017,1785938277.993017,28.746592,-0.15483221411705017,0.7472652792930603,-0.04843199998140335,-0.6444221138954163,0.452136754989624,0.5426215529441833,0.2956318259239197,-0.6432231664657593,85.273184,-82.357541,-82.032628,81.183442
2026-08-05T15:57:58.005019,1785938278.005019,28.758593,-0.1427827924489975,0.7503774762153625,-0.047861628234386444,-0.6436302661895752,0.46312856674194336,0.5531466603279114,0.27176713943481445,-0.6369329690933228,83.530081,-80.541670,-145.237307,151.300563
2026-08-05T15:57:58.025225,1785938278.025225,28.777770,-0.1314704567193985,0.7543506026268005,-0.04756993427872658,-0.6414141058921814,0.48519662022590637,0.5801956057548523,0.21113471686840057,-0.6191765666007996,80.897760,-77.170391,-137.264770,175.798367
2026-08-05T15:57:58.039104,1785938278.039104,28.791074,-0.12399245798587799,0.7593413591384888,-0.047088466584682465,-0.6370349526405334,0.5000287890434265,0.5923227667808533,0.1781347095966339,-0.60612952709198,80.094993,-75.727286,-60.341420,108.473521
2026-08-05T15:57:58.048397,1785938278.048398,28.801972,-0.12171266973018646,0.762952983379364,-0.04910595715045929,-0.6329939365386963,0.5162710547447205,0.6038609743118286,0.14337916672229767,-0.5901344418525696,80.294492,-75.055372,18.306222,61.655465
2026-08-05T15:57:58.065425,1785938278.065425,28.818095,-0.12187153100967407,0.7665975689888,-0.054815322160720825,-0.6280722618103027,0.5336571335792542,0.6150378584861755,0.1070399135351181,-0.5705095529556274,81.265162,-75.021932,60.204755,2.074128
2026-08-05T15:57:58.080109,1785938278.080109,28.833683,-0.12297623604536057,0.7686812877655029,-0.062312353402376175,-0.6246015429496765,0.5526198148727417,0.6243152618408203,0.06973431259393692,-0.5477032661437988,82.872958,-75.382962,103.139755,-23.160025
2026-08-05T15:57:58.091799,1785938278.091800,28.845374,-0.11805970221757889,0.7691056132316589,-0.07068604230880737,-0.6241360902786255,0.5724955797195435,0.6309011578559875,0.03233012184500694,-0.5226542353630066,84.270789,-75.281038,119.568628,8.718466
2026-08-05T15:57:58.109042,1785938278.109897,28.862617,-0.11051657795906067,0.7704249620437622,-0.07354340702295303,-0.6235595345497131,0.5930887460708618,0.6340764164924622,-0.004181715194135904,-0.4961606562137604,85.781288,-74.872098,87.602356,23.716766
2026-08-05T15:57:58.127988,1785938278.127989,28.881563,-0.10238941013813019,0.7701243162155151,-0.07712254673242569,-0.6248846650123596,0.6129468083381653,0.6348724365234375,-0.0398419052362442,-0.46866387128829956,87.543129,-74.419115,92.991929,23.908943
2026-08-05T15:57:58.136993,1785938278.136994,28.890568,-0.09304927289485931,0.766363263130188,-0.07907611131668091,-0.6306981444358826,0.630153477191925,0.6355472207069397,-0.07519019395112991,-0.4396963119506836,89.255700,-73.289827,190.173570,125.402462
2026-08-05T15:57:58.145144,1785938278.145144,28.898719,-0.08348473906517029,0.7608404755592346,-0.08235183358192444,-0.6382588148117065,0.6445905566215515,0.6360453963279724,-0.10967649519443512,-0.409780889749527,91.034822,-71.806124,218.281632,182.036532
2026-08-05T15:57:58.161449,1785938278.161449,28.915023,-0.07194982469081879,0.756277322769165,-0.0863010585308075,-0.6445338726043701,0.6563711762428284,0.6370807886123657,-0.14358294010162354,-0.37774187326431274,92.669884,-69.870570,100.281476,118.711161
2026-08-05T15:57:58.210919,1785938278.210919,28.964493,-0.05873338133096695,0.7524932026863098,-0.09052439779043198,-0.649702787399292,0.6665251851081848,0.6371810436248779,-0.17625339329242706,-0.3444986641407013,94.296661,-67.642186,32.884147,45.045217
2026-08-05T15:57:58.216985,1785938278.216985,28.970559,-0.04590439796447754,0.748950183391571,-0.09690231084823608,-0.6538963913917542,0.6768556833267212,0.6339547038078308,-0.20680895447731018,-0.3117659389972687,96.230980,-65.691122,318.886980,321.647403
2026-08-05T15:57:58.243104,1785938278.243104,28.996678,-0.03415440022945404,0.7446036338806152,-0.10512576252222061,-0.6582944393157959,0.6885032057762146,0.6264387965202332,-0.23480883240699768,-0.28000473976135254,98.623660,-64.194549,91.606057,57.297743
2026-08-05T15:57:58.260983,1785938278.260984,29.014558,-0.02572675049304962,0.7356792092323303,-0.11749027669429779,-0.6665689945220947,0.7004702091217041,0.6163132786750793,-0.26083117723464966,-0.24792437255382538,101.709185,-62.945573,172.573477,69.855276
2026-08-05T15:57:58.266486,1785938278.266486,29.020060,-0.020802991464734077,0.7257819771766663,-0.1315716952085495,-0.6749076843261719,0.7103090286254883,0.6059201955795288,-0.28475943207740784,-0.21733346581459045,104.946092,-61.797624,588.265110,208.624622
2026-08-05T15:57:58.302090,1785938278.302090,29.053389,-0.01551608182489872,0.7163576483726501,-0.14320050179958344,-0.6827067136764526,0.7178487181663513,0.5963029861450195,-0.30555257201194763,-0.18908627331256866,107.845908,-60.288078,87.006399,45.292577
2026-08-05T15:57:58.319109,1785938278.319109,29.072684,-0.009462944231927395,0.7075180411338806,-0.1504928469657898,-0.6904234886169434,0.7228912711143494,0.5887474417686462,-0.3233294188976288,-0.16205807030200958,110.463973,-58.320167,135.689693,101.993379
2026-08-05T15:57:58.325861,1785938278.325862,29.078446,-0.00013389810919761658,0.7007312774658203,-0.15472956001758575,-0.6964470148086548,0.7263545989990234,0.5828540325164795,-0.33811482787132263,-0.13553082942962646,112.574154,-55.908637,366.171887,418.463780
2026-08-05T15:57:58.341482,1785938278.341483,29.093756,0.007997047156095505,0.693848729133606,-0.16661961376667023,-0.7005369067192078,0.7289647459983826,0.5762540698051453,-0.3527844548225403,-0.10993155092000961,114.434722,-53.406392,121.527787,163.440651
2026-08-05T15:57:58.358748,1785938278.358748,29.112323,0.01825469173491001,0.6735297441482544,-0.19090306758880615,-0.7138518691062927,0.7303230166435242,0.5695967674255371,-0.36666128039360046,-0.08802008628845215,116.015962,-48.121744,85.166912,284.635501
2026-08-05T15:57:58.377045,1785938278.377045,29.130162,0.01903790794312954,0.6642303466796875,-0.1963174194097519,-0.7210401296615601,0.7310552597045898,0.563006579875946,-0.37956559658050537,-0.06717049330472946,118.561633,-45.531625,142.695306,145.186750
2026-08-05T15:57:58.393682,1785938278.393682,29.145394,0.022435463964939117,0.6605017781257629,-0.19783315062522888,-0.7239475250244141,0.7310189008712769,0.5567144751548767,-0.3917333483695984,-0.047178465873003006,120.559830,-43.160285,131.189541,155.687915
2026-08-05T15:57:58.409690,1785938278.409690,29.162384,0.02734198234975338,0.6545866131782532,-0.19933375716209412,-0.7287241816520691,0.7303991317749023,0.5506928563117981,-0.4030221104621887,-0.028773993253707886,122.400494,-39.948138,108.335410,189.056326
2026-08-05T15:57:58.416645,1785938278.416646,29.170220,0.029251890257000923,0.6415172815322876,-0.1975124627351761,-0.7406705021858215,0.7319191694259644,0.5399046540260315,-0.4154704213142395,-0.013490062206983566,125.249085,-35.837315,363.532433,524.616347
2026-08-05T15:57:58.426084,1785938278.426084,29.179658,0.027323629707098007,0.6300575137138367,-0.19630314409732819,-0.7508329153060913,0.7359773516654968,0.520751416683197,-0.4326145052909851,0.0003550164692569524,128.700450,-32.113683,365.686680,394.534511
2026-08-05T15:57:58.443502,1785938278.443503,29.197077,0.03031582571566105,0.6183170080184937,-0.1924935281276703,-0.7613903284072876,0.738879919052124,0.5025720000267029,-0.44863536953926086,0.014297089539468288,131.763469,-26.784035,175.844926,305.969954
2026-08-05T15:57:58.459226,1785938278.459226,29.212800,0.033840298652648926,0.6105471253395081,-0.19024863839149475,-0.7680472731590271,0.7416443228721619,0.4860619604587555,-0.4615181088447571,0.026619210839271545,134.188206,-22.332220,154.213693,283.136185
2026-08-05T15:57:58.478533,1785938278.478533,29.231195,0.035550788044929504,0.606607973575592,-0.19204729795455933,-0.7706392407417297,0.7445674538612366,0.4718962609767914,-0.47090470790863037,0.0343819260597229,135.745471,-19.695159,84.658341,143.359784
2026-08-05T15:57:58.483014,1785938278.483014,29.236588,0.033981435000896454,0.6044642329216003,-0.19670230150222778,-0.7712202072143555,0.7471394538879395,0.4657943844795227,-0.4730343520641327,0.03251219913363457,135.961639,-19.547254,40.079265,27.422778
2026-08-05T15:57:58.499265,1785938278.499265,29.252839,0.031164569780230522,0.605374276638031,-0.2008814811706543,-0.7695463299751282,0.7484937310218811,0.46639516949653625,-0.47063153982162476,0.02718351036310196,135.420398,-21.190595,-33.305422,-101.123424
2026-08-05T15:57:58.510689,1785938278.510689,29.264264,0.02763213962316513,0.6077620387077332,-0.20306703448295593,-0.767221987247467,0.749501645565033,0.46784618496894836,-0.4679195284843445,0.02046036720275879,134.790720,-23.353885,-55.117333,-189.358618
2026-08-05T15:57:58.516490,1785938278.516490,29.270065,0.025436121970415115,0.611223042011261,-0.20149348676204681,-0.7649599313735962,0.7503783702850342,0.4696498215198517,-0.4649912714958191,0.012033048085868359,134.012018,-25.552021,-134.236832,-378.926063
2026-08-05T15:57:58.558870,1785938278.558870,29.312444,0.023870540782809258,0.6153554916381836,-0.19907839596271515,-0.7623250484466553,0.7501266002655029,0.4727238118648529,-0.46237677335739136,0.007074567489326,133.411360,-27.405188,-14.173191,-43.727530
2026-08-05T15:57:58.577276,1785938278.577276,29.330012,0.022650934755802155,0.6203925013542175,-0.19737012684345245,-0.7587154507637024,0.7481572031974792,0.47851628065109253,-0.45961612462997437,0.006015578284859657,132.848156,-28.991731,-32.058760,-90.309357
2026-08-05T15:57:58.595370,1785938278.595370,29.348944,0.020692206919193268,0.6251331567764282,-0.19705495238304138,-0.7549528479576111,0.7453855276107788,0.4859037697315216,-0.4563678205013275,0.005147422198206186,132.190065,-30.469506,-34.760558,-78.056540
2026-08-05T15:57:58.605312,1785938278.605312,29.358886,0.018263237550854683,0.6290801167488098,-0.19806602597236633,-0.7514644265174866,0.7431769371032715,0.49283266067504883,-0.4525468945503235,0.0023523960262537003,131.405635,-31.997693,-78.902130,-153.713073
2026-08-05T15:57:58.623825,1785938278.623825,29.377399,0.014542080461978912,0.6317691802978516,-0.199409618973732,-0.748930037021637,0.74213707447052,0.49743786454200745,-0.4492013454437256,-0.002532689366489649,130.768702,-33.587996,-34.404659,-85.902119
2026-08-05T15:57:58.629689,1785938278.629689,29.383263,0.00977112166583538,0.6348137259483337,-0.20155389606952667,-0.7458526492118835,0.742678165435791,0.49889183044433594,-0.4465726613998413,-0.010443219915032387,130.108890,-35.650100,-112.520961,-351.660662
2026-08-05T15:57:58.639767,1785938278.639767,29.393342,0.0034537669271230698,0.6373435258865356,-0.2029859721660614,-0.7433585524559021,0.7441192865371704,0.4987521171569824,-0.44395139813423157,-0.020976116880774498,129.552505,-38.010300,-55.205574,-234.183238
2026-08-05T15:57:58.655560,1785938278.655560,29.409134,-0.003165697678923607,0.6411078572273254,-0.20355241000652313,-0.7399603128433228,0.7456830143928528,0.49876669049263,-0.440586656332016,-0.03274191543459892,128.898305,-40.773492,-41.423807,-174.964792
2026-08-05T15:57:58.673852,1785938278.673852,29.425400,-0.010468289256095886,0.6458119750022888,-0.2034125179052353,-0.7358291745185852,0.7465388178825378,0.5007462501525879,-0.43574416637420654,-0.04538813233375549,128.097558,-43.810855,-49.228655,-186.732315
2026-08-05T15:57:58.688228,1785938278.688228,29.441802,-0.017707819119095802,0.6519872546195984,-0.20279045403003693,-0.730396568775177,0.7460455298423767,0.5058804154396057,-0.4289620518684387,-0.059099819511175156,126.926529,-46.952642,-71.395486,-191.548931
2026-08-05T15:57:58.699121,1785938278.699121,29.452695,-0.0219967570155859,0.6613036394119263,-0.20201589167118073,-0.7220713496208191,0.7439244389533997,0.514511227607727,-0.4200698733329773,-0.0734577625989914,124.995189,-49.890298,-177.299229,-269.680299
2026-08-05T15:57:58.725641,1785938278.725641,29.478349,-0.024021223187446594,0.6695471405982971,-0.19716499745845795,-0.7157229781150818,0.7406043410301208,0.5251206159591675,-0.4097735285758972,-0.08854012191295624,122.894841,-51.910227,-81.873422,-78.738609
2026-08-05T15:57:58.730443,1785938278.730443,29.484017,-0.03046574257314205,0.6743813753128052,-0.1903277039527893,-0.712783932685852,0.7378965020179749,0.533765971660614,-0.3992743194103241,-0.10574845224618912,121.470080,-54.062185,-251.351571,-379.640999
2026-08-05T15:57:58.793363,1785938278.793364,29.546938,-0.0379600003361702,0.680999219417572,-0.18287762999534607,-0.7080668807029724,0.7371556758880615,0.5386213064193726,-0.3881015181541443,-0.12596021592617035,120.134840,-56.956905,-21.221122,-46.006118
2026-08-05T15:57:58.810034,1785938278.810034,29.562925,-0.04547739773988724,0.6894829273223877,-0.17543545365333557,-0.7012642621994019,0.7378429174423218,0.5411561727523804,-0.37480905652046204,-0.14918513596057892,118.681042,-60.380347,-90.935308,-214.137008
2026-08-05T15:57:58.828293,1785938278.828294,29.581868,-0.05318561941385269,0.6999807953834534,-0.1688528060913086,-0.6918749809265137,0.7379270195960999,0.5439582467079163,-0.358651727437973,-0.1759040206670761,116.828366,-63.958068,-97.803563,-188.869347
2026-08-05T15:57:58.836424,1785938278.836424,29.589998,-0.057323113083839417,0.710003137588501,-0.1609950065612793,-0.6831501722335815,0.7341457605361938,0.5517398118972778,-0.3394589424133301,-0.20342323184013367,114.186664,-66.135812,-324.901075,-267.839284
2026-08-05T15:57:58.848166,1785938278.848167,29.601741,-0.057668477296829224,0.7181016206741333,-0.1447962522506714,-0.6782642006874084,0.7269432544708252,0.5636042952537537,-0.3188813030719757,-0.22851413488388062,111.338677,-66.722695,-242.534749,-49.978971
2026-08-05T15:57:58.858713,1785938278.858713,29.612287,-0.061975687742233276,0.7238997220993042,-0.13243600726127625,-0.6742351055145264,0.7185394763946533,0.5750061273574829,-0.29843634366989136,-0.2529919147491455,108.843635,-67.407339,-236.581932,-64.918534
2026-08-05T15:57:58.867813,1785938278.867813,29.619267,-0.06763926893472672,0.732225239276886,-0.12427377700805664,-0.6662064790725708,0.7124879956245422,0.5803526639938354,-0.27672451734542847,-0.2810254395008087,106.494070,-69.036193,-336.628216,-233.369980
2026-08-05T15:57:58.874262,1785938278.874262,29.627836,-0.0742354765534401,0.7413035035133362,-0.11698910593986511,-0.6567156910896301,0.7095943689346313,0.5788100361824036,-0.2530835270881653,-0.3120955228805542,104.681855,-71.434567,-211.479039,-279.881788
2026-08-05T15:57:58.911744,1785938278.911745,29.665319,-0.08139018714427948,0.7496604919433594,-0.10742491483688354,-0.6479572653770447,0.7064009308815002,0.5759512186050415,-0.22833237051963806,-0.3422606587409973,103.284257,-73.719214,-37.286682,-60.952378
2026-08-05T15:57:58.927974,1785938278.927974,29.681549,-0.08521252125501633,0.755858302116394,-0.10338923335075378,-0.6408836841583252,0.6990286707878113,0.5780609250068665,-0.2042185217142105,-0.3681027293205261,101.250524,-74.774177,-125.308063,-65.001273
2026-08-05T15:57:58.938641,1785938278.938641,29.692215,-0.09199022501707077,0.7560660243034363,-0.09406918287277222,-0.6411371827125549,0.6868510842323303,0.5856690406799316,-0.1808738261461258,-0.3905278742313385,99.365976,-74.718372,-176.673370,5.231564
2026-08-05T15:57:58.970531,1785938278.970532,29.724106,-0.09440119564533234,0.7597952485084534,-0.0857912227511406,-0.637529194355011,0.6735569834709167,0.5926529765129089,-0.15650910139083862,-0.41302353143692017,96.872856,-74.375859,-78.177761,10.740314
2026-08-05T15:57:58.989658,1785938278.989659,29.743233,-0.09492151439189911,0.7624368071556091,-0.08163350820541382,-0.6348385810852051,0.6631734371185303,0.5934757590293884,-0.1297430843114853,-0.43721210956573486,94.673616,-74.495729,-114.980165,-6.266975
2026-08-05T15:57:59.006340,1785938279.006341,29.759915,-0.0961449071764946,0.759713888168335,-0.07232235372066498,-0.6390339732170105,0.656094491481781,0.5891016125679016,-0.1019752100110054,-0.4605436623096466,93.348515,-74.655092,-79.432284,-9.552935
2026-08-05T15:57:59.021460,1785938279.021461,29.775035,-0.09895558655261993,0.7595899105072021,-0.06766466796398163,-0.6392624378204346,0.6492952704429626,0.5841197371482849,-0.07579594850540161,-0.48111847043037415,92.402366,-75.416853,-62.576851,-50.381691
2026-08-05T15:57:59.040019,1785938279.040020,29.793115,-0.10200347006320953,0.7608978748321533,-0.06712796539068222,-0.6372813582420349,0.6373429298400879,0.5832636952400208,-0.050808023661375046,-0.5010151267051697,90.906709,-75.759808,-82.723329,-18.968511
2026-08-05T15:57:59.058640,1785938279.058641,29.812215,-0.10468096286058426,0.7572654485702515,-0.06570099294185638,-0.6413099765777588,0.6208975315093994,0.5858555436134338,-0.026347924023866653,-0.520159125328064,88.883155,-75.095335,-105.945514,34.789273
2026-08-05T15:57:59.066233,1785938279.066234,29.819296,-0.10698837041854858,0.7548703551292419,-0.06607460975646973,-0.6437100172042847,0.6055882573127747,0.5873391628265381,-0.0014291941188275814,-0.5369300246238708,87.179694,-74.876909,-240.582854,30.848678
2026-08-05T15:57:59.079309,1785938279.079309,29.832883,-0.10989655554294586,0.7549125552177429,-0.06799867749214172,-0.6429697871208191,0.5939368605613708,0.5839279890060425,0.02612490765750408,-0.5527971386909485,86.361798,-75.727913,-60.193843,-62.630414
2026-08-05T15:57:59.097047,1785938279.097048,29.850622,-0.11225800961256027,0.7514681816101074,-0.06685785949230194,-0.6467052698135376,0.5837365984916687,0.5785089135169983,0.054548248648643494,-0.5671011805534363,85.840758,-76.451054,-29.373261,-40.766563
2026-08-05T15:57:59.104819,1785938279.106841,29.858394,-0.10963217914104462,0.7493698596954346,-0.06108248233795166,-0.6501528024673462,0.5715958476066589,0.5739433169364929,0.08315154910087585,-0.5804767608642578,84.580023,-76.270897,-162.215636,23.180282
2026-08-05T15:57:59.121679,1785938279.121680,29.875254,-0.10385388880968094,0.747988760471344,-0.054957952350378036,-0.6532312035560608,0.5581352114677429,0.5706274509429932,0.11081906408071518,-0.5921052098274231,82.897517,-75.624987,-99.794148,38.310750
2026-08-05T15:57:59.150049,1785938279.150050,29.903624,-0.10065226256847382,0.7479344010353088,-0.0508732944726944,-0.6541247963905334,0.5456332564353943,0.5659763813018799,0.13837328553199768,-0.6023354530334473,81.887122,-75.628968,-35.614706,-0.140316
2026-08-05T15:57:59.163879,1785938279.163880,29.917454,-0.09966716915369034,0.7453017830848694,-0.0450645349919796,-0.6576968431472778,0.534398078918457,0.5607660412788391,0.16611047089099884,-0.6102192401885986,81.330459,-75.840124,-40.250564,-15.268028
2026-08-05T15:57:59.180335,1785938279.180336,29.933910,-0.09946674853563309,0.7423853874206543,-0.037650853395462036,-0.6614809036254883,0.5254310369491577,0.5539088845252991,0.19356463849544525,-0.6161493062973022,81.206846,-76.301821,-7.511773,-28.056633
2026-08-05T15:57:59.188845,1785938279.188845,29.942420,-0.09844758361577988,0.7431914806365967,-0.031492456793785095,-0.6610499024391174,0.5168818831443787,0.5473536849021912,0.21756552159786224,-0.6212103962898254,81.124381,-76.733306,-9.690531,-50.704044
2026-08-05T15:57:59.198272,1785938279.198272,29.951846,-0.10039863735437393,0.747456967830658,-0.02964068204164505,-0.656013548374176,0.5079857110977173,0.5406732559204102,0.23833410441875458,-0.6267533898353577,81.560250,-77.607812,46.238179,-92.770097
2026-08-05T15:57:59.209851,1785938279.209852,29.962771,-0.11007958650588989,0.7465718984603882,-0.0296737439930439,-0.6554667353630066,0.4993530511856079,0.536966860294342,0.25398311018943787,-0.6307185888290405,82.508219,-78.761269,86.768328,-105.576819
2026-08-05T15:57:59.228507,1785938279.228507,29.980862,-0.12150365859270096,0.7425932288169861,-0.027356764301657677,-0.6580637693405151,0.4919329881668091,0.5353002548217773,0.26681777834892273,-0.632664144039154,83.377086,-79.695055,48.028968,-51.617493
2026-08-05T15:57:59.260430,1785938279.260431,30.014005,-0.1295071840286255,0.7426376342773438,-0.025824682787060738,-0.6565473675727844,0.48667943477630615,0.5332592725753784,0.2783491611480713,-0.6334821581840515,84.245245,-80.651936,26.194490,-28.871446
2026-08-05T15:57:59.277823,1785938279.277823,30.030854,-0.1345709264278412,0.7450066804885864,-0.02459523268043995,-0.6528821587562561,0.4831332862377167,0.5310782790184021,0.2883024215698242,-0.633577287197113,85.013137,-81.500193,45.572879,-50.342397
2026-08-05T15:57:59.293009,1785938279.293010,30.046584,-0.14365002512931824,0.7444700598716736,-0.02486473135650158,-0.651547908782959,0.48001939058303833,0.5299571752548218,0.29540830850601196,-0.6336094737052917,86.048901,-82.552218,65.847770,-66.881604
2026-08-05T15:57:59.328025,1785938279.328025,30.079581,-0.15253117680549622,0.7426921129226685,-0.025127064436674118,-0.651548445224762,0.47727417945861816,0.5297402739524841,0.30024710297584534,-0.633590042591095,86.911878,-83.405077,26.153118,-25.846462
2026-08-05T15:57:59.331815,1785938279.331815,30.085389,-0.15762406587600708,0.741771399974823,-0.027221553027629852,-0.6513010263442993,0.474954754114151,0.5301500558853149,0.30341455340385437,-0.6334813833236694,87.442321,-83.999707,91.327904,-102.379103
2026-08-05T15:57:59.343524,1785938279.343525,30.097099,-0.16089016199111938,0.7409565448760986,-0.0307527557015419,-0.6512727737426758,0.47357553243637085,0.5301514267921448,0.306203156709671,-0.6331709623336792,87.961298,-84.628293,44.321162,-53.681959
2026-08-05T15:57:59.349569,1785938279.349569,30.103143,-0.16635026037693024,0.7389529347419739,-0.03432510048151016,-0.6519985198974609,0.47369974851608276,0.529252827167511,0.3091050684452057,-0.6324192881584167,88.874489,-85.611923,151.080894,-162.734427
2026-08-05T15:57:59.359840,1785938279.359841,30.113415,-0.17097283899784088,0.7359843254089355,-0.0379580557346344,-0.6539561748504639,0.47485214471817017,0.5274251103401184,0.312104195356369,-0.6316084861755371,89.825021,-86.632074,92.538121,-99.315835
2026-08-05T15:57:59.376118,1785938279.376119,30.128867,-0.17160576581954956,0.7359107732772827,-0.04092288389801979,-0.6536942720413208,0.4757438898086548,0.5259391665458679,0.31406182050704956,-0.6312062740325928,90.314100,-87.197315,31.651211,-36.580077
2026-08-05T15:57:59.382963,1785938279.382963,30.136537,-0.17152363061904907,0.7364500164985657,-0.04410398006439209,-0.6529010534286499,0.4759889841079712,0.5256428122520447,0.3144790828227997,-0.6310604810714722,90.564466,-87.524804,32.641464,-42.696434
2026-08-05T15:57:59.408633,1785938279.408633,30.162207,-0.1738438606262207,0.7348018288612366,-0.047118205577135086,-0.6539329886436462,0.4761892557144165,0.5259909629821777,0.3139522671699524,-0.6308813691139221,90.908842,-87.912492,13.415589,-15.102906
2026-08-05T15:57:59.426679,1785938279.426680,30.180254,-0.17438997328281403,0.7330617904663086,-0.047899261116981506,-0.6556816101074219,0.4775297939777374,0.525418221950531,0.3143104910850525,-0.6301667094230652,91.142851,-88.165463,12.966754,-14.017437
2026-08-05T15:57:59.452682,1785938279.452683,30.203639,-0.1725778579711914,0.7332637310028076,-0.04900011420249939,-0.655853807926178,0.47923073172569275,0.5238593816757202,0.31564557552337646,-0.6295056343078613,91.335506,-88.408428,8.238556,-10.389959
2026-08-05T15:57:59.459378,1785938279.459378,30.212952,-0.17040863633155823,0.7342222929000854,-0.05015558749437332,-0.6552609801292419,0.48063164949417114,0.5226542353630066,0.31667622923851013,-0.6289213299751282,91.456281,-88.582469,12.967291,-18.686325
2026-08-05T15:57:59.476915,1785938279.476916,30.228966,-0.16874191164970398,0.7339413166046143,-0.05091355741024017,-0.6559484004974365,0.48111167550086975,0.5228375196456909,0.3164408802986145,-0.6285201907157898,91.352389,-88.520558,-6.487894,3.866257
2026-08-05T15:57:59.483040,1785938279.483041,30.236615,-0.16661792993545532,0.7344725728034973,-0.050798095762729645,-0.655905544757843,0.48147884011268616,0.5237149596214294,0.3153980076313019,-0.6280326247215271,91.091699,-88.283567,-34.080797,30.982457
2026-08-05T15:57:59.509143,1785938279.509143,30.262717,-0.16350342333316803,0.7364028096199036,-0.0503423810005188,-0.6545587778091431,0.4823031425476074,0.5249762535095215,0.31367120146751404,-0.627211332321167,90.745749,-87.958474,-13.253368,12.454367
2026-08-05T15:57:59.527745,1785938279.527746,30.281320,-0.16066908836364746,0.7379284501075745,-0.049334488809108734,-0.653618574142456,0.4829704165458679,0.5268154740333557,0.310516893863678,-0.6267252564430237,90.264581,-87.463977,-25.865952,26.582449
2026-08-05T15:57:59.560066,1785938279.560067,30.313096,-0.15754902362823486,0.7391822934150696,-0.04803818464279175,-0.6530575156211853,0.48388785123825073,0.5294784307479858,0.3058408200740814,-0.626072347164154,89.641936,-86.812113,-19.594845,20.514402
2026-08-05T15:57:59.576387,1785938279.576387,30.329961,-0.15347686409950256,0.7412232756614685,-0.04631537199020386,-0.6518374085426331,0.48555949330329895,0.5325902104377747,0.30032333731651306,-0.6248085498809814,88.941440,-86.076936,-41.534278,43.590565
2026-08-05T15:57:59.593670,1785938279.593671,30.347245,-0.14886686205863953,0.7436138391494751,-0.04449442774057388,-0.6503089070320129,0.4877352714538574,0.5360537767410278,0.2938617765903473,-0.6232222318649292,88.184639,-85.276029,-43.787677,46.339588
2026-08-05T15:57:59.636321,1785938279.636321,30.387862,-0.1449592113494873,0.7464931607246399,-0.04376491904258728,-0.6479380130767822,0.49037331342697144,0.5396298766136169,0.2861988842487335,-0.621630072593689,87.560862,-84.596665,-15.357527,16.726101
2026-08-05T15:57:59.650426,1785938279.650426,30.404001,-0.14008353650569916,0.750166118144989,-0.043371789157390594,-0.6447869539260864,0.4929713308811188,0.5442216396331787,0.27666011452674866,-0.6198880672454834,86.746638,-83.722480,-50.451349,54.166693
2026-08-05T15:57:59.659936,1785938279.659936,30.413511,-0.13427311182022095,0.7543736100196838,-0.0423758327960968,-0.6411706209182739,0.4950670301914215,0.5495240688323975,0.26578232645988464,-0.6182973384857178,85.682238,-82.573026,-111.923843,120.867445
2026-08-05T15:57:59.682908,1785938279.682909,30.436483,-0.12954109907150269,0.7582123279571533,-0.0418456569314003,-0.6376410126686096,0.497699111700058,0.5547586679458618,0.2546016275882721,-0.6162114143371582,84.806247,-81.597221,-38.132419,42.477342
2026-08-05T15:57:59.692751,1785938279.692752,30.445751,-0.12662169337272644,0.7606982588768005,-0.04277795925736427,-0.6352004408836365,0.501542329788208,0.5590062737464905,0.2435293048620224,-0.6137270331382751,84.341185,-81.021979,-50.179059,62.067255
2026-08-05T15:57:59.709772,1785938279.709772,30.463346,-0.1233297809958458,0.7626423239707947,-0.042989619076251984,-0.6335001587867737,0.5060840249061584,0.5622783899307251,0.23254543542861938,-0.6112648844718933,83.915192,-80.442836,-24.210303,32.914229
2026-08-05T15:57:59.725803,1785938279.725804,30.479378,-0.11980089545249939,0.7652575969696045,-0.044449567794799805,-0.6309173703193665,0.5104488730430603,0.566216230392456,0.21985048055648804,-0.6086927056312561,83.439274,-79.811271,-29.686872,39.395837
2026-08-05T15:57:59.739845,1785938279.739845,30.493419,-0.11745285987854004,0.766778826713562,-0.04617411643266678,-0.6293864846229553,0.5148888230323792,0.5711015462875366,0.20598424971103668,-0.6052297353744507,83.019310,-79.197636,-29.908927,43.701734
2026-08-05T15:57:59.756219,1785938279.756220,30.507769,-0.11550791561603546,0.7673180103302002,-0.04744263365864754,-0.6289947628974915,0.5210955739021301,0.5754938125610352,0.1923740804195404,-0.600215494632721,82.853864,-78.791246,-11.529353,28.319984
2026-08-05T15:57:59.766495,1785938279.766496,30.520070,-0.11210019886493683,0.7686516642570496,-0.04834044724702835,-0.6279137134552002,0.5292391180992126,0.5785051584243774,0.17952241003513336,-0.5941461324691772,82.865354,-78.549238,0.934092,19.674297
2026-08-05T15:57:59.777557,1785938279.777557,30.531131,-0.10865325480699539,0.7698985934257507,-0.04962179809808731,-0.6268908977508545,0.5373371839523315,0.5809677839279175,0.16679774224758148,-0.5881528854370117,82.934867,-78.347329,6.284219,18.253397
2026-08-05T15:57:59.782248,1785938279.782248,30.535822,-0.10635439306497574,0.7695238590240479,-0.05109166353940964,-0.6276268362998962,0.5448867678642273,0.5838488936424255,0.15345871448516846,-0.5819532871246338,83.036960,-78.103950,21.764194,51.883567
2026-08-05T15:57:59.790515,1785938279.790515,30.544089,-0.1047990620136261,0.7689156532287598,-0.05345781147480011,-0.6284362077713013,0.5526705384254456,0.5867658853530884,0.13960926234722137,-0.5751264095306396,83.299782,-77.985390,31.791085,14.340966
2026-08-05T15:57:59.812433,1785938279.812433,30.566007,-0.10303711891174316,0.7685243487358093,-0.05570372939109802,-0.6290112137794495,0.5611969828605652,0.5891352295875549,0.12545086443424225,-0.5676620006561279,83.678959,-77.927810,17.299902,2.627086
2026-08-05T15:57:59.828081,1785938279.828081,30.581656,-0.10109972208738327,0.7679111361503601,-0.05780436843633652,-0.6298842430114746,0.5700275301933289,0.5910405516624451,0.11104714870452881,-0.5598288178443909,84.119992,-77.866719,28.183983,3.904023
2026-08-05T15:57:59.843356,1785938279.843357,30.596253,-0.09873125702142715,0.7671988010406494,-0.0596112385392189,-0.6309585571289062,0.5784205794334412,0.5933812856674194,0.09611572325229645,-0.5514438152313232,84.479185,-77.657889,24.606225,14.305747
2026-08-05T15:57:59.891775,1785938279.891776,30.645350,-0.0967908576130867,0.7669575810432434,-0.0625075101852417,-0.6312721371650696,0.5866285562515259,0.595857560634613,0.08078644424676895,-0.5424890518188477,84.941167,-77.546612,9.409557,2.266451
2026-08-05T15:57:59.898991,1785938279.898992,30.652566,-0.09470760077238083,0.7660127878189087,-0.06458767503499985,-0.6325246095657349,0.5946735739707947,0.5978046655654907,0.06553499400615692,-0.5335712432861328,85.407782,-77.335089,64.668538,29.315085
2026-08-05T15:57:59.908088,1785938279.908088,30.661662,-0.09167413413524628,0.7648340463638306,-0.06581367552280426,-0.6342694163322449,0.6023783683776855,0.5995842218399048,0.050254397094249725,-0.5245130062103271,85.767942,-76.926883,39.593699,44.875703
2026-08-05T15:57:59.924861,1785938279.924862,30.678436,-0.08780810236930847,0.7647840976715088,-0.06678242981433868,-0.6347750425338745,0.6095179915428162,0.6015549302101135,0.03439030423760414,-0.5152057409286499,86.012299,-76.375376,14.567877,32.879264
2026-08-05T15:57:59.943265,1785938279.943265,30.696839,-0.08484241366386414,0.7648494243621826,-0.06853000819683075,-0.6349135637283325,0.6162750124931335,0.6037856340408325,0.017914950847625732,-0.5052990913391113,86.376214,-75.896653,19.774204,26.012531
2026-08-05T15:57:59.951618,1785938279.951618,30.705192,-0.08300382643938065,0.7627370357513428,-0.07067597657442093,-0.6374572515487671,0.6233225464820862,0.6052336692810059,0.0017891136230900884,-0.4951346814632416,86.996557,-75.513861,74.265905,45.827007
2026-08-05T15:57:59.959893,1785938279.959893,30.712951,-0.08079390227794647,0.7590041160583496,-0.07259158790111542,-0.6419655084609985,0.6308286190032959,0.6061545014381409,-0.014414399862289429,-0.48417383432388306,87.730027,-75.044426,94.530423,60.501224
2026-08-05T15:57:59.976309,1785938279.976309,30.729883,-0.07770714163780212,0.7562224268913269,-0.07452169060707092,-0.645399272441864,0.6382154822349548,0.6067336201667786,-0.03091198392212391,-0.4728635549545288,88.431422,-74.506184,41.424740,31.788888
2026-08-05T15:57:59.991959,1785938279.991959,30.745533,-0.07424474507570267,0.7548427581787109,-0.07706333696842194,-0.6471210718154907,0.6452178955078125,0.6070481538772583,-0.04763206094503403,-0.46143001317977905,89.107586,-73.986255,43.204634,33.221739
2026-08-05T15:58:00.044765,1785938280.044765,30.798340,-0.07005191594362259,0.7537572979927063,-0.0799037367105484,-0.6485077142715454,0.6515278220176697,0.6078437566757202,-0.06509719043970108,-0.4492214322090149,89.684742,-73.279662,10.929722,13.380870
2026-08-05T15:58:00.053576,1785938280.053576,30.807150,-0.06570865958929062,0.7514420747756958,-0.08288482576608658,-0.6512691974639893,0.6567712426185608,0.6094719767570496,-0.08338956534862518,-0.4361671507358551,90.211623,-72.278033,59.799663,113.682589
2026-08-05T15:58:00.061539,1785938280.061539,30.815114,-0.06370989978313446,0.7478600144386292,-0.08708354830741882,-0.6550323963165283,0.6627374887466431,0.6097615361213684,-0.10145951062440872,-0.42270058393478394,91.224623,-71.635576,127.210491,80.678375
2026-08-05T15:58:00.076302,1785938280.076303,30.829202,-0.06189741939306259,0.7438386678695679,-0.09037275612354279,-0.6593251824378967,0.670832633972168,0.6069397926330566,-0.11803288012742996,-0.4094824194908142,92.646326,-71.345587,100.911396,20.583192
2026-08-05T15:58:00.088644,1785938280.089589,30.842218,-0.05880739539861679,0.7383817434310913,-0.09164009988307953,-0.6655378341674805,0.6805200576782227,0.6014516949653625,-0.13285107910633087,-0.39686137437820435,94.253223,-71.054965,123.455604,22.328078
2026-08-05T15:58:00.103495,1785938280.103495,30.856546,-0.05486876517534256,0.7310710549354553,-0.09171094000339508,-0.6738826632499695,0.6889510154724121,0.5972344279289246,-0.1466263234615326,-0.3836119771003723,95.746302,-70.358239,104.210576,48.628498
2026-08-05T15:58:00.117958,1785938280.117959,30.871533,-0.05111856758594513,0.724614143371582,-0.0921865850687027,-0.6810486316680908,0.6961641311645508,0.594532310962677,-0.16015632450580597,-0.36910292506217957,97.192737,-69.615922,96.509584,49.529165
2026-08-05T15:58:00.127457,1785938280.127457,30.879846,-0.04848530516028404,0.7208548784255981,-0.09461899101734161,-0.6848859786987305,0.7041566967964172,0.5899215340614319,-0.17239445447921753,-0.3555784821510315,98.773810,-69.522792,190.205157,11.203658
2026-08-05T15:58:00.143153,1785938280.143153,30.896728,-0.04590205103158951,0.7170021533966064,-0.09716924279928207,-0.6887403726577759,0.713735818862915,0.5821281671524048,-0.1827859878540039,-0.3439434766769409,100.524764,-69.804318,103.717562,-16.676140
2026-08-05T15:58:00.151448,1785938280.151448,30.905022,-0.04294619709253311,0.7099573016166687,-0.0979759693145752,-0.6960754990577698,0.7223839163780212,0.5750885605812073,-0.19230425357818604,-0.3323458433151245,102.276649,-69.621981,211.202271,21.982074
2026-08-05T15:58:00.160943,1785938280.160944,30.914518,-0.036902401596307755,0.7054154276847839,-0.09835518896579742,-0.7009692192077637,0.7277647256851196,0.5720309615135193,-0.2027842104434967,-0.3194022476673126,103.295003,-68.660383,107.248644,101.271325
2026-08-05T15:58:00.194795,1785938280.194796,30.947073,-0.03222901374101639,0.7053043246269226,-0.10242441296577454,-0.7007286548614502,0.7305812835693359,0.572022557258606,-0.214911550283432,-0.3047199249267578,104.032071,-67.899215,22.640142,23.380418
2026-08-05T15:58:00.201839,1785938280.201840,30.955414,-0.02977943792939186,0.704410195350647,-0.1055341586470604,-0.7012746930122375,0.7337074279785156,0.5703257322311401,-0.22893694043159485,-0.289810448884964,105.212393,-67.248270,141.515328,78.045300
2026-08-05T15:58:00.220829,1785938280.220830,30.974404,-0.031560517847537994,0.6975588798522949,-0.11246342957019806,-0.7069452404975891,0.738072395324707,0.5653389692306519,-0.24355894327163696,-0.2762609124183655,107.152160,-66.809114,102.146551,23.125623
2026-08-05T15:58:00.254170,1785938280.254170,31.007744,-0.03344235196709633,0.6912235617637634,-0.1143827885389328,-0.7127499580383301,0.7417086362838745,0.5608415603637695,-0.2578091621398926,-0.26241105794906616,109.185608,-66.201107,60.990833,18.236448
2026-08-05T15:58:00.260733,1785938280.260734,31.014308,-0.03560289740562439,0.6851325631141663,-0.11754602193832397,-0.7179923057556152,0.743181049823761,0.5596106648445129,-0.2717835307121277,-0.24627543985843658,111.095693,-65.360739,291.019559,128.038011
2026-08-05T15:58:00.268353,1785938280.268353,31.021927,-0.03701461851596832,0.6812460422515869,-0.12330037355422974,-0.7206490635871887,0.7439844608306885,0.5587816834449768,-0.28576725721359253,-0.2293194681406021,112.768246,-64.580852,219.506131,102.352472
2026-08-05T15:58:00.285029,1785938280.285030,31.038604,-0.03841958940029144,0.6773629188537598,-0.12952476739883423,-0.7231395840644836,0.7459113597869873,0.5554165244102478,-0.29909318685531616,-0.21371056139469147,114.518004,-64.004531,104.922545,34.558510
2026-08-05T15:58:00.310273,1785938280.310273,31.063847,-0.039382658898830414,0.6706188917160034,-0.13413938879966736,-0.7285124063491821,0.7480717301368713,0.5515351295471191,-0.3113596737384796,-0.19812361896038055,116.460266,-63.077980,76.941741,36.704841
2026-08-05T15:58:00.326816,1785938280.326816,31.080390,-0.04096337407827377,0.6631290316581726,-0.1385674774646759,-0.7344284653663635,0.7501633763313293,0.5478619337081909,-0.3224065601825714,-0.18208901584148407,118.541845,-62.216670,125.829061,52.065225
2026-08-05T15:58:00.354079,1785938280.354080,31.105628,-0.041386678814888,0.6577056646347046,-0.14346808195114136,-0.7383303046226501,0.7517634034156799,0.544725775718689,-0.33208343386650085,-0.16687247157096863,120.263737,-61.407206,68.227354,32.073764
2026-08-05T15:58:00.359778,1785938280.359778,31.113353,-0.03954147920012474,0.6540066003799438,-0.1474117487668991,-0.7409359216690063,0.753346860408783,0.5413131713867188,-0.34014952182769775,-0.15410016477108002,121.508931,-60.477044,161.195071,120.413055
2026-08-05T15:58:00.443892,1785938280.443892,31.197467,-0.03554012253880501,0.6503115296363831,-0.1501244604587555,-0.7438406944274902,0.7548725008964539,0.5379495620727539,-0.3467048406600952,-0.1434354931116104,122.400816,-59.198168,10.603276,15.204075
2026-08-05T15:58:00.462067,1785938280.462067,31.214120,-0.031790170818567276,0.646732747554779,-0.15154355764389038,-0.7468367218971252,0.7561687231063843,0.5348002910614014,-0.35227206349372864,-0.13454324007034302,123.190194,-57.936372,47.400721,75.768502
2026-08-05T15:58:00.477213,1785938280.477213,31.230787,-0.029171627014875412,0.6439657807350159,-0.15222641825675964,-0.7491918206214905,0.7569921016693115,0.5321480631828308,-0.35727623105049133,-0.12702451646327972,123.911407,-56.886115,43.270951,63.012790
2026-08-05T15:58:00.494314,1785938280.494314,31.247888,-0.028708960860967636,0.6412845253944397,-0.15388980507850647,-0.7511670589447021,0.7569714784622192,0.5308285355567932,-0.3616529703140259,-0.12009351700544357,124.638533,-56.094171,42.519360,46.309675
2026-08-05T15:58:00.502554,1785938280.502554,31.256128,-0.028236787766218185,0.639544665813446,-0.15459080040454865,-0.7525233626365662,0.7561103701591492,0.5311360359191895,-0.36502695083618164,-0.11378519982099533,125.175464,-55.351625,65.161667,90.114935
2026-08-05T15:58:00.511992,1785938280.511992,31.265566,-0.026922235265374184,0.6389591693878174,-0.15497785806655884,-0.7529890537261963,0.7542541027069092,0.5334840416908264,-0.369220495223999,-0.10085544735193253,126.033323,-54.544704,90.893830,85.496732
2026-08-05T15:58:00.521486,1785938280.521487,31.275061,-0.025787360966205597,0.6386623382568359,-0.15514132380485535,-0.7532469034194946,0.7538698315620422,0.5338398814201355,-0.37109073996543884,-0.09480063617229462,126.450789,-54.178909,43.970152,38.527779
2026-08-05T15:58:00.532689,1785938280.532690,31.284246,-0.025018278509378433,0.6355183720588684,-0.1538035273551941,-0.7562005519866943,0.7541058659553528,0.5330255031585693,-0.37309202551841736,-0.08950182050466537,127.160451,-53.488897,77.258518,75.119331
2026-08-05T15:58:00.542957,1785938280.542957,31.296531,-0.02617674134671688,0.6335698366165161,-0.1542498767375946,-0.7577040195465088,0.7547380328178406,0.5315112471580505,-0.37514597177505493,-0.08445094525814056,127.939329,-53.431651,63.399484,4.659708
2026-08-05T15:58:00.548255,1785938280.548256,31.301830,-0.026787851005792618,0.6331031918525696,-0.15521091222763062,-0.7578763961791992,0.7550221085548401,0.5309485793113708,-0.3765648305416107,-0.07895880192518234,128.530336,-53.549822,111.545060,-22.303259
2026-08-05T15:58:00.558493,1785938280.558494,31.312068,-0.025350401178002357,0.6350935101509094,-0.1564585417509079,-0.7560015916824341,0.7543307542800903,0.5323886275291443,-0.3771836459636688,-0.0726664811372757,128.691103,-53.618800,15.703050,-6.737496
2026-08-05T15:58:00.577365,1785938280.577365,31.330939,-0.022812288254499435,0.6363793611526489,-0.1559823900461197,-0.7550991177558899,0.7528031468391418,0.535373866558075,-0.3772571086883545,-0.06587278097867966,128.796568,-53.264345,5.588637,18.782746
2026-08-05T15:58:00.585658,1785938280.585659,31.339233,-0.020430229604244232,0.6367677450180054,-0.15422756969928741,-0.7552004456520081,0.7516397833824158,0.5374674201011658,-0.37759891152381897,-0.05987805128097534,129.021606,-52.810465,27.133077,54.724735
2026-08-05T15:58:00.605059,1785938280.605059,31.356608,-0.01897975616157055,0.6369300484657288,-0.15247927606105804,-0.7554561495780945,0.7513900399208069,0.5373349189758301,-0.37901225686073303,-0.05508224666118622,129.396383,-52.519205,21.569330,16.762769
2026-08-05T15:58:00.619765,1785938280.619765,31.373339,-0.018392257392406464,0.6367284655570984,-0.15237955749034882,-0.7556607723236084,0.7513542175292969,0.5365026593208313,-0.3808442950248718,-0.05088672414422035,129.790752,-52.285291,23.571126,13.980812
2026-08-05T15:58:00.654569,1785938280.654569,31.406124,-0.01833103597164154,0.637164831161499,-0.15217266976833344,-0.7553360462188721,0.7508619427680969,0.5366467237472534,-0.38219892978668213,-0.04626798629760742,130.169710,-52.250663,11.559045,1.056242
2026-08-05T15:58:00.663626,1785938280.663626,31.417200,-0.018139604479074478,0.6383489966392517,-0.1518385410308838,-0.754407525062561,0.7497493624687195,0.5381954312324524,-0.3828010857105255,-0.04104997590184212,130.451027,-52.314510,25.398310,-5.764304
2026-08-05T15:58:00.677174,1785938280.677175,31.428898,-0.017962651327252388,0.6395555734634399,-0.1506911814212799,-0.7536196708679199,0.74881511926651,0.5397403240203857,-0.38283732533454895,-0.037309467792510986,130.640036,-52.455699,16.157697,-12.069801
2026-08-05T15:58:00.688715,1785938280.688715,31.442289,-0.017951922491192818,0.640264093875885,-0.14927174150943756,-0.7533003687858582,0.7486881017684937,0.5403863191604614,-0.38229405879974365,-0.036058347672224045,130.737432,-52.704866,7.272989,-18.606366
2026-08-05T15:58:00.710216,1785938280.710217,31.463791,-0.01778494380414486,0.6413313150405884,-0.14784054458141327,-0.7526785135269165,0.7491794228553772,0.5404137969017029,-0.38119998574256897,-0.03701227158308029,130.649515,-53.107408,-4.088802,-18.721336
2026-08-05T15:58:00.728001,1785938280.728001,31.481575,-0.017870938405394554,0.6429264545440674,-0.14634625613689423,-0.7516071200370789,0.749662458896637,0.5407558083534241,-0.3794841766357422,-0.039763499051332474,130.369870,-53.651404,-15.724249,-30.588412
2026-08-05T15:58:00.735664,1785938280.735665,31.489239,-0.01761794462800026,0.6455636024475098,-0.1450093686580658,-0.7496092915534973,0.7500168085098267,0.5414592027664185,-0.377322793006897,-0.04386869817972183,129.833925,-54.264785,-69.936930,-80.041947
2026-08-05T15:58:00.752416,1785938280.752417,31.505991,-0.01751404069364071,0.648006021976471,-0.14366517961025238,-0.7477607131004333,0.7500431537628174,0.5427500605583191,-0.37480857968330383,-0.04874856397509575,129.208612,-54.793765,-37.327690,-31.577097
2026-08-05T15:58:00.828331,1785938280.828331,31.581906,-0.01798376441001892,0.6500996947288513,-0.14262251555919647,-0.7461301684379578,0.7498019933700562,0.5443487167358398,-0.3722080886363983,-0.05424770340323448,128.562141,-55.280664,-8.515736,-6.413750
2026-08-05T15:58:00.845155,1785938280.845156,31.598730,-0.018895618617534637,0.653001070022583,-0.14175046980381012,-0.7437360286712646,0.7499102354049683,0.5452883839607239,-0.3695380985736847,-0.06113077700138092,127.824094,-56.000484,-43.867455,-42.784106
2026-08-05T15:58:00.882018,1785938280.882019,31.635593,-0.020042311400175095,0.6569308042526245,-0.1411944329738617,-0.7403436303138733,0.7505289912223816,0.5456142425537109,-0.36625412106513977,-0.06978151202201843,126.927646,-57.021171,-24.318459,-27.688762
2026-08-05T15:58:00.886162,1785938280.886163,31.639737,-0.02099609188735485,0.6605184078216553,-0.14044584333896637,-0.7372611165046692,0.7510402798652649,0.5461815595626831,-0.362398624420166,-0.0793185755610466,125.951323,-57.930483,-235.601858,-219.431105
2026-08-05T15:58:00.896020,1785938280.896021,31.648411,-0.02197711355984211,0.6632779836654663,-0.13851825892925262,-0.7351164221763611,0.7502893209457397,0.5488142371177673,-0.3580097258090973,-0.08773830533027649,125.017263,-58.531914,-107.686156,-69.337995
2026-08-05T15:58:00.911423,1785938280.911423,31.664997,-0.0237365011125803,0.6652841567993164,-0.1357795149087906,-0.7337585091590881,0.7485881447792053,0.554254949092865,-0.34852519631385803,-0.10463021695613861,123.273084,-59.159739,-105.156279,-37.851415
2026-08-05T15:58:00.922490,1785938280.922491,31.676065,-0.026139533147215843,0.6675277948379517,-0.13247819244861603,-0.7322412729263306,0.7511906027793884,0.5510987639427185,-0.3436111807823181,-0.11804353445768356,122.603823,-60.470854,-60.471435,-118.466560
2026-08-05T15:58:00.939395,1785938280.939395,31.692970,-0.029516804963350296,0.670819103717804,-0.12916499376296997,-0.7296925187110901,0.754621148109436,0.5461910963058472,-0.3374795913696289,-0.13538825511932373,121.778061,-62.215430,-48.847729,-103.199851
2026-08-05T15:58:00.954266,1785938280.954267,31.707841,-0.03240152820944786,0.6774746179580688,-0.12725457549095154,-0.7237326502799988,0.7545765042304993,0.5472316145896912,-0.3287985622882843,-0.15180160105228424,120.265808,-63.853168,-101.688896,-110.126968
2026-08-05T15:58:00.966156,1785938280.966157,31.719731,-0.031982142478227615,0.6861369013786316,-0.12593623995780945,-0.7157777547836304,0.7507686018943787,0.5549001693725586,-0.3188314735889435,-0.1636432558298111,118.137429,-64.652365,-179.006870,-67.216280
2026-08-05T15:58:00.976598,1785938280.976599,31.728740,-0.031932152807712555,0.691428542137146,-0.12266912311315536,-0.7112407684326172,0.7467787265777588,0.5625540018081665,-0.30874189734458923,-0.17473717033863068,116.357389,-65.037528,-197.587117,-42.753630
2026-08-05T15:58:00.993773,1785938280.993773,31.745935,-0.03401622548699379,0.694587767124176,-0.11579540371894836,-0.7092154622077942,0.7463374137878418,0.5640823245048523,-0.29770275950431824,-0.19017057120800018,115.209012,-66.081591,-66.782774,-60.716559
2026-08-05T15:58:01.003526,1785938281.003527,31.757101,-0.0371144637465477,0.7004702091217041,-0.10889744758605957,-0.7043504118919373,0.7489675879478455,0.5604391694068909,-0.2849749028682709,-0.20915299654006958,114.207121,-68.165518,-89.730037,-186.637799
2026-08-05T15:58:01.010436,1785938281.010436,31.764010,-0.03869288042187691,0.7069429159164429,-0.1031358391046524,-0.6986428499221802,0.750572919845581,0.5581013560295105,-0.27180686593055725,-0.22646091878414154,113.025552,-69.906011,-171.015579,-251.911902
2026-08-05T15:58:01.019968,1785938281.019968,31.773542,-0.03829830512404442,0.7106525301933289,-0.09601838886737823,-0.6959101557731628,0.7490622401237488,0.5606619715690613,-0.2587422728538513,-0.24003437161445618,111.662364,-70.480643,-143.008482,-60.283250
2026-08-05T15:58:01.028972,1785938281.028972,31.782546,-0.038533806800842285,0.7127636671066284,-0.08861449360847473,-0.694719135761261,0.7455170750617981,0.565883457660675,-0.24574173986911774,-0.25217312574386597,110.279305,-70.614301,-153.607071,-14.844505
2026-08-05T15:58:01.052910,1785938281.052910,31.806484,-0.04063352197408676,0.7167503237724304,-0.08421395719051361,-0.6910354495048523,0.7425334453582764,0.5692504644393921,-0.231610506772995,-0.26637351512908936,108.899630,-71.391223,-57.635502,-32.455664
2026-08-05T15:58:01.065702,1785938281.065702,31.819277,-0.042961522936820984,0.7209988832473755,-0.0803566500544548,-0.6869220733642578,0.7412066459655762,0.5690473914146423,-0.2161756306886673,-0.2829592823982239,107.660431,-72.545361,-96.870320,-90.220912
2026-08-05T15:58:01.088391,1785938281.088391,31.839943,-0.04365505278110504,0.724655032157898,-0.07735247910022736,-0.6833667159080505,0.7402742505073547,0.5669793486595154,-0.19989065825939178,-0.30095258355140686,106.307550,-73.509863,-65.462934,-46.670145
2026-08-05T15:58:01.103904,1785938281.103904,31.857479,-0.0402534082531929,0.7298243641853333,-0.07804644107818604,-0.6779743432998657,0.7373136281967163,0.5670068264007568,-0.18361718952655792,-0.31805142760276794,104.227473,-73.822799,-118.619674,-17.845692
2026-08-05T15:58:01.122212,1785938281.122213,31.875787,-0.04105697199702263,0.7315686345100403,-0.07895182818174362,-0.6759382486343384,0.7328056693077087,0.5691218972206116,-0.16724754869937897,-0.3333534300327301,102.665801,-74.223864,-85.299204,-21.906367
2026-08-05T15:58:01.154827,1785938281.154827,31.908401,-0.0440196618437767,0.7291252613067627,-0.07185859233140945,-0.6791753768920898,0.7281879186630249,0.5704256296157837,-0.14972400665283203,-0.3491988480091095,101.636567,-74.389015,-31.557599,-5.063736
2026-08-05T15:58:01.165342,1785938281.165343,31.918917,-0.04642544686794281,0.7317724823951721,-0.06968136131763458,-0.6763893961906433,0.7232315540313721,0.5709559917449951,-0.1307244598865509,-0.3658641278743744,100.295840,-75.124931,-127.497756,-69.982655
2026-08-05T15:58:01.178425,1785938281.178425,31.931999,-0.047570765018463135,0.7357243895530701,-0.06841495633125305,-0.6721386313438416,0.7181593179702759,0.5700374245643616,-0.11019527912139893,-0.3836165964603424,98.825063,-75.928999,-112.423178,-61.461310
2026-08-05T15:58:01.236106,1785938281.236106,31.989681,-0.049756038933992386,0.7420743107795715,-0.06509692966938019,-0.6652944087982178,0.713050901889801,0.5678267478942871,-0.08916187286376953,-0.40147408843040466,97.584341,-77.018880,-21.510034,-18.894944
2026-08-05T15:58:01.244378,1785938281.244379,31.997953,-0.047231853008270264,0.7457758188247681,-0.06153152883052826,-0.6616689562797546,0.7066369652748108,0.5664561986923218,-0.0680808424949646,-0.4185171127319336,95.837928,-77.142844,-211.119128,-14.985682
2026-08-05T15:58:01.260249,1785938281.260250,32.013824,-0.04842536151409149,0.7442305684089661,-0.057268932461738586,-0.663702130317688,0.6999000310897827,0.5651294589042664,-0.04602108895778656,-0.43433937430381775,94.687273,-77.371410,-72.500260,-14.401403
2026-08-05T15:58:01.268561,1785938281.268562,32.022136,-0.05021773651242256,0.7405779957771301,-0.05395109951496124,-0.6679191589355469,0.6931203603744507,0.5625897645950317,-0.022577373310923576,-0.45007461309432983,93.738628,-77.710076,-114.126454,-40.743124
2026-08-05T15:58:01.276516,1785938281.276516,32.030090,-0.051178574562072754,0.7380982041358948,-0.04991854354739189,-0.6708981394767761,0.6845982074737549,0.5610272288322449,0.0008170156506821513,-0.46537405252456665,92.544459,-77.803665,-150.127564,-11.765745
2026-08-05T15:58:01.284667,1785938281.284668,32.038242,-0.05087951570749283,0.7382025122642517,-0.04443705826997757,-0.6711914539337158,0.6748579740524292,0.5594216585159302,0.023929327726364136,-0.4806678891181946,91.116252,-77.709346,-175.202063,11.570316
2026-08-05T15:58:01.325115,1785938281.325115,32.078689,-0.05032486096024513,0.7401897311210632,-0.04117731750011444,-0.6692497134208679,0.6641659140586853,0.5575022101402283,0.04700063169002533,-0.495849072933197,89.669506,-77.734412,-35.768942,-0.619718
2026-08-05T15:58:01.342131,1785938281.342131,32.095706,-0.05331414192914963,0.7412246465682983,-0.04235909879207611,-0.6677975654602051,0.6533064842224121,0.5551048517227173,0.07037531584501266,-0.5099968910217285,88.841548,-78.393949,-48.656454,-38.758867
2026-08-05T15:58:01.359093,1785938281.359093,32.112668,-0.05724198371171951,0.7384254336357117,-0.042245037853717804,-0.6705750823020935,0.6419830322265625,0.552508533000946,0.09468226134777069,-0.5230940580368042,88.219084,-78.941973,-36.697419,-32.308844
2026-08-05T15:58:01.366052,1785938281.366052,32.119627,-0.058970771729946136,0.7344603538513184,-0.03902576118707657,-0.6749604344367981,0.6304858922958374,0.5494189858436584,0.119627945125103,-0.5350846648216248,87.421571,-79.116057,-114.602363,-25.015875
2026-08-05T15:58:01.376363,1785938281.376364,32.129938,-0.05827336385846138,0.7339462637901306,-0.03308282792568207,-0.6758972406387329,0.6176098585128784,0.5467299818992615,0.14388810098171234,-0.5467546582221985,86.215757,-78.875666,-116.940311,23.313205
2026-08-05T15:58:01.391704,1785938281.391705,32.145279,-0.05933127552270889,0.7339715361595154,-0.030489757657051086,-0.6758996248245239,0.6034980416297913,0.5435805320739746,0.16852395236492157,-0.5584890842437744,85.299510,-78.983950,-59.726111,-7.058565
2026-08-05T15:58:01.408340,1785938281.408340,32.161104,-0.06140013039112091,0.733445942401886,-0.028631441295146942,-0.67636638879776,0.5900467038154602,0.5394301414489746,0.1934020221233368,-0.5687317252159119,84.784598,-79.384263,-32.536847,-25.295425
2026-08-05T15:58:01.425789,1785938281.425790,32.179364,-0.06106036156415939,0.7320144176483154,-0.024350661784410477,-0.6781133413314819,0.5773677825927734,0.534125804901123,0.218484029173851,-0.5775993466377258,84.180574,-79.526162,-33.079522,-7.771087
2026-08-05T15:58:01.441138,1785938281.441139,32.194713,-0.05935075879096985,0.731536865234375,-0.01933995634317398,-0.6789413690567017,0.5652773380279541,0.5284533500671387,0.24315686523914337,-0.584870457649231,83.609284,-79.620181,-37.219607,-6.125350
2026-08-05T15:58:01.448917,1785938281.448917,32.202491,-0.057752519845962524,0.7319270968437195,-0.013711965642869473,-0.6787957549095154,0.5540620684623718,0.522454023361206,0.26665550470352173,-0.5907215476036072,83.213299,-79.765487,-50.909883,-18.681284
2026-08-05T15:58:01.460661,1785938281.460661,32.214236,-0.056899167597293854,0.732401430606842,-0.007780440151691437,-0.678449809551239,0.5435777306556702,0.516269862651825,0.2883220613002777,-0.5957004427909851,82.975781,-79.925638,-20.224122,-13.636541
2026-08-05T15:58:01.510127,1785938281.510128,32.263702,-0.05580756813287735,0.7340913414955139,-0.0016794875264167786,-0.6767544746398926,0.534187376499176,0.5099741220474243,0.3075043857097626,-0.6000094413757324,82.802439,-80.027609,-3.504239,-2.061429
2026-08-05T15:58:01.525643,1785938281.525644,32.279218,-0.05596132203936577,0.7366392612457275,0.003338586539030075,-0.6739612221717834,0.5260623097419739,0.504711925983429,0.3232939541339874,-0.6033286452293396,82.810684,-80.203065,0.531352,-11.308194
2026-08-05T15:58:01.541352,1785938281.541353,32.294323,-0.06147010624408722,0.7371776103973389,0.005511673167347908,-0.6728777885437012,0.5181310772895813,0.5016791820526123,0.33480656147003174,-0.6064346432685852,83.186355,-80.643385,24.870645,-29.150621
2026-08-05T15:58:01.548357,1785938281.548358,32.301932,-0.07124930620193481,0.7359709143638611,0.005716649815440178,-0.6732322573661804,0.5102784633636475,0.5010896325111389,0.342227578163147,-0.6094305515289307,83.737870,-81.191428,72.480643,-72.024348
2026-08-05T15:58:01.564980,1785938281.564981,32.318555,-0.08054189383983612,0.7355390787124634,0.004380395635962486,-0.6726664304733276,0.5035221576690674,0.5017856359481812,0.34636303782463074,-0.6121351718902588,84.228902,-81.668005,29.539714,-28.670135
2026-08-05T15:58:01.574420,1785938281.578452,32.327995,-0.08745425939559937,0.7364539504051208,0.001990826800465584,-0.670810878276825,0.49816012382507324,0.5032809376716614,0.34775984287261963,-0.6144981384277344,84.540591,-81.972455,33.018082,-32.251244
2026-08-05T15:58:01.597644,1785938281.597645,32.351219,-0.09351678937673569,0.737434446811676,-0.0010632425546646118,-0.6689156889915466,0.49411800503730774,0.5050448179244995,0.3473193049430847,-0.6165602207183838,84.828939,-82.247949,12.415780,-11.862258
2026-08-05T15:58:01.624253,1785938281.624254,32.377828,-0.09938770532608032,0.7374126315116882,-0.004255399107933044,-0.6680799126625061,0.49189066886901855,0.5069291591644287,0.3454344570636749,-0.6178522706031799,85.177281,-82.575365,13.091265,-12.304867
2026-08-05T15:58:01.641010,1785938281.641010,32.394584,-0.10418254137039185,0.7369169592857361,-0.007624505087733269,-0.6678662300109863,0.49108877778053284,0.508800208568573,0.34207820892333984,-0.6188188791275024,85.476932,-82.849689,17.882889,-16.371392
2026-08-05T15:58:01.658082,1785938281.658082,32.411656,-0.10745169222354889,0.7365580201148987,-0.011534987017512321,-0.667688250541687,0.49148234724998474,0.5112787485122681,0.33703485131263733,-0.6192308068275452,85.665785,-83.027560,11.061873,-10.418584
2026-08-05T15:58:01.676874,1785938281.676874,32.428422,-0.10898222774267197,0.7362772822380066,-0.014845345169305801,-0.6676841974258423,0.4934418797492981,0.5145272612571716,0.3301997482776642,-0.618664026260376,85.684765,-83.029093,1.132067,-0.091446
2026-08-05T15:58:01.687440,1785938281.687441,32.441015,-0.10876606404781342,0.7357990145683289,-0.016759628430008888,-0.6682012677192688,0.4972180724143982,0.5175700783729553,0.32220765948295593,-0.6173148155212402,85.582083,-82.872650,-8.153993,12.423200
2026-08-05T15:58:01.694256,1785938281.694256,32.447830,-0.10736396908760071,0.7359657287597656,-0.018170569092035294,-0.6682075262069702,0.5023664832115173,0.520395040512085,0.3126429617404938,-0.6156878471374512,85.422464,-82.615063,-23.421139,37.796030
2026-08-05T15:58:01.710828,1785938281.710829,32.464403,-0.10515998303890228,0.7365504503250122,-0.019516117870807648,-0.6678754687309265,0.5074480772018433,0.5244408249855042,0.3002799153327942,-0.6142395734786987,84.998231,-82.047149,-25.598291,34.267989
2026-08-05T15:58:01.719424,1785938281.719424,32.472998,-0.10230638086795807,0.7371808886528015,-0.02136242389678955,-0.6675668358802795,0.5118212103843689,0.5305538177490234,0.28457993268966675,-0.6128343939781189,84.233703,-81.099210,-88.947935,110.286625
2026-08-05T15:58:01.761692,1785938281.761693,32.515267,-0.09957243502140045,0.7381616234779358,-0.024578990414738655,-0.6667853593826294,0.5164111852645874,0.5375960469245911,0.2670091390609741,-0.6107507348060608,83.494795,-80.155823,-17.481291,22.318916
2026-08-05T15:58:01.770752,1785938281.770752,32.523044,-0.09784509241580963,0.7384918928146362,-0.028438035398721695,-0.6665217876434326,0.5227704048156738,0.5440536141395569,0.2489577978849411,-0.6072371006011963,83.116094,-79.514173,-48.695150,82.506362
2026-08-05T15:58:01.778450,1785938281.778450,32.532024,-0.09658556431531906,0.7380292415618896,-0.0316505953669548,-0.6670730113983154,0.5311237573623657,0.5493757128715515,0.2306300699710846,-0.6024149656295776,83.042476,-79.070157,-8.197268,49.440827
2026-08-05T15:58:01.787351,1785938281.787352,32.540926,-0.09414161741733551,0.7388405799865723,-0.034443147480487823,-0.6663854718208313,0.540539562702179,0.5543062090873718,0.2115737497806549,-0.5964882373809814,83.016730,-78.614225,-2.892266,51.219198
2026-08-05T15:58:01.832795,1785938281.832795,32.586369,-0.09060902893543243,0.741352379322052,-0.03657770901918411,-0.6639674305915833,0.5497976541519165,0.5597712397575378,0.1915646642446518,-0.5896455645561218,82.876750,-78.000394,-3.080327,13.507619
2026-08-05T15:58:01.872741,1785938281.872741,32.626315,-0.08702529221773148,0.7437617778778076,-0.0371287576854229,-0.6617180109024048,0.5589355230331421,0.5655052661895752,0.17046810686588287,-0.5820099711418152,82.688315,-77.201670,-4.717226,19.995050
2026-08-05T15:58:01.891176,1785938281.891177,32.642742,-0.08443993330001831,0.7461570501327515,-0.037281762808561325,-0.6593433022499084,0.5679246783256531,0.5708585977554321,0.14853787422180176,-0.5740373134613037,82.655751,-76.434648,-1.982427,46.693993
2026-08-05T15:58:01.903224,1785938281.903225,32.656030,-0.08202742040157318,0.7494838833808899,-0.03759903833270073,-0.6558475494384766,0.5765761733055115,0.5763062834739685,0.12518087029457092,-0.5654740333557129,82.681657,-75.637325,1.949603,60.003179
2026-08-05T15:58:01.925918,1785938281.925919,32.679493,-0.07890626043081284,0.7531667947769165,-0.03715638816356659,-0.6520254611968994,0.5843849182128906,0.5829644799232483,0.10018977522850037,-0.5555257201194763,82.567646,-74.566547,-4.859135,45.636380
2026-08-05T15:58:01.947468,1785938281.947468,32.701042,-0.07652203738689423,0.7556045651435852,-0.03731786087155342,-0.6494749784469604,0.5925954580307007,0.5896784663200378,0.07458070665597916,-0.5436431765556335,82.730003,-73.615564,7.534305,44.131215
2026-08-05T15:58:01.973828,1785938281.973828,32.727402,-0.07506351917982101,0.755964994430542,-0.038516055792570114,-0.649155855178833,0.6262863278388977,0.5972180366516113,0.004769459832459688,-0.5010721683502197,86.302084,-73.084505,135.511261,20.146372
2026-08-05T15:58:01.990928,1785938281.990928,32.744503,-0.07336121797561646,0.7552438378334045,-0.04030872881412506,-0.6500802040100098,0.6389179825782776,0.596554696559906,-0.01645468734204769,-0.48542314767837524,87.907853,-73.254157,93.902766,-9.920962
2026-08-05T15:58:01.999322,1785938281.999322,32.752896,-0.07149818539619446,0.7533721327781677,-0.04322589188814163,-0.6522684693336487,0.6503762602806091,0.5963412523269653,-0.038213565945625305,-0.4689643085002899,89.480181,-73.245408,187.320940,1.042286
2026-08-05T15:58:02.008338,1785938282.008338,32.761913,-0.06916903704404831,0.7503581643104553,-0.04598521813750267,-0.6557957530021667,0.6602632403373718,0.5968309044837952,-0.060573987662792206,-0.4518587589263916,90.940728,-72.878592,161.990040,40.683726
2026-08-05T15:58:02.025226,1785938282.025226,32.778800,-0.06171680986881256,0.746044933795929,-0.05272529274225235,-0.6609328389167786,0.6694356203079224,0.5973478555679321,-0.08296755701303482,-0.433760404586792,91.883016,-71.902481,55.798219,57.801097
2026-08-05T15:58:02.040221,1785938282.040221,32.793795,-0.055735036730766296,0.7442755699157715,-0.05532006174325943,-0.6632429957389832,0.6785765290260315,0.5967330932617188,-0.10505612939596176,-0.4152190089225769,93.132601,-71.132293,83.332881,51.362610
2026-08-05T15:58:02.051846,1785938282.051847,32.803394,-0.048957422375679016,0.742491602897644,-0.05760689824819565,-0.6655788421630859,0.6878708600997925,0.5942426919937134,-0.12636493146419525,-0.39716655015945435,94.442760,-70.344059,136.496288,82.120568
2026-08-05T15:58:02.070119,1785938282.070119,32.823694,-0.042657263576984406,0.7412844300270081,-0.06045418977737427,-0.6671037673950195,0.6961774826049805,0.5917965769767761,-0.14735428988933563,-0.378682404756546,95.785615,-69.585930,66.150800,37.346456
2026-08-05T15:58:02.083198,1785938282.083198,32.836772,-0.036725811660289764,0.7404425144195557,-0.0639074444770813,-0.668069064617157,0.7027432322502136,0.5906121134757996,-0.16806624829769135,-0.35928136110305786,97.053625,-68.711154,96.950644,66.884393
2026-08-05T15:58:02.099854,1785938282.099854,32.853428,-0.030444350093603134,0.7371188998222351,-0.06645280867815018,-0.6718013882637024,0.7084672451019287,0.5890811681747437,-0.18795563280582428,-0.3401918411254883,98.360106,-67.465805,78.440538,74.770165
2026-08-05T15:58:02.108198,1785938282.108198,32.861773,-0.017787810415029526,0.7306826710700989,-0.07542766630649567,-0.6783075332641602,0.7139299511909485,0.5863391160964966,-0.20611350238323212,-0.3225335478782654,98.909135,-65.310009,65.795963,258.352084
2026-08-05T15:58:02.123256,1785938282.123257,32.876831,-0.01198006421327591,0.727438747882843,-0.0790911614894867,-0.6814969182014465,0.720116376876831,0.5815308690071106,-0.22193455696105957,-0.30659323930740356,100.282805,-64.427444,91.222146,58.609024
2026-08-05T15:58:02.141504,1785938282.141504,32.895078,-0.005542248487472534,0.7217894196510315,-0.08162128180265427,-0.6872637271881104,0.7261415123939514,0.5761318206787109,-0.2365729659795761,-0.29124563932418823,101.708985,-63.216313,78.159144,66.373813
2026-08-05T15:58:02.153897,1785938282.153897,32.907471,-0.00036701373755931854,0.7172784805297852,-0.08583899587392807,-0.6914819478988647,0.7300691604614258,0.5730270147323608,-0.25082793831825256,-0.275180846452713,102.992760,-61.996812,103.586762,98.400505
2026-08-05T15:58:02.170474,1785938282.170475,32.924049,0.003717813640832901,0.715251088142395,-0.09156721830368042,-0.6928361654281616,0.732943058013916,0.5707935094833374,-0.2643209397792816,-0.259082168340683,104.141360,-61.086920,69.287716,54.888029
2026-08-05T15:58:02.203446,1785938282.203447,32.957021,0.00897461362183094,0.7131506204605103,-0.0942595824599266,-0.6945899724960327,0.7358932495117188,0.567498505115509,-0.276137113571167,-0.24526524543762207,105.152914,-60.023803,30.678898,32.242690
2026-08-05T15:58:02.219621,1785938282.219621,32.972216,0.011953640729188919,0.7085144519805908,-0.09958936274051666,-0.6985345482826233,0.7385262846946716,0.5639445781707764,-0.28617262840270996,-0.23377513885498047,106.233069,-59.046825,71.085583,64.295473
2026-08-05T15:58:02.236769,1785938282.236769,32.990344,0.0158503707498312,0.7051593661308289,-0.10298898071050644,-0.7013531923294067,0.7402977347373962,0.5614895224571228,-0.2960836887359619,-0.22141242027282715,107.195001,-57.898659,53.064944,63.338550
2026-08-05T15:58:02.264014,1785938282.264014,33.017589,0.01935260184109211,0.7018933296203613,-0.10801383852958679,-0.7037814855575562,0.7399763464927673,0.5615954399108887,-0.3067536950111389,-0.20723873376846313,108.042703,-56.400988,31.113993,54.970399
2026-08-05T15:58:02.274689,1785938282.274689,33.028263,0.02121228165924549,0.6987674832344055,-0.11390853673219681,-0.7059059739112854,0.7397887706756592,0.560659646987915,-0.31812652945518494,-0.19279298186302185,109.128025,-55.096208,101.674530,122.233614
2026-08-05T15:58:02.289858,1785938282.289859,33.043433,0.021131321787834167,0.692922055721283,-0.12285628914833069,-0.710157036781311,0.7405850291252136,0.5575799345970154,-0.3295801877975464,-0.17892897129058838,110.560013,-53.856949,94.396897,81.692221
2026-08-05T15:58:02.299591,1785938282.299591,33.053165,0.021257072687149048,0.6892009377479553,-0.12671750783920288,-0.713089644908905,0.7416473031044006,0.5535507202148438,-0.34033751487731934,-0.16646744310855865,112.012190,-52.839092,149.212975,104.586035
2026-08-05T15:58:02.316142,1785938282.316142,33.069716,0.020932404324412346,0.6841163039207458,-0.13651899993419647,-0.7161796689033508,0.7424354553222656,0.5494581460952759,-0.35142284631729126,-0.15292979776859283,113.412152,-51.640761,84.583413,72.401195
2026-08-05T15:58:02.324753,1785938282.324753,33.078327,0.021922660991549492,0.6774478554725647,-0.14841119945049286,-0.7201124429702759,0.7411959171295166,0.547787606716156,-0.36315998435020447,-0.13664644956588745,114.681288,-49.516988,147.390130,246.642695
2026-08-05T15:58:02.342185,1785938282.342185,33.095759,0.022790614515542984,0.6694577932357788,-0.15970003604888916,-0.7251253128051758,0.73880934715271,0.5472115874290466,-0.37533822655677795,-0.11764993518590927,116.201882,-46.814926,87.230177,155.006105
2026-08-05T15:58:02.352016,1785938282.352016,33.105590,0.022678663954138756,0.6615504622459412,-0.16104039549827576,-0.7320564985275269,0.7375452518463135,0.544408917427063,-0.3870497941970825,-0.09918899834156036,118.429455,-44.272678,226.582206,258.590023
2026-08-05T15:58:02.359135,1785938282.359135,33.112709,0.01888122595846653,0.6545748710632324,-0.1620950549840927,-0.738176703453064,0.7386746406555176,0.5380117893218994,-0.3971650004386902,-0.08463495224714279,120.928172,-42.942518,350.995599,186.848055
2026-08-05T15:58:02.376282,1785938282.376282,33.129856,0.015612855553627014,0.6495286822319031,-0.16265466809272766,-0.742574155330658,0.7411876916885376,0.5297117233276367,-0.40587034821510315,-0.07290910929441452,123.178258,-42.206209,131.222817,42.940810
2026-08-05T15:58:02.391372,1785938282.391373,33.144947,0.014211568981409073,0.6431135535240173,-0.1624090075492859,-0.7482181191444397,0.7427785992622375,0.523172914981842,-0.4133104383945465,-0.0611950159072876,125.235180,-40.778631,136.303928,94.599873
2026-08-05T15:58:02.408243,1785938282.408244,33.161818,0.014825297519564629,0.6361487507820129,-0.16263552010059357,-0.7540880441665649,0.743025541305542,0.5183888077735901,-0.4204590618610382,-0.048992544412612915,127.010819,-38.523857,105.249620,133.649965
2026-08-05T15:58:02.426125,1785938282.426125,33.179699,0.01485268771648407,0.6277315616607666,-0.16342876851558685,-0.7609387636184692,0.74335116147995,0.5131534934043884,-0.42738237977027893,-0.038040924817323685,128.816510,-35.917717,100.981550,145.745899
2026-08-05T15:58:02.441166,1785938282.441167,33.194741,0.014294903725385666,0.6212419867515564,-0.16363270580768585,-0.7662132978439331,0.7445676922798157,0.5066378116607666,-0.4336172044277191,-0.030221499502658844,130.394290,-33.940744,104.892855,131.431696
2026-08-05T15:58:02.458801,1785938282.458802,33.211464,0.013881901279091835,0.6165421605110168,-0.16297191381454468,-0.7701478004455566,0.7458347082138062,0.5009415149688721,-0.43838223814964294,-0.024682283401489258,131.633388,-32.469951,74.094746,87.949534
2026-08-05T15:58:02.493112,1785938282.493113,33.246687,0.013837018981575966,0.6127784848213196,-0.16112086176872253,-0.7735344171524048,0.7459230422973633,0.4985077679157257,-0.44125351309776306,-0.01959887519478798,132.587098,-31.138087,27.076711,37.812823
2026-08-05T15:58:02.509180,1785938282.509180,33.262754,0.015408746898174286,0.6116682887077332,-0.16099153459072113,-0.774409830570221,0.7444352507591248,0.5002596974372864,-0.4420202672481537,-0.01320955716073513,132.986880,-30.157556,24.881775,61.026669
2026-08-05T15:58:02.524858,1785938282.524858,33.278432,0.018582114949822426,0.6104575991630554,-0.1601497381925583,-0.7754692435264587,0.7425537705421448,0.5032573342323303,-0.44194576144218445,-0.005494306795299053,133.336705,-28.914322,22.312881,79.297091
2026-08-05T15:58:02.533398,1785938282.533398,33.286973,0.02186630479991436,0.6098727583885193,-0.1584227830171585,-0.7761980295181274,0.7412219047546387,0.5048860311508179,-0.4423554837703705,0.001441774656996131,133.707030,-27.840846,43.361594,125.694016
2026-08-05T15:58:02.542387,1785938282.542388,33.295962,0.026621881872415543,0.6110283136367798,-0.156657874584198,-0.7754985690116882,0.7404964566230774,0.5054807066917419,-0.4428560137748718,0.005738225765526295,133.654776,-27.055755,-5.812786,87.333568
2026-08-05T15:58:02.549673,1785938282.549673,33.303247,0.030009230598807335,0.6108306050300598,-0.15367847681045532,-0.7761267423629761,0.739478588104248,0.5059608817100525,-0.4439330995082855,0.009927256032824516,133.871284,-25.997905,29.720270,145.211731
2026-08-05T15:58:02.566200,1785938282.566200,33.319775,0.03216596692800522,0.6109454035758972,-0.1497453898191452,-0.7767184972763062,0.7374889850616455,0.5080351829528809,-0.4447099268436432,0.015602003782987595,134.267923,-25.092034,23.998461,54.809396
2026-08-05T15:58:02.582146,1785938282.582147,33.335721,0.03345141559839249,0.6108715534210205,-0.14632076025009155,-0.7773746848106384,0.7351924777030945,0.5105884075164795,-0.445341020822525,0.02151908539235592,134.721141,-24.245704,28.421830,53.074249
2026-08-05T15:58:02.624358,1785938282.624358,33.377933,0.034575991332530975,0.6106905341148376,-0.143514484167099,-0.7779906392097473,0.733802080154419,0.5120589733123779,-0.4457484185695648,0.025273822247982025,135.036494,-23.634551,7.470724,14.478269
2026-08-05T15:58:02.633477,1785938282.633477,33.387052,0.03432859480381012,0.6110589504241943,-0.14232873916625977,-0.7779302597045898,0.7339802980422974,0.5117002129554749,-0.4458737373352051,0.02515353448688984,135.113576,-23.814170,8.452829,-19.697144
2026-08-05T15:58:02.641971,1785938282.641971,33.395545,0.032987579703330994,0.6125827431678772,-0.14301468431949615,-0.7766628861427307,0.7346262335777283,0.5119726657867432,-0.44469013810157776,0.02142951823771,134.735860,-24.824131,-44.470246,-118.907607
2026-08-05T15:58:02.686562,1785938282.686562,33.440136,0.030678892508149147,0.61461341381073,-0.14459776878356934,-0.7748579978942871,0.7346003651618958,0.5139962434768677,-0.4426279067993164,0.015833718702197075,134.068724,-26.106767,-14.961162,-28.764335
2026-08-05T15:58:02.699649,1785938282.699649,33.453223,0.026798168197274208,0.6168487668037415,-0.1462542861700058,-0.7729122638702393,0.7333725094795227,0.5174810290336609,-0.4407733380794525,0.009857501834630966,133.380010,-27.380509,-52.626635,-97.330347
2026-08-05T15:58:02.718598,1785938282.718598,33.472172,0.022704284638166428,0.6209842562675476,-0.14804959297180176,-0.7693819403648376,0.730908989906311,0.5221003890037537,-0.4395102262496948,0.0037557680625468493,132.469573,-28.760354,-48.046022,-72.817817
2026-08-05T15:58:02.724288,1785938282.724288,33.477862,0.018299130722880363,0.6263719797134399,-0.14982065558433533,-0.7647753357887268,0.7279621958732605,0.5270476341247559,-0.4385000169277191,-0.00314335897564888,131.395729,-30.304580,-188.737417,-271.411047
2026-08-05T15:58:02.732640,1785938282.732641,33.486215,0.014423858374357224,0.6329876184463501,-0.15151844918727875,-0.7590553760528564,0.7254394292831421,0.5314322710037231,-0.4372464418411255,-0.011530444025993347,130.096369,-32.104435,-155.565002,-215.486506
2026-08-05T15:58:02.741523,1785938282.741524,33.495098,0.010949388146400452,0.640008270740509,-0.15211348235607147,-0.7530837655067444,0.7235885262489319,0.5356069803237915,-0.4348635971546173,-0.020947275683283806,128.729761,-34.160908,-153.845436,-231.506635
2026-08-05T15:58:02.749223,1785938282.749223,33.502797,0.007963312789797783,0.6466594934463501,-0.15144900977611542,-0.7475530505180359,0.7219292521476746,0.5404103398323059,-0.4311258792877197,-0.030089639127254486,127.409528,-36.202942,-171.470088,-265.216817
2026-08-05T15:58:02.758915,1785938282.758916,33.511729,0.0064443498849868774,0.6535157561302185,-0.15024837851524353,-0.7418256998062134,0.7204753756523132,0.5459875464439392,-0.425761342048645,-0.039246801286935806,125.929618,-38.195813,-165.684244,-223.113070
2026-08-05T15:58:02.799114,1785938282.799115,33.552689,0.006458120420575142,0.6595355272293091,-0.14900824427604675,-0.7367304563522339,0.7193353176116943,0.5517212152481079,-0.4191957712173462,-0.049352530390024185,124.275504,-39.844649,-40.384045,-40.255172
2026-08-05T15:58:02.809985,1785938282.809986,33.563560,0.005702424794435501,0.664417564868927,-0.14841730892658234,-0.7324569225311279,0.7192614078521729,0.5558328628540039,-0.4123038947582245,-0.06098015978932381,122.725313,-41.541542,-142.596493,-156.091113
2026-08-05T15:58:02.815215,1785938282.815215,33.568789,0.004452550783753395,0.6694245934486389,-0.14776329696178436,-0.7280256152153015,0.7196982502937317,0.5587367415428162,-0.4055391550064087,-0.07338770478963852,121.241601,-43.333064,-283.721152,-342.581693
2026-08-05T15:58:02.841604,1785938282.841604,33.595179,0.004942869767546654,0.675100564956665,-0.14463303983211517,-0.723395049571991,0.7200383543968201,0.5614245533943176,-0.39869004487991333,-0.08598712831735611,119.676568,-44.850124,-59.305988,-57.488073
2026-08-05T15:58:02.848327,1785938282.848328,33.601902,0.0062012746930122375,0.6796075701713562,-0.14217638969421387,-0.7196424007415771,0.7202126979827881,0.5638812184333801,-0.3920825719833374,-0.09799569100141525,118.145436,-45.920521,-227.739682,-159.210309
2026-08-05T15:58:02.856137,1785938282.858201,33.609712,0.006038861349225044,0.6820021867752075,-0.1418737918138504,-0.7174347043037415,0.7202047109603882,0.5660930275917053,-0.3861439824104309,-0.10833632200956345,116.941640,-46.764177,-154.137619,-108.024276
2026-08-05T15:58:02.878547,1785938282.878548,33.632122,0.006669359281659126,0.684571385383606,-0.14013925194740295,-0.7153198719024658,0.7206849455833435,0.5670626163482666,-0.3810291290283203,-0.11777132004499435,115.902373,-47.506634,-46.374322,-33.130022
2026-08-05T15:58:02.891355,1785938282.891355,33.644929,0.006869424134492874,0.6880245208740234,-0.13893359899520874,-0.7122335433959961,0.7213000655174255,0.567573606967926,-0.3760279715061188,-0.12723733484745026,114.860762,-48.452790,-81.330584,-73.877251
2026-08-05T15:58:02.911346,1785938282.911347,33.664921,0.007848154753446579,0.6914066076278687,-0.13752903044223785,-0.7092145085334778,0.7219171524047852,0.5683876872062683,-0.3706212341785431,-0.1356884241104126,113.833797,-49.299961,-51.369704,-42.376262
2026-08-05T15:58:02.927270,1785938282.927271,33.680845,0.008818324655294418,0.6935277581214905,-0.13494032621383667,-0.7076274752616882,0.7225536108016968,0.5697852373123169,-0.36487480998039246,-0.14187155663967133,113.106604,-50.004110,-45.665864,-44.218781
2026-08-05T15:58:02.975454,1785938282.975455,33.729029,0.009643983095884323,0.6943056583404541,-0.13183072209358215,-0.707440197467804,0.7240867018699646,0.5701144337654114,-0.3591208755970001,-0.14730997383594513,112.665099,-50.693206,-9.162912,-14.301369
2026-08-05T15:58:02.981452,1785938282.981452,33.735026,0.010704629123210907,0.6945956349372864,-0.12852439284324646,-0.7077486515045166,0.7267287969589233,0.5687789916992188,-0.3533910810947418,-0.15320105850696564,112.344676,-51.458723,-53.426810,-127.641110
2026-08-05T15:58:02.992432,1785938282.992433,33.746007,0.011512117460370064,0.6946753859519958,-0.1250729262828827,-0.7082757949829102,0.7302701473236084,0.5659287571907043,-0.34748804569244385,-0.16025742888450623,112.094327,-52.381896,-22.799718,-84.074822
2026-08-05T15:58:03.024162,1785938283.024163,33.777737,0.011375967413187027,0.6943823099136353,-0.12182649970054626,-0.7091307640075684,0.7343828082084656,0.5622187256813049,-0.34079739451408386,-0.1686692088842392,111.905766,-53.536636,-5.942631,-36.392507
2026-08-05T15:58:03.040587,1785938283.040587,33.794161,0.010608846321702003,0.6935689449310303,-0.11809186637401581,-0.7105689644813538,0.7381141781806946,0.5592176914215088,-0.3330274820327759,-0.17763954401016235,111.717045,-54.706660,-11.490488,-71.237901
2026-08-05T15:58:03.048690,1785938283.048690,33.802264,0.009596316143870354,0.6932048201560974,-0.11402158439159393,-0.7116026282310486,0.7403198480606079,0.5587568879127502,-0.32388395071029663,-0.18659202754497528,111.314091,-55.788887,-49.726709,-133.552702
2026-08-05T15:58:03.065207,1785938283.065207,33.818781,0.009000388905405998,0.6937639713287354,-0.11045247316360474,-0.7116285562515259,0.7410975098609924,0.560563325881958,-0.3132709264755249,-0.19597110152244568,110.551464,-56.771538,-46.172464,-59.493538
2026-08-05T15:58:03.075757,1785938283.075758,33.829332,0.00875144824385643,0.6951478123664856,-0.10810185223817825,-0.7106413841247559,0.7422052621841431,0.5615436434745789,-0.30183345079421997,-0.2066321074962616,109.615748,-57.910209,-88.689203,-107.925821
2026-08-05T15:58:03.098996,1785938283.098996,33.852571,0.009485408663749695,0.6969062089920044,-0.10450099408626556,-0.7094473242759705,0.7438936233520508,0.5606266260147095,-0.29011979699134827,-0.21943290531635284,108.570125,-58.991125,-44.995010,-46.513684
2026-08-05T15:58:03.109684,1785938283.109684,33.863258,0.010075030848383904,0.6982792019844055,-0.09922988712787628,-0.708845853805542,0.7449709177017212,0.5593687891960144,-0.2777984142303467,-0.23442117869853973,107.425448,-59.885350,-107.100915,-83.667668
2026-08-05T15:58:03.124942,1785938283.124943,33.878517,0.009204573929309845,0.7006570100784302,-0.09301068633794785,-0.7073529958724976,0.7441022396087646,0.5600568652153015,-0.2647795081138611,-0.25008031725883484,106.148727,-60.757111,-83.672491,-57.132602
2026-08-05T15:58:03.141057,1785938283.141058,33.894632,0.007588047534227371,0.7038317322731018,-0.08736956864595413,-0.7049357891082764,0.7414042353630066,0.5632085204124451,-0.251094251871109,-0.26470309495925903,104.739254,-61.558608,-87.463722,-49.736272
2026-08-05T15:58:03.158135,1785938283.158135,33.911709,0.007116489112377167,0.7070034146308899,-0.08243920654058456,-0.7023555636405945,0.7386385202407837,0.5660071969032288,-0.23735369741916656,-0.2787691652774811,103.252803,-62.197782,-87.042987,-37.428466
2026-08-05T15:58:03.174399,1785938283.174399,33.927973,0.007947685196995735,0.7118178009986877,-0.08300900459289551,-0.6973994374275208,0.7367209792137146,0.5664594769477844,-0.22385793924331665,-0.2936895489692688,101.534676,-63.077682,-105.640083,-54.101198
2026-08-05T15:58:03.190894,1785938283.190894,33.944468,0.004386015236377716,0.7153327465057373,-0.08231765031814575,-0.6939077973365784,0.7341623306274414,0.5666792392730713,-0.2094479650259018,-0.3098580837249756,100.291478,-64.309891,-75.366082,-74.699842
2026-08-05T15:58:03.199199,1785938283.199199,33.952773,0.00012039579451084137,0.7182145118713379,-0.07444149255752563,-0.6918313503265381,0.7308339476585388,0.5668200254440308,-0.1936829835176468,-0.32723701000213623,99.218682,-65.297822,-129.180940,-118.962024
2026-08-05T15:58:03.225315,1785938283.225315,33.978889,-0.006852163001894951,0.7214780449867249,-0.07428466528654099,-0.688410222530365,0.7267870306968689,0.5672993063926697,-0.176731139421463,-0.3445552885532379,98.215851,-66.864115,-38.398577,-59.973583
2026-08-05T15:58:03.240552,1785938283.240552,33.994127,-0.019026730209589005,0.7242175936698914,-0.07360692322254181,-0.6853708624839783,0.7220432758331299,0.5687234401702881,-0.1591297835111618,-0.360395610332489,97.878687,-68.971005,-22.127806,-138.273796
2026-08-05T15:58:03.258495,1785938283.258496,34.010718,-0.021912941709160805,0.7245480418205261,-0.07083626091480255,-0.6852272748947144,0.7169172763824463,0.5704374313354492,-0.14147162437438965,-0.374988853931427,96.700998,-69.561969,-70.982274,-35.618855
2026-08-05T15:58:03.274029,1785938283.274029,34.025948,-0.026025332510471344,0.7268549799919128,-0.06903304159641266,-0.6828199625015259,0.710907518863678,0.572222888469696,-0.12348464876413345,-0.3897731900215149,95.542930,-70.411434,-76.040148,-55.776879
2026-08-05T15:58:03.278980,1785938283.278980,34.032555,-0.029423337429761887,0.7298113703727722,-0.06623878329992294,-0.6797986626625061,0.7039833068847656,0.573431134223938,-0.10419516265392303,-0.40586671233177185,94.220321,-71.138011,-200.181225,-109.969920
2026-08-05T15:58:03.303226,1785938283.303226,34.056801,-0.031057409942150116,0.731071412563324,-0.059250034391880035,-0.6790165305137634,0.6970770955085754,0.5731347799301147,-0.08334046602249146,-0.4226752817630768,92.851644,-71.461248,-56.449661,-13.331540
2026-08-05T15:58:03.311798,1785938283.311799,34.065373,-0.02760828100144863,0.7317338585853577,-0.04627019166946411,-0.6794606447219849,0.6908746361732483,0.5709345936775208,-0.0617159903049469,-0.4392234683036804,91.148015,-71.042409,-198.735575,48.859333
2026-08-05T15:58:03.374179,1785938283.374180,34.127754,-0.023489348590373993,0.7322665452957153,-0.03542120382189751,-0.6796936392784119,0.6828145384788513,0.5705690979957581,-0.04108619689941406,-0.4544526934623718,89.185938,-70.317739,-31.453220,11.616874
2026-08-05T15:58:03.390304,1785938283.390305,34.143879,-0.022509723901748657,0.7353614568710327,-0.03224839270114899,-0.6765362620353699,0.6725160479545593,0.5726384520530701,-0.022700296714901924,-0.4682864844799042,87.311373,-70.060983,-116.250636,15.922669
2026-08-05T15:58:03.398664,1785938283.398665,34.151265,-0.02720498852431774,0.7387035489082336,-0.03477104753255844,-0.6725860834121704,0.6613866090774536,0.5752408504486084,-0.0063829426653683186,-0.4812745749950409,86.083194,-70.514496,-166.290840,-61.403943
2026-08-05T15:58:03.410333,1785938283.410333,34.162834,-0.030348634347319603,0.7375684976577759,-0.03258809074759483,-0.6738057136535645,0.6513535380363464,0.5755163431167603,0.009725741110742092,-0.4943934679031372,84.958561,-70.429373,-97.208713,7.357651
2026-08-05T15:58:03.423027,1785938283.423027,34.176601,-0.030810188502073288,0.7360713481903076,-0.02708934247493744,-0.6756625175476074,0.6430850028991699,0.5736327767372131,0.026670357212424278,-0.5066319108009338,83.851851,-70.187125,-80.385770,17.595690
2026-08-05T15:58:03.440392,1785938283.440392,34.193966,-0.03166443854570389,0.734898030757904,-0.02364344336092472,-0.677028238773346,0.636412501335144,0.5702038407325745,0.04402888938784599,-0.517598569393158,83.117421,-70.394694,-42.293788,-11.953298
2026-08-05T15:58:03.447745,1785938283.447746,34.201320,-0.03554075211286545,0.732056736946106,-0.023624533787369728,-0.6799086928367615,0.6291407942771912,0.5673497319221497,0.06110572814941406,-0.5277898907661438,82.754107,-70.950076,-49.406603,-75.525783
2026-08-05T15:58:03.457831,1785938283.457832,34.211406,-0.03908255323767662,0.7311623096466064,-0.024330198764801025,-0.6806514263153076,0.6198240518569946,0.5662084221839905,0.07662594318389893,-0.5379170179367065,82.117925,-71.273067,-63.076864,-32.024316
2026-08-05T15:58:03.474194,1785938283.474195,34.227769,-0.04004311189055443,0.7327082753181458,-0.024505989626049995,-0.6789246201515198,0.6092434525489807,0.5658575296401978,0.09053271263837814,-0.5481163263320923,81.050087,-71.175918,-65.257764,5.937004
2026-08-05T15:58:03.490235,1785938283.490235,34.243809,-0.04040859639644623,0.7341867685317993,-0.024592725560069084,-0.6773008108139038,0.5987445116043091,0.5641947388648987,0.10452722758054733,-0.5588054656982422,80.019157,-71.058363,-64.271142,7.328704
2026-08-05T15:58:03.497577,1785938283.497578,34.251152,-0.04069318622350693,0.7335408329963684,-0.02425280027091503,-0.6779956221580505,0.5888798832893372,0.5614475607872009,0.1191561296582222,-0.5690335035324097,79.149889,-70.960650,-118.387377,13.307759
2026-08-05T15:58:03.509436,1785938283.509437,34.261916,-0.042147573083639145,0.7313084602355957,-0.02467377856373787,-0.6802992224693298,0.5793498754501343,0.5583174824714661,0.13381081819534302,-0.5785588026046753,78.539627,-71.030184,-56.696604,-6.460140
2026-08-05T15:58:03.523597,1785938283.524367,34.277171,-0.04431413859128952,0.7286584973335266,-0.02510608732700348,-0.6829838752746582,0.5694760680198669,0.5554313063621521,0.1480082869529724,-0.5876110196113586,78.009250,-71.108328,-34.765834,-5.122246
2026-08-05T15:58:03.540286,1785938283.540287,34.293861,-0.044677991420030594,0.7274463176727295,-0.023632487282156944,-0.6843036413192749,0.5593576431274414,0.5526398420333862,0.16143909096717834,-0.5963603258132935,77.240573,-70.889458,-46.057399,13.114219
2026-08-05T15:58:03.566750,1785938283.566751,34.320325,-0.04343995824456215,0.7274479866027832,-0.021558012813329697,-0.6844501495361328,0.5490663051605225,0.5499483346939087,0.17388315498828888,-0.6048535704612732,76.290187,-70.456468,-35.912752,16.361604
2026-08-05T15:58:03.583034,1785938283.583034,34.336608,-0.043093301355838776,0.727752685546875,-0.01987958699464798,-0.684198796749115,0.5389156937599182,0.547055184841156,0.1855994611978531,-0.6130689382553101,75.504247,-70.127698,-48.265287,20.190097
2026-08-05T15:58:03.642376,1785938283.642377,34.395951,-0.04654731601476669,0.7267330884933472,-0.019475620239973068,-0.6850671768188477,0.5294814705848694,0.5440793633460999,0.19658763706684113,-0.6204680800437927,75.256918,-70.225008,-4.167839,-1.639819
2026-08-05T15:58:03.648425,1785938283.648426,34.402000,-0.05245047062635422,0.725078284740448,-0.019427089020609856,-0.6863943338394165,0.520974338054657,0.5409532189369202,0.20693065226078033,-0.6270049214363098,75.393362,-70.609026,22.555903,-63.482758
2026-08-05T15:58:03.667581,1785938283.667582,34.421156,-0.05799369886517525,0.7242808938026428,-0.018724897876381874,-0.6868096590042114,0.5135349631309509,0.5375512838363647,0.2163895219564438,-0.6328476071357727,75.601195,-70.997869,10.849365,-20.298556
2026-08-05T15:58:03.673415,1785938283.673416,34.426990,-0.06363928318023682,0.723645806312561,-0.01800783909857273,-0.6869983077049255,0.5067664384841919,0.5345243215560913,0.2242279350757599,-0.6381171941757202,75.833982,-71.341232,39.904469,-58.859241
2026-08-05T15:58:03.691169,1785938283.691170,34.444744,-0.07096599042415619,0.7232557535171509,-0.018412696197628975,-0.6866804361343384,0.49958673119544983,0.5326392650604248,0.2302793264389038,-0.6431795358657837,76.151170,-71.729461,17.865870,-21.867322
2026-08-05T15:58:03.707743,1785938283.707743,34.460701,-0.07861746102571487,0.7217872142791748,-0.020802777260541916,-0.6873239278793335,0.4920375645160675,0.5311195254325867,0.23575471341609955,-0.6482523679733276,76.498380,-72.176781,21.758620,-28.032246
2026-08-05T15:58:03.716867,1785938283.716868,34.468981,-0.08678912371397018,0.719147264957428,-0.028063204139471054,-0.688848078250885,0.4848378002643585,0.5292028188705444,0.24193191528320312,-0.6529515981674194,77.205704,-73.123459,85.430100,-114.339149
2026-08-05T15:58:03.731710,1785938283.731711,34.485285,-0.09550364315509796,0.7161011099815369,-0.03765256702899933,-0.6904091835021973,0.47926411032676697,0.5259447693824768,0.24997960031032562,-0.6566569805145264,78.425094,-74.646672,74.789667,-93.424252
2026-08-05T15:58:03.740180,1785938283.740180,34.493755,-0.10015001893043518,0.7139831185340881,-0.04246912896633148,-0.6916636228561401,0.4749873876571655,0.5216652154922485,0.2593444287776947,-0.6595398783683777,79.282490,-75.734637,101.229534,-128.451998
2026-08-05T15:58:03.766057,1785938283.766058,34.519632,-0.10295941680669785,0.7132328748703003,-0.043641187250614166,-0.6919522881507874,0.4715832769870758,0.5178521871566772,0.26766547560691833,-0.6616596579551697,79.838553,-76.420567,21.488323,-26.506830
2026-08-05T15:58:03.776929,1785938283.776930,34.530504,-0.10616307705640793,0.7120300531387329,-0.04325594753026962,-0.692730724811554,0.4684435725212097,0.5144777894020081,0.2746924161911011,-0.663639485836029,80.287038,-76.917388,41.252660,-45.698724
2026-08-05T15:58:03.790482,1785938283.790482,34.544056,-0.10908577591180801,0.7105985879898071,-0.041914843022823334,-0.6938280463218689,0.4652022421360016,0.5117678642272949,0.28075820207595825,-0.6654739379882812,80.564367,-77.208971,20.463110,-21.514813
2026-08-05T15:58:03.807008,1785938283.807009,34.560583,-0.11290250718593597,0.7093886137008667,-0.04227852821350098,-0.694433331489563,0.4619915783405304,0.5089645981788635,0.28724557161331177,-0.6670898199081421,81.072112,-77.766178,30.723101,-33.716037
2026-08-05T15:58:03.840243,1785938283.840243,34.593817,-0.11520546674728394,0.7077011466026306,-0.04140659421682358,-0.6958277821540833,0.4587107002735138,0.5061522722244263,0.2942577302455902,-0.6684361100196838,81.372780,-78.120391,9.046968,-10.658126
2026-08-05T15:58:03.848223,1785938283.848224,34.601798,-0.11512862890958786,0.7076159119606018,-0.04121673107147217,-0.6959385275840759,0.45545709133148193,0.5040251612663269,0.30047816038131714,-0.6695002317428589,81.464933,-78.309689,11.546822,-23.719142
2026-08-05T15:58:03.881339,1785938283.881339,34.634913,-0.11427189409732819,0.7086210250854492,-0.04100637510418892,-0.6950689554214478,0.45206165313720703,0.5031356811523438,0.30420538783073425,-0.6707860827445984,81.310897,-78.222975,-4.651509,2.618562
2026-08-05T15:58:03.892911,1785938283.892911,34.646486,-0.11437050253152847,0.7087974548339844,-0.04001164063811302,-0.6949308514595032,0.4492776691913605,0.503425121307373,0.3057076036930084,-0.6717557311058044,81.065863,-77.989431,-21.173702,20.180768
2026-08-05T15:58:03.907564,1785938283.909586,34.661139,-0.11344172805547714,0.7096519470214844,-0.03845669701695442,-0.6942985653877258,0.44821253418922424,0.5042192339897156,0.30603766441345215,-0.671721339225769,80.792906,-77.715234,-18.627449,18.712130
2026-08-05T15:58:03.919965,1785938283.919965,34.673539,-0.11074287444353104,0.7111887335777283,-0.03653568774461746,-0.6932648420333862,0.44868841767311096,0.5054542422294617,0.30497846007347107,-0.6709567308425903,80.400942,-77.318552,-31.609010,31.989470
2026-08-05T15:58:03.938237,1785938283.938237,34.690826,-0.10808703303337097,0.7131980061531067,-0.0350499227643013,-0.6916947364807129,0.45007333159446716,0.5071050524711609,0.3029744327068329,-0.6696902513504028,80.075720,-76.985211,-18.813099,19.282779
2026-08-05T15:58:03.953412,1785938283.953413,34.706987,-0.10451415926218033,0.7151279449462891,-0.033150091767311096,-0.6903433203697205,0.45197901129722595,0.5090489983558655,0.3002271056175232,-0.6681675910949707,79.631447,-76.528203,-27.491334,28.279330
2026-08-05T15:58:03.969326,1785938283.969326,34.722900,-0.10147181153297424,0.7171214818954468,-0.03267209976911545,-0.6887502074241638,0.4539460241794586,0.5119746327400208,0.29560238122940063,-0.6666591763496399,79.186682,-76.075007,-27.949314,28.479132
2026-08-05T15:58:03.977905,1785938283.977906,34.731480,-0.09883889555931091,0.719167172908783,-0.0329507552087307,-0.6869847178459167,0.45486199855804443,0.5171926617622375,0.28744199872016907,-0.6655744910240173,78.434107,-75.292418,-87.715433,91.213725
2026-08-05T15:58:03.986168,1785938283.986168,34.739743,-0.09531040489673615,0.7215495109558105,-0.034374549984931946,-0.6849122643470764,0.4554483890533447,0.5241360664367676,0.2759263515472412,-0.6646147966384888,77.387705,-74.212001,-126.642680,130.759442
2026-08-05T15:58:04.027442,1785938284.027443,34.781017,-0.08998934179544449,0.7252443432807922,-0.035819776356220245,-0.681647777557373,0.45708566904067993,0.5316697955131531,0.2623133063316345,-0.6630171537399292,76.187161,-72.957097,-29.086970,30.403998
2026-08-05T15:58:04.036323,1785938284.036324,34.789898,-0.08351880311965942,0.729842483997345,-0.03596876561641693,-0.6775434017181396,0.46039557456970215,0.5391374230384827,0.24727898836135864,-0.6604694724082947,74.947077,-71.595674,-139.631891,153.294499
2026-08-05T15:58:04.046262,1785938284.046263,34.798852,-0.07728149741888046,0.7348054647445679,-0.03563322126865387,-0.6729210019111633,0.46544361114501953,0.5466799139976501,0.23140883445739746,-0.6564703583717346,73.885113,-70.358721,-118.604670,138.148289
2026-08-05T15:58:04.061416,1785938284.061416,34.814991,-0.07353638112545013,0.7376882433891296,-0.036895617842674255,-0.6701127886772156,0.4725683331489563,0.5537002086639404,0.21548670530319214,-0.6508922576904297,73.371111,-69.637211,-31.848886,44.706539
2026-08-05T15:58:04.078096,1785938284.078096,34.831671,-0.07458429783582687,0.7389628887176514,-0.04054579138755798,-0.6683794856071472,0.48124194145202637,0.5599547028541565,0.19924452900886536,-0.6443280577659607,73.650346,-69.632670,16.740711,0.272247
2026-08-05T15:58:04.103270,1785938284.103271,34.856845,-0.07560542225837708,0.739883542060852,-0.042876288294792175,-0.6670995950698853,0.49061450362205505,0.5661945939064026,0.18179656565189362,-0.6369232535362244,73.945862,-69.515374,11.738762,4.659346
2026-08-05T15:58:04.123358,1785938284.123358,34.875905,-0.07550328969955444,0.7422016263008118,-0.04526444897055626,-0.6643728613853455,0.4996677339076996,0.5728100538253784,0.16286209225654602,-0.6290444731712341,74.128441,-69.229233,9.579082,15.012513
2026-08-05T15:58:04.136728,1785938284.136728,34.890302,-0.07530231028795242,0.7458469867706299,-0.04903201758861542,-0.6600316762924194,0.5083210468292236,0.5796214938163757,0.1431514173746109,-0.6206097602844238,74.380539,-69.017505,17.510288,14.706265
2026-08-05T15:58:04.192147,1785938284.192147,34.944275,-0.07402464002370834,0.7496505975723267,-0.05262035131454468,-0.6555756330490112,0.5163595676422119,0.5865739583969116,0.12264756858348846,-0.6117692589759827,74.479976,-68.603675,1.842349,7.667332
2026-08-05T15:58:04.200380,1785938284.200380,34.953954,-0.07099343091249466,0.7528413534164429,-0.05371879041194916,-0.6521564722061157,0.5237374901771545,0.5940085649490356,0.10125716030597687,-0.6021627187728882,74.258556,-67.710528,-22.876718,92.278317
2026-08-05T15:58:04.209866,1785938284.209867,34.963441,-0.06692319363355637,0.7560043931007385,-0.05339159816503525,-0.64894700050354,0.5298495292663574,0.6025797724723816,0.07866483926773071,-0.5915817618370056,73.778520,-66.415669,-50.602364,136.495791
2026-08-05T15:58:04.226218,1785938284.226218,34.979793,-0.06224304437637329,0.7599098682403564,-0.05340639501810074,-0.6448368430137634,0.5349918603897095,0.6116486191749573,0.05523562803864479,-0.5801886916160583,73.227626,-64.985740,-33.689855,87.447030
2026-08-05T15:58:04.236245,1785938284.236246,34.987803,-0.05697555094957352,0.7642411589622498,-0.053938183933496475,-0.6401438117027283,0.5405839681625366,0.6197111010551453,0.032118652015924454,-0.5680630803108215,72.834218,-63.671896,-49.115048,164.027328
2026-08-05T15:58:04.241967,1785938284.241967,34.995541,-0.05142208933830261,0.7680113315582275,-0.053457848727703094,-0.6361294984817505,0.5470916628837585,0.6265078783035278,0.009641367942094803,-0.5550546050071716,72.663112,-62.431544,-22.110083,160.276484
2026-08-05T15:58:04.251152,1785938284.251153,35.004727,-0.04516424983739853,0.770324170589447,-0.05223405361175537,-0.6339059472084045,0.554161012172699,0.6322406530380249,-0.01235209871083498,-0.5413178205490112,72.626770,-61.130387,-3.956452,141.652524
2026-08-05T15:58:04.259816,1785938284.259816,35.013390,-0.03969013690948486,0.7716054916381836,-0.05223892629146576,-0.632712185382843,0.5628108978271484,0.6353968977928162,-0.032552268356084824,-0.5276885628700256,73.066506,-60.272169,50.757793,99.062330
2026-08-05T15:58:04.277118,1785938284.277119,35.030693,-0.03465796262025833,0.7714804410934448,-0.05159304291009903,-0.6332132816314697,0.5729579329490662,0.6366370320320129,-0.05124500021338463,-0.5136014819145203,73.900654,-59.649351,48.209655,35.995838
2026-08-05T15:58:04.286270,1785938284.286270,35.038249,-0.030143149197101593,0.7704824209213257,-0.05132392793893814,-0.6346797347068787,0.5832834839820862,0.6374265551567078,-0.06942916661500931,-0.49864575266838074,74.956214,-59.126868,139.703314,69.150525
2026-08-05T15:58:04.300660,1785938284.300660,35.054235,-0.026492735370993614,0.7679620385169983,-0.05206979438662529,-0.6378286480903625,0.5943271517753601,0.6365677714347839,-0.08633815497159958,-0.48384132981300354,76.333368,-58.844087,86.147702,17.689368
2026-08-05T15:58:04.311634,1785938284.311635,35.065209,-0.023024462163448334,0.7647959589958191,-0.053190380334854126,-0.6416633129119873,0.605605959892273,0.6343119144439697,-0.10186868160963058,-0.46958768367767334,77.860865,-58.693893,139.184164,13.685567
2026-08-05T15:58:04.326269,1785938284.326269,35.079843,-0.018609963357448578,0.7618185877799988,-0.053861506283283234,-0.645282506942749,0.6161589026451111,0.6320269703865051,-0.11684790253639221,-0.455232709646225,79.279877,-58.389234,96.965918,20.818367
2026-08-05T15:58:04.381860,1785938284.381860,35.135434,-0.012826546095311642,0.7583531141281128,-0.05375474691390991,-0.6495001912117004,0.6257704496383667,0.6300385594367981,-0.13228899240493774,-0.44041192531585693,80.554981,-57.711552,22.937292,12.190532
2026-08-05T15:58:04.391976,1785938284.391977,35.145551,-0.007090493105351925,0.7551653981208801,-0.054317522794008255,-0.6532447934150696,0.6350030303001404,0.6276419758796692,-0.148138165473938,-0.42531394958496094,81.888080,-57.022452,131.773701,68.115899
2026-08-05T15:58:04.407374,1785938284.407374,35.160949,-0.004429416730999947,0.7540233731269836,-0.05862255394458771,-0.6542145609855652,0.6438332796096802,0.6243337988853455,-0.16378650069236755,-0.41092580556869507,83.450639,-56.992426,101.479472,1.949994
2026-08-05T15:58:04.453136,1785938284.453137,35.206711,-0.0016414765268564224,0.7521770000457764,-0.061797961592674255,-0.6560580134391785,0.6524645686149597,0.6199399828910828,-0.17863772809505463,-0.39755895733833313,85.031223,-56.873645,34.538993,2.595604
2026-08-05T15:58:04.460258,1785938284.460258,35.213832,0.00168674997985363,0.7483154535293579,-0.06427276879549026,-0.6602229475975037,0.6608890891075134,0.6150603294372559,-0.19295263290405273,-0.3843122720718384,86.644617,-56.490388,226.550614,53.816522
2026-08-05T15:58:04.476194,1785938284.476194,35.229768,0.00597107969224453,0.7441622614860535,-0.06684823334217072,-0.6646219491958618,0.6674553751945496,0.6121230721473694,-0.20814554393291473,-0.369437575340271,88.063739,-55.641941,89.051865,53.241230
2026-08-05T15:58:04.485015,1785938284.485016,35.238590,0.00986270047724247,0.7422623634338379,-0.07105697691440582,-0.6662614941596985,0.6719774007797241,0.6113046407699585,-0.22426611185073853,-0.35278597474098206,89.309012,-54.757939,141.163604,100.210088
2026-08-05T15:58:04.496988,1785938284.496989,35.248696,0.016890104860067368,0.7421882748603821,-0.08033940941095352,-0.6651472449302673,0.6768838763237,0.6092297434806824,-0.24000056087970734,-0.3362545073032379,90.092679,-53.931220,77.542310,81.802141
2026-08-05T15:58:04.512733,1785938284.512734,35.266308,0.019817980006337166,0.7377974390983582,-0.08327797055244446,-0.6695752739906311,0.6834874153137207,0.6037219762802124,-0.25448575615882874,-0.3218728005886078,91.837230,-53.245711,99.054774,38.922875
2026-08-05T15:58:04.528303,1785938284.528303,35.281877,0.022659847512841225,0.7300145030021667,-0.0854821652173996,-0.6776889562606812,0.6911391615867615,0.5962982177734375,-0.2673649191856384,-0.3086605966091156,93.843468,-52.419921,128.859342,53.039921
2026-08-05T15:58:04.548210,1785938284.548210,35.299764,0.023452572524547577,0.7239915728569031,-0.08962589502334595,-0.6835624575614929,0.6984997987747192,0.5890897512435913,-0.27943819761276245,-0.2949336767196655,95.938924,-52.105288,117.148877,17.589946
2026-08-05T15:58:04.572439,1785938284.573973,35.326014,0.02459636889398098,0.7220720052719116,-0.09464468061923981,-0.6848747730255127,0.7042388916015625,0.5834499001502991,-0.2910999059677124,-0.2808821499347687,97.623774,-52.026511,64.185652,3.001056
2026-08-05T15:58:04.583380,1785938284.583380,35.334704,0.02658988907933235,0.7191139459609985,-0.09949654340744019,-0.6872207522392273,0.7086687088012695,0.5791200399398804,-0.3018260896205902,-0.2670387029647827,99.091500,-51.557139,168.905155,54.015070
2026-08-05T15:58:04.591125,1785938284.591125,35.344699,0.029028773307800293,0.7146478891372681,-0.10057807713747025,-0.6916096806526184,0.7125880718231201,0.5751065611839294,-0.3116547763347626,-0.2536574602127075,100.645768,-50.706211,155.497395,85.131487
2026-08-05T15:58:04.605383,1785938284.605384,35.358958,0.03056262619793415,0.7103692293167114,-0.10317989438772202,-0.6955568194389343,0.7166641354560852,0.5702069401741028,-0.3208492696285248,-0.24148015677928925,102.190492,-50.084112,108.336116,43.629692
2026-08-05T15:58:04.619142,1785938284.619143,35.372717,0.03315918147563934,0.7079993486404419,-0.10574004799127579,-0.6974673867225647,0.7202168703079224,0.5654568076133728,-0.3302653431892395,-0.2290661484003067,103.526564,-49.456048,97.104391,45.647038
2026-08-05T15:58:04.636026,1785938284.636027,35.389601,0.03560570627450943,0.7052865624427795,-0.10755008459091187,-0.69981449842453,0.7226085662841797,0.5618776679039001,-0.33996567130088806,-0.2157638520002365,104.883112,-48.553203,80.345898,53.473858
2026-08-05T15:58:04.653352,1785938284.653352,35.406926,0.036548126488924026,0.7007223963737488,-0.11250720918178558,-0.7035613656044006,0.7242957353591919,0.5589184165000916,-0.3490649461746216,-0.2028789520263672,106.241999,-47.544262,78.432120,58.233994
2026-08-05T15:58:04.660826,1785938284.660826,35.414400,0.038165267556905746,0.6970599889755249,-0.11528939008712769,-0.7066562175750732,0.7262570858001709,0.5553542971611023,-0.3569042980670929,-0.19170726835727692,107.480014,-46.636512,165.644082,121.455215
2026-08-05T15:58:04.669898,1785938284.671957,35.423472,0.03907739371061325,0.6935542225837708,-0.11909455060958862,-0.7094194889068604,0.7290933132171631,0.5502358078956604,-0.3641304075717926,-0.18185876309871674,108.748500,-46.041501,139.826924,65.588893
2026-08-05T15:58:04.690316,1785938284.690317,35.443891,0.03932436183094978,0.6910071969032288,-0.12287885695695877,-0.7112436890602112,0.7313400506973267,0.5455619096755981,-0.37149909138679504,-0.17173388600349426,110.005171,-45.547206,61.544557,24.207772
2026-08-05T15:58:04.707515,1785938284.707516,35.461090,0.03930599242448807,0.6875512599945068,-0.12577985227108002,-0.7140811681747437,0.7320870757102966,0.5425833463668823,-0.3790716826915741,-0.1611109972000122,111.257358,-44.609769,72.806689,54.505921
2026-08-05T15:58:04.737228,1785938284.737228,35.488774,0.03902948647737503,0.6846527457237244,-0.12873174250125885,-0.7163515090942383,0.7321242094039917,0.5404142737388611,-0.38620325922966003,-0.15097676217556,112.380313,-43.666917,40.562659,34.057093
2026-08-05T15:58:04.747758,1785938284.747758,35.501332,0.03925514966249466,0.68183434009552,-0.13206475973129272,-0.7184178829193115,0.7322251796722412,0.5382049083709717,-0.39247438311576843,-0.14193560183048248,113.333183,-42.720784,75.877596,75.341159
2026-08-05T15:58:04.852373,1785938284.852374,35.605948,0.03980301693081856,0.6781299710273743,-0.133892223238945,-0.7215486168861389,0.7328066229820251,0.5354658365249634,-0.3979853391647339,-0.13371099531650543,114.353628,-41.684367,9.754223,9.906905
2026-08-05T15:58:04.870727,1785938284.870728,35.624302,0.0400700643658638,0.6755359768867493,-0.13587160408496857,-0.7235943078994751,0.7335630655288696,0.5328782200813293,-0.40260371565818787,-0.1258430778980255,115.294154,-40.980101,51.244488,38.371869
2026-08-05T15:58:04.879586,1785938284.879586,35.633160,0.04044385999441147,0.6732915639877319,-0.13838228583335876,-0.7251875996589661,0.7331703901290894,0.5325143933296204,-0.4064747095108032,-0.11691150814294815,116.094434,-40.169644,90.340954,91.489784
2026-08-05T15:58:04.887756,1785938284.887756,35.639984,0.041138093918561935,0.6714631915092468,-0.1414804905653,-0.7262452840805054,0.7322885394096375,0.5330803990364075,-0.4098588228225708,-0.10767821222543716,116.763719,-39.330270,98.077866,123.002963
2026-08-05T15:58:04.896639,1785938284.896640,35.650214,0.04199216514825821,0.668785810470581,-0.14485768973827362,-0.7279990315437317,0.7345261573791504,0.5248681902885437,-0.4204041659832001,-0.09080340713262558,118.822659,-38.217539,201.273097,108.775729
2026-08-05T15:58:04.903340,1785938284.903341,35.656915,0.04306669160723686,0.6666781306266785,-0.14681747555732727,-0.7294753789901733,0.7321813702583313,0.5246517062187195,-0.42756733298301697,-0.07640393078327179,120.024549,-36.507738,179.353544,255.147339
2026-08-05T15:58:04.924346,1785938284.924346,35.677920,0.04364194720983505,0.6643303036689758,-0.14711543917655945,-0.7315199971199036,0.7307392954826355,0.5246603488922119,-0.43137016892433167,-0.0683475136756897,120.805980,-35.280220,37.201441,58.438197
2026-08-05T15:58:04.940624,1785938284.940625,35.694199,0.04331599175930023,0.6622210741043091,-0.14882910251617432,-0.7331036329269409,0.7308887243270874,0.5219210386276245,-0.43549248576164246,-0.06120859831571579,121.716563,-34.508995,55.936924,47.376230
2026-08-05T15:58:04.948218,1785938284.948218,35.701792,0.04313909262418747,0.6604511141777039,-0.15252703428268433,-0.7339503765106201,0.7321203947067261,0.5175600051879883,-0.43946409225463867,-0.05479799211025238,122.543727,-34.014159,108.935510,65.168702
2026-08-05T15:58:04.966502,1785938284.966502,35.720076,0.043298110365867615,0.6576073169708252,-0.15490013360977173,-0.7359943985939026,0.7331587672233582,0.5143389701843262,-0.44228890538215637,-0.0481078065931797,123.425252,-33.314585,48.212692,38.261367
2026-08-05T15:58:04.978757,1785938284.978758,35.732332,0.04331210255622864,0.654815673828125,-0.15530800819396973,-0.7383929491043091,0.7334742546081543,0.5128527879714966,-0.4442235231399536,-0.04078280180692673,124.359854,-32.583751,76.260245,59.633459
2026-08-05T15:58:04.992383,1785938284.992384,35.744939,0.0434897318482399,0.652192234992981,-0.15431535243988037,-0.7409082055091858,0.733966052532196,0.5113937854766846,-0.4456028640270233,-0.03476020321249962,125.230488,-31.946376,69.056467,50.554901
2026-08-05T15:58:05.003224,1785938285.003224,35.756798,0.04301122575998306,0.6501405239105225,-0.15234975516796112,-0.7431425452232361,0.7348839044570923,0.5090992450714111,-0.447013258934021,-0.030704261735081673,126.061349,-31.607585,70.061979,28.568394
2026-08-05T15:58:05.021354,1785938285.021354,35.774929,0.043472930788993835,0.6482253670692444,-0.14936378598213196,-0.7453915476799011,0.7348197102546692,0.5081616640090942,-0.4484221637248993,-0.02700893208384514,126.710497,-30.917666,35.804580,38.053410
2026-08-05T15:58:05.028057,1785938285.028057,35.781631,0.04355514794588089,0.645214855670929,-0.14586246013641357,-0.7486848831176758,0.7334864735603333,0.5089972615242004,-0.44986358284950256,-0.02328670583665371,127.356514,-29.726284,96.382116,177.747502
2026-08-05T15:58:05.044091,1785938285.044091,35.796970,0.04268890991806984,0.641845166683197,-0.14234592020511627,-0.7522993683815002,0.7315755486488342,0.510368287563324,-0.45158296823501587,-0.019862307235598564,128.043492,-28.408365,44.788087,85.922742
2026-08-05T15:58:05.051709,1785938285.051710,35.805284,0.04169047251343727,0.6398220062255859,-0.13904790580272675,-0.7546915411949158,0.7304204702377319,0.5104822516441345,-0.45339155197143555,-0.018164604902267456,128.579496,-27.563907,64.468982,101.569031
2026-08-05T15:58:05.128401,1785938285.128402,35.880621,0.04047010838985443,0.6386157274246216,-0.13658033311367035,-0.7562288641929626,0.7305654883384705,0.5086826086044312,-0.45514976978302,-0.018840448930859566,128.959504,-27.227897,5.044116,4.460096
2026-08-05T15:58:05.143897,1785938285.143897,35.897471,0.03883276507258415,0.6372974514961243,-0.13468053936958313,-0.7577660083770752,0.7313931584358215,0.5064215660095215,-0.45620784163475037,-0.021810589358210564,129.177573,-27.168360,12.941203,3.533164
2026-08-05T15:58:05.152831,1785938285.152832,35.906406,0.03681224584579468,0.6362441778182983,-0.13356247544288635,-0.758948802947998,0.7320879697799683,0.5057913064956665,-0.4554918110370636,-0.027378425002098083,129.017767,-27.454223,-17.886804,-31.996214
2026-08-05T15:58:05.169443,1785938285.169444,35.923018,0.033869821578264236,0.63597172498703,-0.1336268186569214,-0.7593029141426086,0.7325688004493713,0.5067365169525146,-0.4530930519104004,-0.03560672700405121,128.472321,-28.267720,-32.833892,-48.969597
2026-08-05T15:58:05.177726,1785938285.177727,35.931301,0.02949109673500061,0.6416659355163574,-0.13548289239406586,-0.7543497681617737,0.7329970002174377,0.5081486105918884,-0.44991445541381836,-0.04558035358786583,127.406948,-30.826063,-128.626869,-308.879298
2026-08-05T15:58:05.187534,1785938285.187534,35.940097,0.024819690734148026,0.650083601474762,-0.1363772749900818,-0.7471148371696472,0.7331944704055786,0.5099497437477112,-0.4462999999523163,-0.05651154741644859,126.154024,-33.957781,-142.439025,-356.030216
2026-08-05T15:58:05.202201,1785938285.202202,35.955776,0.02222682721912861,0.6553468108177185,-0.1358201503753662,-0.7426867485046387,0.7329711318016052,0.5125714540481567,-0.44201502203941345,-0.06816766411066055,124.855803,-35.897679,-82.799335,-123.724878
2026-08-05T15:58:05.210945,1785938285.210946,35.964520,0.01967521570622921,0.6604517102241516,-0.13476186990737915,-0.7384170889854431,0.7329415082931519,0.5151017308235168,-0.43678632378578186,-0.08176027238368988,123.430359,-37.840747,-163.024125,-222.223393
2026-08-05T15:58:05.225740,1785938285.225740,35.979314,0.01820065826177597,0.6663819551467896,-0.1337898224592209,-0.7332857847213745,0.7332274317741394,0.5173386335372925,-0.43028199672698975,-0.09795856475830078,121.648741,-39.864651,-120.423594,-136.800301
2026-08-05T15:58:05.273479,1785938285.274472,36.027054,0.01899314858019352,0.6741581559181213,-0.13289949297904968,-0.7262862920761108,0.7333933115005493,0.5197069048881531,-0.42244645953178406,-0.11652542650699615,119.328430,-41.870209,-48.603591,-42.010444
2026-08-05T15:58:05.289755,1785938285.289756,36.043330,0.019995173439383507,0.681337833404541,-0.13273240625858307,-0.7195590138435364,0.73326575756073,0.5222792029380798,-0.4132018983364105,-0.13714949786663055,116.792492,-43.682451,-155.807272,-111.343605
2026-08-05T15:58:05.309570,1785938285.309571,36.061131,0.019227376207709312,0.6870689988136292,-0.13225315511226654,-0.7141985893249512,0.7321524620056152,0.526094913482666,-0.4023618698120117,-0.15900279581546783,114.317536,-45.351667,-139.034307,-93.770679
2026-08-05T15:58:05.323707,1785938285.323707,36.077281,0.0180446058511734,0.6944887042045593,-0.1317349523305893,-0.7071139216423035,0.7294877171516418,0.5317583680152893,-0.3898696005344391,-0.1818857640028,111.551183,-47.128374,-171.286183,-110.009544
2026-08-05T15:58:05.339767,1785938285.339767,36.093341,0.017431145533919334,0.7037416100502014,-0.1359633505344391,-0.6971096396446228,0.7252927422523499,0.5390493273735046,-0.37558797001838684,-0.2056938111782074,108.188974,-48.984132,-209.354567,-115.552467
2026-08-05T15:58:05.356846,1785938285.356846,36.109852,0.017520196735858917,0.7086190581321716,-0.1404510885477066,-0.6912521123886108,0.7200289368629456,0.5479740500450134,-0.3598470687866211,-0.22758083045482635,104.997996,-49.994956,-193.272561,-61.224039
2026-08-05T15:58:05.373513,1785938285.373513,36.127087,0.020250549539923668,0.7110520005226135,-0.13447844982147217,-0.6898656487464905,0.7155368328094482,0.5550569891929626,-0.3450130820274353,-0.24674884974956512,102.520577,-50.136074,-143.739187,-8.187619
2026-08-05T15:58:05.381138,1785938285.381139,36.134713,0.021138299256563187,0.7156684994697571,-0.12444713711738586,-0.6869416236877441,0.7122304439544678,0.5578977465629578,-0.3313714563846588,-0.2677147090435028,100.495920,-50.795574,-265.500318,-86.482594
2026-08-05T15:58:05.397619,1785938285.397619,36.151194,0.018350105732679367,0.7236549258232117,-0.11648708581924438,-0.6800159215927124,0.709191620349884,0.5578107237815857,-0.31650272011756897,-0.2927807867527008,98.518275,-52.500825,-119.997744,-103.469628
2026-08-05T15:58:05.407795,1785938285.407795,36.161370,0.014336792752146721,0.7303402423858643,-0.11058599501848221,-0.6739231944084167,0.7060386538505554,0.5574604272842407,-0.2995009124279022,-0.3178781270980835,96.696282,-54.319274,-179.049079,-178.700789
2026-08-05T15:58:05.426244,1785938285.426244,36.177032,0.00785662792623043,0.7317842841148376,-0.10703690350055695,-0.6730358004570007,0.7012714147567749,0.559783935546875,-0.28183799982070923,-0.3397465944290161,95.250325,-55.614729,-92.321492,-82.712243
2026-08-05T15:58:05.431760,1785938285.431760,36.185334,0.006458712741732597,0.7346820831298828,-0.09814012795686722,-0.6712473630905151,0.6952749490737915,0.5635358691215515,-0.2660459578037262,-0.35810616612434387,93.529354,-55.935872,-207.290631,-38.681621
2026-08-05T15:58:05.440687,1785938285.440687,36.194262,0.005804872140288353,0.7486348748207092,-0.09625839442014694,-0.6559348106384277,0.6886352300643921,0.5668269991874695,-0.25239402055740356,-0.3752148747444153,91.345765,-57.431806,-244.589057,-167.563175
2026-08-05T15:58:05.456908,1785938285.456908,36.210482,0.0011885110288858414,0.7589377760887146,-0.09306662529706955,-0.6444804072380066,0.6811728477478027,0.5694193243980408,-0.23819352686405182,-0.39373716711997986,89.711357,-58.798329,-100.759951,-84.245035
2026-08-05T15:58:05.473425,1785938285.473425,36.226406,-0.002038033679127693,0.759379506111145,-0.08398601412773132,-0.6452048420906067,0.674126923084259,0.5701698660850525,-0.2218610644340515,-0.4138079583644867,88.348486,-58.866993,-85.587354,-4.312072
2026-08-05T15:58:05.481244,1785938285.481244,36.234818,-0.0010829567909240723,0.7578214406967163,-0.07408863306045532,-0.6482440829277039,0.665432870388031,0.5727140307426453,-0.20342618227005005,-0.43337684869766235,86.344778,-58.105774,-238.192896,90.490705
2026-08-05T15:58:05.491160,1785938285.491161,36.244735,0.0016961190849542618,0.7539836168289185,-0.06344132870435715,-0.6538236141204834,0.6573281288146973,0.5745820999145508,-0.1840040683746338,-0.4515724778175354,84.322112,-57.060810,-203.968924,105.375831
2026-08-05T15:58:05.508682,1785938285.508682,36.262256,0.0014685969799757004,0.7514743804931641,-0.061406172811985016,-0.6569000482559204,0.652052640914917,0.5727298259735107,-0.16600263118743896,-0.4682427644729614,82.969862,-57.250191,-77.176091,-10.808407
2026-08-05T15:58:05.523444,1785938285.523444,36.277018,-0.009532120078802109,0.759881854057312,-0.06641609221696854,-0.6465926170349121,0.6445567607879639,0.5717296004295349,-0.1488790363073349,-0.4852905571460724,82.476582,-59.662285,-33.416234,-163.402379
2026-08-05T15:58:05.563864,1785938285.563865,36.317439,-0.021738402545452118,0.7644436955451965,-0.07103030383586884,-0.6403999924659729,0.6345323324203491,0.5731995701789856,-0.13128367066383362,-0.5015732049942017,81.963929,-61.494248,-12.682824,-45.322050
2026-08-05T15:58:05.576698,1785938285.576698,36.328821,-0.022619664669036865,0.7589917778968811,-0.06641202419996262,-0.6473126411437988,0.623735249042511,0.5752511620521545,-0.11230627447366714,-0.5171343684196472,80.238213,-60.734973,-151.619837,66.709242
2026-08-05T15:58:05.591307,1785938285.591308,36.343313,-0.019944962114095688,0.7511882185935974,-0.05512126907706261,-0.6574829816818237,0.6119246482849121,0.5766775012016296,-0.09165986627340317,-0.5334696769714355,78.065402,-59.092432,-149.933806,113.342803
2026-08-05T15:58:05.607118,1785938285.609143,36.360693,-0.015817033126950264,0.750506579875946,-0.04401187598705292,-0.659209132194519,0.5994279384613037,0.5774903297424316,-0.0691988617181778,-0.5499115586280823,75.726157,-57.997582,-134.595955,62.995713
2026-08-05T15:58:05.618184,1785938285.618185,36.371759,-0.016795631498098373,0.7547248601913452,-0.04426204413175583,-0.6543341875076294,0.5869860649108887,0.5774471759796143,-0.04563271254301071,-0.5656147003173828,74.106839,-58.603118,-146.326927,-54.718232
2026-08-05T15:58:05.635617,1785938285.635617,36.389191,-0.01915566995739937,0.7573752999305725,-0.04565867409110069,-0.6511030197143555,0.5737497210502625,0.5779101252555847,-0.02308911271393299,-0.5799120664596558,72.713917,-59.152805,-79.905068,-31.532850
2026-08-05T15:58:05.642851,1785938285.642852,36.396426,-0.021171720698475838,0.755407452583313,-0.046303629875183105,-0.6532775163650513,0.5591103434562683,0.578781008720398,-0.0015329936286434531,-0.593638002872467,71.169103,-59.104116,-213.525143,6.729741
2026-08-05T15:58:05.651548,1785938285.651548,36.405123,-0.023843975737690926,0.7550816535949707,-0.04510389268398285,-0.653645932674408,0.5444809198379517,0.5791252851486206,0.01894916221499443,-0.6064614057540894,69.858660,-59.086908,-150.685251,1.978753
2026-08-05T15:58:05.675610,1785938285.675611,36.429185,-0.030833128839731216,0.7548139095306396,-0.04501563310623169,-0.6536688208580017,0.5315881371498108,0.5783334970474243,0.03939554840326309,-0.6175698637962341,69.417987,-59.792719,-18.313944,-29.332825
2026-08-05T15:58:05.696662,1785938285.696662,36.450236,-0.03717000409960747,0.7509806156158447,-0.04111369326710701,-0.6579972505569458,0.5199316740036011,0.5763727426528931,0.06047998368740082,-0.6275410056114197,69.035465,-60.184381,-18.170835,-18.604999
2026-08-05T15:58:05.715052,1785938285.715053,36.468627,-0.04296330735087395,0.7478535771369934,-0.03596438094973564,-0.6614984273910522,0.5089726448059082,0.5735471844673157,0.08245972543954849,-0.6365460753440857,68.788754,-60.654601,-13.415031,-25.568466
2026-08-05T15:58:05.740491,1785938285.740492,36.493198,-0.0492669902741909,0.7465514540672302,-0.032378289848566055,-0.6627136468887329,0.4981001317501068,0.5703369975090027,0.10519810020923615,-0.6446283459663391,68.814487,-61.468688,1.047286,-33.131767
2026-08-05T15:58:05.759216,1785938285.759216,36.512790,-0.05820867419242859,0.7431981563568115,-0.03292028605937958,-0.6657241582870483,0.4856122136116028,0.5677810907363892,0.12758035957813263,-0.6523257493972778,69.071171,-62.549234,13.101248,-55.151616
2026-08-05T15:58:05.774643,1785938285.774644,36.528218,-0.06637958437204361,0.7389982342720032,-0.03397533297538757,-0.6695709228515625,0.4708942472934723,0.5662639737129211,0.14755801856517792,-0.6601744890213013,68.979218,-63.173625,-5.960255,-40.472366
2026-08-05T15:58:05.787499,1785938285.787500,36.541074,-0.071599081158638,0.7377198934555054,-0.032406505197286606,-0.6705198884010315,0.45572569966316223,0.5648629069328308,0.1654311716556549,-0.667739987373352,68.528213,-63.277252,-35.081303,-8.060536
2026-08-05T15:58:05.793520,1785938285.793520,36.546023,-0.07745848596096039,0.7369204163551331,-0.03141295909881592,-0.6707947254180908,0.4422515630722046,0.5620294213294983,0.18310822546482086,-0.6745426654815674,68.489577,-63.691623,-7.806351,-83.722695
2026-08-05T15:58:05.800739,1785938285.800740,36.554314,-0.08563606441020966,0.7334619164466858,-0.031455494463443756,-0.6735835671424866,0.4316818118095398,0.5569893717765808,0.20217351615428925,-0.6801025867462158,69.165419,-64.741064,81.517471,-126.579543
2026-08-05T15:58:05.825409,1785938285.825410,36.578984,-0.09427403658628464,0.7282816171646118,-0.0301248449832201,-0.6780966520309448,0.42419877648353577,0.5492545366287231,0.22237545251846313,-0.6847802996635437,70.296046,-66.112000,45.830258,-55.571235
2026-08-05T15:58:05.858950,1785938285.858950,36.612525,-0.09936152398586273,0.7257158160209656,-0.027481161057949066,-0.6802300214767456,0.4182684123516083,0.5414673089981079,0.2410196214914322,-0.6883127093315125,71.224304,-67.206593,27.675530,-32.634743
2026-08-05T15:58:05.869910,1785938285.869910,36.623484,-0.10286503285169601,0.7258996367454529,-0.026406705379486084,-0.6795551180839539,0.41180452704429626,0.5354436635971069,0.2561633288860321,-0.6914461255073547,71.919897,-68.036585,63.468688,-75.731780
2026-08-05T15:58:05.910161,1785938285.910162,36.662463,-0.10765374451875687,0.7247658371925354,-0.024784984067082405,-0.6800844669342041,0.4047704041004181,0.5324599742889404,0.26652052998542786,-0.69398432970047,72.257464,-68.422542,8.660165,-9.901569
2026-08-05T15:58:05.924576,1785938285.924577,36.678151,-0.1153840720653534,0.7222434282302856,-0.02305707521736622,-0.6815596222877502,0.39899906516075134,0.5291901230812073,0.2755413055419922,-0.6963006854057312,72.898873,-69.024165,40.887345,-38.351160
2026-08-05T15:58:05.934810,1785938285.934810,36.688384,-0.1218625158071518,0.7216132879257202,-0.02279111184179783,-0.6811083555221558,0.3944881558418274,0.5261030197143555,0.28372466564178467,-0.6979220509529114,73.651517,-69.754011,73.546057,-71.318336
2026-08-05T15:58:05.947899,1785938285.947900,36.701474,-0.1275358647108078,0.7200547456741333,-0.023623516783118248,-0.6816904544830322,0.3912096917629242,0.5230175256729126,0.2912367582321167,-0.6989914774894714,74.439401,-70.562916,60.191351,-61.797233
2026-08-05T15:58:05.978740,1785938285.978741,36.732315,-0.1308688372373581,0.7191187143325806,-0.022893501445651054,-0.6820714473724365,0.38952308893203735,0.5199761390686035,0.2980806529521942,-0.6993171572685242,75.046408,-71.168888,19.681754,-19.648211
2026-08-05T15:58:06.006337,1785938286.006338,36.759312,-0.13222716748714447,0.7191513776779175,-0.02215210162103176,-0.6817994713783264,0.38889139890670776,0.5174791812896729,0.303683876991272,-0.6991100311279297,75.507796,-71.638172,17.090273,-17.382752
2026-08-05T15:58:06.022232,1785938286.022232,36.775806,-0.13253775238990784,0.7193188071250916,-0.021216757595539093,-0.681592583656311,0.38828685879707336,0.5161221027374268,0.3067418336868286,-0.6991143822669983,75.667290,-71.790106,9.669665,-9.211314
2026-08-05T15:58:06.038641,1785938286.038641,36.792215,-0.13303408026695251,0.7193263173103333,-0.02104296162724495,-0.6814931631088257,0.3874390721321106,0.516574501991272,0.3068278431892395,-0.6992127895355225,75.611496,-71.733181,-3.400271,3.469196
2026-08-05T15:58:06.059330,1785938286.059330,36.808880,-0.13282206654548645,0.7201154232025146,-0.02134767360985279,-0.6806911826133728,0.38694217801094055,0.5182697772979736,0.305033415555954,-0.6990184783935547,75.419040,-71.548565,-11.548534,11.078116
2026-08-05T15:58:06.075955,1785938286.075955,36.829529,-0.13126543164253235,0.7209293246269226,-0.02161264978349209,-0.6801230311393738,0.3881005048751831,0.5199044942855835,0.3032396733760834,-0.6979420185089111,75.254159,-71.423985,-7.984841,6.033138
2026-08-05T15:58:06.088644,1785938286.088645,36.842219,-0.12748871743679047,0.722381055355072,-0.021202491596341133,-0.6793134808540344,0.3904627561569214,0.5219213962554932,0.30046477913856506,-0.6963174343109131,74.898535,-71.114386,-28.025378,24.398357
2026-08-05T15:58:06.098064,1785938286.098065,36.851639,-0.12170833349227905,0.7243455648422241,-0.020823029801249504,-0.6782927513122559,0.3933902382850647,0.5250595211982727,0.2954581081867218,-0.694450318813324,74.247793,-70.521306,-69.078055,62.956990
2026-08-05T15:58:06.109314,1785938286.109314,36.862888,-0.11417778581380844,0.7270638346672058,-0.01979512721300125,-0.6767227649688721,0.3970937430858612,0.5291324853897095,0.2882404327392578,-0.6922810673713684,73.328432,-69.636718,-81.726001,78.634928
2026-08-05T15:58:06.121899,1785938286.121899,36.875473,-0.10774502903223038,0.7296203970909119,-0.020484670996665955,-0.6750035285949707,0.4017344117164612,0.533664882183075,0.2796556353569031,-0.6896405220031738,72.611809,-68.966241,-56.944064,53.277176
2026-08-05T15:58:06.129948,1785938286.129948,36.883522,-0.1041949987411499,0.731742262840271,-0.023178713396191597,-0.6731745004653931,0.40739235281944275,0.5377371311187744,0.27131468057632446,-0.6864829659461975,72.417731,-68.820654,-24.111356,18.087030
2026-08-05T15:58:06.145635,1785938286.145636,36.899210,-0.09981086850166321,0.7329011559486389,-0.025015750899910927,-0.672511875629425,0.41433218121528625,0.5410005450248718,0.26378926634788513,-0.6826879382133484,72.264125,-68.715338,-9.791599,6.713409
2026-08-05T15:58:06.155149,1785938286.155150,36.908724,-0.09245379269123077,0.7354956865310669,-0.024588022381067276,-0.6707442998886108,0.4229036569595337,0.543683648109436,0.2564784288406372,-0.6780704855918884,71.948356,-68.402398,-33.188847,32.891429
2026-08-05T15:58:06.164534,1785938286.164535,36.917258,-0.08377791941165924,0.7374415993690491,-0.021851016208529472,-0.6698418259620667,0.4320613741874695,0.5464860796928406,0.24748888611793518,-0.6733687520027161,71.328960,-67.698296,-72.582220,82.508298
2026-08-05T15:58:06.181470,1785938286.181470,36.935045,-0.07553966343402863,0.7383381724357605,-0.019854919984936714,-0.6698957681655884,0.44259291887283325,0.5489100813865662,0.23774541914463043,-0.6680467128753662,70.894952,-67.153611,-24.400636,30.623080
2026-08-05T15:58:06.197416,1785938286.197417,36.950991,-0.0688551515340805,0.7398957014083862,-0.020992038771510124,-0.6688622236251831,0.45370545983314514,0.5511133074760437,0.22708609700202942,-0.6624630689620972,70.854080,-67.009397,-2.563082,9.043819
2026-08-05T15:58:06.214321,1785938286.214321,36.966724,-0.0619734562933445,0.7412499785423279,-0.022270753979682922,-0.6679940223693848,0.4625686705112457,0.5547910332679749,0.21366062760353088,-0.6577130556106567,70.396986,-66.389924,-29.052313,39.372924
2026-08-05T15:58:06.221534,1785938286.221534,36.975108,-0.056220971047878265,0.7423316240310669,-0.0249234139919281,-0.667207658290863,0.4699387848377228,0.559533417224884,0.19792452454566956,-0.6533803939819336,69.841510,-65.622686,-66.254388,91.512197
2026-08-05T15:58:06.237129,1785938286.237129,36.990703,-0.05108745023608208,0.7439393997192383,-0.027431868016719818,-0.6657295227050781,0.4770255982875824,0.5643599033355713,0.18147315084934235,-0.6488544940948486,69.336123,-64.836771,-32.407075,50.395462
2026-08-05T15:58:06.309229,1785938286.309230,37.062804,-0.04568441957235336,0.7469209432601929,-0.029812365770339966,-0.6626745462417603,0.4845327138900757,0.5698258876800537,0.16380172967910767,-0.6431917548179626,68.859314,-64.025537,-6.613091,11.251371
2026-08-05T15:58:06.324750,1785938286.324751,37.078325,-0.04114334285259247,0.7495525479316711,-0.031241651624441147,-0.6599289774894714,0.4926488697528839,0.5745882987976074,0.14578089118003845,-0.6370977163314819,68.559392,-63.267656,-19.323554,48.829240
2026-08-05T15:58:06.341590,1785938286.341590,37.095164,-0.037242788821458817,0.7507710456848145,-0.03218832612037659,-0.6587289571762085,0.5008201599121094,0.5790688395500183,0.12790746986865997,-0.6304747462272644,68.357455,-62.510647,-11.992026,44.954991
2026-08-05T15:58:06.360523,1785938286.360523,37.114097,-0.03447012975811958,0.7516844272613525,-0.034656375646591187,-0.657712459564209,0.5091909170150757,0.5834133625030518,0.10974539816379547,-0.623144805431366,68.409139,-61.969837,2.729818,28.564342
2026-08-05T15:58:06.371131,1785938286.371131,37.124705,-0.032258834689855576,0.7519605159759521,-0.03683808445930481,-0.6573904156684875,0.5172098875045776,0.5881460309028625,0.09097831696271896,-0.6150619983673096,68.505954,-61.357295,9.126707,57.743611
2026-08-05T15:58:06.388722,1785938286.388722,37.142296,-0.02887541987001896,0.7533387541770935,-0.038165099918842316,-0.6558919548988342,0.5250468850135803,0.5931534767150879,0.07084336131811142,-0.6061981916427612,68.502069,-60.522647,-0.220865,47.448080
2026-08-05T15:58:06.408954,1785938286.408955,37.160478,-0.024141451343894005,0.7560674548149109,-0.03915049135684967,-0.6528785824775696,0.5328066349029541,0.5986383557319641,0.049874309450387955,-0.5960385799407959,68.429730,-59.557818,-3.978586,53.064262
2026-08-05T15:58:06.426520,1785938286.426520,37.180094,-0.018895132467150688,0.7591396570205688,-0.03986385464668274,-0.6494342088699341,0.5415322780609131,0.6032965779304504,0.029057836160063744,-0.5847493410110474,68.548756,-58.700397,6.067854,43.710560
2026-08-05T15:58:06.443610,1785938286.443610,37.197185,-0.015108447521924973,0.760127067565918,-0.040788501501083374,-0.6483203172683716,0.551236629486084,0.6066122651100159,0.008961309678852558,-0.5727824568748474,69.075438,-58.077940,30.817546,36.421614
2026-08-05T15:58:06.460255,1785938286.460255,37.213830,-0.010620908811688423,0.7607526183128357,-0.040955886244773865,-0.6476643085479736,0.5621376037597656,0.6085028648376465,-0.010112239047884941,-0.560020923614502,69.816826,-57.563545,44.541355,30.903911
2026-08-05T15:58:06.469080,1785938286.469081,37.222655,-0.007048032246530056,0.7630505561828613,-0.04240088164806366,-0.6449112296104431,0.5737501382827759,0.6096392273902893,-0.029014620929956436,-0.5461768507957458,70.903195,-57.460486,123.097069,11.677728
2026-08-05T15:58:06.483253,1785938286.483254,37.236828,-0.002854829654097557,0.7643421292304993,-0.04273669421672821,-0.6433900594711304,0.5848985910415649,0.6110334396362305,-0.04873739928007126,-0.5311843156814575,71.962647,-57.085877,74.751263,26.431098
2026-08-05T15:58:06.488037,1785938286.488037,37.241611,0.0015555545687675476,0.7636885046958923,-0.042311131954193115,-0.6441983580589294,0.5957310795783997,0.6127856373786926,-0.06995834410190582,-0.514494001865387,73.107496,-56.397309,239.326380,143.942520
2026-08-05T15:58:06.496450,1785938286.496450,37.250024,0.007106058299541473,0.7630601525306702,-0.04170941561460495,-0.6449443697929382,0.6062695980072021,0.6143750548362732,-0.0929497554898262,-0.49632754921913147,74.293386,-55.459136,140.961937,111.516884
2026-08-05T15:58:06.522381,1785938286.522381,37.275955,0.01197725348174572,0.7635517120361328,-0.04254502058029175,-0.6442354321479797,0.6166375875473022,0.6148142218589783,-0.11676410585641861,-0.4776272177696228,75.722647,-54.723317,55.118107,28.376146
2026-08-05T15:58:06.539712,1785938286.539712,37.293286,0.015985246747732162,0.7639392018318176,-0.04433327168226242,-0.6435683965682983,0.6276087164878845,0.613460123538971,-0.13989338278770447,-0.4584798514842987,77.489449,-54.296149,101.943877,24.647483
2026-08-05T15:58:06.556863,1785938286.556864,37.310438,0.020484348759055138,0.761006772518158,-0.04582798480987549,-0.6468021869659424,0.6388740539550781,0.6107994318008423,-0.1627267748117447,-0.43850216269493103,79.473560,-53.608782,115.682447,40.076531
2026-08-05T15:58:06.573643,1785938286.573643,37.327217,0.024714073166251183,0.7565047144889832,-0.04903188347816467,-0.6516823172569275,0.6485512852668762,0.6088496446609497,-0.1860540807247162,-0.4172138273715973,81.487217,-52.641911,120.005800,57.621608
2026-08-05T15:58:06.590615,1785938286.590615,37.344189,0.02849026396870613,0.7547363042831421,-0.053290389478206635,-0.653242290019989,0.6568447351455688,0.6073725819587708,-0.20921483635902405,-0.39482006430625916,83.478795,-51.860371,117.344525,46.048614
2026-08-05T15:58:06.608135,1785938286.608136,37.359540,0.03254524990916252,0.7548573017120361,-0.0576353594660759,-0.6525437235832214,0.6651919484138489,0.6043599843978882,-0.23088105022907257,-0.37277746200561523,85.484670,-51.378603,130.668904,31.383871
2026-08-05T15:58:06.623378,1785938286.623378,37.376952,0.03675369918346405,0.751447856426239,-0.06075480952858925,-0.6559635996818542,0.6754141449928284,0.5973918437957764,-0.24964165687561035,-0.3530125319957733,87.814795,-50.952081,133.823331,24.495923
2026-08-05T15:58:06.631132,1785938286.631132,37.384706,0.040875062346458435,0.7432634830474854,-0.0631067156791687,-0.6647634506225586,0.687558114528656,0.586299479007721,-0.26501816511154175,-0.3365743160247803,90.446834,-50.492882,339.428469,59.218385
2026-08-05T15:58:06.642089,1785938286.642090,37.394514,0.0454680472612381,0.7350670099258423,-0.06564676016569138,-0.6732783317565918,0.699383556842804,0.5742610692977905,-0.27831244468688965,-0.3219147324562073,92.909524,-50.065772,251.106647,43.549992
2026-08-05T15:58:06.674220,1785938286.674221,37.427795,0.047410398721694946,0.7294421792030334,-0.07349415123462677,-0.6784312725067139,0.7087291479110718,0.5646966099739075,-0.29103341698646545,-0.3067907392978668,95.085659,-50.073755,65.386993,-0.239867
2026-08-05T15:58:06.689569,1785938286.689570,37.443144,0.04696907103061676,0.7266849875450134,-0.08392485976219177,-0.6802083849906921,0.7152419090270996,0.558313250541687,-0.30353742837905884,-0.290827214717865,97.001814,-50.353358,124.837881,-18.216187
2026-08-05T15:58:06.701145,1785938286.701146,37.453866,0.0488554984331131,0.7249324917793274,-0.08873327076435089,-0.6813341975212097,0.7187579870223999,0.555629551410675,-0.31518134474754333,-0.27445119619369507,98.483625,-49.866808,138.206956,45.380048
2026-08-05T15:58:06.708540,1785938286.708540,37.461404,0.05460715293884277,0.7207462191581726,-0.08719069510698318,-0.6855252981185913,0.7214181423187256,0.5538016557693481,-0.3258361220359802,-0.2582455277442932,99.820422,-48.317892,177.327948,205.465813
2026-08-05T15:58:06.725731,1785938286.725732,37.478942,0.05945071578025818,0.713623583316803,-0.08678679168224335,-0.6925888657569885,0.7245290875434875,0.5505896806716919,-0.33625227212905884,-0.24257613718509674,101.430641,-46.567560,91.815265,99.804558
2026-08-05T15:58:06.741957,1785938286.741957,37.495532,0.06143391877412796,0.7095947861671448,-0.08888927102088928,-0.6962785124778748,0.7279125452041626,0.5458680987358093,-0.34713709354400635,-0.22730432450771332,103.194367,-45.657325,106.313343,54.866882
2026-08-05T15:58:06.750258,1785938286.750258,37.503833,0.0626491904258728,0.70806884765625,-0.09207583218812943,-0.6973088979721069,0.731104850769043,0.5405263304710388,-0.3577118217945099,-0.2129771113395691,104.824004,-45.211703,196.317743,53.682838
2026-08-05T15:58:06.769104,1785938286.769104,37.520652,0.06146840751171112,0.7027989625930786,-0.09623268991708755,-0.7021672129631042,0.7340799570083618,0.5351814031600952,-0.36768776178359985,-0.19877921044826508,106.802663,-44.508187,117.639250,41.826860
2026-08-05T15:58:06.788636,1785938286.788636,37.539764,0.05981643497943878,0.6978172063827515,-0.09773702919483185,-0.7070536613464355,0.7363648414611816,0.5308963656425476,-0.3767709732055664,-0.18428194522857666,108.868657,-43.781174,108.102735,38.040796
2026-08-05T15:58:06.803084,1785938286.803084,37.556659,0.059281233698129654,0.6934691071510315,-0.09932310879230499,-0.7111437916755676,0.738448441028595,0.5270955562591553,-0.38471370935440063,-0.16988109052181244,110.733652,-43.045878,110.388565,43.522019
2026-08-05T15:58:06.808752,1785938286.808752,37.562326,0.05941452458500862,0.6882057189941406,-0.10228428244590759,-0.7158105373382568,0.7413892149925232,0.5219168663024902,-0.3917258083820343,-0.1565120369195938,112.532468,-42.296929,317.381137,132.143669
2026-08-05T15:58:06.828072,1785938286.828073,37.581647,0.06085796654224396,0.6830302476882935,-0.1066240444779396,-0.7200009822845459,0.7441560626029968,0.5167473554611206,-0.39844071865081787,-0.14299961924552917,114.130441,-41.355897,82.707673,48.705855
2026-08-05T15:58:06.841937,1785938286.841938,37.595512,0.0626564472913742,0.6774807572364807,-0.1090710461139679,-0.7247079610824585,0.7460998892784119,0.5125212669372559,-0.40491631627082825,-0.12922737002372742,115.747463,-40.085494,116.624217,91.625066
2026-08-05T15:58:06.855971,1785938286.855972,37.608698,0.06467203050851822,0.6708697080612183,-0.10948516428470612,-0.7305945158004761,0.7471832036972046,0.5094847679138184,-0.41110488772392273,-0.11461051553487778,117.488058,-38.365127,132.003509,130.469413
2026-08-05T15:58:06.886024,1785938286.886025,37.639599,0.06521718949079514,0.6646106839179993,-0.11091341078281403,-0.7360309958457947,0.7482863664627075,0.5065688490867615,-0.4164145290851593,-0.10027420520782471,119.275956,-36.956015,57.859004,45.600914
2026-08-05T15:58:06.923336,1785938286.923336,37.676162,0.06638753414154053,0.6600617170333862,-0.11118197441101074,-0.7399689555168152,0.7496200799942017,0.5039467215538025,-0.42018312215805054,-0.08691305667161942,120.867449,-35.948517,43.526930,27.554825
2026-08-05T15:58:06.939339,1785938286.939339,37.692913,0.06897099316120148,0.6553328633308411,-0.1131124272942543,-0.7436342239379883,0.7512421011924744,0.5011330246925354,-0.4230392873287201,-0.0744231790304184,122.182459,-34.818958,78.504239,67.433102
2026-08-05T15:58:06.957837,1785938286.957837,37.709855,0.07205372303724289,0.650397539138794,-0.1165059506893158,-0.7471424341201782,0.7524776458740234,0.4981207847595215,-0.4263644814491272,-0.06218065693974495,123.369029,-33.378413,70.037090,85.027936
2026-08-05T15:58:06.975142,1785938286.975143,37.726954,0.07556995749473572,0.6449556350708008,-0.1179995909333229,-0.7512667775154114,0.7529945373535156,0.4951607584953308,-0.430440753698349,-0.05035866051912308,124.594561,-31.427856,71.672127,114.073361
2026-08-05T15:58:06.984349,1785938286.984350,37.737924,0.07773252576589584,0.6398220658302307,-0.11761395633220673,-0.7554841637611389,0.7535493969917297,0.4916841983795166,-0.4346323013305664,-0.03879612311720848,126.051068,-29.665643,132.779091,160.648094
2026-08-05T15:58:07.042115,1785938287.042115,37.795689,0.07901082187891006,0.6362884640693665,-0.11509209871292114,-0.7587175965309143,0.7547940611839294,0.4871724843978882,-0.43835362792015076,-0.028199385851621628,127.605276,-28.576994,26.905592,18.846081
2026-08-05T15:58:07.059805,1785938287.059805,37.813380,0.0819949060678482,0.6350215673446655,-0.11235266178846359,-0.7598720788955688,0.7557690739631653,0.4834508001804352,-0.44128236174583435,-0.018936241045594215,128.691647,-27.789254,61.410168,44.529213
2026-08-05T15:58:07.076840,1785938287.076841,37.830415,0.0862002968788147,0.6336072087287903,-0.11109074205160141,-0.7607723474502563,0.7553834915161133,0.4828132092952728,-0.4429311156272888,-0.009971071034669876,129.341607,-26.600887,38.153809,69.759315
2026-08-05T15:58:07.093483,1785938287.093483,37.846542,0.09101051092147827,0.6317270994186401,-0.10948672145605087,-0.7620070576667786,0.7540837526321411,0.483457088470459,-0.4445521831512451,-0.0007949371356517076,129.911276,-24.964556,35.323197,101.463103
2026-08-05T15:58:07.109376,1785938287.109376,37.862950,0.09542044252157211,0.6293224096298218,-0.10826446115970612,-0.7636300921440125,0.7531960606575012,0.48281195759773254,-0.4466928243637085,0.0073442705906927586,130.524381,-23.234371,37.366294,105.447825
2026-08-05T15:58:07.118920,1785938287.118920,37.872494,0.09900989383459091,0.6268145442008972,-0.10882732272148132,-0.7651543021202087,0.7534278035163879,0.4800046682357788,-0.44917288422584534,0.013635672628879547,131.097512,-21.761409,60.050556,154.331719
2026-08-05T15:58:07.126903,1785938287.126904,37.879838,0.10243035107851028,0.6250173449516296,-0.10764195770025253,-0.7663411498069763,0.7537039518356323,0.4771669805049896,-0.45151689648628235,0.019355665892362595,131.689811,-20.528519,80.658572,167.893383
2026-08-05T15:58:07.135215,1785938287.135215,37.888789,0.10570065677165985,0.6230865120887756,-0.10493746399879456,-0.7678429484367371,0.7532178163528442,0.4764052927494049,-0.45288893580436707,0.02434801496565342,132.181898,-19.230721,54.970090,144.974487
2026-08-05T15:58:07.144582,1785938287.144583,37.898157,0.10776343941688538,0.6224423050880432,-0.10313019901514053,-0.7683233618736267,0.7514370083808899,0.4785286784172058,-0.45337265729904175,0.028393356129527092,132.371329,-18.260588,20.221677,103.561454
2026-08-05T15:58:07.154678,1785938287.154678,37.908252,0.1084088385105133,0.6242274045944214,-0.10389333963394165,-0.7666798233985901,0.7516157627105713,0.47977587580680847,-0.45195385813713074,0.025033626705408096,131.749538,-18.908351,-61.591723,-64.164422
2026-08-05T15:58:07.175109,1785938287.175110,37.926523,0.10810777544975281,0.6268914937973022,-0.10582973062992096,-0.7642800807952881,0.75196772813797,0.48139873147010803,-0.4499092102050781,0.019536104053258896,130.865610,-20.033462,-48.378835,-61.579183
2026-08-05T15:58:07.191259,1785938287.191259,37.944271,0.10660688579082489,0.629663348197937,-0.10737808048725128,-0.7619926929473877,0.7516909837722778,0.48431554436683655,-0.44745686650276184,0.013479679822921753,129.968680,-21.235927,-50.539342,-67.755326
2026-08-05T15:58:07.226017,1785938287.226017,37.977577,0.10347171127796173,0.6324453949928284,-0.10818914324045181,-0.760003924369812,0.7505924105644226,0.4885368347167969,-0.4448508322238922,0.007131035905331373,129.147957,-22.473501,-24.641280,-37.156743
2026-08-05T15:58:07.243806,1785938287.243806,37.997380,0.10013659298419952,0.6363503932952881,-0.10807888954877853,-0.7572012543678284,0.7493860721588135,0.49312669038772583,-0.4418664574623108,-0.0008859347435645759,128.140514,-24.015417,-50.873112,-77.862557
2026-08-05T15:58:07.256216,1785938287.256216,38.009790,0.09618224948644638,0.6412216424942017,-0.10744281858205795,-0.7536868453025818,0.748766303062439,0.49726754426956177,-0.43810489773750305,-0.011757893487811089,126.921753,-26.051637,-98.210486,-164.083174
2026-08-05T15:58:07.264315,1785938287.264315,38.017889,0.0915144756436348,0.6471719145774841,-0.10669688880443573,-0.7492753267288208,0.7488157153129578,0.5011727809906006,-0.4329405128955841,-0.025761302560567856,125.436417,-28.662990,-183.395714,-322.425850
2026-08-05T15:58:07.272426,1785938287.272427,38.026001,0.08664106577634811,0.6543253064155579,-0.10608997195959091,-0.7437073588371277,0.7490925192832947,0.5058197379112244,-0.42566823959350586,-0.04258406534790993,123.580454,-31.714295,-228.807004,-376.171346
2026-08-05T15:58:07.281102,1785938287.281102,38.034677,0.08181685954332352,0.6619484424591064,-0.10565777868032455,-0.7375437021255493,0.7490293383598328,0.5118961334228516,-0.4161308705806732,-0.061259981244802475,121.413409,-34.834853,-249.779973,-359.684813
2026-08-05T15:58:07.300451,1785938287.300452,38.051551,0.07850901037454605,0.6700353622436523,-0.10459715873003006,-0.730720579624176,0.7483583092689514,0.5185971856117249,-0.40552011132240295,-0.08105799555778503,118.954929,-37.594468,-145.695707,-163.541680
2026-08-05T15:58:07.317073,1785938287.317074,38.069897,0.07719825953245163,0.6789562106132507,-0.1026444211602211,-0.7228603363037109,0.7471401691436768,0.5256396532058716,-0.3938392698764801,-0.10185933113098145,116.175669,-40.011420,-151.488803,-131.740471
2026-08-05T15:58:07.322436,1785938287.322437,38.074858,0.07556276023387909,0.687265932559967,-0.10081110894680023,-0.7153998613357544,0.7452667355537415,0.5328213572502136,-0.3814578950405121,-0.12316198647022247,113.393736,-42.125106,-560.758833,-426.059410
2026-08-05T15:58:07.380891,1785938287.380891,38.134465,0.07375673949718475,0.6937940120697021,-0.09800862520933151,-0.7096536159515381,0.743186354637146,0.5394703149795532,-0.3676871061325073,-0.14646489918231964,110.629066,-43.884481,-46.381424,-29.516106
2026-08-05T15:58:07.395545,1785938287.395545,38.147768,0.07156124711036682,0.7004504799842834,-0.09395395219326019,-0.703864336013794,0.7410340309143066,0.5451691746711731,-0.35270896553993225,-0.1710425615310669,107.909892,-45.683631,-204.413440,-135.250818
2026-08-05T15:58:07.408978,1785938287.408979,38.161784,0.06997393816709518,0.7079475522041321,-0.08801598101854324,-0.6972599029541016,0.7386048436164856,0.5503261089324951,-0.33715614676475525,-0.19475583732128143,105.289619,-47.414892,-186.937177,-123.512662
2026-08-05T15:58:07.423239,1785938287.423239,38.176814,0.06732524931430817,0.7149052023887634,-0.08376384526491165,-0.6909165382385254,0.7356259226799011,0.5554930567741394,-0.3223574459552765,-0.21533150970935822,103.012719,-49.024651,-151.498478,-107.108864
2026-08-05T15:58:07.439375,1785938287.439375,38.192950,0.06449884921312332,0.7192983031272888,-0.08444168418645859,-0.6865301728248596,0.7298673987388611,0.5637173056602478,-0.308481365442276,-0.23314304649829865,100.615526,-49.811824,-148.562398,-48.783815
2026-08-05T15:58:07.449723,1785938287.449723,38.203297,0.06518536806106567,0.7240388989448547,-0.07833173125982285,-0.682192862033844,0.7230338454246521,0.5718908309936523,-0.29422488808631897,-0.252179890871048,97.965923,-49.889604,-256.053698,-7.516575
2026-08-05T15:58:07.459267,1785938287.459268,38.212842,0.06420230865478516,0.7292894124984741,-0.06897971779108047,-0.6776880025863647,0.7172455191612244,0.5772171020507812,-0.2794017195701599,-0.2726060748100281,95.708231,-50.360703,-236.546935,-49.358849
2026-08-05T15:58:07.474045,1785938287.474045,38.227619,0.059695929288864136,0.7333475947380066,-0.062044691294431686,-0.6743828058242798,0.7130547165870667,0.5792760848999023,-0.2649068534374237,-0.2929452061653137,94.098575,-51.392100,-108.926702,-69.795447
2026-08-05T15:58:07.492118,1785938287.492118,38.245692,0.052743300795555115,0.7369654178619385,-0.06525997817516327,-0.6707053184509277,0.709388792514801,0.5798656940460205,-0.2521727681159973,-0.3113400340080261,92.735186,-52.914686,-75.436517,-84.244951
2026-08-05T15:58:07.532042,1785938287.532043,38.285617,0.04624490067362785,0.7404430508613586,-0.07033739984035492,-0.6668300032615662,0.7043681144714355,0.5815792083740234,-0.2402706742286682,-0.3284832835197449,91.283782,-54.169499,-36.353619,-31.429554
2026-08-05T15:58:07.549408,1785938287.549408,38.302982,0.042979687452316284,0.7502851486206055,-0.06757256388664246,-0.6562492847442627,0.6989620327949524,0.5834837555885315,-0.22679804265499115,-0.3457769751548767,89.520409,-55.536698,-101.547681,-78.733153
2026-08-05T15:58:07.557966,1785938287.557966,38.311540,0.03900380805134773,0.7608383893966675,-0.056862689554691315,-0.6452707052230835,0.6940403580665588,0.5841740965843201,-0.21142125129699707,-0.3637990653514862,88.171117,-56.941262,-157.663781,-164.122168
2026-08-05T15:58:07.574360,1785938287.574360,38.327934,0.035116761922836304,0.7609938979148865,-0.05239993706345558,-0.645688533782959,0.6901616454124451,0.5828156471252441,-0.19384296238422394,-0.382658988237381,87.064028,-57.729065,-67.529534,-48.053936
2026-08-05T15:58:07.585230,1785938287.585231,38.338805,0.033366575837135315,0.7585116028785706,-0.04581732302904129,-0.6491930484771729,0.6873995065689087,0.5789782404899597,-0.17458976805210114,-0.4022243916988373,86.022975,-58.221226,-95.766925,-45.274147
2026-08-05T15:58:07.600841,1785938287.600841,38.354415,0.03338911756873131,0.755888044834137,-0.036396924406290054,-0.6528380513191223,0.6832252740859985,0.5759422779083252,-0.15377213060855865,-0.4217202961444855,84.695392,-58.295887,-85.044462,-4.782783
2026-08-05T15:58:07.607960,1785938287.607960,38.361535,0.03047158196568489,0.7575623393058777,-0.0334991030395031,-0.6511932611465454,0.6764382719993591,0.5751182436943054,-0.13143585622310638,-0.4409026503562927,83.197208,-59.116618,-210.443354,-115.284424
2026-08-05T15:58:07.624909,1785938287.624909,38.378484,0.025199323892593384,0.7604076862335205,-0.03451918810606003,-0.6480414271354675,0.6680635809898376,0.575245201587677,-0.10788162797689438,-0.4595058262348175,81.816909,-60.353892,-81.438688,-73.000081
2026-08-05T15:58:07.633401,1785938287.633402,38.386976,0.02210177481174469,0.7581261992454529,-0.03346686810255051,-0.6508764624595642,0.6596795320510864,0.574328601360321,-0.08319232612848282,-0.47754424810409546,80.435036,-60.940464,-162.722041,-69.071597
2026-08-05T15:58:07.658496,1785938287.658497,38.412071,0.02312565967440605,0.7532264590263367,-0.0282304547727108,-0.656751275062561,0.650442361831665,0.572879433631897,-0.05838100612163544,-0.49530383944511414,78.663756,-60.636694,-70.582329,12.104689
2026-08-05T15:58:07.676774,1785938287.676775,38.429759,0.027454983443021774,0.7513300776481628,-0.018944215029478073,-0.6590861678123474,0.6392611265182495,0.5721716284751892,-0.03387368470430374,-0.5126572251319885,76.379775,-59.802401,-129.129251,47.168332
2026-08-05T15:58:07.685639,1785938287.685639,38.439213,0.030118098482489586,0.7532761693000793,-0.014189439825713634,-0.6568641662597656,0.6250590085983276,0.5731402635574341,-0.009947904385626316,-0.5298231244087219,73.983934,-59.289627,-253.401386,54.234686
2026-08-05T15:58:07.703052,1785938287.703053,38.456627,0.029579542577266693,0.7555841207504272,-0.013680978678166866,-0.654243528842926,0.6086150407791138,0.5751462578773499,0.013934837654232979,-0.5464434027671814,71.829887,-59.131324,-123.700686,9.090902
2026-08-05T15:58:07.709060,1785938287.709060,38.462635,0.02822386845946312,0.7531672120094299,-0.011727872304618359,-0.6571217775344849,0.5927231907844543,0.5760108828544617,0.03817752003669739,-0.5616344213485718,69.995563,-58.827025,-305.318190,50.649665
2026-08-05T15:58:07.726146,1785938287.726147,38.479721,0.02771942876279354,0.7483410835266113,-0.008239999413490295,-0.6626865863800049,0.5777178406715393,0.575208306312561,0.06284717470407486,-0.5756977796554565,68.323924,-58.434619,-97.835219,22.966189
2026-08-05T15:58:07.792188,1785938287.792188,38.545763,0.025900406762957573,0.7465938925743103,-0.007406588643789291,-0.6647377014160156,0.562648594379425,0.5734167695045471,0.08786918967962265,-0.5889812111854553,67.070179,-58.623461,-18.984141,-2.859436
2026-08-05T15:58:07.811215,1785938287.811216,38.564790,0.02282431162893772,0.7460857033729553,-0.00735822319984436,-0.6654209494590759,0.5473870635032654,0.5708401203155518,0.11262859404087067,-0.6015180349349976,66.178412,-59.074831,-46.867370,-23.722048
2026-08-05T15:58:07.827112,1785938287.827112,38.580687,0.02131609618663788,0.7433313131332397,-0.004044933244585991,-0.6685745120048523,0.5328428745269775,0.5666307210922241,0.13710179924964905,-0.6133607029914856,65.280548,-59.177249,-56.481630,-6.442772
2026-08-05T15:58:07.852812,1785938287.852812,38.606386,0.018466271460056305,0.7401255369186401,-0.00042544305324554443,-0.6722181439399719,0.5199443697929382,0.561091959476471,0.16134987771511078,-0.6235382556915283,64.877960,-59.584367,-15.664990,-15.841241
2026-08-05T15:58:07.870204,1785938287.870205,38.623779,0.011326897889375687,0.7383986115455627,0.0009384341537952423,-0.6742717027664185,0.5087724924087524,0.5543794631958008,0.18482956290245056,-0.632180392742157,65.391909,-60.769075,29.550173,-68.116418
2026-08-05T15:58:07.885781,1785938287.885782,38.639356,0.0033469460904598236,0.7363228797912598,0.0035561472177505493,-0.6766157150268555,0.49777767062187195,0.5476492643356323,0.20612651109695435,-0.6401639580726624,65.975104,-61.787744,37.438739,-65.394396
2026-08-05T15:58:07.897306,1785938287.897306,38.650881,-0.0041374824941158295,0.7338215112686157,0.007846096530556679,-0.6792876124382019,0.4862631559371948,0.5427488684654236,0.2234533131122589,-0.6473333835601807,66.194313,-62.242543,19.021272,-39.463934
2026-08-05T15:58:07.914002,1785938287.914002,38.667576,-0.009994090534746647,0.732865571975708,0.013138560578227043,-0.6801761984825134,0.4743780195713043,0.5394926071166992,0.236559197306633,-0.6541813015937805,65.993940,-62.141589,-12.001616,6.046814
2026-08-05T15:58:07.926499,1785938287.926500,38.679518,-0.019287291914224625,0.7338992953300476,0.014037806540727615,-0.6788421273231506,0.4631793797016144,0.5371766686439514,0.24679745733737946,-0.6603010296821594,66.350034,-62.564826,29.819456,-35.442040
2026-08-05T15:58:07.942023,1785938287.942024,38.695598,-0.03167378157377243,0.7333044409751892,0.012803304940462112,-0.6790444254875183,0.4543318450450897,0.5345221161842346,0.25654441118240356,-0.6648712754249573,67.320864,-63.571603,60.375322,-62.610893
2026-08-05T15:58:07.957755,1785938287.957756,38.711330,-0.04645511507987976,0.7307382822036743,0.011269871145486832,-0.6809850335121155,0.448128342628479,0.5299687385559082,0.26799634099006653,-0.6682008504867554,68.923561,-65.176510,101.873150,-102.013562
2026-08-05T15:58:07.974102,1785938287.974103,38.727677,-0.06500798463821411,0.725976824760437,0.004671389237046242,-0.6846267580986023,0.4425544738769531,0.5241332054138184,0.28013020753860474,-0.671533465385437,71.260040,-67.588742,142.930692,-147.564827
2026-08-05T15:58:07.989886,1785938287.989886,38.743460,-0.0835176408290863,0.7193892002105713,-0.006237531080842018,-0.6895427107810974,0.4359140694141388,0.5184803605079651,0.29219159483909607,-0.6751157641410828,73.686388,-70.213099,153.726413,-166.271704
2026-08-05T15:58:07.996647,1785938287.996648,38.750222,-0.10406520962715149,0.7151984572410583,-0.015444654040038586,-0.6909608244895935,0.4273761212825775,0.5151113867759705,0.3020927906036377,-0.6787855625152588,75.950076,-72.546378,334.788233,-345.080436
2026-08-05T15:58:08.005849,1785938288.005850,38.759424,-0.10834325104951859,0.7134915590286255,-0.015581123530864716,-0.6920643448829651,0.41879284381866455,0.5128581523895264,0.3099379241466522,-0.6822958588600159,76.019065,-72.668017,7.497379,-13.219012
2026-08-05T15:58:08.022973,1785938288.022974,38.776548,-0.11117050051689148,0.7118401527404785,-0.013642663136124611,-0.6933559775352478,0.4124665856361389,0.509506344795227,0.31684255599975586,-0.6854819059371948,76.040745,-72.656391,1.266028,0.678908
2026-08-05T15:58:08.039094,1785938288.039094,38.792668,-0.11303083598613739,0.7115650177001953,-0.012108047492802143,-0.6933661103248596,0.40836548805236816,0.5058712959289551,0.3230593502521515,-0.687724232673645,76.237343,-72.804872,12.195926,-9.211015
2026-08-05T15:58:08.056076,1785938288.057181,38.809650,-0.11418339610099792,0.7114474773406982,-0.011154712177813053,-0.6933140158653259,0.406294584274292,0.5032660961151123,0.3278590142726898,-0.6885902881622314,76.483560,-73.032165,14.498666,-13.384317
2026-08-05T15:58:08.072826,1785938288.072827,38.824625,-0.11571750044822693,0.7104504704475403,-0.009821652434766293,-0.6941017508506775,0.40547582507133484,0.5015394687652588,0.33094149827957153,-0.688857913017273,76.691029,-73.211153,13.854267,-11.952374
2026-08-05T15:58:08.086191,1785938288.086191,38.839766,-0.11738412082195282,0.7100948095321655,-0.009339937940239906,-0.6941922903060913,0.4047749936580658,0.5011979937553406,0.3320097029209137,-0.6890046000480652,76.820346,-73.316204,8.541240,-6.938516
2026-08-05T15:58:08.092363,1785938288.092364,38.845938,-0.11862295120954514,0.7108910083770752,-0.010406801477074623,-0.6931509971618652,0.40441498160362244,0.5017338991165161,0.33187243342399597,-0.6888920664787292,76.972755,-73.472372,24.692999,-25.301861
2026-08-05T15:58:08.101130,1785938288.101130,38.854705,-0.11854149401187897,0.7114059925079346,-0.011627214029431343,-0.6926167011260986,0.4049873650074005,0.5026424527168274,0.3308835029602051,-0.68836909532547,77.019493,-73.551733,5.331151,-9.052349
2026-08-05T15:58:08.113899,1785938288.113900,38.865454,-0.11634054034948349,0.7121148705482483,-0.01207177247852087,-0.6922537684440613,0.4061543345451355,0.5045997500419617,0.3282647728919983,-0.6875028014183044,76.735504,-73.312304,-26.419768,22.274356
2026-08-05T15:58:08.153897,1785938288.153898,38.905442,-0.11163313686847687,0.7131425142288208,-0.011721228249371052,-0.6919772028923035,0.4080050587654114,0.5077624320983887,0.3236180245876312,-0.686280369758606,76.066080,-72.697970,-16.740311,15.362651
2026-08-05T15:58:08.168253,1785938288.168254,38.921828,-0.1063309758901596,0.7147225141525269,-0.011822335422039032,-0.6911798119544983,0.41097357869148254,0.5113506317138672,0.31802573800086975,-0.6844566464424133,75.423920,-72.117797,-39.191185,35.408141
2026-08-05T15:58:08.177413,1785938288.177414,38.930988,-0.10379698872566223,0.716970682144165,-0.014212844893336296,-0.6891887784004211,0.4148433208465576,0.5141775012016296,0.31379979848861694,-0.6819503307342529,75.419089,-72.187076,-0.527342,-7.563067
2026-08-05T15:58:08.186141,1785938288.186141,38.939715,-0.09949502348899841,0.7176971435546875,-0.015233919955790043,-0.689045250415802,0.4196490943431854,0.5157555937767029,0.3108943998813629,-0.6791432499885559,75.324543,-72.180872,-10.833390,0.710972
2026-08-05T15:58:08.199367,1785938288.199367,38.952941,-0.0939096212387085,0.7191663384437561,-0.016763778403401375,-0.688261091709137,0.4248502254486084,0.5175056457519531,0.30675822496414185,-0.6764538884162903,75.121385,-72.063289,-15.360485,8.890222
2026-08-05T15:58:08.208409,1785938288.208410,38.961984,-0.08641834557056427,0.7204726338386536,-0.017409320920705795,-0.6878602504730225,0.4296051561832428,0.5215655565261841,0.2984711825847626,-0.6740354895591736,74.293317,-71.292076,-91.577439,85.289880
2026-08-05T15:58:08.235611,1785938288.235611,38.989185,-0.07832453399896622,0.720518171787262,-0.01623162440955639,-0.6888099908828735,0.43452948331832886,0.5276157259941101,0.2862076759338379,-0.6714842915534973,72.972373,-69.950776,-48.561177,49.309478
2026-08-05T15:58:08.257899,1785938288.257899,39.011473,-0.06773371994495392,0.723525881767273,-0.01418957207351923,-0.6868224143981934,0.44127121567726135,0.5340316891670227,0.27163270115852356,-0.6680611968040466,71.518396,-68.400341,-65.235604,69.563439
2026-08-05T15:58:08.266114,1785938288.266115,39.019689,-0.05478554964065552,0.7286469340324402,-0.012734473682940006,-0.6825788617134094,0.4500059187412262,0.5396705865859985,0.2559906244277954,-0.6638668775558472,70.139046,-66.895222,-167.897556,183.206304
2026-08-05T15:58:08.291174,1785938288.291174,39.044749,-0.043074071407318115,0.732189416885376,-0.01144944503903389,-0.6796441674232483,0.4591776728630066,0.5462309122085571,0.23852215707302094,-0.6587070226669312,68.798765,-65.367245,-53.483522,60.973509
2026-08-05T15:58:08.306753,1785938288.306754,39.060328,-0.034327324479818344,0.734715461730957,-0.011150103993713856,-0.6774173378944397,0.46844664216041565,0.5539634823799133,0.2192656546831131,-0.6523841619491577,67.717250,-64.009700,-69.419305,87.136797
2026-08-05T15:58:08.315412,1785938288.315412,39.068986,-0.02683287300169468,0.7379591464996338,-0.009802897460758686,-0.6742433309555054,0.4775926470756531,0.5616436004638672,0.19895043969154358,-0.6456629633903503,66.760659,-62.627386,-110.484145,159.654290
2026-08-05T15:58:08.334050,1785938288.334051,39.087625,-0.02154569886624813,0.740858793258667,-0.010267096571624279,-0.6712394952774048,0.487493634223938,0.5693133473396301,0.17733100056648254,-0.6377978324890137,66.231161,-61.571437,-28.408660,56.653828
2026-08-05T15:58:08.341357,1785938288.341357,39.094932,-0.018738485872745514,0.7443623542785645,-0.012762360274791718,-0.6673938035964966,0.49874940514564514,0.5765421390533447,0.15508171916007996,-0.628329336643219,66.314465,-61.044699,11.400902,72.088599
2026-08-05T15:58:08.372278,1785938288.372279,39.124830,-0.0177290178835392,0.7476633191108704,-0.016588004305958748,-0.6636369824409485,0.5118548274040222,0.5822666883468628,0.13237769901752472,-0.6176134347915649,66.989101,-60.988330,22.564626,1.885405
2026-08-05T15:58:08.376850,1785938288.376850,39.129871,-0.017013905569911003,0.7525109052658081,-0.020734038203954697,-0.6580360531806946,0.5240206122398376,0.5893341302871704,0.10598541051149368,-0.6056855320930481,67.611506,-60.713251,123.465556,54.566983
2026-08-05T15:58:08.436347,1785938288.436347,39.189922,-0.015443840064108372,0.760826826095581,-0.02570023387670517,-0.6482647061347961,0.5293404459953308,0.6053481698036194,0.06897865980863571,-0.5904188752174377,67.108379,-59.050027,-8.378337,27.696872
2026-08-05T15:58:08.454319,1785938288.454320,39.207894,-0.014352655038237572,0.7691757678985596,-0.02903236448764801,-0.6382190585136414,0.5306903123855591,0.628119945526123,0.02459738589823246,-0.5685316920280457,66.214461,-56.428566,-49.738833,145.861775
2026-08-05T15:58:08.459353,1785938288.459353,39.212928,-0.012214241549372673,0.7757372856140137,-0.028393350541591644,-0.6303015351295471,0.5346496105194092,0.6478200554847717,-0.0178719162940979,-0.5423649549484253,66.063822,-53.959292,-29.925888,490.545351
2026-08-05T15:58:08.469434,1785938288.469435,39.223009,-0.006887328810989857,0.777579665184021,-0.025926105678081512,-0.6282150745391846,0.5463851094245911,0.6575571894645691,-0.05277112498879433,-0.5160398483276367,67.164949,-52.364769,109.224809,158.166498
2026-08-05T15:58:08.487917,1785938288.487917,39.241492,0.0011559054255485535,0.7746245861053467,-0.023095430806279182,-0.6320014595985413,0.5666348338127136,0.6556159257888794,-0.07924994081258774,-0.4927597641944885,69.476299,-51.849362,125.054864,27.885963
2026-08-05T15:58:08.501397,1785938288.501398,39.254972,0.009813746437430382,0.7714750170707703,-0.020717838779091835,-0.6358495950698853,0.5900840163230896,0.6487232446670532,-0.10225982218980789,-0.4695763885974884,72.399739,-51.999212,216.869417,-11.116291
2026-08-05T15:58:08.513396,1785938288.513397,39.266971,0.015134565532207489,0.7725414633750916,-0.021837804466485977,-0.6344111561775208,0.6096048951148987,0.6447136998176575,-0.12755198776721954,-0.4432342052459717,75.391128,-52.469023,249.295532,-39.152987
2026-08-05T15:58:08.522611,1785938288.522612,39.275498,0.01685565523803234,0.7712451815605164,-0.027632439509034157,-0.635717511177063,0.6233636736869812,0.6447049975395203,-0.1546255201101303,-0.41456514596939087,78.290078,-52.570904,339.980870,-11.948385
2026-08-05T15:58:08.572582,1785938288.572583,39.326157,0.024519216269254684,0.7647209167480469,-0.030691511929035187,-0.6431659460067749,0.636433482170105,0.6430196762084961,-0.17953719198703766,-0.3863217234611511,80.839773,-51.511921,50.330613,20.904170
2026-08-05T15:58:08.590480,1785938288.590481,39.344055,0.03781471401453018,0.7583264708518982,-0.03046548366546631,-0.6500664949417114,0.653328537940979,0.6341416835784912,-0.19957105815410614,-0.362212210893631,83.314811,-50.548386,138.286947,53.835283
2026-08-05T15:58:08.607082,1785938288.607083,39.360657,0.048204176127910614,0.7502486109733582,-0.03252484276890755,-0.6585963368415833,0.6723305583000183,0.6203683614730835,-0.21616242825984955,-0.3411579728126526,86.301920,-50.392310,179.924166,9.400991
2026-08-05T15:58:08.622767,1785938288.622767,39.375574,0.05751786381006241,0.7411595582962036,-0.036224015057086945,-0.6678815484046936,0.6890183687210083,0.6077138781547546,-0.23210343718528748,-0.31947726011276245,89.233116,-50.045489,196.492335,23.249108
2026-08-05T15:58:08.630026,1785938288.630027,39.383601,0.06425708532333374,0.7365597486495972,-0.044337354600429535,-0.6718547344207764,0.7005614042282104,0.6000857353210449,-0.2496996372938156,-0.29455244541168213,91.789100,-49.756515,318.448668,36.003089
2026-08-05T15:58:08.640770,1785938288.640770,39.394344,0.07038851082324982,0.7342454791069031,-0.05317654088139534,-0.6731306910514832,0.7079774737358093,0.5957324504852295,-0.268091082572937,-0.26832470297813416,93.980976,-49.117389,204.021057,59.490218
2026-08-05T15:58:08.655951,1785938288.655951,39.409525,0.07950534671545029,0.7279368042945862,-0.05916765332221985,-0.6784467101097107,0.7146448493003845,0.5903065800666809,-0.2855280041694641,-0.24350512027740479,96.078414,-47.467629,138.161465,108.672200
2026-08-05T15:58:08.672270,1785938288.672271,39.425845,0.08668086677789688,0.7189441919326782,-0.06712296605110168,-0.6863701343536377,0.7221629023551941,0.5818266272544861,-0.3016204237937927,-0.22132299840450287,98.455722,-45.909174,145.672737,95.496422
2026-08-05T15:58:08.692046,1785938288.692047,39.445621,0.09338194876909256,0.7122564911842346,-0.07039590179920197,-0.6921117901802063,0.7288568615913391,0.5728598833084106,-0.316847026348114,-0.20051787793636322,100.837846,-44.467165,120.454660,72.916759
2026-08-05T15:58:08.706631,1785938288.706632,39.460206,0.10043537616729736,0.7067290544509888,-0.07277463376522064,-0.696530282497406,0.7331380248069763,0.565950870513916,-0.33190616965293884,-0.17901544272899628,103.009498,-42.671904,148.896094,123.089368
2026-08-05T15:58:08.716660,1785938288.716660,39.470234,0.10634705424308777,0.7014251947402954,-0.07991940528154373,-0.7002211213111877,0.7352200746536255,0.5608793497085571,-0.3468058705329895,-0.15681730210781097,104.947403,-40.670009,193.237775,199.618605
2026-08-05T15:58:08.732986,1785938288.732987,39.486561,0.11014027893543243,0.6964812874794006,-0.08991139382123947,-0.7033511400222778,0.7362083196640015,0.5564418435096741,-0.3605770170688629,-0.13547776639461517,106.782896,-38.805272,112.424640,114.215848
2026-08-05T15:58:08.749464,1785938288.749464,39.503038,0.11426103115081787,0.6908006072044373,-0.0930611863732338,-0.707871675491333,0.7377877831459045,0.5506148338317871,-0.3727758526802063,-0.11632177233695984,108.860136,-36.834240,126.066457,119.620700
2026-08-05T15:58:08.757431,1785938288.757431,39.509362,0.1158798560500145,0.6854724884033203,-0.09724770486354828,-0.712212085723877,0.7398902773857117,0.5441626310348511,-0.3827258348464966,-0.09985189139842987,110.906190,-35.448858,323.522933,219.057270
2026-08-05T15:58:08.766000,1785938288.766000,39.517556,0.11792773753404617,0.6817935109138489,-0.10078904032707214,-0.7149099111557007,0.7415475249290466,0.539032518863678,-0.39028146862983704,-0.0850394070148468,112.566396,-34.351286,202.624966,133.956546
2026-08-05T15:58:08.773553,1785938288.773554,39.527128,0.12174272537231445,0.6786038279533386,-0.10417778789997101,-0.7168169617652893,0.7424870729446411,0.5353778004646301,-0.396316796541214,-0.07082941383123398,113.846799,-33.059194,133.768407,134.989570
2026-08-05T15:58:08.788956,1785938288.788956,39.542530,0.1265009194612503,0.6750772595405579,-0.10692790150642395,-0.718914806842804,0.7423650026321411,0.53363436460495,-0.4010401964187622,-0.057406723499298096,114.863194,-31.431920,65.988721,105.649660
2026-08-05T15:58:08.829349,1785938288.829349,39.582923,0.13064317405223846,0.6698447465896606,-0.10856324434280396,-0.7228127717971802,0.7425262928009033,0.5313602685928345,-0.405244380235672,-0.04569534584879875,115.994815,-29.596491,28.015355,45.439424
2026-08-05T15:58:08.857756,1785938288.857757,39.611331,0.133273184299469,0.6654022336006165,-0.10896366834640503,-0.7263669371604919,0.7435629367828369,0.5278958678245544,-0.4087918996810913,-0.036464396864175797,117.149064,-28.301343,40.631759,45.591622
2026-08-05T15:58:08.870325,1785938288.873149,39.623899,0.13450047373771667,0.6626951694488525,-0.10665516555309296,-0.72895348072052,0.7447422742843628,0.5248242616653442,-0.4111732244491577,-0.02924397960305214,118.253989,-27.663616,87.912384,50.740252
2026-08-05T15:58:08.880676,1785938288.880677,39.634251,0.1354159563779831,0.661274254322052,-0.10477052628993988,-0.7303464412689209,0.7449132800102234,0.5241289734840393,-0.4122081398963928,-0.02186080627143383,119.122329,-27.261542,83.886051,38.842385
2026-08-05T15:58:08.895623,1785938288.895624,39.649198,0.13648277521133423,0.6593512892723083,-0.10379189252853394,-0.7320241928100586,0.7444345951080322,0.5248246788978577,-0.41255101561546326,-0.013338721357285976,119.969688,-26.676385,56.690271,39.148296
2026-08-05T15:58:08.907764,1785938288.907764,39.661338,0.13839435577392578,0.6580513715744019,-0.10360278189182281,-0.7328612208366394,0.7429487705230713,0.5271531939506531,-0.4124537408351898,-0.004338279832154512,120.578251,-25.933613,50.126623,61.181323
2026-08-05T15:58:08.921054,1785938288.921055,39.674629,0.1402692347764969,0.6584541201591492,-0.104056715965271,-0.7320783138275146,0.7412838339805603,0.5298258066177368,-0.4120312035083771,0.0036321610677987337,120.916193,-25.543724,25.427564,29.336077
2026-08-05T15:58:08.941338,1785938288.941338,39.694912,0.14256177842617035,0.6587679386138916,-0.10406184196472168,-0.7313520312309265,0.7404769659042358,0.5307124257087708,-0.4122154712677002,0.010802657343447208,121.295902,-25.194930,18.720095,17.196024
2026-08-05T15:58:08.972359,1785938288.972359,39.725933,0.14469501376152039,0.6578314900398254,-0.10199309885501862,-0.7320672273635864,0.7397006154060364,0.5305572152137756,-0.4135284721851349,0.018610147759318352,122.027406,-24.496239,23.580849,22.523053
2026-08-05T15:58:09.012762,1785938289.012762,39.766336,0.14500778913497925,0.6560527682304382,-0.0993436872959137,-0.7339633107185364,0.738656222820282,0.5299420952796936,-0.4157329201698303,0.026735175400972366,123.091391,-23.698071,26.334383,19.755228
2026-08-05T15:58:09.025079,1785938289.025079,39.778653,0.14554403722286224,0.6550702452659607,-0.09808394312858582,-0.7349037528038025,0.7374511361122131,0.5292726755142212,-0.4181027412414551,0.03502112999558449,124.020524,-22.968682,75.433860,59.217167
2026-08-05T15:58:09.042966,1785938289.042966,39.796540,0.14616665244102478,0.6548126339912415,-0.09810228645801544,-0.735007107257843,0.736470103263855,0.5282983183860779,-0.42030084133148193,0.043127186596393585,124.823204,-22.441813,44.874783,29.455269
2026-08-05T15:58:09.057192,1785938289.057193,39.810011,0.14793427288532257,0.6527549624443054,-0.09797599911689758,-0.7364991307258606,0.7365783452987671,0.525141179561615,-0.4232335686683655,0.05052400007843971,125.740303,-21.471227,68.082452,72.053126
2026-08-05T15:58:09.062548,1785938289.062548,39.816122,0.1499181091785431,0.6491785049438477,-0.09769409149885178,-0.7392911911010742,0.7380679845809937,0.518781304359436,-0.42761778831481934,0.05713741108775139,126.901729,-20.207539,190.043135,206.776115
2026-08-05T15:58:09.071732,1785938289.071733,39.824138,0.15200181305408478,0.6456644535064697,-0.09595579653978348,-0.7421651482582092,0.7395920157432556,0.5120309591293335,-0.4321509003639221,0.06382706761360168,128.159999,-18.923101,156.972251,160.236958
2026-08-05T15:58:09.088605,1785938289.088605,39.842179,0.15496185421943665,0.6409223079681396,-0.09451723098754883,-0.7458389401435852,0.7395414113998413,0.5081642270088196,-0.4355137050151825,0.0719422996044159,129.343978,-16.917304,65.627509,111.180568
2026-08-05T15:58:09.098035,1785938289.098035,39.849385,0.15860527753829956,0.6368831992149353,-0.09258405864238739,-0.7487697601318359,0.7381060123443604,0.5077637434005737,-0.4368295967578888,0.08096716552972794,130.296662,-14.904166,132.207797,279.371121
2026-08-05T15:58:09.112113,1785938289.112113,39.865688,0.1632072776556015,0.6341429352760315,-0.0907677412033081,-0.7503272891044617,0.7371523380279541,0.5073464512825012,-0.437541127204895,0.08811226487159729,130.880796,-13.273255,35.830738,100.040008
2026-08-05T15:58:09.122557,1785938289.122558,39.876132,0.16749389469623566,0.6318581104278564,-0.08877314627170563,-0.7515479326248169,0.7375203371047974,0.5054990649223328,-0.43825650215148926,0.092010498046875,131.252381,-12.116986,35.578267,110.709512
2026-08-05T15:58:09.139627,1785938289.139627,39.891944,0.170708566904068,0.6297938823699951,-0.08715390413999557,-0.7527458071708679,0.7388089895248413,0.5026283264160156,-0.43903830647468567,0.09365685284137726,131.535478,-11.366970,17.903484,47.432171
2026-08-05T15:58:09.157456,1785938289.157456,39.910295,0.1722877472639084,0.6284822225570679,-0.0859428122639656,-0.7536211013793945,0.7397764921188354,0.5006430149078369,-0.4394397437572479,0.09476308524608612,131.784982,-11.010313,13.596525,19.435731
2026-08-05T15:58:09.162822,1785938289.162822,39.916397,0.17297901213169098,0.6286038160324097,-0.08508595079183578,-0.753458559513092,0.7400773167610168,0.5009835362434387,-0.4384579062461853,0.0951627567410469,131.773371,-11.211357,-1.902923,-32.948094
2026-08-05T15:58:09.179429,1785938289.179430,39.933004,0.1734457015991211,0.6298123002052307,-0.0844893828034401,-0.7524083256721497,0.7405012845993042,0.5018597841262817,-0.43695077300071716,0.09417466819286346,131.518290,-11.849851,-15.359586,-38.446605
2026-08-05T15:58:09.252401,1785938289.254542,40.005976,0.17335748672485352,0.6313543915748596,-0.08342471718788147,-0.7512543201446533,0.7413371205329895,0.5023003220558167,-0.43549707531929016,0.09195682406425476,131.226567,-12.749264,-3.997733,-12.325450
2026-08-05T15:58:09.273897,1785938289.273897,40.027472,0.17240019142627716,0.6336299777030945,-0.0830109566450119,-0.7496028542518616,0.7420860528945923,0.503333568572998,-0.4336976110935211,0.0887136310338974,130.789537,-13.957930,-20.331193,-56.228554
2026-08-05T15:58:09.282389,1785938289.282390,40.035964,0.16982948780059814,0.6358334422111511,-0.08314906060695648,-0.7483072280883789,0.7423942685127258,0.5050950646400452,-0.43184894323349,0.08506721258163452,130.395545,-15.215686,-46.391766,-148.098446
2026-08-05T15:58:09.309014,1785938289.309014,40.061534,0.1659945249557495,0.6386995911598206,-0.0837794691324234,-0.7466550469398499,0.7427530288696289,0.5067733526229858,-0.4301859140396118,0.08024229854345322,129.939661,-16.766571,-17.829058,-60.653270
2026-08-05T15:58:09.323712,1785938289.323713,40.077287,0.1613677591085434,0.6423850059509277,-0.08472615480422974,-0.7443972826004028,0.7440106272697449,0.5074982047080994,-0.4285191297531128,0.0725618451833725,129.272992,-18.799073,-42.320747,-129.024874
2026-08-05T15:58:09.340699,1785938289.340700,40.094274,0.1568533480167389,0.6460839509963989,-0.08609198778867722,-0.7420003414154053,0.7458240985870361,0.5075063109397888,-0.4269791543483734,0.06223113834857941,128.370891,-20.841404,-53.104358,-120.226771
2026-08-05T15:58:09.357588,1785938289.357588,40.111162,0.15119759738445282,0.6489477753639221,-0.08707984536886215,-0.7405586242675781,0.7472872138023376,0.5076985955238342,-0.42566922307014465,0.05108713358640671,127.576329,-22.661640,-47.047810,-107.780355
2026-08-05T15:58:09.372128,1785938289.372129,40.125703,0.14452652633190155,0.6515785455703735,-0.08721165359020233,-0.7395643591880798,0.7479720711708069,0.5090516805648804,-0.42406290769577026,0.039682723581790924,126.843014,-24.393131,-50.432871,-119.081117
2026-08-05T15:58:09.389977,1785938289.389977,40.142444,0.13648350536823273,0.6555535197257996,-0.08731291443109512,-0.7375650405883789,0.7485828399658203,0.5111056566238403,-0.4215376377105713,0.02647445723414421,125.933892,-26.675233,-54.303451,-136.313967
2026-08-05T15:58:09.404756,1785938289.404757,40.158331,0.11586572229862213,0.6663209199905396,-0.08710861206054688,-0.7314419150352478,0.7505851984024048,0.511728823184967,-0.4179344177246094,0.009304025210440159,125.542758,-32.724233,-24.620416,-380.762471
2026-08-05T15:58:09.422717,1785938289.422717,40.176291,0.10978405177593231,0.6755901575088501,-0.08887645602226257,-0.7236230373382568,0.754364013671875,0.5103611350059509,-0.4126666784286499,-0.013151702471077442,123.436944,-36.484203,-117.248215,-209.348840
2026-08-05T15:58:09.439881,1785938289.439881,40.192503,0.10585164278745651,0.6809842586517334,-0.0892505943775177,-0.7190925478935242,0.7583463788032532,0.5089935660362244,-0.40540120005607605,-0.03855041041970253,121.214766,-39.137926,-137.072054,-163.691310
2026-08-05T15:58:09.456204,1785938289.456204,40.209778,0.09909392893314362,0.6820022463798523,-0.08669649064540863,-0.719403088092804,0.7611269950866699,0.5093702673912048,-0.39655789732933044,-0.06300325691699982,119.666445,-41.181474,-89.627341,-118.294506
2026-08-05T15:58:09.463932,1785938289.463933,40.217507,0.09202967584133148,0.6869933009147644,-0.08112351596355438,-0.7162356376647949,0.761788010597229,0.5129687190055847,-0.38640132546424866,-0.0850660502910614,118.033729,-43.673165,-211.257060,-322.399676
2026-08-05T15:58:09.472408,1785938289.472408,40.225982,0.08524433523416519,0.6968270540237427,-0.07940635085105896,-0.7077175378799438,0.7608146071434021,0.5189245939254761,-0.37479349970817566,-0.10681049525737762,115.744698,-46.622065,-270.074900,-347.930538
2026-08-05T15:58:09.480602,1785938289.480602,40.234176,0.07966859638690948,0.7043433785438538,-0.08052187412977219,-0.700766384601593,0.7599286437034607,0.5240002274513245,-0.361360639333725,-0.13172249495983124,113.125753,-48.959699,-319.618570,-285.287149
2026-08-05T15:58:09.498745,1785938289.498746,40.252320,0.07510514557361603,0.7072445154190063,-0.07603722810745239,-0.698846697807312,0.7605692148208618,0.5253404974937439,-0.3457931876182556,-0.1611807495355606,110.834010,-50.723427,-126.309352,-97.207778
2026-08-05T15:58:09.508841,1785938289.508842,40.262416,0.06963402032852173,0.7111445665359497,-0.0669320598244667,-0.6963824033737183,0.7623720169067383,0.5235044956207275,-0.3277847170829773,-0.19310438632965088,108.847336,-53.046599,-196.786157,-230.117429
2026-08-05T15:58:09.522253,1785938289.522254,40.274901,0.06298471987247467,0.7172291278839111,-0.056920118629932404,-0.6916496157646179,0.7623061537742615,0.5234781503677368,-0.3073025345802307,-0.22455543279647827,106.793323,-55.544965,-164.508685,-200.097507
2026-08-05T15:58:09.530230,1785938289.530230,40.283804,0.054686039686203,0.7241623401641846,-0.05150432139635086,-0.6855285167694092,0.7581028342247009,0.528287947177887,-0.2854863405227661,-0.2543417811393738,104.374193,-57.663597,-271.719988,-237.967611
2026-08-05T15:58:09.550170,1785938289.550171,40.303745,0.04787439852952957,0.7271767854690552,-0.04887254908680916,-0.6830354332923889,0.7508679032325745,0.5347331762313843,-0.2620934844017029,-0.2855956256389618,101.504821,-58.642999,-143.897548,-49.116528
2026-08-05T15:58:09.556532,1785938289.556533,40.310107,0.04414135217666626,0.7307328581809998,-0.04483839496970177,-0.6797605752944946,0.7432626485824585,0.5383025407791138,-0.2375045120716095,-0.3184065520763397,98.425489,-59.345249,-484.022489,-110.382574
2026-08-05T15:58:09.573222,1785938289.573223,40.326797,0.043360400944948196,0.7400530576705933,-0.04421805590391159,-0.6696938276290894,0.7364392876625061,0.537102222442627,-0.21285554766654968,-0.3519532382488251,95.164970,-60.671735,-195.357475,-79.477822
2026-08-05T15:58:09.615743,1785938289.615743,40.369317,0.03162423148751259,0.7434609532356262,-0.04222434014081955,-0.6666984558105469,0.7267492413520813,0.5376164317131042,-0.18739433586597443,-0.38430148363113403,93.244691,-62.235685,-45.161464,-36.781266
2026-08-05T15:58:09.630385,1785938289.630386,40.383960,0.020430533215403557,0.7469756007194519,-0.03459256887435913,-0.6636393070220947,0.7124274373054504,0.543310821056366,-0.16009442508220673,-0.41428327560424805,91.006869,-62.959521,-152.828391,-49.433198
2026-08-05T15:58:09.639672,1785938289.639672,40.393246,0.02521616779267788,0.7476810216903687,-0.024315176531672478,-0.6631364822387695,0.695297360420227,0.5517722368240356,-0.13140158355236053,-0.44141000509262085,86.897304,-61.222459,-442.535700,187.054398
2026-08-05T15:58:09.656554,1785938289.656554,40.408834,0.035637374967336655,0.7469541430473328,-0.011644791811704636,-0.6638205051422119,0.678657591342926,0.5578950047492981,-0.10154200345277786,-0.4667614698410034,82.483558,-58.959476,-283.145081,145.172016
2026-08-05T15:58:09.662825,1785938289.662826,40.416400,0.0344809964299202,0.749889612197876,-0.011985891498625278,-0.6605582237243652,0.6635919213294983,0.5595406293869019,-0.07097145915031433,-0.49145007133483887,79.658719,-59.321371,-373.372613,-47.833364
2026-08-05T15:58:09.671904,1785938289.671904,40.425478,0.030487630516290665,0.7486588954925537,-0.013256394304335117,-0.6621241569519043,0.6458215713500977,0.5602583289146423,-0.04009993001818657,-0.5171240568161011,77.100423,-59.470933,-281.804552,-16.474795
2026-08-05T15:58:09.689224,1785938289.689225,40.442799,0.02924524061381817,0.739425539970398,-0.011318691074848175,-0.6725103855133057,0.6254217028617859,0.5604259967803955,-0.008040311746299267,-0.5428683757781982,74.147937,-58.497545,-170.460633,56.198181
2026-08-05T15:58:09.707297,1785938289.707297,40.460871,0.03127918764948845,0.7340390682220459,-0.006896406412124634,-0.6783542633056641,0.6044937372207642,0.5610654354095459,0.023878438398241997,-0.564998209476471,71.051464,-57.475104,-171.337409,56.574810
2026-08-05T15:58:09.723264,1785938289.723264,40.476321,0.03155671805143356,0.7328460216522217,-0.009087876416742802,-0.6796044111251831,0.5840360522270203,0.561417818069458,0.054698213934898376,-0.5837125182151794,68.608218,-57.454998,-158.143776,1.301447
2026-08-05T15:58:09.740505,1785938289.740506,40.494080,0.031997278332710266,0.7288438677787781,-0.006299922242760658,-0.6839056611061096,0.5649528503417969,0.5587272644042969,0.08668126165866852,-0.6009482145309448,66.612813,-57.336042,-112.361220,6.698398
2026-08-05T15:58:09.757694,1785938289.757694,40.511268,0.036348607391119,0.7228715419769287,0.0015803743153810501,-0.6900267601013184,0.5475395917892456,0.5534461140632629,0.12023096531629562,-0.6159888505935669,64.611133,-56.870129,-116.455840,27.106394
2026-08-05T15:58:09.774917,1785938289.774918,40.528492,0.04017484933137894,0.7213584184646606,0.006882853806018829,-0.6913643479347229,0.5316259860992432,0.5468604564666748,0.15364719927310944,-0.6282596588134766,63.303690,-57.127954,-75.908952,-14.969067
2026-08-05T15:58:09.805359,1785938289.805359,40.558933,0.04398198425769806,0.7235170602798462,0.011629819869995117,-0.6888084411621094,0.5176036357879639,0.5385473966598511,0.18550318479537964,-0.638468325138092,62.623645,-57.751802,-22.339555,-20.493511
2026-08-05T15:58:09.822171,1785938289.822171,40.575746,0.04494009166955948,0.7266740798950195,0.015250595286488533,-0.6853440999984741,0.5059237480163574,0.5289598703384399,0.21344152092933655,-0.6470591425895691,62.738743,-58.715823,6.845999,-57.340143
2026-08-05T15:58:09.846701,1785938289.846701,40.599087,0.042397528886795044,0.7296707034111023,0.017279572784900665,-0.6822671294212341,0.4947989284992218,0.5225925445556641,0.23323005437850952,-0.6539685130119324,63.028896,-59.445163,12.431076,-31.247204
2026-08-05T15:58:09.860292,1785938289.860293,40.613867,0.03217795491218567,0.7316926121711731,0.019055888056755066,-0.6806110143661499,0.48450350761413574,0.5221747756004333,0.240330308675766,-0.6594173312187195,63.348657,-59.732828,21.634332,-19.462770
2026-08-05T15:58:09.874045,1785938289.874046,40.627620,0.01850600726902485,0.735601544380188,0.0204172246158123,-0.676856517791748,0.4723118841648102,0.5290479063987732,0.23376038670539856,-0.6651209592819214,62.949209,-58.974820,-29.044566,55.116083
2026-08-05T15:58:09.885304,1785938289.885305,40.638879,0.00716741569340229,0.7387831211090088,0.023820802569389343,-0.6734869480133057,0.4604378342628479,0.5393652319908142,0.21869567036628723,-0.670264482498169,61.726033,-57.159501,-108.639040,161.231504
2026-08-05T15:58:09.899044,1785938289.899045,40.652619,-0.0038925036787986755,0.7397674322128296,0.026441587135195732,-0.672334611415863,0.45222315192222595,0.5487065315246582,0.20045693218708038,-0.6739676594734192,60.783756,-55.479201,-68.580010,122.294147
2026-08-05T15:58:09.912963,1785938289.912963,40.664332,-0.012814142741262913,0.7419151663780212,0.02424139715731144,-0.6699358820915222,0.44834190607070923,0.5558944940567017,0.18073342740535736,-0.67624431848526,60.439534,-54.437031,-29.386203,88.969914
2026-08-05T15:58:09.972051,1785938289.972911,40.725625,-0.01924288086593151,0.7433348298072815,0.017546597868204117,-0.6684154272079468,0.4464952051639557,0.5621540546417236,0.1572198122739792,-0.6781643033027649,60.159359,-53.472420,-4.571078,15.737732
2026-08-05T15:58:09.989409,1785938289.989409,40.742047,-0.02407045103609562,0.7427534461021423,0.010928299278020859,-0.6690459847450256,0.44669994711875916,0.5670698285102844,0.13003122806549072,-0.6796932816505432,59.866783,-52.249012,-17.816875,74.501180
2026-08-05T15:58:10.007495,1785938290.007495,40.760490,-0.028616927564144135,0.7407310009002686,0.001765865832567215,-0.671192467212677,0.45103582739830017,0.5700706839561462,0.10039255768060684,-0.6793433427810669,60.118573,-51.405542,13.651945,45.732462
2026-08-05T15:58:10.021647,1785938290.023440,40.775222,-0.029979906976222992,0.738594651222229,-0.00641341507434845,-0.673454999923706,0.4619123339653015,0.5692684054374695,0.0717342346906662,-0.6763318181037903,61.000282,-50.989575,59.850362,28.235812
2026-08-05T15:58:10.029893,1785938290.029893,40.783468,-0.02977866493165493,0.7351144552230835,-0.014436086639761925,-0.6771376132965088,0.4789188802242279,0.5637105703353882,0.04662805423140526,-0.6713367104530334,62.691705,-51.300603,205.133638,-37.721073
2026-08-05T15:58:10.039404,1785938290.039404,40.792979,-0.02975716069340706,0.7283400893211365,-0.025192510336637497,-0.6841086149215698,0.5010547637939453,0.5528451800346375,0.02553226426243782,-0.6653228998184204,65.241442,-52.528568,268.083174,-129.110097
2026-08-05T15:58:10.055703,1785938290.055704,40.807256,-0.02886958234012127,0.7194574475288391,-0.03737251088023186,-0.6929320693016052,0.5276381373405457,0.5365376472473145,0.009765558876097202,-0.658505916595459,68.474183,-54.575765,226.430237,-143.391440
2026-08-05T15:58:10.062259,1785938290.062259,40.815833,-0.026968391612172127,0.7096215486526489,-0.05144190788269043,-0.7021875977516174,0.5578460693359375,0.513859748840332,-0.0008253430714830756,-0.6517326235771179,72.337719,-57.475328,450.409917,-338.030093
2026-08-05T15:58:10.078351,1785938290.078351,40.831925,-0.02427474968135357,0.698215663433075,-0.06736544519662857,-0.7122998833656311,0.5895971059799194,0.4852648377418518,-0.0068006254732608795,-0.6456369757652283,76.586197,-60.976337,264.014677,-217.564525
2026-08-05T15:58:10.089586,1785938290.089587,40.843161,-0.021018877625465393,0.6874916553497314,-0.08586879074573517,-0.7207938432693481,0.6208480596542358,0.4517222046852112,-0.010548160411417484,-0.6406118869781494,81.043549,-64.941260,396.712839,-352.885716
2026-08-05T15:58:10.106499,1785938290.106500,40.857287,-0.016762040555477142,0.6769728660583496,-0.10474921762943268,-0.7283254861831665,0.6502800583839417,0.4156336784362793,-0.012300640344619751,-0.6357935070991516,85.415241,-68.978501,309.466621,-285.791231
2026-08-05T15:58:10.122823,1785938290.122824,40.876398,-0.011122746393084526,0.665454626083374,-0.12204453349113464,-0.7363120317459106,0.6761775016784668,0.3802870512008667,-0.012284657917916775,-0.6308842897415161,89.274668,-72.542024,201.953831,-186.469947
2026-08-05T15:58:10.141167,1785938290.141168,40.893468,-0.002956187352538109,0.6540040969848633,-0.13662399351596832,-0.7440482378005981,0.6982238292694092,0.34736010432243347,-0.01146014779806137,-0.6258540153503418,92.368631,-75.352844,181.250890,-164.663793
2026-08-05T15:58:10.155372,1785938290.155372,40.908947,0.007498696446418762,0.6441218852996826,-0.14853031933307648,-0.750328779220581,0.7174302935600281,0.3156181871891022,-0.009702076204121113,-0.6209549903869629,94.930623,-77.718127,165.518217,-152.809757
2026-08-05T15:58:10.173523,1785938290.173524,40.927098,0.01959574967622757,0.6359389424324036,-0.15821197628974915,-0.7550963163375854,0.7338181138038635,0.2849902808666229,-0.007878344506025314,-0.6166276335716248,97.022265,-79.674883,115.233858,-107.802605
2026-08-05T15:58:10.189885,1785938290.189885,40.943459,0.032460615038871765,0.6293333768844604,-0.1676066815853119,-0.7581541538238525,0.7465165853500366,0.258187860250473,-0.006112086586654186,-0.6132004857063293,98.517778,-81.218854,91.405853,-94.367607
2026-08-05T15:58:10.206483,1785938290.206483,40.960057,0.04506674408912659,0.623649001121521,-0.17586007714271545,-0.7603341341018677,0.7562923431396484,0.23877152800559998,-0.004403518512845039,-0.6090902090072632,99.386681,-82.235968,52.349145,-61.278479
2026-08-05T15:58:10.212554,1785938290.212555,40.966129,0.05667801946401596,0.6184110641479492,-0.18176138401031494,-0.7624450325965881,0.7648319005966187,0.22391362488269806,-0.0020931302569806576,-0.6040618419647217,100.003715,-82.981897,101.626853,-122.856190
2026-08-05T15:58:10.223424,1785938290.223425,40.975813,0.06722678989171982,0.6149962544441223,-0.18740789592266083,-0.7629824280738831,0.7715436816215515,0.21219725906848907,0.0009813109645619988,-0.5997430682182312,100.449579,-83.734087,46.038642,-77.668916
2026-08-05T15:58:10.258174,1785938290.258174,41.011258,0.07732316106557846,0.6128341555595398,-0.1953456699848175,-0.7617738246917725,0.7774831652641296,0.200189009308815,0.008721545338630676,-0.5961279273033142,101.128916,-85.197785,19.166080,-41.295224
2026-08-05T15:58:10.266523,1785938290.266523,41.020097,0.08429792523384094,0.6088671088218689,-0.20448938012123108,-0.7618152499198914,0.7813652157783508,0.18923203647136688,0.01830635592341423,-0.5944112539291382,101.874446,-86.739284,84.342035,-174.390168
2026-08-05T15:58:10.285983,1785938290.285984,41.039558,0.09057818353176117,0.6041015386581421,-0.2116573452949524,-0.7629298567771912,0.7838210463523865,0.18285146355628967,0.027928946539759636,-0.5927983522415161,102.222695,-87.759038,17.895411,-52.402043
2026-08-05T15:58:10.296696,1785938290.296697,41.050271,0.0973556637763977,0.6015057563781738,-0.21708878874778748,-0.7626197934150696,0.7860181331634521,0.17959319055080414,0.037545345723629,-0.5903492569923401,102.399122,-88.657765,16.468337,-83.890391
2026-08-05T15:58:10.348575,1785938290.348576,41.102150,0.10247825086116791,0.6003873348236084,-0.22177156805992126,-0.7614818811416626,0.787250280380249,0.17793437838554382,0.04697466641664505,-0.5885320901870728,102.599934,-89.583032,3.870782,-17.835124
2026-08-05T15:58:10.365681,1785938290.365682,41.119256,0.10737785696983337,0.5983381867408752,-0.22314155101776123,-0.7620190978050232,0.7874436974525452,0.17800356447696686,0.05724962800741196,-0.58734130859375,102.510852,-90.080386,-5.207589,-29.074739
2026-08-05T15:58:10.374637,1785938290.374637,41.128211,0.11165539920330048,0.5958717465400696,-0.22442291676998138,-0.762959897518158,0.7868313789367676,0.1790052056312561,0.06788460910320282,-0.5867244005203247,102.352142,-90.491472,-17.721671,-45.902093
2026-08-05T15:58:10.435620,1785938290.443966,41.189195,0.1152176633477211,0.596603274345398,-0.22694137692451477,-0.7611116766929626,0.7855349779129028,0.18082480132579803,0.07760666310787201,-0.5866978168487549,102.295045,-91.149476,-0.936285,-10.789926
2026-08-05T15:58:10.482558,1785938290.482558,41.236132,0.11888651549816132,0.5973422527313232,-0.22442013025283813,-0.7607151865959167,0.7845842242240906,0.1836685985326767,0.08579893410205841,-0.5859455466270447,101.977802,-91.271274,-6.758824,-2.594907
2026-08-05T15:58:10.498789,1785938290.498790,41.252364,0.12093480676412582,0.5974832773208618,-0.2199365645647049,-0.7615906596183777,0.7835153937339783,0.1857834756374359,0.09284643828868866,-0.5856343507766724,101.700574,-91.241702,-17.079391,1.821895
2026-08-05T15:58:10.522452,1785938290.522452,41.276026,0.12174244970083237,0.5980574488639832,-0.21867400407791138,-0.7613746523857117,0.7824671268463135,0.18705162405967712,0.0987115129828453,-0.5856731534004211,101.684608,-91.518217,-0.674726,-11.686011
2026-08-05T15:58:10.537088,1785938290.537088,41.290663,0.12139247357845306,0.5971444249153137,-0.2184736579656601,-0.7622044086456299,0.7816582918167114,0.1888984590768814,0.1032559797167778,-0.5853767991065979,101.707225,-91.709138,1.545257,-13.044119
2026-08-05T15:58:10.553163,1785938290.553164,41.306738,0.1235305443406105,0.5986562967300415,-0.2098238468170166,-0.7631045579910278,0.7852603793144226,0.1825580894947052,0.10875380784273148,-0.581559419631958,102.302970,-92.265019,37.059451,-34.579698
2026-08-05T15:58:10.561215,1785938290.561216,41.314790,0.12298311293125153,0.5993308424949646,-0.2040986269712448,-0.7642155885696411,0.7863220572471619,0.18263380229473114,0.1082119569182396,-0.5802006721496582,102.272053,-92.013423,-3.839478,31.245008
2026-08-05T15:58:10.577659,1785938290.577659,41.331233,0.11742488294839859,0.5958508849143982,-0.2018943876028061,-0.7683849930763245,0.786929190158844,0.1833576112985611,0.10847469419240952,-0.5790992975234985,102.675492,-92.062141,24.535594,-2.962793
2026-08-05T15:58:10.587786,1785938290.587786,41.341360,0.11694708466529846,0.5971575975418091,-0.19884711503982544,-0.7682381868362427,0.7887532114982605,0.18113625049591064,0.11181926727294922,-0.5766755938529968,103.192765,-92.631123,51.079472,-56.185678
2026-08-05T15:58:10.604423,1785938290.604424,41.357998,0.11798089742660522,0.597926914691925,-0.19268035888671875,-0.7690527439117432,0.790322482585907,0.17878100275993347,0.1138576790690422,-0.5748602747917175,103.323999,-92.660071,7.887786,-1.739873
2026-08-05T15:58:10.621038,1785938290.621039,41.374613,0.1195264682173729,0.599397599697113,-0.18802966177463531,-0.7688202261924744,0.7913969159126282,0.17689619958400726,0.11457131057977676,-0.5738223791122437,103.331754,-92.612881,0.466757,2.840146
2026-08-05T15:58:10.638120,1785938290.638120,41.391695,0.11895068734884262,0.6007246375083923,-0.1862095445394516,-0.7683166861534119,0.7916597127914429,0.17681235074996948,0.11463136970996857,-0.5734737515449524,103.419317,-92.685770,5.126091,-4.267046
2026-08-05T15:58:10.654652,1785938290.654653,41.408227,0.11778309941291809,0.6001116037368774,-0.18504025042057037,-0.7692574858665466,0.7921567559242249,0.17703118920326233,0.11489415168762207,-0.5726668238639832,103.541707,-92.717767,7.403075,-1.935401
2026-08-05T15:58:10.670799,1785938290.670799,41.424373,0.11754564940929413,0.6001038551330566,-0.18300098180770874,-0.7697877287864685,0.7929947972297668,0.17574039101600647,0.11556456238031387,-0.5717687010765076,103.708157,-92.817747,10.308949,-6.192186
2026-08-05T15:58:10.721377,1785938290.721377,41.474952,0.11778043210506439,0.6008008122444153,-0.181341290473938,-0.7696009278297424,0.7936911582946777,0.1738726794719696,0.11579880863428116,-0.571325957775116,103.858111,-92.937840,2.964779,-2.374390
2026-08-05T15:58:10.730630,1785938290.730631,41.484205,0.1173211857676506,0.6018250584602356,-0.18043217062950134,-0.7690839767456055,0.7939450144767761,0.17328159511089325,0.11544566601514816,-0.5712244510650635,103.962394,-93.026046,11.269566,-9.532217
2026-08-05T15:58:10.738251,1785938290.738252,41.491826,0.11584770679473877,0.6033177971839905,-0.18057826161384583,-0.7681029438972473,0.793922483921051,0.17368613183498383,0.11421091109514236,-0.5713809728622437,104.093797,-93.147941,17.242644,-15.995045
2026-08-05T15:58:10.755046,1785938290.755047,41.507530,0.11384955048561096,0.6046003699302673,-0.1816277801990509,-0.7671451568603516,0.7936877012252808,0.17462842166423798,0.1123732402920723,-0.5717840194702148,104.216508,-93.250325,7.814025,-6.519626
2026-08-05T15:58:10.769091,1785938290.769092,41.522666,0.11206422746181488,0.6057739853858948,-0.18235725164413452,-0.7663087844848633,0.7939316034317017,0.1758207380771637,0.10974358022212982,-0.5715909600257874,104.316833,-93.273363,6.628274,-1.522077
2026-08-05T15:58:10.775229,1785938290.775229,41.528803,0.1103723868727684,0.6067259907722473,-0.18272660672664642,-0.765713095664978,0.7945356369018555,0.17548175156116486,0.10924355685710907,-0.5709513425827026,104.620423,-93.565991,49.463801,-47.677798
2026-08-05T15:58:10.820724,1785938290.820724,41.574299,0.10858580470085144,0.6073490977287292,-0.18280401825904846,-0.765455961227417,0.7952948808670044,0.17453956604003906,0.1088431254029274,-0.5702590346336365,104.969273,-93.875855,7.667837,-6.810908
2026-08-05T15:58:10.830701,1785938290.830702,41.584276,0.10767066478729248,0.6079964637756348,-0.18250952661037445,-0.7651413679122925,0.7957684993743896,0.17397060990333557,0.10799938440322876,-0.5699325203895569,105.135734,-93.994389,16.683858,-11.880330
2026-08-05T15:58:10.841497,1785938290.841498,41.595072,0.10793842375278473,0.6088795065879822,-0.18203838169574738,-0.7645135521888733,0.7961373329162598,0.174347385764122,0.1069023609161377,-0.569508969783783,105.106174,-93.938973,-2.738062,5.133069
2026-08-05T15:58:10.857143,1785938290.857144,41.610718,0.10873127728700638,0.6099539399147034,-0.18092934787273407,-0.7638075947761536,0.7966482639312744,0.17463138699531555,0.10609923303127289,-0.5688574314117432,105.046770,-93.861631,-3.796790,4.943289
2026-08-05T15:58:10.871470,1785938290.871470,41.625044,0.10923285782337189,0.6105318665504456,-0.17937692999839783,-0.7636406421661377,0.797230064868927,0.17395195364952087,0.10570476949214935,-0.5683237314224243,105.063795,-93.829162,1.188426,2.266357
2026-08-05T15:58:10.888048,1785938290.888048,41.640607,0.10945926606655121,0.6110610961914062,-0.1775437891483307,-0.763613224029541,0.7978579998016357,0.17297616600990295,0.10513722151517868,-0.5678451061248779,105.113070,-93.800580,3.166216,1.836581
2026-08-05T15:58:10.897404,1785938290.897404,41.650978,0.1099318265914917,0.6119220852851868,-0.17582280933856964,-0.7632539868354797,0.7980841398239136,0.1720457822084427,0.10464122146368027,-0.5679016709327698,105.100252,-93.744885,-1.235807,5.369933
2026-08-05T15:58:10.906416,1785938290.906416,41.659991,0.11008799076080322,0.6126968860626221,-0.17468573153018951,-0.7628709077835083,0.7982406616210938,0.172152578830719,0.10462452471256256,-0.5676522254943848,105.092358,-93.733888,-0.875974,1.220233
2026-08-05T15:58:10.921995,1785938290.921995,41.675570,0.10949138551950455,0.6131840348243713,-0.17397168278694153,-0.7627285718917847,0.7982944250106812,0.1724320948123932,0.10533873736858368,-0.567359983921051,105.174396,-93.837315,5.265937,-6.638873
2026-08-05T15:58:10.938513,1785938290.938513,41.692087,0.10844212770462036,0.6135491728782654,-0.17368564009666443,-0.7626498937606812,0.7981595993041992,0.17273765802383423,0.10564934462308884,-0.5673988461494446,105.266775,-93.935410,5.592817,-5.938900
2026-08-05T15:58:10.955193,1785938290.955193,41.708767,0.10725794732570648,0.613667905330658,-0.1740618646144867,-0.7626360654830933,0.7980175018310547,0.1732710599899292,0.10575667768716812,-0.5674161911010742,105.362720,-94.037838,5.752026,-6.140652
2026-08-05T15:58:10.967760,1785938290.967760,41.721334,0.10569974035024643,0.6136458516120911,-0.17484542727470398,-0.7626922726631165,0.7980149388313293,0.17366138100624084,0.10649530589580536,-0.5671620965003967,105.561717,-94.271724,15.834853,-18.611127
2026-08-05T15:58:10.984409,1785938290.984409,41.736643,0.10397247225046158,0.6141968965530396,-0.1753794550895691,-0.7623631954193115,0.7980218529701233,0.17343023419380188,0.1077468991279602,-0.5669867992401123,105.852190,-94.634331,18.974159,-23.686094
2026-08-05T15:58:10.993758,1785938290.993758,41.747332,0.10250914841890335,0.6149723529815674,-0.17557406425476074,-0.7618914246559143,0.7977496385574341,0.1729493886232376,0.10794311761856079,-0.5674791932106018,106.039460,-94.849677,17.519524,-20.145988
2026-08-05T15:58:11.002427,1785938291.002427,41.756001,0.10157641768455505,0.6154059767723083,-0.17516887187957764,-0.7617595195770264,0.7974151968955994,0.17363137006759644,0.1070866659283638,-0.5679031610488892,106.016728,-94.783149,-2.622200,7.674143
2026-08-05T15:58:11.012594,1785938291.012594,41.766168,0.10131152719259262,0.6159638166427612,-0.17409320175647736,-0.7615904211997986,0.7973421216011047,0.17456954717636108,0.10600850731134415,-0.5679206252098083,105.919678,-94.623226,-9.545675,15.729802
2026-08-05T15:58:11.022851,1785938291.022851,41.776426,0.10141365975141525,0.6161767840385437,-0.17275385558605194,-0.7617095112800598,0.7972249388694763,0.17516928911209106,0.1049930527806282,-0.568088948726654,105.777548,-94.400454,-13.856606,21.718453
2026-08-05T15:58:11.037052,1785938291.037052,41.790626,0.10177818685770035,0.6158739328384399,-0.17094933986663818,-0.7623127102851868,0.7971493601799011,0.17577636241912842,0.10426967591047287,-0.5681407451629639,105.590772,-94.109131,-13.152628,20.514761
2026-08-05T15:58:11.071070,1785938291.071070,41.824644,0.10229021310806274,0.616199791431427,-0.16921237111091614,-0.7623683214187622,0.7969502210617065,0.1764877736568451,0.10392612218856812,-0.56826251745224,105.411236,-93.881457,-5.277657,6.692728
2026-08-05T15:58:11.087211,1785938291.087212,41.840786,0.1025046557188034,0.6165424585342407,-0.16824622452259064,-0.7622763514518738,0.7966174483299255,0.17730765044689178,0.103481724858284,-0.5685548186302185,105.260132,-93.703019,-9.361122,11.054530
2026-08-05T15:58:11.113297,1785938291.113297,41.865726,0.10252304375171661,0.6167729496955872,-0.16748666763305664,-0.7622547149658203,0.7962667346000671,0.17816835641860962,0.10332179814577103,-0.5688062906265259,105.139672,-93.568016,-4.830080,5.413185
2026-08-05T15:58:11.129710,1785938291.129710,41.883284,0.10258357226848602,0.617095410823822,-0.1667906641960144,-0.7621382474899292,0.7958759069442749,0.17911408841609955,0.10330497473478317,-0.5690592527389526,105.016905,-93.446420,-6.991739,6.925107
2026-08-05T15:58:11.140387,1785938291.140388,41.891930,0.1025407612323761,0.6172246336936951,-0.1662452220916748,-0.7621585726737976,0.7954262495040894,0.18025681376457214,0.10311225801706314,-0.5693618059158325,104.875466,-93.293505,-16.358969,17.686199
2026-08-05T15:58:11.154008,1785938291.154008,41.907583,0.10272009670734406,0.6173995733261108,-0.16561056673526764,-0.7621307969093323,0.7951474785804749,0.18140456080436707,0.10294733941555023,-0.5694165229797363,104.734764,-93.143434,-8.989240,9.587820
2026-08-05T15:58:11.170414,1785938291.170414,41.923988,0.10337922722101212,0.6178204417228699,-0.16475236415863037,-0.7618865370750427,0.7949655055999756,0.18189646303653717,0.10291725397109985,-0.5695193409919739,104.601867,-93.015948,-8.100738,7.770908
2026-08-05T15:58:11.180785,1785938291.180785,41.934359,0.10440665483474731,0.6183268427848816,-0.1636068969964981,-0.7615822553634644,0.7946513891220093,0.18203318119049072,0.10271355509757996,-0.5699506998062134,104.418243,-92.829908,-17.705146,17.938158
2026-08-05T15:58:11.188846,1785938291.188847,41.942421,0.1053990051150322,0.6187793016433716,-0.1624985635280609,-0.7613153457641602,0.7945488691329956,0.18252268433570862,0.10241010785102844,-0.5699915885925293,104.243378,-92.644559,-21.690969,22.991468
2026-08-05T15:58:11.205054,1785938291.205055,41.958629,0.10616570711135864,0.6191180348396301,-0.1614166647195816,-0.761163592338562,0.7944926619529724,0.18292279541492462,0.10206454247236252,-0.5700036287307739,104.097838,-92.476277,-8.979682,10.382812
2026-08-05T15:58:11.230111,1785938291.230111,41.983685,0.1066785454750061,0.6189942955970764,-0.16027407348155975,-0.761434018611908,0.7944267988204956,0.18310041725635529,0.10180317610502243,-0.5700849294662476,103.972472,-92.301361,-5.003347,6.980843
2026-08-05T15:58:11.253630,1785938291.253630,42.007205,0.10708834230899811,0.6189020276069641,-0.15917587280273438,-0.761681854724884,0.7943903803825378,0.18303869664669037,0.10181385278701782,-0.5701535940170288,103.889510,-92.181711,-3.527381,5.087323
2026-08-05T15:58:11.262913,1785938291.262913,42.016487,0.10739586502313614,0.6191067695617676,-0.15851126611232758,-0.761610746383667,0.7943191528320312,0.18293213844299316,0.1017782911658287,-0.5702934861183167,103.838943,-92.121063,-5.447566,6.533481
2026-08-05T15:58:11.279429,1785938291.279429,42.032179,0.10764603316783905,0.6193516254425049,-0.15813472867012024,-0.7614546418190002,0.7942240834236145,0.1831047534942627,0.10161390155553818,-0.5703997611999512,103.781224,-92.060320,-3.678244,3.871051
2026-08-05T15:58:11.296326,1785938291.296326,42.049900,0.10788752138614655,0.6194633841514587,-0.1578211933374405,-0.7613945007324219,0.7941287159919739,0.18327707052230835,0.10143917798995972,-0.5705083608627319,103.720547,-91.991789,-3.423982,3.867116
2026-08-05T15:58:11.313224,1785938291.313224,42.066798,0.10812552273273468,0.6196385025978088,-0.15724730491638184,-0.7613369226455688,0.7939814329147339,0.1835322082042694,0.10139461606740952,-0.5706391930580139,103.648366,-91.912743,-4.271542,4.677820
2026-08-05T15:58:11.329755,1785938291.329755,42.083329,0.10820138454437256,0.6195427179336548,-0.15694274008274078,-0.7614670395851135,0.7938860654830933,0.1838470995426178,0.10141870379447937,-0.5706663131713867,103.597434,-91.851595,-3.081025,3.699014
2026-08-05T15:58:11.346291,1785938291.346292,42.099043,0.10830512642860413,0.6195186972618103,-0.15670564770698547,-0.7615208029747009,0.7938991189002991,0.18386510014533997,0.10163215547800064,-0.5706042647361755,103.588027,-91.844810,-0.598619,0.431777
