system_time_iso,epoch_time,rel_time_s,upper_w,upper_x,upper_y,upper_z,forearm_w,forearm_x,forearm_y,forearm_z,flexion_deg,pronation_deg,flexion_vel_deg_s,pronation_vel_deg_s
2026-08-05T11:49:53.317808,1785926993.317808,0.110951,0.681064248085022,0.30365344882011414,-0.6464415788650513,0.16142907738685608,0.6958639025688171,0.2345932573080063,-0.6249040365219116,0.2650180160999298,14.587259,2.184637,0.000000,0.000000
2026-08-05T11:49:53.323639,1785926993.323640,0.116081,0.6803319454193115,0.3048492670059204,-0.6464608907699585,0.162184476852417,0.6955589652061462,0.23499731719493866,-0.6249628663063049,0.2653213143348694,14.599736,2.078826,2.431847,-20.624711
2026-08-05T11:49:53.339661,1785926993.339661,0.132804,0.6798312664031982,0.30571234226226807,-0.6465768218040466,0.16219662129878998,0.6957385540008545,0.235365092754364,-0.6249135136604309,0.2646401822566986,14.579534,1.971134,-1.208048,-6.439921
2026-08-05T11:49:53.357974,1785926993.357975,0.151117,0.6790947914123535,0.3063405156135559,-0.6469197273254395,0.16272839903831482,0.6957641243934631,0.235294371843338,-0.6251554489135742,0.26406383514404297,14.535313,1.818589,-2.414700,-8.329806
2026-08-05T11:49:53.373920,1785926993.373920,0.167063,0.6779000163078308,0.3091603219509125,-0.6465661525726318,0.16377988457679749,0.6957585215568542,0.2349170297384262,-0.6252701878547668,0.26414260268211365,14.665718,1.447401,8.177975,-23.277940
2026-08-05T11:49:53.390071,1785926993.390072,0.183214,0.6776031255722046,0.3095242381095886,-0.6466519832611084,0.16398243606090546,0.695763349533081,0.23437705636024475,-0.6253978610038757,0.26430729031562805,14.726876,1.365621,3.786603,-5.063368
2026-08-05T11:49:53.407467,1785926993.407468,0.200610,0.6774517297744751,0.30954521894454956,-0.6467891931533813,0.16402730345726013,0.6957692503929138,0.23392173647880554,-0.6254873871803284,0.2644827663898468,14.774102,1.336424,2.714717,-1.678405
2026-08-05T11:49:53.423686,1785926993.423687,0.216829,0.6772336363792419,0.30967649817466736,-0.6469423770904541,0.16407564282417297,0.6957211494445801,0.2335933893918991,-0.6255649924278259,0.2647160291671753,14.825882,1.313235,3.192613,-1.429744
2026-08-05T11:49:53.457418,1785926993.457418,0.250561,0.6771146655082703,0.3096848130226135,-0.6470553874969482,0.1641048789024353,0.6956390738487244,0.23331990838050842,-0.6256481409072876,0.2649765908718109,14.866778,1.310204,1.212399,-0.089845
2026-08-05T11:49:53.472915,1785926993.472915,0.266057,0.6768615245819092,0.3099469542503357,-0.6471490859985352,0.16428518295288086,0.6955462694168091,0.23316624760627747,-0.6256968379020691,0.2652406692504883,14.905912,1.282328,2.525217,-1.798792
2026-08-05T11:49:53.490789,1785926993.490790,0.283932,0.6767104864120483,0.3100661337375641,-0.6472192406654358,0.16440606117248535,0.6954853534698486,0.23302061855793,-0.6257638335227966,0.26537007093429565,14.926203,1.261320,1.135199,-1.175335
2026-08-05T11:49:53.507173,1785926993.507173,0.300315,0.676396369934082,0.31024467945098877,-0.6473894715309143,0.16469061374664307,0.695375382900238,0.23295581340789795,-0.625830888748169,0.2655569314956665,14.939425,1.234755,0.807055,-1.621445
2026-08-05T11:49:53.524051,1785926993.524052,0.317194,0.6758685111999512,0.310682475566864,-0.6475679874420166,0.16532976925373077,0.6952552199363708,0.23285341262817383,-0.6259294152259827,0.26572874188423157,14.943317,1.151915,0.230567,-4.908002
2026-08-05T11:49:53.540499,1785926993.540500,0.333642,0.6756882071495056,0.31081193685531616,-0.6476759910583496,0.16540101170539856,0.6951172947883606,0.23280110955238342,-0.6260060667991638,0.2659550607204437,14.970825,1.151205,1.672414,-0.043159
2026-08-05T11:49:53.545655,1785926993.545655,0.338798,0.6754713654518127,0.31102001667022705,-0.6477715373039246,0.16552090644836426,0.694991946220398,0.23275159299373627,-0.6261327862739563,0.26602792739868164,14.985338,1.126608,2.815225,-4.771095
2026-08-05T11:49:53.547669,1785926993.547670,0.340812,0.6752351522445679,0.3112533390522003,-0.6478563547134399,0.16571378707885742,0.6949065327644348,0.23268850147724152,-0.6262547969818115,0.2660187780857086,14.989829,1.085298,2.229183,-20.507444
2026-08-05T11:49:53.556903,1785926993.556904,0.350046,0.6750181913375854,0.311417818069458,-0.6479392647743225,0.16596467792987823,0.6948375701904297,0.23269221186637878,-0.626338005065918,0.2659999132156372,14.979755,1.050396,-1.090922,-3.779802
2026-08-05T11:49:53.573434,1785926993.573434,0.365666,0.6746925711631775,0.31172531843185425,-0.648064374923706,0.16622285544872284,0.6947603821754456,0.23268714547157288,-0.6264181733131409,0.26601719856262207,14.985480,1.004251,0.366509,-2.954193
2026-08-05T11:49:53.589805,1785926993.589806,0.382948,0.6744940876960754,0.31195351481437683,-0.6481112241744995,0.16641713678836823,0.6946411728858948,0.23274850845336914,-0.6264983415603638,0.2660863399505615,14.986880,0.980686,0.080988,-1.363552
2026-08-05T11:49:53.607368,1785926993.607369,0.400511,0.6742583513259888,0.31211113929748535,-0.6482362151145935,0.16659018397331238,0.6945057511329651,0.2327938675880432,-0.6265828013420105,0.2662007808685303,14.992118,0.968378,0.298248,-0.700794
2026-08-05T11:49:53.640152,1785926993.640152,0.433295,0.6740120649337769,0.3123156726360321,-0.6483551859855652,0.1667407900094986,0.6943402886390686,0.23283757269382477,-0.626680850982666,0.2663637399673462,15.006246,0.957802,0.430946,-0.322589
2026-08-05T11:49:53.656675,1785926993.656675,0.449817,0.6738617420196533,0.31247642636299133,-0.6484057903289795,0.16684992611408234,0.6941848993301392,0.23291312158107758,-0.6267428994178772,0.2665562331676483,15.019170,0.959249,0.782207,0.087559
2026-08-05T11:49:53.673492,1785926993.673493,0.466635,0.6736245155334473,0.3127470016479492,-0.6484659314155579,0.16706722974777222,0.6940524578094482,0.23307381570339203,-0.6267532706260681,0.26673635840415955,15.026407,0.947872,0.430335,-0.676474
2026-08-05T11:49:53.690044,1785926993.690044,0.482539,0.6734783053398132,0.3128288686275482,-0.6485406756401062,0.16721327602863312,0.6939231753349304,0.2332909256219864,-0.6267353892326355,0.26692458987236023,15.022727,0.965116,-0.231404,1.084266
2026-08-05T11:49:53.694078,1785926993.694078,0.487221,0.6732670068740845,0.31306013464927673,-0.6485623717308044,0.16754628717899323,0.6938117742538452,0.23344843089580536,-0.6267284154891968,0.2670929431915283,15.015834,0.946452,-1.472327,-3.986376
2026-08-05T11:49:53.723608,1785926993.723608,0.515803,0.673102855682373,0.3131999373435974,-0.6486440300941467,0.1676291525363922,0.6936613917350769,0.23363333940505981,-0.6267196536064148,0.2673424184322357,15.029219,0.966047,0.468311,0.685542
2026-08-05T11:49:53.742034,1785926993.742034,0.534403,0.6729984879493713,0.31323421001434326,-0.6487298011779785,0.16765166819095612,0.6934760808944702,0.23386113345623016,-0.6267023086547852,0.2676646411418915,15.042494,1.010438,0.713653,2.386547
2026-08-05T11:49:53.757025,1785926993.757025,0.550168,0.6728181838989258,0.31345170736312866,-0.6487656831741333,0.16782981157302856,0.6933164000511169,0.23402592539787292,-0.6267337799072266,0.2678598463535309,15.048107,1.008972,0.356052,-0.093020
2026-08-05T11:49:53.773807,1785926993.773808,0.566950,0.6726883053779602,0.3135814368724823,-0.6488060355186462,0.16795150935649872,0.6932012438774109,0.23412448167800903,-0.6267908811569214,0.267938494682312,15.046448,1.004120,-0.098869,-0.289066
2026-08-05T11:49:53.790542,1785926993.790542,0.583684,0.6724547743797302,0.3137988746166229,-0.64890056848526,0.1681162565946579,0.6931493282318115,0.2339937537908554,-0.6269500851631165,0.2678142488002777,15.047490,0.950685,0.062260,-3.193119
2026-08-05T11:49:53.806705,1785926993.806706,0.599848,0.6723307967185974,0.3136429786682129,-0.6491445899009705,0.1679604947566986,0.6931818723678589,0.2337578982114792,-0.6271372437477112,0.26749762892723083,15.042992,0.931761,-0.278246,-1.170780
2026-08-05T11:49:53.822619,1785926993.822619,0.615762,0.6722530126571655,0.31320229172706604,-0.6495540142059326,0.16751129925251007,0.6933447122573853,0.23331588506698608,-0.6273878812789917,0.2668728828430176,15.035287,0.918182,-0.484197,-0.853291
2026-08-05T11:49:53.839545,1785926993.839545,0.631670,0.6721588373184204,0.3128730058670044,-0.6498737335205078,0.16726388037204742,0.6935303211212158,0.2327485829591751,-0.6277222633361816,0.2660992741584778,15.011192,0.854454,-1.514640,-4.006037
2026-08-05T11:49:53.856969,1785926993.856970,0.650112,0.6720412373542786,0.3125622272491455,-0.6501973271369934,0.167059987783432,0.6936675310134888,0.2321304827928543,-0.6281859278678894,0.2651856243610382,14.973562,0.770336,-2.040399,-4.561130
2026-08-05T11:49:53.873081,1785926993.873082,0.666224,0.6719295978546143,0.3121974468231201,-0.65053391456604,0.16688089072704315,0.6938135027885437,0.2315043807029724,-0.628675103187561,0.26419010758399963,14.923818,0.681695,-3.087444,-5.501569
2026-08-05T11:49:53.890896,1785926993.890897,0.684039,0.6716513633728027,0.3119630515575409,-0.6509577035903931,0.16678708791732788,0.6941850185394287,0.23071616888046265,-0.6289234161376953,0.2633112668991089,14.912377,0.567316,-0.642156,-6.420351
2026-08-05T11:49:53.907116,1785926993.907116,0.700258,0.6713165640830994,0.31168586015701294,-0.6514933109283447,0.16656064987182617,0.6947149634361267,0.22996816039085388,-0.6289752721786499,0.262442409992218,14.918733,0.469851,0.391841,-6.009152
2026-08-05T11:49:53.924213,1785926993.924214,0.717016,0.67122882604599,0.311040461063385,-0.6519888043403625,0.16618211567401886,0.6951106786727905,0.2290661484003067,-0.6293397545814514,0.261307030916214,14.886134,0.385120,-1.945364,-5.056452
2026-08-05T11:49:53.939950,1785926993.939951,0.733093,0.671289324760437,0.3102748692035675,-0.6523536443710327,0.16593638062477112,0.6954942345619202,0.2280595302581787,-0.629754900932312,0.2601647675037384,14.834327,0.291176,-3.222329,-5.843227
2026-08-05T11:49:53.954557,1785926993.954558,0.747700,0.6711854338645935,0.3098319172859192,-0.6526739597320557,0.16592463850975037,0.6958467960357666,0.2275257557630539,-0.6298551559448242,0.25944507122039795,14.796254,0.224287,-2.606503,-4.579255
2026-08-05T11:49:53.974361,1785926993.974361,0.767195,0.6710788607597351,0.3092012107372284,-0.6531380414962769,0.16570702195167542,0.6961493492126465,0.2271864116191864,-0.6298442482948303,0.25895681977272034,14.771236,0.228178,-1.283337,0.199618
2026-08-05T11:49:53.990100,1785926993.990100,0.783242,0.6708866953849792,0.3088911175727844,-0.6534788608551025,0.16571879386901855,0.6964513063430786,0.22656786441802979,-0.6299640536308289,0.25839489698410034,14.762049,0.153965,-0.572506,-4.624474
2026-08-05T11:49:53.995504,1785926993.995504,0.788647,0.670865535736084,0.3083966076374054,-0.6537787914276123,0.16554363071918488,0.69671630859375,0.22563429176807404,-0.6302886009216309,0.2577051520347595,14.757999,0.074786,-0.749374,-14.651304
2026-08-05T11:49:54.007109,1785926994.007110,0.800252,0.6709352731704712,0.30773428082466125,-0.6541767120361328,0.16491876542568207,0.696916937828064,0.2247256487607956,-0.6306600570678711,0.2570470869541168,14.777057,0.052884,1.642120,-1.887140
2026-08-05T11:49:54.022692,1785926994.022692,0.815835,0.6709259748458862,0.30746686458587646,-0.6544262170791626,0.1644657552242279,0.6970514059066772,0.2242100089788437,-0.6308709979057312,0.25661519169807434,14.801303,0.033181,1.556027,-1.264506
2026-08-05T11:49:54.039590,1785926994.039591,0.832733,0.6708150506019592,0.307378351688385,-0.6545863747596741,0.16444651782512665,0.6971408724784851,0.22413334250450134,-0.6308940052986145,0.2563818097114563,14.790445,0.016377,-0.642525,-0.994407
2026-08-05T11:49:54.056225,1785926994.056226,0.849368,0.6705888509750366,0.30737870931625366,-0.6547533869743347,0.16470371186733246,0.6973037123680115,0.22383035719394684,-0.6310437321662903,0.2558346688747406,14.756934,-0.076817,-2.014508,-5.602188
2026-08-05T11:49:54.123767,1785926994.123768,0.916910,0.6706575751304626,0.30650559067726135,-0.6552448272705078,0.16409413516521454,0.6978294253349304,0.22238066792488098,-0.6315581798553467,0.25439268350601196,14.743181,-0.195602,-0.203624,-1.758686
2026-08-05T11:49:54.140190,1785926994.140190,0.933332,0.6706427931785583,0.3050917387008667,-0.6563277244567871,0.1624542474746704,0.6987888813018799,0.21946051716804504,-0.632642924785614,0.25158312916755676,14.787610,-0.424035,2.705418,-13.909919
2026-08-05T11:49:54.148222,1785926994.148223,0.941365,0.6709369421005249,0.302813857793808,-0.6576483845710754,0.16014385223388672,0.7000104188919067,0.21571308374404907,-0.6339643001556396,0.24807806313037872,14.829996,-0.649466,5.276806,-28.064731
2026-08-05T11:49:54.159389,1785926994.159389,0.950513,0.6711265444755554,0.3007352352142334,-0.6588992476463318,0.15811163187026978,0.7013275623321533,0.21216991543769836,-0.6350153088569641,0.24470239877700806,14.873949,-0.888682,4.804769,-26.149821
2026-08-05T11:49:54.172785,1785926994.172786,0.965928,0.6716524362564087,0.29849448800086975,-0.6597759127616882,0.1564619243144989,0.7025958299636841,0.20921161770820618,-0.6356704235076904,0.24189424514770508,14.867023,-1.047629,-0.449345,-10.311102
2026-08-05T11:49:54.190076,1785926994.190077,0.982429,0.6722210049629211,0.2958223819732666,-0.6608755588531494,0.15443959832191467,0.706350564956665,0.20042847096920013,-0.6371353268623352,0.234427347779274,15.050914,-2.044946,11.144291,-60.439982
2026-08-05T11:49:54.206311,1785926994.206311,0.999454,0.6732213497161865,0.2921234369277954,-0.6621911525726318,0.15145926177501678,0.7086954712867737,0.19337044656276703,-0.6388910412788391,0.2284228354692459,15.160062,-2.583472,6.411141,-31.631914
2026-08-05T11:49:54.222974,1785926994.222975,1.016117,0.6738947629928589,0.287982314825058,-0.6641508340835571,0.14777028560638428,0.7111318111419678,0.18647606670856476,-0.6404862403869629,0.22202692925930023,15.284354,-3.041624,7.459127,-27.495027
2026-08-05T11:49:54.240110,1785926994.240111,1.032434,0.6749647259712219,0.2834681272506714,-0.6659393906593323,0.1435040831565857,0.7134538292884827,0.18103772401809692,-0.6412763595581055,0.21673475205898285,15.361804,-3.206816,4.746397,-10.123531
2026-08-05T11:49:54.256952,1785926994.256953,1.050095,0.6759725213050842,0.2791747748851776,-0.6673979163169861,0.14036637544631958,0.7154062986373901,0.1770787239074707,-0.6414897441864014,0.21290373802185059,15.347710,-3.233823,-0.798057,-1.529244
2026-08-05T11:49:54.273970,1785926994.273970,1.067113,0.6764224767684937,0.2760095000267029,-0.6686398983001709,0.13853608071804047,0.7169972062110901,0.17393426597118378,-0.6415835022926331,0.20983920991420746,15.334969,-3.331452,-0.748667,-5.736872
2026-08-05T11:49:54.290867,1785926994.290867,1.084009,0.677155077457428,0.2736426293849945,-0.6691088676452637,0.13738320767879486,0.7183402180671692,0.1711369901895523,-0.6416809558868408,0.20723199844360352,15.314738,-3.488140,-1.197364,-9.273420
2026-08-05T11:49:54.296215,1785926994.296216,1.089358,0.6776253581047058,0.2718813121318817,-0.669621467590332,0.13605734705924988,0.7193620204925537,0.168852299451828,-0.6418812870979309,0.20492835342884064,15.329735,-3.614468,2.803872,-23.618493
2026-08-05T11:49:54.322683,1785926994.322683,1.115826,0.6782940030097961,0.26990190148353577,-0.6700788736343384,0.13440419733524323,0.7202448844909668,0.16705191135406494,-0.6419327855110168,0.20313340425491333,15.322966,-3.611838,-0.255751,0.099341
2026-08-05T11:49:54.340211,1785926994.340212,1.132347,0.6788377165794373,0.2685556709766388,-0.6701834797859192,0.13383422791957855,0.7210025191307068,0.1657859981060028,-0.6418015360832214,0.20189477503299713,15.289985,-3.661108,-1.996228,-2.982105
2026-08-05T11:49:54.357049,1785926994.357050,1.150192,0.6788690090179443,0.26796019077301025,-0.6703884601593018,0.1338418871164322,0.7214695811271667,0.16486817598342896,-0.6417709589004517,0.20107266306877136,15.291908,-3.756320,0.107776,-5.335587
2026-08-05T11:49:54.373933,1785926994.373933,1.167076,0.6789245009422302,0.2675831913948059,-0.67045658826828,0.13397331535816193,0.721606969833374,0.16448992490768433,-0.6417705416679382,0.20089080929756165,15.278615,-3.779930,-0.787352,-1.398443
2026-08-05T11:49:54.390529,1785926994.390530,1.182459,0.6788360476493835,0.2677265405654907,-0.6704209446907043,0.13431353867053986,0.7214656472206116,0.16496312618255615,-0.6416062712669373,0.20153406262397766,15.268108,-3.725732,-0.683026,3.523276
2026-08-05T11:49:54.407256,1785926994.407256,1.200398,0.6787556409835815,0.26837652921676636,-0.670070230960846,0.1351696401834488,0.7211437821388245,0.1658499389886856,-0.6413547396659851,0.2027551531791687,15.257042,-3.675056,-0.616837,2.824760
2026-08-05T11:49:54.424748,1785926994.424749,1.217891,0.6783857941627502,0.2695856988430023,-0.6696963906288147,0.1364665925502777,0.7208733558654785,0.16642791032791138,-0.641167938709259,0.2038307934999466,15.299150,-3.748013,2.407160,-4.170673
2026-08-05T11:49:54.430575,1785926994.430576,1.223718,0.6779195666313171,0.2706936299800873,-0.6694682836532593,0.1377047598361969,0.7205514907836914,0.1663549542427063,-0.6414234638214111,0.2042248547077179,15.349402,-3.915745,8.624058,-28.785573
2026-08-05T11:49:54.432955,1785926994.432955,1.226097,0.6773724555969238,0.27127692103385925,-0.6696464419364929,0.13838087022304535,0.7201788425445557,0.1657949537038803,-0.6420227289199829,0.20411212742328644,15.403802,-4.071364,22.867636,-65.415226
2026-08-05T11:49:54.440273,1785926994.440273,1.233415,0.6768686771392822,0.2712673246860504,-0.670074999332428,0.13878992199897766,0.7197570204734802,0.16536438465118408,-0.6425930857658386,0.20415401458740234,15.420921,-4.126865,2.339175,-7.583981
2026-08-05T11:49:54.457508,1785926994.457509,1.250651,0.6764268279075623,0.2713395357131958,-0.6703919172286987,0.13927105069160461,0.7191742062568665,0.16524241864681244,-0.6430865526199341,0.2047513872385025,15.435705,-4.122564,0.857746,0.249572
2026-08-05T11:49:54.473616,1785926994.473616,1.266758,0.6757856011390686,0.27184635400772095,-0.6706935167312622,0.13994160294532776,0.718389630317688,0.16554512083530426,-0.6435221433639526,0.20588932931423187,15.472033,-4.090382,2.255344,1.997955
2026-08-05T11:49:54.489874,1785926994.489874,1.283016,0.675293505191803,0.27254852652549744,-0.670749843120575,0.1406799554824829,0.7174811363220215,0.16617213189601898,-0.6438684463500977,0.20746348798274994,15.504323,-4.017918,1.986132,4.457201
2026-08-05T11:49:54.506573,1785926994.506574,1.299017,0.6747885942459106,0.27339816093444824,-0.6707444787025452,0.14147746562957764,0.7165805101394653,0.1669086515903473,-0.6441507935523987,0.20910216867923737,15.541878,-3.949446,2.347019,4.279176
2026-08-05T11:49:54.540591,1785926994.540591,1.333734,0.6743029356002808,0.27425840497016907,-0.6707134246826172,0.14227277040481567,0.7158569097518921,0.16735126078128815,-0.6444061398506165,0.21043574810028076,15.595699,-3.933671,1.550310,0.454382
2026-08-05T11:49:54.557763,1785926994.557764,1.350906,0.6739033460617065,0.2748359441757202,-0.6706670522689819,0.14326730370521545,0.7154427766799927,0.16691382229328156,-0.6447811722755432,0.21104232966899872,15.655594,-4.044726,3.487907,-6.467172
2026-08-05T11:49:54.592637,1785926994.592638,1.385476,0.6733322143554688,0.27503424882888794,-0.6709797978401184,0.1441049873828888,0.7152062058448792,0.16543735563755035,-0.6454739570617676,0.21088868379592896,15.755936,-4.258178,2.902584,-6.174501
2026-08-05T11:49:54.606821,1785926994.606821,1.399963,0.6729112863540649,0.2748890221118927,-0.671351432800293,0.1446169912815094,0.715105414390564,0.163443922996521,-0.6462255120277405,0.2104828953742981,15.878554,-4.479788,8.463691,-15.296626
2026-08-05T11:49:54.623297,1785926994.623297,1.415628,0.6727033257484436,0.27426379919052124,-0.671819806098938,0.14459669589996338,0.7149991393089294,0.16148127615451813,-0.6468631029129028,0.21039985120296478,15.999119,-4.586083,7.696768,-6.785810
2026-08-05T11:49:54.640325,1785926994.640325,1.433467,0.6726270318031311,0.27369606494903564,-0.6720685958862305,0.14487026631832123,0.7149719595909119,0.15950213372707367,-0.647343635559082,0.21052415668964386,16.119456,-4.707029,6.745498,-6.779574
2026-08-05T11:49:54.656882,1785926994.656883,1.450025,0.6724937558174133,0.27351775765419006,-0.6721875667572021,0.1452723741531372,0.7148662805557251,0.15808546543121338,-0.6476562023162842,0.21098989248275757,16.235720,-4.798436,7.021664,-5.520417
2026-08-05T11:49:54.674478,1785926994.674479,1.466766,0.6723564267158508,0.27352797985076904,-0.6723120212554932,0.14531269669532776,0.714876651763916,0.1573006957769394,-0.6476256251335144,0.21163424849510193,16.350587,-4.813188,6.861486,-0.881229
2026-08-05T11:49:54.690179,1785926994.690180,1.482338,0.6726424694061279,0.2731650471687317,-0.6720276474952698,0.145986407995224,0.7150148749351501,0.15664458274841309,-0.6473981738090515,0.21234841644763947,16.374039,-4.831588,1.506040,-1.181571
2026-08-05T11:49:54.706950,1785926994.706951,1.500093,0.6722568273544312,0.2730272710323334,-0.6722666621208191,0.14691674709320068,0.7150976657867432,0.15568354725837708,-0.647433340549469,0.21266864240169525,16.439062,-4.944317,3.662265,-6.349243
2026-08-05T11:49:54.723980,1785926994.723980,1.516797,0.6723213195800781,0.27284377813339233,-0.6720827221870422,0.14780239760875702,0.7151786684989929,0.1541243940591812,-0.6476815342903137,0.21277667582035065,16.520307,-5.118835,4.863752,-10.447623
2026-08-05T11:49:54.730202,1785926994.730203,1.523345,0.672352135181427,0.27246353030204773,-0.6721094250679016,0.148240864276886,0.7152572870254517,0.15186886489391327,-0.6481598615646362,0.21267782151699066,16.663860,-5.313574,21.922715,-29.739501
2026-08-05T11:49:54.739787,1785926994.739787,1.532930,0.6725687384605408,0.2718597948551178,-0.6720499992370605,0.14863556623458862,0.7153120040893555,0.14859554171562195,-0.648962140083313,0.21235904097557068,16.862426,-5.586967,20.717518,-28.524656
2026-08-05T11:49:54.756770,1785926994.756770,1.549912,0.6728066205978394,0.27119138836860657,-0.6719505786895752,0.14922741055488586,0.7152998447418213,0.14413321018218994,-0.6501637697219849,0.21179938316345215,17.143250,-5.987347,16.535842,-23.575639
2026-08-05T11:49:54.773484,1785926994.773484,1.566627,0.6731512546539307,0.2701188325881958,-0.672062337398529,0.14911596477031708,0.7153491377830505,0.13878953456878662,-0.6515311598777771,0.21099872887134552,17.500779,-6.387793,21.390831,-23.958571
2026-08-05T11:49:54.806977,1785926994.806977,1.599091,0.6740697026252747,0.26783841848373413,-0.6724335551261902,0.14739690721035004,0.7154682874679565,0.132112056016922,-0.6532295346260071,0.20962540805339813,17.909435,-6.709273,12.587689,-9.902436
2026-08-05T11:49:54.823627,1785926994.823627,1.615742,0.6749594211578369,0.26467570662498474,-0.6734476089477539,0.14437814056873322,0.7155437469482422,0.12461269646883011,-0.655220627784729,0.20773771405220032,18.358354,-6.953533,26.960982,-14.669662
2026-08-05T11:49:54.840266,1785926994.840266,1.633408,0.6754477620124817,0.26165300607681274,-0.6748653650283813,0.14094330370426178,0.7155097723007202,0.11717761307954788,-0.6572357416152954,0.20580701529979706,18.849234,-7.170313,27.786174,-12.270837
2026-08-05T11:49:54.856816,1785926994.856816,1.649958,0.6754423379898071,0.25959062576293945,-0.6763600707054138,0.13757725059986115,0.7152113914489746,0.11064895242452621,-0.6591973900794983,0.20417703688144684,19.366723,-7.373699,31.268130,-12.289110
2026-08-05T11:49:54.873562,1785926994.873562,1.665681,0.6756177544593811,0.25802698731422424,-0.6771198511123657,0.13591095805168152,0.7148775458335876,0.10597161948680878,-0.660481333732605,0.20367789268493652,19.716515,-7.515983,22.247865,-9.049719
2026-08-05T11:49:54.879303,1785926994.879303,1.672446,0.6752015948295593,0.25686511397361755,-0.67817622423172,0.13490842282772064,0.7146409153938293,0.103255994617939,-0.6609054803848267,0.2045254409313202,19.970788,-7.471558,37.588453,6.567215
2026-08-05T11:49:54.889844,1785926994.889845,1.682987,0.674980878829956,0.2563091218471527,-0.6786048412322998,0.13491585850715637,0.7143291234970093,0.10204490274190903,-0.660878598690033,0.20630164444446564,20.122169,-7.365665,14.360574,10.045416
2026-08-05T11:49:54.904885,1785926994.904885,1.698028,0.6741451025009155,0.2571961581707001,-0.678936243057251,0.13573525846004486,0.7138763666152954,0.1022445484995842,-0.6606665253639221,0.2084379643201828,20.269929,-7.304963,9.824035,4.035875
2026-08-05T11:49:54.923696,1785926994.923696,1.716838,0.6739155054092407,0.25768476724624634,-0.6788771748542786,0.13624374568462372,0.7134577035903931,0.10320167988538742,-0.660281240940094,0.21060948073863983,20.301370,-7.124542,1.671442,9.591361
2026-08-05T11:49:54.940119,1785926994.940120,1.733262,0.6736392378807068,0.2581511437892914,-0.6786639094352722,0.13778190314769745,0.71321702003479,0.10433702915906906,-0.6596899032592773,0.21270783245563507,20.267012,-7.018549,-2.091978,6.453656
2026-08-05T11:49:54.945489,1785926994.945489,1.738632,0.6728600859642029,0.2591392397880554,-0.678634524345398,0.13986222445964813,0.7129462361335754,0.10515058785676956,-0.659368097782135,0.21420763432979584,20.273118,-7.074773,1.137112,-10.470534
2026-08-05T11:49:54.956631,1785926994.956632,1.749774,0.672480583190918,0.2599516212940216,-0.6783308386802673,0.14164213836193085,0.7126142978668213,0.10562901198863983,-0.6593087315559387,0.21525660157203674,20.269626,-7.159360,-0.313419,-7.591408
2026-08-05T11:49:54.973420,1785926994.973420,1.766563,0.6720016002655029,0.26052218675613403,-0.6783677339553833,0.14268608391284943,0.7122859954833984,0.1058204397559166,-0.6593323945999146,0.21617481112480164,20.305831,-7.194998,2.156530,-2.122773
2026-08-05T11:49:54.990181,1785926994.990182,1.783324,0.6718854308128357,0.26095470786094666,-0.678191602230072,0.14327917993068695,0.711871325969696,0.10558691620826721,-0.6595990657806396,0.2168407291173935,20.363152,-7.240261,3.419889,-2.700427
2026-08-05T11:49:55.023829,1785926995.023829,1.816971,0.6718427538871765,0.261340469121933,-0.6780204772949219,0.1435859054327011,0.7113953232765198,0.10495495796203613,-0.6600615978240967,0.21730156242847443,20.454467,-7.307712,2.713873,-2.004653
2026-08-05T11:49:55.040183,1785926995.040183,1.833326,0.6722042560577393,0.2615063488483429,-0.6775643825531006,0.14374417066574097,0.7109664678573608,0.10417387634515762,-0.6605435013771057,0.21761614084243774,20.527090,-7.372644,4.440620,-3.970352
2026-08-05T11:49:55.057245,1785926995.057245,1.850388,0.6726685166358948,0.2611183524131775,-0.6773418188095093,0.14332640171051025,0.7106305956840515,0.10329139977693558,-0.6609880328178406,0.21778380870819092,20.578164,-7.362141,2.993447,0.615600
2026-08-05T11:49:55.073229,1785926995.073230,1.865526,0.6732528805732727,0.2603332996368408,-0.6772374510765076,0.142502099275589,0.7103574275970459,0.10227654874324799,-0.6614258885383606,0.217825248837471,20.616763,-7.305299,2.549786,3.754896
2026-08-05T11:49:55.090593,1785926995.090593,1.883736,0.6736305952072144,0.2593577802181244,-0.6774231195449829,0.14161022007465363,0.7102038860321045,0.10119929909706116,-0.6617514491081238,0.21784023940563202,20.657088,-7.231500,2.214424,4.052646
2026-08-05T11:49:55.106846,1785926995.106847,1.899989,0.673606812953949,0.25896623730659485,-0.6776504516601562,0.14135146141052246,0.7101856470108032,0.10012103617191315,-0.6618901491165161,0.21797601878643036,20.746756,-7.250259,5.516890,-1.154124
2026-08-05T11:49:55.123586,1785926995.123587,1.916729,0.6734319925308228,0.25888755917549133,-0.6778282523155212,0.14147697389125824,0.7102100849151611,0.09901498258113861,-0.6619463562965393,0.2182312309741974,20.862831,-7.320312,6.933907,-4.184740
2026-08-05T11:49:55.140122,1785926995.140122,1.933264,0.6730055212974548,0.25907689332962036,-0.6781526803970337,0.1416042596101761,0.7102440595626831,0.09811495244503021,-0.661905825138092,0.218650221824646,21.001667,-7.381695,8.396374,-3.712286
2026-08-05T11:49:55.157093,1785926995.157093,1.950235,0.672557532787323,0.2591470777988434,-0.6786019802093506,0.14145217835903168,0.7102482318878174,0.09746061265468597,-0.6617980599403381,0.21925383806228638,21.128012,-7.372898,7.444802,0.518409
2026-08-05T11:49:55.172646,1785926995.172646,1.965789,0.672469437122345,0.2590155601501465,-0.6787310838699341,0.14149273931980133,0.7101536393165588,0.09715135395526886,-0.6616583466529846,0.22011788189411163,21.188847,-7.314525,3.911402,3.753055
2026-08-05T11:49:55.204662,1785926995.204662,1.997804,0.6721740961074829,0.25896012783050537,-0.6789442896842957,0.14197319746017456,0.7101438641548157,0.09708137065172195,-0.6613118052482605,0.22121860086917877,21.233572,-7.257963,1.396972,1.766709
2026-08-05T11:49:55.222277,1785926995.222278,2.015420,0.6720682978630066,0.2591264843940735,-0.6787768602371216,0.14296863973140717,0.7100834250450134,0.09667661041021347,-0.6611232757568359,0.2221512794494629,21.289313,-7.307405,3.164277,-2.806710
2026-08-05T11:49:55.239505,1785926995.239506,2.032648,0.6715903878211975,0.25995224714279175,-0.6786689162254333,0.14422117173671722,0.7100427746772766,0.0962175503373146,-0.6610088348388672,0.22281989455223083,21.400885,-7.461124,6.476136,-8.922517
2026-08-05T11:49:55.256657,1785926995.256658,2.049800,0.6710241436958313,0.26089590787887573,-0.6786507964134216,0.14523573219776154,0.7100775837898254,0.09640934318304062,-0.6606499552726746,0.22368890047073364,21.487930,-7.536253,5.075001,-4.380281
2026-08-05T11:49:55.273439,1785926995.273439,2.066582,0.6708751916885376,0.26124897599220276,-0.6784820556640625,0.14607428014278412,0.7101080417633057,0.09680669009685516,-0.6602710485458374,0.2245374172925949,21.490593,-7.532471,0.158641,0.225384
2026-08-05T11:49:55.290150,1785926995.290150,2.083292,0.6702556610107422,0.26184964179992676,-0.6786749958992004,0.14694425463676453,0.7100814580917358,0.09761698544025421,-0.6599072813987732,0.22533923387527466,21.486864,-7.517316,-0.223160,0.906904
2026-08-05T11:49:55.295020,1785926995.295020,2.088162,0.6697322726249695,0.2631811201572418,-0.6783729791641235,0.14833950996398926,0.7099597454071045,0.09874043613672256,-0.6596603393554688,0.22595535218715668,21.479767,-7.603896,-1.457251,-17.777589
2026-08-05T11:49:55.306672,1785926995.306672,2.099814,0.6694716811180115,0.26398396492004395,-0.6780780553817749,0.14943371713161469,0.709788978099823,0.10003188252449036,-0.6595383882522583,0.22627957165241241,21.393939,-7.630271,-7.365886,-2.263572
2026-08-05T11:49:55.323625,1785926995.323626,2.116768,0.6691416501998901,0.2643829584121704,-0.677973210811615,0.15067727863788605,0.7096015810966492,0.10125092417001724,-0.6595588326454163,0.22626546025276184,21.253638,-7.664211,-8.275563,-2.001905
2026-08-05T11:49:55.329162,1785926995.329163,2.122305,0.6688182950019836,0.26537975668907166,-0.6775308847427368,0.15234023332595825,0.709328293800354,0.10204873234033585,-0.6598373651504517,0.2259521484375,21.175240,-7.847226,-14.158237,-33.051479
2026-08-05T11:49:55.339428,1785926995.339429,2.132571,0.6685624122619629,0.26649895310401917,-0.6770356893539429,0.15370583534240723,0.7089859843254089,0.1023094430565834,-0.660364031791687,0.2253694087266922,21.161518,-8.084051,-1.336722,-23.069791
2026-08-05T11:49:55.356794,1785926995.356795,2.149937,0.6682795882225037,0.2676644027233124,-0.6766245365142822,0.15471723675727844,0.7086430191993713,0.10232711583375931,-0.6609684824943542,0.22466644644737244,21.192001,-8.325852,1.755357,-13.923650
2026-08-05T11:49:55.373151,1785926995.373152,2.166294,0.6681361794471741,0.268841028213501,-0.676167905330658,0.15529221296310425,0.7083905339241028,0.10220476984977722,-0.6615618467330933,0.22377070784568787,21.250209,-8.563518,3.558610,-14.530239
2026-08-05T11:49:55.389910,1785926995.389911,2.183053,0.6682668328285217,0.2695140540599823,-0.6757836937904358,0.1552361398935318,0.7082414627075195,0.10206792503595352,-0.6621389389038086,0.22259429097175598,21.271572,-8.731705,1.274757,-10.035505
2026-08-05T11:49:55.406636,1785926995.406636,2.199779,0.6680349111557007,0.27023372054100037,-0.6757157444953918,0.15527862310409546,0.7081862688064575,0.10207927972078323,-0.6626571416854858,0.22121872007846832,21.286218,-8.913203,0.875640,-10.851545
2026-08-05T11:49:55.423530,1785926995.423530,2.216672,0.6680437922477722,0.27057769894599915,-0.6754980683326721,0.15558862686157227,0.708195686340332,0.1024455651640892,-0.6630370616912842,0.21987661719322205,21.212301,-9.053468,-4.375387,-8.302718
2026-08-05T11:49:55.440129,1785926995.440129,2.233272,0.6678498387336731,0.27114635705947876,-0.6753084659576416,0.15625236928462982,0.7082847952842712,0.10311742126941681,-0.6632062792778015,0.2187623232603073,21.135541,-9.198144,-4.624309,-8.715841
2026-08-05T11:49:55.489456,1785926995.489457,2.282599,0.6674940586090088,0.2716450095176697,-0.6753618121147156,0.15667609870433807,0.7083743214607239,0.10385041683912277,-0.6632576584815979,0.21796856820583344,21.075106,-9.282750,-1.225173,-1.715195
2026-08-05T11:49:55.506258,1785926995.506258,2.299401,0.6674942374229431,0.27219414710998535,-0.6750306487083435,0.15714937448501587,0.708466649055481,0.10469795763492584,-0.6631834506988525,0.21748784184455872,21.007735,-9.345106,-4.009819,-3.711337
2026-08-05T11:49:55.522831,1785926995.522831,2.315974,0.6671266555786133,0.2732534408569336,-0.6749252676963806,0.1573236882686615,0.7084811925888062,0.10579078644514084,-0.663048267364502,0.21732395887374878,21.001523,-9.378787,-0.374825,-2.032267
2026-08-05T11:49:55.540020,1785926995.540020,2.333163,0.667404055595398,0.273668110370636,-0.6744762063026428,0.15735143423080444,0.7085145115852356,0.10694409906864166,-0.6628101468086243,0.21737748384475708,20.916835,-9.324989,-4.926950,3.129866
2026-08-05T11:49:55.556880,1785926995.556881,2.348995,0.6674522757530212,0.27419915795326233,-0.6741597056388855,0.1575792282819748,0.7085180878639221,0.10811140388250351,-0.662531316280365,0.21763791143894196,20.849692,-9.276903,-4.240798,3.037095
2026-08-05T11:49:55.573359,1785926995.573360,2.366502,0.6676134467124939,0.27468961477279663,-0.6737287044525146,0.15788553655147552,0.7085490226745605,0.10900602489709854,-0.6622569561004639,0.21792568266391754,20.801946,-9.253146,-2.727256,1.357053
2026-08-05T11:49:55.590029,1785926995.590030,2.383172,0.6677263975143433,0.2751888930797577,-0.6733441352844238,0.1581777185201645,0.7085574269294739,0.10940838605165482,-0.6621419191360474,0.21804624795913696,20.800960,-9.282419,-0.059176,-1.756056
2026-08-05T11:49:55.606953,1785926995.606953,2.400096,0.6674761176109314,0.2761509418487549,-0.6731012463569641,0.1585911512374878,0.7085279822349548,0.10976757109165192,-0.6621403694152832,0.21796642243862152,20.849830,-9.380525,2.887708,-5.796975
2026-08-05T11:49:55.623488,1785926995.623489,2.416631,0.6672484874725342,0.27719759941101074,-0.6728708148002625,0.15870054066181183,0.7084717750549316,0.11030624806880951,-0.6621325612068176,0.21790114045143127,20.899756,-9.445731,3.019263,-3.943304
2026-08-05T11:49:55.628268,1785926995.628268,2.421411,0.6673721075057983,0.27710625529289246,-0.6728413701057434,0.15846480429172516,0.708471417427063,0.11091435700654984,-0.6620383858680725,0.2178793102502823,20.831281,-9.371304,-14.327906,15.573464
2026-08-05T11:49:55.639485,1785926995.639485,2.432627,0.6670067310333252,0.2771942913532257,-0.673124372959137,0.15864767134189606,0.7085328698158264,0.11155834794044495,-0.6618282794952393,0.2179899513721466,20.784673,-9.329171,-4.155236,3.756168
2026-08-05T11:49:55.656019,1785926995.656019,2.449162,0.6669740676879883,0.2770414650440216,-0.6731551289558411,0.1589207947254181,0.708543598651886,0.11226234585046768,-0.6615575551986694,0.21841397881507874,20.703631,-9.244000,-4.901517,5.151248
2026-08-05T11:49:55.673524,1785926995.673524,2.466666,0.6668763756752014,0.27689874172210693,-0.673279881477356,0.1590517908334732,0.708490788936615,0.11300699412822723,-0.661323070526123,0.2189108282327652,20.628310,-9.137149,-4.302886,6.104147
2026-08-05T11:49:55.690533,1785926995.690533,2.483676,0.6665539145469666,0.2773219048976898,-0.673400342464447,0.1591559499502182,0.7083082795143127,0.11375758051872253,-0.6612498760223389,0.2193332016468048,20.611445,-9.082714,-0.991507,3.200247
2026-08-05T11:49:55.706422,1785926995.706423,2.499565,0.6667137145996094,0.2774122357368469,-0.6732187271118164,0.159097358584404,0.7080915570259094,0.11444003134965897,-0.6612583994865417,0.21965257823467255,20.552559,-9.002951,-3.706016,5.019954
2026-08-05T11:49:55.723873,1785926995.723874,2.517016,0.6664808392524719,0.27788659930229187,-0.673175573348999,0.1594269871711731,0.7079357504844666,0.11511992663145065,-0.6612208485603333,0.21991220116615295,20.530332,-8.992545,-1.273693,0.596326
2026-08-05T11:49:55.739827,1785926995.739827,2.532969,0.6665239334106445,0.27819323539733887,-0.6728798747062683,0.15996024012565613,0.7077990770339966,0.11574999988079071,-0.6612144708633423,0.220040962100029,20.473775,-9.001477,-3.545092,-0.559861
2026-08-05T11:49:55.757197,1785926995.757198,2.550340,0.6663815975189209,0.27848970890045166,-0.6728315949440002,0.16024044156074524,0.7076765894889832,0.11616013944149017,-0.6612645983695984,0.22006799280643463,20.451866,-9.013276,-1.261270,-0.679312
2026-08-05T11:49:55.773836,1785926995.773836,2.566979,0.6661935448646545,0.2787800133228302,-0.6728948354721069,0.16025234758853912,0.7076466083526611,0.11652854084968567,-0.6612195372581482,0.22010505199432373,20.449690,-9.005758,-0.130799,0.451875
2026-08-05T11:49:55.778583,1785926995.778584,2.571726,0.6661784648895264,0.27886372804641724,-0.672917366027832,0.160073384642601,0.7075747847557068,0.11688786000013351,-0.6612435579299927,0.22007347643375397,20.425008,-8.971088,-5.199163,7.302956
2026-08-05T11:49:55.789582,1785926995.789582,2.582725,0.6661920547485352,0.27896589040756226,-0.6728841066360474,0.15997880697250366,0.7074951529502869,0.11722657084465027,-0.6612916588783264,0.22000466287136078,20.398141,-8.950068,-2.442781,1.911151
2026-08-05T11:49:55.806701,1785926995.806702,2.599844,0.6662439107894897,0.27926135063171387,-0.6726843118667603,0.16008825600147247,0.7074579000473022,0.11773551255464554,-0.6612346768379211,0.22002391517162323,20.368843,-8.943610,-1.711349,0.377257
2026-08-05T11:49:55.823188,1785926995.823188,2.616330,0.6662801504135132,0.2796539068222046,-0.6724486947059631,0.16024166345596313,0.7074245810508728,0.11844290792942047,-0.6610963344573975,0.22016705572605133,20.332913,-8.923167,-2.179430,1.239961
2026-08-05T11:49:55.839642,1785926995.839642,2.632785,0.6662847995758057,0.2799459397792816,-0.6722817420959473,0.16041281819343567,0.7074057459831238,0.11910790205001831,-0.6609364748001099,0.2203490138053894,20.293626,-8.894808,-2.387612,1.723555
2026-08-05T11:49:55.855506,1785926995.855506,2.646961,0.6663007140159607,0.2803278863430023,-0.6720665693283081,0.1605820506811142,0.707386314868927,0.11972148716449738,-0.6607881188392639,0.22052331268787384,20.268155,-8.879681,-1.796689,1.066984
2026-08-05T11:49:55.873813,1785926995.873813,2.665414,0.6663187146186829,0.2805725634098053,-0.6719229817390442,0.16067974269390106,0.7073487639427185,0.1200917512178421,-0.6607411503791809,0.2205834537744522,20.251361,-8.875047,-0.910131,0.251166
2026-08-05T11:49:55.890463,1785926995.890463,2.683605,0.6662076711654663,0.28111928701400757,-0.67173171043396,0.16098551452159882,0.7073094248771667,0.12027030438184738,-0.6607592701911926,0.22055768966674805,20.277396,-8.937249,1.431184,-3.419327
2026-08-05T11:49:55.923763,1785926995.923764,2.716906,0.6661587953567505,0.28132715821266174,-0.6716705560684204,0.1610783189535141,0.7073053121566772,0.12024511396884918,-0.6608402132987976,0.22034189105033875,20.290070,-8.983862,0.380572,-1.399748
2026-08-05T11:49:55.940471,1785926995.940472,2.733614,0.6661137342453003,0.2814382016658783,-0.6716611385345459,0.1611107438802719,0.7072807550430298,0.12017933279275894,-0.660945475101471,0.22014056146144867,20.299358,-9.018301,0.555904,-2.061200
2026-08-05T11:49:55.972885,1785926995.972885,2.766027,0.6661040186882019,0.2813156843185425,-0.6717606782913208,0.16094890236854553,0.7072452306747437,0.12013208121061325,-0.6610144972801208,0.22007350623607635,20.294631,-9.002416,-0.145830,0.490073
2026-08-05T11:49:55.988640,1785926995.988640,2.781782,0.6661756634712219,0.28104811906814575,-0.6718332171440125,0.1608169972896576,0.707141101360321,0.12021923810243607,-0.661034107208252,0.2203012853860855,20.267017,-8.939763,-1.752694,3.976674
2026-08-05T11:49:56.004226,1785926996.004226,2.797369,0.6661273241043091,0.28131747245788574,-0.6717013716697693,0.16109731793403625,0.7070550918579102,0.12046947330236435,-0.660947322845459,0.22070138156414032,20.272341,-8.932548,0.341568,0.462926
2026-08-05T11:49:56.008675,1785926996.008676,2.801818,0.6658872961997986,0.28206971287727356,-0.6715150475502014,0.16154977679252625,0.7069870829582214,0.12085118889808655,-0.6608065962791443,0.22113126516342163,20.314549,-8.969722,9.485875,-8.354425
2026-08-05T11:49:56.022439,1785926996.022439,2.815582,0.6658654808998108,0.2824747562408447,-0.67130047082901,0.16182464361190796,0.7069339156150818,0.12127126008272171,-0.6606495380401611,0.22154000401496887,20.316926,-8.960908,0.172688,0.640377
2026-08-05T11:49:56.037864,1785926996.037864,2.831007,0.6657866835594177,0.28280290961265564,-0.6711376309394836,0.16225002706050873,0.7069674134254456,0.12163612991571426,-0.6604282259941101,0.22189287841320038,20.313676,-8.966932,-0.210719,-0.390571
2026-08-05T11:49:56.056378,1785926996.056379,2.849521,0.6657480597496033,0.28310278058052063,-0.6709216833114624,0.1627773642539978,0.7069678902626038,0.12185775488615036,-0.6602900624275208,0.2221805602312088,20.313111,-8.995847,-0.030484,-1.561766
2026-08-05T11:49:56.072481,1785926996.072482,2.865624,0.6656926274299622,0.2834334373474121,-0.6707102656364441,0.1632993370294571,0.7069708704948425,0.12197437882423401,-0.660190999507904,0.22240176796913147,20.324761,-9.041225,0.723467,-2.817989
2026-08-05T11:49:56.089561,1785926996.089561,2.882704,0.6658262014389038,0.2834748327732086,-0.6704875826835632,0.16359761357307434,0.7069850564002991,0.12213458865880966,-0.6600622534751892,0.2226506471633911,20.306568,-9.037363,-1.065209,0.226134
2026-08-05T11:49:56.122886,1785926996.122886,2.916028,0.6657571792602539,0.28373974561691284,-0.6703898310661316,0.1638195812702179,0.7069951891899109,0.12227638810873032,-0.6599289774894714,0.2229352593421936,20.324245,-9.044535,0.530450,-0.215211
2026-08-05T11:49:56.139668,1785926996.139668,2.932811,0.6658822894096375,0.2838636040687561,-0.6701472401618958,0.1640891581773758,0.7070308327674866,0.12237727642059326,-0.6597689390182495,0.22324037551879883,20.325066,-9.046450,0.048924,-0.114117
2026-08-05T11:49:56.156987,1785926996.156987,2.950130,0.6658286452293396,0.2841547131538391,-0.6699594259262085,0.16456855833530426,0.7070752382278442,0.12243049591779709,-0.6596068739891052,0.2235490083694458,20.345924,-9.083114,1.204349,-2.116967
2026-08-05T11:49:56.173488,1785926996.173488,2.966160,0.6659631729125977,0.2840743362903595,-0.669803261756897,0.16479817032814026,0.7071194052696228,0.12245360761880875,-0.6594436168670654,0.2238778918981552,20.336502,-9.067135,-0.587801,0.996860
2026-08-05T11:49:56.189697,1785926996.189697,2.982840,0.6660346388816833,0.28419625759124756,-0.6696001887321472,0.1651250123977661,0.7071390748023987,0.12257133424282074,-0.6592718362808228,0.2242569476366043,20.337351,-9.065232,0.050881,0.114102
2026-08-05T11:49:56.206477,1785926996.206478,2.999620,0.666260838508606,0.28408265113830566,-0.6693809032440186,0.16529609262943268,0.707122802734375,0.12269119918346405,-0.6591401100158691,0.2246294915676117,20.313575,-9.029990,-1.416868,2.100141
2026-08-05T11:49:56.223113,1785926996.223113,3.016256,0.6663060188293457,0.2840801179409027,-0.669265627861023,0.16558508574962616,0.7071066498756409,0.12293046712875366,-0.6589611172676086,0.2250746488571167,20.293050,-8.997013,-1.233797,1.982336
2026-08-05T11:49:56.228507,1785926996.228507,3.021649,0.6661584377288818,0.28438451886177063,-0.6691840887069702,0.16598516702651978,0.7070609331130981,0.12330572307109833,-0.6587459444999695,0.2256423532962799,20.295728,-8.978166,0.496515,3.494165
2026-08-05T11:49:56.239533,1785926996.239534,3.032676,0.666236162185669,0.28457769751548767,-0.6689144968986511,0.16642844676971436,0.7070249915122986,0.12379506230354309,-0.6584910154342651,0.22623027861118317,20.267210,-8.943973,-2.586325,3.100953
2026-08-05T11:49:56.254486,1785926996.254487,3.047629,0.6660720109939575,0.2850853204727173,-0.6687268018722534,0.16697028279304504,0.7069459557533264,0.12435779720544815,-0.6582805514335632,0.22678032517433167,20.264177,-8.941404,-0.202788,0.171851
2026-08-05T11:49:56.273061,1785926996.273061,3.065046,0.6661415100097656,0.2853342294692993,-0.6684592366218567,0.167339026927948,0.7068623900413513,0.12480860948562622,-0.6581211686134338,0.22725607454776764,20.242411,-8.918180,-1.249730,1.333404
2026-08-05T11:49:56.340209,1785926996.340210,3.133352,0.6660177111625671,0.28565341234207153,-0.6683669686317444,0.16765430569648743,0.7068023085594177,0.12515945732593536,-0.6579943299293518,0.2276162952184677,20.242783,-8.913175,0.005455,0.073269
2026-08-05T11:49:56.357926,1785926996.357927,3.151069,0.6660539507865906,0.28585517406463623,-0.6681854724884033,0.16789031028747559,0.7067028880119324,0.1254516988992691,-0.6579683423042297,0.22783954441547394,20.228165,-8.908120,-0.825098,0.285340
2026-08-05T11:49:56.363298,1785926996.363298,3.156441,0.6659538745880127,0.28613367676734924,-0.6681690216064453,0.16787835955619812,0.7066264748573303,0.12570583820343018,-0.6579387187957764,0.2280212789773941,20.239019,-8.895283,2.020499,2.389625
2026-08-05T11:49:56.373076,1785926996.373076,3.166219,0.6661190390586853,0.2861579656600952,-0.6679924130439758,0.16788434982299805,0.7066509127616882,0.12586656212806702,-0.6578586101531982,0.22808806598186493,20.222762,-8.881462,-1.662588,1.413472
2026-08-05T11:49:56.390231,1785926996.390231,3.183374,0.6660658121109009,0.2864288091659546,-0.6678856611251831,0.168058842420578,0.7066760063171387,0.12584936618804932,-0.6578640937805176,0.22800417244434357,20.244117,-8.929520,1.244801,-2.801383
2026-08-05T11:49:56.406362,1785926996.406362,3.199505,0.6660823225975037,0.2866802215576172,-0.6677335500717163,0.1681695282459259,0.7067511081695557,0.12576061487197876,-0.6578584909439087,0.22783657908439636,20.269505,-8.984793,1.573851,-3.426517
2026-08-05T11:49:56.422528,1785926996.422528,3.215671,0.6663272380828857,0.2865142822265625,-0.6676425933837891,0.16784214973449707,0.7068389654159546,0.12575289607048035,-0.657817542552948,0.2276860624551773,20.255339,-8.959284,-0.876228,1.577895
2026-08-05T11:49:56.441923,1785926996.441924,3.233006,0.6666285991668701,0.28624534606933594,-0.6675212979316711,0.1675870716571808,0.7069287896156311,0.1258372664451599,-0.657741129398346,0.22758139669895172,20.218348,-8.919245,-2.133783,2.309650
2026-08-05T11:49:56.453965,1785926996.453965,3.247108,0.666787326335907,0.28625670075416565,-0.6673699021339417,0.16753843426704407,0.7070177793502808,0.12597839534282684,-0.6576160192489624,0.22758857905864716,20.204947,-8.907044,-0.950398,0.865240
2026-08-05T11:49:56.473916,1785926996.473917,3.266063,0.6669955253601074,0.2862403392791748,-0.6671935319900513,0.16744038462638855,0.7070634365081787,0.1260983794927597,-0.6575299501419067,0.22762912511825562,20.191278,-8.887122,-0.721069,1.050967
2026-08-05T11:49:56.489308,1785926996.489309,3.282451,0.667050302028656,0.28638899326324463,-0.6671154499053955,0.1672797054052353,0.7070915699005127,0.12615886330604553,-0.6574901938438416,0.2276230901479721,20.205658,-8.884473,0.877490,0.161603
2026-08-05T11:49:56.506053,1785926996.506053,3.299196,0.6671969294548035,0.2863542437553406,-0.6670886278152466,0.16686008870601654,0.7070984840393066,0.12630833685398102,-0.6574617028236389,0.2276008129119873,20.198464,-8.838038,-0.429646,2.773113
2026-08-05T11:49:56.509449,1785926996.509450,3.302592,0.6672152280807495,0.2865297198295593,-0.666997492313385,0.16684997081756592,0.7071027159690857,0.12651090323925018,-0.6574592590332031,0.227482408285141,20.190412,-8.847240,-2.370738,-2.709296
2026-08-05T11:49:56.523031,1785926996.523031,3.316173,0.6671640276908875,0.2867358326911926,-0.6669197082519531,0.1670115739107132,0.7070906758308411,0.1266784369945526,-0.6575160026550293,0.22726252675056458,20.179560,-8.883773,-0.799035,-2.690002
2026-08-05T11:49:56.539485,1785926996.539485,3.332628,0.6671237945556641,0.2870578467845917,-0.6667930483818054,0.16712555289268494,0.7070556282997131,0.12676723301410675,-0.6576481461524963,0.22693945467472076,20.185396,-8.942244,0.354664,-3.553496
2026-08-05T11:49:56.556261,1785926996.556261,3.349404,0.6671125292778015,0.2871209979057312,-0.6668201088905334,0.16695314645767212,0.7069641947746277,0.12688955664634705,-0.6578100323677063,0.22668641805648804,20.173150,-8.943749,-0.729973,-0.089694
2026-08-05T11:49:56.572806,1785926996.572806,3.364974,0.6670699119567871,0.28740939497947693,-0.6667546033859253,0.16688881814479828,0.7068327069282532,0.12720054388046265,-0.6579121351242065,0.22662609815597534,20.167644,-8.942960,-0.353661,0.050655
2026-08-05T11:49:56.589893,1785926996.589893,3.383035,0.6669982671737671,0.28768429160118103,-0.6667096018791199,0.16688168048858643,0.7066940069198608,0.12769398093223572,-0.6579058766365051,0.22679907083511353,20.149822,-8.910731,-0.986715,1.784348
2026-08-05T11:49:56.606367,1785926996.606367,3.399510,0.667045533657074,0.28803619742393494,-0.6664561033248901,0.16709831357002258,0.7065485715866089,0.12829114496707916,-0.6578337550163269,0.2271241992712021,20.122347,-8.884176,-1.667711,1.611944
2026-08-05T11:49:56.622555,1785926996.622556,3.415698,0.6670030951499939,0.2883298397064209,-0.666329026222229,0.16726788878440857,0.7064030170440674,0.12877973914146423,-0.6577681303024292,0.2274903804063797,20.106665,-8.852784,-0.968742,1.939164
2026-08-05T11:49:56.672914,1785926996.672915,3.466057,0.6669472455978394,0.28864067792892456,-0.6662010550498962,0.16746395826339722,0.7062503695487976,0.12912312150001526,-0.6577484011650085,0.22782665491104126,20.105701,-8.839402,-0.019146,0.265730
2026-08-05T11:49:56.681323,1785926996.681324,3.473367,0.666810154914856,0.28891465067863464,-0.6661837697029114,0.16760680079460144,0.7061211466789246,0.1294998824596405,-0.6576653122901917,0.228252574801445,20.106753,-8.807353,0.143938,4.383845
2026-08-05T11:49:56.691601,1785926996.691601,3.482653,0.6667881608009338,0.2890729308128357,-0.6660898923873901,0.16779403388500214,0.7059604525566101,0.12993551790714264,-0.6575561165809631,0.22881554067134857,20.089265,-8.752619,-1.883286,5.894487
2026-08-05T11:49:56.706987,1785926996.706988,3.499425,0.6666867136955261,0.28920525312423706,-0.6660763025283813,0.16802267730236053,0.7058367133140564,0.13032758235931396,-0.6574351191520691,0.2293214648962021,20.073299,-8.706769,-0.951964,2.733686
2026-08-05T11:49:56.722823,1785926996.722823,3.514949,0.6666721105575562,0.28922238945961,-0.6660051941871643,0.16833290457725525,0.7056624889373779,0.13062497973442078,-0.657383382320404,0.22983680665493011,20.048100,-8.664046,-1.623269,2.752163
2026-08-05T11:49:56.739929,1785926996.739930,3.533072,0.6665983200073242,0.28930139541625977,-0.665976881980896,0.16860102117061615,0.705517053604126,0.1309286206960678,-0.6572765111923218,0.23041553795337677,20.035878,-8.617628,-0.674393,2.561254
2026-08-05T11:49:56.756196,1785926996.756197,3.549339,0.6665025949478149,0.28949227929115295,-0.6658792495727539,0.16903625428676605,0.7053876519203186,0.1312268227338791,-0.6571526527404785,0.23099468648433685,20.029840,-8.595909,-0.371157,1.335160
2026-08-05T11:49:56.773464,1785926996.773465,3.566607,0.6663893461227417,0.28957292437553406,-0.6658938527107239,0.16928766667842865,0.7052527666091919,0.1314692348241806,-0.6570611596107483,0.2315276861190796,20.024560,-8.556795,-0.305773,2.265113
2026-08-05T11:49:56.789711,1785926996.789712,3.582854,0.6663302183151245,0.28963515162467957,-0.6658478379249573,0.16959451138973236,0.7051355838775635,0.13172215223312378,-0.6569411158561707,0.23208141326904297,20.013792,-8.518745,-0.662789,2.341968
2026-08-05T11:49:56.806419,1785926996.806420,3.599562,0.6663779020309448,0.28961989283561707,-0.6657350659370422,0.16987575590610504,0.7050457000732422,0.13199907541275024,-0.6567773222923279,0.23265983164310455,19.992443,-8.468756,-1.277744,2.991918
2026-08-05T11:49:56.817444,1785926996.817445,3.610587,0.6663179993629456,0.2896544337272644,-0.6657554507255554,0.16997171938419342,0.7049983143806458,0.1321660876274109,-0.6566272377967834,0.2331315279006958,19.995623,-8.425515,0.288364,3.922198
2026-08-05T11:49:56.822429,1785926996.822430,3.615572,0.6664289832115173,0.28957217931747437,-0.6656500101089478,0.170089989900589,0.7049571871757507,0.13218122720718384,-0.6565592885017395,0.2334383726119995,19.989272,-8.401335,-1.273826,4.850274
2026-08-05T11:49:56.829628,1785926996.829629,3.621438,0.6663722395896912,0.2895877957344055,-0.6657019853591919,0.17008253931999207,0.7048865556716919,0.13219954073429108,-0.6565458178520203,0.23367898166179657,19.999426,-8.379054,1.731060,3.798509
2026-08-05T11:49:56.838788,1785926996.838789,3.631931,0.66627037525177,0.28981584310531616,-0.6656791567802429,0.1701824963092804,0.7048487067222595,0.1322537511587143,-0.6565354466438293,0.23379172384738922,20.019571,-8.393349,1.919791,-1.362275
2026-08-05T11:49:56.854873,1785926996.854874,3.647527,0.6663215756416321,0.28986290097236633,-0.6655874252319336,0.17025992274284363,0.7047961354255676,0.13233011960983276,-0.6565908789634705,0.2337513566017151,20.008073,-8.401171,-0.737179,-0.501548
2026-08-05T11:49:56.872646,1785926996.872646,3.665788,0.666297197341919,0.2899845242500305,-0.6655238270759583,0.17039722204208374,0.7047696709632874,0.1323394775390625,-0.6566683053970337,0.2336081862449646,20.007139,-8.434551,-0.051154,-1.827946
2026-08-05T11:49:56.889228,1785926996.889229,3.682371,0.6662593483924866,0.2901597321033478,-0.6654692888259888,0.17045998573303223,0.7047407031059265,0.13227330148220062,-0.6567865014076233,0.23340021073818207,20.020219,-8.478315,0.788742,-2.639097
2026-08-05T11:49:56.905553,1785926996.905553,3.698695,0.6662473678588867,0.290245920419693,-0.6654891967773438,0.170281782746315,0.7047120332717896,0.1322627067565918,-0.6568779945373535,0.23323588073253632,20.030037,-8.485885,0.601444,-0.463738
2026-08-05T11:49:56.922883,1785926996.922883,3.716025,0.6662283539772034,0.29032349586486816,-0.6655347347259521,0.17004598677158356,0.7047009468078613,0.13229531049728394,-0.656959593296051,0.23302096128463745,20.035581,-8.488693,0.319909,-0.162050
2026-08-05T11:49:56.939507,1785926996.939507,3.732650,0.6663804054260254,0.29018473625183105,-0.6654811501502991,0.16989703476428986,0.704724133014679,0.1323089599609375,-0.6570388078689575,0.2327193319797516,20.009375,-8.489341,-1.576383,-0.038980
2026-08-05T11:49:56.957987,1785926996.957987,3.749085,0.6663241386413574,0.2902277112007141,-0.6654999256134033,0.16997022926807404,0.7048335671424866,0.13215115666389465,-0.65712571144104,0.23223206400871277,20.010997,-8.553865,0.098731,-3.925860
2026-08-05T11:49:56.963525,1785926996.963526,3.756668,0.6663370132446289,0.2900379002094269,-0.6656012535095215,0.16984762251377106,0.7049711346626282,0.13177502155303955,-0.6572771072387695,0.2315983772277832,20.012430,-8.611559,0.188950,-7.608403
2026-08-05T11:49:56.974342,1785926996.974343,3.767485,0.6663089394569397,0.2899084687232971,-0.6657434105873108,0.1696207970380783,0.7051045298576355,0.13139212131500244,-0.6574161052703857,0.23101459443569183,20.028547,-8.662275,1.489957,-4.688602
2026-08-05T11:49:56.994579,1785926996.994579,3.786716,0.6661668419837952,0.28994104266166687,-0.6659225225448608,0.1694205403327942,0.7051814198493958,0.13117502629756927,-0.6575282216072083,0.2305845022201538,20.051334,-8.702022,1.184949,-2.066831
2026-08-05T11:49:57.008574,1785926997.008575,3.801717,0.66631019115448,0.2899229824542999,-0.6657862663269043,0.1694231629371643,0.7052149176597595,0.13114896416664124,-0.657599151134491,0.23029392957687378,20.036443,-8.728914,-0.992680,-1.792686
2026-08-05T11:49:57.021563,1785926997.021563,3.814705,0.6662113070487976,0.2902773320674896,-0.6656941771507263,0.16956710815429688,0.7052454948425293,0.13127033412456512,-0.6576178073883057,0.23007778823375702,20.049158,-8.781584,0.978955,-4.055156
2026-08-05T11:49:57.030471,1785926997.030472,3.823614,0.6662498712539673,0.29062318801879883,-0.6654725670814514,0.16969271004199982,0.7052550315856934,0.1314154714345932,-0.6576436161994934,0.22989222407341003,20.055776,-8.828684,0.742869,-5.287106
2026-08-05T11:49:57.053186,1785926997.053186,3.846329,0.6661534905433655,0.29098591208457947,-0.6654033660888672,0.16972076892852783,0.7052903175354004,0.13153544068336487,-0.6576440930366516,0.22971348464488983,20.076070,-8.869704,0.893424,-1.805855
2026-08-05T11:49:57.057637,1785926997.057637,3.850780,0.6661667823791504,0.2912391126155853,-0.6652860045433044,0.16969460248947144,0.7053012251853943,0.13172045350074768,-0.6576375365257263,0.22959312796592712,20.078883,-8.886569,0.632073,-3.788909
2026-08-05T11:49:57.089537,1785926997.089538,3.882680,0.6662308573722839,0.29131269454956055,-0.6652022004127502,0.16964532434940338,0.7053380608558655,0.13207510113716125,-0.6575494408607483,0.22952795028686523,20.048110,-8.866850,-0.964664,0.618127
2026-08-05T11:49:57.123739,1785926997.123739,3.916882,0.6663200855255127,0.29144978523254395,-0.6650375723838806,0.16970466077327728,0.7054189443588257,0.1326388120651245,-0.6573221683502197,0.22960571944713593,20.004227,-8.833795,-1.283059,0.966483
2026-08-05T11:49:57.139405,1785926997.139406,3.932548,0.6664103269577026,0.29161536693573,-0.6648637652397156,0.1697467863559723,0.7054489850997925,0.13320869207382202,-0.6571240425109863,0.2297506183385849,19.964518,-8.795255,-2.534708,2.460017
2026-08-05T11:49:57.144231,1785926997.144232,3.937374,0.666485607624054,0.2918229401111603,-0.6646761298179626,0.16982948780059814,0.705439031124115,0.13357728719711304,-0.6570284366607666,0.22984059154987335,19.945278,-8.784500,-3.986601,2.228659
2026-08-05T11:49:57.156275,1785926997.156276,3.948156,0.6665220856666565,0.2921004295349121,-0.6644935011863708,0.16992437839508057,0.7054077386856079,0.1337556689977646,-0.6570232510566711,0.2298477292060852,19.949543,-8.803241,0.395546,-1.738210
2026-08-05T11:49:57.174631,1785926997.174632,3.967774,0.6664811968803406,0.2923643887042999,-0.6644162535667419,0.16993296146392822,0.7053855061531067,0.13405713438987732,-0.6569263339042664,0.23001711070537567,19.952575,-8.789244,0.154553,0.713494
2026-08-05T11:49:57.190749,1785926997.190749,3.983891,0.6667557954788208,0.29222923517227173,-0.6642206311225891,0.1698528528213501,0.705374002456665,0.13441206514835358,-0.6567859053611755,0.23024585843086243,19.905981,-8.724358,-2.890846,4.025770
2026-08-05T11:49:57.205936,1785926997.205937,3.999079,0.6667994260787964,0.29221513867378235,-0.6641817092895508,0.16985797882080078,0.705405592918396,0.13468651473522186,-0.6566371917724609,0.23041284084320068,19.882531,-8.687794,-1.544055,2.407493
2026-08-05T11:49:57.222594,1785926997.222594,4.015737,0.666958749294281,0.2921329438686371,-0.6640350818634033,0.16994695365428925,0.705447256565094,0.1348590850830078,-0.6565122604370117,0.23054075241088867,19.854340,-8.664712,-1.692420,1.385702
2026-08-05T11:49:57.240149,1785926997.240149,4.033291,0.6671005487442017,0.29213130474090576,-0.6638410091400146,0.1701512336730957,0.7055139541625977,0.13507236540317535,-0.6563080549240112,0.23079276084899902,19.831930,-8.645186,-1.276557,1.112251
2026-08-05T11:49:57.257402,1785926997.257402,4.050545,0.6670257449150085,0.29241329431533813,-0.6637499332427979,0.1703156679868698,0.705555260181427,0.13539817929267883,-0.6560449004173279,0.23122386634349823,19.841976,-8.622388,0.582252,1.321379
2026-08-05T11:49:57.272550,1785926997.272550,4.065693,0.6671719551086426,0.2925074100494385,-0.6635187864303589,0.17048120498657227,0.7055984735488892,0.13571985065937042,-0.6557947993278503,0.2316126525402069,19.824744,-8.588165,-1.137540,2.259299
2026-08-05T11:49:57.306297,1785926997.306297,4.099440,0.6671832799911499,0.2927316725254059,-0.6633458137512207,0.17072559893131256,0.7056134939193726,0.13600420951843262,-0.6555905342102051,0.23197773098945618,19.823645,-8.575965,-0.032588,0.361488
2026-08-05T11:49:57.321461,1785926997.321461,4.114604,0.6674115657806396,0.29272234439849854,-0.6630858182907104,0.17085905373096466,0.7056158185005188,0.13632357120513916,-0.6553751230239868,0.23239144682884216,19.794827,-8.527767,-1.900387,3.178425
2026-08-05T11:49:57.339764,1785926997.339764,4.132906,0.667447566986084,0.2929322421550751,-0.662889838218689,0.17111952602863312,0.705665111541748,0.13654792308807373,-0.6551698446273804,0.23268857598304749,19.795210,-8.526853,0.020920,0.049973
2026-08-05T11:49:57.355843,1785926997.355843,4.147972,0.6676135063171387,0.2928706705570221,-0.6627020239830017,0.17130407691001892,0.7057294249534607,0.13665999472141266,-0.655004620552063,0.23289282619953156,19.775215,-8.512582,-1.327151,0.947179
2026-08-05T11:49:57.372942,1785926997.372942,4.166084,0.6676055192947388,0.2929687798023224,-0.6626212000846863,0.1714804768562317,0.7057530283927917,0.13681142032146454,-0.6548467874526978,0.23317615687847137,19.775257,-8.500518,0.002326,0.666093
2026-08-05T11:49:57.388215,1785926997.388215,4.181358,0.66764235496521,0.2931554913520813,-0.6624445915222168,0.17170003056526184,0.7057303190231323,0.13706327974796295,-0.6546735763549805,0.2335830181837082,19.774661,-8.481726,-0.039035,1.230412
2026-08-05T11:49:57.406420,1785926997.406420,4.199563,0.667725682258606,0.29327812790870667,-0.6622685790061951,0.17184486985206604,0.7056670188903809,0.13739436864852905,-0.6545062065124512,0.2340482771396637,19.762461,-8.439291,-0.670144,2.330929
2026-08-05T11:49:57.410013,1785926997.410013,4.203156,0.6677819490432739,0.2934115529060364,-0.6621271371841431,0.17194387316703796,0.7056185007095337,0.1375865638256073,-0.654424786567688,0.23430918157100677,19.760116,-8.422485,-0.652517,4.677177
2026-08-05T11:49:57.424838,1785926997.424838,4.217980,0.6679172515869141,0.2935052812099457,-0.6619062423706055,0.1721085011959076,0.7055878043174744,0.13773185014724731,-0.6543704271316528,0.23446793854236603,19.749472,-8.420792,-0.718002,0.114248
2026-08-05T11:49:57.440828,1785926997.440829,4.233971,0.6680111289024353,0.293407678604126,-0.6618410348892212,0.17216171324253082,0.7055918574333191,0.1378064602613449,-0.6543256640434265,0.2345365732908249,19.729829,-8.405101,-1.228416,0.981251
2026-08-05T11:49:57.456611,1785926997.456611,4.249753,0.6679717898368835,0.2933993935585022,-0.6618773937225342,0.17218877375125885,0.7056324481964111,0.1377582550048828,-0.6543128490447998,0.23447850346565247,19.732694,-8.415444,0.181525,-0.655344
2026-08-05T11:49:57.471369,1785926997.471370,4.264512,0.6679975986480713,0.2933201789855957,-0.6619235873222351,0.17204581201076508,0.705616295337677,0.1377185434103012,-0.654341995716095,0.2344692349433899,19.733188,-8.400308,0.033477,1.025555
2026-08-05T11:49:57.489715,1785926997.489716,4.282858,0.6680841445922852,0.2933209240436554,-0.6618421077728271,0.17202186584472656,0.7055935859680176,0.1377684623003006,-0.6543365716934204,0.23452351987361908,19.728211,-8.390431,-0.271297,0.538374
2026-08-05T11:49:57.505754,1785926997.505754,4.298896,0.6680605411529541,0.29354867339134216,-0.6617329120635986,0.17214544117450714,0.7055442929267883,0.13796137273311615,-0.6542803645133972,0.23471525311470032,19.733776,-8.389404,0.347011,0.064015
2026-08-05T11:49:57.523459,1785926997.523460,4.316602,0.6681337952613831,0.2936759293079376,-0.6615596413612366,0.1723102629184723,0.7055103778839111,0.13808608055114746,-0.6542410254478455,0.23485367000102997,19.729591,-8.393580,-0.236352,-0.235816
2026-08-05T11:49:57.573492,1785926997.573493,4.366635,0.6681414246559143,0.29379284381866455,-0.661462664604187,0.17245271801948547,0.7054751515388489,0.13817822933197021,-0.6541987061500549,0.23502254486083984,19.731940,-8.394362,0.046936,-0.015642
2026-08-05T11:49:57.589863,1785926997.589864,4.383006,0.6681274771690369,0.29396021366119385,-0.661366879940033,0.17258939146995544,0.7054578065872192,0.13824206590652466,-0.6541483402252197,0.2351774275302887,19.743171,-8.402955,0.686033,-0.524850
2026-08-05T11:49:57.604839,1785926997.604839,4.397982,0.6682566404342651,0.2937716245651245,-0.6613673567771912,0.17240853607654572,0.7054916024208069,0.1382167935371399,-0.6541229486465454,0.23516139388084412,19.730831,-8.375464,-0.824032,1.835714
2026-08-05T11:49:57.623384,1785926997.623384,4.416527,0.668317437171936,0.29366472363471985,-0.6613631844520569,0.17237089574337006,0.7054577469825745,0.1383058875799179,-0.6540848016738892,0.23531684279441833,19.716374,-8.342155,-0.779530,1.796133
2026-08-05T11:49:57.639029,1785926997.639030,4.432172,0.6683856248855591,0.29365646839141846,-0.6612587571144104,0.17252111434936523,0.7054160237312317,0.13838665187358856,-0.6540468335151672,0.23550008237361908,19.705458,-8.332023,-0.697700,0.647537
2026-08-05T11:49:57.656177,1785926997.656178,4.449320,0.6684086918830872,0.29378554224967957,-0.6611528992652893,0.17261819541454315,0.7053676247596741,0.13831782341003418,-0.6540717482566833,0.23561622202396393,19.724447,-8.347948,1.107367,-0.928702
2026-08-05T11:49:57.673996,1785926997.673996,4.467139,0.6684850454330444,0.29387736320495605,-0.6610309481620789,0.17263263463974,0.7053555250167847,0.13825087249279022,-0.654069721698761,0.23569707572460175,19.741017,-8.357390,0.929946,-0.529882
2026-08-05T11:49:57.690963,1785926997.690963,4.484106,0.6685173511505127,0.2938636541366577,-0.6610438823699951,0.17248131334781647,0.7053735852241516,0.13822826743125916,-0.6540546417236328,0.23569843173027039,19.748164,-8.345998,0.421243,0.671407
2026-08-05T11:49:57.707426,1785926997.707426,4.500569,0.6685506701469421,0.29369378089904785,-0.6611364483833313,0.17228645086288452,0.7053847312927246,0.138227179646492,-0.6540781855583191,0.23560024797916412,19.734481,-8.322602,-0.831153,1.421134
2026-08-05T11:49:57.724618,1785926997.724618,4.516586,0.6685457229614258,0.29369091987609863,-0.6611153483390808,0.17239268124103546,0.7054269313812256,0.138139545917511,-0.6541488170623779,0.23532919585704803,19.728099,-8.361333,-0.398428,-2.417985
2026-08-05T11:49:57.739109,1785926997.739110,4.532252,0.6686194539070129,0.2935885190963745,-0.6610886454582214,0.172382190823555,0.7054669260978699,0.1380326896905899,-0.6542152762413025,0.23508667945861816,19.717550,-8.381097,-0.673387,-1.261662
2026-08-05T11:49:57.755767,1785926997.755767,4.548910,0.6686094999313354,0.2936176061630249,-0.6611105799674988,0.17228762805461884,0.705460786819458,0.13799603283405304,-0.6542447805404663,0.23504464328289032,19.726657,-8.382421,0.546719,-0.079465
2026-08-05T11:49:57.774604,1785926997.774604,4.567747,0.6687182784080505,0.2936479449272156,-0.6610113382339478,0.1721942275762558,0.7054275870323181,0.13801740109920502,-0.6542502045631409,0.23511672019958496,19.730577,-8.370655,0.208081,0.624644
2026-08-05T11:49:57.790376,1785926997.790376,4.583519,0.6686663031578064,0.2938458025455475,-0.6610134243965149,0.17205041646957397,0.7054048776626587,0.1380809247493744,-0.6542528867721558,0.2351398915052414,19.752307,-8.369561,1.377791,0.069340
2026-08-05T11:49:57.805710,1785926997.805710,4.597784,0.6687449812889099,0.2940668761730194,-0.6607810258865356,0.1722598522901535,0.7053881883621216,0.13820955157279968,-0.6542194485664368,0.23520778119564056,19.752747,-8.392150,0.030796,-1.583435
2026-08-05T11:49:57.822296,1785926997.822296,4.615439,0.6686661243438721,0.2943379878997803,-0.6606622934341431,0.17255842685699463,0.7054052352905273,0.13843342661857605,-0.6541150808334351,0.23531508445739746,19.751922,-8.414330,-0.046704,-1.256372
2026-08-05T11:49:57.840841,1785926997.840842,4.633984,0.6687213182449341,0.29428160190582275,-0.6605956554412842,0.17269526422023773,0.7053894400596619,0.1386115700006485,-0.654054582118988,0.23542585968971252,19.724633,-8.396673,-1.471464,0.952091
2026-08-05T11:49:57.856112,1785926997.856113,4.649255,0.6687994599342346,0.29419222474098206,-0.6605780720710754,0.17261186242103577,0.7053850293159485,0.13867568969726562,-0.654017448425293,0.2355044037103653,19.713521,-8.370300,-0.727687,1.727032
2026-08-05T11:49:57.871301,1785926997.871301,4.664444,0.6689327359199524,0.2941424548625946,-0.6605000495910645,0.17247894406318665,0.7053908705711365,0.13865253329277039,-0.6540008187294006,0.23554685711860657,19.714759,-8.354599,0.081554,1.033740
2026-08-05T11:49:57.889436,1785926997.889436,4.682579,0.6689825057983398,0.2942262589931488,-0.6604200005531311,0.17244981229305267,0.7053466439247131,0.13877950608730316,-0.653950035572052,0.23574556410312653,19.717484,-8.333122,0.150225,1.184265
2026-08-05T11:49:57.907609,1785926997.907609,4.700752,0.6689929366111755,0.2942947745323181,-0.6603425741195679,0.17258881032466888,0.7053342461585999,0.13878320157527924,-0.6539549827575684,0.23576679825782776,19.718335,-8.348953,0.046834,-0.871124
2026-08-05T11:49:57.922779,1785926997.922780,4.715922,0.6690191626548767,0.294416606426239,-0.6602038145065308,0.17281050980091095,0.705284595489502,0.13895700871944427,-0.6539018750190735,0.2359597533941269,19.709502,-8.347977,-0.582210,0.064350
2026-08-05T11:49:57.939308,1785926997.939309,4.732451,0.6689462065696716,0.29457736015319824,-0.6601619720458984,0.17297863960266113,0.7052497863769531,0.13898655772209167,-0.6538935899734497,0.236069455742836,19.721477,-8.364261,0.724474,-0.985212
2026-08-05T11:49:57.956266,1785926997.956266,4.749409,0.6690184473991394,0.2946736216545105,-0.6600208878517151,0.17307326197624207,0.7051641345024109,0.13900835812091827,-0.6539407968521118,0.2361818253993988,19.725376,-8.369772,0.229886,-0.324986
2026-08-05T11:49:57.973868,1785926997.973868,4.767011,0.6689344644546509,0.2947801351547241,-0.6600829362869263,0.17297965288162231,0.7051370739936829,0.13890430331230164,-0.6540040969848633,0.23614835739135742,19.751216,-8.382316,1.468035,-0.712615
2026-08-05T11:49:57.989888,1785926997.989888,4.783031,0.6690323352813721,0.294660359621048,-0.6600568294525146,0.17290523648262024,0.7050921320915222,0.1389223039150238,-0.6540474891662598,0.23615184426307678,19.736429,-8.363543,-0.923037,1.171857
2026-08-05T11:49:58.004448,1785926998.004449,4.797591,0.6689130663871765,0.2947431802749634,-0.6600965857505798,0.1730729639530182,0.7050299644470215,0.1389533132314682,-0.654109537601471,0.23614761233329773,19.735852,-8.380860,-0.039624,-1.189376
2026-08-05T11:49:58.022851,1785926998.022851,4.815994,0.6689633727073669,0.29477816820144653,-0.6599993109703064,0.1731904298067093,0.7050330638885498,0.13898050785064697,-0.6541100144386292,0.23612087965011597,19.729060,-8.394417,-0.369074,-0.736681
2026-08-05T11:49:58.040335,1785926998.040336,4.833478,0.6688243746757507,0.29498207569122314,-0.6600373387336731,0.17323556542396545,0.7049955129623413,0.13907164335250854,-0.6541206240653992,0.236149862408638,19.742690,-8.405499,0.779564,-0.633835
2026-08-05T11:49:58.056504,1785926998.056504,4.849646,0.6688758134841919,0.295040488243103,-0.6599250435829163,0.17336536943912506,0.7049509882926941,0.1392611861228943,-0.6541036367416382,0.23621797561645508,19.723738,-8.400358,-1.172224,0.317979
2026-08-05T11:49:58.072858,1785926998.072859,4.866001,0.6689022183418274,0.2951536476612091,-0.6597843766212463,0.17360609769821167,0.7049352526664734,0.13945221900939941,-0.6540313959121704,0.23635269701480865,19.709882,-8.403991,-0.847197,-0.222107
2026-08-05T11:49:58.090367,1785926998.090368,4.883510,0.6689038276672363,0.29537612199783325,-0.6596118211746216,0.17387665808200836,0.7049980163574219,0.13947054743766785,-0.6539658308029175,0.23633599281311035,19.720203,-8.448110,0.589496,-2.519816
2026-08-05T11:49:58.105526,1785926998.105526,4.897598,0.6690142750740051,0.29537150263786316,-0.6594706773757935,0.1739950180053711,0.7050716876983643,0.1396108865737915,-0.6537999510765076,0.23649223148822784,19.705871,-8.434979,-1.017324,0.932022
2026-08-05T11:49:58.123376,1785926998.123376,4.916519,0.6690354943275452,0.29528045654296875,-0.6595066785812378,0.17393092811107635,0.7051348090171814,0.13973590731620789,-0.6536442041397095,0.23666012287139893,19.694829,-8.397778,-0.583622,1.966149
2026-08-05T11:49:58.141226,1785926998.141227,4.933587,0.6691396236419678,0.29506102204322815,-0.6595415472984314,0.1737706959247589,0.7052026987075806,0.1396234780550003,-0.6536036729812622,0.23663678765296936,19.688860,-8.377033,-0.349707,1.215398
2026-08-05T11:49:58.155453,1785926998.155453,4.948596,0.6692140698432922,0.2948600947856903,-0.6595561504364014,0.17376945912837982,0.7052462100982666,0.13942596316337585,-0.653627872467041,0.23655632138252258,19.684383,-8.382291,-0.298262,-0.350344
2026-08-05T11:49:58.172304,1785926998.172304,4.964345,0.6692115068435669,0.2945849299430847,-0.6596831679344177,0.17376461625099182,0.7052987813949585,0.13933168351650238,-0.6535682082176208,0.2366199493408203,19.670510,-8.358900,-0.880865,1.485163
2026-08-05T11:49:58.178033,1785926998.178033,4.970439,0.6693192720413208,0.2942998707294464,-0.6597201824188232,0.17369137704372406,0.7053379416465759,0.13909976184368134,-0.6535708904266357,0.2366323322057724,19.667072,-8.345712,-0.564220,2.164503
2026-08-05T11:49:58.192742,1785926998.192742,4.985885,0.6693587303161621,0.2939448356628418,-0.6599291563034058,0.17334602773189545,0.7054150104522705,0.1387011706829071,-0.6536293029785156,0.23647543787956238,19.681112,-8.331086,0.908979,0.946890
2026-08-05T11:49:58.207394,1785926998.207394,5.000536,0.6695685982704163,0.29352110624313354,-0.659996509552002,0.17299705743789673,0.7053825259208679,0.13862557709217072,-0.6536429524421692,0.23657865822315216,19.658500,-8.261767,-1.543306,4.731088
2026-08-05T11:49:58.210955,1785926998.210956,5.004098,0.669522225856781,0.29340028762817383,-0.6601600050926208,0.17275796830654144,0.7053999304771423,0.13850097358226776,-0.6536741852760315,0.23651358485221863,19.668431,-8.246055,2.788384,4.411506
2026-08-05T11:49:58.256501,1785926998.256502,5.048644,0.6696062088012695,0.29339954257011414,-0.6600826978683472,0.17272907495498657,0.705388605594635,0.13846053183078766,-0.6537296772003174,0.236417755484581,19.666832,-8.255734,-0.035895,-0.217301
2026-08-05T11:49:58.260626,1785926998.260626,5.053769,0.6695614457130432,0.29356199502944946,-0.6600580215454102,0.1727203130722046,0.7054248452186584,0.13838885724544525,-0.6537785530090332,0.23621569573879242,19.684573,-8.293136,3.461817,-7.298392
2026-08-05T11:49:58.275151,1785926998.275152,5.068294,0.6696479320526123,0.29345521330833435,-0.6600797176361084,0.17248348891735077,0.705525815486908,0.1380878984928131,-0.6539074778556824,0.2357330471277237,19.694239,-8.330827,0.665471,-2.594838
2026-08-05T11:49:58.290689,1785926998.290689,5.083832,0.6697505712509155,0.29316914081573486,-0.6602362990379333,0.17197194695472717,0.7056361436843872,0.13749000430107117,-0.6541699171066284,0.23502308130264282,19.718073,-8.372688,1.533960,-2.694194
2026-08-05T11:49:58.293053,1785926998.293054,5.086196,0.6698285341262817,0.2930523753166199,-0.6603397727012634,0.171469047665596,0.7057092189788818,0.13698744773864746,-0.6544249057769775,0.23438669741153717,19.751937,-8.416568,14.322428,-18.558763
2026-08-05T11:49:58.307266,1785926998.307267,5.100409,0.6700164675712585,0.2928560972213745,-0.660356342792511,0.17100605368614197,0.7058050632476807,0.13666599988937378,-0.6546050906181335,0.23378169536590576,19.756187,-8.440064,0.299066,-1.653146
2026-08-05T11:49:58.310309,1785926998.310310,5.103452,0.6701290011405945,0.2928091883659363,-0.660321056842804,0.1707811802625656,0.7058739066123962,0.13661693036556244,-0.6546906232833862,0.23336276412010193,19.746783,-8.458088,-3.090273,-5.922530
2026-08-05T11:49:58.340198,1785926998.340199,5.133341,0.670214056968689,0.2929190695285797,-0.6601883769035339,0.17077171802520752,0.7060074806213379,0.1365370750427246,-0.6547412276268005,0.23286281526088715,19.746649,-8.518477,-0.004485,-2.020437
2026-08-05T11:49:58.356096,1785926998.356096,5.149238,0.6703121662139893,0.2930700480937958,-0.6600456237792969,0.1706792265176773,0.7061765193939209,0.13652677834033966,-0.654716432094574,0.2324255257844925,19.750518,-8.565572,0.243402,-2.962544
2026-08-05T11:49:58.373086,1785926998.373086,5.166229,0.6703590750694275,0.29302987456321716,-0.6601350903511047,0.17021764814853668,0.706334114074707,0.13644176721572876,-0.6547242999076843,0.23197413980960846,19.758576,-8.570848,0.474258,-0.310496
2026-08-05T11:49:58.389304,1785926998.389304,5.182446,0.670491635799408,0.2930888533592224,-0.660065770149231,0.16986225545406342,0.7064141035079956,0.1364993005990982,-0.6547552347183228,0.23160874843597412,19.756695,-8.575251,-0.116000,-0.271524
2026-08-05T11:49:58.406465,1785926998.406465,5.199607,0.670588493347168,0.2931652367115021,-0.6599768996238708,0.16969351470470428,0.7065333127975464,0.13683576881885529,-0.6546450257301331,0.23135820031166077,19.726731,-8.564083,-1.746037,0.650796
2026-08-05T11:49:58.422113,1785926998.422113,5.215255,0.670582115650177,0.29337069392204285,-0.6598992943763733,0.1696653515100479,0.7066397070884705,0.1372758150100708,-0.6545073986053467,0.23116222023963928,19.698214,-8.562286,-1.822411,0.114851
2026-08-05T11:49:58.438772,1785926998.438772,5.231915,0.670586884021759,0.29370301961898804,-0.6597391963005066,0.16969463229179382,0.7067513465881348,0.13741657137870789,-0.6545013189315796,0.23075398802757263,19.702335,-8.619824,0.247341,-3.453888
2026-08-05T11:49:58.489373,1785926998.489374,5.282516,0.6705309748649597,0.29392582178115845,-0.6597638726234436,0.16943323612213135,0.7069346904754639,0.1372012495994568,-0.6545930504798889,0.23005910217761993,19.736148,-8.696669,0.668233,-1.518619
2026-08-05T11:49:58.506052,1785926998.506052,5.299195,0.6704962849617004,0.2941350042819977,-0.6597663164138794,0.16919833421707153,0.7070844173431396,0.13707903027534485,-0.6546701788902283,0.22945153713226318,19.760082,-8.759222,1.434971,-3.750462
2026-08-05T11:49:58.522684,1785926998.522685,5.315827,0.6704491376876831,0.2942982614040375,-0.6597756147384644,0.16906438767910004,0.7071812748908997,0.1372397541999817,-0.654667854309082,0.22906355559825897,19.753711,-8.783237,-0.383018,-1.443923
2026-08-05T11:49:58.538756,1785926998.538757,5.331899,0.6704039573669434,0.29446056485176086,-0.6597591638565063,0.169025257229805,0.7072407603263855,0.13767245411872864,-0.6545968055725098,0.2288229763507843,19.720035,-8.779700,-2.095333,0.220070
2026-08-05T11:49:58.555432,1785926998.555432,5.348574,0.6703612804412842,0.29473355412483215,-0.6596353650093079,0.16920246183872223,0.7073813676834106,0.1377677619457245,-0.6546274423599243,0.22824281454086304,19.712574,-8.861540,-0.447413,-4.907801
2026-08-05T11:49:58.572324,1785926998.572324,5.365467,0.6701892018318176,0.2951413691043854,-0.659563422203064,0.16945303976535797,0.7074289917945862,0.13814301788806915,-0.6545871496200562,0.2279835343360901,19.701285,-8.909875,-0.668318,-2.861399
2026-08-05T11:49:58.589180,1785926998.589180,5.382323,0.670048713684082,0.29556214809417725,-0.6594620943069458,0.1696692407131195,0.7075732350349426,0.13837377727031708,-0.6545276641845703,0.22756654024124146,19.703580,-8.983267,0.136151,-4.353986
2026-08-05T11:49:58.605859,1785926998.605859,5.399001,0.6698830723762512,0.29599520564079285,-0.6593712568283081,0.1699216067790985,0.7077486515045166,0.13858892023563385,-0.6544433832168579,0.22713185846805573,19.708642,-9.063703,0.303492,-4.822690
2026-08-05T11:49:58.622493,1785926998.622494,5.415636,0.6697658896446228,0.2962610423564911,-0.6593242883682251,0.17010203003883362,0.707919716835022,0.13878224790096283,-0.6543468236923218,0.2267586588859558,19.702681,-9.119556,-0.358335,-3.357676
2026-08-05T11:49:58.625013,1785926998.625014,5.418156,0.6696805953979492,0.29653021693229675,-0.6592749357223511,0.1701604276895523,0.7080869078636169,0.1387859284877777,-0.6543586254119873,0.22619973123073578,19.713676,-9.197067,4.363120,-30.757517
2026-08-05T11:49:58.640286,1785926998.640286,5.433428,0.669800341129303,0.2963772714138031,-0.659278392791748,0.16994161903858185,0.708410382270813,0.13852843642234802,-0.654401421546936,0.22521889209747314,19.701448,-9.272398,-0.800713,-4.932455
2026-08-05T11:49:58.676922,1785926998.676923,5.470065,0.6698659062385559,0.29631346464157104,-0.6592671275138855,0.16983795166015625,0.7087225317955017,0.13859160244464874,-0.6542829275131226,0.22454112768173218,19.673615,-9.313291,-0.759680,-1.116169
2026-08-05T11:49:58.691586,1785926998.691587,5.484729,0.6698923707008362,0.29641032218933105,-0.6591895818710327,0.1698654145002365,0.7090903520584106,0.13852189481258392,-0.6541680693626404,0.22375650703907013,19.670730,-9.400332,-0.196742,-5.935754
2026-08-05T11:49:58.707022,1785926998.707022,5.500165,0.6698927283287048,0.29668375849723816,-0.6590245962142944,0.17002789676189423,0.7093784809112549,0.13857783377170563,-0.6540406346321106,0.22317984700202942,19.674712,-9.486263,0.257973,-5.567047
2026-08-05T11:49:58.723561,1785926998.723562,5.516144,0.6698755621910095,0.2970943748950958,-0.658830463886261,0.1701301634311676,0.7095828652381897,0.13878653943538666,-0.6538746356964111,0.22288672626018524,19.687881,-9.543011,0.824131,-3.551409
2026-08-05T11:49:58.738660,1785926998.738661,5.530791,0.6700720191001892,0.29712337255477905,-0.6586748957633972,0.1699080765247345,0.7098130583763123,0.13888899981975555,-0.653735876083374,0.22249649465084076,19.674990,-9.556219,-0.880065,-0.901771
2026-08-05T11:49:58.742014,1785926998.742015,5.535157,0.6702032089233398,0.29694926738739014,-0.6587347388267517,0.16946224868297577,0.7100915312767029,0.13880832493305206,-0.6536428928375244,0.22193124890327454,19.665314,-9.561482,-2.216226,-1.205392
2026-08-05T11:49:58.757572,1785926998.757572,5.550714,0.6704341769218445,0.29671165347099304,-0.6587163209915161,0.1690359264612198,0.7105045914649963,0.1380789428949356,-0.6537705063819885,0.22068464756011963,19.693299,-9.674939,1.798812,-7.292754
2026-08-05T11:49:58.760830,1785926998.760831,5.553973,0.670611560344696,0.2964836657047272,-0.6587368249893188,0.1686515063047409,0.7108383178710938,0.13750429451465607,-0.653870165348053,0.21967096626758575,19.712481,-9.759117,5.886273,-25.831590
2026-08-05T11:49:58.775564,1785926998.775564,5.568707,0.6706716418266296,0.2963581681251526,-0.6588785648345947,0.16807912290096283,0.711191713809967,0.13694925606250763,-0.6539574861526489,0.218611478805542,19.749770,-9.838974,2.530860,-5.420115
2026-08-05T11:49:58.794021,1785926998.794021,5.587164,0.6707815527915955,0.2962542772293091,-0.6589304208755493,0.16761982440948486,0.7115408778190613,0.13687843084335327,-0.6538586616516113,0.21781384944915771,19.741861,-9.868798,-0.428508,-1.615829
2026-08-05T11:49:58.808432,1785926998.808433,5.601575,0.6708731055259705,0.2961672842502594,-0.6589869856834412,0.16718396544456482,0.7118790149688721,0.13726076483726501,-0.6536275148391724,0.21716155111789703,19.692368,-9.852258,-3.434295,1.147708
2026-08-05T11:49:58.821085,1785926998.821086,5.614228,0.6709538698196411,0.2962689995765686,-0.6588719487190247,0.1671334207057953,0.7122684717178345,0.13773174583911896,-0.6533315777778625,0.21647529304027557,19.641047,-9.880972,-4.055955,-2.269335
2026-08-05T11:49:58.841154,1785926998.841155,5.634297,0.6709381937980652,0.29646623134613037,-0.6587940454483032,0.16715377569198608,0.7126743793487549,0.13811452686786652,-0.6530677080154419,0.2156904935836792,19.607258,-9.939247,-1.683645,-2.903741
2026-08-05T11:49:58.860914,1785926998.860914,5.651473,0.6709808111190796,0.29640430212020874,-0.6588675379753113,0.1668020337820053,0.7131850123405457,0.13784831762313843,-0.6530243754386902,0.21429938077926636,19.609130,-10.048189,0.109003,-6.342731
2026-08-05T11:49:58.875637,1785926998.875638,5.668780,0.6710869073867798,0.29614928364753723,-0.6590145230293274,0.16624650359153748,0.7137014865875244,0.13755136728286743,-0.6529793739318848,0.2129034399986267,19.599457,-10.125807,-0.558902,-4.484816
2026-08-05T11:49:58.911706,1785926998.911707,5.704849,0.6712407469749451,0.2956046462059021,-0.6593683958053589,0.1651884764432907,0.7143552899360657,0.13699664175510406,-0.6529607772827148,0.2111177295446396,19.593843,-10.190784,-0.155669,-1.801443
2026-08-05T11:49:58.938982,1785926998.938983,5.732125,0.6714406609535217,0.29469573497772217,-0.6598807573318481,0.1639503538608551,0.7152675986289978,0.13593216240406036,-0.653024435043335,0.20850379765033722,19.591408,-10.320594,-0.089265,-4.759143
2026-08-05T11:49:58.949087,1785926998.949087,5.742230,0.6716115474700928,0.2930118143558502,-0.660804033279419,0.16254191100597382,0.7162161469459534,0.1347893923521042,-0.6532168984413147,0.2053631991147995,19.509218,-10.412983,-8.133878,-9.143199
2026-08-05T11:49:58.957058,1785926998.957058,5.750200,0.6716563701629639,0.29129981994628906,-0.6618967056274414,0.16098158061504364,0.7171438932418823,0.1336594671010971,-0.6534865498542786,0.20197835564613342,19.426505,-10.508218,-10.377287,-11.948341
2026-08-05T11:49:58.972386,1785926998.972387,5.765529,0.6716451644897461,0.2901652753353119,-0.6627650856971741,0.15949803590774536,0.7179927229881287,0.13295264542102814,-0.6536709666252136,0.19880761206150055,19.365551,-10.610417,-3.976413,-6.667082
2026-08-05T11:49:58.975702,1785926998.975703,5.768845,0.6717634797096252,0.28933003544807434,-0.6631948947906494,0.1587287038564682,0.7187584638595581,0.13265447318553925,-0.6537697911262512,0.19589316844940186,19.274705,-10.743419,-27.396860,-40.109975
2026-08-05T11:49:58.991255,1785926998.991256,5.784398,0.671603798866272,0.28934362530708313,-0.6634110808372498,0.1584758311510086,0.7193741798400879,0.13253872096538544,-0.6538164019584656,0.19354237616062164,19.262967,-10.932852,-0.754688,-12.180031
2026-08-05T11:49:59.007889,1785926999.007890,5.801032,0.6717315316200256,0.2892392873764038,-0.6634781360626221,0.15784242749214172,0.7198250889778137,0.13237088918685913,-0.6539323925971985,0.1915789246559143,19.248734,-11.052976,-0.855680,-7.221514
2026-08-05T11:49:59.025282,1785926999.025283,5.818425,0.6721968054771423,0.288631796836853,-0.6636410355567932,0.15628115832805634,0.7201753258705139,0.13228614628314972,-0.6539867520332336,0.19013017416000366,19.192073,-11.003345,-3.257679,2.853517
2026-08-05T11:49:59.042073,1785926999.042074,5.835216,0.6727226376533508,0.28778770565986633,-0.6638779640197754,0.15455953776836395,0.720522403717041,0.13242854177951813,-0.6538236141204834,0.18927469849586487,19.103421,-10.852040,-5.279686,9.011030
2026-08-05T11:49:59.059370,1785926999.059371,5.851583,0.673124372959137,0.287201464176178,-0.6639852523803711,0.15343624353408813,0.7208940982818604,0.132674902677536,-0.6535105109214783,0.18876731395721436,19.031083,-10.735668,-4.419910,7.110379
2026-08-05T11:49:59.074813,1785926999.074814,5.867956,0.673489511013031,0.2868632376194,-0.6639121174812317,0.1527813822031021,0.7212503552436829,0.13282032310962677,-0.6532182693481445,0.18831586837768555,18.985614,-10.683466,-2.777001,3.188222
2026-08-05T11:49:59.091795,1785926999.091795,5.884938,0.6740336418151855,0.2864640951156616,-0.6636724472045898,0.15217053890228271,0.721603274345398,0.13295070827007294,-0.652911901473999,0.18793421983718872,18.928792,-10.625674,-3.346114,3.403230
2026-08-05T11:49:59.122879,1785926999.122880,5.916022,0.6743444204330444,0.28646546602249146,-0.6634093523025513,0.15193919837474823,0.7219694256782532,0.1334216147661209,-0.6524490714073181,0.18780110776424408,18.884385,-10.586224,-1.428585,1.269140
2026-08-05T11:49:59.140636,1785926999.140636,5.933779,0.674610435962677,0.28665590286254883,-0.6630614399909973,0.1519172191619873,0.7224029302597046,0.13402488827705383,-0.6518715023994446,0.1877102106809616,18.845907,-10.567534,-2.166963,1.052539
2026-08-05T11:49:59.156468,1785926999.156469,5.949611,0.6748790144920349,0.2866814434528351,-0.6628254652023315,0.15170599520206451,0.722923994064331,0.1342681497335434,-0.6513735055923462,0.18725843727588654,18.827194,-10.578555,-1.181953,-0.696069
2026-08-05T11:49:59.172908,1785926999.172909,5.966051,0.6750208139419556,0.28674590587615967,-0.6626961827278137,0.1515175700187683,0.7233952879905701,0.13398106396198273,-0.6511868238449097,0.18629029393196106,18.857136,-10.679351,1.821375,-6.131375
2026-08-05T11:49:59.188500,1785926999.188501,5.981643,0.6751233339309692,0.2867458760738373,-0.6626439690589905,0.1512889564037323,0.7238213419914246,0.13371136784553528,-0.6510924696922302,0.1851562261581421,18.875555,-10.781949,1.181297,-6.580113
2026-08-05T11:49:59.200494,1785926999.200495,5.993637,0.6751856207847595,0.28671929240226746,-0.6625844240188599,0.15132257342338562,0.7242900729179382,0.13380254805088043,-0.6508243680000305,0.1841968297958374,18.855386,-10.859150,-1.681579,-6.436697
2026-08-05T11:49:59.223233,1785926999.223234,6.016376,0.6751705408096313,0.28674471378326416,-0.6625872254371643,0.15132951736450195,0.7247892022132874,0.1340143233537674,-0.650486946105957,0.18326933681964874,18.834863,-10.926520,-0.902555,-2.962726
2026-08-05T11:49:59.239335,1785926999.239336,6.032478,0.6751542687416077,0.2866852283477783,-0.6626636385917664,0.15117967128753662,0.7252044081687927,0.13408832252025604,-0.6503317952156067,0.18211986124515533,18.815612,-11.001595,-1.195579,-4.662539
2026-08-05T11:49:59.255346,1785926999.255347,6.048489,0.6751738786697388,0.28650155663490295,-0.6628060340881348,0.15081563591957092,0.7255979776382446,0.1340581774711609,-0.6502687931060791,0.180793896317482,18.793605,-11.070750,-1.374443,-4.319164
2026-08-05T11:49:59.272139,1785926999.272140,6.065282,0.6751622557640076,0.28626754879951477,-0.6630175709724426,0.15038208663463593,0.7260147929191589,0.13406769931316376,-0.6501628756523132,0.17949074506759644,18.767574,-11.124708,-1.550102,-3.213107
2026-08-05T11:49:59.305379,1785926999.305379,6.098521,0.6752780079841614,0.2858600616455078,-0.6632007360458374,0.14982886612415314,0.726413369178772,0.1341269165277481,-0.6500683426856995,0.17817074060440063,18.714848,-11.150479,-1.586263,-0.775304
2026-08-05T11:49:59.314329,1785926999.314330,6.107472,0.6753478646278381,0.28548043966293335,-0.6634333729743958,0.14920681715011597,0.7267897725105286,0.13432447612285614,-0.6499769687652588,0.17681534588336945,18.652798,-11.164290,-6.932424,-1.543089
2026-08-05T11:49:59.321577,1785926999.321578,6.114720,0.6755517721176147,0.2852210998535156,-0.6634382009506226,0.14875751733779907,0.7270991802215576,0.1348019391298294,-0.6498715281486511,0.1755630373954773,18.563473,-11.171164,-12.324159,-0.948338
2026-08-05T11:49:59.338239,1785926999.338240,6.130607,0.6757495403289795,0.28520089387893677,-0.6633195877075195,0.1484263688325882,0.7273854613304138,0.13549672067165375,-0.6496767997741699,0.17456024885177612,18.478401,-11.171279,-5.354970,-0.007258
2026-08-05T11:49:59.356721,1785926999.356721,6.149863,0.6759077906608582,0.28541484475135803,-0.6630971431732178,0.1482878476381302,0.7276503443717957,0.13641461730003357,-0.649375319480896,0.17386169731616974,18.397562,-11.165031,-4.198021,0.324449
2026-08-05T11:49:59.371076,1785926999.371077,6.164219,0.6760002374649048,0.2856266498565674,-0.6629617810249329,0.14806397259235382,0.727901041507721,0.13733938336372375,-0.6490468382835388,0.17330975830554962,18.323262,-11.138966,-5.175647,1.815716
2026-08-05T11:49:59.405004,1785926999.405005,6.198147,0.6761249899864197,0.28575387597084045,-0.6628215312957764,0.14787691831588745,0.7281633019447327,0.13834042847156525,-0.648654043674469,0.17288190126419067,18.233402,-11.091810,-2.648551,1.389867
2026-08-05T11:49:59.421835,1785926999.421835,6.214977,0.6761820316314697,0.2859533429145813,-0.662656843662262,0.14796829223632812,0.7284340858459473,0.1393221616744995,-0.6482337117195129,0.1725289672613144,18.152788,-11.068769,-4.789785,1.369000
2026-08-05T11:49:59.438601,1785926999.438601,6.231744,0.6762911081314087,0.28618279099464417,-0.6624084711074829,0.14813800156116486,0.7286480069160461,0.1401309370994568,-0.6478785872459412,0.1723046898841858,18.089226,-11.058026,-3.791036,0.640748
2026-08-05T11:49:59.443770,1785926999.443771,6.236913,0.6763365268707275,0.28658321499824524,-0.6621707677841187,0.14821922779083252,0.7288427352905273,0.14073218405246735,-0.6475644111633301,0.17217233777046204,18.070624,-11.065699,-3.598592,-1.484243
2026-08-05T11:49:59.447265,1785926999.447266,6.240408,0.67655348777771,0.2865411043167114,-0.6619744896888733,0.14818720519542694,0.7290380001068115,0.1410851925611496,-0.647340714931488,0.17189738154411316,18.023808,-11.055540,-13.394373,2.906614
2026-08-05T11:49:59.454895,1785926999.454896,6.248038,0.6764621138572693,0.28646594285964966,-0.6620772480964661,0.1482909619808197,0.7292444109916687,0.14107081294059753,-0.6472043395042419,0.1715468019247055,18.023582,-11.088679,-0.029503,-4.343341
2026-08-05T11:49:59.471869,1785926999.471869,6.265012,0.6764023303985596,0.28638577461242676,-0.6621147394180298,0.14855049550533295,0.7293674945831299,0.14098095893859863,-0.6471860408782959,0.17116665840148926,18.021560,-11.141118,-0.119126,-3.089399
2026-08-05T11:49:59.487642,1785926999.487643,6.280785,0.6765615344047546,0.2860746383666992,-0.6620494723320007,0.14871636033058167,0.7294529676437378,0.14091283082962036,-0.647166907787323,0.1709303855895996,17.985740,-11.151287,-2.270960,-0.644743
2026-08-05T11:49:59.522044,1785926999.522044,6.315187,0.6766468286514282,0.2856787443161011,-0.6620766520500183,0.14896731078624725,0.72947096824646,0.14078392088413239,-0.6471655964851379,0.17096461355686188,17.951515,-11.142315,-0.994867,0.260794
2026-08-05T11:49:59.538526,1785926999.538527,6.331669,0.6768200397491455,0.28524208068847656,-0.6620376110076904,0.14919106662273407,0.7294619679450989,0.14013534784317017,-0.6472675204277039,0.17115098237991333,17.964879,-11.158236,0.810783,-0.965897
2026-08-05T11:49:59.555685,1785926999.555685,6.348828,0.6770638823509216,0.28441351652145386,-0.6621874570846558,0.14900150895118713,0.7294026613235474,0.1385369449853897,-0.6476667523384094,0.17119371891021729,18.036349,-11.194916,4.165332,-2.137772
2026-08-05T11:49:59.572417,1785926999.572418,6.365560,0.6770750284194946,0.2836126387119293,-0.6626926064491272,0.1482299268245697,0.7292205691337585,0.136123389005661,-0.6484020352363586,0.17112238705158234,18.210187,-11.262764,10.389269,-4.054861
2026-08-05T11:49:59.605111,1785926999.605111,6.398253,0.6774412989616394,0.2820605933666229,-0.6632031202316284,0.1472306102514267,0.7288424968719482,0.1335718035697937,-0.6493692994117737,0.1710759848356247,18.300648,-11.250176,2.766961,0.385037
2026-08-05T11:49:59.621956,1785926999.621957,6.415099,0.6773951649665833,0.28112295269966125,-0.6638430953025818,0.14634962379932404,0.7285972237586975,0.13146378099918365,-0.6500162482261658,0.17129617929458618,18.437789,-11.246443,8.141021,0.221568
2026-08-05T11:49:59.638182,1785926999.638182,6.431325,0.6777529120445251,0.2797560393810272,-0.6641458868980408,0.14593768119812012,0.7284566760063171,0.12992164492607117,-0.650346040725708,0.17181843519210815,18.455104,-11.171349,1.067105,4.628133
2026-08-05T11:49:59.671620,1785926999.671620,6.464762,0.6778088212013245,0.2786604166030884,-0.6644869446754456,0.14622145891189575,0.728458821773529,0.12811791896820068,-0.6505439877510071,0.17241384088993073,18.536194,-11.192990,2.425106,-0.647200
2026-08-05T11:49:59.687997,1785926999.687997,6.481140,0.6783084273338318,0.2772687077522278,-0.6644788384437561,0.1465870589017868,0.7282146215438843,0.12589280307292938,-0.6511465311050415,0.17280907928943634,18.593640,-11.243209,3.507687,-3.066366
2026-08-05T11:49:59.702931,1785926999.702931,6.496073,0.6786071062088013,0.2757554352283478,-0.6647719740867615,0.14672978222370148,0.7278764247894287,0.12323637306690216,-0.6519251465797424,0.17321284115314484,18.694549,-11.297493,6.757115,-3.634978
2026-08-05T11:49:59.719822,1785926999.719822,6.512964,0.6790059804916382,0.2740188241004944,-0.6651849746704102,0.14626544713974,0.7276663184165955,0.11972660571336746,-0.6526340842247009,0.17388573288917542,18.883533,-11.334404,11.188415,-2.185262
2026-08-05T11:49:59.737611,1785926999.737612,6.530754,0.6791473627090454,0.2726293206214905,-0.6659329533576965,0.14479495584964752,0.7275148034095764,0.1153426319360733,-0.6533878445625305,0.1746501922607422,19.240943,-11.388448,20.091223,-3.038013
2026-08-05T11:49:59.755028,1785926999.755028,6.548171,0.680033802986145,0.2700880467891693,-0.6663828492164612,0.14331930875778198,0.7274101376533508,0.11029782891273499,-0.6543059349060059,0.17490865290164948,19.511257,-11.435359,15.520138,-2.693400
2026-08-05T11:49:59.771275,1785926999.771276,6.564418,0.6802643537521362,0.2676876187324524,-0.6672433018684387,0.1427239328622818,0.7274588942527771,0.10470499098300934,-0.655143141746521,0.17500919103622437,19.865896,-11.620939,21.827926,-11.422372
2026-08-05T11:49:59.788486,1785926999.788487,6.581629,0.6801438331604004,0.26592710614204407,-0.6680174469947815,0.14296774566173553,0.7275480031967163,0.099148690700531,-0.6558243632316589,0.17532332241535187,20.286106,-11.910238,24.414961,-16.808747
2026-08-05T11:49:59.805112,1785926999.805113,6.598255,0.680691123008728,0.26386648416519165,-0.6681328415870667,0.143640398979187,0.7276051640510559,0.09416764229536057,-0.6562899351119995,0.17608806490898132,20.587756,-12.126532,18.143362,-13.009526
2026-08-05T11:49:59.821797,1785926999.821798,6.614940,0.6800010800361633,0.26328763365745544,-0.6689823269844055,0.14401745796203613,0.7275589108467102,0.08984600007534027,-0.6565805077552795,0.17744877934455872,21.039268,-12.342625,27.060959,-12.951305
2026-08-05T11:49:59.838562,1785926999.838563,6.631705,0.6801642775535583,0.2619485557079315,-0.6694738268852234,0.14340250194072723,0.7272969484329224,0.08640208840370178,-0.6568920016288757,0.17907260358333588,21.305456,-12.319300,15.877456,1.391308
2026-08-05T11:49:59.855545,1785926999.855545,6.647682,0.6806736588478088,0.2606865167617798,-0.6693055033683777,0.14407029747962952,0.7271291613578796,0.08353684842586517,-0.6569955945014954,0.18072611093521118,21.480359,-12.359910,10.947238,-2.541842
2026-08-05T11:49:59.871480,1785926999.871480,6.664622,0.6799284219741821,0.26018235087394714,-0.670020580291748,0.14517278969287872,0.7271464467048645,0.08119726926088333,-0.6569088101387024,0.18203337490558624,21.712940,-12.479686,13.729420,-7.070451
2026-08-05T11:49:59.888582,1785926999.888582,6.681725,0.679899275302887,0.2594054043292999,-0.6700688600540161,0.14647094905376434,0.7270211577415466,0.07930783927440643,-0.6570438742637634,0.18287764489650726,21.820630,-12.595801,6.296751,-6.789320
2026-08-05T11:49:59.893399,1785926999.893400,6.686542,0.6793645024299622,0.25934499502182007,-0.6702921390533447,0.14803007245063782,0.7267982959747314,0.07781320065259933,-0.6572368144989014,0.18371063470840454,21.970449,-12.761529,31.100480,-34.403213
2026-08-05T11:49:59.905039,1785926999.905039,6.698181,0.678886890411377,0.25958454608917236,-0.670371949672699,0.1494317650794983,0.7264861464500427,0.07743161171674728,-0.6572755575180054,0.18496331572532654,22.040126,-12.816285,5.986331,-4.704373
2026-08-05T11:49:59.938893,1785926999.938894,6.732036,0.678732693195343,0.260356605052948,-0.669837236404419,0.15117700397968292,0.7260972261428833,0.07787252217531204,-0.6571698188781738,0.18667350709438324,22.065563,-12.846438,0.751373,-0.890670
2026-08-05T11:49:59.955312,1785926999.955313,6.748455,0.6781609058380127,0.26181191205978394,-0.6694535613059998,0.1529194861650467,0.7257243990898132,0.0789031907916069,-0.6569181680679321,0.18856680393218994,22.119821,-12.872452,3.304536,-1.584347
2026-08-05T11:49:59.971924,1785926999.971924,6.763999,0.6777620911598206,0.2632266879081726,-0.6689886450767517,0.1542878895998001,0.7252720594406128,0.08041897416114807,-0.6567636728286743,0.19019801914691925,22.110587,-12.847265,-0.594103,1.620405
2026-08-05T11:49:59.988866,1785926999.988867,6.782009,0.6775687336921692,0.2642465829849243,-0.6686067581176758,0.1550472229719162,0.7248023152351379,0.0822737067937851,-0.6567085981369019,0.19138164818286896,22.018384,-12.746790,-5.119560,5.578889
2026-08-05T11:50:00.005181,1785927000.005181,6.798323,0.6774588823318481,0.2649463713169098,-0.6682991981506348,0.15565674006938934,0.7243657112121582,0.08415928483009338,-0.6567615866661072,0.19203168153762817,21.878003,-12.646504,-8.604772,6.147117
2026-08-05T11:50:00.021532,1785927000.021533,6.814675,0.6775150299072266,0.2653332054615021,-0.6680029034614563,0.15602557361125946,0.7239646911621094,0.08574040234088898,-0.6569432020187378,0.19222362339496613,21.727517,-12.562301,-9.203127,5.149481
2026-08-05T11:50:00.038428,1785927000.038428,6.831571,0.6774676442146301,0.26546838879585266,-0.6680986881256104,0.15559010207653046,0.723413348197937,0.08666925877332687,-0.6574847102165222,0.19203095138072968,21.629097,-12.472042,-5.825209,5.342218
2026-08-05T11:50:00.054931,1785927000.054932,6.848074,0.6772084832191467,0.26586610078811646,-0.6684502363204956,0.1545264571905136,0.722778856754303,0.08746648579835892,-0.6581713557243347,0.19170664250850677,21.589476,-12.374107,-2.400761,5.934137
2026-08-05T11:50:00.071603,1785927000.071604,6.864746,0.6773161888122559,0.2662396728992462,-0.6684014797210693,0.15361860394477844,0.722102701663971,0.08862081170082092,-0.658816397190094,0.1915077567100525,21.494638,-12.250261,-5.688496,7.428426
2026-08-05T11:50:00.088402,1785927000.088403,6.881545,0.6773971915245056,0.26690059900283813,-0.6680875420570374,0.15348029136657715,0.7215491533279419,0.09041480720043182,-0.6590698957443237,0.19188325107097626,21.362418,-12.116642,-7.870788,7.954132
2026-08-05T11:50:00.105158,1785927000.105159,6.898301,0.6770012378692627,0.26817023754119873,-0.6678573489189148,0.15401561558246613,0.7210726141929626,0.09253691136837006,-0.6591044068336487,0.19254319369792938,21.268734,-12.039728,-5.590960,4.590133
2026-08-05T11:50:00.121844,1785927000.121845,6.914987,0.6767356991767883,0.2693485617637634,-0.6675499081611633,0.1544579565525055,0.7207096815109253,0.0945226326584816,-0.6590743064880371,0.19304005801677704,21.177850,-11.974200,-5.446839,3.927175
2026-08-05T11:50:00.138443,1785927000.138444,6.931586,0.6765577793121338,0.26989296078681946,-0.6675196886062622,0.15441831946372986,0.7204307913780212,0.09620262682437897,-0.6590971350669861,0.19317322969436646,21.055220,-11.867096,-7.387728,6.452411
2026-08-05T11:50:00.155073,1785927000.155074,6.947229,0.6762868165969849,0.2705215513706207,-0.6674320697784424,0.15488311648368835,0.7201339602470398,0.09791924804449081,-0.6591354608535767,0.19328665733337402,20.926806,-11.805990,-8.208839,3.906153
2026-08-05T11:50:00.171521,1785927000.171522,6.964664,0.6759278774261475,0.2717444598674774,-0.6670478582382202,0.15596099197864532,0.7198750376701355,0.09993388503789902,-0.6589982509613037,0.19368815422058105,20.825785,-11.801688,-5.794215,0.246796
2026-08-05T11:50:00.188780,1785927000.188781,6.981923,0.6757286787033081,0.2727438509464264,-0.6666386127471924,0.15682677924633026,0.7196743488311768,0.10211575776338577,-0.6586170792579651,0.19459038972854614,20.697719,-11.706942,-7.420382,5.489764
2026-08-05T11:50:00.193447,1785927000.193448,6.986590,0.6753519177436829,0.2737623155117035,-0.6664887070655823,0.15731146931648254,0.7196179032325745,0.10400642454624176,-0.6580711603164673,0.1956413835287094,20.627746,-11.595120,-14.993043,23.959915
2026-08-05T11:50:00.196619,1785927000.196620,6.989762,0.675287663936615,0.27416476607322693,-0.6664393544197083,0.15709561109542847,0.7195298075675964,0.10527621954679489,-0.6578019857406616,0.19619017839431763,20.553088,-11.463975,-23.537216,41.345518
2026-08-05T11:50:00.204800,1785927000.204800,6.997943,0.6753271818161011,0.27436789870262146,-0.6663152575492859,0.15709750354290009,0.719485878944397,0.10603579133749008,-0.6576892137527466,0.1963207870721817,20.493543,-11.409618,-7.278598,6.644361
2026-08-05T11:50:00.221172,1785927000.221172,7.013624,0.6754481196403503,0.2744213938713074,-0.6661137938499451,0.1573381870985031,0.7195577025413513,0.10637753456830978,-0.6575878262519836,0.19621185958385468,20.451528,-11.416824,-2.679326,-0.459503
2026-08-05T11:50:00.224924,1785927000.224925,7.018067,0.6754000186920166,0.274467796087265,-0.6660837531089783,0.15759128332138062,0.7195967435836792,0.10659413784742355,-0.6575230360031128,0.19616854190826416,20.428327,-11.427233,-5.221744,-2.342754
2026-08-05T11:50:00.237463,1785927000.237463,7.030605,0.6753394603729248,0.27461856603622437,-0.6660118699073792,0.1578914374113083,0.7195554375648499,0.10685446858406067,-0.6574380993843079,0.19646288454532623,20.416920,-11.418938,-0.909754,0.661576
2026-08-05T11:50:00.271067,1785927000.271067,7.064209,0.6749184131622314,0.27534225583076477,-0.6660953164100647,0.15808004140853882,0.7193945050239563,0.10727100819349289,-0.6573777198791504,0.1970262974500656,20.467859,-11.415587,1.515848,0.099728
2026-08-05T11:50:00.288785,1785927000.288786,7.081928,0.6750209331512451,0.27563872933387756,-0.665921151638031,0.15785853564739227,0.719176173210144,0.10789016634225845,-0.6573191285133362,0.1976795494556427,20.445306,-11.319327,-1.272851,5.432730
2026-08-05T11:50:00.321446,1785927000.321446,7.114588,0.6751107573509216,0.27530568838119507,-0.6659755110740662,0.15782566368579865,0.7191540598869324,0.10832834243774414,-0.6571729779243469,0.198006272315979,20.369052,-11.222956,-2.334750,2.950690
2026-08-05T11:50:00.339031,1785927000.339032,7.132174,0.6746138334274292,0.2753680348396301,-0.6664157509803772,0.1579836755990982,0.7191342711448669,0.10832294076681137,-0.657265841960907,0.19777274131774902,20.381948,-11.255911,0.733301,-1.873919
2026-08-05T11:50:00.343319,1785927000.343320,7.136462,0.6744418144226074,0.27516046166419983,-0.6667381525039673,0.15771986544132233,0.7189664244651794,0.1079632118344307,-0.6577070355415344,0.19711175560951233,20.387652,-11.295090,1.330326,-9.137069
2026-08-05T11:50:00.354802,1785927000.354802,7.147944,0.6744204163551331,0.27511489391326904,-0.6668167114257812,0.1575579047203064,0.7187533378601074,0.10778822004795074,-0.6581310033798218,0.19656911492347717,20.384511,-11.333726,-0.273562,-3.364819
2026-08-05T11:50:00.387378,1785927000.387378,7.180520,0.6741960048675537,0.27516797184944153,-0.6670193076133728,0.15756826102733612,0.718559205532074,0.10796380043029785,-0.6583859324455261,0.19632835686206818,20.365486,-11.340112,-0.584027,-0.196011
2026-08-05T11:50:00.404978,1785927000.404979,7.198121,0.6741569638252258,0.2751947343349457,-0.667034387588501,0.15762454271316528,0.718342125415802,0.10845313966274261,-0.658507764339447,0.19644466042518616,20.311156,-11.294139,-3.086849,2.612005
2026-08-05T11:50:00.422112,1785927000.422112,7.215254,0.6741065979003906,0.2755873501300812,-0.666897177696228,0.15773515403270721,0.7181462049484253,0.10891285538673401,-0.6585775017738342,0.1966729611158371,20.301550,-11.280382,-0.560630,0.802956
2026-08-05T11:50:00.438483,1785927000.438483,7.231626,0.6739936470985413,0.2761771082878113,-0.6667736172676086,0.15770794451236725,0.7180216312408447,0.1093265563249588,-0.6585841178894043,0.19687584042549133,20.325439,-11.280196,1.459174,0.011314
2026-08-05T11:50:00.455349,1785927000.455349,7.248491,0.6740703582763672,0.2760660648345947,-0.6668938994407654,0.15706497430801392,0.7180060148239136,0.10977842658758163,-0.6585116982460022,0.19692394137382507,20.280627,-11.177073,-2.656934,6.114368
2026-08-05T11:50:00.471741,1785927000.471741,7.264884,0.6742697358131409,0.2756097614765167,-0.6669695377349854,0.15668879449367523,0.7181488275527954,0.10998046398162842,-0.6584212183952332,0.19659188389778137,20.209839,-11.118005,-4.318351,3.603398
2026-08-05T11:50:00.488241,1785927000.488242,7.281384,0.6742230653762817,0.2752807140350342,-0.6672208905220032,0.156398206949234,0.7182608246803284,0.10990723967552185,-0.6584991216659546,0.1959618180990219,20.178886,-11.122183,-1.875903,-0.253254
2026-08-05T11:50:00.505451,1785927000.505452,7.298594,0.6741781830787659,0.27498435974121094,-0.6674765944480896,0.15602117776870728,0.7183604836463928,0.1099599227309227,-0.6585588455200195,0.19536598026752472,20.140787,-11.109147,-2.213796,0.757476
2026-08-05T11:50:00.522202,1785927000.522203,7.315019,0.6741496324539185,0.27477359771728516,-0.6677043437957764,0.15554039180278778,0.71864253282547,0.11072047054767609,-0.6581085920333862,0.19541575014591217,20.062814,-10.987006,-4.747317,7.436451
2026-08-05T11:50:00.538540,1785927000.538540,7.331682,0.6744129061698914,0.27450624108314514,-0.6676211357116699,0.1552278697490692,0.7189905643463135,0.11210271716117859,-0.6574065089225769,0.19571051001548767,19.907651,-10.805334,-9.311392,10.902229
2026-08-05T11:50:00.555221,1785927000.555222,7.348364,0.6746314167976379,0.2744382619857788,-0.6674896478652954,0.15496361255645752,0.7193509936332703,0.11335263401269913,-0.6567782163619995,0.19577600061893463,19.782480,-10.675670,-7.503506,7.772845
2026-08-05T11:50:00.571883,1785927000.571883,7.365026,0.6749508380889893,0.2741777002811432,-0.667373776435852,0.15453298389911652,0.7198130488395691,0.11405622214078903,-0.6563028693199158,0.19526168704032898,19.683537,-10.609253,-5.938444,3.986282
2026-08-05T11:50:00.590097,1785927000.590097,7.382718,0.6751616597175598,0.2737988531589508,-0.6674689650535583,0.15387099981307983,0.7202479839324951,0.11416786909103394,-0.656098484992981,0.19427792727947235,19.631153,-10.599087,-2.960758,0.574578
2026-08-05T11:50:00.605075,1785927000.605076,7.398218,0.675613284111023,0.27334120869636536,-0.6673122644424438,0.15338127315044403,0.7206603288650513,0.1142759695649147,-0.6559035778045654,0.19334040582180023,19.557428,-10.593693,-4.756540,0.348000
2026-08-05T11:50:00.622023,1785927000.622024,7.415166,0.6757128834724426,0.2731809616088867,-0.6673761606216431,0.15294937789440155,0.7211539149284363,0.11418754607439041,-0.6556283831596375,0.19248361885547638,19.553003,-10.628416,-0.261105,-2.048789
2026-08-05T11:50:00.637288,1785927000.637288,7.430430,0.6758698225021362,0.2728455662727356,-0.6674935221672058,0.15234097838401794,0.7216578722000122,0.11395040899515152,-0.6553642153739929,0.1916332244873047,19.549783,-10.644954,-0.210943,-1.083422
2026-08-05T11:50:00.644927,1785927000.644928,7.437153,0.6760937571525574,0.2726857662200928,-0.6674292683601379,0.1519148051738739,0.7221263647079468,0.11355850100517273,-0.6551797389984131,0.1907297819852829,19.570669,-10.709823,3.106990,-9.650036
2026-08-05T11:50:00.654512,1785927000.654512,7.447654,0.6763168573379517,0.2722543776035309,-0.6675194501876831,0.15129722654819489,0.7225135564804077,0.11313625425100327,-0.6550690531730652,0.18989267945289612,19.570735,-10.729922,0.006298,-1.913844
2026-08-05T11:50:00.670749,1785927000.670749,7.463892,0.6765154004096985,0.2719169557094574,-0.6675411462783813,0.15092051029205322,0.7228164076805115,0.11299092322587967,-0.6549465656280518,0.1892477124929428,19.547639,-10.738263,-1.422362,-0.513675
2026-08-05T11:50:00.687306,1785927000.687307,7.480449,0.6767067909240723,0.2715166211128235,-0.667556881904602,0.15071390569210052,0.7230855822563171,0.11311677098274231,-0.6547436714172363,0.18884599208831787,19.490474,-10.711555,-3.452607,1.613035
2026-08-05T11:50:00.704012,1785927000.704012,7.497155,0.6767801642417908,0.2712506949901581,-0.6676471829414368,0.15046265721321106,0.7233283519744873,0.11328776925802231,-0.6545418500900269,0.18851394951343536,19.449449,-10.683159,-2.455716,1.699784
2026-08-05T11:50:00.721083,1785927000.721084,7.514226,0.6766924858093262,0.27123719453811646,-0.6677684783935547,0.15034277737140656,0.723450243473053,0.11294697970151901,-0.6546440124511719,0.18789464235305786,19.478533,-10.751786,1.703683,-4.019993
2026-08-05T11:50:00.737868,1785927000.737869,7.531011,0.676715075969696,0.2710992097854614,-0.6678001284599304,0.15035006403923035,0.7235241532325745,0.11240016669034958,-0.6548563838005066,0.1871969848871231,19.504675,-10.842593,1.557428,-5.410038
2026-08-05T11:50:00.754531,1785927000.754531,7.547674,0.6765393018722534,0.2707960307598114,-0.6681519746780396,0.15012416243553162,0.7236120104789734,0.11232014000415802,-0.654857873916626,0.18689928948879242,19.490423,-10.826653,-0.855279,0.956582
2026-08-05T11:50:00.771305,1785927000.771306,7.564448,0.6766343712806702,0.2702977657318115,-0.6682809591293335,0.15001919865608215,0.7237355709075928,0.11238167434930801,-0.6547521948814392,0.18675430119037628,19.432428,-10.780633,-3.457356,2.743451
2026-08-05T11:50:00.788521,1785927000.788521,7.581664,0.6767339706420898,0.26977330446243286,-0.668458104133606,0.14972485601902008,0.7237907648086548,0.11231955885887146,-0.65473872423172,0.18662482500076294,19.387340,-10.725165,-2.619061,3.222034
2026-08-05T11:50:00.793319,1785927000.793319,7.586462,0.6767985820770264,0.26919612288475037,-0.668740451335907,0.1492096334695816,0.7237733006477356,0.11188571155071259,-0.6549059748649597,0.1863667368888855,19.376917,-10.687135,-2.172225,7.925920
2026-08-05T11:50:00.837043,1785927000.837852,7.630186,0.6769570708274841,0.26873505115509033,-0.6689016819000244,0.14859725534915924,0.7237281203269958,0.11130781471729279,-0.6551405191421509,0.18606387078762054,19.390106,-10.668209,0.301632,0.432828
2026-08-05T11:50:00.854245,1785927000.854246,7.647388,0.6770543456077576,0.2685064673423767,-0.6689960360527039,0.14814239740371704,0.7236586213111877,0.11101458221673965,-0.6553022861480713,0.18593838810920715,19.399538,-10.644846,0.548321,1.358187
2026-08-05T11:50:00.870595,1785927000.870595,7.663737,0.6768975257873535,0.2687551975250244,-0.6690852046012878,0.14800480008125305,0.7236059904098511,0.11110643297433853,-0.6553362607955933,0.18596895039081573,19.424488,-10.645116,1.526066,-0.016485
2026-08-05T11:50:00.887149,1785927000.887149,7.680292,0.6768158674240112,0.2689245939254761,-0.6691107749938965,0.14795516431331635,0.7235673666000366,0.11148206144571304,-0.6552815437316895,0.18608762323856354,19.408879,-10.615160,-0.942910,1.809546
2026-08-05T11:50:00.904431,1785927000.904432,7.697574,0.6766875386238098,0.26929771900177,-0.669037938117981,0.14819292724132538,0.7235018014907837,0.11183495074510574,-0.6553042531013489,0.1860506236553192,19.405048,-10.641068,-0.221635,-1.499130
2026-08-05T11:50:00.920611,1785927000.920611,7.713754,0.6764874458312988,0.26965275406837463,-0.6690537929534912,0.14838869869709015,0.7234026193618774,0.11216668784618378,-0.6553741693496704,0.18599016964435577,19.403682,-10.664587,-0.084427,-1.453626
2026-08-05T11:50:00.937416,1785927000.937416,7.730558,0.6763705015182495,0.2700028419494629,-0.6690441370010376,0.1483294516801834,0.7233209013938904,0.11245626956224442,-0.6554508805274963,0.1858627051115036,19.408742,-10.677121,0.301096,-0.745853
2026-08-05T11:50:00.939423,1785927000.939423,7.732565,0.6762449145317078,0.27029648423194885,-0.6690656542778015,0.14827023446559906,0.7231423258781433,0.11281060427427292,-0.6556017994880676,0.1858103722333908,19.399537,-10.671584,-4.586716,2.759125
2026-08-05T11:50:00.954076,1785927000.954077,7.747219,0.6759538650512695,0.2705461382865906,-0.6692827343940735,0.1481620818376541,0.7229530215263367,0.11316435784101486,-0.6557779312133789,0.18571072816848755,19.392230,-10.660470,-0.498618,0.758395
2026-08-05T11:50:00.971366,1785927000.971367,7.764509,0.6757825613021851,0.27078455686569214,-0.669321596622467,0.14833228290081024,0.7227615714073181,0.11369191110134125,-0.6558979749679565,0.18571007251739502,19.355520,-10.649062,-2.123160,0.659823
2026-08-05T11:50:00.988154,1785927000.988155,7.781297,0.6755066514015198,0.2712092399597168,-0.6693733930587769,0.14858002960681915,0.722576916217804,0.1142709031701088,-0.6559882760047913,0.18575356900691986,19.336379,-10.652713,-1.140209,-0.217505
2026-08-05T11:50:01.021551,1785927001.021552,7.814694,0.6753520369529724,0.2716669738292694,-0.6692972779273987,0.14878806471824646,0.722338080406189,0.11470402032136917,-0.6561633944511414,0.18579763174057007,19.329889,-10.668538,-0.194313,-0.473826
2026-08-05T11:50:01.038124,1785927001.038125,7.831267,0.6752306818962097,0.27213191986083984,-0.6692155599594116,0.14885647594928741,0.7219868302345276,0.11508643627166748,-0.6564071774482727,0.18606477975845337,19.333531,-10.658633,0.219756,0.597636
2026-08-05T11:50:01.054847,1785927001.054848,7.847990,0.6750034689903259,0.27267763018608093,-0.6692089438438416,0.14891885221004486,0.7216452956199646,0.11572160571813583,-0.6565316319465637,0.1865563988685608,19.330123,-10.615936,-0.203778,2.553162
2026-08-05T11:50:01.089820,1785927001.089820,7.881442,0.6749606728553772,0.27315279841423035,-0.6690019965171814,0.14917169511318207,0.7214000225067139,0.1167338415980339,-0.6563825607299805,0.18739674985408783,19.280903,-10.525021,-1.471387,2.717820
2026-08-05T11:50:01.092409,1785927001.092409,7.885551,0.6748118996620178,0.2734988033771515,-0.6689448356628418,0.14946633577346802,0.7212041616439819,0.11771806329488754,-0.6561905741691589,0.18820594251155853,19.225879,-10.430046,-13.388393,23.109048
2026-08-05T11:50:01.104301,1785927001.104302,7.897444,0.6747034192085266,0.27373871207237244,-0.6688762307167053,0.14982369542121887,0.7210769653320312,0.11822725087404251,-0.6561148166656494,0.1886371225118637,19.198531,-10.401398,-2.299533,2.408881
2026-08-05T11:50:01.108128,1785927001.108129,7.901271,0.6747421622276306,0.2737826108932495,-0.6687669157981873,0.15005727112293243,0.7209423780441284,0.11852814257144928,-0.656094491481781,0.18903347849845886,19.169126,-10.365557,-7.683761,9.365605
2026-08-05T11:50:01.121221,1785927001.121222,7.914364,0.6745868921279907,0.27402904629707336,-0.6687932014465332,0.15018819272518158,0.7208529710769653,0.11862511187791824,-0.6561223268508911,0.18921677768230438,19.188583,-10.373769,1.486082,-0.627233
2026-08-05T11:50:01.138109,1785927001.138110,7.931252,0.6746524572372437,0.2742461562156677,-0.668570339679718,0.15048900246620178,0.7207772135734558,0.11908344179391861,-0.6559861302375793,0.18968866765499115,19.162173,-10.341358,-1.563829,1.919164
2026-08-05T11:50:01.155256,1785927001.155256,7.948399,0.6745198965072632,0.2747364342212677,-0.6683692336082458,0.15108083188533783,0.7207381129264832,0.11959699541330338,-0.6557881236076355,0.19019868969917297,19.160425,-10.349123,-0.101971,-0.452879
2026-08-05T11:50:01.171645,1785927001.171645,7.964787,0.6745256781578064,0.2751930356025696,-0.6680229306221008,0.15175460278987885,0.720714807510376,0.12024423480033875,-0.6555063724517822,0.1908487230539322,19.137938,-10.339115,-1.372065,0.610667
2026-08-05T11:50:01.190217,1785927001.190217,7.982843,0.6744815707206726,0.2754506766796112,-0.6678944826126099,0.15204814076423645,0.7207682132720947,0.12080603837966919,-0.6551927328109741,0.19136841595172882,19.116300,-10.298321,-1.198381,2.259337
2026-08-05T11:50:01.221439,1785927001.221440,8.014582,0.6746540069580078,0.2751202881336212,-0.6678726673126221,0.15197694301605225,0.7209094166755676,0.12107118964195251,-0.6549267768859863,0.1915794163942337,19.061636,-10.225709,-1.722293,2.287763
2026-08-05T11:50:01.238634,1785927001.238634,8.031776,0.674866795539856,0.2745538055896759,-0.6679416298866272,0.15175411105155945,0.7211164236068726,0.12077571451663971,-0.6548624038696289,0.19120636582374573,19.029648,-10.213977,-1.860462,0.682384
2026-08-05T11:50:01.243030,1785927001.243031,8.036173,0.6750650405883789,0.27412116527557373,-0.6679476499557495,0.1516283005475998,0.7212722897529602,0.12022580206394196,-0.654930591583252,0.19073089957237244,19.030713,-10.251155,0.242191,-8.456021
2026-08-05T11:50:01.256961,1785927001.256962,8.048047,0.67520672082901,0.27412131428718567,-0.6678017377853394,0.1516389101743698,0.7214406728744507,0.11985087394714355,-0.6548823714256287,0.19049498438835144,19.064063,-10.305529,2.808787,-4.579358
2026-08-05T11:50:01.271979,1785927001.271980,8.065122,0.675333559513092,0.2741992771625519,-0.6676566004753113,0.15157197415828705,0.7215876579284668,0.11997554451227188,-0.65462726354599,0.19073694944381714,19.069048,-10.280332,0.291889,1.475638
2026-08-05T11:50:01.289569,1785927001.289569,8.081706,0.6756943464279175,0.27397724986076355,-0.6674189567565918,0.1514129340648651,0.7217392325401306,0.12030906230211258,-0.6543101072311401,0.19104178249835968,19.016490,-10.199138,-3.169070,4.895800
2026-08-05T11:50:01.305201,1785927001.305201,8.098344,0.6758496165275574,0.27385884523391724,-0.667304515838623,0.1514379233121872,0.7219177484512329,0.12039497494697571,-0.6540661454200745,0.1911480873823166,18.998882,-10.177787,-1.058339,1.283339
2026-08-05T11:50:01.321918,1785927001.321919,8.115061,0.6760397553443909,0.2737683057785034,-0.6671386957168579,0.15148316323757172,0.7220892906188965,0.12042272090911865,-0.6538495421409607,0.19122417271137238,18.987003,-10.168120,-0.710596,0.578228
2026-08-05T11:50:01.338993,1785927001.338993,8.132135,0.6763468980789185,0.2735843062400818,-0.6669319272041321,0.15135499835014343,0.7222527861595154,0.12052806466817856,-0.6536341309547424,0.19127626717090607,18.956662,-10.132174,-1.776985,2.105308
2026-08-05T11:50:01.355316,1785927001.355316,8.148458,0.6764112710952759,0.2737805247306824,-0.6667865514755249,0.15135341882705688,0.7223966121673584,0.12081508338451385,-0.6533547043800354,0.19150680303573608,18.957247,-10.110274,0.035833,1.341608
2026-08-05T11:50:01.371705,1785927001.371705,8.164847,0.6766559481620789,0.27374428510665894,-0.6665616631507874,0.1513160616159439,0.7224984169006348,0.12143217772245407,-0.6530175805091858,0.19188237190246582,18.895841,-10.025442,-3.746848,5.176220
2026-08-05T11:50:01.389579,1785927001.389579,8.182721,0.6769012808799744,0.27393972873687744,-0.6661413311958313,0.15171527862548828,0.7226565480232239,0.12206412851810455,-0.6526232957839966,0.19222621619701385,18.844827,-9.999282,-2.854050,1.463563
2026-08-05T11:50:01.394927,1785927001.394927,8.188069,0.6770411729812622,0.27386948466300964,-0.6660012006759644,0.15183334052562714,0.722845196723938,0.12251181900501251,-0.652268648147583,0.1924363076686859,18.796018,-9.951425,-9.126706,8.948673
2026-08-05T11:50:01.404777,1785927001.404778,8.197920,0.6774998307228088,0.27290108799934387,-0.6660383343696594,0.15136674046516418,0.7231369614601135,0.12257649749517441,-0.6519712805747986,0.1923065036535263,18.693933,-9.835802,-10.363124,11.737447
2026-08-05T11:50:01.421766,1785927001.421766,8.214908,0.6779118776321411,0.27161186933517456,-0.6663309931755066,0.15055051445960999,0.7235864400863647,0.12160049378871918,-0.6519525051116943,0.19129633903503418,18.659459,-9.821806,-2.029331,0.823895
2026-08-05T11:50:01.438297,1785927001.438298,8.231440,0.6784601807594299,0.27010348439216614,-0.6665905714035034,0.14964312314987183,0.7239491939544678,0.12057507783174515,-0.6519766449928284,0.19048932194709778,18.607585,-9.767580,-3.137838,3.280136
2026-08-05T11:50:01.471549,1785927001.471550,8.264692,0.6788218021392822,0.269215852022171,-0.6667001843452454,0.1491134613752365,0.7243117690086365,0.11977489292621613,-0.6518323421478271,0.19010895490646362,18.605334,-9.746851,-0.067697,0.623368
2026-08-05T11:50:01.488129,1785927001.488130,8.281272,0.6792475581169128,0.2684509754180908,-0.6666979193687439,0.1485632210969925,0.724687397480011,0.11906741559505463,-0.6516136527061462,0.18987131118774414,18.609054,-9.717401,0.224413,1.776255
2026-08-05T11:50:01.505837,1785927001.505837,8.298980,0.6796886920928955,0.26771610975265503,-0.6666102409362793,0.14826451241970062,0.7250256538391113,0.11877959966659546,-0.6512618064880371,0.18996721506118774,18.572908,-9.648540,-2.041325,3.888797
2026-08-05T11:50:01.521559,1785927001.521560,8.314702,0.679847776889801,0.2673065960407257,-0.6666640639305115,0.14803197979927063,0.7254440188407898,0.11858154833316803,-0.6508473753929138,0.18991413712501526,18.569437,-9.618867,-0.220766,1.887313
2026-08-05T11:50:01.538637,1785927001.538637,8.331779,0.6802170872688293,0.26665598154067993,-0.666553795337677,0.1480049192905426,0.725858747959137,0.11817196011543274,-0.6505585312843323,0.189574733376503,18.538203,-9.625384,-1.828918,-0.381641
2026-08-05T11:50:01.554533,1785927001.554534,8.346711,0.6802597045898438,0.26636531949043274,-0.6666338443756104,0.1479722261428833,0.7262498140335083,0.1176406517624855,-0.650384247303009,0.1890043467283249,18.562105,-9.691147,1.600795,-4.404284
2026-08-05T11:50:01.559419,1785927001.559419,8.351539,0.6806623339653015,0.26569825410842896,-0.6665531396865845,0.147682324051857,0.7265219688415527,0.11745140701532364,-0.6501964330673218,0.18872182071208954,18.508818,-9.650829,-11.037158,8.350857
2026-08-05T11:50:01.570785,1785927001.570786,8.363928,0.6807307004928589,0.26558947563171387,-0.6665676236152649,0.14749789237976074,0.7267811894416809,0.11737143248319626,-0.6499843001365662,0.18850408494472504,18.513710,-9.654056,0.394852,-0.260516
2026-08-05T11:50:01.587269,1785927001.587269,8.380411,0.680851936340332,0.2655640244483948,-0.6665017604827881,0.14728140830993652,0.7268965244293213,0.11762751638889313,-0.6498250365257263,0.1884489208459854,18.489632,-9.620131,-1.460786,2.058196
2026-08-05T11:50:01.655068,1785927001.655068,8.447871,0.6810501217842102,0.26542603969573975,-0.6663737893104553,0.14719322323799133,0.7269831895828247,0.11788593232631683,-0.6497023105621338,0.18837633728981018,18.444542,-9.587298,-0.668395,0.486691
2026-08-05T11:50:01.671787,1785927001.671787,8.464182,0.6811144948005676,0.2651449739933014,-0.6664921045303345,0.14686602354049683,0.7270404696464539,0.11807344853878021,-0.6496468186378479,0.18822872638702393,18.402290,-9.532652,-2.590425,3.350337
2026-08-05T11:50:01.688083,1785927001.688083,8.479961,0.681315541267395,0.2646561563014984,-0.666590690612793,0.14636699855327606,0.7271020412445068,0.11784502863883972,-0.6497873663902283,0.18764841556549072,18.367339,-9.515749,-2.215046,1.071206
2026-08-05T11:50:01.703578,1785927001.703578,8.495314,0.681287407875061,0.26415136456489563,-0.6669659614562988,0.14569897949695587,0.7271711230278015,0.11729447543621063,-0.6500592231750488,0.18678194284439087,18.370746,-9.532239,0.221899,-1.073987
2026-08-05T11:50:01.720988,1785927001.720989,8.514131,0.6813827753067017,0.263543039560318,-0.6672202944755554,0.1451888084411621,0.7271385788917542,0.11718954890966415,-0.6502361297607422,0.18635888397693634,18.316995,-9.478284,-2.856582,2.867393
2026-08-05T11:50:01.737373,1785927001.737373,8.530515,0.68147212266922,0.263157457113266,-0.6673679947853088,0.1447894424200058,0.7270585298538208,0.1174534484744072,-0.6502875685691833,0.1863250732421875,18.255104,-9.391130,-3.777399,5.319299
2026-08-05T11:50:01.754654,1785927001.754655,8.547797,0.6815958619117737,0.26283398270606995,-0.6674734950065613,0.1443079262971878,0.7270764708518982,0.1177075132727623,-0.6502712368965149,0.18615183234214783,18.201671,-9.316917,-3.091899,4.294311
2026-08-05T11:50:01.771238,1785927001.771239,8.564381,0.6815717220306396,0.2625105082988739,-0.6677455306053162,0.14374993741512299,0.7270108461380005,0.11822864413261414,-0.6502488851547241,0.1861552894115448,18.132468,-9.197999,-4.172896,7.170727
2026-08-05T11:50:01.787991,1785927001.787991,8.581133,0.6818722486495972,0.2617966830730438,-0.6678616404533386,0.1430869847536087,0.7270639538764954,0.11838142573833466,-0.6502856016159058,0.1857224851846695,18.041560,-9.104245,-5.426517,5.596390
2026-08-05T11:50:01.792459,1785927001.792460,8.585602,0.6819283366203308,0.2614712715148926,-0.6680668592453003,0.14245519042015076,0.7271703481674194,0.11836637556552887,-0.6503507494926453,0.1850867122411728,18.012386,-9.078503,-6.528595,5.760520
2026-08-05T11:50:01.804532,1785927001.804533,8.597675,0.6820740103721619,0.2611846923828125,-0.6681413054466248,0.14193326234817505,0.7272352576255798,0.11842144280672073,-0.6504203677177429,0.18455073237419128,17.973550,-9.051333,-3.216734,2.250492
2026-08-05T11:50:01.821616,1785927001.821616,8.614758,0.682024359703064,0.26126012206077576,-0.6682065725326538,0.14172574877738953,0.727310299873352,0.118444062769413,-0.6504824161529541,0.18402168154716492,17.973245,-9.083633,-0.017876,-1.890731
2026-08-05T11:50:01.838504,1785927001.838505,8.631647,0.681938648223877,0.26154825091362,-0.6681908369064331,0.1416805386543274,0.7272977232933044,0.11878594756126404,-0.650482714176178,0.18384894728660583,17.965887,-9.091870,-0.435680,-0.487721
2026-08-05T11:50:01.844722,1785927001.844723,8.636877,0.6819096207618713,0.26179349422454834,-0.6681659817695618,0.14148439466953278,0.7271938920021057,0.11951284110546112,-0.6504038572311401,0.18406781554222107,17.926586,-9.019734,-7.514199,13.792276
2026-08-05T11:50:01.854254,1785927001.854254,8.647397,0.6817177534103394,0.2624002695083618,-0.6681296229362488,0.14145617187023163,0.7271227836608887,0.12027910351753235,-0.6503388285636902,0.18407894670963287,17.915539,-9.007475,-1.050180,1.165387
2026-08-05T11:50:01.887760,1785927001.887760,8.680902,0.6817715167999268,0.26280340552330017,-0.6678427457809448,0.14180313050746918,0.7270940542221069,0.12091828137636185,-0.6503021121025085,0.18390342593193054,17.868514,-9.033848,-1.403475,-0.787119
2026-08-05T11:50:01.904534,1785927001.904534,8.697677,0.6814351677894592,0.26329171657562256,-0.667892336845398,0.14228059351444244,0.7270621657371521,0.12110192328691483,-0.6504175066947937,0.18350015580654144,17.882731,-9.131927,0.847526,-5.846989
2026-08-05T11:50:01.921185,1785927001.921185,8.714328,0.6812078952789307,0.2634117305278778,-0.6680643558502197,0.1423386037349701,0.7270504236221313,0.12090153992176056,-0.6506145000457764,0.18297991156578064,17.905839,-9.204826,1.387768,-4.378064
2026-08-05T11:50:01.937809,1785927001.937809,8.730952,0.681054949760437,0.26308727264404297,-0.6684413552284241,0.14190007746219635,0.7270447611808777,0.12058290094137192,-0.6508168578147888,0.1824924349784851,17.910998,-9.204705,0.310356,0.007306
2026-08-05T11:50:01.954548,1785927001.954549,8.747691,0.6810951828956604,0.2624017000198364,-0.6687813401222229,0.14137323200702667,0.7269915342330933,0.1202862337231636,-0.6510204672813416,0.1821736991405487,17.875071,-9.149139,-2.146213,3.319403
2026-08-05T11:50:01.971185,1785927001.971185,8.764328,0.6809369921684265,0.26215651631355286,-0.6691052317619324,0.14105704426765442,0.7269417643547058,0.12001796811819077,-0.6511927843093872,0.18193307518959045,17.885434,-9.141301,0.622864,0.471175
2026-08-05T11:50:01.975029,1785927001.975029,8.768171,0.6809265613555908,0.2616879343986511,-0.6693699359893799,0.1407204419374466,0.7268500328063965,0.1197633445262909,-0.6514211893081665,0.18164977431297302,17.862350,-9.113859,-6.005530,7.139289
2026-08-05T11:50:01.988484,1785927001.988484,8.781626,0.6806932687759399,0.2617328464984894,-0.669589638710022,0.14072094857692719,0.7267404198646545,0.11961424350738525,-0.6516293883323669,0.18144002556800842,17.880692,-9.144465,1.363225,-2.274648
2026-08-05T11:50:01.994099,1785927001.994100,8.787242,0.6806691884994507,0.2618016004562378,-0.6695448756217957,0.14092229306697845,0.7266783714294434,0.1196419894695282,-0.6517399549484253,0.18127265572547913,17.870631,-9.177152,-1.791727,-5.820962
2026-08-05T11:50:02.004140,1785927002.004141,8.797283,0.6805576682090759,0.26196643710136414,-0.6695258617401123,0.14124466478824615,0.7266226410865784,0.11971503496170044,-0.6518077850341797,0.1812039464712143,17.869432,-9.216086,-0.119393,-3.877449
2026-08-05T11:50:02.021221,1785927002.021221,8.813339,0.6805155873298645,0.26204735040664673,-0.6694830060005188,0.14150086045265198,0.7265401482582092,0.11962494254112244,-0.6519200801849365,0.18119005858898163,17.876061,-9.251144,0.412888,-2.183516
2026-08-05T11:50:02.038688,1785927002.038688,8.831831,0.6805106401443481,0.2620392143726349,-0.6694943904876709,0.1414853185415268,0.7264346480369568,0.11937878280878067,-0.6520600914955139,0.18127170205116272,17.898850,-9.261517,1.232362,-0.560976
2026-08-05T11:50:02.071772,1785927002.071773,8.864915,0.6806028485298157,0.2619010806083679,-0.6694717407226562,0.14140473306179047,0.7263533473014832,0.11912094056606293,-0.6521498560905457,0.1814442276954651,17.911574,-9.249184,0.384610,0.372768
2026-08-05T11:50:02.088212,1785927002.088212,8.881355,0.6804309487342834,0.26194149255752563,-0.6696149110794067,0.14147953689098358,0.7263779640197754,0.1188722625374794,-0.6521549224853516,0.1814906746149063,17.949513,-9.274780,2.307734,-1.556912
2026-08-05T11:50:02.104790,1785927002.104790,8.897933,0.6805087924003601,0.2617410123348236,-0.66950523853302,0.1419939547777176,0.7265898585319519,0.11850782483816147,-0.6520437598228455,0.1812799721956253,17.950186,-9.347309,0.040578,-4.375037
2026-08-05T11:50:02.121038,1785927002.121038,8.914181,0.6804031729698181,0.2616022527217865,-0.6695597171783447,0.14249859750270844,0.7268747091293335,0.1177743598818779,-0.6519574522972107,0.1809261590242386,18.003390,-9.466578,3.274486,-7.340559
2026-08-05T11:50:02.138406,1785927002.138406,8.931548,0.6805845499038696,0.26097774505615234,-0.6696165800094604,0.1425095647573471,0.7271158695220947,0.11674904823303223,-0.651988685131073,0.18050847947597504,18.036010,-9.532277,1.878247,-3.782816
2026-08-05T11:50:02.145224,1785927002.145225,8.936988,0.6807399392127991,0.26023852825164795,-0.6698137521743774,0.14219236373901367,0.7273798584938049,0.1156301349401474,-0.6519726514816284,0.1802225410938263,18.083369,-9.558435,8.706798,-4.809052
2026-08-05T11:50:02.154230,1785927002.154230,8.947373,0.6808059811592102,0.25948596000671387,-0.6701259016990662,0.1417805701494217,0.7275882959365845,0.1149284765124321,-0.651884913444519,0.18014726042747498,18.097480,-9.522900,1.358734,3.421708
2026-08-05T11:50:02.169983,1785927002.169984,8.962286,0.6810017824172974,0.2589537501335144,-0.6701169610023499,0.1418556272983551,0.7278725504875183,0.11429772526025772,-0.6517201066017151,0.17999690771102905,18.106675,-9.548526,0.616580,-1.718367
2026-08-05T11:50:02.186472,1785927002.186472,8.979614,0.6809532046318054,0.25850316882133484,-0.6703507304191589,0.14180611073970795,0.7282957434654236,0.11355908960103989,-0.6515411734580994,0.17939922213554382,18.143671,-9.617106,2.134958,-3.957575
2026-08-05T11:50:02.221318,1785927002.221318,9.014460,0.6810826063156128,0.2575073838233948,-0.670694887638092,0.1413680464029312,0.7287116050720215,0.11218412220478058,-0.6516951322555542,0.1780107617378235,18.170509,-9.722258,0.770193,-3.017615
2026-08-05T11:50:02.235394,1785927002.235395,9.028537,0.6811001896858215,0.25628724694252014,-0.6713289022445679,0.14048822224140167,0.7290261387825012,0.11037829518318176,-0.6521593928337097,0.17614178359508514,18.219036,-9.844248,3.447324,-8.666117
2026-08-05T11:50:02.242146,1785927002.242147,9.034479,0.681311845779419,0.25526902079582214,-0.6716541647911072,0.13975954055786133,0.7292044162750244,0.10870931297540665,-0.6526796221733093,0.17450791597366333,18.260954,-9.966300,7.054006,-20.539289
2026-08-05T11:50:02.254565,1785927002.254566,9.047708,0.6811745166778564,0.25499075651168823,-0.6719605922698975,0.1394638568162918,0.729252815246582,0.10800432413816452,-0.6529298424720764,0.17380595207214355,18.303206,-10.031935,3.193978,-4.961593
2026-08-05T11:50:02.289349,1785927002.289350,9.081500,0.6812106966972351,0.2550695240497589,-0.6719574332237244,0.13915811479091644,0.7292219996452332,0.10834696888923645,-0.6528958678245544,0.17384929955005646,18.282059,-9.983184,-0.625795,1.442683
2026-08-05T11:50:02.293931,1785927002.293932,9.087074,0.6812124848365784,0.2553409934043884,-0.6718398332595825,0.13921912014484406,0.7291590571403503,0.10891570895910263,-0.6528173089027405,0.17405277490615845,18.251401,-9.948997,-5.499793,6.132934
2026-08-05T11:50:02.303953,1785927002.303953,9.097096,0.6810852885246277,0.2557007670402527,-0.6717857122421265,0.1394423246383667,0.7291454076766968,0.10901793837547302,-0.6528761386871338,0.1738256961107254,18.269792,-10.009026,1.835152,-5.989997
2026-08-05T11:50:02.321593,1785927002.321593,9.114139,0.6809937357902527,0.255632221698761,-0.6719231009483337,0.13935257494449615,0.7291706204414368,0.10823163390159607,-0.6532347798347473,0.1728609949350357,18.325503,-10.138532,3.268853,-7.598835
2026-08-05T11:50:02.337878,1785927002.337878,9.131021,0.6808367967605591,0.2553313374519348,-0.6722111701965332,0.13928192853927612,0.7291609048843384,0.10695696622133255,-0.6537831425666809,0.17161694169044495,18.402811,-10.310035,4.579286,-10.158794
2026-08-05T11:50:02.368657,1785927002.368657,9.161799,0.6807109713554382,0.25503188371658325,-0.672497034072876,0.13906563818454742,0.7291278839111328,0.10590989142656326,-0.654238224029541,0.17067058384418488,18.466659,-10.427108,2.074456,-3.803747
2026-08-05T11:50:02.371333,1785927002.371334,9.164476,0.6807497143745422,0.2544185221195221,-0.6728153824806213,0.138458251953125,0.7290675640106201,0.10547155886888504,-0.6544707417488098,0.17030805349349976,18.451272,-10.387289,-5.748216,14.874832
2026-08-05T11:50:02.404449,1785927002.404450,9.197592,0.6807108521461487,0.254049152135849,-0.673030436038971,0.1382828950881958,0.7289748191833496,0.10534243285655975,-0.6545926332473755,0.1703161895275116,18.429257,-10.347718,-0.664792,1.194933
2026-08-05T11:50:02.420638,1785927002.420638,9.213781,0.6807194948196411,0.2537025213241577,-0.6731023192405701,0.1385258585214615,0.7288436889648438,0.10513846576213837,-0.6547495126724243,0.17040063440799713,18.404502,-10.343175,-1.529109,0.280607
2026-08-05T11:50:02.437636,1785927002.437637,9.230779,0.6806178689002991,0.2535420060157776,-0.673219621181488,0.13874945044517517,0.7286377549171448,0.10479692369699478,-0.6550036668777466,0.1705145239830017,18.415894,-10.361641,0.670182,-1.086371
2026-08-05T11:50:02.443540,1785927002.443541,9.236683,0.6805928349494934,0.25327780842781067,-0.6733132004737854,0.13889993727207184,0.72844398021698,0.1041337177157402,-0.655290424823761,0.17064744234085083,18.449724,-10.390387,5.729980,-4.868856
2026-08-05T11:50:02.487715,1785927002.487715,9.280857,0.6803665161132812,0.2533068358898163,-0.6734709739685059,0.13919132947921753,0.7282929420471191,0.10320132225751877,-0.6555593609809875,0.17082510888576508,18.550850,-10.475082,2.289242,-1.917291
2026-08-05T11:50:02.504463,1785927002.504464,9.297606,0.6803295612335205,0.2528524398803711,-0.6736688017845154,0.1392398178577423,0.7282472252845764,0.10178942233324051,-0.6558600068092346,0.1707133650779724,18.647909,-10.561395,5.795037,-5.153407
2026-08-05T11:50:02.521150,1785927002.521151,9.314293,0.6802902817726135,0.25228333473205566,-0.6739338040351868,0.13918155431747437,0.7282116413116455,0.10001662373542786,-0.6562870144844055,0.1702706217765808,18.766246,-10.685351,7.091496,-7.428241
2026-08-05T11:50:02.554401,1785927002.554401,9.347543,0.6802961826324463,0.2516798973083496,-0.674100935459137,0.13943538069725037,0.7281435132026672,0.09838227927684784,-0.6567254066467285,0.1698237806558609,18.855769,-10.819729,2.692430,-4.041429
2026-08-05T11:50:02.570900,1785927002.570900,9.364043,0.6804593205451965,0.25055643916130066,-0.6743699908256531,0.13936205208301544,0.7282519936561584,0.09666520357131958,-0.6569578051567078,0.1694457083940506,18.911641,-10.884497,3.386304,-3.925485
2026-08-05T11:50:02.588913,1785927002.588914,9.382056,0.6811851859092712,0.2488200068473816,-0.6744628548622131,0.1384752094745636,0.7284506559371948,0.09380439668893814,-0.6573622226715088,0.16862858831882477,19.012742,-10.963486,5.612468,-4.384950
2026-08-05T11:50:02.593925,1785927002.593926,9.387068,0.6815283298492432,0.24737094342708588,-0.6749239563941956,0.13712981343269348,0.7284567952156067,0.08931788802146912,-0.658398449420929,0.16698841750621796,19.316373,-11.228415,60.583242,-52.861022
2026-08-05T11:50:02.604157,1785927002.604158,9.397300,0.6822202801704407,0.24519547820091248,-0.6753318905830383,0.13557890057563782,0.7283899188041687,0.08422140032052994,-0.6596376895904541,0.16502559185028076,19.591075,-11.488437,26.846796,-25.412094
2026-08-05T11:50:02.620964,1785927002.620965,9.414107,0.6827066540718079,0.24326319992542267,-0.6757245063781738,0.13465286791324615,0.7285742163658142,0.07916343212127686,-0.6604556441307068,0.16343660652637482,19.903987,-11.788373,18.618404,-17.846367
2026-08-05T11:50:02.637635,1785927002.637636,9.429755,0.6830089092254639,0.24178266525268555,-0.6760969758033752,0.13391324877738953,0.7287859916687012,0.07411115616559982,-0.6611278057098389,0.16213874518871307,20.277086,-12.119551,23.842672,-21.163721
2026-08-05T11:50:02.654752,1785927002.654752,9.447895,0.6829554438591003,0.24078179895877838,-0.6767310500144958,0.13278141617774963,0.7291577458381653,0.06836923211812973,-0.6617434024810791,0.16047057509422302,20.798413,-12.549236,28.739718,-23.687655
2026-08-05T11:50:02.671518,1785927002.671519,9.464661,0.6831933856010437,0.23917679488658905,-0.6773154735565186,0.13147281110286713,0.7293989062309265,0.0623784214258194,-0.6626306772232056,0.1581369787454605,21.259075,-12.984750,27.475018,-25.975221
2026-08-05T11:50:02.705284,1785927002.705284,9.498426,0.683868408203125,0.23717987537384033,-0.6774376034736633,0.13095052540302277,0.7296513319015503,0.05635581910610199,-0.6635230779647827,0.1554691195487976,21.649687,-13.481010,11.568530,-14.697414
2026-08-05T11:50:02.720647,1785927002.720648,9.513790,0.6839741468429565,0.2362625002861023,-0.6775963306427002,0.1312355101108551,0.7297737002372742,0.050838716328144073,-0.6643803119659424,0.15311770141124725,22.116034,-14.066615,30.354310,-38.116761
2026-08-05T11:50:02.738459,1785927002.738459,9.531601,0.6841006278991699,0.2362382560968399,-0.6773696541786194,0.13178934156894684,0.7299240827560425,0.046245552599430084,-0.6649359464645386,0.15143679082393646,22.590329,-14.626482,26.628897,-31.433264
2026-08-05T11:50:02.746034,1785927002.746035,9.539177,0.6844257116317749,0.23576557636260986,-0.6772691607475281,0.13146358728408813,0.7299980521202087,0.04210865870118141,-0.6654141545295715,0.15018004179000854,22.977022,-15.004455,51.043570,-49.892445
2026-08-05T11:50:02.754011,1785927002.754011,9.547154,0.6848334074020386,0.2348950356245041,-0.6773198246955872,0.1306353360414505,0.7300218343734741,0.037677448242902756,-0.665987491607666,0.14869298040866852,23.353867,-15.349130,47.242725,-43.209829
2026-08-05T11:50:02.757472,1785927002.757473,9.550615,0.6850999593734741,0.2336253523826599,-0.677727997303009,0.1293909251689911,0.7300882339477539,0.03248615562915802,-0.6666697263717651,0.14651921391487122,23.776243,-15.740986,122.034473,-113.216557
2026-08-05T11:50:02.787551,1785927002.787551,9.580694,0.6853131651878357,0.23190663754940033,-0.678428590297699,0.12767143547534943,0.7300800085067749,0.026460031047463417,-0.6675804853439331,0.14359621703624725,24.240998,-16.181578,15.451186,-14.647890
2026-08-05T11:50:02.806413,1785927002.806413,9.597541,0.6857777833938599,0.2300206869840622,-0.6789425611495972,0.12584288418293,0.7298406362533569,0.020179416984319687,-0.6687067747116089,0.14056043326854706,24.703978,-16.628950,27.480891,-26.554416
2026-08-05T11:50:02.810045,1785927002.810046,9.603188,0.6866243481636047,0.22780513763427734,-0.6792526245117188,0.12356267124414444,0.7296914458274841,0.01425359956920147,-0.6695328950881958,0.13810621201992035,25.094337,-16.940179,69.124411,-55.112182
2026-08-05T11:50:02.820362,1785927002.820362,9.613504,0.6865927577018738,0.22631818056106567,-0.6802470088005066,0.12097318470478058,0.7298043370246887,0.008319779299199581,-0.6699592471122742,0.135909765958786,25.604701,-17.265990,49.472462,-31.582635
2026-08-05T11:50:02.837634,1785927002.837635,9.630777,0.6870665550231934,0.22410809993743896,-0.6810540556907654,0.11781524121761322,0.7298355102539062,0.0021273831371217966,-0.6704595685005188,0.13349206745624542,26.051589,-17.525403,25.872864,-15.018906
2026-08-05T11:50:02.854941,1785927002.854941,9.648083,0.6873931288719177,0.2215733677148819,-0.682104229927063,0.11458583176136017,0.7302578091621399,-0.003239788580685854,-0.6703997254371643,0.13144366443157196,26.389288,-17.654182,19.512717,-7.441043
2026-08-05T11:50:02.870428,1785927002.870429,9.663571,0.68792724609375,0.21926674246788025,-0.6827831268310547,0.1117384135723114,0.7308621406555176,-0.008573285304009914,-0.6702587604522705,0.12853266298770905,26.736916,-17.907205,22.445120,-16.336775
2026-08-05T11:50:02.887985,1785927002.887986,9.681128,0.6883723735809326,0.2171226590871811,-0.6835436224937439,0.10848689824342728,0.7312194108963013,-0.015589539892971516,-0.670457661151886,0.12474829703569412,27.284787,-18.350074,31.205459,-25.224795
2026-08-05T11:50:02.893910,1785927002.893910,9.687052,0.6877394914627075,0.21599307656288147,-0.6850792169570923,0.1050138846039772,0.7312465310096741,-0.02491672895848751,-0.6711112856864929,0.11944804340600967,28.218306,-19.164389,157.582851,-137.460576
2026-08-05T11:50:02.903931,1785927002.903932,9.697074,0.687383234500885,0.21431973576545715,-0.6865745782852173,0.10092917829751968,0.7305616736412048,-0.03556489944458008,-0.6724417805671692,0.11330173909664154,29.217690,-20.054318,99.722221,-88.800374
2026-08-05T11:50:02.920974,1785927002.920974,9.713092,0.6876572966575623,0.21243621408939362,-0.6872380375862122,0.09850012511014938,0.7303533554077148,-0.04470113292336464,-0.6728134751319885,0.10912527143955231,30.025483,-20.788486,50.429847,-45.833518
2026-08-05T11:50:02.938310,1785927002.938310,9.731452,0.6876711845397949,0.21085327863693237,-0.6879231333732605,0.09701134264469147,0.7309287190437317,-0.051419321447610855,-0.6721470952033997,0.10638707876205444,30.623816,-21.314335,32.588256,-28.640422
2026-08-05T11:50:02.970839,1785927002.970840,9.763982,0.6886025667190552,0.20843252539634705,-0.6878982186317444,0.0958060547709465,0.7312735319137573,-0.058694027364254,-0.6716480851173401,0.10336033254861832,31.162403,-21.867863,16.556968,-17.016259
2026-08-05T11:50:02.987297,1785927002.987298,9.780440,0.6889669299125671,0.20707924664020538,-0.6880926489830017,0.09471730887889862,0.7307048439979553,-0.06818350404500961,-0.6719750761985779,0.09935557842254639,32.065680,-22.774711,54.882853,-55.099790
2026-08-05T11:50:03.003936,1785927003.003937,9.796133,0.6888988018035889,0.20469601452350616,-0.6891531944274902,0.0926610678434372,0.7293570637702942,-0.07955578714609146,-0.6728012561798096,0.09512092173099518,33.070300,-23.671057,64.018255,-57.118625
2026-08-05T11:50:03.020131,1785927003.020131,9.813274,0.6882644295692444,0.20214097201824188,-0.6908402442932129,0.09039334207773209,0.7277733087539673,-0.09128448367118835,-0.673478364944458,0.09187276661396027,34.112024,-24.474495,60.774282,-46.872683
2026-08-05T11:50:03.037836,1785927003.037837,9.830979,0.6883882880210876,0.19886696338653564,-0.6919749975204468,0.0880010724067688,0.7261896133422852,-0.10280745476484299,-0.6738513708114624,0.08946480602025986,35.038256,-25.133637,52.313389,-37.228201
2026-08-05T11:50:03.042535,1785927003.042535,9.835677,0.6883432865142822,0.19474944472312927,-0.6935796737670898,0.08487386256456375,0.7243579626083374,-0.11521069705486298,-0.6740750074386597,0.08749588578939438,35.976380,-25.692726,199.684221,-119.004927
2026-08-05T11:50:03.053632,1785927003.053632,9.846775,0.6881550550460815,0.190058171749115,-0.6955717206001282,0.0806269720196724,0.7219409942626953,-0.1293129324913025,-0.6743420362472534,0.08568938821554184,37.047459,-26.235981,96.513919,-48.952118
2026-08-05T11:50:03.070287,1785927003.070288,9.863430,0.6879410743713379,0.18455356359481812,-0.6979266405105591,0.0746697261929512,0.7188540101051331,-0.14496222138404846,-0.6746346950531006,0.08428112417459488,38.212072,-26.666252,69.924810,-25.834034
2026-08-05T11:50:03.120625,1785927003.120626,9.913768,0.687251091003418,0.17823994159698486,-0.7009009122848511,0.06822449713945389,0.7151781320571899,-0.16114872694015503,-0.6749611496925354,0.08354263752698898,39.368228,-26.961692,22.967752,-5.869096
2026-08-05T11:50:03.137460,1785927003.137460,9.930603,0.6873102188110352,0.17184200882911682,-0.7029803991317749,0.06240024045109749,0.7115028500556946,-0.1766832321882248,-0.6748775243759155,0.08418657630681992,40.450670,-27.156711,64.299948,-11.584665
2026-08-05T11:50:03.154070,1785927003.154071,9.947213,0.6878167986869812,0.16650916635990143,-0.7041823267936707,0.057533081620931625,0.7078292369842529,-0.19161176681518555,-0.6744064092636108,0.0862509235739708,41.602216,-27.380772,69.325856,-13.488978
2026-08-05T11:50:03.170696,1785927003.170697,9.963839,0.6876137256622314,0.16327357292175293,-0.7054194808006287,0.053967349231243134,0.7037256360054016,-0.2063244879245758,-0.673981785774231,0.08916052430868149,42.988164,-27.798176,83.360887,-25.105678
2026-08-05T11:50:03.187483,1785927003.187483,9.980626,0.6868749260902405,0.1612430363893509,-0.7068097591400146,0.05122216045856476,0.6993900537490845,-0.22042366862297058,-0.6735872626304626,0.09245414286851883,44.456228,-28.294796,87.454612,-29.584346
2026-08-05T11:50:03.192424,1785927003.192424,9.985567,0.6872321367263794,0.15655061602592468,-0.7077624797821045,0.047710150480270386,0.6955098509788513,-0.2336522936820984,-0.6726748943328857,0.09581975638866425,45.540641,-28.448304,219.473041,-31.068317
2026-08-05T11:50:03.203601,1785927003.203601,9.996744,0.6873722076416016,0.15117670595645905,-0.7090057730674744,0.04445131868124008,0.6917279958724976,-0.24571388959884644,-0.6718165874481201,0.09899510443210602,46.424692,-28.469070,79.095067,-1.857935
2026-08-05T11:50:03.219427,1785927003.219428,10.012570,0.6871238946914673,0.14759141206741333,-0.7100667357444763,0.04339287430047989,0.6880460977554321,-0.2570527493953705,-0.670918881893158,0.1019061878323555,47.402742,-28.780025,61.799322,-19.648080
2026-08-05T11:50:03.237859,1785927003.237859,10.031001,0.6868159770965576,0.14507624506950378,-0.7108867764472961,0.04332166910171509,0.6841148734092712,-0.2682422697544098,-0.6701735854148865,0.10440714657306671,48.465465,-29.289976,57.658221,-27.667487
2026-08-05T11:50:03.253990,1785927003.253990,10.047132,0.6865423321723938,0.14280270040035248,-0.7116419672966003,0.042813096195459366,0.6800079345703125,-0.279522180557251,-0.6693418622016907,0.1069507747888565,49.580714,-29.799640,69.136343,-31.594978
2026-08-05T11:50:03.304040,1785927003.304041,10.097183,0.6853184103965759,0.1415008157491684,-0.7131239771842957,0.04207678511738777,0.6759250164031982,-0.2903267443180084,-0.6683989763259888,0.10990387946367264,50.777911,-30.270725,23.919775,-9.412195
2026-08-05T11:50:03.320393,1785927003.320394,10.113536,0.6838159561157227,0.1417349874973297,-0.7145237326622009,0.041988033801317215,0.6719797849655151,-0.30004802346229553,-0.6675183176994324,0.11328663676977158,52.025268,-30.795249,76.277469,-32.075318
2026-08-05T11:50:03.337474,1785927003.337474,10.130617,0.6846855282783508,0.13930214941501617,-0.7142268419265747,0.040997207164764404,0.6681413650512695,-0.3087846040725708,-0.666725218296051,0.11711987853050232,52.868252,-30.981956,49.352782,-10.930790
2026-08-05T11:50:03.344675,1785927003.344676,10.137818,0.685126781463623,0.13673239946365356,-0.7143588662147522,0.03996405377984047,0.664111316204071,-0.3171790540218353,-0.6660813093185425,0.1212015226483345,53.673539,-31.082932,111.823129,-14.021786
2026-08-05T11:50:03.353585,1785927003.353585,10.146728,0.6844002604484558,0.13563811779022217,-0.7153434157371521,0.03850290924310684,0.6598998308181763,-0.3255847692489624,-0.6654354333877563,0.12539047002792358,54.675093,-31.228642,112.411595,-16.353984
2026-08-05T11:50:03.370751,1785927003.370752,10.163894,0.6832723617553711,0.13471299409866333,-0.7167041897773743,0.03642111271619797,0.6559016108512878,-0.3337767720222473,-0.6644931435585022,0.12975138425827026,55.701910,-31.291779,59.814738,-3.677931
2026-08-05T11:50:03.387443,1785927003.387443,10.179434,0.6819773316383362,0.1338115632534027,-0.718229353427887,0.033884041011333466,0.6520569324493408,-0.3416118919849396,-0.6633592247962952,0.13445402681827545,56.721026,-31.253023,65.580707,2.493959
2026-08-05T11:50:03.404121,1785927003.404121,10.197263,0.6808553338050842,0.1324261873960495,-0.7196725606918335,0.031158119440078735,0.6480726003646851,-0.34934815764427185,-0.6622441411018372,0.1392512321472168,57.692302,-31.143615,54.476771,6.136478
2026-08-05T11:50:03.420481,1785927003.420481,10.213624,0.6799805760383606,0.13050465285778046,-0.7209517359733582,0.02869895100593567,0.6433936357498169,-0.35771578550338745,-0.6613290309906006,0.14397332072257996,58.679486,-31.077523,60.340253,4.039785
2026-08-05T11:50:03.437067,1785927003.437068,10.230210,0.6774711608886719,0.1300145834684372,-0.7234784364700317,0.02660897746682167,0.6381896734237671,-0.3669958710670471,-0.6602796316146851,0.1485234946012497,59.939285,-31.181135,75.954184,-6.246837
2026-08-05T11:50:03.453111,1785927003.453111,10.246254,0.6747035384178162,0.12991690635681152,-0.7261571884155273,0.02434350736439228,0.632554829120636,-0.37667015194892883,-0.6592244505882263,0.15302778780460358,61.304661,-31.329981,85.103770,-9.277552
2026-08-05T11:50:03.470091,1785927003.470092,10.263234,0.6734476685523987,0.12914715707302094,-0.7275341749191284,0.021987643092870712,0.6272443532943726,-0.38590899109840393,-0.6577488780021667,0.1581318974494934,62.571362,-31.412204,74.597789,-4.842237
2026-08-05T11:50:03.487671,1785927003.487672,10.279793,0.6726020574569702,0.12801454961299896,-0.7285933494567871,0.019247407093644142,0.622530460357666,-0.39442309737205505,-0.6557648777961731,0.1638876050710678,63.758390,-31.338452,71.684173,4.453885
2026-08-05T11:50:03.490029,1785927003.490030,10.283172,0.6727443933486938,0.12610016763210297,-0.7288578152656555,0.016736917197704315,0.6180801391601562,-0.4025358557701111,-0.6534426212310791,0.17016123235225677,64.834903,-31.195210,318.601786,42.393455
2026-08-05T11:50:03.505778,1785927003.505778,10.298920,0.6725025177001953,0.1253654658794403,-0.7292379140853882,0.015364105813205242,0.6131203770637512,-0.4109463095664978,-0.6511721014976501,0.17658370733261108,66.061374,-31.248188,77.879760,-3.364060
2026-08-05T11:50:03.517883,1785927003.517884,10.311026,0.6715995073318481,0.12619102001190186,-0.7299383878707886,0.014833095483481884,0.6072447896003723,-0.4202313721179962,-0.6490280628204346,0.18281783163547516,67.543657,-31.576389,122.442608,-27.110792
2026-08-05T11:50:03.536282,1785927003.536283,10.329118,0.6722536087036133,0.1252654790878296,-0.7295286059379578,0.013106675818562508,0.6007065773010254,-0.4301289916038513,-0.6468640565872192,0.1889653205871582,68.958918,-31.826973,78.226143,-13.850567
2026-08-05T11:50:03.554625,1785927003.554626,10.347768,0.6734540462493896,0.12355462461709976,-0.7287466526031494,0.011060820892453194,0.5949549674987793,-0.43959230184555054,-0.6437910199165344,0.19575698673725128,70.292220,-31.941758,71.491433,-6.154774
2026-08-05T11:50:03.570675,1785927003.570675,10.363818,0.6730973720550537,0.12197145074605942,-0.7293714284896851,0.00896081980317831,0.5892969965934753,-0.4491780698299408,-0.6402058005332947,0.20274391770362854,71.684605,-31.952209,86.755008,-0.651180
2026-08-05T11:50:03.604634,1785927003.604634,10.397776,0.6709831357002258,0.12072549760341644,-0.7315465807914734,0.006823391653597355,0.5829703211784363,-0.45931145548820496,-0.6364672183990479,0.2099727839231491,73.212851,-31.884225,45.003115,2.001961
2026-08-05T11:50:03.620439,1785927003.620439,10.413582,0.6693260073661804,0.12195606529712677,-0.7328636646270752,0.006343775428831577,0.5764955282211304,-0.4693050682544708,-0.6323826909065247,0.2179414927959442,74.979648,-32.159275,111.785468,-17.402437
2026-08-05T11:50:03.637890,1785927003.637891,10.431033,0.669401228427887,0.12337739020586014,-0.7325564622879028,0.0064149475656449795,0.5699277520179749,-0.47898435592651367,-0.6279972791671753,0.22666358947753906,76.759727,-32.559825,102.002727,-22.952465
2026-08-05T11:50:03.644627,1785927003.644627,10.436642,0.6703976988792419,0.12211699038743973,-0.731866717338562,0.005061171017587185,0.5629449486732483,-0.48877108097076416,-0.6234668493270874,0.23555327951908112,78.354328,-32.667353,284.279510,-19.169660
2026-08-05T11:50:03.653580,1785927003.653581,10.446723,0.6710401773452759,0.12129433453083038,-0.731419563293457,0.004289195407181978,0.5553287863731384,-0.49894341826438904,-0.618803858757019,0.24443340301513672,80.046719,-32.890598,167.878346,-22.145038
2026-08-05T11:50:03.670558,1785927003.670558,10.463701,0.6706498265266418,0.12134513258934021,-0.7317676544189453,0.0045415922068059444,0.5466123819351196,-0.5094572901725769,-0.6144238114356995,0.25328248739242554,81.856456,-33.229126,106.597431,-19.940014
2026-08-05T11:50:03.687694,1785927003.687695,10.480837,0.6724538207054138,0.12216005474328995,-0.7299545407295227,0.007038397714495659,0.5369645953178406,-0.519981324672699,-0.6102269291877747,0.2625110149383545,83.707877,-34.029532,108.040643,-46.708119
2026-08-05T11:50:03.704525,1785927003.704525,10.497668,0.6761870384216309,0.1217021569609642,-0.7265359163284302,0.010268818587064743,0.527335524559021,-0.529762864112854,-0.6059010624885559,0.2723102569580078,85.367125,-34.857627,98.583334,-49.200831
2026-08-05T11:50:03.754555,1785927003.754556,10.547698,0.6803205013275146,0.12058582901954651,-0.7227872610092163,0.014203399419784546,0.517536997795105,-0.5388469696044922,-0.6016603708267212,0.2824971675872803,86.896068,-35.637756,30.560368,-15.593139
2026-08-05T11:50:03.770750,1785927003.770751,10.563893,0.6839708089828491,0.11717815697193146,-0.7198147773742676,0.01788918301463127,0.5074800252914429,-0.5474136471748352,-0.597506046295166,0.29289811849594116,88.173077,-36.050565,78.852948,-25.490176
2026-08-05T11:50:03.787844,1785927003.787844,10.580986,0.6871973872184753,0.11426906287670135,-0.7170812487602234,0.022290879860520363,0.49748802185058594,-0.5554784536361694,-0.5931879281997681,0.3034434914588928,89.444507,-36.485947,74.380234,-25.470425
2026-08-05T11:50:03.793110,1785927003.793110,10.586252,0.6903119087219238,0.11232849210500717,-0.7142045497894287,0.02763311192393303,0.48718979954719543,-0.5633723735809326,-0.5889241695404053,0.3137296438217163,90.774463,-37.123856,252.557553,-121.138358
2026-08-05T11:50:03.803449,1785927003.803450,10.596592,0.6943284273147583,0.11136838048696518,-0.7101945281028748,0.03360158950090408,0.47609418630599976,-0.5711237192153931,-0.5852954387664795,0.32339078187942505,92.184310,-38.114347,136.355473,-95.796837
2026-08-05T11:50:03.820336,1785927003.820337,10.613479,0.6974459886550903,0.11122726649045944,-0.7068513631820679,0.03948407247662544,0.4654044806957245,-0.578195333480835,-0.581838071346283,0.33249616622924805,93.578399,-39.076432,82.553026,-56.971272
2026-08-05T11:50:03.837856,1785927003.837856,10.630999,0.6999764442443848,0.10864424705505371,-0.7044363021850586,0.04471181705594063,0.455242782831192,-0.5844225883483887,-0.5785424709320068,0.3413110673427582,94.629288,-39.583897,59.984059,-28.965765
2026-08-05T11:50:03.853855,1785927003.853856,10.646998,0.7036494612693787,0.10529783368110657,-0.7009185552597046,0.050031326711177826,0.44445785880088806,-0.5903891324996948,-0.5760394334793091,0.3493950366973877,95.585695,-40.245310,59.777096,-41.339473
2026-08-05T11:50:03.870596,1785927003.870597,10.663739,0.7068541646003723,0.10480822622776031,-0.6972853541374207,0.056263476610183716,0.4339657723903656,-0.5957117080688477,-0.5736298561096191,0.3574218451976776,96.726088,-41.181733,68.120589,-55.936591
2026-08-05T11:50:03.887196,1785927003.887197,10.680339,0.7102701663970947,0.10430958122015,-0.6933500170707703,0.06246308237314224,0.4254527688026428,-0.5996817350387573,-0.5709407925605774,0.36523792147636414,97.657869,-42.005839,56.130137,-49.643809
2026-08-05T11:50:03.904379,1785927003.904380,10.697522,0.7134476900100708,0.10341464728116989,-0.6896634101867676,0.06828036904335022,0.4182000160217285,-0.6028187870979309,-0.5682722926139832,0.3725391626358032,98.406590,-42.670279,43.573804,-38.668861
2026-08-05T11:50:03.920887,1785927003.920887,10.714030,0.7167004346847534,0.10222118347883224,-0.6859599351882935,0.07314728200435638,0.4102805256843567,-0.6059076189994812,-0.5665361285209656,0.3789237439632416,99.150363,-43.347832,45.056318,-41.044829
2026-08-05T11:50:03.937578,1785927003.937579,10.730721,0.7194720506668091,0.10288792848587036,-0.6823683977127075,0.07840647548437119,0.4016241729259491,-0.609065592288971,-0.5652849078178406,0.38495534658432007,100.086795,-44.260522,56.103314,-54.680868
2026-08-05T11:50:03.943557,1785927003.943557,10.736699,0.7230271697044373,0.1038379967212677,-0.6778236031532288,0.08369415253400803,0.39351749420166016,-0.6118590235710144,-0.5640509128570557,0.390665739774704,101.009711,-45.339883,154.376392,-180.545094
2026-08-05T11:50:03.953700,1785927003.953700,10.746842,0.726370632648468,0.10486332327127457,-0.6735330820083618,0.08799310773611069,0.38624799251556396,-0.6139783263206482,-0.5627747178077698,0.39639371633529663,101.884623,-46.239002,86.257357,-88.643935
2026-08-05T11:50:03.958872,1785927003.958873,10.751182,0.7287139892578125,0.10696673393249512,-0.6701077222824097,0.0921403095126152,0.3800487518310547,-0.6154327392578125,-0.5613230466842651,0.4021470844745636,102.735892,-46.985324,196.169611,-171.985097
2026-08-05T11:50:03.970292,1785927003.970293,10.763435,0.7306107878684998,0.10907712578773499,-0.6671321988105774,0.0961504653096199,0.3749144375324249,-0.616433322429657,-0.5597304701805115,0.40761664509773254,103.472220,-47.602257,60.092304,-50.348386
2026-08-05T11:50:04.020971,1785927004.020972,10.814114,0.7327346801757812,0.11109305918216705,-0.663831889629364,0.10042718052864075,0.36938637495040894,-0.6175675392150879,-0.5585996508598328,0.41246911883354187,104.198727,-48.363233,14.335473,-15.015626
2026-08-05T11:50:04.036796,1785927004.036796,10.829939,0.7352009415626526,0.11237119138240814,-0.6603413820266724,0.10393091291189194,0.3628212809562683,-0.6191571950912476,-0.5580158233642578,0.41668182611465454,104.971597,-49.202432,48.839886,-53.031410
2026-08-05T11:50:04.054903,1785927004.054904,10.848046,0.7378439903259277,0.11299391835927963,-0.6567599177360535,0.10716914385557175,0.35632219910621643,-0.6208256483078003,-0.5571337342262268,0.42096608877182007,105.718059,-50.003451,41.224691,-44.237671
2026-08-05T11:50:04.070823,1785927004.070823,10.863965,0.7403083443641663,0.11352066695690155,-0.6532565951347351,0.1109609603881836,0.3507631719112396,-0.6223019361495972,-0.5554346442222595,0.4256739616394043,106.388608,-50.736967,42.121367,-46.076740
2026-08-05T11:50:04.088082,1785927004.088083,10.881225,0.7424464821815491,0.11402390897274017,-0.650130569934845,0.11446385085582733,0.34530627727508545,-0.6238362789154053,-0.5532617568969727,0.4306900203227997,107.084504,-51.380953,40.318772,-37.311210
2026-08-05T11:50:04.094654,1785927004.094655,10.887797,0.7450871467590332,0.11425813287496567,-0.6463961005210876,0.11816170066595078,0.3393196761608124,-0.6256346702575684,-0.5509412288665771,0.43578383326530457,107.833797,-52.169551,114.017021,-119.997863
2026-08-05T11:50:04.103489,1785927004.103490,10.896632,0.7478744983673096,0.11436058580875397,-0.6424108743667603,0.12212204188108444,0.33275458216667175,-0.6275492310523987,-0.5487655997276306,0.44080954790115356,108.611859,-53.049777,88.065076,-99.628534
2026-08-05T11:50:04.108883,1785927004.108884,10.901139,0.7501729726791382,0.11410363763570786,-0.6390805244445801,0.1256861388683319,0.3261803090572357,-0.6292279362678528,-0.5468374490737915,0.4456992447376251,109.325837,-53.754052,158.396248,-156.243684
2026-08-05T11:50:04.119893,1785927004.119893,10.913036,0.7514517903327942,0.11338962614536285,-0.6370288133621216,0.12906336784362793,0.31970030069351196,-0.6308547854423523,-0.5447812080383301,0.45058614015579224,109.954407,-54.184471,52.838191,-36.181469
2026-08-05T11:50:04.170234,1785927004.170235,10.963377,0.7530128955841064,0.11333927512168884,-0.634562075138092,0.13212493062019348,0.3132944107055664,-0.6326373815536499,-0.5423831939697266,0.4554530382156372,110.699647,-54.772339,14.803671,-11.677574
2026-08-05T11:50:04.186744,1785927004.186744,10.979886,0.7551668286323547,0.1143622025847435,-0.6310224533081055,0.1358494907617569,0.3065756559371948,-0.6346905827522278,-0.539732813835144,0.4602912962436676,111.605332,-55.742452,54.859850,-58.762492
2026-08-05T11:50:04.203866,1785927004.203867,10.997009,0.7572851181030273,0.11532580107450485,-0.6275896430015564,0.13910672068595886,0.2989951968193054,-0.6370476484298706,-0.5372645258903503,0.4648864269256592,112.605171,-56.784769,58.392437,-60.873218
2026-08-05T11:50:04.220313,1785927004.220314,11.013456,0.7588186860084534,0.11597676575183868,-0.6249496936798096,0.14206194877624512,0.29161539673805237,-0.6391741037368774,-0.5347117185592651,0.4695749580860138,113.536011,-57.609151,56.596927,-50.124093
2026-08-05T11:50:04.237184,1785927004.237184,11.030327,0.759796142578125,0.11604064702987671,-0.6230435371398926,0.14512524008750916,0.28553545475006104,-0.6407708525657654,-0.5316852927207947,0.47454553842544556,114.261371,-58.104938,42.995166,-29.387396
2026-08-05T11:50:04.241837,1785927004.241837,11.034980,0.7606176137924194,0.11610899865627289,-0.6212432384490967,0.14844723045825958,0.2802371084690094,-0.6420440673828125,-0.5285671949386597,0.4794410467147827,114.884894,-58.520468,134.005286,-89.304110
2026-08-05T11:50:04.253251,1785927004.253251,11.046394,0.7621358036994934,0.11581920832395554,-0.618756115436554,0.1512480229139328,0.27398836612701416,-0.6433848738670349,-0.5261448621749878,0.48389917612075806,115.577289,-59.107534,60.661648,-51.433586
2026-08-05T11:50:04.270222,1785927004.270223,11.063365,0.7636536359786987,0.11593110859394073,-0.6161606907844543,0.15407554805278778,0.26619985699653625,-0.6449918746948242,-0.5244909524917603,0.48788607120513916,116.414032,-59.906675,49.303238,-47.087662
2026-08-05T11:50:04.287039,1785927004.287039,11.080181,0.7647508382797241,0.11725063621997833,-0.6138194799423218,0.1569528728723526,0.2583704888820648,-0.6466648578643799,-0.5228391289710999,0.4916391372680664,117.354274,-60.818832,55.912297,-54.242180
2026-08-05T11:50:04.320336,1785927004.320336,11.113479,0.7651948928833008,0.11972741782665253,-0.6120217442512512,0.15991149842739105,0.25102487206459045,-0.6482068300247192,-0.5207638144493103,0.49560055136680603,118.346256,-61.688706,29.791654,-26.124462
2026-08-05T11:50:04.337237,1785927004.337237,11.130379,0.7658366560935974,0.12199164181947708,-0.6102022528648376,0.1620675027370453,0.2442866712808609,-0.6494106650352478,-0.5186356902122498,0.4996071755886078,119.296992,-62.451944,56.254782,-45.160579
2026-08-05T11:50:04.354240,1785927004.354241,11.147383,0.7659708261489868,0.12485566735267639,-0.6088034510612488,0.1644940972328186,0.2372484803199768,-0.6502236723899841,-0.5173674821853638,0.5032431483268738,120.225240,-63.174570,54.590730,-42.497984
2026-08-05T11:50:04.370627,1785927004.370628,11.163770,0.7658030986785889,0.1274503618478775,-0.6078588962554932,0.16676238179206848,0.22921690344810486,-0.650528609752655,-0.517798900604248,0.506119430065155,121.085356,-63.797925,52.487702,-38.039594
2026-08-05T11:50:04.387763,1785927004.387764,11.180906,0.7660291194915771,0.13051284849643707,-0.6062494516372681,0.16919668018817902,0.22061491012573242,-0.6502349376678467,-0.5197494029998779,0.5083155632019043,121.944082,-64.585154,50.112809,-45.940480
2026-08-05T11:50:04.392780,1785927004.392780,11.185923,0.7659232020378113,0.1344127506017685,-0.604773759841919,0.17188329994678497,0.21316401660442352,-0.6492721438407898,-0.5220504403114319,0.5103631019592285,122.702078,-65.268857,151.091393,-136.282595
2026-08-05T11:50:04.403516,1785927004.403516,11.196658,0.7656946182250977,0.13843388855457306,-0.6034002304077148,0.17451700568199158,0.20901937782764435,-0.6480916738510132,-0.523127019405365,0.512471079826355,123.227005,-65.746287,48.895242,-44.470994
2026-08-05T11:50:04.419214,1785927004.419214,11.212356,0.7649636268615723,0.14231909811496735,-0.6027719378471375,0.176754429936409,0.20784752070903778,-0.6472309231758118,-0.5229235291481018,0.5142400860786438,123.544158,-65.998524,20.203456,-16.068124
2026-08-05T11:50:04.438146,1785927004.438146,11.230614,0.7641281485557556,0.1444365382194519,-0.6030166149139404,0.17781266570091248,0.20739318430423737,-0.6469607949256897,-0.5227901339530945,0.5148986577987671,123.692824,-66.062831,8.142473,-3.522148
2026-08-05T11:50:04.454286,1785927004.454286,11.247428,0.7635758519172668,0.1439720094203949,-0.6039314270019531,0.17745733261108398,0.20649348199367523,-0.6474105715751648,-0.5234014391899109,0.5140732526779175,123.699036,-66.018684,0.369457,2.625615
2026-08-05T11:50:04.470724,1785927004.470724,11.263867,0.7632981538772583,0.14252540469169617,-0.6050538420677185,0.17598944902420044,0.20615975558757782,-0.6481306552886963,-0.5245338082313538,0.5121421217918396,123.608034,-65.948945,-5.535962,4.242495
2026-08-05T11:50:04.487601,1785927004.487602,11.280744,0.7625727653503418,0.14107446372509003,-0.606982946395874,0.17364449799060822,0.2073068618774414,-0.6487367749214172,-0.525823175907135,0.5095827579498291,123.383068,-65.658049,-13.329591,17.236070
2026-08-05T11:50:04.504886,1785927004.504887,11.298029,0.7614971399307251,0.13905127346515656,-0.6096163988113403,0.1707477569580078,0.2100747525691986,-0.6489821076393127,-0.5272508263587952,0.5066534876823425,122.934616,-65.045836,-25.944068,35.418022
2026-08-05T11:50:04.537114,1785927004.537114,11.330257,0.7603777050971985,0.13643290102481842,-0.6125366687774658,0.16736434400081635,0.2142653465270996,-0.6486867666244507,-0.5290603637695312,0.5033798813819885,122.271379,-64.177272,-20.579854,26.950998
2026-08-05T11:50:04.553146,1785927004.553147,11.345432,0.759925365447998,0.13420166075229645,-0.6146324872970581,0.1634937971830368,0.21991412341594696,-0.647925615310669,-0.5309988260269165,0.4998709559440613,121.547382,-63.384738,-47.710219,52.226804
2026-08-05T11:50:04.568162,1785927004.568162,11.361305,0.7587336897850037,0.13320201635360718,-0.6173192858695984,0.15967883169651031,0.22717519104480743,-0.6467892527580261,-0.532921314239502,0.4960344135761261,120.739535,-62.478985,-50.893813,57.061759
2026-08-05T11:50:04.587144,1785927004.587145,11.380287,0.7570688128471375,0.13214927911758423,-0.6207048296928406,0.1552709937095642,0.23540636897087097,-0.6453402042388916,-0.5350489020347595,0.4917752742767334,119.814229,-61.365258,-48.746067,58.672271
2026-08-05T11:50:04.603225,1785927004.603226,11.396368,0.7557262778282166,0.13068896532058716,-0.6238977909088135,0.15016616880893707,0.24408520758152008,-0.6439334154129028,-0.5376030802726746,0.4865753650665283,118.834402,-60.328352,-60.929446,64.478837
2026-08-05T11:50:04.619462,1785927004.619462,11.411461,0.7540678977966309,0.12891465425491333,-0.6276427507400513,0.14431732892990112,0.25230395793914795,-0.6426467299461365,-0.540972888469696,0.48030886054039,117.836286,-59.276577,-66.132793,69.688083
2026-08-05T11:50:04.627948,1785927004.627948,11.419842,0.7529682517051697,0.1258593499660492,-0.6311212778091431,0.13741987943649292,0.2609842121601105,-0.6413359642028809,-0.5444219708442688,0.4734772741794586,116.736741,-58.172835,-131.192858,131.693750
2026-08-05T11:50:04.637408,1785927004.637408,11.430551,0.7521496415138245,0.12241660803556442,-0.634223997592926,0.1305568814277649,0.27116096019744873,-0.6395359635353088,-0.5471077561378479,0.4670535922050476,115.497959,-56.949593,-115.678780,114.227655
2026-08-05T11:50:04.652905,1785927004.652905,11.446047,0.750490128993988,0.12049482017755508,-0.6376028060913086,0.1253325343132019,0.283794641494751,-0.6368225812911987,-0.5486700534820557,0.4613884389400482,114.099357,-55.589503,-90.252832,87.767592
2026-08-05T11:50:04.669495,1785927004.669495,11.462262,0.7485432624816895,0.11940323561429977,-0.6407919526100159,0.12170344591140747,0.29656195640563965,-0.6335562467575073,-0.5507697463035583,0.4553137421607971,112.622277,-54.376406,-91.095667,74.815076
2026-08-05T11:50:04.687307,1785927004.687307,11.480449,0.7466541528701782,0.11854851245880127,-0.6437759399414062,0.11834892630577087,0.305013507604599,-0.6307665705680847,-0.5558944940567017,0.44730544090270996,111.365797,-53.626925,-69.084715,41.208507
2026-08-05T11:50:04.703209,1785927004.703210,11.496352,0.7423399686813354,0.11944311857223511,-0.6502732038497925,0.10867282003164291,0.3096640110015869,-0.6288354396820068,-0.5632294416427612,0.43754661083221436,110.699118,-52.515065,-41.922855,69.917227
2026-08-05T11:50:04.720768,1785927004.720768,11.513400,0.7384167909622192,0.118832528591156,-0.6559513211250305,0.10172232240438461,0.3165840804576874,-0.6264745593070984,-0.5689277052879333,0.42851561307907104,109.646057,-51.359131,-61.769884,67.804176
2026-08-05T11:50:04.737029,1785927004.737030,11.530172,0.734857976436615,0.11887519061565399,-0.660649299621582,0.09692806005477905,0.3304016888141632,-0.6223786473274231,-0.5706828236579895,0.4216647744178772,108.152921,-49.966939,-89.026653,83.007984
2026-08-05T11:50:04.753484,1785927004.753485,11.546627,0.7312058806419373,0.11824247986078262,-0.6651610136032104,0.09443344175815582,0.34679901599884033,-0.6172658205032349,-0.5716788172721863,0.4146049916744232,106.259454,-48.544215,-115.068146,86.460586
2026-08-05T11:50:04.802715,1785927004.802716,11.595858,0.7275068163871765,0.11944879591464996,-0.6695373058319092,0.09047439694404602,0.35545700788497925,-0.613880455493927,-0.5772756934165955,0.4044184684753418,105.056944,-47.945598,-24.425740,12.159281
2026-08-05T11:50:04.819665,1785927004.819665,11.612808,0.7235226631164551,0.12042294442653656,-0.6744264960289001,0.08463104814291,0.3562488257884979,-0.6132981181144714,-0.5865660309791565,0.39101526141166687,104.446491,-47.972696,-36.016122,-1.598781
2026-08-05T11:50:04.837147,1785927004.837147,11.630290,0.7210549116134644,0.12093572318553925,-0.6776690483093262,0.07886077463626862,0.3593567907810211,-0.6125007271766663,-0.5931738018989563,0.379276841878891,103.815680,-48.028753,-36.083404,-3.206522
2026-08-05T11:50:04.842580,1785927004.842580,11.635723,0.7208801507949829,0.12012019008398056,-0.6785285472869873,0.07417754083871841,0.37310492992401123,-0.608650267124176,-0.5929452180862427,0.3724966049194336,102.516125,-47.415640,-239.203431,112.853007
2026-08-05T11:50:04.853352,1785927004.853353,11.646495,0.7189863324165344,0.11865109950304031,-0.6812426447868347,0.06992119550704956,0.3933233618736267,-0.6020486354827881,-0.5896809697151184,0.36757442355155945,100.598582,-45.880148,-178.007975,142.541672
2026-08-05T11:50:04.869273,1785927004.869273,11.662416,0.7158374786376953,0.1170017272233963,-0.6853814721107483,0.0643385723233223,0.4064912497997284,-0.5968316793441772,-0.5908320546150208,0.3598259389400482,99.030255,-44.587032,-98.509057,81.222634
2026-08-05T11:50:04.886994,1785927004.886994,11.680136,0.7140765190124512,0.1152816191315651,-0.6881142854690552,0.05747777968645096,0.4099080264568329,-0.5951880812644958,-0.5967828631401062,0.3486793339252472,98.192940,-44.313164,-47.250067,15.454471
2026-08-05T11:50:04.902599,1785927004.902599,11.695742,0.7112379670143127,0.11506633460521698,-0.6916021108627319,0.05086200311779976,0.4140438139438629,-0.5934656262397766,-0.6016517281532288,0.3382039964199066,97.476360,-43.997111,-45.919262,20.253039
2026-08-05T11:50:04.920292,1785927004.920292,11.713435,0.7088983654975891,0.11691033840179443,-0.6940129399299622,0.046272873878479004,0.4262203574180603,-0.5886960029602051,-0.601772129535675,0.33112528920173645,96.438516,-43.407404,-58.658303,33.329903
2026-08-05T11:50:04.937697,1785927004.937697,11.730839,0.7061983942985535,0.12052679806947708,-0.6962448954582214,0.04472283273935318,0.44314444065093994,-0.5813857316970825,-0.5998426079750061,0.32527342438697815,95.082421,-42.768815,-77.915011,36.690432
2026-08-05T11:50:04.953222,1785927004.953223,11.746365,0.7034643292427063,0.12330549210309982,-0.6986877918243408,0.04206160828471184,0.4539197087287903,-0.5757620334625244,-0.601631224155426,0.3170098662376404,93.998511,-42.440890,-69.815528,21.121889
2026-08-05T11:50:04.969833,1785927004.969833,11.762975,0.7012100219726562,0.12571218609809875,-0.7007485628128052,0.03811316564679146,0.45692315697669983,-0.5734726786613464,-0.6075002551078796,0.3054415285587311,93.426107,-42.796700,-34.460153,-21.420643
2026-08-05T11:50:04.986309,1785927004.986309,11.779451,0.7001222968101501,0.1269560605287552,-0.701831042766571,0.033828627318143845,0.46098190546035767,-0.5706008672714233,-0.6128078699111938,0.29389992356300354,92.687195,-43.078736,-44.847987,-17.118057
2026-08-05T11:50:04.989878,1785927004.989878,11.783020,0.7013762593269348,0.12318260967731476,-0.7015084028244019,0.027991075068712234,0.472001314163208,-0.5635882019996643,-0.6150903701782227,0.28503939509391785,90.970053,-42.222599,-481.109854,239.872906
2026-08-05T11:50:05.002816,1785927005.002817,11.795959,0.7022175192832947,0.12074604630470276,-0.7012711763381958,0.023020103573799133,0.4896780252456665,-0.5521299242973328,-0.6143481135368347,0.2791856825351715,88.804647,-40.729525,-167.361500,115.397794
2026-08-05T11:50:05.019848,1785927005.019849,11.812991,0.6980732083320618,0.1243015006184578,-0.7048490047454834,0.02075965702533722,0.5071899890899658,-0.539591372013092,-0.6142365336418152,0.27260464429855347,86.964642,-39.473790,-108.032814,73.728366
2026-08-05T11:50:05.036467,1785927005.036468,11.829610,0.6952062249183655,0.12947802245616913,-0.7068167328834534,0.01827484369277954,0.5171135067939758,-0.5305573344230652,-0.6181774735450745,0.262601763010025,85.800158,-39.288940,-70.068582,11.122704
2026-08-05T11:50:05.053460,1785927005.053460,11.846602,0.6954376101493835,0.1346054971218109,-0.7056829333305359,0.016108274459838867,0.5229724049568176,-0.5238973498344421,-0.6240541934967041,0.2501760423183441,84.947051,-39.969779,-50.206070,-40.067986
2026-08-05T11:50:05.070035,1785927005.070035,11.863177,0.6961303949356079,0.13717153668403625,-0.7045609354972839,0.013427921570837498,0.5323135852813721,-0.5148414373397827,-0.6281992793083191,0.23863495886325836,83.553405,-40.039050,-84.080754,-4.179235
2026-08-05T11:50:05.104016,1785927005.104017,11.897159,0.6964353919029236,0.13842104375362396,-0.7040446996688843,0.011768396012485027,0.5465676784515381,-0.5017616152763367,-0.6299692988395691,0.2294301688671112,81.525260,-39.371779,-59.683264,19.636133
2026-08-05T11:50:05.119746,1785927005.119746,11.912889,0.6930580735206604,0.14323879778385162,-0.7064175009727478,0.011290648020803928,0.5609768629074097,-0.4874313175678253,-0.6318596005439758,0.22015798091888428,79.684248,-38.719373,-117.042557,41.476752
2026-08-05T11:50:05.152958,1785927005.152959,11.946101,0.6905808448791504,0.15026800334453583,-0.7073782682418823,0.011568236164748669,0.5698838829994202,-0.4763213098049164,-0.6364355087280273,0.20808809995651245,78.465582,-39.058478,-36.693073,-10.210179
2026-08-05T11:50:05.170015,1785927005.170016,11.963158,0.6900591850280762,0.15448081493377686,-0.7069385647773743,0.013860338367521763,0.5765640139579773,-0.4669998288154602,-0.6416023373603821,0.19450417160987854,77.113740,-39.753281,-79.254627,-40.734332
2026-08-05T11:50:05.219932,1785927005.219932,12.013074,0.6901506781578064,0.1546139419078827,-0.7068293690681458,0.013385781086981297,0.5861839652061462,-0.45501089096069336,-0.6450600028038025,0.18234993517398834,75.143166,-39.478592,-39.477588,5.502997
2026-08-05T11:50:05.237156,1785927005.237156,12.030299,0.6860865354537964,0.15546895563602448,-0.7106017470359802,0.012645476497709751,0.5983327627182007,-0.440181702375412,-0.6470422148704529,0.1719728708267212,72.965230,-38.527993,-126.443719,55.188587
2026-08-05T11:50:05.253863,1785927005.253864,12.047006,0.6829104423522949,0.15663690865039825,-0.713425874710083,0.011041331104934216,0.6081820726394653,-0.42647793889045715,-0.6499233841896057,0.16072076559066772,71.027097,-37.842404,-116.006000,41.035630
2026-08-05T11:50:05.270176,1785927005.270176,12.063318,0.6833977699279785,0.1600818783044815,-0.7121872901916504,0.01143324002623558,0.6143030524253845,-0.4155299961566925,-0.6543909311294556,0.14744283258914948,69.624138,-38.259700,-86.004603,-25.581222
2026-08-05T11:50:05.287378,1785927005.287378,12.080520,0.684889554977417,0.16526679694652557,-0.7095203995704651,0.013934066519141197,0.6305874586105347,-0.3897523581981659,-0.6596286296844482,0.1238667294383049,66.305547,-38.510864,-192.922695,-14.601174
2026-08-05T11:50:05.294112,1785927005.294112,12.086178,0.6851478219032288,0.16957147419452667,-0.7082122564315796,0.015919845551252365,0.6400409936904907,-0.37454506754875183,-0.6610685586929321,0.11424646526575089,64.654845,-38.460764,-291.763475,8.855246
2026-08-05T11:50:05.302823,1785927005.302823,12.095965,0.6838838458061218,0.1746072769165039,-0.7081612944602966,0.017965029925107956,0.6463489532470703,-0.362053781747818,-0.6636320352554321,0.10364867746829987,63.439314,-38.731396,-124.191382,-27.650551
2026-08-05T11:50:05.318609,1785927005.318610,12.111752,0.6846182942390442,0.1793115884065628,-0.7062044143676758,0.020508231595158577,0.656822919845581,-0.33961179852485657,-0.6682593822479248,0.08171434700489044,60.830264,-39.105445,-165.266926,-23.693703
2026-08-05T11:50:05.336987,1785927005.336987,12.130130,0.6857965588569641,0.1819452941417694,-0.7043581604957581,0.02141658030450344,0.6635292768478394,-0.3266642689704895,-0.6692273020744324,0.07179613411426544,59.424829,-39.111689,-76.475695,-0.339715
2026-08-05T11:50:05.353225,1785927005.353226,12.146368,0.6855412721633911,0.18404465913772583,-0.7040243744850159,0.02259540930390358,0.6701715588569641,-0.31332990527153015,-0.6699816584587097,0.061801765114068985,57.947159,-38.996780,-90.999518,7.076428
2026-08-05T11:50:05.369986,1785927005.369986,12.163129,0.684805154800415,0.1860387623310089,-0.7041574716567993,0.0243694968521595,0.6759528517723083,-0.300699383020401,-0.6708598136901855,0.051139261573553085,56.572484,-39.020645,-82.018326,-1.423890
2026-08-05T11:50:05.375650,1785927005.375651,12.167961,0.6841369271278381,0.18848362565040588,-0.7040648460388184,0.026896031573414803,0.6814844012260437,-0.28806743025779724,-0.6715249419212341,0.04063072428107262,55.294228,-39.148752,-264.538197,-26.512090
2026-08-05T11:50:05.386312,1785927005.386313,12.179455,0.6843522191047668,0.19158875942230225,-0.7028799653053284,0.030259422957897186,0.6876941323280334,-0.2741001546382904,-0.6715422868728638,0.031263936311006546,53.984016,-39.243979,-113.986965,-8.284588
2026-08-05T11:50:05.403529,1785927005.403530,12.196672,0.684480607509613,0.19524583220481873,-0.7015975713729858,0.03356117755174637,0.6938078999519348,-0.2593826949596405,-0.6714473962783813,0.022585120052099228,52.700311,-39.268997,-74.560645,-1.453142
2026-08-05T11:50:05.419517,1785927005.419518,12.212660,0.6844747066497803,0.20013774931430817,-0.700035810470581,0.03727048262953758,0.6990765333175659,-0.245285302400589,-0.6715130805969238,0.014061414636671543,51.679538,-39.482892,-63.844837,-13.378168
2026-08-05T11:50:05.437236,1785927005.437237,12.230379,0.6850859522819519,0.2048429250717163,-0.6978708505630493,0.040902279317379,0.703824520111084,-0.23142081499099731,-0.6715973615646362,0.005755815654993057,50.702838,-39.691797,-55.122246,-11.789989
2026-08-05T11:50:05.442157,1785927005.442158,12.235300,0.6851279735565186,0.2099032998085022,-0.6961435675621033,0.043868813663721085,0.7084250450134277,-0.21745595335960388,-0.6714475154876709,-0.002364710671827197,49.801918,-39.849676,-183.078151,-32.083107
2026-08-05T11:50:05.453069,1785927005.453070,12.246212,0.6852547526359558,0.2142379879951477,-0.6945645213127136,0.0459161140024662,0.7128815650939941,-0.2033611387014389,-0.6710715293884277,-0.010374186560511589,48.833284,-39.853343,-88.766343,-0.335995
2026-08-05T11:50:05.486963,1785927005.486963,12.280105,0.6861725449562073,0.21647849678993225,-0.692875325679779,0.04720531776547432,0.7170099020004272,-0.18916697800159454,-0.6706659197807312,-0.017899537459015846,47.621344,-39.566815,-35.757694,8.453856
2026-08-05T11:50:05.503329,1785927005.503330,12.296472,0.6871180534362793,0.2182401567697525,-0.691287100315094,0.04860249161720276,0.7206098437309265,-0.17475773394107819,-0.6705038547515869,-0.02461968921124935,46.346611,-39.155510,-77.885686,25.130607
2026-08-05T11:50:05.553538,1785927005.553538,12.346681,0.6866394281387329,0.22258684039115906,-0.6901648640632629,0.051516469568014145,0.7238003015518188,-0.16011840105056763,-0.6704995036125183,-0.03010011464357376,45.395303,-38.964047,-18.947118,3.813346
2026-08-05T11:50:05.569940,1785927005.569940,12.363083,0.6865566372871399,0.22797898948192596,-0.6882089376449585,0.05508233234286308,0.727268397808075,-0.14561578631401062,-0.6698252558708191,-0.034804318100214005,44.610187,-38.890069,-47.867119,4.510299
2026-08-05T11:50:05.587597,1785927005.587598,12.380740,0.6868282556533813,0.23327778279781342,-0.6859539151191711,0.05758196488022804,0.7307279706001282,-0.1311279684305191,-0.6687967777252197,-0.03941124677658081,43.814326,-38.727854,-45.072078,9.186761
2026-08-05T11:50:05.593751,1785927005.593751,12.385874,0.6868657469749451,0.23561300337314606,-0.6851335763931274,0.05739467963576317,0.733614444732666,-0.11672257632017136,-0.6680095195770264,-0.04415172338485718,42.649361,-38.094404,-226.906947,123.380783
2026-08-05T11:50:05.603046,1785927005.603046,12.396188,0.6875296235084534,0.23613709211349487,-0.6843146681785583,0.05706053599715233,0.735933244228363,-0.10156267136335373,-0.6676727533340454,-0.04796550050377846,41.169130,-37.142698,-143.513539,92.271170
2026-08-05T11:50:05.619833,1785927005.619834,12.411951,0.687606155872345,0.23933808505535126,-0.6829497814178467,0.05911664292216301,0.7383686900138855,-0.08608251810073853,-0.6669580340385437,-0.05068300664424896,40.028857,-36.512877,-72.342759,39.957948
2026-08-05T11:50:05.636629,1785927005.636630,12.429772,0.6874386072158813,0.24432840943336487,-0.681097149848938,0.06195636838674545,0.740898072719574,-0.07183203101158142,-0.6656328439712524,-0.05332307517528534,39.278275,-36.213632,-42.116547,16.791172
2026-08-05T11:50:05.652719,1785927005.652720,12.445862,0.6872011423110962,0.247658833861351,-0.6800142526626587,0.06324967741966248,0.7423752546310425,-0.06037936359643936,-0.6648707985877991,-0.056395240128040314,38.613488,-35.901573,-41.316379,19.394444
2026-08-05T11:50:05.669788,1785927005.669789,12.462931,0.6859585046768188,0.25010520219802856,-0.6803476214408875,0.06352586299180984,0.7428389191627502,-0.05077039822936058,-0.6648953557014465,-0.059390340000391006,38.025651,-35.568015,-34.439636,19.542176
2026-08-05T11:50:05.688864,1785927005.688865,12.479986,0.6855326294898987,0.2525191903114319,-0.6799492239952087,0.06283474713563919,0.7433058023452759,-0.04096037149429321,-0.6649019718170166,-0.061029210686683655,37.302880,-35.034589,-42.378749,31.276715
2026-08-05T11:50:05.704120,1785927005.704120,12.497263,0.6856940984725952,0.2542910873889923,-0.6792328357696533,0.06166430935263634,0.7444387674331665,-0.03180019557476044,-0.6640635132789612,-0.061803631484508514,36.531424,-34.409136,-44.652772,36.202013
2026-08-05T11:50:05.719875,1785927005.719875,12.513017,0.6856793165206909,0.2555357813835144,-0.6788458824157715,0.06094107776880264,0.7450992465019226,-0.02597264014184475,-0.6633901000022888,-0.06377138197422028,36.126383,-34.139295,-25.709226,17.127666
2026-08-05T11:50:05.737658,1785927005.737659,12.530801,0.6855435371398926,0.2557985186576843,-0.6789324283599854,0.06040022894740105,0.74469393491745,-0.024558041244745255,-0.6635478734970093,-0.0673254132270813,36.141033,-34.271447,0.823770,-7.431048
2026-08-05T11:50:05.742545,1785927005.742545,12.535688,0.6848869323730469,0.25582796335220337,-0.6796513795852661,0.05963273346424103,0.7438918352127075,-0.024903127923607826,-0.6641213297843933,-0.07034335285425186,36.284356,-34.467498,29.331014,-40.121697
2026-08-05T11:50:05.752766,1785927005.752766,12.545908,0.6846812963485718,0.2551491856575012,-0.6801941394805908,0.05870693176984787,0.7434551119804382,-0.024567844346165657,-0.6645815968513489,-0.07073060423135757,36.149292,-34.329894,-13.214627,13.463130
2026-08-05T11:50:05.768783,1785927005.768784,12.561926,0.6842274069786072,0.2549658715724945,-0.6807306408882141,0.05857774242758751,0.7433183789253235,-0.02388378418982029,-0.6649338603019714,-0.06907377392053604,35.982622,-34.115885,-10.405534,13.361030
2026-08-05T11:50:05.786581,1785927005.786581,12.579723,0.6839007139205933,0.2551632821559906,-0.6809322237968445,0.05918637663125992,0.7431225180625916,-0.02392025664448738,-0.6653615236282349,-0.06702052056789398,35.940332,-34.019494,-2.376187,5.415994
2026-08-05T11:50:05.803681,1785927005.803682,12.596824,0.6840547323226929,0.25454479455947876,-0.6810169219970703,0.059094496071338654,0.7427641153335571,-0.024867061525583267,-0.6659090518951416,-0.06518489122390747,35.870798,-33.883989,-4.066122,7.923848
2026-08-05T11:50:05.853236,1785927005.853237,12.646379,0.6844257116317749,0.2524508237838745,-0.6814591884613037,0.05868148058652878,0.7422949075698853,-0.026894250884652138,-0.6665235757827759,-0.0634196549654007,35.744601,-33.686305,-2.546606,3.989178
2026-08-05T11:50:05.869598,1785927005.869599,12.662741,0.6848878860473633,0.250596821308136,-0.6816229224205017,0.05933066084980965,0.7416076064109802,-0.03067982941865921,-0.6673030257225037,-0.06151825562119484,35.861830,-33.724380,7.164863,-2.327077
2026-08-05T11:50:05.886285,1785927005.886285,12.678531,0.6851786375045776,0.24915242195129395,-0.6817407608032227,0.0606878325343132,0.7406275272369385,-0.0367160402238369,-0.6682596206665039,-0.05960409343242645,36.288172,-34.038282,27.000382,-19.879466
2026-08-05T11:50:05.890970,1785927005.890970,12.684113,0.6848629117012024,0.2480427324771881,-0.6823230981826782,0.0622335746884346,0.7391954064369202,-0.04472789913415909,-0.6695037484169006,-0.057925790548324585,36.984922,-34.576991,124.834639,-96.519093
2026-08-05T11:50:05.902731,1785927005.902731,12.695874,0.6835672855377197,0.2469290792942047,-0.6839578151702881,0.06295616179704666,0.7375468611717224,-0.05418340861797333,-0.6707572340965271,-0.056342434138059616,37.828221,-35.181635,71.701874,-51.410115
2026-08-05T11:50:05.919857,1785927005.919857,12.711976,0.6830882430076599,0.24399547278881073,-0.6854913830757141,0.06291575729846954,0.7356923222541809,-0.06465238332748413,-0.6720126867294312,-0.05456068366765976,38.533188,-35.629337,43.781140,-27.803955
2026-08-05T11:50:05.936435,1785927005.936436,12.729578,0.6830748319625854,0.23907464742660522,-0.6872798204421997,0.06243930757045746,0.7333152890205383,-0.07654337584972382,-0.6735172867774963,-0.05258593708276749,39.144262,-35.961602,34.715766,-18.876322
2026-08-05T11:50:05.952969,1785927005.952970,12.746112,0.6825927495956421,0.23435215651988983,-0.6894883513450623,0.06125596910715103,0.7302926182746887,-0.08990572392940521,-0.6753221154212952,-0.05030728131532669,39.907870,-36.347481,46.184502,-23.338742
2026-08-05T11:50:05.969788,1785927005.969789,12.762931,0.6824308037757874,0.2295326292514801,-0.69144207239151,0.05925290659070015,0.7268937230110168,-0.1042625829577446,-0.6771376132965088,-0.04733775183558464,40.722060,-36.687742,48.407579,-20.230173
2026-08-05T11:50:05.986293,1785927005.986293,12.779436,0.6808985471725464,0.22486592829227448,-0.6947234869003296,0.056319475173950195,0.7235035300254822,-0.11761218309402466,-0.6788520812988281,-0.04325469583272934,41.426144,-36.789161,42.660681,-6.145010
2026-08-05T11:50:06.003191,1785927006.003192,12.796334,0.6788898706436157,0.2227732092142105,-0.6975247859954834,0.05422123149037361,0.7210808992385864,-0.12786370515823364,-0.6798855066299438,-0.03807928413152695,42.114585,-36.847163,40.739998,-3.432377
2026-08-05T11:50:06.019471,1785927006.019472,12.812614,0.6798851490020752,0.21814732253551483,-0.698142945766449,0.05257878080010414,0.7198358774185181,-0.13444669544696808,-0.6802579164505005,-0.03178979828953743,42.082629,-36.348888,-1.962854,30.606245
2026-08-05T11:50:06.036469,1785927006.036469,12.829611,0.6800642013549805,0.21238139271736145,-0.6997512578964233,0.052490945905447006,0.7190466523170471,-0.1399463266134262,-0.6802516579627991,-0.025411127135157585,41.882200,-35.768425,-11.791987,34.150692
2026-08-05T11:50:06.041544,1785927006.041544,12.834687,0.6801321506500244,0.20952221751213074,-0.7003927230834961,0.0545051246881485,0.7174206972122192,-0.14736278355121613,-0.6805644631385803,-0.020611250773072243,42.311264,-35.894445,84.537022,-24.829278
2026-08-05T11:50:06.052681,1785927006.052682,12.845824,0.6807880997657776,0.20883895456790924,-0.6996989846229553,0.057751964777708054,0.7144625782966614,-0.15756067633628845,-0.6814820766448975,-0.017354756593704224,43.341169,-36.669892,92.473956,-69.626457
2026-08-05T11:50:06.069617,1785927006.069618,12.862760,0.6794410943984985,0.20908081531524658,-0.7006850242614746,0.06070888042449951,0.7110067009925842,-0.1688571721315384,-0.682469367980957,-0.013902870006859303,44.622884,-37.557637,75.680691,-52.418190
2026-08-05T11:50:06.086280,1785927006.086280,12.878432,0.678227961063385,0.20821377635002136,-0.7020182013511658,0.06184062361717224,0.707680881023407,-0.17987674474716187,-0.6831903457641602,-0.009177589789032936,45.689519,-38.079944,68.059036,-33.326949
2026-08-05T11:50:06.104729,1785927006.104730,12.897872,0.6775755286216736,0.20696909725666046,-0.7030401825904846,0.06156182289123535,0.7043858170509338,-0.18983355164527893,-0.6839529871940613,-0.0036382959224283695,46.553505,-38.309081,44.443338,-11.786760
2026-08-05T11:50:06.119751,1785927006.119752,12.912894,0.677979052066803,0.20370391011238098,-0.7037695050239563,0.059645697474479675,0.7011139988899231,-0.19946372509002686,-0.6845796704292297,0.0022739265114068985,47.123304,-38.185696,37.931445,8.213723
2026-08-05T11:50:06.136590,1785927006.136590,12.929733,0.6785793900489807,0.1992291659116745,-0.7046744227409363,0.057199325412511826,0.6974836587905884,-0.20979300141334534,-0.6851541996002197,0.008263829164206982,47.649876,-37.966600,31.271392,13.011349
2026-08-05T11:50:06.153290,1785927006.153291,12.946433,0.6798108220100403,0.19444474577903748,-0.7050731182098389,0.054040636867284775,0.6930075287818909,-0.222123384475708,-0.6857175827026367,0.013937889598309994,48.389679,-37.876626,44.299458,5.387649
2026-08-05T11:50:06.169551,1785927006.169551,12.962693,0.6798906922340393,0.19150497019290924,-0.7060253024101257,0.051018789410591125,0.6875203847885132,-0.23612089455127716,-0.6864317655563354,0.019374029710888863,49.581176,-38.106664,73.274996,-14.146913
2026-08-05T11:50:06.186630,1785927006.186631,12.979773,0.678499698638916,0.18936066329479218,-0.7081562876701355,0.0479123629629612,0.681763768196106,-0.25016987323760986,-0.6870022416114807,0.02534235641360283,50.910103,-38.329560,77.806821,-13.050273
2026-08-05T11:50:06.192928,1785927006.192928,12.986071,0.6768001317977905,0.18706142902374268,-0.7106097936630249,0.044535424560308456,0.6762967109680176,-0.26325881481170654,-0.6872182488441467,0.03240205720067024,52.139795,-38.338098,195.271412,-1.355735
2026-08-05T11:50:06.202827,1785927006.202827,12.995970,0.6760109066963196,0.18367835879325867,-0.7124473452568054,0.041113484650850296,0.6711499691009521,-0.2755466103553772,-0.6870133876800537,0.0405634380877018,53.182947,-38.113305,105.380573,22.708905
2026-08-05T11:50:06.219315,1785927006.219315,13.012458,0.6749525666236877,0.18131685256958008,-0.7141706943511963,0.03903473913669586,0.6660104393959045,-0.2873844802379608,-0.686555027961731,0.04983338713645935,54.333874,-37.953726,69.803596,9.678450
2026-08-05T11:50:06.235572,1785927006.235572,13.028715,0.6741151809692383,0.17968544363975525,-0.7154646515846252,0.03731418773531914,0.6613284349441528,-0.29852762818336487,-0.6854948401451111,0.06019698083400726,55.530535,-37.756678,73.608766,12.120739
2026-08-05T11:50:06.268910,1785927006.268910,13.062053,0.6737090349197388,0.177259162068367,-0.7165939211845398,0.03447555750608444,0.656645655632019,-0.3093659281730652,-0.6841846108436584,0.07072275876998901,56.650005,-37.373364,33.579310,11.497795
2026-08-05T11:50:06.284665,1785927006.284665,13.077156,0.6734658479690552,0.17580106854438782,-0.7172999978065491,0.03191520273685455,0.6512653231620789,-0.320785254240036,-0.6829423904418945,0.08087779581546783,57.989110,-37.194810,88.661470,11.821961
2026-08-05T11:50:06.302374,1785927006.302375,13.095517,0.674385666847229,0.17494696378707886,-0.7167038917541504,0.03054884262382984,0.645540177822113,-0.33266621828079224,-0.6814226508140564,0.09096979349851608,59.476453,-37.280970,81.007222,-4.692656
2026-08-05T11:50:06.319367,1785927006.319368,13.111500,0.6752238273620605,0.175477534532547,-0.7157680988311768,0.03092588670551777,0.6395311951637268,-0.34477755427360535,-0.6796451210975647,0.10105359554290771,61.160144,-37.675389,105.345064,-24.677983
2026-08-05T11:50:06.333860,1785927006.333860,13.127002,0.674795389175415,0.17693477869033813,-0.7157842516899109,0.03159720450639725,0.6334894299507141,-0.35695013403892517,-0.6773771047592163,0.11153092235326767,62.987270,-38.110257,117.856830,-28.050707
2026-08-05T11:50:06.351487,1785927006.351487,13.144630,0.6749622821807861,0.17806637287139893,-0.7153230905532837,0.03211452066898346,0.6278430819511414,-0.3688909113407135,-0.6744033098220825,0.12212303280830383,64.780116,-38.524275,101.708848,-23.487376
2026-08-05T11:50:06.383797,1785927006.383798,13.176940,0.6753437519073486,0.17871329188346863,-0.7148034572601318,0.032069187611341476,0.6227013468742371,-0.38057535886764526,-0.6706439256668091,0.13282766938209534,66.526067,-38.849549,54.037059,-10.067211
2026-08-05T11:50:06.399639,1785927006.399640,13.192782,0.6762152910232544,0.17798736691474915,-0.7141609191894531,0.03205748647451401,0.6173444986343384,-0.3923494517803192,-0.6666284203529358,0.14337113499641418,68.150970,-39.105188,102.568021,-16.136599
2026-08-05T11:50:06.402839,1785927006.402839,13.195981,0.6764608025550842,0.1779198944568634,-0.7138873338699341,0.033320579677820206,0.6107692122459412,-0.4049298167228699,-0.6628472805023193,0.1537128984928131,69.943281,-39.590670,560.254646,-151.755650
2026-08-05T11:50:06.419077,1785927006.419078,13.212220,0.6755036115646362,0.17702025175094604,-0.7149770855903625,0.034157540649175644,0.6035999655723572,-0.4176114499568939,-0.6590378284454346,0.16412946581840515,71.688712,-39.884032,107.484387,-18.065345
2026-08-05T11:50:06.435637,1785927006.435637,13.228780,0.67411208152771,0.17483486235141754,-0.7168440222740173,0.03377119079232216,0.5971086621284485,-0.4291161000728607,-0.6546407341957092,0.17540597915649414,73.224083,-39.732627,92.717895,9.143010
2026-08-05T11:50:06.452662,1785927006.452662,13.245804,0.6750164031982422,0.17139415442943573,-0.7168390154838562,0.03344784677028656,0.5910254120826721,-0.439531534910202,-0.6499799489974976,0.18715809285640717,74.536477,-39.479924,77.088442,14.843487
2026-08-05T11:50:06.468895,1785927006.468895,13.262038,0.6760603189468384,0.168340802192688,-0.7165812253952026,0.033395227044820786,0.5836794972419739,-0.45022493600845337,-0.6458120346069336,0.1988551914691925,75.959451,-39.333059,87.658233,9.047158
2026-08-05T11:50:06.485887,1785927006.485888,13.279030,0.6759372353553772,0.16618245840072632,-0.7171635031700134,0.034188639372587204,0.574711799621582,-0.46158185601234436,-0.6421820521354675,0.21036112308502197,77.569753,-39.334397,94.763725,-0.078712
2026-08-05T11:50:06.488408,1785927006.488918,13.281551,0.6763793230056763,0.16349242627620697,-0.7173278331756592,0.0349600687623024,0.5655522346496582,-0.4724655747413635,-0.6384588479995728,0.22203201055526733,79.107162,-39.269745,609.947388,25.649847
2026-08-05T11:50:06.502472,1785927006.502473,13.295615,0.6773768663406372,0.16169583797454834,-0.7167276740074158,0.03628646209836006,0.5573375225067139,-0.4820677638053894,-0.6342736482620239,0.23384541273117065,80.600492,-39.266604,106.178624,0.223301
2026-08-05T11:50:06.518783,1785927006.518784,13.311926,0.6787285804748535,0.16090339422225952,-0.7155150175094604,0.03842024505138397,0.5493765473365784,-0.4908021092414856,-0.6301039457321167,0.2454972118139267,82.091374,-39.404287,91.402549,-8.440973
2026-08-05T11:50:06.535407,1785927006.536263,13.328550,0.6806294918060303,0.1596149206161499,-0.7138358354568481,0.04129236936569214,0.5405283570289612,-0.4998233914375305,-0.626244843006134,0.2565624713897705,83.552906,-39.695182,87.920938,-17.499290
2026-08-05T11:50:06.568645,1785927006.568645,13.361788,0.6815910339355469,0.15591607987880707,-0.7136305570602417,0.043074049055576324,0.5304787755012512,-0.5095552206039429,-0.6225687861442566,0.267123281955719,84.892379,-39.674634,40.299498,0.618205
2026-08-05T11:50:06.585846,1785927006.585847,13.378989,0.6818610429763794,0.15293973684310913,-0.7138954401016235,0.045038096606731415,0.5200674533843994,-0.5193136930465698,-0.6186638474464417,0.27766749262809753,86.335051,-39.696215,83.868218,-1.254616
2026-08-05T11:50:06.603100,1785927006.603101,13.396243,0.6825352907180786,0.15259011089801788,-0.7130728960037231,0.04887675866484642,0.5100172162055969,-0.528444766998291,-0.6144240498542786,0.2882928252220154,87.942407,-40.143004,93.159091,-25.894966
2026-08-05T11:50:06.619196,1785927006.619196,13.412339,0.6837291121482849,0.1513637900352478,-0.7119183540344238,0.052686721086502075,0.5000972747802734,-0.5370804667472839,-0.6100686192512512,0.29877224564552307,89.416790,-40.523459,91.601422,-23.637162
2026-08-05T11:50:06.632762,1785927006.632762,13.425905,0.6856406927108765,0.14885078370571136,-0.7103989124298096,0.055439841002225876,0.490352988243103,-0.5452243685722351,-0.6055456399917603,0.3091925084590912,90.765233,-40.732610,99.398592,-15.417290
2026-08-05T11:50:06.635699,1785927006.635700,13.428173,0.6879015564918518,0.14656855165958405,-0.7084220051765442,0.058714643120765686,0.4800455868244171,-0.5531370639801025,-0.6014010906219482,0.31923866271972656,92.114222,-41.081798,594.647241,-153.925398
2026-08-05T11:50:06.685709,1785927006.685709,13.478852,0.6894253492355347,0.14528347551822662,-0.7069036364555359,0.06223132833838463,0.4682408571243286,-0.5614203810691833,-0.5978067517280579,0.32891619205474854,93.636912,-41.575027,30.046227,-9.732544
2026-08-05T11:50:06.702704,1785927006.702704,13.495847,0.6904684901237488,0.14548785984516144,-0.7054592967033386,0.06643533706665039,0.4557439386844635,-0.5697429776191711,-0.5939851403236389,0.3389294743537903,95.350024,-42.235094,100.799815,-38.838462
2026-08-05T11:50:06.719387,1785927006.719388,13.512530,0.6921768188476562,0.14596346020698547,-0.7033300995826721,0.07009151577949524,0.44396281242370605,-0.5774145126342773,-0.5893402099609375,0.34952661395072937,97.092012,-42.876217,104.416330,-38.429486
2026-08-05T11:50:06.736080,1785927006.736081,13.529223,0.6954964995384216,0.14528954029083252,-0.6998342275619507,0.07353798300027847,0.43245548009872437,-0.5846043825149536,-0.5843496322631836,0.36021745204925537,98.724932,-43.571294,97.819937,-41.638571
2026-08-05T11:50:06.753118,1785927006.753118,13.546260,0.6995972394943237,0.14431039988994598,-0.6955867409706116,0.07679358124732971,0.4218218922615051,-0.5909997820854187,-0.5790455937385559,0.3708001375198364,100.256810,-44.286992,89.912740,-42.007503
2026-08-05T11:50:06.769333,1785927006.769334,13.562476,0.7050280570983887,0.14282460510730743,-0.6900255084037781,0.08001003414392471,0.41173505783081055,-0.596645712852478,-0.5740038156509399,0.3808002471923828,101.661430,-45.154597,86.621700,-53.504450
2026-08-05T11:50:06.785961,1785927006.785962,13.579104,0.7112301588058472,0.1394837200641632,-0.6838860511779785,0.08364150673151016,0.4011029899120331,-0.602279543876648,-0.5693793892860413,0.3901076912879944,102.886749,-46.088941,73.689995,-56.190907
2026-08-05T11:50:06.790221,1785927006.790221,13.583364,0.71681809425354,0.13600318133831024,-0.6782935857772827,0.08713611960411072,0.38963016867637634,-0.6078656911849976,-0.5656315088272095,0.3984341323375702,104.095551,-47.053285,283.783798,-226.393805
2026-08-05T11:50:06.802324,1785927006.802325,13.595467,0.7213461399078369,0.1333395093679428,-0.6735568642616272,0.09056244790554047,0.3786783516407013,-0.6131013631820679,-0.5614960193634033,0.4067341387271881,105.334710,-47.942846,102.379711,-73.495855
2026-08-05T11:50:06.819027,1785927006.819027,13.612170,0.7264741659164429,0.13245710730552673,-0.6675838828086853,0.09498532861471176,0.3697662055492401,-0.6175629496574402,-0.5561022758483887,0.41550004482269287,106.612743,-49.118900,76.516799,-70.411215
2026-08-05T11:50:06.835302,1785927006.835302,13.628444,0.7326594591140747,0.12945766746997833,-0.6608425378799438,0.0986815094947815,0.36225348711013794,-0.6214592456817627,-0.550167441368103,0.42411985993385315,107.631718,-50.148095,62.611944,-63.239868
2026-08-05T11:50:06.852163,1785927006.852163,13.645305,0.737942099571228,0.12786976993083954,-0.654707670211792,0.10221900790929794,0.35472866892814636,-0.6251686811447144,-0.5447248220443726,0.43198123574256897,108.729814,-51.265859,65.125613,-66.292122
2026-08-05T11:50:06.868602,1785927006.868603,13.661745,0.7421139478683472,0.1282685101032257,-0.6492639183998108,0.10616239905357361,0.3465456962585449,-0.6287492513656616,-0.5404218435287476,0.43877747654914856,109.942773,-52.578043,73.783450,-79.819227
2026-08-05T11:50:06.886404,1785927006.886405,13.679547,0.7461456656455994,0.12744192779064178,-0.6441542506217957,0.1099572479724884,0.33742305636405945,-0.6324218511581421,-0.5367967486381531,0.4450152814388275,111.072888,-53.825511,63.482473,-70.074623
2026-08-05T11:50:06.902689,1785927006.902689,13.695832,0.750360906124115,0.12378966063261032,-0.6395266056060791,0.11243026703596115,0.3282013535499573,-0.6360220909118652,-0.5331734418869019,0.45109525322914124,111.994664,-54.711649,56.602993,-54.414564
2026-08-05T11:50:06.918381,1785927006.919388,13.711524,0.7544253468513489,0.12132251262664795,-0.6347398161888123,0.11501803994178772,0.319916307926178,-0.6394014358520508,-0.5287034511566162,0.45748570561408997,112.993133,-55.695764,63.627246,-62.712568
2026-08-05T11:50:06.936214,1785927006.936214,13.729357,0.7572279572486877,0.12210400402545929,-0.6306476593017578,0.11823733896017075,0.3132004737854004,-0.6424669623374939,-0.5233420729637146,0.46395665407180786,114.139521,-56.814567,64.287237,-62.740308
2026-08-05T11:50:06.952367,1785927006.952367,13.745509,0.7586268186569214,0.12473762035369873,-0.6279268860816956,0.1209702417254448,0.30684882402420044,-0.6452683806419373,-0.5181317329406738,0.47012028098106384,115.378137,-57.833402,76.680939,-63.074575
2026-08-05T11:50:06.969809,1785927006.969809,13.762952,0.759662926197052,0.12686987221240997,-0.6258505582809448,0.12299364805221558,0.2992527186870575,-0.6480130553245544,-0.5139607191085815,0.47578611969947815,116.623278,-58.748608,71.386568,-52.470706
2026-08-05T11:50:06.986063,1785927006.986064,13.779206,0.7609316110610962,0.12852120399475098,-0.6236104965209961,0.12480175495147705,0.29089251160621643,-0.650654673576355,-0.510245144367218,0.4813324213027954,117.872503,-59.682552,76.853345,-57.456998
2026-08-05T11:50:07.002324,1785927007.002325,13.795467,0.7626715898513794,0.13062864542007446,-0.6205915808677673,0.12702152132987976,0.2837165594100952,-0.6531406044960022,-0.5058208703994751,0.48688656091690063,119.095962,-60.789571,75.238399,-68.077752
2026-08-05T11:50:07.053424,1785927007.053424,13.846566,0.7644124031066895,0.13330163061618805,-0.6174283623695374,0.12917715311050415,0.2790397107601166,-0.6554917097091675,-0.49972864985466003,0.4926864504814148,120.249472,-61.885065,22.573981,-21.438622
2026-08-05T11:50:07.069643,1785927007.069643,13.862786,0.7656288146972656,0.13651444017887115,-0.6146519780158997,0.13183169066905975,0.2748226821422577,-0.6575421094894409,-0.4940410852432251,0.49803149700164795,121.323111,-62.951020,66.194840,-65.721094
2026-08-05T11:50:07.086360,1785927007.086361,13.879503,0.7660450339317322,0.13949944078922272,-0.6128942370414734,0.1344454139471054,0.2681484818458557,-0.6595218181610107,-0.4906819760799408,0.5023541450500488,122.408852,-63.951907,64.947552,-59.871731
2026-08-05T11:50:07.089581,1785927007.089581,13.882723,0.767265260219574,0.1415737271308899,-0.6104826331138611,0.13627898693084717,0.25990891456604004,-0.6615035533905029,-0.4891369044780731,0.50557541847229,123.505656,-65.146047,340.588803,-370.813915
2026-08-05T11:50:07.102242,1785927007.102242,13.895385,0.7684696912765503,0.14242756366729736,-0.6083201766014099,0.1382586807012558,0.25409749150276184,-0.6632295846939087,-0.48678892850875854,0.5085259675979614,124.290022,-66.067612,61.950204,-72.786490
2026-08-05T11:50:07.118931,1785927007.118932,13.912074,0.7688524127006531,0.14286428689956665,-0.6072278022766113,0.14046449959278107,0.25233379006385803,-0.6644905209541321,-0.4829337000846863,0.5114256143569946,124.687854,-66.484280,23.837558,-24.966156
2026-08-05T11:50:07.135997,1785927007.135998,13.929140,0.7691661715507507,0.14331644773483276,-0.6063039302825928,0.14226584136486053,0.2512666583061218,-0.6653878688812256,-0.4798571467399597,0.5136751532554626,124.977573,-66.808081,16.975899,-18.972911
2026-08-05T11:50:07.152674,1785927007.152674,13.945817,0.7694402933120728,0.1436854749917984,-0.6056056022644043,0.14338140189647675,0.2485649436712265,-0.666391909122467,-0.4786853790283203,0.5147800445556641,125.327817,-67.242718,21.002700,-26.063343
2026-08-05T11:50:07.169599,1785927007.169600,13.962742,0.7696799039840698,0.14334963262081146,-0.6052418947219849,0.14396516978740692,0.24554428458213806,-0.6674485802650452,-0.47818470001220703,0.5153258442878723,125.623159,-67.597471,17.449421,-20.959612
2026-08-05T11:50:07.185920,1785927007.185920,13.979063,0.7698972225189209,0.14291059970855713,-0.6048803329467773,0.14475736021995544,0.24491074681282043,-0.6681687235832214,-0.4769831895828247,0.5158075094223022,125.708945,-67.778838,5.256260,-11.112657
2026-08-05T11:50:07.202787,1785927007.202788,13.995930,0.7697721719741821,0.1431826949119568,-0.6047893762588501,0.1455312967300415,0.24676498770713806,-0.6685656309127808,-0.4756125509738922,0.5156750679016113,125.623203,-67.848571,-5.083380,-4.134254
2026-08-05T11:50:07.218922,1785927007.218922,14.012064,0.7693976163864136,0.14313355088233948,-0.6053959131240845,0.14503762125968933,0.25017639994621277,-0.6685332655906677,-0.47545793652534485,0.5142137408256531,125.326944,-67.671389,-18.361799,10.981566
2026-08-05T11:50:07.236049,1785927007.236049,14.029192,0.7682785987854004,0.14230921864509583,-0.6075109243392944,0.14292243123054504,0.2548758089542389,-0.6679156422615051,-0.4770911633968353,0.5111870169639587,124.752552,-67.027456,-33.536692,37.596945
2026-08-05T11:50:07.241720,1785927007.241721,14.034863,0.7671683430671692,0.14031454920768738,-0.61028653383255,0.13897889852523804,0.26023444533348083,-0.6667220592498779,-0.48048660159111023,0.50684654712677,123.961525,-66.066462,-139.474092,169.442568
2026-08-05T11:50:07.252623,1785927007.252623,14.045765,0.7662002444267273,0.13774697482585907,-0.6131631135940552,0.1341426521539688,0.2660501301288605,-0.6651100516319275,-0.48477259278297424,0.5018392205238342,123.047667,-64.969823,-83.823480,100.589033
2026-08-05T11:50:07.268299,1785927007.268299,14.061441,0.7648431658744812,0.13619427382946014,-0.6161746978759766,0.12959490716457367,0.27251020073890686,-0.6632017493247986,-0.4897231459617615,0.4960584342479706,122.087103,-63.938578,-61.275988,65.784899
2026-08-05T11:50:07.285912,1785927007.285913,14.077914,0.7628778219223022,0.13594861328601837,-0.6196351647377014,0.12485111504793167,0.28023844957351685,-0.6609286069869995,-0.49478787183761597,0.4897202253341675,121.099830,-62.888065,-59.934347,63.773457
2026-08-05T11:50:07.302201,1785927007.302202,14.094519,0.7608450651168823,0.13546408712863922,-0.6234850883483887,0.11845096945762634,0.2901269793510437,-0.6580245494842529,-0.49974626302719116,0.48278847336769104,119.950529,-61.575955,-69.214600,79.019456
2026-08-05T11:50:07.318727,1785927007.318727,14.111870,0.7586032748222351,0.13479934632778168,-0.627790093421936,0.11058878153562546,0.30137428641319275,-0.6545602679252625,-0.5046072602272034,0.47549644112586975,118.704181,-60.026597,-71.832814,89.296650
2026-08-05T11:50:07.335655,1785927007.335655,14.128798,0.7561389803886414,0.1343218833208084,-0.6320611834526062,0.10349101573228836,0.3122265040874481,-0.6513032913208008,-0.5100265741348267,0.4671109914779663,117.427804,-58.689023,-75.400496,79.015695
2026-08-05T11:50:07.352220,1785927007.352220,14.145362,0.7551612854003906,0.13296590745449066,-0.6346030235290527,0.09659568965435028,0.3203865885734558,-0.6488147377967834,-0.5175295472145081,0.4566795825958252,116.230544,-57.991408,-72.277183,42.114190
2026-08-05T11:50:07.368209,1785927007.368209,14.160369,0.7532140016555786,0.132647305727005,-0.6380269527435303,0.08941614627838135,0.3275895416736603,-0.6468387246131897,-0.5263165235519409,0.44415849447250366,115.113727,-57.504015,-74.419644,32.477700
2026-08-05T11:50:07.385721,1785927007.385722,14.177862,0.7490038275718689,0.13264404237270355,-0.6441254615783691,0.08062945306301117,0.33882927894592285,-0.6438047885894775,-0.5333544611930847,0.4315602481365204,113.713941,-56.241384,-80.019715,72.179157
2026-08-05T11:50:07.387857,1785927007.387857,14.181000,0.7435714602470398,0.13080286979675293,-0.6520399451255798,0.06954025477170944,0.3565771281719208,-0.6384247541427612,-0.5372812747955322,0.4202341139316559,111.724492,-53.800597,-634.165892,778.036440
2026-08-05T11:50:07.402279,1785927007.402280,14.195422,0.738368570804596,0.1276954710483551,-0.6595251560211182,0.059435371309518814,0.3756874203681946,-0.6311354041099548,-0.5412991642951965,0.40929630398750305,109.361847,-51.074496,-163.814844,189.015159
2026-08-05T11:50:07.418738,1785927007.418739,14.211881,0.7350432872772217,0.12437522411346436,-0.6645013689994812,0.051772259175777435,0.3919029235839844,-0.6233565807342529,-0.5468648076057434,0.3984701335430145,107.037846,-48.921784,-141.199521,130.792481
2026-08-05T11:50:07.435675,1785927007.435675,14.227963,0.731660783290863,0.12193667143583298,-0.6691840887069702,0.04468557611107826,0.40750589966773987,-0.6147608757019043,-0.5532839894294739,0.38715076446533203,104.713543,-46.933136,-144.529950,123.658223
2026-08-05T11:50:07.469545,1785927007.469545,14.262327,0.7252094745635986,0.12177935987710953,-0.6766893267631531,0.03650762885808945,0.42411181330680847,-0.6053099036216736,-0.5592471957206726,0.37546300888061523,102.488873,-44.635786,-64.737953,66.852981
2026-08-05T11:50:07.503189,1785927007.503190,14.296332,0.7172532081604004,0.12240791320800781,-0.6854100823402405,0.027883263304829597,0.4414600133895874,-0.5954834818840027,-0.5641188025474548,0.36370787024497986,100.335747,-42.266466,-63.318523,69.676257
2026-08-05T11:50:07.520120,1785927007.520121,14.312535,0.7122220396995544,0.12245427072048187,-0.6908659934997559,0.021191807463765144,0.45832663774490356,-0.5858877897262573,-0.5682991743087769,0.35172316431999207,98.197437,-40.639035,-131.972531,100.442053
2026-08-05T11:50:07.536365,1785927007.536366,14.329508,0.7103531956672668,0.12144786864519119,-0.6931267380714417,0.014977576211094856,0.47399622201919556,-0.5765225887298584,-0.572547972202301,0.33932164311408997,96.079115,-39.564455,-124.803498,63.310182
2026-08-05T11:50:07.553088,1785927007.553088,14.346231,0.7048191428184509,0.1233803927898407,-0.6985055208206177,0.009867836721241474,0.48956871032714844,-0.5667929649353027,-0.5764093995094299,0.3268355429172516,94.160055,-38.421019,-114.756277,68.375397
2026-08-05T11:50:07.569819,1785927007.569820,14.362962,0.6972108483314514,0.1277797520160675,-0.7053616046905518,0.005848013795912266,0.5055356025695801,-0.5559650659561157,-0.5803937911987305,0.3138168156147003,92.320122,-37.372388,-109.968235,62.674054
2026-08-05T11:50:07.585831,1785927007.585832,14.378974,0.6921382546424866,0.13089941442012787,-0.7097914814949036,0.002464940305799246,0.5190755724906921,-0.5460484623908997,-0.5855503678321838,0.29920458793640137,90.478097,-36.905229,-115.042312,29.176044
2026-08-05T11:50:07.601420,1785927007.601421,14.394563,0.6906362771987915,0.13133659958839417,-0.7111765146255493,0.0003701548557728529,0.5296315550804138,-0.5380973815917969,-0.5915616154670715,0.28283801674842834,88.562702,-37.103209,-122.868348,-12.699949
2026-08-05T11:50:07.618801,1785927007.618801,14.411943,0.6881635785102844,0.12941144406795502,-0.713914692401886,-0.0030721600633114576,0.5402902960777283,-0.5300326347351074,-0.5966617465019226,0.2667350471019745,86.501574,-36.816434,-118.588691,16.499833
2026-08-05T11:50:07.634783,1785927007.634783,14.427926,0.6829856634140015,0.1301352083683014,-0.7187159061431885,-0.006547694094479084,0.5537877678871155,-0.5191072821617126,-0.6000572443008423,0.25254520773887634,84.487464,-36.089220,-126.022493,45.501645
2026-08-05T11:50:07.651668,1785927007.651668,14.444810,0.6806421875953674,0.13532553613185883,-0.7199810743331909,-0.0063696363940835,0.5688371658325195,-0.5055802464485168,-0.6026404500007629,0.2400800585746765,82.625592,-36.048703,-110.269089,2.399617
2026-08-05T11:50:07.667956,1785927007.667956,14.461098,0.6827993988990784,0.13907241821289062,-0.7172226309776306,-0.005966756492853165,0.5804325938224792,-0.4939001202583313,-0.6064530611038208,0.2266635000705719,80.852700,-36.601883,-108.846219,-33.962356
2026-08-05T11:50:07.685228,1785927007.685229,14.478371,0.6855543851852417,0.1402921825647354,-0.7143510580062866,-0.005997781176120043,0.5867244005203247,-0.48609963059425354,-0.6120575666427612,0.2117740958929062,79.294228,-37.397536,-90.228667,-46.064780
2026-08-05T11:50:07.688291,1785927007.688292,14.481434,0.6831216216087341,0.14079031348228455,-0.7165446877479553,-0.00930876936763525,0.5933521389961243,-0.47851771116256714,-0.6163122057914734,0.1977737694978714,77.892723,-37.363554,-457.529441,11.093607
2026-08-05T11:50:07.701948,1785927007.701948,14.495091,0.6803869605064392,0.14517846703529358,-0.7182434797286987,-0.011096114292740822,0.6041222810745239,-0.4671775996685028,-0.6183411478996277,0.1855713278055191,76.508183,-37.350268,-101.382345,0.972806
2026-08-05T11:50:07.719135,1785927007.719136,14.512278,0.6804375648498535,0.1501154899597168,-0.7171874642372131,-0.010587936267256737,0.6163257360458374,-0.45261773467063904,-0.6202477216720581,0.17485307157039642,74.801169,-37.352888,-99.319405,-0.152433
2026-08-05T11:50:07.736143,1785927007.736144,14.529286,0.6812960505485535,0.15258146822452545,-0.7158836126327515,-0.00808647833764553,0.6265004277229309,-0.4384760856628418,-0.6231262683868408,0.16416674852371216,72.839967,-37.321990,-115.308515,1.816652
2026-08-05T11:50:07.769106,1785927007.769106,14.562248,0.6843566298484802,0.1532294601202011,-0.7128233313560486,-0.007725887466222048,0.6327396631240845,-0.42726215720176697,-0.6277257204055786,0.15181972086429596,71.055435,-37.503018,-54.138540,-5.491959
2026-08-05T11:50:07.785753,1785927007.785753,14.578896,0.6835340857505798,0.15407857298851013,-0.713415801525116,-0.008884118869900703,0.6370213031768799,-0.4177994728088379,-0.6327693462371826,0.1387498825788498,69.580500,-37.543514,-88.598797,-2.432582
2026-08-05T11:50:07.802786,1785927007.802786,14.595929,0.6811428070068359,0.1563502848148346,-0.7151950001716614,-0.009762215428054333,0.6442348957061768,-0.4057456851005554,-0.6357022523880005,0.12734048068523407,68.051752,-37.311841,-89.752895,13.601494
2026-08-05T11:50:07.819090,1785927007.819090,14.612232,0.6816848516464233,0.16038388013839722,-0.7137966156005859,-0.008784313686192036,0.6542863249778748,-0.389749675989151,-0.6373928785324097,0.11720094829797745,66.257124,-37.142802,-110.074346,10.368132
2026-08-05T11:50:07.835802,1785927007.835802,14.628945,0.6818063259124756,0.16526983678340912,-0.7125948667526245,-0.0058842068538069725,0.6634193658828735,-0.3728845715522766,-0.6398605704307556,0.10682432353496552,64.435246,-37.111193,-109.014909,1.891330
2026-08-05T11:50:07.851941,1785927007.851942,14.645084,0.6822962164878845,0.16897442936897278,-0.7112759947776794,-0.002446122234687209,0.6702376008033752,-0.3574599623680115,-0.6433811783790588,0.09521448612213135,62.637858,-37.242102,-111.365753,-8.111065
2026-08-05T11:50:07.869096,1785927007.869097,14.662239,0.6838372349739075,0.172087624669075,-0.7090500593185425,0.0007915059104561806,0.6752606630325317,-0.34308865666389465,-0.6477070450782776,0.08239991962909698,60.905245,-37.533561,-100.997946,-16.989785
2026-08-05T11:50:07.885552,1785927007.885552,14.678695,0.6840717196464539,0.17524755001068115,-0.7080433368682861,0.003004905302077532,0.6798403859138489,-0.32901331782341003,-0.6518112421035767,0.06863225251436234,59.287591,-37.800898,-98.303847,-16.245942
2026-08-05T11:50:07.902785,1785927007.902785,14.695927,0.6840190291404724,0.17717893421649933,-0.7076056003570557,0.004476042930036783,0.6853424310684204,-0.3136542737483978,-0.6548923254013062,0.05517059192061424,57.466755,-37.758756,-105.661954,2.445473
2026-08-05T11:50:07.919172,1785927007.919173,14.712315,0.6845848560333252,0.17962591350078583,-0.706419825553894,0.007031832821667194,0.6916463971138,-0.29615506529808044,-0.6573525071144104,0.04250027611851692,55.507152,-37.636612,-119.579412,7.453485
2026-08-05T11:50:07.935620,1785927007.935621,14.728763,0.6834491491317749,0.18347109854221344,-0.7064631581306458,0.012063045985996723,0.6976785659790039,-0.2773014008998871,-0.6598649621009827,0.030460048466920853,53.624791,-37.615922,-114.441343,1.257927
2026-08-05T11:50:07.952481,1785927007.952481,14.745623,0.68331378698349,0.1889655441045761,-0.705007791519165,0.01839783415198326,0.7026234865188599,-0.25791943073272705,-0.6629116535186768,0.018628953024744987,51.926648,-37.828738,-100.718777,-12.622344
2026-08-05T11:50:07.968729,1785927007.968729,14.761058,0.6849891543388367,0.1952454298734665,-0.7014325857162476,0.02571953646838665,0.7073192000389099,-0.23769856989383698,-0.6656897664070129,0.007550317794084549,50.292349,-38.119046,-105.886063,-18.809045
2026-08-05T11:50:07.973635,1785927007.973635,14.766778,0.6860823035240173,0.20176468789577484,-0.6982370018959045,0.032358568161726,0.7119385600090027,-0.21695004403591156,-0.6678851246833801,-0.0025735655799508095,48.730509,-38.251560,-273.053643,-23.167151
2026-08-05T11:50:07.985231,1785927007.985231,14.778374,0.685434103012085,0.20697154104709625,-0.6971595287322998,0.03621508926153183,0.715846836566925,-0.1961403638124466,-0.670048713684082,-0.011318184435367584,47.077331,-37.897288,-142.564973,30.551304
2026-08-05T11:50:08.001301,1785927008.001302,14.794444,0.6843317747116089,0.21275940537452698,-0.6963210105895996,0.03950459882616997,0.7190123796463013,-0.17534968256950378,-0.6722672581672668,-0.018210789188742638,45.521167,-37.409854,-96.835791,30.331694
2026-08-05T11:50:08.004047,1785927008.004048,14.797190,0.6849763989448547,0.21902252733707428,-0.6934259533882141,0.04468923807144165,0.7222112417221069,-0.15468521416187286,-0.6737432479858398,-0.02354811318218708,44.069581,-37.046552,-528.552408,132.285540
2026-08-05T11:50:08.019055,1785927008.019056,14.812198,0.6863318085670471,0.22478878498077393,-0.6898894906044006,0.049712203443050385,0.7259745001792908,-0.13408300280570984,-0.6739546060562134,-0.027735568583011627,42.599201,-36.569634,-97.974786,31.778167
2026-08-05T11:50:08.059249,1785927008.059249,14.852392,0.6857494115829468,0.22954928874969482,-0.6887155771255493,0.0522102452814579,0.7293108701705933,-0.11446969211101532,-0.6737975478172302,-0.031628113240003586,41.137596,-35.852215,-36.363961,17.848987
2026-08-05T11:50:08.068750,1785927008.068750,14.861893,0.6852254271507263,0.2319803535938263,-0.6883840560913086,0.05271345376968384,0.7317589521408081,-0.0970267727971077,-0.6736725568771362,-0.03579414263367653,39.637624,-34.974178,-157.875477,92.415453
2026-08-05T11:50:08.085236,1785927008.085237,14.878379,0.6860959529876709,0.2350352555513382,-0.6863760352134705,0.054025355726480484,0.7336115837097168,-0.08191926777362823,-0.673418402671814,-0.040152955800294876,38.488411,-34.434983,-69.707698,32.705912
2026-08-05T11:50:08.102089,1785927008.102089,14.895231,0.686412513256073,0.23847125470638275,-0.684776782989502,0.055228929966688156,0.7355225086212158,-0.06829413026571274,-0.6726500391960144,-0.04342367872595787,37.545672,-33.966526,-55.940217,27.797260
2026-08-05T11:50:08.110525,1785927008.110525,14.902715,0.6853833794593811,0.24303656816482544,-0.684078574180603,0.05674136430025101,0.7374410629272461,-0.05562650412321091,-0.67157381772995,-0.045561712235212326,36.851496,-33.620429,-92.761127,46.248074
2026-08-05T11:50:08.118517,1785927008.118517,14.911659,0.6847326159477234,0.2471296787261963,-0.683188796043396,0.05762960761785507,0.7391152381896973,-0.04454158991575241,-0.6704340577125549,-0.04736870899796486,36.245773,-33.291981,-67.720006,36.720626
2026-08-05T11:50:08.124080,1785927008.124081,14.917223,0.6847867369651794,0.2495507001876831,-0.6822701096534729,0.05743949115276337,0.7406217455863953,-0.03550572320818901,-0.6692079901695251,-0.04878808557987213,35.616558,-32.871770,-113.097050,75.530017
2026-08-05T11:50:08.151502,1785927008.151502,14.944168,0.6849526762962341,0.25132057070732117,-0.6815367937088013,0.05644072964787483,0.7419349551200867,-0.028448965400457382,-0.6679986119270325,-0.050019629299640656,35.089236,-32.480869,-19.570590,14.507561
2026-08-05T11:50:08.168130,1785927008.168130,14.961273,0.6853755116462708,0.2533760070800781,-0.6803744435310364,0.05614090338349342,0.7432048320770264,-0.02373529225587845,-0.6666690111160278,-0.05134650319814682,34.868316,-32.373346,-12.915452,6.286028
2026-08-05T11:50:08.184316,1785927008.184316,14.977459,0.6860573887825012,0.2549481987953186,-0.6790935397148132,0.056203439831733704,0.7442987561225891,-0.021231282502412796,-0.66541588306427,-0.05283191055059433,34.842807,-32.444280,-1.575947,-4.382414
2026-08-05T11:50:08.208004,1785927008.208004,15.001146,0.6864820718765259,0.2555636763572693,-0.6784688830375671,0.05576544255018234,0.7452143430709839,-0.020676374435424805,-0.6642646789550781,-0.05459986999630928,34.918772,-32.575904,3.206924,-5.556648
2026-08-05T11:50:08.220829,1785927008.220830,15.011947,0.6869803071022034,0.2552487850189209,-0.6781880259513855,0.05447089672088623,0.7459109425544739,-0.02147306501865387,-0.6633093953132629,-0.05636463314294815,34.997631,-32.667847,7.301079,-8.512425
2026-08-05T11:50:08.268817,1785927008.268817,15.061960,0.6886422038078308,0.2532995343208313,-0.6773645877838135,0.05280520021915436,0.7464194297790527,-0.023244226351380348,-0.6625570058822632,-0.057762350887060165,34.941455,-32.628326,-1.123241,0.790218
2026-08-05T11:50:08.285488,1785927008.285489,15.078631,0.6894211173057556,0.2519090473651886,-0.6771717071533203,0.051757197827100754,0.7466909885406494,-0.025758422911167145,-0.662061333656311,-0.058859098702669144,35.052784,-32.725595,6.677819,-5.834482
2026-08-05T11:50:08.297187,1785927008.297187,15.090329,0.6902816295623779,0.2507608234882355,-0.676741898059845,0.051485657691955566,0.7468627691268921,-0.028672700747847557,-0.6616979241371155,-0.05941683053970337,35.236270,-32.893229,15.684922,-14.329801
2026-08-05T11:50:08.301983,1785927008.301983,15.095125,0.691123902797699,0.24960419535636902,-0.6762600541114807,0.0521334670484066,0.7469693422317505,-0.031692493706941605,-0.6614676117897034,-0.059105418622493744,35.430589,-33.070561,40.516617,-36.974761
2026-08-05T11:50:08.314460,1785927008.314461,15.107603,0.6912620067596436,0.24860352277755737,-0.6764073967933655,0.05316280573606491,0.7468886375427246,-0.03501269221305847,-0.6614691019058228,-0.058227237313985825,35.679036,-33.272260,19.911360,-16.164859
2026-08-05T11:50:08.318474,1785927008.318474,15.111617,0.6917660236358643,0.2469172328710556,-0.6764971017837524,0.05332343652844429,0.7465907335281372,-0.03869032859802246,-0.6616960763931274,-0.057133112102746964,35.834643,-33.353685,38.770617,-20.287578
2026-08-05T11:50:08.334721,1785927008.334721,15.127373,0.6920840740203857,0.24521605670452118,-0.6767423152923584,0.05393139272928238,0.7462019920349121,-0.04235459119081497,-0.6620475053787231,-0.0555177666246891,35.987704,-33.425352,9.713910,-4.548284
2026-08-05T11:50:08.356336,1785927008.356336,15.149479,0.6922444105148315,0.24360963702201843,-0.6770632863044739,0.05511265993118286,0.7457085251808167,-0.04589541256427765,-0.6625284552574158,-0.05356252193450928,36.149171,-33.510749,7.304508,-3.863227
2026-08-05T11:50:08.368592,1785927008.368593,15.161735,0.692272961139679,0.24281738698482513,-0.6771994829177856,0.056556686758995056,0.745112955570221,-0.04911210760474205,-0.6631340384483337,-0.05146128311753273,36.367829,-33.648588,17.839985,-11.246056
2026-08-05T11:50:08.402069,1785927008.402069,15.194193,0.6920707821846008,0.24178974330425262,-0.6776599287986755,0.05790393054485321,0.7446627020835876,-0.051574818789958954,-0.6636430621147156,-0.048945922404527664,36.470765,-33.664808,3.171375,-0.499731
2026-08-05T11:50:08.437723,1785927008.437724,15.230866,0.6916654706001282,0.24096769094467163,-0.6782373189926147,0.05939404293894768,0.7443227767944336,-0.053301386535167694,-0.6640862226486206,-0.046174824237823486,36.520187,-33.629889,1.347638,0.952172
2026-08-05T11:50:08.441921,1785927008.441921,15.233669,0.6916844844818115,0.24007318913936615,-0.6783739924430847,0.0612056702375412,0.7438536882400513,-0.055345285683870316,-0.6646143794059753,-0.04366307333111763,36.605735,-33.656974,30.519110,-9.662408
2026-08-05T11:50:08.454284,1785927008.454284,15.247120,0.6913278102874756,0.240052729845047,-0.6785298585891724,0.06354457885026932,0.7430842518806458,-0.05803985521197319,-0.6653712391853333,-0.04169760271906853,36.897709,-33.896079,21.706338,-17.775907
2026-08-05T11:50:08.468807,1785927008.468807,15.261950,0.6906221508979797,0.2400323450565338,-0.6790744662284851,0.06544872373342514,0.7421661615371704,-0.060918617993593216,-0.6662524342536926,-0.03982620686292648,37.202207,-34.122244,20.533760,-15.251372
2026-08-05T11:50:08.485446,1785927008.485447,15.278589,0.6897918581962585,0.23985007405281067,-0.6798176765441895,0.0671355202794075,0.7413746118545532,-0.06376614421606064,-0.6669861674308777,-0.037778519093990326,37.477790,-34.303013,16.561749,-10.863734
2026-08-05T11:50:08.502234,1785927008.502234,15.295377,0.6887000203132629,0.2400142252445221,-0.6806954145431519,0.06884218007326126,0.7406063675880432,-0.06653005629777908,-0.6676684021949768,-0.035988420248031616,37.798854,-34.529587,19.125430,-13.496721
2026-08-05T11:50:08.519196,1785927008.519196,15.312001,0.6880156993865967,0.23980912566184998,-0.6813547611236572,0.06987122446298599,0.739818811416626,-0.0694255605340004,-0.6683188080787659,-0.03461872786283493,38.076455,-34.714496,16.697893,-11.122380
2026-08-05T11:50:08.535511,1785927008.535511,15.328653,0.6881009340286255,0.23840151727199554,-0.6817280054092407,0.0702039897441864,0.739128828048706,-0.07269875705242157,-0.668789803981781,-0.033526960760354996,38.237199,-34.794006,9.653187,-4.774872
2026-08-05T11:50:08.552584,1785927008.552585,15.345359,0.6882253885269165,0.23655234277248383,-0.6822264194488525,0.07039917260408401,0.738242506980896,-0.07708828151226044,-0.6693110466003418,-0.032837655395269394,38.478241,-34.946877,14.428444,-9.150656
2026-08-05T11:50:08.568754,1785927008.568755,15.361897,0.6887420415878296,0.23387295007705688,-0.6827042102813721,0.06966399401426315,0.736716091632843,-0.08393813669681549,-0.6701633334159851,-0.0329398512840271,38.875053,-35.216040,23.994489,-16.275737
2026-08-05T11:50:08.586039,1785927008.586040,15.378674,0.6892970204353333,0.23076201975345612,-0.6833832859992981,0.06786630302667618,0.7344273924827576,-0.09366295486688614,-0.6713494062423706,-0.03367212787270546,39.516138,-35.649577,38.212594,-25.841477
2026-08-05T11:50:08.591149,1785927008.591149,15.384292,0.6888375878334045,0.22805418074131012,-0.6849483251571655,0.06587765365839005,0.7316629886627197,-0.10548096150159836,-0.6725628972053528,-0.03467666730284691,40.454772,-36.297485,167.080399,-115.330170
2026-08-05T11:50:08.601888,1785927008.601888,15.395030,0.6869843006134033,0.22686803340911865,-0.687379002571106,0.06398137658834457,0.7287812232971191,-0.11805523186922073,-0.673552930355072,-0.03559959679841995,41.677044,-37.142865,113.817729,-78.721624
2026-08-05T11:50:08.618678,1785927008.618679,15.411821,0.6859019994735718,0.224552720785141,-0.6894744038581848,0.0611543245613575,0.7262816429138184,-0.13099855184555054,-0.673807680606842,-0.03657453879714012,42.792965,-37.864405,66.461912,-42.973401
2026-08-05T11:50:08.636096,1785927008.636096,15.429239,0.6861934661865234,0.22015689313411713,-0.6908130645751953,0.058710213750600815,0.7234651446342468,-0.1451665312051773,-0.673868715763092,-0.037764593958854675,43.818024,-38.559976,58.851667,-39.934785
2026-08-05T11:50:08.668903,1785927008.668904,15.462046,0.6862487196922302,0.2150937020778656,-0.69258052110672,0.055943865329027176,0.7192344665527344,-0.1624089777469635,-0.674373984336853,-0.03930504620075226,45.113535,-39.448813,39.488163,-27.092412
2026-08-05T11:50:08.672650,1785927008.672651,15.465793,0.6860074996948242,0.2104426473379135,-0.6945281624794006,0.052329566329717636,0.713858962059021,-0.18202349543571472,-0.675029993057251,-0.04009506106376648,46.689813,-40.450411,420.705570,-267.324583
2026-08-05T11:50:08.718487,1785927008.718487,15.511630,0.6849579215049744,0.20704768598079681,-0.6968913674354553,0.048024654388427734,0.7082147598266602,-0.20158106088638306,-0.6754605770111084,-0.03937417268753052,48.379919,-41.388828,36.872349,-20.473060
2026-08-05T11:50:08.769328,1785927008.769328,15.562470,0.6836680769920349,0.20302091538906097,-0.6996484994888306,0.043273456394672394,0.703088641166687,-0.21979878842830658,-0.6752701997756958,-0.03694694861769676,49.836904,-41.994793,28.657757,-11.918873
2026-08-05T11:50:08.786008,1785927008.786008,15.579150,0.6820985674858093,0.1982666403055191,-0.7027999758720398,0.038784194737672806,0.698135495185852,-0.23708046972751617,-0.6747459769248962,-0.03343227878212929,51.127227,-42.387932,77.357454,-23.569475
2026-08-05T11:50:08.802222,1785927008.802222,15.595365,0.6812241077423096,0.1921200305223465,-0.7055763006210327,0.03443607687950134,0.6926109194755554,-0.2557215988636017,-0.6738222241401672,-0.029330555349588394,52.436714,-42.754660,80.762113,-22.617773
2026-08-05T11:50:08.819127,1785927008.819127,15.612270,0.6810451745986938,0.18522191047668457,-0.7078186869621277,0.029379945248365402,0.6857183575630188,-0.27714917063713074,-0.6726042032241821,-0.024134330451488495,53.990622,-43.179516,91.919643,-25.131854
2026-08-05T11:50:08.836001,1785927008.836001,15.628680,0.6782933473587036,0.18292681872844696,-0.7112200856208801,0.02494019828736782,0.6766763925552368,-0.3008977174758911,-0.6717374920845032,-0.018392613157629967,56.416040,-44.186635,147.798009,-61.370957
2026-08-05T11:50:08.852265,1785927008.852265,15.645407,0.6754165887832642,0.17986638844013214,-0.7149040102958679,0.019314298406243324,0.6664540767669678,-0.3253200352191925,-0.6707163453102112,-0.012071173638105392,58.876846,-45.050659,147.111871,-51.653116
2026-08-05T11:50:08.868672,1785927008.868673,15.661815,0.6733554005622864,0.17409467697143555,-0.7184234261512756,0.01230895146727562,0.6564406752586365,-0.3487173914909363,-0.6689261794090271,-0.00446302117779851,60.955743,-45.402754,126.704190,-21.459391
2026-08-05T11:50:08.885790,1785927008.885791,15.678933,0.6714540123939514,0.16784867644309998,-0.7217567563056946,0.006606375332921743,0.6473127007484436,-0.3699214458465576,-0.6664244532585144,0.004814407788217068,62.794051,-45.503272,107.388993,-5.871982
2026-08-05T11:50:08.891078,1785927008.891079,15.684221,0.6702978014945984,0.16224175691604614,-0.7241314053535461,0.003510677721351385,0.6378804445266724,-0.39021116495132446,-0.6638067364692688,0.014309484511613846,64.657276,-45.808883,352.341438,-57.791933
2026-08-05T11:50:08.901820,1785927008.901820,15.694963,0.6692778468132019,0.15846893191337585,-0.725914716720581,0.001697298139333725,0.6263422966003418,-0.41173169016838074,-0.661533534526825,0.02336837910115719,66.933359,-46.566601,211.896679,-70.541336
2026-08-05T11:50:08.918560,1785927008.918561,15.710735,0.6682823300361633,0.15395145118236542,-0.7278033494949341,-0.0003337724774610251,0.6136936545372009,-0.43348363041877747,-0.6590613126754761,0.033324677497148514,69.219261,-47.213664,144.928859,-41.024548
2026-08-05T11:50:08.935291,1785927008.935292,15.727415,0.6667859554290771,0.1482519656419754,-0.7303459048271179,-0.003583170473575592,0.6022338271141052,-0.45305439829826355,-0.6557479500770569,0.04528791084885597,71.189272,-47.281425,118.109532,-4.062524
2026-08-05T11:50:08.952120,1785927008.952121,15.745263,0.6654199957847595,0.14480845630168915,-0.7322709560394287,-0.005106466822326183,0.5919026136398315,-0.4704168140888214,-0.6518752574920654,0.058463796973228455,73.204469,-47.423346,112.907258,-7.951553
2026-08-05T11:50:08.968746,1785927008.968746,15.761889,0.6646162867546082,0.14297915995121002,-0.7333652973175049,-0.004203356336802244,0.5818229913711548,-0.4863511323928833,-0.6478951573371887,0.07194965332746506,75.255852,-47.796859,123.386676,-22.466091
2026-08-05T11:50:08.985506,1785927008.985506,15.778648,0.664797842502594,0.14105044305324554,-0.7335816621780396,-0.00259344931691885,0.5708296298980713,-0.501785159111023,-0.6442537307739258,0.08545452356338501,77.277151,-48.241515,120.605196,-26.531373
2026-08-05T11:50:09.001484,1785927009.001484,15.793600,0.6674419641494751,0.13765178620815277,-0.731828510761261,-0.00047140775131992996,0.5585336685180664,-0.517285943031311,-0.6408315896987915,0.09894614666700363,79.199569,-48.788454,128.573137,-36.579779
2026-08-05T11:50:09.018831,1785927009.018832,15.811974,0.6692764163017273,0.13437707722187042,-0.7307600378990173,0.0012993385316804051,0.5462576746940613,-0.5324336886405945,-0.6367006897926331,0.11282404512166977,81.164575,-49.251897,106.945083,-25.222824
2026-08-05T11:50:09.035705,1785927009.035706,15.828848,0.6697074174880981,0.13244158029556274,-0.7307069301605225,0.004321015905588865,0.536281406879425,-0.5452635288238525,-0.6315116286277771,0.12760619819164276,83.003199,-49.552251,108.964548,-17.800207
2026-08-05T11:50:09.042250,1785927009.042250,15.834570,0.6701149344444275,0.130337655544281,-0.7306906580924988,0.00702174287289381,0.5282385349273682,-0.5558550953865051,-0.6256041526794434,0.14355771243572235,84.594616,-49.480002,278.120415,12.626433
2026-08-05T11:50:09.051948,1785927009.051949,15.845091,0.6719416975975037,0.1281881034374237,-0.7293527722358704,0.010328348726034164,0.5200484395027161,-0.5652706623077393,-0.6201013326644897,0.1596650630235672,86.075700,-49.434626,140.771748,4.312806
2026-08-05T11:50:09.067636,1785927009.067636,15.860779,0.6751459240913391,0.12580272555351257,-0.7267342805862427,0.01445329561829567,0.5089937448501587,-0.5755410194396973,-0.6157358884811401,0.17477843165397644,87.685626,-49.760660,102.624945,-20.783077
2026-08-05T11:50:09.085661,1785927009.085661,15.878803,0.6770226359367371,0.12533095479011536,-0.7249568700790405,0.01923966407775879,0.4952574074268341,-0.5867543816566467,-0.6120216250419617,0.189391627907753,89.677347,-50.415424,110.498166,-36.325471
2026-08-05T11:50:09.102258,1785927009.102258,15.895401,0.6782914400100708,0.12395929545164108,-0.7238851189613342,0.023351535201072693,0.48162394762039185,-0.5974535346031189,-0.6076896786689758,0.204452782869339,91.579520,-50.805411,114.607601,-23.497058
2026-08-05T11:50:09.118967,1785927009.118967,15.912109,0.6821512579917908,0.12009473145008087,-0.72072833776474,0.02824273705482483,0.46925657987594604,-0.6068608164787292,-0.6024494171142578,0.2203935980796814,93.111271,-51.068506,91.674371,-15.746070
2026-08-05T11:50:09.135411,1785927009.135411,15.928554,0.6836526989936829,0.11845438927412033,-0.719398021697998,0.0324675515294075,0.45866870880126953,-0.6145288944244385,-0.5961923599243164,0.23776495456695557,94.719083,-50.953652,97.773742,6.984467
2026-08-05T11:50:09.152072,1785927009.152072,15.945215,0.6849024891853333,0.11956246197223663,-0.7177441716194153,0.03816899284720421,0.4487745463848114,-0.620665967464447,-0.5899930000305176,0.2555069625377655,96.424242,-51.005397,102.344776,-3.105755
2026-08-05T11:50:09.168942,1785927009.168943,15.962085,0.68943852186203,0.11789247393608093,-0.7133119702339172,0.04429488256573677,0.4360414743423462,-0.6272026300430298,-0.5853392481803894,0.27177712321281433,97.971143,-51.408213,91.692667,-23.877004
2026-08-05T11:50:09.185595,1785927009.185595,15.978738,0.6927756071090698,0.11725759506225586,-0.7097920179367065,0.05008210241794586,0.421271950006485,-0.6342621445655823,-0.5815559029579163,0.2864164113998413,99.728197,-52.033639,105.512397,-37.557244
2026-08-05T11:50:09.202980,1785927009.202981,15.996123,0.6960541605949402,0.11667457967996597,-0.7062598466873169,0.055614110082387924,0.4076522886753082,-0.640807569026947,-0.5773749947547913,0.2997056841850281,101.393222,-52.742476,95.770992,-40.771774
2026-08-05T11:50:09.219630,1785927009.219631,16.011764,0.7018293142318726,0.1140928864479065,-0.7005273103713989,0.06066359579563141,0.3968857526779175,-0.6461746692657471,-0.5719162821769714,0.31281307339668274,102.717611,-53.441767,84.674314,-44.708949
2026-08-05T11:50:09.235635,1785927009.235635,16.028778,0.7066117525100708,0.11291247606277466,-0.6954471468925476,0.0656047984957695,0.38856062293052673,-0.650012731552124,-0.5659888386726379,0.32582327723503113,103.927809,-53.966123,71.131445,-30.819899
2026-08-05T11:50:09.242194,1785927009.242195,16.035337,0.7117763161659241,0.11282812058925629,-0.6895343661308289,0.072020024061203,0.3807648718357086,-0.6530500054359436,-0.5605655312538147,0.3380982577800751,105.078778,-54.764179,175.469371,-121.666548
2026-08-05T11:50:09.252773,1785927009.252773,16.045915,0.7192127108573914,0.11143486946821213,-0.6812480688095093,0.07884597033262253,0.37071382999420166,-0.6563486456871033,-0.5571475625038147,0.34837424755096436,106.187794,-56.099600,104.837807,-126.240381
2026-08-05T11:50:09.269923,1785927009.269923,16.063066,0.7244642972946167,0.11121799051761627,-0.675103485584259,0.08377041667699814,0.36035364866256714,-0.6595444083213806,-0.5547630786895752,0.35690999031066895,107.383251,-57.285797,69.705272,-69.165378
2026-08-05T11:50:09.273919,1785927009.273920,16.067062,0.7285091876983643,0.11222388595342636,-0.6700683236122131,0.08768537640571594,0.35284459590911865,-0.6617676615715027,-0.5519471764564514,0.36458030343055725,108.451237,-58.263428,267.223000,-244.614880
2026-08-05T11:50:09.302237,1785927009.302238,16.095380,0.7327559590339661,0.11132819950580597,-0.6652449369430542,0.09013333171606064,0.34911999106407166,-0.6627410650253296,-0.5484809279441833,0.37156209349632263,109.042330,-58.756698,20.873634,-17.419157
2026-08-05T11:50:09.318549,1785927009.318549,16.110678,0.7361240983009338,0.11081401258707047,-0.6612722277641296,0.09252481907606125,0.3474653661251068,-0.6628957390785217,-0.5451573729515076,0.3776780366897583,109.413512,-59.043323,24.263590,-18.736254
2026-08-05T11:50:09.321554,1785927009.321554,16.114697,0.7379016876220703,0.11139903217554092,-0.6587888598442078,0.09533440321683884,0.34543848037719727,-0.6630324125289917,-0.5431658625602722,0.38214051723480225,109.758552,-59.342979,85.857045,-74.563866
2026-08-05T11:50:09.336818,1785927009.336819,16.129961,0.7401708364486694,0.11211037635803223,-0.6557313203811646,0.09795396029949188,0.3420279622077942,-0.6636494994163513,-0.5425041317939758,0.38506603240966797,110.190666,-59.974799,28.308398,-41.391423
2026-08-05T11:50:09.351006,1785927009.351006,16.144148,0.742913007736206,0.11106482148170471,-0.6526414752006531,0.09901517629623413,0.3387415111064911,-0.6643471121788025,-0.5423485636711121,0.3869822025299072,110.479168,-60.472260,20.335133,-35.063753
2026-08-05T11:50:09.368203,1785927009.368204,16.161346,0.7447896599769592,0.1094411164522171,-0.650689423084259,0.09957116097211838,0.33641451597213745,-0.665005087852478,-0.5420312285423279,0.3883243501186371,110.619590,-60.723090,8.165100,-14.584943
2026-08-05T11:50:09.384023,1785927009.384024,16.177166,0.746232271194458,0.10903146862983704,-0.6489403247833252,0.10062914341688156,0.33518216013908386,-0.6656233668327332,-0.5411971211433411,0.38949230313301086,110.785394,-61.061483,10.480778,-21.390523
2026-08-05T11:50:09.417392,1785927009.417393,16.210535,0.7481629252433777,0.10869821161031723,-0.6466179490089417,0.1015990599989891,0.3340025246143341,-0.666365385055542,-0.5402335524559021,0.39057302474975586,110.992238,-61.527112,6.198640,-13.953794
2026-08-05T11:50:09.422619,1785927009.422620,16.215762,0.7496740221977234,0.10802385956048965,-0.6449090838432312,0.1020391434431076,0.3318087160587311,-0.6675201058387756,-0.539331316947937,0.3917165994644165,111.274522,-61.930324,54.009089,-77.146067
2026-08-05T11:50:09.447628,1785927009.447628,16.240771,0.7514135837554932,0.10664213448762894,-0.643086314201355,0.10220181196928024,0.3286390006542206,-0.6691401600837708,-0.5384828448295593,0.3927901089191437,111.608774,-62.386915,13.365304,-18.257097
2026-08-05T11:50:09.453345,1785927009.453346,16.246488,0.7528623342514038,0.1060905009508133,-0.6414992809295654,0.10208719223737717,0.32532942295074463,-0.6710092425346375,-0.5373132824897766,0.3939564526081085,112.075773,-62.923042,81.682077,-93.773209
2026-08-05T11:50:09.467384,1785927009.467384,16.260527,0.7535154819488525,0.10654386878013611,-0.640631377696991,0.10224692523479462,0.3228647708892822,-0.6728453636169434,-0.5353911519050598,0.39546677470207214,112.575872,-63.400775,35.623249,-34.030086
2026-08-05T11:50:09.470824,1785927009.470825,16.263967,0.7542451620101929,0.10681235790252686,-0.6397042870521545,0.1023910641670227,0.32087472081184387,-0.674543023109436,-0.5330300331115723,0.3973792493343353,113.041044,-63.807765,135.199988,-118.289607
2026-08-05T11:50:09.501520,1785927009.501520,16.294663,0.7550939917564392,0.10681495815515518,-0.6386460065841675,0.1027379110455513,0.31829357147216797,-0.6763244271278381,-0.5307855010032654,0.3994264602661133,113.523714,-64.243723,15.724470,-14.202694
2026-08-05T11:50:09.517834,1785927009.517834,16.310501,0.7564635872840881,0.10620375722646713,-0.6370267271995544,0.10334751009941101,0.3150050640106201,-0.6782297492027283,-0.5286281704902649,0.4016574025154114,114.016293,-64.757070,31.101303,-32.412546
2026-08-05T11:50:09.534334,1785927009.534334,16.327477,0.7586244940757751,0.10499308258295059,-0.63457852602005,0.10380581021308899,0.31150326132774353,-0.6801434755325317,-0.5261675715446472,0.40437397360801697,114.527233,-65.327980,30.097578,-33.630196
2026-08-05T11:50:09.567750,1785927009.567750,16.360893,0.7604722380638123,0.10375598818063736,-0.632412314414978,0.10474544018507004,0.3076012432575226,-0.6822418570518494,-0.5233391523361206,0.40748465061187744,115.070081,-65.890178,16.245121,-16.824209
2026-08-05T11:50:09.584374,1785927009.584374,16.377517,0.7624790072441101,0.10324545204639435,-0.6298602819442749,0.10602929443120956,0.3032021224498749,-0.6846671104431152,-0.5202623009681702,0.41064199805259705,115.755293,-66.687837,41.218896,-47.983150
2026-08-05T11:50:09.601700,1785927009.601700,16.393920,0.764267086982727,0.10363828390836716,-0.6274380087852478,0.10712806135416031,0.2995244264602661,-0.6869795918464661,-0.5167847275733948,0.41385728120803833,116.487678,-67.515718,44.648287,-50.469961
2026-08-05T11:50:09.634408,1785927009.634408,16.427551,0.7654282450675964,0.10322257876396179,-0.625985324382782,0.10773633420467377,0.296760618686676,-0.6888482570648193,-0.5130841732025146,0.41733211278915405,117.041575,-67.956134,16.470019,-13.095686
2026-08-05T11:50:09.651950,1785927009.651951,16.445093,0.7664628028869629,0.10241414606571198,-0.6246787309646606,0.10873131453990936,0.2938528060913086,-0.6904370188713074,-0.509556770324707,0.42106929421424866,117.521963,-68.281131,27.384445,-18.526407
2026-08-05T11:50:09.669255,1785927009.669256,16.462398,0.7682564854621887,0.10106007009744644,-0.6224480271339417,0.11012396216392517,0.2890707552433014,-0.6921839118003845,-0.5070101618766785,0.42457082867622375,118.075771,-68.842931,32.002518,-32.464378
2026-08-05T11:50:09.684343,1785927009.684343,16.477486,0.7699655294418335,0.10095145553350449,-0.6200620532035828,0.11173718422651291,0.2829091548919678,-0.6942328214645386,-0.5050473213195801,0.4277038872241974,118.845784,-69.717028,51.036190,-57.934747
2026-08-05T11:50:09.701709,1785927009.701710,16.494852,0.771182119846344,0.10173789411783218,-0.6182131767272949,0.11287292093038559,0.2776247560977936,-0.6961744427680969,-0.5027450323104858,0.43071249127388,119.643584,-70.550048,45.939870,-47.967979
2026-08-05T11:50:09.718176,1785927009.718176,16.510445,0.7721477150917053,0.10276839882135391,-0.6166982054710388,0.11362198740243912,0.27493730187416077,-0.6975813508033752,-0.4995359778404236,0.43388235569000244,120.269179,-71.134098,40.120724,-37.456360
2026-08-05T11:50:09.734514,1785927009.734515,16.527657,0.7726988792419434,0.104422427713871,-0.6155891418457031,0.11437884718179703,0.27410951256752014,-0.6983775496482849,-0.4961535632610321,0.43699511885643005,120.754447,-71.524827,28.192959,-22.700422
2026-08-05T11:50:09.751055,1785927009.751056,16.544198,0.773187518119812,0.10585307329893112,-0.6146559119224548,0.11477982252836227,0.2734137773513794,-0.6988352537155151,-0.49342334270477295,0.4397814869880676,121.162371,-71.804740,24.661370,-16.922380
2026-08-05T11:50:09.767916,1785927009.767917,16.561059,0.7737937569618225,0.10608810931444168,-0.6137822866439819,0.11515137553215027,0.27207693457603455,-0.6991608142852783,-0.4918369650840759,0.4418654441833496,121.434362,-71.989220,16.131190,-10.941096
2026-08-05T11:50:09.784311,1785927009.784311,16.577454,0.7743045091629028,0.10589101165533066,-0.6130671501159668,0.11570771038532257,0.26967665553092957,-0.699674129486084,-0.49128469824790955,0.4431368112564087,121.688225,-72.234809,15.484762,-14.980069
2026-08-05T11:50:09.801505,1785927009.801505,16.594647,0.7749171853065491,0.10616564005613327,-0.6121477484703064,0.11622186005115509,0.26703280210494995,-0.7003567814826965,-0.4909837245941162,0.44399210810661316,122.010356,-72.641819,18.735305,-23.671926
2026-08-05T11:50:09.815832,1785927009.815833,16.608975,0.7755619287490845,0.10620436817407608,-0.6112757921218872,0.11647509783506393,0.26541346311569214,-0.701058566570282,-0.48999691009521484,0.444944828748703,122.271346,-72.966860,18.215971,-22.686502
2026-08-05T11:50:09.834497,1785927009.834497,16.627640,0.7760741114616394,0.10680404305458069,-0.6104968786239624,0.11659996211528778,0.2649840712547302,-0.701620876789093,-0.48843714594841003,0.44602784514427185,122.510627,-73.247728,12.819866,-15.047965
2026-08-05T11:50:09.851683,1785927009.851683,16.644826,0.7761507034301758,0.1075630709528923,-0.6103194355964661,0.11632063239812851,0.26547595858573914,-0.7019192576408386,-0.4870378375053406,0.4467957615852356,122.659384,-73.354871,8.655777,-6.234340
2026-08-05T11:50:09.867655,1785927009.867655,16.660797,0.775749921798706,0.1082150861620903,-0.6108371615409851,0.11567047238349915,0.2665937840938568,-0.7019251585006714,-0.4864720404148102,0.44673705101013184,122.670911,-73.278851,0.721681,4.759734
2026-08-05T11:50:09.884303,1785927009.884303,16.677445,0.7746942043304443,0.10830613970756531,-0.6122875213623047,0.11499117314815521,0.26825055480003357,-0.70155268907547,-0.4870668947696686,0.4456808865070343,122.458804,-72.926007,-12.740467,21.194022
2026-08-05T11:50:09.900935,1785927009.900935,16.694078,0.7735432982444763,0.10738828033208847,-0.6140701770782471,0.11408979445695877,0.2705376446247101,-0.7008144855499268,-0.48869961500167847,0.44366806745529175,122.010813,-72.355123,-26.934949,34.323784
2026-08-05T11:50:09.909042,1785927009.909043,16.702185,0.7728283405303955,0.10598472505807877,-0.6154666543006897,0.11271465569734573,0.27324002981185913,-0.6998690366744995,-0.4911140203475952,0.4408293068408966,121.457562,-71.790951,-68.240053,69.587130
2026-08-05T11:50:09.934609,1785927009.934609,16.727752,0.7722184062004089,0.10492120683193207,-0.6167913675308228,0.11062941700220108,0.27622824907302856,-0.6988292932510376,-0.4939977526664734,0.43738099932670593,120.915247,-71.277925,-21.211874,20.066274
2026-08-05T11:50:09.938118,1785927009.938118,16.730639,0.7710651159286499,0.10495905578136444,-0.6185988783836365,0.10852447897195816,0.27994483709335327,-0.6975765228271484,-0.49719396233558655,0.4333776831626892,120.365604,-70.763902,-190.353419,178.017161
2026-08-05T11:50:09.951205,1785927009.951206,16.744348,0.7694631814956665,0.10559768229722977,-0.6208993792533875,0.10611067712306976,0.28472521901130676,-0.6959756016731262,-0.5008040070533752,0.4286549389362335,119.731756,-70.162292,-46.236472,43.884867
2026-08-05T11:50:09.968805,1785927009.968805,16.761947,0.7668481469154358,0.1061931848526001,-0.624523401260376,0.10313829779624939,0.2903362214565277,-0.6938639283180237,-0.5051518082618713,0.4231777787208557,118.927273,-69.235386,-45.710963,52.667113
2026-08-05T11:50:09.985546,1785927009.985547,16.778689,0.7635475993156433,0.1061084195971489,-0.6290906667709351,0.09990555047988892,0.2964201271533966,-0.6912533640861511,-0.5097481608390808,0.4176851809024811,117.952964,-67.967509,-58.197180,75.732464
2026-08-05T11:50:10.002123,1785927010.002124,16.795266,0.7614286541938782,0.10464776307344437,-0.632330596446991,0.09712506830692291,0.3031005859375,-0.6881840229034424,-0.5143553018569946,0.41227611899375916,116.790375,-66.713328,-70.131599,75.656825
2026-08-05T11:50:10.017755,1785927010.017756,16.810898,0.7603790163993835,0.10319682210683823,-0.6342542171478271,0.09431752562522888,0.30960825085639954,-0.6848989129066467,-0.5195010900497437,0.40641728043556213,115.641715,-65.712841,-73.480612,64.001865
2026-08-05T11:50:10.035447,1785927010.035448,16.828590,0.7578710913658142,0.10357874631881714,-0.6375097036361694,0.09211092442274094,0.31637391448020935,-0.6815356016159058,-0.5250725746154785,0.3996448218822479,114.533525,-64.757150,-62.638435,54.018708
2026-08-05T11:50:10.050884,1785927010.050885,16.844027,0.7541671395301819,0.1047467365860939,-0.6420859098434448,0.0893625020980835,0.3245065212249756,-0.6776799559593201,-0.5307168364524841,0.39215463399887085,113.326737,-63.594627,-78.174436,75.306972
2026-08-05T11:50:10.067515,1785927010.067515,16.860658,0.7505342960357666,0.10472799837589264,-0.6468204259872437,0.0857553780078888,0.33417797088623047,-0.6729549765586853,-0.5364952683448792,0.3842262029647827,111.846879,-62.134117,-88.985070,87.821620
2026-08-05T11:50:10.084253,1785927010.084253,16.877395,0.7476954460144043,0.10206539183855057,-0.6509971618652344,0.08207995444536209,0.34492504596710205,-0.6672691702842712,-0.5423986911773682,0.376274436712265,109.971765,-60.360981,-112.030964,105.938150
2026-08-05T11:50:10.087923,1785927010.087923,16.880755,0.7443687319755554,0.1003430038690567,-0.6554416418075562,0.07901152223348618,0.3565935790538788,-0.66065913438797,-0.548419713973999,0.368247926235199,108.012436,-58.558716,-583.127818,536.383268
2026-08-05T11:50:10.103424,1785927010.103425,16.896567,0.7406926155090332,0.09940753877162933,-0.6601870656013489,0.0751374363899231,0.3679288327693939,-0.6535992622375488,-0.5550134778022766,0.3597174286842346,106.118278,-56.793836,-119.794842,111.618721
2026-08-05T11:50:10.134357,1785927010.134357,16.927500,0.737689197063446,0.09781767427921295,-0.6641503572463989,0.07176930457353592,0.37753304839134216,-0.6466243267059326,-0.56256103515625,0.3505293130874634,104.236608,-55.273092,-60.830696,49.162660
2026-08-05T11:50:10.152078,1785927010.152078,16.945221,0.7380049824714661,0.09311401098966599,-0.664699137210846,0.06966812908649445,0.38586610555648804,-0.6397844552993774,-0.5704730153083801,0.3410923182964325,102.171842,-54.152402,-116.515610,63.241024
2026-08-05T11:50:10.167428,1785927010.167428,16.960571,0.7378127574920654,0.09040377289056778,-0.6655400395393372,0.06720226258039474,0.395058274269104,-0.632412850856781,-0.5774989724159241,0.33238258957862854,100.268352,-53.046593,-124.006979,72.040313
2026-08-05T11:50:10.185242,1785927010.185243,16.978385,0.7340822815895081,0.09129376709461212,-0.6697431206703186,0.06506077945232391,0.4067894518375397,-0.6239998936653137,-0.5826901793479919,0.3249903917312622,98.456631,-51.565830,-101.699826,83.121713
2026-08-05T11:50:10.201014,1785927010.201014,16.994156,0.7307174801826477,0.0928979441523552,-0.6734503507614136,0.0623423308134079,0.4206048250198364,-0.6148681640625,-0.58585125207901,0.3190726041793823,96.688017,-50.010971,-112.140634,98.587335
2026-08-05T11:50:10.218101,1785927010.218102,17.010233,0.7263974547386169,0.09632466733455658,-0.6779425740242004,0.058842092752456665,0.43292349576950073,-0.606102705001831,-0.5893387198448181,0.31288453936576843,95.240654,-48.627097,-90.028035,86.078893
2026-08-05T11:50:10.234956,1785927010.234956,17.028098,0.7193331718444824,0.10216636210680008,-0.6848439574241638,0.05577395483851433,0.4420044720172882,-0.5984538793563843,-0.5941800475120544,0.3056718707084656,94.191432,-47.485819,-58.729987,63.882824
2026-08-05T11:50:10.237775,1785927010.237776,17.030918,0.71159428358078,0.11022792756557465,-0.6918438076972961,0.05325225740671158,0.4510919749736786,-0.5907930135726929,-0.59893798828125,0.2979147136211395,93.354295,-46.660159,-296.905742,292.835099
2026-08-05T11:50:10.250893,1785927010.250894,17.044036,0.7041980028152466,0.11879263818264008,-0.698159396648407,0.050665564835071564,0.4625794291496277,-0.5817238688468933,-0.6028293967247009,0.29019784927368164,92.388300,-45.818854,-73.637385,64.132318
2026-08-05T11:50:10.268771,1785927010.268772,17.061914,0.6974059343338013,0.12525345385074615,-0.7040270566940308,0.04777542129158974,0.47550928592681885,-0.5711380243301392,-0.6067438125610352,0.2820536196231842,91.029560,-44.725918,-76.000456,61.132851
2026-08-05T11:50:10.350772,1785927010.350772,17.143915,0.693077027797699,0.1279774308204651,-0.7079910635948181,0.044884663075208664,0.4875509738922119,-0.5599847435951233,-0.6113053560256958,0.2738924026489258,89.312360,-43.533093,-20.941337,14.546562
2026-08-05T11:50:10.368574,1785927010.368575,17.161717,0.6924839615821838,0.12532076239585876,-0.7092670798301697,0.04124245047569275,0.499550998210907,-0.5483661890029907,-0.6154847741127014,0.2663120627403259,87.106268,-42.087703,-123.922167,81.191433
2026-08-05T11:50:10.384792,1785927010.384792,17.177935,0.6924816370010376,0.125539168715477,-0.709429919719696,0.03766022250056267,0.5146138668060303,-0.5350906848907471,-0.6175535321235657,0.25976571440696716,85.033538,-40.799844,-127.806556,79.410691
2026-08-05T11:50:10.387178,1785927010.387179,17.180321,0.688622772693634,0.1308838576078415,-0.7123775482177734,0.034445006400346756,0.5334038734436035,-0.5192486643791199,-0.6178173422813416,0.25330448150634766,83.131143,-39.443350,-797.204914,568.443096
2026-08-05T11:50:10.400584,1785927010.400585,17.193727,0.6834064722061157,0.13928371667861938,-0.7158664464950562,0.03303107991814613,0.5522922277450562,-0.5020186901092529,-0.6188142895698547,0.24498894810676575,81.318566,-38.520827,-135.205987,68.814003
2026-08-05T11:50:10.417327,1785927010.417328,17.210470,0.6797885894775391,0.14730601012706757,-0.7176913022994995,0.033281780779361725,0.5680926442146301,-0.48530447483062744,-0.6221376061439514,0.2338705211877823,79.475082,-38.221736,-110.105178,17.863697
2026-08-05T11:50:10.433942,1785927010.433942,17.227085,0.6779404282569885,0.14991429448127747,-0.7190291285514832,0.030325882136821747,0.5820112228393555,-0.468810498714447,-0.6262444853782654,0.22203083336353302,77.238880,-37.395225,-134.591928,49.745830
2026-08-05T11:50:10.449113,1785927010.449113,17.242256,0.6789735555648804,0.14484448730945587,-0.7193666100502014,0.0229515191167593,0.59810870885849,-0.4496158957481384,-0.6285461783409119,0.21222953498363495,74.120612,-35.268384,-205.540664,140.190764
2026-08-05T11:50:10.452696,1785927010.452696,17.245839,0.6793431043624878,0.14496783912181854,-0.7191363573074341,0.017899155616760254,0.6170674562454224,-0.4273451566696167,-0.6285427212715149,0.20380905270576477,71.238531,-33.473646,-804.386954,500.910190
2026-08-05T11:50:10.468466,1785927010.468466,17.261609,0.6765303015708923,0.1544075459241867,-0.7197905778884888,0.019153166562318802,0.6351296901702881,-0.4041369557380676,-0.6292199492454529,0.19330303370952606,69.047477,-33.044204,-138.938467,27.231647
2026-08-05T11:50:10.485295,1785927010.485295,17.278437,0.6725054383277893,0.1621098816394806,-0.7217163443565369,0.024133669212460518,0.6484583616256714,-0.3835582435131073,-0.6327078342437744,0.17906931042671204,66.795338,-33.226867,-133.826653,-10.854242
2026-08-05T11:50:10.500649,1785927010.500649,17.293792,0.6738234162330627,0.16310161352157593,-0.7202070951461792,0.025727245956659317,0.657396674156189,-0.3665764629840851,-0.6380428671836853,0.16233545541763306,64.252299,-33.357065,-165.622850,-8.479524
2026-08-05T11:50:10.516207,1785927010.516207,17.309350,0.6767079830169678,0.16204211115837097,-0.7177413702011108,0.025618448853492737,0.6656061410903931,-0.34920454025268555,-0.6433453559875488,0.14536815881729126,61.520600,-33.216853,-175.581604,9.012251
2026-08-05T11:50:10.533586,1785927010.533586,17.326729,0.6786082983016968,0.16762743890285492,-0.714500904083252,0.029669903218746185,0.6761273741722107,-0.3279036283493042,-0.6466443538665771,0.13108135759830475,59.134523,-33.452945,-137.298111,-13.585086
2026-08-05T11:50:10.550577,1785927010.550578,17.343392,0.6803032755851746,0.17414802312850952,-0.7111042141914368,0.034509964287281036,0.6888712048530579,-0.30199700593948364,-0.6483185291290283,0.11805686354637146,56.438362,-33.338135,-161.802183,6.890011
2026-08-05T11:50:10.568453,1785927010.568454,17.361596,0.6813967823982239,0.17749342322349548,-0.708987295627594,0.039139196276664734,0.7003324627876282,-0.2751466631889343,-0.6504027247428894,0.10394825786352158,53.351101,-32.865693,-169.590485,25.952356
2026-08-05T11:50:10.583995,1785927010.583996,17.377138,0.6830930113792419,0.17752599716186523,-0.7071042656898499,0.04326798766851425,0.7087237238883972,-0.2500167191028595,-0.6536604166030884,0.08905485272407532,50.137825,-32.254599,-206.750697,39.319386
2026-08-05T11:50:10.601926,1785927010.601927,17.395069,0.6867702007293701,0.17720596492290497,-0.7033828496932983,0.04687612131237984,0.7149174809455872,-0.22620266675949097,-0.6574208736419678,0.07431946694850922,47.074168,-31.733085,-170.855973,29.084137
2026-08-05T11:50:10.617103,1785927010.617104,17.410246,0.6901814937591553,0.18368302285671234,-0.6978701949119568,0.05373469740152359,0.7201868295669556,-0.20288623869419098,-0.6606744527816772,0.060643911361694336,44.929039,-32.058178,-141.340661,-21.420121
2026-08-05T11:50:10.619853,1785927010.619853,17.412995,0.6906012892723083,0.19302210211753845,-0.6943250298500061,0.06103542819619179,0.725435197353363,-0.1792602688074112,-0.6627696752548218,0.048436056822538376,43.280084,-32.467537,-599.793648,-148.900945
2026-08-05T11:50:10.634007,1785927010.634007,17.427150,0.6903164982795715,0.2002291977405548,-0.6920915842056274,0.06618840247392654,0.7310528755187988,-0.15459445118904114,-0.6634787321090698,0.03818889334797859,41.408100,-32.266337,-132.254248,14.214671
2026-08-05T11:50:10.653049,1785927010.653050,17.444974,0.6914288997650146,0.2067975401878357,-0.688544511795044,0.0711870864033699,0.7366577386856079,-0.1286419779062271,-0.6631948947906494,0.030975865200161934,39.360194,-31.681779,-114.896427,32.796234
2026-08-05T11:50:10.668392,1785927010.668393,17.461535,0.6922231316566467,0.2149149477481842,-0.6845982670783997,0.07722711563110352,0.7418632507324219,-0.10105834901332855,-0.6623043417930603,0.027911201119422913,37.337920,-30.853882,-122.108575,49.989924
2026-08-05T11:50:10.685224,1785927010.685224,17.478367,0.6924536228179932,0.22303441166877747,-0.6810852289199829,0.08298570662736893,0.746606707572937,-0.07206056267023087,-0.6607066988945007,0.02919868379831314,35.143726,-29.541221,-130.361345,77.987718
2026-08-05T11:50:10.701181,1785927010.701181,17.494323,0.6930673718452454,0.23041243851184845,-0.6774553060531616,0.0873059630393982,0.7505282759666443,-0.04456692934036255,-0.6584868431091309,0.03340815752744675,32.963597,-27.954217,-136.628335,99.457308
2026-08-05T11:50:10.717234,1785927010.717234,17.510377,0.6937602758407593,0.23652637004852295,-0.6743723154067993,0.08929795771837234,0.7533606290817261,-0.02135523408651352,-0.6561518907546997,0.03816767781972885,31.056187,-26.385579,-118.816246,97.713495
2026-08-05T11:50:10.735210,1785927010.735210,17.528352,0.6941050291061401,0.24134986102581024,-0.6723700761795044,0.0888088196516037,0.7551137208938599,-0.0030699127819389105,-0.6542055010795593,0.04253407567739487,29.505909,-24.942614,-86.242474,80.272634
2026-08-05T11:50:10.751336,1785927010.751337,17.544479,0.6946821808815002,0.2442135512828827,-0.6710454821586609,0.08645545691251755,0.7559038996696472,0.010445493273437023,-0.6529496908187866,0.04644397646188736,28.215989,-23.602374,-79.986975,83.107238
2026-08-05T11:50:10.768090,1785927010.768090,17.561232,0.6966521143913269,0.2450060248374939,-0.6692038774490356,0.0825478583574295,0.7560292482376099,0.020476682111620903,-0.6522732973098755,0.05039980635046959,26.999766,-22.235302,-72.596452,81.600660
2026-08-05T11:50:10.786998,1785927010.786999,17.577877,0.6985819935798645,0.24490360915660858,-0.6677129864692688,0.07851623743772507,0.7561231851577759,0.02921835333108902,-0.6514503955841064,0.055107567459344864,25.842551,-20.826421,-69.526446,84.646787
2026-08-05T11:50:10.801859,1785927010.801859,17.595002,0.7008775472640991,0.2438887655735016,-0.6660654544830322,0.07513808459043503,0.7564902901649475,0.03754732012748718,-0.650188148021698,0.059733111411333084,24.667181,-19.429979,-68.634242,81.543438
2026-08-05T11:50:10.818116,1785927010.818116,17.611259,0.7036672830581665,0.24007786810398102,-0.6649177074432373,0.07141155749559402,0.7573972344398499,0.04552910849452019,-0.6482430696487427,0.06369870156049728,23.263784,-17.840509,-86.325422,97.771102
2026-08-05T11:50:10.834599,1785927010.834599,17.627742,0.7066065669059753,0.23389016091823578,-0.6644187569618225,0.06745704263448715,0.7585349678993225,0.05157766863703728,-0.6462520360946655,0.06574675440788269,21.855918,-16.330310,-85.412871,91.621282
2026-08-05T11:50:10.851296,1785927010.851296,17.644439,0.7067059874534607,0.2333541214466095,-0.6644412279129028,0.06804760545492172,0.7593015432357788,0.054708082228899,-0.6451186537742615,0.06549762934446335,21.488128,-16.094460,-22.027750,14.125533
2026-08-05T11:50:10.901287,1785927010.901288,17.694430,0.7074446678161621,0.2341175228357315,-0.6630561351776123,0.0711887776851654,0.7595973014831543,0.055499378591775894,-0.6448356509208679,0.06417836993932724,21.471186,-16.439241,-0.338887,-6.896751
2026-08-05T11:50:10.917359,1785927010.917359,17.710502,0.7073475122451782,0.2359706610441208,-0.6621073484420776,0.07477575540542603,0.7596473693847656,0.055810000747442245,-0.6448326110839844,0.06334102898836136,21.660095,-16.916407,11.754389,-29.690534
2026-08-05T11:50:10.920639,1785927010.920639,17.713782,0.7073664665222168,0.23723745346069336,-0.6612991690635681,0.07768218219280243,0.7597999572753906,0.056968796998262405,-0.6445391774177551,0.0634656548500061,21.692625,-17.145310,9.918195,-69.789196
2026-08-05T11:50:10.934244,1785927010.934244,17.727386,0.7071637511253357,0.23797176778316498,-0.6610676050186157,0.0792364552617073,0.7602333426475525,0.05886666104197502,-0.6438078284263611,0.06396415084600449,21.600204,-17.138090,-6.793252,0.530756
2026-08-05T11:50:10.937451,1785927010.937451,17.730593,0.7072469592094421,0.23763129115104675,-0.6609664559364319,0.08035250753164291,0.7604848742485046,0.05998309701681137,-0.6434078216552734,0.06396060436964035,21.460324,-17.100143,-43.617551,11.832442
2026-08-05T11:50:10.967019,1785927010.967020,17.760162,0.7070804834365845,0.23751519620418549,-0.6610147953033447,0.08175147324800491,0.7601324319839478,0.059430286288261414,-0.6439254879951477,0.06345336139202118,21.517321,-17.273189,1.927617,-5.852387
2026-08-05T11:50:10.971640,1785927010.971640,17.764782,0.7070900201797485,0.23789788782596588,-0.6606881022453308,0.08318372070789337,0.7593404054641724,0.05766790360212326,-0.6450536251068115,0.0631055235862732,21.732615,-17.577385,46.595027,-65.835421
2026-08-05T11:50:10.983986,1785927010.983986,17.776625,0.7065673470497131,0.2392757087945938,-0.6605736613273621,0.08457101881504059,0.7582530379295349,0.05706256255507469,-0.6462545394897461,0.06442699581384659,21.921258,-17.739549,15.929297,-13.693385
2026-08-05T11:50:11.001024,1785927011.001025,17.794167,0.7045904994010925,0.24217894673347473,-0.6614537239074707,0.08591130375862122,0.7572929859161377,0.05867582559585571,-0.6469414234161377,0.06731101125478745,22.078504,-17.733473,8.963786,0.346359
2026-08-05T11:50:11.017892,1785927011.017893,17.809931,0.7042968273162842,0.24320179224014282,-0.6613534092903137,0.08620063215494156,0.7569354772567749,0.061717066913843155,-0.6467751264572144,0.07015059888362885,21.828796,-17.368701,-15.841132,23.140646
2026-08-05T11:50:11.033813,1785927011.033813,17.826956,0.7034787535667419,0.24442636966705322,-0.6615749001502991,0.08770376443862915,0.7564350962638855,0.06437035650014877,-0.6469066143035889,0.07192804664373398,21.680297,-17.225416,-8.722261,8.416021
2026-08-05T11:50:11.051200,1785927011.051201,17.844343,0.7022228837013245,0.2458726316690445,-0.6620607376098633,0.09002946317195892,0.7553265690803528,0.06506207585334778,-0.6480873227119446,0.07232610136270523,21.781375,-17.425457,5.813355,-11.505094
2026-08-05T11:50:11.067874,1785927011.067874,17.861017,0.7014840245246887,0.24774937331676483,-0.6618438363075256,0.09221303462982178,0.7536708116531372,0.06462843716144562,-0.6500279903411865,0.07257086038589478,22.010970,-17.752176,13.770026,-19.595051
2026-08-05T11:50:11.084723,1785927011.084723,17.877866,0.6997901201248169,0.2504778206348419,-0.6623722910881042,0.09390278905630112,0.7517243027687073,0.06638762354850769,-0.6518601179122925,0.07470715045928955,22.095796,-17.784814,5.034483,-1.937064
2026-08-05T11:50:11.101140,1785927011.101140,17.894283,0.6978121995925903,0.2534330189228058,-0.6632078289985657,0.09479133039712906,0.7503218650817871,0.07123100757598877,-0.6524816751480103,0.07880612462759018,21.873460,-17.376398,-13.543042,24.877588
2026-08-05T11:50:11.117336,1785927011.117336,17.910479,0.697216272354126,0.2551847994327545,-0.6629939675331116,0.09596598893404007,0.7498761415481567,0.07692547142505646,-0.6519132852554321,0.08232025802135468,21.425918,-16.870024,-27.632848,31.265333
2026-08-05T11:50:11.133830,1785927011.133831,17.926973,0.6957733631134033,0.2575332522392273,-0.6632144451141357,0.09860445559024811,0.7489413619041443,0.07969242334365845,-0.6525081396102905,0.08347796648740768,21.407168,-16.949251,-1.136742,-4.803187
2026-08-05T11:50:11.137118,1785927011.137119,17.929441,0.6941949725151062,0.25977015495300293,-0.6636034846305847,0.1012093648314476,0.7471548318862915,0.0780031755566597,-0.6549640893936157,0.0818323865532875,21.863999,-17.591398,185.129228,-260.227918
2026-08-05T11:50:11.150412,1785927011.150412,17.943555,0.6928034424781799,0.262605756521225,-0.6636536717414856,0.10308006405830383,0.7448612451553345,0.07488492876291275,-0.6581838130950928,0.07979580760002136,22.526936,-18.373595,46.971347,-55.421225
2026-08-05T11:50:11.167112,1785927011.167113,17.960255,0.6904551982879639,0.2658044099807739,-0.6646770238876343,0.10403955727815628,0.7429021000862122,0.07379359006881714,-0.660532534122467,0.07966873794794083,23.022797,-18.807301,29.690951,-25.969301
2026-08-05T11:50:11.183743,1785927011.183744,17.976886,0.68888920545578,0.26788437366485596,-0.6655011773109436,0.10381648689508438,0.7420692443847656,0.07520687580108643,-0.6611312627792358,0.08113009482622147,23.096341,-18.734657,4.422147,4.368090
2026-08-05T11:50:11.217718,1785927011.217719,18.010861,0.6874008178710938,0.26949912309646606,-0.6662842631340027,0.10447792708873749,0.7415585517883301,0.07699233293533325,-0.6614269614219666,0.08171217143535614,23.109873,-18.730783,0.398309,0.114019
2026-08-05T11:50:11.221882,1785927011.221882,18.015024,0.685786783695221,0.2704148590564728,-0.667353630065918,0.10588406771421432,0.7402797341346741,0.07546453922986984,-0.6632611155509949,0.07984241843223572,23.432658,-19.172969,77.527129,-106.205186
2026-08-05T11:50:11.252249,1785927011.252249,18.045392,0.6845370531082153,0.27150994539260864,-0.6679155826568604,0.10761146247386932,0.7384156584739685,0.07204843312501907,-0.6660543084144592,0.07695568352937698,23.979670,-19.882081,18.013296,-23.351281
2026-08-05T11:50:11.257118,1785927011.257118,18.050261,0.6830152273178101,0.27359461784362793,-0.6683104038238525,0.10953304916620255,0.7365319728851318,0.07029697299003601,-0.6684250235557556,0.07606569677591324,24.439515,-20.402810,94.443763,-106.948160
2026-08-05T11:50:11.267933,1785927011.267933,18.061076,0.6806561350822449,0.27732670307159424,-0.6687808036804199,0.11193562299013138,0.7350137233734131,0.07064652442932129,-0.6699045300483704,0.07739905267953873,24.855986,-20.770777,38.508163,-34.023363
2026-08-05T11:50:11.284329,1785927011.284329,18.076517,0.6794406771659851,0.2798551619052887,-0.6688748002052307,0.1124635711312294,0.7342519164085388,0.0719878152012825,-0.6704294681549072,0.07883745431900024,24.983654,-20.805655,8.267735,-2.258664
2026-08-05T11:50:11.300102,1785927011.300102,18.093245,0.6790602207183838,0.28029942512512207,-0.6692104935646057,0.11165503412485123,0.7331405282020569,0.07192401587963104,-0.6717128157615662,0.07831419259309769,25.014527,-20.808041,1.845686,-0.142650
2026-08-05T11:50:11.317912,1785927011.317913,18.111055,0.6781267523765564,0.2804410755634308,-0.6702210307121277,0.11090891063213348,0.7315313816070557,0.0702219009399414,-0.6739055514335632,0.07603470236063004,25.228215,-21.050936,11.997953,-13.637886
2026-08-05T11:50:11.333445,1785927011.333445,18.126587,0.6774192452430725,0.28086182475090027,-0.670737624168396,0.1110452190041542,0.7301084995269775,0.06846819818019867,-0.6758002638816833,0.07447588443756104,25.483072,-21.339830,16.408040,-18.599316
2026-08-05T11:50:11.368184,1785927011.368185,18.161327,0.6762970685958862,0.28145140409469604,-0.6716025471687317,0.11116398870944977,0.7298409342765808,0.06819061189889908,-0.6761378049850464,0.07428982853889465,25.606753,-21.435483,3.560221,-2.753447
2026-08-05T11:50:11.384639,1785927011.384639,18.177782,0.675302267074585,0.28169676661491394,-0.6724199056625366,0.1116485744714737,0.7302866578102112,0.06667539477348328,-0.6758989095687866,0.07345521450042725,25.864266,-21.695514,15.649808,-15.802857
2026-08-05T11:50:11.401496,1785927011.401496,18.194639,0.6742131114006042,0.28164616227149963,-0.6733518242835999,0.11273781210184097,0.7307409644126892,0.061923202127218246,-0.6761601567268372,0.07063771784305573,26.503103,-22.399177,37.897121,-41.742658
2026-08-05T11:50:11.418174,1785927011.418175,18.211317,0.673136830329895,0.28188356757164,-0.6741857528686523,0.11358751356601715,0.7309437394142151,0.05462367832660675,-0.6770215630531311,0.06616620719432831,27.483047,-23.445500,58.756356,-62.736405
2026-08-05T11:50:11.423820,1785927011.423820,18.216963,0.6729875206947327,0.28077468276023865,-0.6747522950172424,0.1138545423746109,0.7316970825195312,0.045661475509405136,-0.6773478388786316,0.06109960749745369,28.494577,-24.518218,179.166540,-190.004332
2026-08-05T11:50:11.435233,1785927011.435233,18.228376,0.6728706955909729,0.27845972776412964,-0.6758868098258972,0.11350098252296448,0.7332406640052795,0.03449041396379471,-0.6768015623092651,0.05574106425046921,29.633494,-25.653374,99.790346,-99.460866
2026-08-05T11:50:11.453467,1785927011.453467,18.246610,0.6738259792327881,0.2747812271118164,-0.676609992980957,0.11248462647199631,0.7341801524162292,0.018457448109984398,-0.676935613155365,0.04894750192761421,31.137460,-27.119006,82.481340,-80.379014
2026-08-05T11:50:11.467844,1785927011.467845,18.260987,0.6749855875968933,0.2702797055244446,-0.6775549650192261,0.1107366532087326,0.7334281206130981,-0.0033546998165547848,-0.6785387396812439,0.040695399045944214,33.168549,-29.022596,141.270044,-132.401945
2026-08-05T11:50:11.484488,1785927011.484488,18.277631,0.6763238906860352,0.2645837366580963,-0.6789184808731079,0.10794194042682648,0.7314379811286926,-0.028459738940000534,-0.6805295348167419,0.03266453370451927,35.381965,-30.982815,132.989613,-117.776676
2026-08-05T11:50:11.518861,1785927011.518861,18.312004,0.6779006719589233,0.25819718837738037,-0.6805803775787354,0.10293418169021606,0.7289869785308838,-0.0546325258910656,-0.6818501949310303,0.025930561125278473,37.546979,-32.703957,62.985814,-50.072418
2026-08-05T11:50:11.534842,1785927011.534842,18.326988,0.6800678372383118,0.2497241497039795,-0.6827365756034851,0.09495564550161362,0.7259408831596375,-0.08325862884521484,-0.6823917627334595,0.020449629053473473,39.649821,-34.125926,140.333441,-94.895333
2026-08-05T11:50:11.583731,1785927011.583732,18.376874,0.6816706657409668,0.2394791841506958,-0.686153769493103,0.08466268330812454,0.720909595489502,-0.11357735842466354,-0.683441698551178,0.01720610074698925,41.664134,-35.159919,40.378517,-20.727226
2026-08-05T11:50:11.601696,1785927011.601697,18.394839,0.6815007328987122,0.2324775606393814,-0.6897904276847839,0.07549946755170822,0.7145981192588806,-0.142457976937294,-0.6846674680709839,0.016872409731149673,43.923960,-36.215116,125.789955,-58.735993
2026-08-05T11:50:11.618084,1785927011.618085,18.411227,0.6814693808555603,0.22565099596977234,-0.6929556727409363,0.06703440099954605,0.7090914249420166,-0.16679461300373077,-0.6847966313362122,0.02052794024348259,45.708158,-36.666879,108.871022,-27.566422
2026-08-05T11:50:11.635109,1785927011.635110,18.427875,0.6820144057273865,0.21732482314109802,-0.6958388686180115,0.05860498175024986,0.705118715763092,-0.18650268018245697,-0.6835271716117859,0.028528369963169098,46.825382,-36.279490,67.109371,23.269656
2026-08-05T11:50:11.648875,1785927011.648875,18.442018,0.6835111379623413,0.20933008193969727,-0.6973694562911987,0.05166562646627426,0.7013787627220154,-0.20448067784309387,-0.6817333102226257,0.03865300118923187,47.867896,-35.758332,73.713644,36.849882
2026-08-05T11:50:11.658152,1785927011.658153,18.451295,0.6835430264472961,0.20385043323040009,-0.6992648839950562,0.047357331961393356,0.6965922713279724,-0.22243361175060272,-0.6803675889968872,0.04880000650882721,49.298985,-35.637914,154.256371,12.979742
2026-08-05T11:50:11.668278,1785927011.668279,18.461421,0.6824617981910706,0.2006893754005432,-0.7014767527580261,0.043589770793914795,0.6906518936157227,-0.24080269038677216,-0.6794083714485168,0.0584576390683651,51.114476,-35.819070,179.292181,-17.890414
2026-08-05T11:50:11.684391,1785927011.684392,18.477534,0.6824936270713806,0.19160301983356476,-0.7044321298599243,0.03558658808469772,0.684164822101593,-0.2585265636444092,-0.6785244941711426,0.06845267117023468,52.255462,-35.043783,70.811355,48.115484
2026-08-05T11:50:11.701016,1785927011.701016,18.493149,0.6807008385658264,0.18669241666793823,-0.7076974511146545,0.0309341698884964,0.678005039691925,-0.274902880191803,-0.6771029829978943,0.0791708379983902,53.791822,-34.699262,98.391617,22.063848
2026-08-05T11:50:11.717165,1785927011.717165,18.510308,0.6789787411689758,0.1823378950357437,-0.7106311917304993,0.02728039026260376,0.6719198226928711,-0.2899227738380432,-0.6753959655761719,0.0911472737789154,55.299808,-34.260659,87.883150,25.561139
2026-08-05T11:50:11.734927,1785927011.734927,18.528070,0.677613377571106,0.18017634749412537,-0.7125648856163025,0.025057347491383553,0.6658025979995728,-0.3044843375682831,-0.6731542348861694,0.10420398414134979,57.058477,-34.034966,99.013297,12.706510
2026-08-05T11:50:11.737459,1785927011.737459,18.530602,0.6757350564002991,0.17911744117736816,-0.7146952152252197,0.02258310839533806,0.6596472263336182,-0.318087637424469,-0.6706664562225342,0.11786068975925446,58.906800,-33.734064,730.052689,118.850865
2026-08-05T11:50:11.750387,1785927011.750388,18.543530,0.6738568544387817,0.1773587465286255,-0.7170141935348511,0.018754303455352783,0.6535986661911011,-0.33063429594039917,-0.6677426099777222,0.13269682228565216,60.675945,-33.054795,136.840878,52.540505
2026-08-05T11:50:11.766663,1785927011.767456,18.559806,0.6732692718505859,0.1746063381433487,-0.7183248996734619,0.015190687030553818,0.6493051052093506,-0.34054431319236755,-0.6631660461425781,0.15047311782836914,62.181428,-31.886414,92.499111,71.787076
2026-08-05T11:50:11.783793,1785927011.783794,18.576559,0.6734595894813538,0.17101387679576874,-0.7190585136413574,0.012704058550298214,0.6484448909759521,-0.34604504704475403,-0.6559429168701172,0.17178377509117126,63.278646,-30.078848,65.492136,107.892222
2026-08-05T11:50:11.817551,1785927011.817551,18.610693,0.67350834608078,0.16860584914684296,-0.7196040153503418,0.011349963955581188,0.6479510068893433,-0.3516872227191925,-0.6476027369499207,0.19257470965385437,64.590187,-28.526064,38.422848,45.490320
2026-08-05T11:50:11.834508,1785927011.834508,18.627650,0.6732668280601501,0.16711388528347015,-0.7201838493347168,0.01095285639166832,0.6420892477035522,-0.36163806915283203,-0.6424233317375183,0.21030975878238678,66.386332,-27.704673,105.923271,48.439523
2026-08-05T11:50:11.851118,1785927011.851119,18.644261,0.6742016673088074,0.16768622398376465,-0.7191647887229919,0.011642483063042164,0.6288546919822693,-0.37840917706489563,-0.6411290764808655,0.22427776455879211,68.983050,-28.163237,156.330966,-27.607067
2026-08-05T11:50:11.867833,1785927011.867833,18.660975,0.673933744430542,0.16979870200157166,-0.7189065217971802,0.012464079074561596,0.6127451658248901,-0.39741966128349304,-0.6403820514678955,0.23771949112415314,72.041027,-28.972118,182.952761,-48.393783
2026-08-05T11:50:11.884771,1785927011.884771,18.677914,0.6722726225852966,0.17037658393383026,-0.7203012108802795,0.01370384730398655,0.5988509654998779,-0.41449087858200073,-0.6370959877967834,0.2523539364337921,74.815757,-29.299029,163.814869,-19.300206
2026-08-05T11:50:11.891889,1785927011.891890,18.685032,0.6742114424705505,0.16986700892448425,-0.7185056209564209,0.018273981288075447,0.5873925089836121,-0.42875921726226807,-0.6316683888435364,0.2685696482658386,77.119206,-29.712922,323.598653,-58.145525
2026-08-05T11:50:11.901437,1785927011.901438,18.694580,0.6768471598625183,0.16933856904506683,-0.715941846370697,0.025097014382481575,0.574921727180481,-0.4427102208137512,-0.6265853643417358,0.28436270356178284,79.309825,-30.395040,229.433537,-71.441308
2026-08-05T11:50:11.907471,1785927011.907471,18.700614,0.6795189380645752,0.16827717423439026,-0.7134283781051636,0.030931532382965088,0.5592779517173767,-0.45794111490249634,-0.6229740381240845,0.29899880290031433,81.656075,-31.197372,388.844907,-132.970700
2026-08-05T11:50:11.917269,1785927011.917269,18.710412,0.6818079948425293,0.16845589876174927,-0.7109292149543762,0.036610789597034454,0.5417665243148804,-0.4735204577445984,-0.6200527548789978,0.3127312958240509,84.216940,-32.250324,261.364721,-107.465497
2026-08-05T11:50:11.932045,1785927011.932045,18.725188,0.683671772480011,0.16707663238048553,-0.7091591358184814,0.04209413379430771,0.5252721905708313,-0.4876731038093567,-0.6159439086914062,0.3269188106060028,86.528764,-32.935894,156.460641,-46.398332
2026-08-05T11:50:11.968114,1785927011.968114,18.761257,0.6869913935661316,0.1643139272928238,-0.7060879468917847,0.04983675479888916,0.5118085145950317,-0.4992532432079315,-0.6098372936248779,0.341900110244751,88.350440,-33.529955,50.505089,-16.470041
2026-08-05T11:50:11.986116,1785927011.986117,18.778758,0.6901386380195618,0.16299223899841309,-0.7025689482688904,0.059490542858839035,0.4992333948612213,-0.5093735456466675,-0.6033977270126343,0.35667192935943604,90.071776,-34.321628,98.354438,-45.234971
2026-08-05T11:50:12.017944,1785927012.017945,18.811087,0.6924633383750916,0.16262227296829224,-0.6994275450706482,0.06964035332202911,0.4853000044822693,-0.5193353295326233,-0.5980201363563538,0.37033143639564514,91.840471,-35.273566,54.709529,-29.445465
2026-08-05T11:50:12.035927,1785927012.035928,18.826873,0.697967529296875,0.16026876866817474,-0.6935067772865295,0.07876323908567429,0.4690127670764923,-0.5295643210411072,-0.594443142414093,0.3823937177658081,93.552012,-36.588129,108.420252,-83.273080
2026-08-05T11:50:12.051297,1785927012.051297,18.844440,0.7043981552124023,0.15810135006904602,-0.6864449977874756,0.08729587495326996,0.45213931798934937,-0.5394667983055115,-0.5910522937774658,0.3939568102359772,95.353652,-38.123243,102.561460,-87.389034
2026-08-05T11:50:12.068972,1785927012.068973,18.862115,0.7092230319976807,0.15563279390335083,-0.6809991598129272,0.09498053789138794,0.43810606002807617,-0.5483424067497253,-0.5853845477104187,0.4058416485786438,97.007861,-39.257256,93.586948,-64.156810
2026-08-05T11:50:12.086754,1785927012.086754,18.879897,0.7147659063339233,0.1511281132698059,-0.6751358509063721,0.10228128731250763,0.426649808883667,-0.5562109351158142,-0.5779259204864502,0.41785144805908203,98.340598,-40.166378,74.950773,-51.127442
2026-08-05T11:50:12.104111,1785927012.104112,18.897254,0.7209061980247498,0.14730001986026764,-0.668194591999054,0.1100594773888588,0.4151718318462372,-0.5637109279632568,-0.5708787441253662,0.42890384793281555,99.679339,-41.412250,77.128204,-71.777787
2026-08-05T11:50:12.108547,1785927012.108548,18.901690,0.7282078862190247,0.1448071002960205,-0.6595558524131775,0.11717667430639267,0.40138036012649536,-0.5716462135314941,-0.565187931060791,0.4389485716819763,101.350100,-43.232708,376.635501,-410.381133
2026-08-05T11:50:12.112057,1785927012.112057,18.905199,0.7360485196113586,0.14244689047336578,-0.6502706408500671,0.12284040451049805,0.38585224747657776,-0.5795854926109314,-0.5607485771179199,0.4480609595775604,103.203414,-45.284754,528.117576,-584.748023
2026-08-05T11:50:12.123247,1785927012.123248,18.916390,0.7415350079536438,0.1428910344839096,-0.6427461504936218,0.1287849247455597,0.3704555034637451,-0.5868721008300781,-0.5562648177146912,0.45706892013549805,105.218445,-47.307749,180.063717,-180.775380
2026-08-05T11:50:12.151461,1785927012.151462,18.944604,0.745326817035675,0.1437137871980667,-0.6369987726211548,0.13441430032253265,0.358365923166275,-0.5926516652107239,-0.5504999160766602,0.46614012122154236,106.938887,-48.842743,60.978367,-54.405471
2026-08-05T11:50:12.168050,1785927012.168051,18.961193,0.7494933009147644,0.14315029978752136,-0.6312758326530457,0.13877582550048828,0.3502800166606903,-0.5968193411827087,-0.5434301495552063,0.47517699003219604,108.239183,-49.935968,78.382244,-65.899931
2026-08-05T11:50:12.184496,1785927012.184496,18.977638,0.7540834546089172,0.1400747001171112,-0.6256932616233826,0.14228612184524536,0.34368449449539185,-0.5997757911682129,-0.5367019772529602,0.4838387966156006,109.125926,-50.596642,53.920421,-40.173763
2026-08-05T11:50:12.192925,1785927012.192926,18.985236,0.7583044767379761,0.13799335062503815,-0.6199617385864258,0.1468999981880188,0.33549413084983826,-0.6024060249328613,-0.532056450843811,0.4913913309574127,110.036004,-51.513344,119.787401,-120.659235
2026-08-05T11:50:12.203178,1785927012.203178,18.996321,0.762407660484314,0.13655687868595123,-0.6140243411064148,0.1518581062555313,0.32420438528060913,-0.6055388450622559,-0.5290282368659973,0.4983395040035248,111.195580,-52.770175,104.609595,-113.383336
2026-08-05T11:50:12.206917,1785927012.206917,18.999082,0.7662017345428467,0.1340375393629074,-0.6087175607681274,0.15630683302879333,0.3121485114097595,-0.6089054942131042,-0.5255427956581116,0.5055702328681946,112.374022,-53.875341,426.760738,-400.224747
2026-08-05T11:50:12.233524,1785927012.233524,19.026667,0.7688513994216919,0.1344018429517746,-0.6040913462638855,0.1608651876449585,0.3025110960006714,-0.6124879121780396,-0.5192050337791443,0.5135859847068787,113.741140,-55.054900,49.560987,-42.761579
2026-08-05T11:50:12.268032,1785927012.268032,19.061174,0.7694741487503052,0.13761256635189056,-0.6012811064720154,0.16563087701797485,0.2947969138622284,-0.6158791184425354,-0.5112865567207336,0.5218932032585144,115.182635,-56.063170,41.773080,-29.218644
2026-08-05T11:50:12.283456,1785927012.283457,19.076599,0.7698187232017517,0.14119821786880493,-0.5989684462547302,0.1693490594625473,0.28635960817337036,-0.6187312006950378,-0.5053160190582275,0.5289844274520874,116.618692,-57.040728,93.102391,-63.377053
2026-08-05T11:50:12.301340,1785927012.301340,19.094482,0.7692973613739014,0.14213497936725616,-0.5984266400337219,0.17281442880630493,0.27660131454467773,-0.6209907531738281,-0.502061665058136,0.534598171710968,117.689635,-57.509352,59.884335,-26.204198
2026-08-05T11:50:12.316978,1785927012.316978,19.110121,0.7688591480255127,0.14153409004211426,-0.5981581807136536,0.17615516483783722,0.2670491337776184,-0.6229387521743774,-0.5002537369728088,0.5388666391372681,118.497567,-57.848876,51.664285,-21.711274
2026-08-05T11:50:12.333677,1785927012.333678,19.126820,0.7687268257141113,0.1413968950510025,-0.5975067615509033,0.17903031408786774,0.25992220640182495,-0.624626636505127,-0.4976649284362793,0.5427802205085754,119.201636,-58.209323,42.160949,-21.584258
2026-08-05T11:50:12.337189,1785927012.337190,19.129776,0.7680498361587524,0.14393219351768494,-0.5967235565185547,0.1824941337108612,0.2557903826236725,-0.625870943069458,-0.4942351281642914,0.5464314818382263,119.865080,-58.684193,224.428101,-160.637811
2026-08-05T11:50:12.364962,1785927012.364962,19.158104,0.7670937180519104,0.14657890796661377,-0.5965369939804077,0.1850018948316574,0.252814918756485,-0.6268232464790344,-0.49141860008239746,0.5492575168609619,120.420732,-59.011369,19.614810,-11.549509
2026-08-05T11:50:12.368812,1785927012.368813,19.161955,0.7662143707275391,0.14711043238639832,-0.5970739126205444,0.18648549914360046,0.2503884434700012,-0.6274811625480652,-0.4900306165218353,0.5508555769920349,120.679813,-59.022352,67.281621,-2.851999
2026-08-05T11:50:12.383947,1785927012.383947,19.177089,0.7653061747550964,0.1473432332277298,-0.5978115200996399,0.18766433000564575,0.2492283135652542,-0.6280653476715088,-0.4893871247768402,0.5512879490852356,120.764216,-59.008128,5.577036,0.939843
2026-08-05T11:50:12.418178,1785927012.418178,19.211321,0.7640237212181091,0.1474175751209259,-0.5994312167167664,0.18766483664512634,0.25008323788642883,-0.6283067464828491,-0.489747554063797,0.5503045320510864,120.622362,-58.776409,-4.143975,6.769182
2026-08-05T11:50:12.453504,1785927012.453504,19.244616,0.7633552551269531,0.1454249918460846,-0.6017072200775146,0.1846318244934082,0.2525844871997833,-0.6279963850975037,-0.4915090501308441,0.5479411482810974,120.211935,-58.157890,-12.326837,18.576729
2026-08-05T11:50:12.469818,1785927012.469819,19.262961,0.7632682919502258,0.14241136610507965,-0.6039100885391235,0.18009263277053833,0.2567328214645386,-0.6272635459899902,-0.49384281039237976,0.5447449088096619,119.606894,-57.386983,-32.981038,42.022437
2026-08-05T11:50:12.484571,1785927012.484572,19.277714,0.7626267075538635,0.14028649032115936,-0.6064215898513794,0.17599248886108398,0.2619817554950714,-0.6263571381568909,-0.4956715703010559,0.5416186451911926,118.960966,-56.560681,-43.783215,56.009589
2026-08-05T11:50:12.490489,1785927012.490489,19.283631,0.7624266743659973,0.13953766226768494,-0.6078144311904907,0.17261654138565063,0.2675645053386688,-0.6255238056182861,-0.4969075918197632,0.5387123227119446,118.441372,-56.086508,-87.809245,80.133253
2026-08-05T11:50:12.500548,1785927012.500549,19.293691,0.7617335915565491,0.13950258493423462,-0.6093997359275818,0.1700972020626068,0.2724402844905853,-0.6247448325157166,-0.49790579080581665,0.5362451672554016,118.003604,-55.646223,-43.517417,43.767651
2026-08-05T11:50:12.533442,1785927012.533442,19.326585,0.7610601186752319,0.13988631963729858,-0.6107792258262634,0.16783395409584045,0.27671682834625244,-0.6237384676933289,-0.49903154373168945,0.5341762900352478,117.630814,-55.235531,-11.333105,12.485363
2026-08-05T11:50:12.550006,1785927012.550006,19.343148,0.7599056959152222,0.14009639620780945,-0.612811803817749,0.16546310484409332,0.28099095821380615,-0.6224438548088074,-0.5001653432846069,0.5323917865753174,117.211595,-54.599831,-25.309931,38.379763
2026-08-05T11:50:12.567916,1785927012.567917,19.361059,0.7587659358978271,0.14057044684886932,-0.614799976348877,0.16289649903774261,0.2857159376144409,-0.6211464405059814,-0.501092791557312,0.5305171012878418,116.802385,-53.992596,-22.846913,33.902997
2026-08-05T11:50:12.583552,1785927012.583553,19.376695,0.7575249671936035,0.14052937924861908,-0.617125928401947,0.15988466143608093,0.29074010252952576,-0.6197537779808044,-0.5024175047874451,0.5281580090522766,116.306538,-53.286549,-31.712451,45.155982
2026-08-05T11:50:12.601013,1785927012.601013,19.394156,0.756058394908905,0.13869038224220276,-0.6203899383544922,0.15574729442596436,0.29580625891685486,-0.6182926297187805,-0.5045862793922424,0.5249802470207214,115.623821,-52.272705,-39.099926,58.063907
2026-08-05T11:50:12.617421,1785927012.617421,19.410564,0.7547677159309387,0.1369805634021759,-0.6235314607620239,0.1509004384279251,0.30157142877578735,-0.6166942119598389,-0.5072353482246399,0.5210123658180237,114.899415,-51.314170,-44.149627,58.418919
2026-08-05T11:50:12.634084,1785927012.634084,19.427226,0.7531790733337402,0.13626928627490997,-0.6268516778945923,0.14563320577144623,0.30856114625930786,-0.6146187782287598,-0.5097419619560242,0.5169097781181335,114.160987,-50.303661,-44.316507,60.645334
2026-08-05T11:50:12.651287,1785927012.651287,19.444429,0.7522069811820984,0.13635757565498352,-0.6293433308601379,0.13970841467380524,0.3180590569972992,-0.6117649674415588,-0.5112550258636475,0.5130295157432556,113.367866,-49.308459,-46.103430,57.850165
2026-08-05T11:50:12.657154,1785927012.657154,19.450297,0.7507617473602295,0.1352248340845108,-0.6326878070831299,0.13333116471767426,0.3296571373939514,-0.6079681515693665,-0.512869119644165,0.5085911750793457,112.222932,-47.891736,-195.139922,241.463273
2026-08-05T11:50:12.670854,1785927012.670854,19.463997,0.749274492263794,0.13103662431240082,-0.6368544101715088,0.12583215534687042,0.3409569561481476,-0.6041314601898193,-0.5156545042991638,0.502864420413971,110.780932,-46.150229,-105.255424,127.117171
2026-08-05T11:50:12.717727,1785927012.717728,19.510870,0.7496651411056519,0.125436469912529,-0.639168918132782,0.11717941612005234,0.3521220088005066,-0.6011406183242798,-0.5190833806991577,0.49516817927360535,109.327427,-44.929375,-31.009215,26.045826
2026-08-05T11:50:12.721773,1785927012.721773,19.514916,0.7499526143074036,0.12204031646251678,-0.6410585641860962,0.10826418548822403,0.3646840453147888,-0.5985047817230225,-0.522022545337677,0.48609569668769836,108.008092,-44.133938,-326.105970,196.611729
2026-08-05T11:50:12.738478,1785927012.738479,19.531621,0.7482882142066956,0.121645487844944,-0.6445804238319397,0.09891053289175034,0.3788214325904846,-0.5952733159065247,-0.5249729156494141,0.47596874833106995,106.757696,-43.277003,-74.850396,51.297236
2026-08-05T11:50:12.750645,1785927012.750645,19.543788,0.7459254860877991,0.1223745048046112,-0.6485356092453003,0.08956214040517807,0.3932342231273651,-0.5912600159645081,-0.5284215807914734,0.4653469920158386,105.492470,-42.382229,-103.990499,73.542638
2026-08-05T11:50:12.770137,1785927012.770138,19.562282,0.7439615726470947,0.121688112616539,-0.6522241830825806,0.07947905361652374,0.40763968229293823,-0.5864031314849854,-0.5322461128234863,0.45461422204971313,104.069068,-41.269364,-76.966109,60.174757
2026-08-05T11:50:12.784149,1785927012.784150,19.577292,0.7405340075492859,0.11808491498231888,-0.6578707098960876,0.0697961375117302,0.4210391044616699,-0.58122318983078,-0.5367447137832642,0.4436323046684265,102.307473,-39.588081,-117.358635,112.008177
2026-08-05T11:50:12.799788,1785927012.799788,19.592931,0.7371687293052673,0.11970525979995728,-0.6622290015220642,0.060874152928590775,0.4338418245315552,-0.5757619142532349,-0.5418239831924438,0.43209385871887207,101.010403,-38.676705,-82.939071,58.276464
2026-08-05T11:50:12.810554,1785927012.810555,19.603697,0.7310519814491272,0.12498407065868378,-0.6687612533569336,0.05196546018123627,0.4471089839935303,-0.5697494149208069,-0.5469233393669128,0.41994398832321167,99.933155,-37.759902,-100.055452,85.153323
2026-08-05T11:50:12.833484,1785927012.833485,19.626093,0.7264420390129089,0.1254459023475647,-0.6743313670158386,0.04269338771700859,0.4615410566329956,-0.562618613243103,-0.5518879890441895,0.40725767612457275,98.274773,-36.469226,-74.047836,57.629523
2026-08-05T11:50:12.848566,1785927012.848567,19.641709,0.7273221015930176,0.12164684385061264,-0.6745355129241943,0.03473489359021187,0.47741419076919556,-0.5540192723274231,-0.5559775829315186,0.3950014114379883,96.083870,-35.481284,-140.301283,63.265926
2026-08-05T11:50:12.866214,1785927012.866215,19.659357,0.7242068648338318,0.12187348306179047,-0.6781395077705383,0.028250643983483315,0.49440324306488037,-0.5439087152481079,-0.5594261288642883,0.383105605840683,94.006867,-34.256128,-117.690682,69.421901
2026-08-05T11:50:12.873793,1785927012.873793,19.666935,0.7148672938346863,0.12850582599639893,-0.6869997382164001,0.021965116262435913,0.5108936429023743,-0.533263623714447,-0.563568651676178,0.3701443374156952,92.423394,-32.996488,-208.946341,166.215077
2026-08-05T11:50:12.886360,1785927012.886360,19.678502,0.7051624655723572,0.13760481774806976,-0.6953781843185425,0.016130417585372925,0.5260738730430603,-0.522563099861145,-0.5692630410194397,0.3551234006881714,91.042925,-32.334280,-119.351614,57.252718
2026-08-05T11:50:12.894154,1785927012.894155,19.687297,0.7013790607452393,0.13978752493858337,-0.6988638043403625,0.010793343186378479,0.5398160815238953,-0.511829674243927,-0.5761830806732178,0.3385867774486542,88.976111,-31.922207,-234.991850,46.851663
2026-08-05T11:50:12.902213,1785927012.902213,19.694303,0.705757200717926,0.1305319368839264,-0.6963014602661133,0.005716752260923386,0.5530447959899902,-0.5009385943412781,-0.5821237564086914,0.323005735874176,85.873288,-31.162471,-442.885214,108.441899
2026-08-05T11:50:12.934263,1785927012.934263,19.727406,0.702796459197998,0.13220468163490295,-0.6989889740943909,0.0036611875984817743,0.5673348903656006,-0.4885035753250122,-0.586545467376709,0.30896374583244324,83.637308,-30.689885,-67.547127,14.276429
2026-08-05T11:50:12.951090,1785927012.951090,19.744233,0.692351758480072,0.14676882326602936,-0.7064661383628845,0.0036576874554157257,0.5811575055122375,-0.47554972767829895,-0.5911266207695007,0.2944090664386749,82.601100,-31.052897,-61.579685,-21.573063
2026-08-05T11:50:12.968706,1785927012.968706,19.760733,0.6887655854225159,0.15860138833522797,-0.7074074745178223,0.004735461436212063,0.5921599864959717,-0.4636461138725281,-0.5981341600418091,0.2767907381057739,81.289955,-32.379023,-79.462199,-80.370084
2026-08-05T11:50:12.983409,1785927012.983410,19.776552,0.6921089291572571,0.16473963856697083,-0.7027066946029663,0.007030306849628687,0.6007529497146606,-0.4526381194591522,-0.6066848039627075,0.25719064474105835,79.409057,-34.076920,-118.900696,-107.332290
2026-08-05T11:50:12.999868,1785927012.999868,19.793011,0.6935395002365112,0.16380009055137634,-0.7015196681022644,0.006547062657773495,0.6091554760932922,-0.44105151295661926,-0.6144903898239136,0.2383347749710083,76.952339,-34.420736,-149.265124,-20.889579
2026-08-05T11:50:13.011647,1785927013.011647,19.803787,0.6893935799598694,0.1631752997636795,-0.7057483792304993,0.005443495232611895,0.6194832921028137,-0.4269382953643799,-0.6201657652854919,0.22216561436653137,74.444944,-33.808382,-232.672056,56.823052
2026-08-05T11:50:13.017410,1785927013.017411,19.810553,0.6844770312309265,0.171448215842247,-0.7085602879524231,0.006258715409785509,0.6303749680519104,-0.4109053611755371,-0.6252829432487488,0.20689208805561066,72.707198,-34.054960,-256.850163,-36.445811
2026-08-05T11:50:13.082905,1785927013.082906,19.876048,0.683502197265625,0.1796044558286667,-0.7074195742607117,0.011161775328218937,0.6396759152412415,-0.3954094350337982,-0.6310933232307434,0.19022636115550995,70.869933,-35.093232,-28.051875,-15.852643
2026-08-05T11:50:13.100035,1785927013.100036,19.893178,0.6867015361785889,0.18436753749847412,-0.7030264735221863,0.014268231578171253,0.6476561427116394,-0.38042011857032776,-0.637446403503418,0.17170551419258118,68.782157,-36.112946,-121.879057,-59.528296
2026-08-05T11:50:13.103428,1785927013.103429,19.895943,0.6857460737228394,0.18633703887462616,-0.7034040689468384,0.015927748754620552,0.6555325388908386,-0.36442485451698303,-0.6434512138366699,0.15310420095920563,66.420093,-36.341296,-854.364857,-82.594843
2026-08-05T11:50:13.118699,1785927013.118700,19.911842,0.6839081645011902,0.18373173475265503,-0.7058781385421753,0.015759486705064774,0.6636375188827515,-0.34685155749320984,-0.6487056016921997,0.13586485385894775,63.535718,-35.661047,-181.416571,42.785164
2026-08-05T11:50:13.121719,1785927013.121720,19.914862,0.6851584315299988,0.18322299420833588,-0.7047230005264282,0.018788043409585953,0.6724236011505127,-0.32797014713287354,-0.6526440382003784,0.11973673850297928,60.733266,-35.452849,-927.876413,68.933080
2026-08-05T11:50:13.134309,1785927013.135319,19.927452,0.6866165399551392,0.18985992670059204,-0.7013988494873047,0.023464126512408257,0.6812261939048767,-0.30881795287132263,-0.655542254447937,0.1040453389286995,58.768786,-36.078935,-156.038687,-49.730027
2026-08-05T11:50:13.138421,1785927013.138422,19.931564,0.6845892071723938,0.19608637690544128,-0.7014627456665039,0.028948839753866196,0.6899412274360657,-0.2888772785663605,-0.6578496694564819,0.08811211585998535,56.790125,-36.524549,-481.191461,-108.369075
2026-08-05T11:50:13.167525,1785927013.167525,19.960667,0.6850690841674805,0.19877877831459045,-0.6999846696853638,0.03448130935430527,0.6978897452354431,-0.26828423142433167,-0.6601018905639648,0.07237362116575241,54.421497,-36.658274,-81.386302,-4.594791
2026-08-05T11:50:13.182741,1785927013.182741,19.975884,0.6866759657859802,0.20194284617900848,-0.6971790194511414,0.04045753926038742,0.7040925621986389,-0.24759206175804138,-0.6630770564079285,0.05726701766252518,52.185115,-36.840227,-146.972301,-11.957722
2026-08-05T11:50:13.233183,1785927013.233183,20.026325,0.6880092024803162,0.2091652750968933,-0.6933395266532898,0.046621404588222504,0.7089800238609314,-0.2269006371498108,-0.6663056015968323,0.043580152094364166,50.532727,-37.303589,-32.758349,-9.186087
2026-08-05T11:50:13.251380,1785927013.251381,20.043912,0.6876628994941711,0.21737785637378693,-0.6908359527587891,0.051110584288835526,0.7133994698524475,-0.20605327188968658,-0.6690338253974915,0.03155539184808731,49.101684,-37.545467,-81.369575,-13.753281
2026-08-05T11:50:13.255488,1785927013.255489,20.048631,0.6866278052330017,0.22577373683452606,-0.6888516545295715,0.05524582415819168,0.7178194522857666,-0.18482942879199982,-0.6709199547767639,0.020940326154232025,47.739759,-37.634226,-288.603414,-18.808664
2026-08-05T11:50:13.268789,1785927013.268790,20.061932,0.6855775713920593,0.23254908621311188,-0.6872588992118835,0.05982973426580429,0.7216875553131104,-0.16378125548362732,-0.6724642515182495,0.01155631709843874,46.283746,-37.529493,-109.471241,7.874424
2026-08-05T11:50:13.284531,1785927013.284532,20.076640,0.6838734149932861,0.2404443770647049,-0.6856894493103027,0.06583134829998016,0.7242398858070374,-0.14384080469608307,-0.6743725538253784,0.0026760571636259556,45.176394,-37.683953,-75.290094,-10.501914
2026-08-05T11:50:13.302094,1785927013.302095,20.095237,0.6835847496986389,0.24883918464183807,-0.6822875142097473,0.07262925058603287,0.7267742156982422,-0.1253286749124527,-0.6753102540969849,-0.00684842374175787,44.395986,-38.158736,-41.962841,-25.529256
2026-08-05T11:50:13.317933,1785927013.317934,20.110037,0.6812750101089478,0.253506600856781,-0.6825225949287415,0.07590679824352264,0.7295448780059814,-0.10824840515851974,-0.6750850677490234,-0.01748024858534336,43.436917,-38.218283,-64.801624,-4.023467
2026-08-05T11:50:13.325678,1785927013.325679,20.118821,0.677674412727356,0.2555485963821411,-0.6851673722267151,0.07744757831096649,0.7308540344238281,-0.09321655333042145,-0.6755419373512268,-0.02836979553103447,42.463781,-38.081426,-110.787341,15.580626
2026-08-05T11:50:13.335752,1785927013.335753,20.128895,0.6741849184036255,0.26287534832954407,-0.6853000521659851,0.08206846565008163,0.7297986149787903,-0.08228295296430588,-0.6775938272476196,-0.038584332913160324,42.635658,-38.943371,17.061136,-85.560226
2026-08-05T11:50:13.351313,1785927013.351313,20.143415,0.6739625930786133,0.26874083280563354,-0.6829363107681274,0.08456435799598694,0.728102445602417,-0.07457640767097473,-0.6797785758972168,-0.04695993289351463,42.834241,-39.635619,13.676839,-47.676461
2026-08-05T11:50:13.367955,1785927013.367956,20.161098,0.6713175177574158,0.2699238657951355,-0.6853160858154297,0.08255872875452042,0.7272855043411255,-0.06763142347335815,-0.6809576749801636,-0.052702371031045914,42.406052,-39.425858,-24.214696,11.862302
2026-08-05T11:50:13.383019,1785927013.383019,20.176162,0.6685607433319092,0.26855573058128357,-0.6890439391136169,0.07824864238500595,0.7264516949653625,-0.06199619174003601,-0.6820458769798279,-0.056892309337854385,41.693386,-38.801042,-47.309965,41.478026
2026-08-05T11:50:13.385413,1785927013.385414,20.178556,0.6685907244682312,0.26941749453544617,-0.6887909770011902,0.07725068926811218,0.7251413464546204,-0.058734625577926636,-0.6835410594940186,-0.05908460542559624,41.462325,-38.667198,-96.498938,55.898074
2026-08-05T11:50:13.403507,1785927013.403507,20.196650,0.6678609251976013,0.27272120118141174,-0.68799889087677,0.07900996506214142,0.7246569395065308,-0.05651849880814552,-0.6842643022537231,-0.05881740152835846,41.646169,-38.882030,10.160862,-11.873557
2026-08-05T11:50:13.416357,1785927013.416357,20.209499,0.6671448349952698,0.2731907069683075,-0.6884617805480957,0.07940477132797241,0.725265622138977,-0.05368140712380409,-0.6840329766273499,-0.056620966643095016,41.340656,-38.555723,-23.775697,25.393964
2026-08-05T11:50:13.432984,1785927013.432985,20.226127,0.6676363348960876,0.27202069759368896,-0.6885195970535278,0.07878652960062027,0.7260420918464661,-0.05172097310423851,-0.6835541129112244,-0.054230328649282455,40.882445,-38.063097,-27.557344,29.627064
2026-08-05T11:50:13.500032,1785927013.500033,20.293175,0.6686025857925415,0.27135348320007324,-0.687698245048523,0.0800570547580719,0.726772665977478,-0.05114729702472687,-0.6829880475997925,-0.052077192813158035,40.707221,-37.898555,-2.613405,2.454101
2026-08-05T11:50:13.518695,1785927013.518696,20.311323,0.6693519949913025,0.2715572714805603,-0.6866443157196045,0.08212355524301529,0.727992057800293,-0.051099151372909546,-0.681862473487854,-0.0497913733124733,40.723376,-37.920063,0.890160,-1.185159
2026-08-05T11:50:13.535063,1785927013.535064,20.328206,0.6696656346321106,0.2710322141647339,-0.6863692402839661,0.08358725905418396,0.7290583848953247,-0.05193270742893219,-0.6807686686515808,-0.04827231541275978,40.769772,-37.961575,2.748157,-2.458829
2026-08-05T11:50:13.538816,1785927013.538817,20.331959,0.6703599095344543,0.2703467905521393,-0.6858222484588623,0.08472470194101334,0.7298328876495361,-0.05400119721889496,-0.6798418760299683,-0.047352373600006104,40.928473,-38.107746,42.286969,-38.948334
2026-08-05T11:50:13.551305,1785927013.551305,20.344447,0.6710364818572998,0.26936864852905273,-0.6854726076126099,0.08531154692173004,0.7301894426345825,-0.05731718987226486,-0.6792070865631104,-0.04706696420907974,41.184548,-38.331481,20.505105,-17.915470
2026-08-05T11:50:13.554656,1785927013.554656,20.347798,0.6718962788581848,0.26769521832466125,-0.6852557063102722,0.08555396646261215,0.7300167679786682,-0.06151511147618294,-0.6790363192558289,-0.04690937697887421,41.437385,-38.539483,75.451651,-62.072104
2026-08-05T11:50:13.567830,1785927013.567831,20.359842,0.6727781295776367,0.2658385932445526,-0.6850770711898804,0.08584236353635788,0.7296721935272217,-0.06617588549852371,-0.6790241599082947,-0.0460970476269722,41.691320,-38.719421,21.084867,-14.940708
2026-08-05T11:50:13.583199,1785927013.583199,20.376341,0.6723803281784058,0.26439929008483887,-0.686096727848053,0.0852583795785904,0.7292640209197998,-0.07135916501283646,-0.6790164113044739,-0.044920675456523895,42.020318,-38.883642,19.939851,-9.953094
2026-08-05T11:50:13.599801,1785927013.599802,20.392944,0.6725773811340332,0.2613773047924042,-0.6872469782829285,0.08374495059251785,0.728573203086853,-0.0774112343788147,-0.6791435480117798,-0.044181205332279205,42.239943,-38.934949,13.228259,-3.090258
2026-08-05T11:50:13.650076,1785927013.650752,20.443218,0.6726983189582825,0.2582399547100067,-0.6883672475814819,0.08330567926168442,0.7275734543800354,-0.08437057584524155,-0.6794372200965881,-0.04339385777711868,42.585526,-39.127921,6.873930,-3.838369
2026-08-05T11:50:13.667296,1785927013.667296,20.459663,0.6731706857681274,0.2545364201068878,-0.6894077062606812,0.08227844536304474,0.7260106801986694,-0.092734694480896,-0.68007892370224,-0.04243652522563934,42.978937,-39.320573,23.923981,-11.715546
2026-08-05T11:50:13.684268,1785927013.684268,20.476367,0.6740953922271729,0.2499096691608429,-0.6904649138450623,0.07999346405267715,0.7237429022789001,-0.10348309576511383,-0.6809917092323303,-0.04167700558900833,43.478953,-39.541322,29.933372,-13.215088
2026-08-05T11:50:13.701824,1785927013.701824,20.494446,0.6741049289703369,0.24362172186374664,-0.6932080388069153,0.07545649260282516,0.7203084230422974,-0.11746031790971756,-0.6823593974113464,-0.04175996780395508,44.113066,-39.756086,35.074465,-11.879123
2026-08-05T11:50:13.704546,1785927013.704546,20.497688,0.6733371019363403,0.23634707927703857,-0.697188138961792,0.06845489889383316,0.715610921382904,-0.13409440219402313,-0.6842187643051147,-0.041994836181402206,44.871129,-39.903497,233.807402,-45.465661
2026-08-05T11:50:13.716948,1785927013.716948,20.510091,0.6723674535751343,0.22970974445343018,-0.7009354829788208,0.06200968474149704,0.7104650139808655,-0.15131959319114685,-0.6860367655754089,-0.041169799864292145,45.781382,-40.113569,73.393888,-16.938148
2026-08-05T11:50:13.733319,1785927013.733320,20.526462,0.671737015247345,0.21805796027183533,-0.7059690356254578,0.05317745357751846,0.7058125138282776,-0.16670255362987518,-0.6874593496322632,-0.037919022142887115,45.831476,-39.336203,3.059873,47.483571
2026-08-05T11:50:13.736858,1785927013.736858,20.530000,0.6709773540496826,0.2125873565673828,-0.7086068391799927,0.0497259721159935,0.7020915150642395,-0.17953763902187347,-0.688331663608551,-0.03213680535554886,46.416489,-39.139422,165.322997,55.609778
2026-08-05T11:50:13.750385,1785927013.750386,20.543528,0.6704681515693665,0.2080579549074173,-0.7105803489685059,0.04754112288355827,0.698823094367981,-0.1910553276538849,-0.6888446807861328,-0.02523322030901909,46.997719,-38.935602,42.966090,15.066977
2026-08-05T11:50:13.801087,1785927013.801087,20.593266,0.6696328520774841,0.2057778537273407,-0.7120572328567505,0.04713721573352814,0.6951139569282532,-0.20272813737392426,-0.6894813776016235,-0.01824081689119339,47.915599,-39.074846,18.454430,-2.799573
2026-08-05T11:50:13.817729,1785927013.817730,20.610872,0.6687839031219482,0.20374351739883423,-0.7134538292884827,0.04690832644701004,0.6909614205360413,-0.21498553454875946,-0.6900895833969116,-0.011369593441486359,48.957242,-39.307546,59.163209,-13.216881
2026-08-05T11:50:13.834056,1785927013.834057,20.627199,0.6672753691673279,0.20246978104114532,-0.7152382731437683,0.04673362150788307,0.6867778897285461,-0.22752203047275543,-0.6903274655342102,-0.00414669094607234,50.148690,-39.600658,72.974488,-17.952723
2026-08-05T11:50:13.850234,1785927013.850234,20.643376,0.6660352349281311,0.2005259096622467,-0.7170125246047974,0.04560163989663124,0.68288654088974,-0.2396152764558792,-0.6900956630706787,0.00420025922358036,51.214843,-39.636793,65.903812,-2.233659
2026-08-05T11:50:13.854427,1785927013.854428,20.647570,0.6654694676399231,0.19733303785324097,-0.7186059951782227,0.04261123761534691,0.6790285706520081,-0.25146484375,-0.68956458568573,0.01362623181194067,52.114254,-39.317457,214.463011,76.145163
2026-08-05T11:50:13.866764,1785927013.866765,20.659907,0.6647354364395142,0.19448097050189972,-0.7202755212783813,0.03882347047328949,0.6748530268669128,-0.2634528577327728,-0.6889072060585022,0.023918408900499344,53.112975,-38.901345,80.953493,33.728865
2026-08-05T11:50:13.884057,1785927013.884057,20.677200,0.6641700863838196,0.19095371663570404,-0.7219953536987305,0.03372865915298462,0.6697559952735901,-0.27679434418678284,-0.6882128715515137,0.03426910936832428,54.248610,-38.430283,65.672092,27.240788
2026-08-05T11:50:13.900429,1785927013.900430,20.693572,0.6627344489097595,0.18606986105442047,-0.7248401641845703,0.02771086059510708,0.6631747484207153,-0.29235729575157166,-0.6876087784767151,0.04381853714585304,55.563180,-37.977733,80.291633,27.640993
2026-08-05T11:50:13.916994,1785927013.916994,20.710137,0.6600441932678223,0.1828194111585617,-0.7282699942588806,0.02326989360153675,0.6555190086364746,-0.30950069427490234,-0.686764657497406,0.05345882475376129,57.319537,-37.887023,106.030734,5.476111
2026-08-05T11:50:13.920484,1785927013.920484,20.713627,0.6589118242263794,0.17979833483695984,-0.7301387190818787,0.020128034055233,0.6472982168197632,-0.327104777097702,-0.6854625940322876,0.06440550833940506,59.203714,-37.917843,539.883159,-8.830862
2026-08-05T11:50:13.949593,1785927013.949593,20.742735,0.6593703031539917,0.17627452313899994,-0.7306680083274841,0.016810500994324684,0.638211727142334,-0.34513404965400696,-0.6838690638542175,0.07675126940011978,61.152905,-37.885598,66.962335,1.107739
2026-08-05T11:50:13.966119,1785927013.966120,20.759262,0.6591767072677612,0.1731652319431305,-0.7316625714302063,0.013028481043875217,0.6285363435745239,-0.36302006244659424,-0.681829035282135,0.09092269837856293,63.247918,-37.674356,126.765363,12.781825
2026-08-05T11:50:14.002379,1785927014.002380,20.795522,0.6588160395622253,0.17060832679271698,-0.7326236367225647,0.010815934278070927,0.6186493039131165,-0.3805076777935028,-0.6790076494216919,0.10693374276161194,65.450590,-37.458450,60.746413,5.954377
2026-08-05T11:50:14.004555,1785927014.004555,20.797698,0.6591600179672241,0.16908006370067596,-0.7326598167419434,0.011390142142772675,0.6082795858383179,-0.39759525656700134,-0.675690770149231,0.12391669303178787,67.763223,-37.502771,1063.117517,-20.374509
2026-08-05T11:50:14.016936,1785927014.016936,20.810079,0.6605557203292847,0.16738560795783997,-0.7317505478858948,0.013765565119683743,0.5959849953651428,-0.41513821482658386,-0.6727650165557861,0.14088602364063263,70.144358,-37.792234,192.320507,-23.379423
2026-08-05T11:50:14.036622,1785927014.036623,20.828467,0.6630485653877258,0.16870704293251038,-0.729071319103241,0.018965380266308784,0.5817826986312866,-0.43283605575561523,-0.6702014207839966,0.15814989805221558,72.904588,-38.710402,150.108188,-49.932291
2026-08-05T11:50:14.051062,1785927014.051062,20.843183,0.665717601776123,0.16909897327423096,-0.726391613483429,0.024103965610265732,0.567080557346344,-0.449327290058136,-0.6673070192337036,0.17670701444149017,75.531648,-39.361043,178.515465,-44.212732
2026-08-05T11:50:14.068494,1785927014.068494,20.861636,0.6673963069915771,0.1669665277004242,-0.7251947522163391,0.028232499957084656,0.5528910756111145,-0.4642009437084198,-0.663388729095459,0.19683454930782318,77.819782,-39.333875,123.995507,1.472276
2026-08-05T11:50:14.086156,1785927014.086157,20.879299,0.6691572070121765,0.16282398998737335,-0.7242935299873352,0.033408790826797485,0.5396477580070496,-0.47722646594047546,-0.6585397720336914,0.21762356162071228,79.712986,-38.966174,107.186188,20.817826
2026-08-05T11:50:14.134398,1785927014.134398,20.927540,0.6717103123664856,0.15842334926128387,-0.722602367401123,0.03941139578819275,0.5262916684150696,-0.4897085130214691,-0.6531316041946411,0.23795241117477417,81.552322,-38.724494,38.127945,5.009840
2026-08-05T11:50:14.138482,1785927014.138482,20.930471,0.6745782494544983,0.1561650186777115,-0.720003068447113,0.0463959202170372,0.5113962888717651,-0.5022130608558655,-0.6482229232788086,0.25702565908432007,83.648078,-38.968852,715.118537,-83.380275
2026-08-05T11:50:14.151222,1785927014.151223,20.944365,0.6779669523239136,0.15451548993587494,-0.716612696647644,0.054332613945007324,0.49429312348365784,-0.5148140788078308,-0.6439281105995178,0.2756747305393219,85.892507,-39.503450,161.538542,-38.476670
2026-08-05T11:50:14.154308,1785927014.154309,20.947451,0.6813143491744995,0.15347540378570557,-0.7129414677619934,0.06301087141036987,0.4769474267959595,-0.5265182852745056,-0.6391727924346924,0.29454562067985535,88.155552,-40.102857,733.361409,-194.243664
2026-08-05T11:50:14.168344,1785927014.168344,20.961487,0.6836711168289185,0.1514349728822708,-0.7102965116500854,0.07169482111930847,0.4607406556606293,-0.5375708341598511,-0.6326156854629517,0.31389838457107544,90.270128,-40.419703,150.654440,-22.573911
2026-08-05T11:50:14.184734,1785927014.184734,20.977876,0.688048243522644,0.14691923558712006,-0.7060597538948059,0.08052394539117813,0.44492870569229126,-0.5483763217926025,-0.6251985430717468,0.3323371112346649,92.143948,-40.853207,114.329726,-26.449963
2026-08-05T11:50:14.216908,1785927014.216909,21.010051,0.6949343085289001,0.14461836218833923,-0.6985851526260376,0.09017098695039749,0.4273599088191986,-0.5596269369125366,-0.6178330779075623,0.34994685649871826,94.434719,-42.179773,71.198143,-41.230225
2026-08-05T11:50:14.220548,1785927014.220549,21.013691,0.7020017504692078,0.14607541263103485,-0.6898241639137268,0.09999106824398041,0.4080592691898346,-0.5705415606498718,-0.6111211776733398,0.3667425811290741,97.193626,-44.155312,757.954860,-542.740057
2026-08-05T11:50:14.235166,1785927014.235166,21.028309,0.7108041048049927,0.14598973095417023,-0.6793735027313232,0.10907056927680969,0.38855794072151184,-0.5804073214530945,-0.6040378212928772,0.38378068804740906,99.866187,-46.181962,182.830675,-138.643721
2026-08-05T11:50:14.251384,1785927014.251384,21.043450,0.721017062664032,0.14123956859111786,-0.668419599533081,0.11576340347528458,0.3708370625972748,-0.5883784890174866,-0.5966331958770752,0.4003981351852417,101.983763,-47.665563,139.850407,-97.980943
2026-08-05T11:50:14.254370,1785927014.254370,21.047513,0.7281553149223328,0.1348360776901245,-0.6609086990356445,0.12169235944747925,0.3551720678806305,-0.594743549823761,-0.5888401865959167,0.4164125919342041,103.619959,-48.329074,402.764471,-163.329351
2026-08-05T11:50:14.333691,1785927014.333691,21.126084,0.7344307899475098,0.13218645751476288,-0.6528222560882568,0.13023582100868225,0.34056195616722107,-0.5999943017959595,-0.581471860408783,0.43117767572402954,105.317522,-49.545141,21.605313,-15.477189
2026-08-05T11:50:14.350862,1785927014.350863,21.144005,0.7434085607528687,0.1327594816684723,-0.6405701637268066,0.139243483543396,0.32523441314697266,-0.6049651503562927,-0.5748245120048523,0.4447648823261261,107.456837,-51.922149,119.376501,-132.640136
2026-08-05T11:50:14.369351,1785927014.369351,21.161582,0.7504648566246033,0.13560517132282257,-0.6297500729560852,0.14774495363235474,0.30830666422843933,-0.6095831394195557,-0.5696836709976196,0.456962913274765,109.803085,-54.427278,133.480906,-142.519779
2026-08-05T11:50:14.386155,1785927014.386156,21.179298,0.7528155446052551,0.1387273073196411,-0.6245326995849609,0.15486282110214233,0.29138651490211487,-0.6134451031684875,-0.5649901032447815,0.46857699751853943,111.932818,-55.920506,120.217272,-84.288428
2026-08-05T11:50:14.402150,1785927014.402150,21.194642,0.7540351748466492,0.14173524081707,-0.6204233169555664,0.16253310441970825,0.26463356614112854,-0.6179451942443848,-0.5536981225013733,0.49145767092704773,115.262811,-56.646303,217.027216,-47.302697
2026-08-05T11:50:14.419778,1785927014.419779,21.212921,0.7560670971870422,0.14484308660030365,-0.6153286099433899,0.1695694774389267,0.2532627582550049,-0.6193042397499084,-0.5480422377586365,0.5019652843475342,116.781158,-57.740259,83.063689,-59.846715
2026-08-05T11:50:14.436348,1785927014.436348,21.229491,0.7570582628250122,0.15058545768260956,-0.6106086373329163,0.17704224586486816,0.24059924483299255,-0.6204550862312317,-0.5444703698158264,0.5105867385864258,118.463070,-59.194047,101.507242,-87.739442
2026-08-05T11:50:14.450611,1785927014.450612,21.243754,0.7564551830291748,0.15568816661834717,-0.6079260110855103,0.18428951501846313,0.22604063153266907,-0.6213330626487732,-0.543438196182251,0.5172284245491028,120.007205,-60.389838,108.256804,-83.834949
2026-08-05T11:50:14.454603,1785927014.454603,21.247745,0.7564924359321594,0.15816199779510498,-0.6052408814430237,0.19075527787208557,0.2115764021873474,-0.6214397549629211,-0.5437276363372803,0.5228838324546814,121.240343,-61.318969,308.969852,-232.799216
2026-08-05T11:50:14.466641,1785927014.466642,21.259784,0.7574018239974976,0.15769407153129578,-0.6021955013275146,0.19706785678863525,0.20075656473636627,-0.6213541030883789,-0.5424476265907288,0.5285505056381226,121.989529,-61.918387,62.231473,-49.790912
2026-08-05T11:50:14.469386,1785927014.469387,21.262529,0.7575878500938416,0.1602010875940323,-0.5988008379936218,0.20453329384326935,0.1939573734998703,-0.6216259002685547,-0.5388617515563965,0.5344054102897644,122.716785,-62.736824,264.946709,-298.164713
2026-08-05T11:50:14.485519,1785927014.485519,21.277953,0.7572885155677795,0.16383622586727142,-0.5958949327468872,0.2111426293849945,0.1801457405090332,-0.62419193983078,-0.5315709114074707,0.5434734225273132,124.493069,-63.931029,115.160028,-77.422663
2026-08-05T11:50:14.502184,1785927014.502185,21.295327,0.7570804357528687,0.1653355211019516,-0.5942351222038269,0.21535596251487732,0.1718103587627411,-0.626021683216095,-0.5298105478286743,0.545782208442688,125.362513,-64.956107,50.044079,-59.002175
2026-08-05T11:50:14.553023,1785927014.553024,21.346166,0.7570626139640808,0.16554972529411316,-0.5932108163833618,0.21806101500988007,0.16646364331245422,-0.6274785995483398,-0.5280737280845642,0.5474468469619751,125.898384,-65.584610,10.540558,-12.362641
2026-08-05T11:50:14.555900,1785927014.555900,21.349042,0.7568275332450867,0.1657782346010208,-0.592656672000885,0.220199853181839,0.16623234748840332,-0.6285048127174377,-0.5254854559898376,0.5488285422325134,126.011466,-65.805429,39.311953,-76.765813
2026-08-05T11:50:14.572468,1785927014.572468,21.365610,0.7566813230514526,0.1657230257987976,-0.5924973487854004,0.2211698442697525,0.16930271685123444,-0.628985583782196,-0.5232289433479309,0.5494948625564575,125.816797,-65.715972,-11.749698,5.399363
2026-08-05T11:50:14.577521,1785927014.577522,21.370664,0.7570300698280334,0.16408710181713104,-0.5928871631622314,0.22014965116977692,0.17389778792858124,-0.6289753317832947,-0.522517204284668,0.548748254776001,125.349680,-65.342640,-92.434022,73.875685
2026-08-05T11:50:14.583774,1785927014.583775,21.376917,0.7573874592781067,0.16149090230464935,-0.5942877531051636,0.21704207360744476,0.17959459125995636,-0.6287643909454346,-0.5234146118164062,0.5462944507598877,124.694618,-64.735629,-104.759656,97.075156
2026-08-05T11:50:14.588202,1785927014.588202,21.381344,0.7579113245010376,0.15792889893054962,-0.5964747667312622,0.21177077293395996,0.18703410029411316,-0.6285006403923035,-0.5253254175186157,0.5422523021697998,123.843944,-63.927345,-192.136903,182.562616
2026-08-05T11:50:14.601825,1785927014.601825,21.394967,0.7578083872795105,0.15560777485370636,-0.599486231803894,0.2052536904811859,0.19539152085781097,-0.6282587051391602,-0.5281005501747131,0.5368635654449463,123.009004,-63.121371,-61.289051,59.162744
2026-08-05T11:50:14.605475,1785927014.605475,21.398618,0.7570410370826721,0.15403375029563904,-0.6033719778060913,0.19774958491325378,0.20393596589565277,-0.6276834011077881,-0.5319923162460327,0.5304781794548035,122.159116,-62.199620,-232.818763,252.504872
2026-08-05T11:50:14.633153,1785927014.633153,21.424520,0.756048321723938,0.1520841121673584,-0.6077853441238403,0.1893627643585205,0.21361641585826874,-0.6266925930976868,-0.5360360741615295,0.5237261056900024,121.165815,-61.029855,-38.347319,45.159896
2026-08-05T11:50:14.667192,1785927014.667192,21.460335,0.754672110080719,0.14914074540138245,-0.6129761338233948,0.1802428513765335,0.22564052045345306,-0.6252033710479736,-0.5394039750099182,0.5169622302055359,119.885921,-59.421991,-35.737195,44.894785
2026-08-05T11:50:14.682720,1785927014.682721,21.475318,0.7529205679893494,0.14588700234889984,-0.6186410784721375,0.17061947286128998,0.23850417137145996,-0.6233789920806885,-0.5432583093643188,0.5092976093292236,118.457746,-57.687284,-95.318569,115.776991
2026-08-05T11:50:14.692043,1785927014.692044,21.485186,0.7503981590270996,0.14254780113697052,-0.6248214840888977,0.16180512309074402,0.24976132810115814,-0.621470034122467,-0.5487483739852905,0.500268816947937,116.980019,-56.045817,-149.747220,166.339936
2026-08-05T11:50:14.700017,1785927014.700017,21.493160,0.7478934526443481,0.13998687267303467,-0.6303655505180359,0.15394319593906403,0.26063060760498047,-0.6193987727165222,-0.5548451542854309,0.4904724657535553,115.518703,-54.704966,-183.262189,168.154777
2026-08-05T11:50:14.733702,1785927014.733702,21.526845,0.7457615733146667,0.13986533880233765,-0.6349347233772278,0.14538003504276276,0.27404138445854187,-0.6165671348571777,-0.5594029426574707,0.48147064447402954,114.180969,-53.485180,-39.713375,36.211838
2026-08-05T11:50:14.749177,1785927014.749177,21.542320,0.7421020865440369,0.14243243634700775,-0.6407033205032349,0.1360030174255371,0.2903416156768799,-0.6126083135604858,-0.5619975924491882,0.47388920187950134,112.890711,-51.865537,-83.375461,104.660089
2026-08-05T11:50:14.767091,1785927014.767092,21.559397,0.7378756999969482,0.14466305077075958,-0.6470958590507507,0.12601244449615479,0.30765798687934875,-0.6078483462333679,-0.5642246007919312,0.4663870334625244,111.478739,-49.968861,-82.683980,111.067844
2026-08-05T11:50:14.769571,1785927014.769572,21.562714,0.7362342476844788,0.1451820582151413,-0.6504493951797485,0.11746182292699814,0.32444682717323303,-0.602719247341156,-0.5669069886207581,0.4583442807197571,109.948124,-48.626453,-461.362743,404.632946
2026-08-05T11:50:14.783928,1785927014.783929,21.575976,0.7356035113334656,0.1456633061170578,-0.6523168683052063,0.11023799329996109,0.3422146737575531,-0.5966328382492065,-0.5697044134140015,0.4498384892940521,108.246436,-47.538276,-128.317385,82.055031
2026-08-05T11:50:14.817169,1785927014.817170,21.609429,0.7329188585281372,0.14545796811580658,-0.6567532420158386,0.10172222554683685,0.3623040020465851,-0.5889670848846436,-0.5717307329177856,0.44156184792518616,106.221201,-45.631544,-60.539720,56.997355
2026-08-05T11:50:14.832867,1785927014.832868,21.626010,0.7288429141044617,0.14228135347366333,-0.6633836030960083,0.09201227873563766,0.38436630368232727,-0.57945716381073,-0.5730051398277283,0.43376967310905457,103.698695,-42.784412,-152.129638,171.707409
2026-08-05T11:50:14.852320,1785927014.852320,21.645462,0.7251713275909424,0.1366024762392044,-0.6699821352958679,0.08118170499801636,0.4059027433395386,-0.5691241025924683,-0.5746060609817505,0.4256383180618286,100.991533,-39.697963,-139.169005,158.667330
2026-08-05T11:50:14.855640,1785927014.855640,21.648783,0.7233896255493164,0.13246557116508484,-0.6738776564598083,0.0710599273443222,0.42478853464126587,-0.5592011213302612,-0.5778293013572693,0.4158862829208374,98.591904,-37.534417,-722.680501,651.580857
2026-08-05T11:50:14.871139,1785927014.871139,21.664282,0.7204232215881348,0.13322481513023376,-0.6776350140571594,0.06366050243377686,0.440804123878479,-0.5494053959846497,-0.5831067562103271,0.4047609567642212,96.593609,-36.188599,-128.931594,86.833302
2026-08-05T11:50:14.883813,1785927014.883814,21.676956,0.7150638699531555,0.13960127532482147,-0.6825165152549744,0.0580211877822876,0.45596304535865784,-0.5391120314598083,-0.5887343883514404,0.39350637793540955,95.024160,-35.273441,-123.826606,72.204203
2026-08-05T11:50:14.900378,1785927014.900379,21.693521,0.7114759087562561,0.14455467462539673,-0.6856511235237122,0.05280717462301254,0.47170284390449524,-0.5279541611671448,-0.5937418937683105,0.3824012577533722,93.279937,-34.467215,-105.295148,48.670207
2026-08-05T11:50:14.903060,1785927014.903061,21.695537,0.7101994156837463,0.14440113306045532,-0.6875854134559631,0.04462655261158943,0.4873902499675751,-0.5171002745628357,-0.5982022285461426,0.37042075395584106,91.255006,-33.372596,-1004.515490,543.012187
2026-08-05T11:50:14.932973,1785927014.932974,21.726116,0.7044429779052734,0.14811089634895325,-0.6932036280632019,0.03594457358121872,0.5028433203697205,-0.5063072443008423,-0.6032071113586426,0.3562891483306885,89.499717,-32.327657,-57.402066,34.171930
2026-08-05T11:50:14.967123,1785927014.967123,21.759920,0.6970499753952026,0.15697763860225677,-0.6989473700523376,0.030854331329464912,0.5189028382301331,-0.4939784109592438,-0.6082704067230225,0.34165993332862854,87.916037,-31.902314,-46.848626,12.582558
2026-08-05T11:50:14.984003,1785927014.984004,21.776101,0.6927844285964966,0.16496002674102783,-0.7014855146408081,0.027493039146065712,0.5368341207504272,-0.4785575866699219,-0.6124377846717834,0.32819345593452454,85.957423,-31.554227,-121.042346,21.511759
2026-08-05T11:50:14.999938,1785927014.999938,21.793081,0.6937640309333801,0.16776804625988007,-0.6999551653862,0.02465834654867649,0.5553354620933533,-0.460994690656662,-0.6160701513290405,0.3155049979686737,83.349176,-31.028229,-153.614118,30.978933
2026-08-05T11:50:15.003935,1785927015.003935,21.797077,0.6949657201766968,0.16798105835914612,-0.6988128423690796,0.02158229425549507,0.5705052614212036,-0.44490113854408264,-0.621519148349762,0.3004997670650482,80.619577,-30.576743,-682.978421,112.967454
2026-08-05T11:50:15.019707,1785927015.019707,21.812850,0.6921743154525757,0.16617697477340698,-0.7021474242210388,0.016397764906287193,0.5822716355323792,-0.4311956763267517,-0.6288032531738281,0.2821982800960541,77.932060,-29.869792,-170.391711,44.821472
2026-08-05T11:50:15.035800,1785927015.035800,21.828942,0.6886403560638428,0.16676634550094604,-0.7055602073669434,0.012176251038908958,0.5948695540428162,-0.4168681800365448,-0.6348091959953308,0.26337772607803345,75.397873,-29.481380,-157.475901,24.136175
2026-08-05T11:50:15.049471,1785927015.049471,21.842614,0.6882316470146179,0.17483676970005035,-0.7039881944656372,0.013042009435594082,0.6109655499458313,-0.3979465067386627,-0.6381157040596008,0.24732054769992828,73.095322,-29.953427,-168.421022,-34.528089
2026-08-05T11:50:15.053518,1785927015.053518,21.846660,0.6880952715873718,0.18489313125610352,-0.7014707326889038,0.016685355454683304,0.6277370452880859,-0.3763839304447174,-0.6404516696929932,0.2325987070798874,70.728029,-30.532544,-584.996385,-143.109228
2026-08-05T11:50:15.083077,1785927015.083077,21.876220,0.6877654194831848,0.18831872940063477,-0.7008659839630127,0.01737355999648571,0.6397146582603455,-0.3575499653816223,-0.6455167531967163,0.21501317620277405,68.049338,-30.621504,-90.621426,-3.009556
2026-08-05T11:50:15.117875,1785927015.117876,21.909709,0.6854689717292786,0.1897275745868683,-0.7026859521865845,0.019193347543478012,0.6477210521697998,-0.34240293502807617,-0.6525195837020874,0.19348223507404327,65.453293,-31.109010,-77.517733,-14.556895
2026-08-05T11:50:15.120921,1785927015.120921,21.913115,0.6861283183097839,0.1943245381116867,-0.7007508277893066,0.020351659506559372,0.6575614213943481,-0.325764924287796,-0.656918466091156,0.1730538159608841,63.200253,-31.896824,-661.528433,-231.314738
2026-08-05T11:50:15.137288,1785927015.137288,21.930431,0.6871442794799805,0.19611957669258118,-0.6991943717002869,0.02229529432952404,0.6708342432975769,-0.3037804961204529,-0.6583970785140991,0.15560059249401093,60.189002,-31.766964,-173.903675,7.499585
2026-08-05T11:50:15.150195,1785927015.150195,21.943337,0.6872384548187256,0.19585852324962616,-0.6991360187530518,0.023490265011787415,0.6830692887306213,-0.2797677516937256,-0.6600427627563477,0.13960383832454681,56.865688,-31.009943,-257.485682,58.652918
2026-08-05T11:50:15.184398,1785927015.184398,21.977540,0.6858444213867188,0.19972161948680878,-0.6992509961128235,0.027873488143086433,0.6922582387924194,-0.2573954463005066,-0.6629705429077148,0.12245643883943558,54.160369,-31.086291,-79.095843,-2.232203
2026-08-05T11:50:15.187476,1785927015.187476,21.980619,0.6881378889083862,0.20407359302043915,-0.6954876184463501,0.033427897840738297,0.6993359327316284,-0.2377089262008667,-0.666199803352356,0.1029600277543068,51.813810,-31.885298,-762.309757,-259.567447
2026-08-05T11:50:15.199378,1785927015.199378,21.992521,0.6921535730361938,0.2064926028251648,-0.6905359029769897,0.03800458833575249,0.7063426971435547,-0.21920403838157654,-0.6679410934448242,0.08296719938516617,49.532499,-32.616924,-191.673087,-61.470424
2026-08-05T11:50:15.203227,1785927015.203227,21.996369,0.6913418769836426,0.2096264809370041,-0.690304160118103,0.03979165479540825,0.7141826748847961,-0.19953663647174835,-0.6678819060325623,0.06372784823179245,47.448030,-32.892097,-541.657788,-71.504755
2026-08-05T11:50:15.232968,1785927015.232968,22.026110,0.687934935092926,0.21590225398540497,-0.6914794445037842,0.04458736628293991,0.7208932638168335,-0.18018312752246857,-0.6676685810089111,0.045440178364515305,45.933576,-33.595477,-50.920921,-23.649933
2026-08-05T11:50:15.301009,1785927015.301009,22.094152,0.6867280602455139,0.22090007364749908,-0.6906729936599731,0.050778817385435104,0.7259976863861084,-0.161701962351799,-0.6678037047386169,0.028587747365236282,44.503471,-34.296560,-21.018178,-10.303790
2026-08-05T11:50:15.318452,1785927015.318453,22.111595,0.6872316598892212,0.22622989118099213,-0.6880055069923401,0.05640352889895439,0.7299554347991943,-0.1436450332403183,-0.6680814623832703,0.014058373868465424,43.258463,-34.861696,-71.374118,-32.398237
2026-08-05T11:50:15.335278,1785927015.335278,22.128420,0.688139021396637,0.2321339249610901,-0.6849010586738586,0.05906993895769119,0.7337833046913147,-0.12518467009067535,-0.6677457094192505,0.0024119457229971886,42.067945,-34.998052,-70.758033,-8.104267
2026-08-05T11:50:15.349680,1785927015.349680,22.142823,0.6884816288948059,0.23886346817016602,-0.6820948719978333,0.06069818139076233,0.7373626232147217,-0.10694120824337006,-0.6669430136680603,-0.006796030793339014,41.016304,-34.950804,-73.018450,3.280561
2026-08-05T11:50:15.355758,1785927015.355759,22.147608,0.6882387399673462,0.24382387101650238,-0.680503785610199,0.06158115714788437,0.7405534982681274,-0.08897815644741058,-0.6659315228462219,-0.014070126228034496,39.800971,-34.546696,-253.997667,84.456141
2026-08-05T11:50:15.367536,1785927015.367536,22.159553,0.6879345178604126,0.2472204566001892,-0.6795304417610168,0.062181875109672546,0.7437787055969238,-0.0717635452747345,-0.6642641425132751,-0.019894937053322792,38.502971,-33.937389,-108.660222,51.007381
2026-08-05T11:50:15.383063,1785927015.383064,22.176206,0.6892854571342468,0.24895568192005157,-0.6774716377258301,0.06276112794876099,0.7465277314186096,-0.05641915649175644,-0.6624817848205566,-0.025110894814133644,37.202425,-33.287843,-78.096555,39.004551
2026-08-05T11:50:15.400081,1785927015.400082,22.193224,0.6897499561309814,0.2511129379272461,-0.6761879324913025,0.06290695816278458,0.7479540109634399,-0.045028191059827805,-0.6615108251571655,-0.03066251613199711,36.400379,-32.981390,-47.129037,18.007490
2026-08-05T11:50:15.403828,1785927015.403828,22.196970,0.687949001789093,0.2559767961502075,-0.6761298179626465,0.06364411115646362,0.7480664849281311,-0.0368698351085186,-0.6616085171699524,-0.036204513162374496,36.307800,-33.218267,-24.714028,-63.233908
2026-08-05T11:50:15.417463,1785927015.417463,22.210606,0.6872778534889221,0.258976012468338,-0.6757346391677856,0.06295637786388397,0.7481770515441895,-0.02977689728140831,-0.6616188883781433,-0.04005421698093414,36.001936,-33.136186,-22.431605,6.019706
2026-08-05T11:50:15.433303,1785927015.433303,22.226446,0.6870412230491638,0.2602004408836365,-0.6756472587585449,0.061407420784235,0.7488903999328613,-0.022430745884776115,-0.6610081195831299,-0.0415656752884388,35.371054,-32.638435,-39.828262,31.423529
2026-08-05T11:50:15.437378,1785927015.437378,22.230521,0.6865332722663879,0.260343462228775,-0.6761918067932129,0.06048230454325676,0.7495355010032654,-0.015659743919968605,-0.6604790091514587,-0.04145276919007301,34.658970,-32.015043,-174.742411,152.977762
2026-08-05T11:50:15.451021,1785927015.451022,22.244164,0.6867520213127136,0.2607739269733429,-0.6757674813270569,0.06088626757264137,0.749573826789856,-0.011260146275162697,-0.6605702042579651,-0.04073396697640419,34.218072,-31.655444,-32.316163,26.357278
2026-08-05T11:50:15.469571,1785927015.469571,22.262713,0.6872678399085999,0.26101070642471313,-0.6751601696014404,0.060788631439208984,0.7492125630378723,-0.009921718388795853,-0.6610561013221741,-0.03983335942029953,34.034229,-31.474332,-9.910955,9.763764
2026-08-05T11:50:15.484522,1785927015.484523,22.277665,0.6883025169372559,0.2598051130771637,-0.6746633052825928,0.05975399911403656,0.7489041686058044,-0.011049462482333183,-0.661469578742981,-0.0384473018348217,33.894379,-31.262084,-9.353570,14.195784
2026-08-05T11:50:15.499851,1785927015.499851,22.292994,0.6894540190696716,0.2566906809806824,-0.6748560070991516,0.0577283650636673,0.7484064102172852,-0.014265566132962704,-0.6620896458625793,-0.03634975105524063,33.707938,-30.920383,-12.162773,22.291274
2026-08-05T11:50:15.502511,1785927015.502512,22.295654,0.6905077695846558,0.25307855010032654,-0.6753196716308594,0.0556209534406662,0.7475651502609253,-0.01947014033794403,-0.6630423665046692,-0.033789608627557755,33.663836,-30.654122,-16.579457,100.096801
2026-08-05T11:50:15.533364,1785927015.533364,22.326506,0.6918674111366272,0.24925091862678528,-0.6755194067955017,0.0535460002720356,0.746716320514679,-0.02584102563560009,-0.6639257669448853,-0.030806688591837883,33.713358,-30.437828,1.605129,7.010578
2026-08-05T11:50:15.566534,1785927015.566535,22.359677,0.6931092143058777,0.24457386136054993,-0.6761149764060974,0.05149749666452408,0.7460160851478577,-0.03256256505846977,-0.6645658612251282,-0.02741093933582306,33.719263,-30.150728,0.178030,8.655283
2026-08-05T11:50:15.584953,1785927015.584954,22.376221,0.6939291954040527,0.23938293755054474,-0.6772356629371643,0.05010126531124115,0.7453064918518066,-0.03991711512207985,-0.6650994420051575,-0.023809682577848434,33.777416,-29.906982,3.514884,14.732703
2026-08-05T11:50:15.599816,1785927015.599817,22.392959,0.6952704191207886,0.2345292568206787,-0.6775897145271301,0.04967528581619263,0.7443526387214661,-0.048695798963308334,-0.6657130122184753,-0.019834544509649277,34.040678,-29.857409,15.728902,2.961781
2026-08-05T11:50:15.604373,1785927015.604373,22.397516,0.6972327828407288,0.230063796043396,-0.6770778298377991,0.050029803067445755,0.7431851029396057,-0.05875718221068382,-0.6663376092910767,-0.01473361998796463,34.476561,-29.926881,95.653685,-15.245519
2026-08-05T11:50:15.617562,1785927015.617562,22.410704,0.6989870071411133,0.22647824883460999,-0.676413357257843,0.050892870873212814,0.7415674924850464,-0.0707940086722374,-0.6670714616775513,-0.008982444182038307,35.244990,-30.233570,58.264622,-23.254105
2026-08-05T11:50:15.632531,1785927015.632532,22.425674,0.6989914774894714,0.2238805890083313,-0.6772410869598389,0.0513131320476532,0.7389259934425354,-0.0854942724108696,-0.6683316826820374,-0.0033413402270525694,36.458325,-30.814133,81.053316,-38.782817
2026-08-05T11:50:15.718255,1785927015.718256,22.511398,0.6972958445549011,0.2212035357952118,-0.6799266338348389,0.05047235265374184,0.7355021238327026,-0.10238710790872574,-0.6697352528572083,0.0027744658291339874,37.927205,-31.419666,17.134974,-7.063734
2026-08-05T11:50:15.734365,1785927015.734365,22.527508,0.6955079436302185,0.21915774047374725,-0.6825176477432251,0.049077633768320084,0.7315609455108643,-0.12017087638378143,-0.6710329055786133,0.00958220474421978,39.582586,-32.055333,102.758234,-39.459250
2026-08-05T11:50:15.737473,1785927015.738657,22.530616,0.6932600736618042,0.21709810197353363,-0.6855536699295044,0.04769793525338173,0.727085530757904,-0.13861866295337677,-0.6721842885017395,0.017293740063905716,41.346450,-32.663460,567.475874,-195.648437
2026-08-05T11:50:15.751780,1785927015.751780,22.544922,0.6914550065994263,0.21421466767787933,-0.6884067058563232,0.045809127390384674,0.7218541502952576,-0.15756756067276,-0.6733500957489014,0.026416027918457985,43.091223,-33.082392,121.956263,-29.282545
2026-08-05T11:50:15.766635,1785927015.766635,22.558774,0.6877112984657288,0.2083042562007904,-0.6942971348762512,0.0401761457324028,0.716094970703125,-0.17660579085350037,-0.6742475032806396,0.03752201423048973,44.568265,-32.722692,106.636649,25.968898
2026-08-05T11:50:15.802105,1785927015.802106,22.595248,0.6859825253486633,0.2057754397392273,-0.6969603896141052,0.036483284085989,0.7098324298858643,-0.19560538232326508,-0.674787700176239,0.050370730459690094,46.491628,-32.723848,52.731781,-0.031682
2026-08-05T11:50:15.818933,1785927015.818934,22.611397,0.6847348809242249,0.20331279933452606,-0.6991080045700073,0.03240881860256195,0.7030661702156067,-0.2148377001285553,-0.6748569011688232,0.06411102414131165,48.542271,-32.660959,126.980454,3.894236
2026-08-05T11:50:15.834199,1785927015.834200,22.627342,0.6837369203567505,0.20122341811656952,-0.7008183598518372,0.02943957969546318,0.6956427693367004,-0.23517124354839325,-0.6742561459541321,0.0784449502825737,50.848035,-32.780852,144.607716,-7.519156
2026-08-05T11:50:15.851193,1785927015.851193,22.644336,0.6815179586410522,0.19915008544921875,-0.7036880850791931,0.02637958899140358,0.6870964765548706,-0.2565348744392395,-0.6733580231666565,0.0931478813290596,53.374573,-32.908737,148.678604,-7.525668
2026-08-05T11:50:15.866790,1785927015.866791,22.659933,0.6795883178710938,0.19615614414215088,-0.7064964771270752,0.023354360833764076,0.6767237782478333,-0.279352605342865,-0.6726213097572327,0.107643261551857,56.032229,-33.088944,170.386353,-11.553345
2026-08-05T11:50:15.881668,1785927015.881668,22.674810,0.6795840263366699,0.1933649182319641,-0.7073338627815247,0.021318580955266953,0.6642252802848816,-0.3033597469329834,-0.6722968816757202,0.12162978202104568,58.880357,-33.595777,191.443985,-34.068006
2026-08-05T11:50:15.932138,1785927015.932138,22.725280,0.6793645620346069,0.19011300802230835,-0.7084969878196716,0.018785806372761726,0.6500765085220337,-0.32798224687576294,-0.671920120716095,0.13546490669250488,61.840408,-34.094319,58.649858,-9.878008
2026-08-05T11:50:15.948881,1785927015.948881,22.742023,0.6782639622688293,0.18779809772968292,-0.7102254629135132,0.016423802822828293,0.6350181698799133,-0.3522453308105469,-0.6709306836128235,0.15008758008480072,64.969091,-34.582851,186.863113,-29.177993
2026-08-05T11:50:15.965145,1785927015.965145,22.758287,0.6760479807853699,0.18616683781147003,-0.7128053903579712,0.014473233371973038,0.6195958852767944,-0.37520360946655273,-0.6690514087677002,0.1664109081029892,68.143147,-34.860856,195.158876,-17.093329
2026-08-05T11:50:15.982151,1785927015.982152,22.775294,0.6745251417160034,0.1846228390932083,-0.7146598100662231,0.013846587389707565,0.6040979623794556,-0.39662349224090576,-0.6662210822105408,0.18413087725639343,71.234636,-35.049053,181.783850,-11.066206
2026-08-05T11:50:15.999630,1785927015.999631,22.792773,0.6743989586830139,0.18336473405361176,-0.7150899767875671,0.014486351050436497,0.5575332641601562,-0.45233142375946045,-0.6545187830924988,0.2369760423898697,80.269412,-35.850130,516.887821,-45.830394
2026-08-05T11:50:16.017559,1785927016.017559,22.810702,0.6737534403800964,0.18120865523815155,-0.7162187099456787,0.015829050913453102,0.5234795212745667,-0.4849264323711395,-0.6458594799041748,0.2714412808418274,85.942337,-35.950309,316.417621,-5.587667
2026-08-05T11:50:16.033220,1785927016.033221,22.826363,0.6734568476676941,0.17790435254573822,-0.7172791361808777,0.017796818166971207,0.5071808099746704,-0.4988028109073639,-0.6406111121177673,0.28910204768180847,88.308427,-35.575713,151.077054,23.918351
2026-08-05T11:50:16.049735,1785927016.049736,22.842878,0.6733201742172241,0.17418159544467926,-0.7182425856590271,0.020698316395282745,0.49219802021980286,-0.5106608867645264,-0.6346702575683594,0.30685392022132874,90.396162,-35.019738,126.414393,33.664800
2026-08-05T11:50:16.066495,1785927016.066495,22.859637,0.6742037534713745,0.17255015671253204,-0.7176485061645508,0.025620777159929276,0.47767505049705505,-0.5212186574935913,-0.6286232471466064,0.32402142882347107,92.494719,-34.903383,125.216702,6.942674
2026-08-05T11:50:16.082779,1785927016.082779,22.875922,0.6813758611679077,0.16471025347709656,-0.7117937207221985,0.04412988945841789,0.4618455767631531,-0.5313596129417419,-0.62352055311203,0.33996590971946716,93.372821,-36.115505,53.923512,-74.435365
2026-08-05T11:50:16.099154,1785927016.099154,22.892297,0.6853494048118591,0.16228431463241577,-0.7079274654388428,0.052905600517988205,0.4449637234210968,-0.5412096381187439,-0.618868350982666,0.3551064133644104,95.242730,-36.840020,114.192419,-44.245006
2026-08-05T11:50:16.132021,1785927016.132021,22.925164,0.6895961165428162,0.15916921198368073,-0.7038415670394897,0.061071302741765976,0.4292266070842743,-0.5500950813293457,-0.6133877038955688,0.370019793510437,96.978536,-37.455252,52.813125,-18.718865
2026-08-05T11:50:16.149112,1785927016.149112,22.942255,0.6961849331855774,0.1551104187965393,-0.69747394323349,0.06926336139440536,0.4158933758735657,-0.5576227307319641,-0.6065181493759155,0.38499942421913147,98.502563,-38.226330,89.172330,-45.116528
2026-08-05T11:50:16.166576,1785927016.166576,22.958703,0.703669011592865,0.15208028256893158,-0.6895202994346619,0.07926782220602036,0.40361106395721436,-0.5641329288482666,-0.5996204614639282,0.39913251996040344,99.922713,-39.451876,86.339197,-74.508120
2026-08-05T11:50:16.182950,1785927016.182950,22.976093,0.710406482219696,0.15072588622570038,-0.6816333532333374,0.0893331840634346,0.39019253849983215,-0.5704466700553894,-0.5938891768455505,0.4118678867816925,101.482644,-40.963401,89.705177,-86.921527
2026-08-05T11:50:16.199723,1785927016.199723,22.992866,0.7291375994682312,0.1470799595117569,-0.6589181423187256,0.11203984171152115,0.3753267526626587,-0.576898992061615,-0.589422345161438,0.4229632019996643,102.696596,-45.698403,72.375407,-282.299294
2026-08-05T11:50:16.204967,1785927016.204967,22.998110,0.7344706058502197,0.1477353870868683,-0.651688277721405,0.1184472069144249,0.36034655570983887,-0.583138644695282,-0.5850487947463989,0.43337827920913696,104.659542,-47.422477,374.304073,-328.754635
2026-08-05T11:50:16.216153,1785927016.216153,23.009296,0.7389786839485168,0.1481681764125824,-0.6454091668128967,0.12411218881607056,0.34671324491500854,-0.5886168479919434,-0.580334484577179,0.443318635225296,106.464328,-48.915326,161.345011,-133.458346
2026-08-05T11:50:16.232850,1785927016.232851,23.025993,0.7419799566268921,0.14946192502975464,-0.6403926014900208,0.13047784566879272,0.33490806818008423,-0.5935916900634766,-0.5747061967849731,0.45298734307289124,108.122755,-50.272554,99.322404,-81.283729
2026-08-05T11:50:16.250104,1785927016.250104,23.043247,0.7440595030784607,0.15115751326084137,-0.636231541633606,0.13688182830810547,0.32389578223228455,-0.5982107520103455,-0.5694407224655151,0.4614890515804291,109.655097,-51.588324,88.812717,-76.260476
2026-08-05T11:50:16.253018,1785927016.253018,23.046160,0.7456679344177246,0.15221530199050903,-0.6328790783882141,0.1423870176076889,0.31034523248672485,-0.6031372547149658,-0.5669984817504883,0.467357873916626,111.196102,-53.038251,528.879849,-497.621735
2026-08-05T11:50:16.266133,1785927016.266134,23.059276,0.7482795119285583,0.1529809534549713,-0.6286986470222473,0.14633089303970337,0.29444587230682373,-0.6082844138145447,-0.5669984221458435,0.47096043825149536,112.900717,-54.900843,129.965738,-142.010371
2026-08-05T11:50:16.282478,1785927016.282478,23.074815,0.7511265277862549,0.1536000669002533,-0.6244457364082336,0.14927661418914795,0.2809184491634369,-0.6128585338592529,-0.5661531090736389,0.4742985665798187,114.468728,-56.668081,100.911663,-113.733192
2026-08-05T11:50:16.299531,1785927016.299531,23.092674,0.7525627613067627,0.15499019622802734,-0.6215454936027527,0.15267160534858704,0.27394649386405945,-0.6159681081771851,-0.5619780421257019,0.4792878031730652,115.561360,-57.732711,61.181097,-59.613178
2026-08-05T11:50:16.316241,1785927016.316242,23.109384,0.7547122240066528,0.1538606882095337,-0.6184509992599487,0.15573981404304504,0.27107909321784973,-0.6176355481147766,-0.5565581321716309,0.4850616455078125,116.083070,-58.188424,31.220869,-27.271356
2026-08-05T11:50:16.332825,1785927016.332825,23.125968,0.7584035992622375,0.15168096125125885,-0.613660454750061,0.1588638424873352,0.2676175534725189,-0.619146466255188,-0.5518449544906616,0.49041303992271423,116.582188,-58.918091,30.097394,-43.999780
2026-08-05T11:50:16.349625,1785927016.349626,23.142768,0.7612402439117432,0.15045519173145294,-0.6096197962760925,0.16198818385601044,0.2613953649997711,-0.6208497285842896,-0.5492590665817261,0.494501531124115,117.266067,-59.824644,40.705530,-53.959386
2026-08-05T11:50:16.366315,1785927016.366316,23.159458,0.7621353268623352,0.15053026378154755,-0.6078953146934509,0.16417576372623444,0.25362980365753174,-0.6227754354476929,-0.547118604183197,0.498480886220932,118.140973,-60.478622,52.421635,-39.184370
2026-08-05T11:50:16.383056,1785927016.383056,23.176199,0.7636733055114746,0.14924734830856323,-0.606054425239563,0.16500438749790192,0.24918118119239807,-0.6244030594825745,-0.5429553389549255,0.5032182335853577,118.779378,-60.782974,38.134661,-18.180226
2026-08-05T11:50:16.399681,1785927016.399682,23.192824,0.7664391398429871,0.14660945534706116,-0.6029735207557678,0.16583091020584106,0.2466088980436325,-0.6260843276977539,-0.5374433398246765,0.5082876682281494,119.260958,-61.142112,28.966534,-21.601786
2026-08-05T11:50:16.404257,1785927016.404257,23.197400,0.7686634659767151,0.14471933245658875,-0.6000632643699646,0.1677408069372177,0.24227602779865265,-0.6280943155288696,-0.5325788855552673,0.5129899978637695,119.872681,-61.723260,133.695516,-127.013325
2026-08-05T11:50:16.415917,1785927016.415917,23.209059,0.7701241970062256,0.1444392204284668,-0.597215473651886,0.17140524089336395,0.23505152761936188,-0.6302302479743958,-0.5287757515907288,0.5176445245742798,120.725220,-62.621938,73.117458,-77.074485
2026-08-05T11:50:16.432736,1785927016.432737,23.225879,0.7702715992927551,0.1473565697669983,-0.5949167609214783,0.17618785798549652,0.22769689559936523,-0.6320128440856934,-0.5245814323425293,0.5229986906051636,121.780304,-63.604181,62.729033,-58.398287
2026-08-05T11:50:16.449750,1785927016.449750,23.242892,0.7700939178466797,0.15015138685703278,-0.5934687256813049,0.17945732176303864,0.2217922955751419,-0.6333683133125305,-0.5197554230690002,0.5286834836006165,122.755256,-64.212796,57.306023,-35.773409
2026-08-05T11:50:16.466401,1785927016.466402,23.259544,0.7706140875816345,0.15059272944927216,-0.59239262342453,0.1804077923297882,0.21786966919898987,-0.6343922019004822,-0.5148325562477112,0.5338780879974365,123.456044,-64.403042,42.085245,-11.425064
2026-08-05T11:50:16.499581,1785927016.499582,23.292724,0.7717455625534058,0.14987659454345703,-0.5911662578582764,0.1801891177892685,0.21613313257694244,-0.6349754929542542,-0.5107749700546265,0.537773847579956,123.868307,-64.447855,12.424975,-1.350579
2026-08-05T11:50:16.517221,1785927016.517222,23.310364,0.7729052901268005,0.14706334471702576,-0.5905756950378418,0.17947137355804443,0.21582524478435516,-0.6353934407234192,-0.507915735244751,0.540107011795044,123.896869,-64.204197,1.619101,13.812737
2026-08-05T11:50:16.533167,1785927016.533168,23.326310,0.774143636226654,0.14375929534435272,-0.5901350378990173,0.17825746536254883,0.2159058153629303,-0.6357032656669617,-0.5067118406295776,0.5408405661582947,123.776699,-63.980305,-7.536075,14.040712
2026-08-05T11:50:16.549304,1785927016.549304,23.342447,0.7744263410568237,0.14198587834835052,-0.5905292630195618,0.17714150249958038,0.21584346890449524,-0.6360892653465271,-0.5067025423049927,0.5404199957847595,123.698527,-63.836784,-4.844386,8.894060
2026-08-05T11:50:16.554266,1785927016.554267,23.347409,0.7743027210235596,0.14127713441848755,-0.5913857817649841,0.17538274824619293,0.21691274642944336,-0.636505663394928,-0.5066806077957153,0.5395216941833496,123.632731,-63.679304,-13.258687,31.734388
2026-08-05T11:50:16.582638,1785927016.582639,23.374872,0.7734897136688232,0.1414654403924942,-0.5931710600852966,0.17276981472969055,0.22027552127838135,-0.636587917804718,-0.5061491131782532,0.5385599136352539,123.462785,-63.231699,-6.188220,16.298500
2026-08-05T11:50:16.600017,1785927016.600017,23.393160,0.7724839448928833,0.14134126901626587,-0.5956224799156189,0.16889424622058868,0.22530469298362732,-0.6361308693885803,-0.506209135055542,0.5369608998298645,123.107782,-62.477191,-19.412414,41.258292
2026-08-05T11:50:16.616078,1785927016.616078,23.409221,0.7717220187187195,0.1394520103931427,-0.5985501408576965,0.16351252794265747,0.230454683303833,-0.6351843476295471,-0.5080589652061462,0.5341411232948303,122.536843,-61.446535,-35.548000,64.171116
2026-08-05T11:50:16.632213,1785927016.632213,23.425356,0.7704993486404419,0.13783738017082214,-0.6021717190742493,0.15722860395908356,0.23582172393798828,-0.6339114904403687,-0.5115240812301636,0.5299872756004333,121.886128,-60.319742,-40.329445,69.835411
2026-08-05T11:50:16.649066,1785927016.649066,23.441454,0.7682845592498779,0.13830368220806122,-0.6068010926246643,0.1496780812740326,0.24250808358192444,-0.6326841115951538,-0.5156511068344116,0.5244081616401672,121.292169,-59.220765,-36.895876,68.266835
2026-08-05T11:50:16.666182,1785927016.666183,23.459325,0.7656714916229248,0.13986362516880035,-0.6120964884757996,0.13972607254981995,0.2514355778694153,-0.6313151717185974,-0.5201776027679443,0.5173354148864746,120.673255,-58.042607,-34.632459,65.926002
2026-08-05T11:50:16.682829,1785927016.682829,23.475972,0.7619315385818481,0.13746725022792816,-0.6197183728218079,0.12849968671798706,0.26306891441345215,-0.6295862793922424,-0.5248385667800903,0.5088806748390198,119.398844,-55.942842,-76.555650,126.135789
2026-08-05T11:50:16.692295,1785927016.692295,23.485437,0.7579044103622437,0.13071569800376892,-0.6279968619346619,0.11880365759134293,0.27693745493888855,-0.6269164681434631,-0.5300717949867249,0.4993039071559906,117.315766,-53.250341,-220.066024,284.448328
2026-08-05T11:50:16.716075,1785927016.716076,23.509218,0.7557597756385803,0.12708714604377747,-0.6328718662261963,0.11022485792636871,0.2905752658843994,-0.6234390735626221,-0.5371198058128357,0.48825347423553467,115.431528,-51.616881,-79.234306,68.688841
2026-08-05T11:50:16.733350,1785927016.733350,23.526492,0.7532316446304321,0.12592588365077972,-0.6375170946121216,0.10176807641983032,0.30233773589134216,-0.6198133826255798,-0.5460116863250732,0.4757031500339508,113.788880,-50.437555,-95.091585,68.270243
2026-08-05T11:50:16.765747,1785927016.765748,23.558890,0.749256432056427,0.12313304841518402,-0.6439476013183594,0.09372656047344208,0.3139955997467041,-0.6157469749450684,-0.5551197528839111,0.4627135694026947,111.849514,-48.787626,-59.861152,50.927262
2026-08-05T11:50:16.782994,1785927016.782995,23.576137,0.7467014193534851,0.12242008000612259,-0.6480785608291626,0.08628177642822266,0.32779937982559204,-0.6103484034538269,-0.5627537965774536,0.45092102885246277,109.987679,-47.463522,-107.951457,76.773189
2026-08-05T11:50:16.799443,1785927016.799444,23.592586,0.7425683736801147,0.12485922873020172,-0.6531504988670349,0.07998105138540268,0.3446110785007477,-0.6034166216850281,-0.5684641599655151,0.4404309093952179,108.100699,-45.951460,-114.717170,91.924373
2026-08-05T11:50:16.816004,1785927016.816005,23.609147,0.7338650822639465,0.13125811517238617,-0.662253201007843,0.07506219297647476,0.3602084517478943,-0.5960544943809509,-0.5750867128372192,0.4292360246181488,106.377626,-44.250312,-104.045318,102.721424
2026-08-05T11:50:16.832795,1785927016.832795,23.625937,0.7258345484733582,0.13744720816612244,-0.6703975200653076,0.06956908106803894,0.3701552748680115,-0.5898658037185669,-0.5847942233085632,0.4160028398036957,105.025947,-43.177797,-80.503156,63.876717
2026-08-05T11:50:16.838010,1785927016.838011,23.631153,0.7205967903137207,0.13901302218437195,-0.6765057444572449,0.06128440797328949,0.37735211849212646,-0.5846590399742126,-0.5954587459564209,0.401506245136261,103.647726,-42.221589,-264.235304,183.326146
2026-08-05T11:50:16.848978,1785927016.848978,23.642121,0.7155964970588684,0.13973478972911835,-0.6823955774307251,0.0522712878882885,0.3888811469078064,-0.5775870084762573,-0.6032217741012573,0.38895702362060547,101.967572,-40.743096,-153.193983,134.806831
2026-08-05T11:50:16.866067,1785927016.866067,23.659210,0.709630012512207,0.14401775598526,-0.6881206631660461,0.046629056334495544,0.4082429111003876,-0.5671414136886597,-0.6061320304870605,0.37985727190971375,99.994028,-39.078138,-115.485384,97.427902
2026-08-05T11:50:16.882713,1785927016.882713,23.675855,0.7037529349327087,0.15042176842689514,-0.6929272413253784,0.044240985065698624,0.4298786520957947,-0.5547220706939697,-0.6084257960319519,0.37054720520973206,97.845747,-37.837255,-129.059416,74.546897
2026-08-05T11:50:16.915926,1785927016.915926,23.709069,0.6998515725135803,0.1543635129928589,-0.6962249875068665,0.04062899574637413,0.4420793354511261,-0.5450943112373352,-0.6168562769889832,0.3562665283679962,95.990403,-37.436465,-55.861769,12.067211
2026-08-05T11:50:16.933003,1785927016.933003,23.726146,0.6956004500389099,0.16095812618732452,-0.6991979479789734,0.036808665841817856,0.44346854090690613,-0.5405881404876709,-0.6306564807891846,0.3367070257663727,95.120807,-38.431418,-50.921441,-58.262014
2026-08-05T11:50:16.948993,1785927016.948993,23.742136,0.6904246211051941,0.16931761801242828,-0.7025406360626221,0.03289729356765747,0.44576117396354675,-0.5364367365837097,-0.6426639556884766,0.3170410692691803,94.490164,-39.576997,-39.440386,-71.644467
2026-08-05T11:50:16.965517,1785927016.965518,23.758660,0.6866627931594849,0.17573660612106323,-0.7048327922821045,0.028666751459240913,0.4588521718978882,-0.5279484391212463,-0.6479997634887695,0.3013642430305481,93.108453,-39.857769,-83.615607,-16.991207
2026-08-05T11:50:16.981961,1785927016.981961,23.775104,0.6840128302574158,0.18196894228458405,-0.7058823704719543,0.0272758100181818,0.4807981848716736,-0.5136081576347351,-0.6494079828262329,0.2886320948600769,90.874521,-39.622246,-135.853106,14.322989
2026-08-05T11:50:16.985366,1785927016.985367,23.777903,0.6825891733169556,0.18087279796600342,-0.707624077796936,0.02500811032950878,0.502510666847229,-0.4966590702533722,-0.6517932415008545,0.2756402790546417,87.677115,-38.396297,-1142.422015,438.027145
2026-08-05T11:50:16.998670,1785927016.998670,23.791813,0.6822359561920166,0.17481517791748047,-0.7097177505493164,0.017163529992103577,0.5176110863685608,-0.4814324378967285,-0.6583169102668762,0.2586883306503296,84.429672,-36.836939,-233.460137,112.102939
2026-08-05T11:50:17.015969,1785927017.015969,23.809111,0.6809410452842712,0.18214085698127747,-0.7091972231864929,0.013539920561015606,0.5266657471656799,-0.469184011220932,-0.6677478551864624,0.23791100084781647,82.826655,-37.657946,-92.666923,-47.460612
2026-08-05T11:50:17.032620,1785927017.032621,23.825763,0.6788275837898254,0.19315576553344727,-0.7082554697990417,0.01607436127960682,0.5366561412811279,-0.4570958912372589,-0.6756294965744019,0.2158416360616684,81.424611,-39.471760,-84.197383,-108.925525
2026-08-05T11:50:17.049719,1785927017.049720,23.842862,0.6768307089805603,0.19201667606830597,-0.7104151248931885,0.01844429038465023,0.5521355271339417,-0.4412440061569214,-0.6796520352363586,0.1962721049785614,78.311675,-39.416132,-182.054722,3.253296
2026-08-05T11:50:17.065854,1785927017.065854,23.858997,0.6739215850830078,0.19422797858715057,-0.7125263214111328,0.020289266481995583,0.5711660385131836,-0.4211732745170593,-0.6810380220413208,0.18046878278255463,75.247482,-38.939351,-189.915583,29.550394
2026-08-05T11:50:17.082645,1785927017.082645,23.875788,0.675753653049469,0.20784994959831238,-0.7067426443099976,0.025891130790114403,0.5859121680259705,-0.40221574902534485,-0.6839663982391357,0.1646769791841507,73.742858,-40.471685,-89.608401,-91.258665
2026-08-05T11:50:17.132745,1785927017.132745,23.925888,0.6830084323883057,0.2180258333683014,-0.6964876651763916,0.029484540224075317,0.5941293835639954,-0.3882201611995697,-0.6889508366584778,0.1471104770898819,72.714415,-42.421826,-20.527858,-38.925098
2026-08-05T11:50:17.137989,1785927017.137989,23.931132,0.6806920170783997,0.21995778381824493,-0.6982366442680359,0.027250276878476143,0.6022142171859741,-0.37467285990715027,-0.6929808259010315,0.1293645054101944,70.844993,-42.397130,-356.486763,4.709371
2026-08-05T11:50:17.141289,1785927017.141289,23.933568,0.6743369698524475,0.21519263088703156,-0.7059465646743774,0.024519342929124832,0.6142222285270691,-0.35747548937797546,-0.6942086815834045,0.11408869177103043,67.774072,-40.920056,-1260.680627,606.371691
2026-08-05T11:50:17.165736,1785927017.165736,23.957887,0.6747332215309143,0.21391446888446808,-0.7060375809669495,0.02205793745815754,0.6279865503311157,-0.3373725414276123,-0.6939202547073364,0.10142207890748978,64.928642,-39.829557,-117.003578,44.841099
2026-08-05T11:50:17.182383,1785927017.182383,23.975525,0.6796876788139343,0.22014430165290833,-0.6992799043655396,0.0238485224545002,0.6388205885887146,-0.31943279504776,-0.6942518353462219,0.08879479020833969,63.255838,-40.273274,-94.837265,-25.155893
2026-08-05T11:50:17.199293,1785927017.199293,23.992436,0.6823853254318237,0.22715339064598083,-0.6942771077156067,0.027037905529141426,0.6452187299728394,-0.30596616864204407,-0.6960460543632507,0.07481098175048828,62.246291,-41.253876,-59.700032,-57.988412
2026-08-05T11:50:17.283197,1785927017.283198,24.076340,0.6807821393013,0.23313120007514954,-0.6937997341156006,0.028766725212335587,0.6507369875907898,-0.29341381788253784,-0.6976580619812012,0.06100764125585556,61.277722,-41.875172,-11.543742,-7.404815
2026-08-05T11:50:17.289731,1785927017.289731,24.082874,0.6809816956520081,0.2345874309539795,-0.693121075630188,0.028565429151058197,0.6578105092048645,-0.2790537476539612,-0.697864830493927,0.04897371307015419,59.638511,-41.688277,-250.888613,28.605130
2026-08-05T11:50:17.298779,1785927017.298780,24.091922,0.6831570267677307,0.23466511070728302,-0.6909404993057251,0.028813308104872704,0.666045069694519,-0.2635760009288788,-0.69676673412323,0.03777724504470825,57.750238,-41.336546,-208.678859,38.870842
2026-08-05T11:50:17.315375,1785927017.315375,24.108517,0.6843929886817932,0.2367604523897171,-0.6888972520828247,0.03116759844124317,0.6743886470794678,-0.2475980520248413,-0.6951114535331726,0.02672537788748741,56.080116,-41.270772,-100.639347,3.963499
2026-08-05T11:50:17.332366,1785927017.332366,24.125508,0.685256838798523,0.24050207436084747,-0.6865490078926086,0.03510582447052002,0.7023990750312805,-0.18409019708633423,-0.6873875260353088,-0.015619467943906784,49.422293,-39.921129,-391.846350,79.433232
2026-08-05T11:50:17.349229,1785927017.349230,24.142372,0.6853126287460327,0.24520133435726166,-0.6846522688865662,0.038397304713726044,0.7088456749916077,-0.16753609478473663,-0.6847769618034363,-0.0234355628490448,48.255776,-39.865932,-69.172787,3.273141
2026-08-05T11:50:17.365545,1785927017.365546,24.158688,0.6851359605789185,0.24969495832920074,-0.6830360293388367,0.04126682132482529,0.7148140668869019,-0.15018127858638763,-0.6823439598083496,-0.02987257018685341,46.994726,-39.574982,-77.290566,17.832500
2026-08-05T11:50:17.380559,1785927017.380560,24.173702,0.6856998205184937,0.2539861798286438,-0.6807116270065308,0.04403030499815941,0.7205002903938293,-0.13165882229804993,-0.6799540519714355,-0.034742530435323715,45.580068,-39.043193,-94.220045,35.418575
2026-08-05T11:50:17.399266,1785927017.399267,24.192409,0.6868774890899658,0.25677332282066345,-0.6783331632614136,0.046163298189640045,0.7259567379951477,-0.11318208277225494,-0.6772585511207581,-0.038688357919454575,43.994325,-38.264446,-84.768273,41.629082
2026-08-05T11:50:17.416580,1785927017.416581,24.209723,0.6872195601463318,0.26063913106918335,-0.6763696074485779,0.04817604646086693,0.7305806279182434,-0.09609683603048325,-0.6746801137924194,-0.04270002245903015,42.723575,-37.688410,-73.394541,33.270026
2026-08-05T11:50:17.432954,1785927017.432954,24.226097,0.6889634132385254,0.26522818207740784,-0.6727640628814697,0.04870486631989479,0.7340955138206482,-0.08055470883846283,-0.6726205945014954,-0.046855628490448,41.662225,-37.194072,-64.820653,30.191100
2026-08-05T11:50:17.437049,1785927017.437049,24.230191,0.6887468695640564,0.26760563254356384,-0.6720669269561768,0.04838552325963974,0.7368507385253906,-0.06614633649587631,-0.6709288954734802,-0.05029236152768135,40.471135,-36.456905,-290.875965,180.023529
2026-08-05T11:50:17.448359,1785927017.448359,24.241502,0.6886489391326904,0.2710894048213959,-0.6706777215003967,0.049645956605672836,0.7388830184936523,-0.05366611108183861,-0.6696022748947144,-0.052950549870729446,39.647061,-36.038658,-72.861761,36.979924
2026-08-05T11:50:17.482876,1785927017.482877,24.276019,0.6882941722869873,0.27506065368652344,-0.6692933440208435,0.05137334018945694,0.7400310039520264,-0.045321665704250336,-0.6686981916427612,-0.056053631007671356,39.366600,-36.075226,-8.125185,-1.059386
2026-08-05T11:50:17.499439,1785927017.499439,24.292582,0.6874321103096008,0.2776956260204315,-0.6691224575042725,0.05096428468823433,0.7401247620582581,-0.04037898778915405,-0.6686103343963623,-0.059534672647714615,39.246637,-36.126493,-7.242924,-3.095351
2026-08-05T11:50:17.515216,1785927017.515217,24.308359,0.6870957612991333,0.27741387486457825,-0.669833242893219,0.047588057816028595,0.739967942237854,-0.0364060252904892,-0.6688087582588196,-0.06177420914173126,38.745611,-35.667310,-31.756062,29.103936
2026-08-05T11:50:17.529977,1785927017.531602,24.323120,0.6867801547050476,0.27647313475608826,-0.6707571148872375,0.044503603130578995,0.7400819659233093,-0.03261483460664749,-0.6688637137413025,-0.06192948669195175,38.130937,-35.034764,-41.643190,42.854024
2026-08-05T11:50:17.534521,1785927017.534522,24.327664,0.6874853372573853,0.2749723196029663,-0.6707837581634521,0.04246699437499046,0.7400560975074768,-0.031217195093631744,-0.6690351366996765,-0.06110260263085365,37.696596,-34.554880,-95.575220,105.596669
2026-08-05T11:50:17.546504,1785927017.546504,24.339647,0.6885588765144348,0.27314987778663635,-0.6704853773117065,0.04153873026371002,0.7391178011894226,-0.03472113609313965,-0.6699322462081909,-0.06073693931102753,37.795073,-34.563767,8.218483,-0.741652
2026-08-05T11:50:17.549609,1785927017.549610,24.342752,0.6880890130996704,0.2718065083026886,-0.6714904308319092,0.04190126061439514,0.7371194958686829,-0.04352375119924545,-0.6716164350509644,-0.06075066328048706,38.595934,-35.182599,257.892854,-199.276204
2026-08-05T11:50:17.564556,1785927017.564556,24.357699,0.6867169141769409,0.2699207067489624,-0.6736483573913574,0.04196205362677574,0.7343077063560486,-0.05594363808631897,-0.6738235354423523,-0.06019490584731102,39.709816,-35.982648,74.523636,-53.526747
2026-08-05T11:50:17.582722,1785927017.582723,24.375865,0.6853112578392029,0.26767128705978394,-0.6760312914848328,0.04101622477173805,0.7310623526573181,-0.06947742402553558,-0.67626953125,-0.05813080817461014,40.825741,-36.642318,61.428260,-36.312849
2026-08-05T11:50:17.587422,1785927017.587422,24.380564,0.683112382888794,0.2657913863658905,-0.6791234612464905,0.038779351860284805,0.7280099987983704,-0.08194365352392197,-0.6784920692443848,-0.054167941212654114,41.797440,-36.998979,206.767885,-75.894004
2026-08-05T11:50:17.598662,1785927017.598662,24.391804,0.6840850710868835,0.2606872320175171,-0.6802567839622498,0.03634243831038475,0.7255848050117493,-0.09273204952478409,-0.6801315546035767,-0.048450399190187454,42.156112,-36.785139,31.910277,19.024936
2026-08-05T11:50:17.632542,1785927017.632542,24.425685,0.684293270111084,0.2558983266353607,-0.6818852424621582,0.03593629598617554,0.72308349609375,-0.10418100655078888,-0.681557297706604,-0.042133063077926636,42.700717,-36.769292,16.074419,0.467722
2026-08-05T11:50:17.649166,1785927017.649166,24.442308,0.6844490170478821,0.24938246607780457,-0.6841853260993958,0.03504958376288414,0.7192532420158386,-0.11918573826551437,-0.6834653615951538,-0.03665487468242645,43.471398,-36.908281,46.360295,-8.360863
2026-08-05T11:50:17.665933,1785927017.665933,24.459076,0.6859662532806396,0.24400514364242554,-0.6846123337745667,0.034901972860097885,0.7138636112213135,-0.13824014365673065,-0.6857695579528809,-0.031741268932819366,44.863782,-37.601205,83.041813,-41.326009
2026-08-05T11:50:17.699146,1785927017.699146,24.492289,0.6857895851135254,0.24088874459266663,-0.6858716011047363,0.03529734164476395,0.707644522190094,-0.15918439626693726,-0.687910795211792,-0.026027483865618706,46.772629,-38.637505,57.473065,-31.201727
2026-08-05T11:50:17.715794,1785927017.715794,24.508937,0.6840696334838867,0.2381708323955536,-0.6885722875595093,0.034522294998168945,0.7012844085693359,-0.17914174497127533,-0.6897585988044739,-0.0184488408267498,48.608370,-39.374101,110.267591,-44.245143
2026-08-05T11:50:17.732555,1785927017.732556,24.525698,0.6829809546470642,0.23416899144649506,-0.6910932064056396,0.03305154666304588,0.6952397227287292,-0.1969587355852127,-0.6912078261375427,-0.008937453851103783,50.054216,-39.614103,86.259747,-14.318655
2026-08-05T11:50:17.737776,1785927017.737777,24.530919,0.6839764714241028,0.22846537828445435,-0.6920791268348694,0.03172275424003601,0.6895284652709961,-0.21266646683216095,-0.692328929901123,0.0017605721950531006,51.092628,-39.477535,198.886507,26.156825
2026-08-05T11:50:17.747980,1785927017.748975,24.541123,0.6840705275535583,0.22191280126571655,-0.6942072510719299,0.029640203341841698,0.6836210489273071,-0.22763019800186157,-0.6933127045631409,0.012768223881721497,51.995136,-39.092805,88.452000,37.706219
2026-08-05T11:50:17.764484,1785927017.765487,24.557627,0.6849969029426575,0.21418888866901398,-0.6958698630332947,0.02583889104425907,0.6765570044517517,-0.24384720623493195,-0.6944531202316284,0.023308198899030685,52.967310,-38.625540,58.904313,28.311725
2026-08-05T11:50:17.782622,1785927017.782623,24.575417,0.6851378679275513,0.2089722454547882,-0.6974519491195679,0.021856652572751045,0.6674570441246033,-0.2627103626728058,-0.6960141658782959,0.03236541524529457,54.618006,-38.708877,92.789952,-4.684583
2026-08-05T11:50:17.799167,1785927017.799167,24.592309,0.6825716495513916,0.20805449783802032,-0.7003277540206909,0.01872299797832966,0.657245934009552,-0.28256845474243164,-0.69748455286026,0.04119459167122841,56.939892,-39.292967,137.449316,-34.576534
2026-08-05T11:50:17.815615,1785927017.815616,24.608758,0.6785818338394165,0.20934222638607025,-0.7038699984550476,0.016422344371676445,0.6478211879730225,-0.30114099383354187,-0.6978501081466675,0.05143977701663971,59.407509,-39.892147,150.018608,-36.427083
2026-08-05T11:50:17.832369,1785927017.832369,24.625511,0.6740458011627197,0.2099486142396927,-0.7080726027488708,0.014736947603523731,0.6388565301895142,-0.3182299733161926,-0.6975749731063843,0.06309032440185547,61.664762,-40.200892,134.733731,-18.428790
2026-08-05T11:50:17.849108,1785927017.849108,24.642251,0.6705532073974609,0.20759743452072144,-0.7121050357818604,0.012974674813449383,0.629030704498291,-0.33516326546669006,-0.6973271369934082,0.0756305381655693,63.626408,-40.146315,117.189242,3.260452
2026-08-05T11:50:17.865673,1785927017.865674,24.658816,0.6686308979988098,0.2041752189397812,-0.7149330973625183,0.010769575834274292,0.6190919280052185,-0.351718932390213,-0.6964182257652283,0.08955294638872147,65.510610,-39.874135,113.742165,16.430453
2026-08-05T11:50:17.882472,1785927017.882473,24.675615,0.6680242419242859,0.20085449516773224,-0.7164775729179382,0.007823552936315536,0.6095854043960571,-0.36727187037467957,-0.6947568655014038,0.10406260937452316,67.381902,-39.491217,111.393216,22.794144
2026-08-05T11:50:17.887515,1785927017.887515,24.680658,0.6680949330329895,0.19787481427192688,-0.7172685265541077,0.00456168781965971,0.5999836325645447,-0.3826034963130951,-0.6925312876701355,0.11846378445625305,69.346443,-39.160294,389.592526,65.626002
2026-08-05T11:50:17.915198,1785927017.915199,24.708341,0.6672680377960205,0.19437354803085327,-0.7190074920654297,0.0008984874002635479,0.5905215740203857,-0.3970375955104828,-0.6898980140686035,0.13298532366752625,71.215069,-38.599720,67.500237,20.249568
2026-08-05T11:50:17.932273,1785927017.932273,24.725416,0.6662803888320923,0.1917043775320053,-0.7206384539604187,-0.00046142327482812107,0.5818646550178528,-0.40973085165023804,-0.6864689588546753,0.14937740564346313,73.017669,-37.976974,105.570641,36.471607
2026-08-05T11:50:17.948970,1785927017.948970,24.742112,0.6669687628746033,0.19200633466243744,-0.7199193239212036,0.0015884317690506577,0.5732719302177429,-0.42122986912727356,-0.682426393032074,0.1679815798997879,75.059935,-37.755170,122.315587,13.284315
2026-08-05T11:50:17.965593,1785927017.965593,24.758736,0.66843581199646,0.19378843903541565,-0.7180653214454651,0.004701474215835333,0.5635734796524048,-0.43342962861061096,-0.6780011653900146,0.18664678931236267,77.397144,-37.917010,140.598719,-9.735766
2026-08-05T11:50:17.982182,1785927017.982183,24.775325,0.6701644659042358,0.19435001909732819,-0.7162849307060242,0.006619754713028669,0.5516864657402039,-0.44711732864379883,-0.6737900972366333,0.2042890191078186,79.864900,-38.128567,148.757100,-12.752685
2026-08-05T11:50:17.998824,1785927017.998825,24.791967,0.673673152923584,0.19344575703144073,-0.7132101655006409,0.008645149879157543,0.5400322079658508,-0.4604519307613373,-0.6684544682502747,0.22252357006072998,82.227550,-38.314585,141.964257,-11.177238
2026-08-05T11:50:18.015711,1785927018.015711,24.808854,0.6769429445266724,0.192265123128891,-0.7103952765464783,0.011008774861693382,0.5307556390762329,-0.4714186489582062,-0.6611474752426147,0.2427879124879837,84.366145,-38.113971,126.647256,11.880302
2026-08-05T11:50:18.034515,1785927018.034515,24.825637,0.6793821454048157,0.19046318531036377,-0.7084885239601135,0.01441576611250639,0.5237899422645569,-0.480469673871994,-0.651568591594696,0.26504823565483093,86.262125,-37.508957,112.968661,36.048738
2026-08-05T11:50:18.065654,1785927018.065655,24.858797,0.6841663122177124,0.18577580153942108,-0.7050239443778992,0.018576083704829216,0.5154339671134949,-0.48954612016677856,-0.6423814296722412,0.2863866686820984,87.905670,-36.975771,49.563767,16.079073
2026-08-05T11:50:18.081797,1785927018.081798,24.874940,0.6887341141700745,0.1809936761856079,-0.7016552686691284,0.023805633187294006,0.5032005906105042,-0.5001864433288574,-0.6350536942481995,0.30546414852142334,89.708751,-36.878403,111.693697,6.031593
2026-08-05T11:50:18.099647,1785927018.099647,24.892790,0.6924834251403809,0.1788761168718338,-0.6982333660125732,0.030665123835206032,0.4895980656147003,-0.5111783146858215,-0.6281387209892273,0.32315799593925476,91.770381,-37.335884,115.501105,-25.629983
2026-08-05T11:50:18.115519,1785927018.115520,24.908662,0.696195662021637,0.17427460849285126,-0.6953902244567871,0.037049300968647,0.47683656215667725,-0.5209940671920776,-0.6207563281059265,0.3403714597225189,93.457333,-37.416283,106.283123,-5.065432
2026-08-05T11:50:18.132468,1785927018.132468,24.925611,0.7007912993431091,0.16835281252861023,-0.691753089427948,0.04501752555370331,0.46462833881378174,-0.5300126075744629,-0.6126540899276733,0.3575766682624817,94.892540,-37.546891,84.678328,-7.705948
2026-08-05T11:50:18.149648,1785927018.149648,24.942791,0.7052456736564636,0.1636766940355301,-0.6877241134643555,0.05361111834645271,0.45187246799468994,-0.5390966534614563,-0.6044588088989258,0.37391790747642517,96.452495,-38.003399,90.802024,-26.572506
2026-08-05T11:50:18.165811,1785927018.165812,24.958954,0.7095384001731873,0.16256898641586304,-0.6826491951942444,0.06416109949350357,0.4380151629447937,-0.5483047962188721,-0.5968971252441406,0.38886645436286926,98.301193,-39.228667,114.374256,-75.804211
2026-08-05T11:50:18.182491,1785927018.182492,24.975634,0.7163383960723877,0.16076867282390594,-0.6748981475830078,0.07433115690946579,0.42398208379745483,-0.5570222735404968,-0.5891691446304321,0.4035394489765167,100.149450,-40.791592,110.808346,-93.701817
2026-08-05T11:50:18.186816,1785927018.186816,24.979958,0.7240238189697266,0.15602007508277893,-0.6667940020561218,0.08266273140907288,0.41153010725975037,-0.5643846392631531,-0.5804634690284729,0.41853833198547363,101.670923,-41.890786,351.831545,-254.182070
2026-08-05T11:50:18.198454,1785927018.198454,24.991596,0.7324267029762268,0.15044136345386505,-0.657789409160614,0.09072928130626678,0.40046676993370056,-0.5703222155570984,-0.5711362957954407,0.4337756037712097,102.993898,-42.875727,113.677898,-84.632062
2026-08-05T11:50:18.215273,1785927018.215273,25.008416,0.7414150238037109,0.14496156573295593,-0.6477417349815369,0.09859268367290497,0.3889009654521942,-0.5760908126831055,-0.5622578859329224,0.4480403661727905,104.357828,-44.155797,81.092288,-76.106389
2026-08-05T11:50:18.231648,1785927018.231648,25.024791,0.750706672668457,0.14056485891342163,-0.6365230679512024,0.10732847452163696,0.3756714165210724,-0.5817242860794067,-0.5551833510398865,0.4606933295726776,105.818121,-45.977879,89.177872,-111.271747
2026-08-05T11:50:18.249164,1785927018.249165,25.042307,0.7574828267097473,0.14061425626277924,-0.6269640922546387,0.11559992283582687,0.36253297328948975,-0.5870128273963928,-0.5484631061553955,0.4724116921424866,107.608198,-47.986696,102.195863,-114.683803
2026-08-05T11:50:18.265389,1785927018.265390,25.058532,0.7634395956993103,0.14095589518547058,-0.618468165397644,0.12160949409008026,0.35273322463035583,-0.5906482338905334,-0.5408888459205627,0.48389264941215515,109.182752,-49.506583,97.042914,-93.673686
2026-08-05T11:50:18.282919,1785927018.282919,25.076061,0.7680689692497253,0.14166581630706787,-0.6115350723266602,0.1265932321548462,0.34615451097488403,-0.5928777456283569,-0.5327146053314209,0.4948607385158539,110.457708,-50.541385,72.733048,-59.032832
2026-08-05T11:50:18.299290,1785927018.299290,25.092432,0.7693970203399658,0.14344778656959534,-0.6082181930541992,0.1323695182800293,0.339796781539917,-0.5945860743522644,-0.5258969664573669,0.504417359828949,111.503951,-51.099869,63.908276,-34.114194
2026-08-05T11:50:18.318440,1785927018.318440,25.109379,0.7709695100784302,0.1422875076532364,-0.6054988503456116,0.13686315715312958,0.32961177825927734,-0.5972139239311218,-0.5220035314559937,0.5120576024055481,112.537358,-51.647520,60.982068,-32.317274
2026-08-05T11:50:18.333003,1785927018.333004,25.126146,0.7751258611679077,0.1374088078737259,-0.6005246639251709,0.140245720744133,0.31666940450668335,-0.6006384491920471,-0.5193192958831787,0.5189030766487122,113.599909,-52.545994,63.370614,-53.585066
2026-08-05T11:50:18.337537,1785927018.337538,25.130680,0.7782585620880127,0.13577796518802643,-0.5957326292991638,0.14484719932079315,0.3061589300632477,-0.603783369064331,-0.5143720507621765,0.5264340043067932,114.772728,-53.618088,258.657934,-236.443605
2026-08-05T11:50:18.348462,1785927018.348463,25.141605,0.7789038419723511,0.14014296233654022,-0.5925900936126709,0.1500193327665329,0.300953209400177,-0.6060649156570435,-0.5063612461090088,0.5345184206962585,116.025459,-54.607183,114.668437,-90.536579
2026-08-05T11:50:18.365852,1785927018.365852,25.158995,0.7791038751602173,0.1457076519727707,-0.5899178385734558,0.15415379405021667,0.29831066727638245,-0.6073442697525024,-0.49912071228027344,0.5413142442703247,117.092998,-55.452751,61.388862,-48.624436
2026-08-05T11:50:18.382180,1785927018.382180,25.175323,0.7788267731666565,0.14994297921657562,-0.5885723233222961,0.15661610662937164,0.2945917844772339,-0.6081339120864868,-0.4952748715877533,0.5459768176078796,117.969709,-56.009219,53.693407,-34.080413
2026-08-05T11:50:18.416107,1785927018.416107,25.209249,0.7796569466590881,0.15003684163093567,-0.5870981812477112,0.15792322158813477,0.29014062881469727,-0.6087941527366638,-0.49405068159103394,0.548726499080658,118.461496,-56.354847,14.495552,-10.187464
2026-08-05T11:50:18.432870,1785927018.432870,25.226012,0.7808803915977478,0.1453848034143448,-0.5866038203239441,0.1580672413110733,0.28809696435928345,-0.6092422008514404,-0.492525577545166,0.5506739616394043,118.358252,-56.005337,-6.159103,20.850418
2026-08-05T11:50:18.449380,1785927018.449381,25.242523,0.781848132610321,0.1405569463968277,-0.5865997076034546,0.15766499936580658,0.28947150707244873,-0.6097349524497986,-0.48952537775039673,0.5520810484886169,118.029183,-55.478751,-19.930626,31.893572
2026-08-05T11:50:18.465804,1785927018.465804,25.258947,0.7822781801223755,0.13850075006484985,-0.586547315120697,0.1575462818145752,0.29226967692375183,-0.6104155778884888,-0.48656660318374634,0.5524699687957764,117.800801,-55.298831,-13.905629,10.954861
2026-08-05T11:50:18.482513,1785927018.482513,25.274639,0.7822035551071167,0.13685883581638336,-0.587178647518158,0.15699876844882965,0.29446887969970703,-0.6110856533050537,-0.4852665662765503,0.551704466342926,117.569128,-55.129281,-14.763792,10.804874
2026-08-05T11:50:18.487821,1785927018.487822,25.280964,0.7825945019721985,0.13425542414188385,-0.5877246260643005,0.1552458554506302,0.29569435119628906,-0.6115132570266724,-0.48591288924217224,0.5500035881996155,117.298092,-54.932556,-42.849851,31.101620
2026-08-05T11:50:18.532057,1785927018.532058,25.325200,0.7827681303024292,0.13245607912540436,-0.5884878635406494,0.1530081182718277,0.2970596253871918,-0.6117910146713257,-0.48779210448265076,0.5472890138626099,117.027624,-54.812142,-6.114204,2.722073
2026-08-05T11:50:18.548808,1785927018.548809,25.341951,0.7828136086463928,0.13173072040081024,-0.5892415642738342,0.1504802107810974,0.29918771982192993,-0.6116933226585388,-0.4903492331504822,0.5439437031745911,116.742053,-54.747642,-17.047737,3.850448
2026-08-05T11:50:18.565569,1785927018.565570,25.357694,0.7822336554527283,0.13290457427501678,-0.5905824899673462,0.14717063307762146,0.30289265513420105,-0.6109683513641357,-0.49302104115486145,0.5402805209159851,116.472820,-54.591509,-17.102268,9.917960
2026-08-05T11:50:18.581984,1785927018.581985,25.375127,0.7803884148597717,0.1323796510696411,-0.5940532684326172,0.14342358708381653,0.3077943027019501,-0.6097980737686157,-0.49585744738578796,0.536221444606781,115.861073,-53.771490,-35.090031,47.036540
2026-08-05T11:50:18.598982,1785927018.598982,25.392125,0.778959333896637,0.13061381876468658,-0.5970829129219055,0.14019474387168884,0.31203755736351013,-0.6085348725318909,-0.4995998442173004,0.5317112803459167,115.118471,-52.981721,-43.689272,46.464279
2026-08-05T11:50:18.615643,1785927018.615643,25.407766,0.7777825593948364,0.12887439131736755,-0.5997750163078308,0.13680624961853027,0.3151325285434723,-0.6075161695480347,-0.5041059255599976,0.5267749428749084,114.465491,-52.370919,-41.748047,39.051410
2026-08-05T11:50:18.633143,1785927018.633143,25.425575,0.7760763168334961,0.1283845752477646,-0.6027511954307556,0.13384360074996948,0.31774672865867615,-0.6064512729644775,-0.5088819265365601,0.5218161344528198,113.908588,-51.841546,-31.271018,29.725156
2026-08-05T11:50:18.649640,1785927018.649641,25.442057,0.7746750712394714,0.12911827862262726,-0.6051517128944397,0.13037808239459991,0.32160815596580505,-0.6048006415367126,-0.5131380558013916,0.5171775817871094,113.402267,-51.359622,-30.719414,29.239228
2026-08-05T11:50:18.666089,1785927018.666090,25.459232,0.7726675271987915,0.13098487257957458,-0.6081372499465942,0.12647974491119385,0.3276377320289612,-0.6023625731468201,-0.5166494250297546,0.5127231478691101,112.812900,-50.657322,-34.314574,40.889822
2026-08-05T11:50:18.682709,1785927018.682709,25.475461,0.7699316143989563,0.13302813470363617,-0.6120373606681824,0.12214399129152298,0.3332712948322296,-0.599947988986969,-0.5207237601280212,0.507777750492096,112.232338,-49.849019,-35.772733,49.805606
2026-08-05T11:50:18.699929,1785927018.699929,25.492590,0.7677830457687378,0.13237464427947998,-0.6156241297721863,0.11829299479722977,0.33633923530578613,-0.5979665517807007,-0.5266256332397461,0.5019723773002625,111.519608,-49.081051,-41.609724,44.834513
2026-08-05T11:50:18.715027,1785927018.715028,25.508170,0.7662357091903687,0.13286319375038147,-0.6180383563041687,0.11514826864004135,0.3385271430015564,-0.5961980819702148,-0.5330327749252319,0.4958048462867737,110.958492,-48.747810,-36.015825,21.389447
2026-08-05T11:50:18.747840,1785927018.747841,25.540983,0.7643454670906067,0.13580544292926788,-0.6204020977020264,0.1115087941288948,0.3435773551464081,-0.5934889316558838,-0.5380557775497437,0.49012279510498047,110.433010,-48.372021,-16.014283,11.452332
2026-08-05T11:50:18.765352,1785927018.765352,25.558495,0.761666476726532,0.13790898025035858,-0.6239312291145325,0.10749530047178268,0.35215574502944946,-0.5896586179733276,-0.5418035387992859,0.4844966232776642,109.515389,-47.456038,-52.400759,52.307195
2026-08-05T11:50:18.770036,1785927018.770036,25.563178,0.7589019536972046,0.1370105892419815,-0.6281211376190186,0.1037292405962944,0.36153876781463623,-0.5853070020675659,-0.5460361838340759,0.47806796431541443,108.147135,-46.168987,-292.143775,274.805625
2026-08-05T11:50:18.782232,1785927018.782233,25.575375,0.7564392685890198,0.1358119398355484,-0.6321791410446167,0.09851079434156418,0.3687988519668579,-0.5816739797592163,-0.552115797996521,0.4699041545391083,106.931578,-45.136594,-99.664107,84.646364
2026-08-05T11:50:18.787643,1785927018.787644,25.580786,0.7531194686889648,0.13625262677669525,-0.6369228959083557,0.09260523319244385,0.37416207790374756,-0.5786252021789551,-0.5594267845153809,0.4606909453868866,105.984371,-44.317596,-175.047220,151.353907
2026-08-05T11:50:18.798216,1785927018.798217,25.591359,0.7475828528404236,0.14084221422672272,-0.6431455016136169,0.08745016902685165,0.38118407130241394,-0.5746756196022034,-0.5656290650367737,0.45222702622413635,105.202653,-43.436519,-73.934321,83.331534
2026-08-05T11:50:18.814212,1785927018.814212,25.607355,0.7406020760536194,0.14359907805919647,-0.6513402462005615,0.08151030540466309,0.39261600375175476,-0.5688716173171997,-0.5689917206764221,0.4455166459083557,103.950113,-41.581226,-78.305769,115.988427
2026-08-05T11:50:18.831253,1785927018.831253,25.623836,0.7381185293197632,0.14006586372852325,-0.6557316184043884,0.0746913030743599,0.4058389663696289,-0.5617308616638184,-0.57166987657547,0.43925580382347107,102.113722,-39.574432,-111.423600,121.762903
2026-08-05T11:50:18.848622,1785927018.848622,25.641765,0.7381803393363953,0.13942916691303253,-0.6562394499778748,0.07070493698120117,0.4147839844226837,-0.5558332204818726,-0.5771297812461853,0.43118903040885925,100.727880,-39.013655,-77.296839,31.277931
2026-08-05T11:50:18.865406,1785927018.865407,25.658549,0.7335286140441895,0.14208626747131348,-0.6611968874931335,0.06757298111915588,0.4194585382938385,-0.5514628291130066,-0.585709273815155,0.42057931423187256,99.665837,-38.556189,-63.274567,27.255006
2026-08-05T11:50:18.882023,1785927018.882023,25.675165,0.7270790934562683,0.14798516035079956,-0.6673233509063721,0.06431115418672562,0.42544230818748474,-0.546235978603363,-0.5937602519989014,0.40996652841567993,98.752134,-38.083766,-54.989031,28.431641
2026-08-05T11:50:18.898538,1785927018.898538,25.691680,0.7217535972595215,0.1520317941904068,-0.672602117061615,0.05970405787229538,0.43708816170692444,-0.5376171469688416,-0.5982537865638733,0.4025084972381592,97.376835,-36.778865,-83.276831,79.014142
2026-08-05T11:50:18.915338,1785927018.915339,25.708481,0.719290554523468,0.14745520055294037,-0.6768353581428528,0.05265296995639801,0.4537942707538605,-0.5256326794624329,-0.5996251702308655,0.3977811634540558,94.983759,-34.117228,-142.439590,158.424724
2026-08-05T11:50:18.931542,1785927018.931543,25.724685,0.718105137348175,0.14555160701274872,-0.6789410710334778,0.04667847231030464,0.4679495394229889,-0.5142162442207336,-0.6028102040290833,0.3914380967617035,92.939635,-32.346384,-126.146542,109.281911
2026-08-05T11:50:18.935007,1785927018.935007,25.728149,0.7127718329429626,0.15085257589817047,-0.6835532784461975,0.04421413317322731,0.47455430030822754,-0.5063848495483398,-0.610767126083374,0.3812284767627716,91.752994,-31.894271,-342.565535,130.518366
2026-08-05T11:50:18.948056,1785927018.948056,25.741199,0.7070304155349731,0.15808533132076263,-0.6880095601081848,0.041951581835746765,0.4794236719608307,-0.5004479289054871,-0.6195801496505737,0.3685435950756073,90.890263,-32.131926,-66.112829,-18.212024
2026-08-05T11:50:18.965332,1785927018.965333,25.758475,0.7030307054519653,0.16728956997394562,-0.6900309920310974,0.04024014249444008,0.4887235760688782,-0.4925689697265625,-0.6257345676422119,0.3563433289527893,89.968384,-32.676359,-53.360948,-31.513297
2026-08-05T11:50:18.981791,1785927018.981791,25.773996,0.7001740336418152,0.17405028641223907,-0.6913719773292542,0.038311246782541275,0.5025420784950256,-0.48098137974739075,-0.6293312907218933,0.34648141264915466,88.462793,-32.492967,-97.000227,11.815311
2026-08-05T11:50:19.014942,1785927019.014942,25.808085,0.6979039311408997,0.17524868249893188,-0.693537175655365,0.03499012440443039,0.5179819464683533,-0.4673230051994324,-0.6316821575164795,0.3380541205406189,86.306351,-31.328775,-63.260322,34.152179
2026-08-05T11:50:19.031934,1785927019.031934,25.825077,0.6963947415351868,0.1752610057592392,-0.6951550841331482,0.032825130969285965,0.5304380655288696,-0.4545678496360779,-0.6362702250480652,0.32735708355903625,84.062694,-30.548945,-132.043126,45.894369
2026-08-05T11:50:19.048723,1785927019.049031,25.840658,0.6935966610908508,0.1783887892961502,-0.6971808671951294,0.03225119411945343,0.5379217863082886,-0.4448615312576294,-0.6441900134086609,0.31266072392463684,82.308028,-30.787754,-112.609610,-15.326129
2026-08-05T11:50:19.065316,1785927019.065317,25.858459,0.6890596747398376,0.18347690999507904,-0.7004233598709106,0.03066505864262581,0.5454623103141785,-0.4356808066368103,-0.6516590118408203,0.2966351807117462,80.815151,-31.186245,-83.866847,-22.386429
2026-08-05T11:50:19.081829,1785927019.081829,25.874971,0.6887199282646179,0.18793629109859467,-0.6996408700942993,0.029112478718161583,0.5570251941680908,-0.42393800616264343,-0.6557317972183228,0.2828679084777832,79.117286,-31.556032,-102.823655,-22.394469
2026-08-05T11:50:19.086524,1785927019.086525,25.879667,0.6906722187995911,0.19215506315231323,-0.6965163946151733,0.030221613124012947,0.5718464851379395,-0.40907594561576843,-0.6573655009269714,0.2711418569087982,77.035905,-31.875357,-443.234442,-68.000900
2026-08-05T11:50:19.098234,1785927019.098235,25.891377,0.6876233220100403,0.1975996047258377,-0.697989821434021,0.030639231204986572,0.5859100222587585,-0.39343440532684326,-0.6595847010612488,0.25858432054519653,74.981890,-31.801372,-175.407983,6.318096
2026-08-05T11:50:19.115335,1785927019.115336,25.908478,0.6823464035987854,0.20423059165477753,-0.7011623978614807,0.032626669853925705,0.5969425439834595,-0.379077672958374,-0.6639083027839661,0.24327833950519562,73.098030,-32.171747,-110.162016,-21.658302
2026-08-05T11:50:19.132373,1785927019.132374,25.925150,0.6831569671630859,0.20815160870552063,-0.6990837454795837,0.03537576273083687,0.6050313115119934,-0.3668583333492279,-0.6696561574935913,0.22563637793064117,71.200671,-33.215039,-113.805805,-62.577901
2026-08-05T11:50:19.198706,1785927019.198706,25.991848,0.686901867389679,0.20428091287612915,-0.6965051889419556,0.03627423197031021,0.6120198369026184,-0.3557095229625702,-0.6751217842102051,0.20763494074344635,68.723440,-33.600246,-37.140700,-5.775344
2026-08-05T11:50:19.215184,1785927019.215184,26.008326,0.6873047351837158,0.19954431056976318,-0.6976038217544556,0.03381213918328285,0.6204017400741577,-0.3436296880245209,-0.678460419178009,0.19160036742687225,66.222574,-33.143755,-151.771642,27.703357
2026-08-05T11:50:19.232025,1785927019.232025,26.025168,0.6854860186576843,0.20351138710975647,-0.6982271075248718,0.034220993518829346,0.6318345665931702,-0.3282586932182312,-0.6791753768920898,0.17818841338157654,64.306821,-33.204752,-113.752556,-3.621855
2026-08-05T11:50:19.236847,1785927019.236848,26.029990,0.6830708980560303,0.20885594189167023,-0.6988252997398376,0.03790159523487091,0.643619954586029,-0.31095224618911743,-0.6794424057006836,0.16558760404586792,62.307582,-33.414090,-414.565316,-43.408574
2026-08-05T11:50:19.249155,1785927019.249155,26.042298,0.683329164981842,0.21144302189350128,-0.6976416110992432,0.0406135655939579,0.6519578099250793,-0.2963029146194458,-0.6814368963241577,0.1509910672903061,60.375575,-33.805227,-156.979234,-31.780643
2026-08-05T11:50:19.298590,1785927019.298591,26.091733,0.6842759251594543,0.21007490158081055,-0.6970906853675842,0.04122926667332649,0.6565908193588257,-0.28540873527526855,-0.6850868463516235,0.1344815492630005,58.512041,-34.119884,-37.696190,-6.364998
2026-08-05T11:50:19.314995,1785927019.314995,26.107279,0.686377763748169,0.21159309148788452,-0.6944682598114014,0.042753733694553375,0.660837709903717,-0.27497389912605286,-0.6882683038711548,0.11818820983171463,57.091537,-34.874562,-91.375126,-48.545265
2026-08-05T11:50:19.331871,1785927019.331871,26.125013,0.6861283183097839,0.21658270061016083,-0.6930500268936157,0.04474066570401192,0.6672426462173462,-0.2613595724105835,-0.6896358132362366,0.10430543124675751,55.784874,-35.440021,-73.680039,-31.885068
2026-08-05T11:50:19.349058,1785927019.349059,26.141683,0.6856555342674255,0.22327744960784912,-0.6912145614624023,0.047393798828125,0.6752877235412598,-0.24456292390823364,-0.6897122263908386,0.09204091131687164,54.376251,-35.826407,-84.501736,-23.178902
2026-08-05T11:50:19.353236,1785927019.353236,26.146379,0.6865525841712952,0.22675535082817078,-0.6889616250991821,0.050591517239809036,0.6831898093223572,-0.22653716802597046,-0.6896058320999146,0.0798463448882103,52.511302,-35.875883,-397.165075,-10.536475
2026-08-05T11:50:19.365091,1785927019.365091,26.158234,0.6865940690040588,0.22950007021427155,-0.6876652240753174,0.055090826004743576,0.6904320120811462,-0.20830364525318146,-0.689494788646698,0.06714978814125061,50.600104,-35.945941,-161.216017,-5.909626
2026-08-05T11:50:19.381976,1785927019.381977,26.175119,0.6866600513458252,0.23256415128707886,-0.6860483288764954,0.0612356923520565,0.6972057819366455,-0.1896025687456131,-0.6891518831253052,0.054985903203487396,48.765599,-36.099670,-108.645204,-9.104333
2026-08-05T11:50:19.386679,1785927019.386679,26.179822,0.6859850287437439,0.24276277422904968,-0.6818137168884277,0.07497376948595047,0.7035556435585022,-0.17034827172756195,-0.6885064244270325,0.044145211577415466,47.866797,-37.377143,-191.120467,-271.640669
2026-08-05T11:50:19.398143,1785927019.398144,26.191286,0.6846709251403809,0.2492477297782898,-0.6802797913551331,0.07950330525636673,0.7093999981880188,-0.15137973427772522,-0.6875149607658386,0.0340309739112854,46.618364,-37.524823,-108.894598,-12.881366
2026-08-05T11:50:19.415260,1785927019.415261,26.208403,0.6842004060745239,0.2545621693134308,-0.6783406734466553,0.08319833874702454,0.7147457003593445,-0.1327710747718811,-0.6862305998802185,0.024432741105556488,45.333432,-37.508170,-75.067513,0.972879
2026-08-05T11:50:19.431959,1785927019.431960,26.225102,0.6830236315727234,0.2591014504432678,-0.6773607730865479,0.08676177263259888,0.7198082804679871,-0.11364804953336716,-0.6846111416816711,0.016333438456058502,43.950386,-37.241715,-82.822867,15.956514
2026-08-05T11:50:19.448276,1785927019.448277,26.241419,0.6825502514839172,0.2625431716442108,-0.6760514378547668,0.09028159826993942,0.7245254516601562,-0.09349294751882553,-0.682792603969574,0.01073172315955162,42.327840,-36.601056,-99.441127,39.264117
2026-08-05T11:50:19.465107,1785927019.465108,26.258250,0.6816735863685608,0.267871230840683,-0.6743590235710144,0.09384092688560486,0.7289148569107056,-0.07352138310670853,-0.6806053519248962,0.007291359826922417,40.943508,-35.991743,-82.247020,36.200964
2026-08-05T11:50:19.481819,1785927019.481819,26.274962,0.6800783276557922,0.2726794481277466,-0.6739317774772644,0.09463334828615189,0.7323225736618042,-0.05612669512629509,-0.67862468957901,0.004565064329653978,39.724785,-35.272630,-72.927271,43.031113
2026-08-05T11:50:19.498544,1785927019.498545,26.291687,0.6788960099220276,0.27531084418296814,-0.6742560863494873,0.09318248182535172,0.7339701652526855,-0.043822649866342545,-0.6777650713920593,0.0009279074147343636,38.773762,-34.660504,-56.861385,36.598817
2026-08-05T11:50:19.515341,1785927019.515342,26.308484,0.6774149537086487,0.27753326296806335,-0.6751911640167236,0.0905606597661972,0.73386150598526,-0.0369081012904644,-0.6782847046852112,-0.0037296097725629807,38.349898,-34.426517,-25.234395,13.930217
2026-08-05T11:50:19.531846,1785927019.531847,26.324012,0.6770887970924377,0.2787955105304718,-0.6754099130630493,0.08743728697299957,0.733124852180481,-0.03281198441982269,-0.6792629957199097,-0.0072113750502467155,38.043919,-34.203451,-19.705318,14.365661
2026-08-05T11:50:19.537860,1785927019.537861,26.331003,0.6774996519088745,0.27855366468429565,-0.6755446791648865,0.08391337841749191,0.7326764464378357,-0.029583072289824486,-0.679883599281311,-0.008207707665860653,37.563789,-33.698408,-68.674521,72.237931
2026-08-05T11:50:19.548252,1785927019.548253,26.340502,0.6773087978363037,0.27719646692276,-0.6767789721488953,0.0799081102013588,0.7323421239852905,-0.028331410139799118,-0.6803064942359924,-0.007358632981777191,37.117416,-33.080470,-46.993576,65.055643
2026-08-05T11:50:19.564698,1785927019.564699,26.357841,0.6767661571502686,0.2759096622467041,-0.6783409118652344,0.07559838891029358,0.7313512563705444,-0.030721554532647133,-0.6812781691551208,-0.006369940936565399,37.068020,-32.727856,-2.848799,20.336216
2026-08-05T11:50:19.581045,1785927019.581045,26.373628,0.6777127981185913,0.27329686284065247,-0.678846538066864,0.07198427617549896,0.7300390601158142,-0.03634344041347504,-0.6824143528938293,-0.005623877048492432,37.233717,-32.596587,10.496030,8.315167
2026-08-05T11:50:19.597521,1785927019.597521,26.390663,0.6779374480247498,0.2692519724369049,-0.680591344833374,0.06855477392673492,0.7289322018623352,-0.04311065003275871,-0.6832141280174255,-0.004059567581862211,37.376978,-32.387135,8.409420,12.294893
2026-08-05T11:50:19.614590,1785927019.614590,26.407732,0.6788076758384705,0.26389238238334656,-0.682043194770813,0.06631956994533539,0.7280928492546082,-0.05024491623044014,-0.6836324334144592,-0.001289084553718567,37.418820,-32.097155,2.451343,16.988575
2026-08-05T11:50:19.618313,1785927019.618313,26.411456,0.6799315214157104,0.25885701179504395,-0.6828792095184326,0.0660472884774208,0.7273647785186768,-0.0576656199991703,-0.6838167309761047,0.0029117900412529707,37.550551,-31.908385,35.381832,50.701854
2026-08-05T11:50:19.681678,1785927019.681679,26.474821,0.6806420683860779,0.25399404764175415,-0.6839433908462524,0.06659375131130219,0.726607084274292,-0.06547150015830994,-0.683876633644104,0.008181608282029629,37.756427,-31.747158,3.249038,2.544416
2026-08-05T11:50:19.698115,1785927019.698115,26.491257,0.6812366247177124,0.24874073266983032,-0.685278058052063,0.06662346422672272,0.7252340912818909,-0.07516002655029297,-0.6842504143714905,0.013664341531693935,38.121318,-31.640780,22.199915,6.472002
2026-08-05T11:50:19.714540,1785927019.714540,26.507682,0.6817606687545776,0.24455410242080688,-0.6862457990646362,0.0668020099401474,0.7226564884185791,-0.08780629932880402,-0.685340404510498,0.019100753590464592,38.947647,-31.879136,50.309539,-14.511853
2026-08-05T11:50:19.730868,1785927019.730868,26.524011,0.6810011863708496,0.2415345311164856,-0.688054621219635,0.06692825257778168,0.7191649079322815,-0.1026269942522049,-0.68675297498703,0.025269804522395134,40.171535,-32.322541,74.954854,-27.155591
2026-08-05T11:50:19.747492,1785927019.747493,26.540246,0.6802752614021301,0.2385072261095047,-0.6899459362030029,0.06568678468465805,0.7155659198760986,-0.11769648641347885,-0.6877632141113281,0.033068615943193436,41.413507,-32.550832,76.500286,-14.061745
2026-08-05T11:50:19.764482,1785927019.764482,26.557625,0.6798321604728699,0.23297208547592163,-0.6926594972610474,0.06144331395626068,0.7119439244270325,-0.13274678587913513,-0.6882709860801697,0.042377177625894547,42.370190,-32.190568,55.048035,20.729772
2026-08-05T11:50:19.781818,1785927019.781819,26.574961,0.6782271265983582,0.22499790787696838,-0.6974263191223145,0.05459444969892502,0.7078119516372681,-0.14895428717136383,-0.6885362863540649,0.05226048827171326,43.254917,-31.414266,51.032314,44.778192
2026-08-05T11:50:19.798435,1785927019.798436,26.591578,0.6760279536247253,0.2168956995010376,-0.7026857137680054,0.046640925109386444,0.7022019624710083,-0.16779932379722595,-0.6891161799430847,0.06223725900053978,44.527805,-30.712343,76.602357,42.241739
2026-08-05T11:50:19.815033,1785927019.815034,26.608176,0.6737380623817444,0.20938333868980408,-0.7076682448387146,0.03796713054180145,0.6942018866539001,-0.19021311402320862,-0.6904574632644653,0.07190162688493729,46.373031,-30.294532,111.170126,25.172043
2026-08-05T11:50:19.831730,1785927019.833753,26.624872,0.6709702610969543,0.2042103260755539,-0.7121682167053223,0.03022564947605133,0.6839246153831482,-0.21502695977687836,-0.6922733783721924,0.08226178586483002,48.855267,-30.272014,148.670585,1.348669
2026-08-05T11:50:19.848200,1785927019.848200,26.640379,0.667449414730072,0.20160329341888428,-0.7164440155029297,0.023987822234630585,0.6730078458786011,-0.23972782492637634,-0.6933119893074036,0.09438429027795792,51.722617,-30.425185,184.912663,-9.877860
2026-08-05T11:50:19.865008,1785927019.865008,26.658150,0.664044201374054,0.19883087277412415,-0.72054123878479,0.01822436973452568,0.6625788807868958,-0.26275795698165894,-0.6930548548698425,0.10780230909585953,54.485043,-30.354597,155.441508,3.971966
2026-08-05T11:50:19.881369,1785927019.881370,26.674512,0.6615279316902161,0.1957077831029892,-0.7237978577613831,0.013997784815728664,0.6512463092803955,-0.28639715909957886,-0.6922293305397034,0.12112937122583389,57.316081,-30.463168,173.028199,-6.635640
2026-08-05T11:50:19.898488,1785927019.898488,26.691631,0.6590759754180908,0.1949666291475296,-0.7262710928916931,0.011719001457095146,0.6363164782524109,-0.31277546286582947,-0.6924311518669128,0.13345716893672943,60.722149,-31.258861,198.970564,-46.481587
2026-08-05T11:50:19.914558,1785927019.914559,26.707701,0.6548721790313721,0.19637440145015717,-0.7297017574310303,0.010725168511271477,0.6182530522346497,-0.3406851291656494,-0.6930971145629883,0.1459866315126419,64.592845,-32.380038,240.855666,-69.765714
2026-08-05T11:50:19.931690,1785927019.931691,26.724833,0.6537359356880188,0.1980850249528885,-0.7302585244178772,0.010686567984521389,0.6011669635772705,-0.3656531572341919,-0.6919717788696289,0.16146104037761688,68.290286,-33.312592,215.823165,-54.434099
2026-08-05T11:50:19.948389,1785927019.948389,26.741531,0.654851496219635,0.19939227402210236,-0.7288951873779297,0.011151374317705631,0.589401364326477,-0.38406842947006226,-0.6872732043266296,0.18097420036792755,71.345935,-33.537580,182.990988,-13.473670
2026-08-05T11:50:19.964998,1785927019.964998,26.758141,0.657802164554596,0.19731000065803528,-0.7267891764640808,0.011947992257773876,0.581951379776001,-0.3973636329174042,-0.679973304271698,0.2026568055152893,73.543989,-32.970146,132.339640,34.163909
2026-08-05T11:50:19.981688,1785927019.981688,26.774831,0.6632550954818726,0.1935577392578125,-0.722749650478363,0.016159307211637497,0.5733308792114258,-0.4102902412414551,-0.6732808947563171,0.22281190752983093,75.429838,-32.815931,112.991017,9.239775
2026-08-05T11:50:19.986950,1785927019.986950,26.780093,0.6673465967178345,0.19200415909290314,-0.7192177176475525,0.022560695186257362,0.5589274764060974,-0.4268413484096527,-0.6692757606506348,0.23973989486694336,77.879529,-33.601077,465.552623,-149.213323
2026-08-05T11:50:19.997986,1785927019.997986,26.791128,0.6694913506507874,0.19130930304527283,-0.7172473669052124,0.027175314724445343,0.5417149066925049,-0.44468364119529724,-0.6659762859344482,0.2554912269115448,80.680369,-34.434292,253.798605,-75.501933
2026-08-05T11:50:20.014792,1785927020.014793,26.807935,0.6720736622810364,0.19275924563407898,-0.7141852974891663,0.03317061811685562,0.5276704430580139,-0.46012192964553833,-0.6598967909812927,0.27273890376091003,83.462255,-35.383995,165.523426,-56.507724
2026-08-05T11:50:20.031631,1785927020.031632,26.824774,0.6737836599349976,0.1930566281080246,-0.7121809720993042,0.03927990049123764,0.5178256034851074,-0.4719974398612976,-0.651146650314331,0.2916876971721649,85.727666,-35.671536,134.533311,-17.075867
2026-08-05T11:50:20.050400,1785927020.050400,26.842523,0.6747040152549744,0.1874912679195404,-0.7124984264373779,0.04435723274946213,0.5083132386207581,-0.4822758138179779,-0.642591118812561,0.3100050687789917,87.206121,-35.000633,83.298752,37.799828
2026-08-05T11:50:20.065307,1785927020.065307,26.858450,0.6790438294410706,0.18051326274871826,-0.7096686959266663,0.05181656405329704,0.4956868588924408,-0.49299702048301697,-0.6362990140914917,0.32614561915397644,88.539370,-34.998064,83.710837,0.161304
2026-08-05T11:50:20.082371,1785927020.082371,26.875514,0.6842870712280273,0.1749362349510193,-0.7054361701011658,0.05923259258270264,0.4798378646373749,-0.5042412877082825,-0.6321781873703003,0.3403613269329071,90.137307,-35.537381,93.643203,-31.605350
2026-08-05T11:50:20.098936,1785927020.098936,26.892079,0.6873492002487183,0.1722753494977951,-0.702466607093811,0.06643225997686386,0.4650041460990906,-0.5143744945526123,-0.627269983291626,0.3545721173286438,91.914058,-36.056080,107.260339,-31.313287
2026-08-05T11:50:20.116242,1785927020.116242,26.909384,0.6889952421188354,0.1716374009847641,-0.7002804279327393,0.07371414452791214,0.45435336232185364,-0.5224692225456238,-0.6200541257858276,0.3689452111721039,93.563287,-36.424188,95.298931,-21.270734
2026-08-05T11:50:20.132455,1785927020.132456,26.925598,0.6912950277328491,0.1691618114709854,-0.6976252198219299,0.08255138248205185,0.44666820764541626,-0.5288147330284119,-0.6115488409996033,0.3832091689109802,94.688647,-36.627797,69.408195,-12.557826
2026-08-05T11:50:20.136929,1785927020.136930,26.930072,0.695586621761322,0.16525773704051971,-0.6931818723678589,0.09136880189180374,0.4376172423362732,-0.5351268649101257,-0.6045302152633667,0.3958185017108917,95.683275,-37.127923,222.316707,-111.786938
2026-08-05T11:50:20.147949,1785927020.147949,26.941092,0.7009578943252563,0.16278955340385437,-0.6874695420265198,0.09769036620855331,0.42432478070259094,-0.5428807139396667,-0.6003053784370422,0.40603113174438477,97.184118,-38.213386,136.199219,-98.504112
2026-08-05T11:50:20.195890,1785927020.197077,26.989033,0.7056789398193359,0.1607304960489273,-0.6824095845222473,0.10247046500444412,0.40869802236557007,-0.5512737035751343,-0.5975880026817322,0.4146692156791687,98.902531,-39.432170,35.844352,-25.422595
2026-08-05T11:50:20.214036,1785927020.214036,27.006029,0.7109398245811462,0.15989013016223907,-0.6762373447418213,0.10818000137805939,0.39471474289894104,-0.5589224100112915,-0.5939536094665527,0.4231123924255371,100.613310,-40.969886,100.654050,-90.471840
2026-08-05T11:50:20.231770,1785927020.231770,27.024912,0.7154884934425354,0.16041435301303864,-0.6701762676239014,0.11492333561182022,0.3837379515171051,-0.5651613473892212,-0.5886529088020325,0.4322316348552704,102.183487,-42.445655,83.151907,-78.152388
2026-08-05T11:50:20.248836,1785927020.248836,27.041978,0.719733715057373,0.1604314148426056,-0.6645711064338684,0.12079185992479324,0.3740658462047577,-0.5702987313270569,-0.5835317969322205,0.44082123041152954,103.545760,-43.681342,79.823828,-72.406371
2026-08-05T11:50:20.265133,1785927020.265133,27.058276,0.7232111692428589,0.16029927134513855,-0.6597582697868347,0.126446932554245,0.3625791370868683,-0.5751288533210754,-0.5808475613594055,0.44763585925102234,104.842666,-44.930648,79.577768,-76.657019
2026-08-05T11:50:20.281806,1785927020.281806,27.074948,0.7266347408294678,0.15983685851097107,-0.654960572719574,0.132215216755867,0.3488427400588989,-0.5799249410629272,-0.5801059007644653,0.4532899558544159,106.164703,-46.322207,79.293906,-83.463764
2026-08-05T11:50:20.296994,1785927020.296995,27.090137,0.7318289875984192,0.15802021324634552,-0.6486364006996155,0.13684560358524323,0.33674439787864685,-0.5838096141815186,-0.578327476978302,0.45967984199523926,107.371242,-47.638834,79.435445,-86.683344
2026-08-05T11:50:20.314857,1785927020.314857,27.108000,0.7368521690368652,0.15685084462165833,-0.6424066424369812,0.14057166874408722,0.3289358615875244,-0.5866082906723022,-0.5736717581748962,0.4675377607345581,108.447628,-48.626691,60.260105,-55.303927
2026-08-05T11:50:20.321149,1785927020.321150,27.114292,0.7391720414161682,0.1566813439130783,-0.6388757228851318,0.1446150690317154,0.32388925552368164,-0.5886303186416626,-0.5672084093093872,0.47632288932800293,109.317931,-48.991993,138.301084,-58.050633
2026-08-05T11:50:20.331293,1785927020.331293,27.124436,0.7419847249984741,0.15688900649547577,-0.634440004825592,0.14943400025367737,0.3186567425727844,-0.5905529856681824,-0.56084144115448,0.4849337339401245,110.210139,-49.597956,87.960452,-59.740388
2026-08-05T11:50:20.346327,1785927020.346328,27.139470,0.7469591498374939,0.15518754720687866,-0.6281096339225769,0.1531251221895218,0.31105735898017883,-0.5929802656173706,-0.5555410385131836,0.4929408133029938,111.230608,-50.549626,67.875445,-63.299344
2026-08-05T11:50:20.364967,1785927020.364967,27.158109,0.7493882179260254,0.15556904673576355,-0.6242029070854187,0.1568010300397873,0.30114293098449707,-0.5956444144248962,-0.5515895485877991,0.5002684593200684,112.474427,-51.395166,66.730902,-45.363242
2026-08-05T11:50:20.397008,1785927020.397009,27.190151,0.7502245903015137,0.15831582248210907,-0.621504008769989,0.1607235223054886,0.2904931306838989,-0.5982831716537476,-0.5474961996078491,0.5078558325767517,113.935201,-52.225334,45.589661,-25.908907
2026-08-05T11:50:20.413802,1785927020.413802,27.206945,0.7508993744850159,0.16120372712612152,-0.6189244389533997,0.1646084040403366,0.28269320726394653,-0.6003475785255432,-0.541656494140625,0.5160179138183594,115.219714,-52.841607,76.488727,-36.697106
2026-08-05T11:50:20.430932,1785927020.430933,27.224075,0.7511583566665649,0.16252218186855316,-0.6172518730163574,0.168368861079216,0.2784448266029358,-0.6018003821372986,-0.5343896746635437,0.5241479277610779,116.062890,-52.959843,49.221096,-6.902138
2026-08-05T11:50:20.448142,1785927020.448142,27.241284,0.7528213858604431,0.16203734278678894,-0.6144015789031982,0.17179836332798004,0.27529895305633545,-0.6030128598213196,-0.52763432264328,0.5312123894691467,116.666011,-53.190874,35.046225,-13.424796
2026-08-05T11:50:20.451642,1785927020.451643,27.244785,0.7546806335449219,0.16104193031787872,-0.6116390824317932,0.17441394925117493,0.27062028646469116,-0.6045415997505188,-0.5227121710777283,0.5367165803909302,117.308963,-53.589100,183.676371,-113.763859
2026-08-05T11:50:20.464304,1785927020.464305,27.257447,0.7554706335067749,0.16042432188987732,-0.6101686954498291,0.17669813334941864,0.2650151252746582,-0.6064193248748779,-0.5187476873397827,0.5412226915359497,117.993892,-53.933462,54.092555,-27.196127
2026-08-05T11:50:20.481270,1785927020.481270,27.274412,0.7559381127357483,0.16161967813968658,-0.6084755063056946,0.17942802608013153,0.260291188955307,-0.6084029078483582,-0.5146433711051941,0.545193076133728,118.751566,-54.540377,44.659963,-35.773713
2026-08-05T11:50:20.485138,1785927020.485138,27.278281,0.75543612241745,0.16364248096942902,-0.6080159544944763,0.18125702440738678,0.2575664818286896,-0.6101158857345581,-0.5102754235267639,0.5486672520637512,119.411649,-54.883827,170.637259,-88.784751
2026-08-05T11:50:20.498436,1785927020.498436,27.291579,0.7549941539764404,0.16710104048252106,-0.607408344745636,0.18197892606258392,0.2568932771682739,-0.6113743185997009,-0.5062874555587769,0.5512703657150269,120.048326,-55.307304,47.878391,-31.845629
2026-08-05T11:50:20.514882,1785927020.514883,27.308025,0.7539024353027344,0.1716661900281906,-0.6074069142341614,0.1822601556777954,0.2578921616077423,-0.6120530962944031,-0.5033695697784424,0.5527211427688599,120.548877,-55.651954,30.434948,-20.955727
2026-08-05T11:50:20.531521,1785927020.531521,27.324663,0.752159595489502,0.1723785251379013,-0.6097100377082825,0.181095153093338,0.26070070266723633,-0.6119111776351929,-0.5023393630981445,0.5524976849555969,120.403894,-55.110458,-8.713829,32.545185
2026-08-05T11:50:20.547908,1785927020.547908,27.341050,0.7514495253562927,0.16946843266487122,-0.6126757860183716,0.17672747373580933,0.26510387659072876,-0.6111195087432861,-0.5040006041526794,0.5497588515281677,119.789037,-54.149445,-37.521068,58.644889
2026-08-05T11:50:20.602804,1785927020.602804,27.395947,0.7504741549491882,0.16666758060455322,-0.6165919899940491,0.16977937519550323,0.270912230014801,-0.6098418831825256,-0.5079086422920227,0.5447264313697815,119.028008,-53.042897,-13.863065,20.157129
2026-08-05T11:50:20.606024,1785927020.606024,27.398336,0.7487929463386536,0.16464373469352722,-0.621277391910553,0.16191405057907104,0.27851390838623047,-0.6081509590148926,-0.5129343271255493,0.5380328297615051,118.110549,-51.859696,-384.003868,495.230617
2026-08-05T11:50:20.614287,1785927020.614287,27.407429,0.7475103139877319,0.1614362895488739,-0.6256487369537354,0.15404745936393738,0.28756746649742126,-0.6059608459472656,-0.5189808011054993,0.5298810005187988,116.870422,-50.667028,-136.371218,131.152237
2026-08-05T11:50:20.648150,1785927020.648151,27.441293,0.7461210489273071,0.15716268122196198,-0.6301127076148987,0.14683808386325836,0.29663076996803284,-0.6032748222351074,-0.5264170169830322,0.5205318331718445,115.360124,-49.422984,-44.599504,36.736985
2026-08-05T11:50:20.664550,1785927020.664551,27.457693,0.7444668412208557,0.15346354246139526,-0.6345283389091492,0.13997165858745575,0.3054553270339966,-0.600174069404602,-0.5348290801048279,0.5103378891944885,113.801110,-48.277532,-95.062673,69.845220
2026-08-05T11:50:20.681421,1785927020.681421,27.474564,0.7425758838653564,0.15035668015480042,-0.6389343738555908,0.13317973911762238,0.3147122263908386,-0.5967698693275452,-0.5433780550956726,0.49956047534942627,112.208430,-47.200104,-94.404854,63.863724
2026-08-05T11:50:20.698208,1785927020.698209,27.491351,0.7402672171592712,0.14846788346767426,-0.6434865593910217,0.1260429322719574,0.32553157210350037,-0.5926843881607056,-0.5511136651039124,0.4889037013053894,110.605062,-46.052453,-95.508163,68.362303
2026-08-05T11:50:20.714958,1785927020.714959,27.508101,0.7372389435768127,0.1473362147808075,-0.6487895250320435,0.11765740066766739,0.3395523130893707,-0.5872387886047363,-0.5568151473999023,0.47938546538352966,108.892137,-44.427672,-102.266479,97.004063
2026-08-05T11:50:20.731756,1785927020.731756,27.524899,0.7339461445808411,0.14573848247528076,-0.6544104814529419,0.10876790434122086,0.3585096299648285,-0.5796579718589783,-0.5598291158676147,0.4712296724319458,106.794791,-42.220443,-124.860263,131.401929
2026-08-05T11:50:20.748595,1785927020.748595,27.541738,0.7310450077056885,0.14375187456607819,-0.6591742038726807,0.10197161883115768,0.3790922462940216,-0.5706368684768677,-0.5623494982719421,0.4630599617958069,104.385228,-40.106608,-143.093963,125.531905
2026-08-05T11:50:20.752479,1785927020.752480,27.545622,0.7260518074035645,0.14263886213302612,-0.6658602356910706,0.09556806087493896,0.3952183723449707,-0.5622031688690186,-0.5685172080993652,0.45223554968833923,102.116556,-38.219660,-584.023902,485.756660
2026-08-05T11:50:20.764271,1785927020.764271,27.557414,0.7192574739456177,0.14561566710472107,-0.6736440658569336,0.08757007867097855,0.40583041310310364,-0.5557287335395813,-0.5782139301300049,0.43833157420158386,100.584891,-37.064439,-129.893420,97.968892
2026-08-05T11:50:20.781606,1785927020.781607,27.574749,0.7130092978477478,0.14774952828884125,-0.680942952632904,0.07813189178705215,0.4169614613056183,-0.5487139225006104,-0.5871652960777283,0.4246078133583069,99.033300,-35.782758,-89.505347,73.935289
2026-08-05T11:50:20.798246,1785927020.798246,27.591388,0.7101315259933472,0.1436883807182312,-0.685876727104187,0.06811866164207458,0.4336262047290802,-0.5392574667930603,-0.5912375450134277,0.41425448656082153,96.760883,-33.737428,-136.567849,122.920384
2026-08-05T11:50:20.814804,1785927020.814805,27.607947,0.7081162929534912,0.1461140662431717,-0.6879975199699402,0.06230033561587334,0.4546506702899933,-0.5277588367462158,-0.591758131980896,0.40568986535072327,94.743970,-32.578353,-121.805976,69.999136
2026-08-05T11:50:20.831560,1785927020.831560,27.624702,0.7001463770866394,0.15661823749542236,-0.6940013766288757,0.060231633484363556,0.4706346094608307,-0.517632782459259,-0.5948358178138733,0.3958893418312073,93.512303,-32.117173,-73.507876,27.523978
2026-08-05T11:50:20.848214,1785927020.848215,27.641357,0.6929391026496887,0.16690269112586975,-0.6991285085678101,0.05655430257320404,0.47826147079467773,-0.5114238262176514,-0.602920413017273,0.38235771656036377,92.867756,-32.516617,-38.700541,-23.983785
2026-08-05T11:50:20.864959,1785927020.864959,27.658102,0.6898782849311829,0.17324988543987274,-0.7010263800621033,0.05113234370946884,0.4852924644947052,-0.5060099363327026,-0.6107025742530823,0.36808478832244873,92.094234,-33.115300,-46.195227,-35.753759
2026-08-05T11:50:20.881254,1785927020.881254,27.674397,0.6879833340644836,0.17527315020561218,-0.7027932405471802,0.0451660081744194,0.49881991744041443,-0.4968259930610657,-0.6141958236694336,0.3565177321434021,90.525753,-32.689780,-96.257025,26.113949
2026-08-05T11:50:20.898017,1785927020.898018,27.691160,0.6860942840576172,0.17812524735927582,-0.7041262984275818,0.041859306395053864,0.5173637270927429,-0.48350048065185547,-0.614364504814148,0.348019003868103,88.550383,-31.887845,-117.837961,47.838314
2026-08-05T11:50:20.902980,1785927020.902980,27.696122,0.6859027743339539,0.18250368535518646,-0.703230619430542,0.041188985109329224,0.5328428149223328,-0.4707825779914856,-0.6164838671684265,0.33821427822113037,86.725669,-31.888840,-367.704657,-0.200518
2026-08-05T11:50:20.914262,1785927020.914263,27.707405,0.684669554233551,0.1842590719461441,-0.7041240334510803,0.03854643926024437,0.540563702583313,-0.46282339096069336,-0.6229368448257446,0.3248598277568817,85.220596,-32.103240,-133.399570,-19.002966
2026-08-05T11:50:20.948098,1785927020.948099,27.741241,0.6852350831031799,0.18533480167388916,-0.7034676671028137,0.035174354910850525,0.5466150641441345,-0.45618143677711487,-0.6298053860664368,0.3105713129043579,83.855884,-32.602538,-40.332961,-14.756355
2026-08-05T11:50:20.964673,1785927020.964673,27.756832,0.6867013573646545,0.18623778223991394,-0.7019026279449463,0.03300657868385315,0.5573739409446716,-0.44624093174934387,-0.6335428953170776,0.2980356812477112,82.094965,-32.799237,-112.945313,-12.616255
2026-08-05T11:50:20.981298,1785927020.981298,27.774441,0.6877841353416443,0.18705470860004425,-0.7005961537361145,0.03359402343630791,0.5725361108779907,-0.43199464678764343,-0.6348384618759155,0.28733572363853455,79.759238,-32.577131,-132.646613,12.613449
2026-08-05T11:50:20.998545,1785927020.998545,27.791324,0.6887160539627075,0.18629828095436096,-0.6999378204345703,0.032407116144895554,0.5876901149749756,-0.4162188172340393,-0.6364957094192505,0.2761412560939789,77.172957,-31.911671,-153.185068,39.415130
2026-08-05T11:50:21.033859,1785927021.033859,27.824787,0.6845647692680359,0.18592190742492676,-0.7041810750961304,0.03055061586201191,0.5996028184890747,-0.4022634029388428,-0.64031583070755,0.2620207667350769,74.768598,-31.207458,-71.851792,21.044654
2026-08-05T11:50:21.048330,1785927021.048331,27.841473,0.6809855699539185,0.18383274972438812,-0.7082579135894775,0.02889825403690338,0.608454704284668,-0.39063236117362976,-0.6458157896995544,0.24517320096492767,72.386960,-30.878341,-142.730956,19.723917
2026-08-05T11:50:21.052441,1785927021.052441,27.845584,0.6824020147323608,0.18592342734336853,-0.7063514590263367,0.028770092874765396,0.6178327798843384,-0.3780604302883148,-0.6506074070930481,0.22817063331604004,70.340830,-31.482556,-497.743386,-146.981774
2026-08-05T11:50:21.064634,1785927021.064635,27.857777,0.6831587553024292,0.19283375144004822,-0.7036037445068359,0.03242037445306778,0.629433810710907,-0.3621702790260315,-0.6537041068077087,0.21287424862384796,68.413329,-32.392348,-158.079933,-74.614723
2026-08-05T11:50:21.081213,1785927021.081213,27.874356,0.6835234761238098,0.19790774583816528,-0.7017132043838501,0.03502868860960007,0.6417431235313416,-0.3440544903278351,-0.6560434699058533,0.198489248752594,66.169708,-32.708940,-135.331766,-19.096338
2026-08-05T11:50:21.098302,1785927021.098302,27.891444,0.6842449307441711,0.20157523453235626,-0.6998831629753113,0.0366068072617054,0.6523192524909973,-0.32662802934646606,-0.6590490341186523,0.1828840672969818,63.911154,-32.973729,-132.165042,-15.494773
2026-08-05T11:50:21.114757,1785927021.114758,27.907900,0.6834890246391296,0.2061515897512436,-0.6991410851478577,0.03931865841150284,0.6607937812805176,-0.31070470809936523,-0.6630023717880249,0.16504745185375214,61.900257,-33.640984,-122.201042,-40.548683
2026-08-05T11:50:21.132078,1785927021.132079,27.925221,0.6835147738456726,0.20911341905593872,-0.698041558265686,0.0426301509141922,0.6692744493484497,-0.2940407395362854,-0.6663166880607605,0.14708031713962555,59.693806,-34.180487,-127.385078,-31.147149
2026-08-05T11:50:21.148052,1785927021.148052,27.941195,0.6850365996360779,0.21048668026924133,-0.6959655284881592,0.04530225694179535,0.6785184741020203,-0.2751617431640625,-0.6685468554496765,0.13016332685947418,57.177992,-34.305064,-157.498556,-7.798972
2026-08-05T11:50:21.164538,1785927021.164539,27.956721,0.6856383681297302,0.21112744510173798,-0.6951156258583069,0.04625507444143295,0.6871745586395264,-0.25604596734046936,-0.6703778505325317,0.11324281990528107,54.673318,-34.158043,-161.320703,9.469293
2026-08-05T11:50:21.181315,1785927021.181316,27.974458,0.6856193542480469,0.21489258110523224,-0.693780779838562,0.0491488091647625,0.6938281655311584,-0.23834922909736633,-0.6729409694671631,0.09455970674753189,52.724643,-34.706279,-109.864035,-30.908859
2026-08-05T11:50:21.197942,1785927021.197942,27.991085,0.6857444643974304,0.21804845333099365,-0.6923518180847168,0.05346544459462166,0.6987431645393372,-0.22193117439746857,-0.6760132312774658,0.07422512024641037,50.949354,-35.536937,-106.774053,-49.959595
2026-08-05T11:50:21.204323,1785927021.204323,27.996666,0.6874306797981262,0.2209305465221405,-0.6892950534820557,0.0591704286634922,0.7033934593200684,-0.20557689666748047,-0.6783105731010437,0.05356521159410477,49.308322,-36.527704,-294.019104,-177.513023
2026-08-05T11:50:21.230883,1785927021.230884,28.024026,0.687698483467102,0.22491726279258728,-0.6872476935386658,0.06460469961166382,0.7083196640014648,-0.18855510652065277,-0.6794042587280273,0.033746302127838135,47.928023,-37.442603,-50.449126,-33.439043
2026-08-05T11:50:21.247735,1785927021.247735,28.040878,0.6864578723907471,0.23025767505168915,-0.686296820640564,0.06894802302122116,0.7132652997970581,-0.1711135357618332,-0.679532527923584,0.01438882201910019,46.850366,-38.304130,-63.950509,-51.124872
2026-08-05T11:50:21.264589,1785927021.264589,28.057732,0.6843558549880981,0.23734097182750702,-0.6855699419975281,0.07294139266014099,0.7172547578811646,-0.15474320948123932,-0.6793988347053528,-0.004009775351732969,46.260566,-39.308227,-34.994584,-59.576019
2026-08-05T11:50:21.281654,1785927021.281654,28.074386,0.680982768535614,0.24555297195911407,-0.6855954527854919,0.07697555422782898,0.7202512621879578,-0.13940320909023285,-0.6792567372322083,-0.020341984927654266,46.037226,-40.333163,-13.410569,-61.542885
2026-08-05T11:50:21.297940,1785927021.297940,28.091083,0.6784882545471191,0.2536763548851013,-0.6846989393234253,0.08055736869573593,0.7231495380401611,-0.12322848290205002,-0.6787844300270081,-0.03346439078450203,45.720237,-41.014297,-18.984881,-40.793991
2026-08-05T11:50:21.314453,1785927021.314454,28.107596,0.6789447665214539,0.25787386298179626,-0.6824702024459839,0.08227913081645966,0.7267710566520691,-0.10525522381067276,-0.6774618029594421,-0.04206275939941406,44.608393,-40.718741,-67.328035,17.897499
2026-08-05T11:50:21.331264,1785927021.331265,28.124407,0.6770092248916626,0.26313015818595886,-0.6821327805519104,0.08435609191656113,0.730649471282959,-0.08601949363946915,-0.6757521629333496,-0.045932963490486145,43.409905,-40.072224,-71.293360,38.458760
2026-08-05T11:50:21.347857,1785927021.347857,28.141000,0.6758702993392944,0.26872870326042175,-0.6807531118392944,0.08694509416818619,0.733720064163208,-0.06782784312963486,-0.6744328141212463,-0.046835172921419144,42.273334,-39.353526,-68.499057,43.314640
2026-08-05T11:50:21.352842,1785927021.352843,28.145985,0.6759649515151978,0.27338770031929016,-0.6787164211273193,0.0876057967543602,0.7361704111099243,-0.05311485752463341,-0.6731210947036743,-0.04624858871102333,41.248182,-38.575053,-205.613961,156.137656
2026-08-05T11:50:21.364222,1785927021.364223,28.157365,0.6765821576118469,0.2747497260570526,-0.6776326298713684,0.08696775138378143,0.7382928729057312,-0.041653409600257874,-0.6716885566711426,-0.044965606182813644,40.124818,-37.615615,-98.718408,84.313047
2026-08-05T11:50:21.368021,1785927021.368021,28.161164,0.6760995388031006,0.27586373686790466,-0.677744448184967,0.08631931245326996,0.7400611042976379,-0.033196404576301575,-0.670280933380127,-0.04392978549003601,39.327009,-36.906761,-210.020271,186.603245
2026-08-05T11:50:21.397753,1785927021.397753,28.190895,0.6782163381576538,0.27449506521224976,-0.67619389295578,0.08623837679624557,0.7415119409561157,-0.027374207973480225,-0.6689988374710083,-0.04301336780190468,38.511688,-36.235203,-27.422575,22.587226
2026-08-05T11:50:21.448014,1785927021.448014,28.241157,0.6792798042297363,0.2739391326904297,-0.6751936674118042,0.08746303617954254,0.7427245378494263,-0.02465118281543255,-0.6678261756896973,-0.04194672778248787,38.179065,-35.987595,-6.617849,4.926399
2026-08-05T11:50:21.464441,1785927021.464442,28.257584,0.6805906891822815,0.27172958850860596,-0.6746522188186646,0.08833907544612885,0.743526041507721,-0.025845641270279884,-0.6669477820396423,-0.04099375754594803,38.058987,-35.894655,-7.309785,5.657735
2026-08-05T11:50:21.481388,1785927021.481389,28.274531,0.6828792095184326,0.26784875988960266,-0.6739426851272583,0.08794670552015305,0.7436814904212952,-0.031675443053245544,-0.6665770411491394,-0.04010411724448204,38.158095,-35.934684,5.847998,-2.361962
2026-08-05T11:50:21.498342,1785927021.498343,28.291485,0.684151828289032,0.2627353072166443,-0.6748102307319641,0.08681946992874146,0.742905855178833,-0.042401671409606934,-0.6669008135795593,-0.039178114384412766,38.617425,-36.207622,27.092835,-16.098814
2026-08-05T11:50:21.502063,1785927021.502063,28.295205,0.6846837401390076,0.25743281841278076,-0.6765648126602173,0.08483341336250305,0.7408866286277771,-0.05766180530190468,-0.6680544018745422,-0.03826456889510155,39.503565,-36.765631,238.191361,-149.990921
2026-08-05T11:50:21.513965,1785927021.513966,28.307108,0.6853380799293518,0.2503878176212311,-0.6789832711219788,0.0812380388379097,0.737604558467865,-0.07618875056505203,-0.6699327826499939,-0.036380182951688766,40.447448,-37.226142,79.300802,-38.690032
2026-08-05T11:50:21.530113,1785927021.530113,28.323255,0.6863466501235962,0.24193863570690155,-0.6815885305404663,0.07636217772960663,0.7335993647575378,-0.09647343307733536,-0.6719018816947937,-0.03273450583219528,41.341541,-37.469042,55.370803,-15.042721
2026-08-05T11:50:21.547399,1785927021.547400,28.340542,0.6865767240524292,0.23431314527988434,-0.684630274772644,0.07064966857433319,0.7288969159126282,-0.1177121251821518,-0.6738742589950562,-0.027305258437991142,42.411296,-37.658907,61.883719,-10.983400
2026-08-05T11:50:21.564572,1785927021.564572,28.357715,0.6852644681930542,0.2269059419631958,-0.6890110373497009,0.06473199278116226,0.7233402729034424,-0.13965672254562378,-0.6759048104286194,-0.020652007311582565,43.638843,-37.796203,71.481986,-7.994931
2026-08-05T11:50:21.581202,1785927021.581202,28.374345,0.684445321559906,0.21995359659194946,-0.692600667476654,0.0588168166577816,0.7170270681381226,-0.16164660453796387,-0.6779252886772156,-0.012592202983796597,44.963163,-37.865385,79.634679,-4.160106
2026-08-05T11:50:21.597811,1785927021.597812,28.390954,0.6832133531570435,0.21366816759109497,-0.6962219476699829,0.05329578369855881,0.7101601958274841,-0.18341703712940216,-0.6797203421592712,-0.00314582628197968,46.419124,-37.889293,87.658702,-1.439441
2026-08-05T11:50:21.615143,1785927021.615144,28.408286,0.681306779384613,0.2078351527452469,-0.700209379196167,0.04829748347401619,0.7030686736106873,-0.20451487600803375,-0.6810325980186462,0.007850060239434242,47.943743,-37.801181,87.965201,5.083761
2026-08-05T11:50:21.630903,1785927021.630903,28.424046,0.6794114708900452,0.2018151730298996,-0.7041293978691101,0.043272893875837326,0.6959160566329956,-0.22450637817382812,-0.6818149089813232,0.020614445209503174,49.406892,-37.452403,92.842509,22.131304
2026-08-05T11:50:21.697809,1785927021.697809,28.490952,0.6773629784584045,0.19683770835399628,-0.7077920436859131,0.03827640414237976,0.6883931756019592,-0.24464428424835205,-0.6819841861724854,0.03406677767634392,51.117313,-37.154526,25.564550,4.452181
2026-08-05T11:50:21.714235,1785927021.714236,28.507378,0.6751938462257385,0.19224593043327332,-0.711359977722168,0.033493950963020325,0.6791689991950989,-0.26633384823799133,-0.6823200583457947,0.047264594584703445,53.155548,-37.044721,124.083441,6.684718
2026-08-05T11:50:21.732129,1785927021.732129,28.525271,0.6732328534126282,0.1883619874715805,-0.7144297361373901,0.029453083872795105,0.6675885915756226,-0.28985512256622314,-0.6831626296043396,0.05997567996382713,55.574787,-37.250303,135.201707,-11.489177
2026-08-05T11:50:21.747874,1785927021.747874,28.541017,0.6724494099617004,0.18637734651565552,-0.7157825827598572,0.027031410485506058,0.6549941301345825,-0.31293511390686035,-0.6838178038597107,0.0737995132803917,58.243716,-37.691225,169.505323,-28.003247
2026-08-05T11:50:21.764575,1785927021.764575,28.557718,0.6729880571365356,0.18711307644844055,-0.7150764465332031,0.02722938545048237,0.6439135074615479,-0.3332792818546295,-0.6827415823936462,0.09035007655620575,60.993427,-38.245745,164.645989,-33.203298
2026-08-05T11:50:21.781284,1785927021.781284,28.574427,0.6728721261024475,0.18969856202602386,-0.7144333720207214,0.029027624055743217,0.624218225479126,-0.36791756749153137,-0.6774967312812805,0.12643277645111084,66.157249,-38.828493,309.042690,-34.876133
2026-08-05T11:50:21.797943,1785927021.797943,28.591085,0.6730378866195679,0.18980835378170013,-0.714209794998169,0.02995257079601288,0.6110696792602539,-0.38723957538604736,-0.6755837798118591,0.14221371710300446,68.916146,-39.406163,165.612168,-34.676559
2026-08-05T11:50:21.803905,1785927021.803905,28.597048,0.6726657152175903,0.18652911484241486,-0.7154725790023804,0.028756173327565193,0.5971694588661194,-0.4065624475479126,-0.6732157468795776,0.15771815180778503,71.404060,-39.478247,417.269184,-12.089943
2026-08-05T11:50:21.806023,1785927021.806023,28.599166,0.6726008653640747,0.1838150918483734,-0.7162979245185852,0.0271583441644907,0.5845399498939514,-0.4237384498119354,-0.6695618033409119,0.17448462545871735,73.812861,-39.317540,1137.368295,75.881778
2026-08-05T11:50:21.813210,1785927021.813211,28.606353,0.6725289225578308,0.18140879273414612,-0.7170897722244263,0.02404576726257801,0.5715681314468384,-0.439747154712677,-0.665702760219574,0.19175803661346436,76.261824,-38.919658,340.720329,55.356612
2026-08-05T11:50:21.830536,1785927021.830537,28.623679,0.6727235317230225,0.18151016533374786,-0.7168391942977905,0.025277504697442055,0.5561041831970215,-0.4559929370880127,-0.6628232002258301,0.2085256576538086,78.978130,-39.221691,156.779545,-17.432736
2026-08-05T11:50:21.847445,1785927021.847446,28.640588,0.6728096008300781,0.182461678981781,-0.7164725065231323,0.02649817429482937,0.5387372970581055,-0.47200697660446167,-0.6604293584823608,0.22539615631103516,81.862380,-39.584461,170.571216,-21.453800
2026-08-05T11:50:21.864476,1785927021.864476,28.657619,0.6743106842041016,0.18399359285831451,-0.7145574688911438,0.029314085841178894,0.5220484733581543,-0.48629501461982727,-0.6570463180541992,0.24345804750919342,84.676432,-40.030561,165.236242,-26.194174
2026-08-05T11:50:21.881071,1785927021.881071,28.674213,0.6762529611587524,0.18433305621147156,-0.7124959826469421,0.0324503518640995,0.5077987909317017,-0.4983390271663666,-0.6516289114952087,0.26301562786102295,87.169013,-40.099234,150.203879,-4.138261
2026-08-05T11:50:21.897788,1785927021.897789,28.690931,0.6765844225883484,0.1823805868625641,-0.712561309337616,0.0350324884057045,0.4960738718509674,-0.5084405541419983,-0.6444190144538879,0.283058226108551,89.202484,-39.459876,121.634280,38.243878
2026-08-05T11:50:21.914600,1785927021.914601,28.707743,0.6772181987762451,0.17720197141170502,-0.7130225300788879,0.039675530046224594,0.48409366607666016,-0.5178906917572021,-0.6374310851097107,0.30186590552330017,90.736824,-38.677385,91.265407,46.544017
2026-08-05T11:50:21.931238,1785927021.931238,28.724380,0.6824311017990112,0.16911658644676208,-0.7096055150032043,0.04634224623441696,0.4692092537879944,-0.527976930141449,-0.6321229934692383,0.3185945749282837,92.067269,-38.564503,79.967514,6.784871
2026-08-05T11:50:21.947877,1785927021.947877,28.741019,0.6879670023918152,0.16343984007835388,-0.7050665616989136,0.053573135286569595,0.4518587291240692,-0.5382599830627441,-0.6281958222389221,0.33386942744255066,93.733497,-39.044858,100.139946,-28.869252
2026-08-05T11:50:21.952314,1785927021.952315,28.745457,0.6909528970718384,0.16417337954044342,-0.7011814713478088,0.06305552273988724,0.4356607496738434,-0.5470538139343262,-0.6236263513565063,0.3493148684501648,95.786944,-39.978312,462.729292,-210.346941
2026-08-05T11:50:21.964021,1785927021.964021,28.757164,0.6944963932037354,0.16502177715301514,-0.6965236663818359,0.07278451323509216,0.4235866069793701,-0.5537276268005371,-0.6167328357696533,0.36551252007484436,97.556463,-40.753057,151.155823,-66.180250
2026-08-05T11:50:21.980883,1785927021.980884,28.774026,0.6997498869895935,0.16453495621681213,-0.6903996467590332,0.0814063623547554,0.41402769088745117,-0.5590000748634338,-0.6086186170578003,0.38168296217918396,99.067103,-41.411802,89.587599,-39.066484
2026-08-05T11:50:21.997631,1785927021.997632,28.790774,0.7048496007919312,0.1643618643283844,-0.684169590473175,0.0899130180478096,0.4030996263027191,-0.5644196271896362,-0.6016654372215271,0.3961547613143921,100.622524,-42.313061,92.870972,-53.812353
2026-08-05T11:50:22.014258,1785927022.014258,28.807400,0.710936427116394,0.1658916026353836,-0.6763678789138794,0.09785695374011993,0.3892425298690796,-0.5706294178962708,-0.5964537262916565,0.4087960720062256,102.563673,-43.906994,116.751275,-95.867829
2026-08-05T11:50:22.031277,1785927022.031277,28.824420,0.7173707485198975,0.1663217842578888,-0.6683818101882935,0.1047956794500351,0.37434121966362,-0.5768246650695801,-0.5921414494514465,0.4201301634311676,104.472409,-45.579709,112.151494,-98.283587
2026-08-05T11:50:22.047707,1785927022.047707,28.840850,0.7241649031639099,0.16603046655654907,-0.6599643230438232,0.11165226995944977,0.3598301410675049,-0.5822336673736572,-0.5884058475494385,0.4304693341255188,106.217536,-47.314535,106.216522,-105.589534
2026-08-05T11:50:22.064404,1785927022.064404,28.857547,0.7295675277709961,0.16542744636535645,-0.65290367603302,0.11866679787635803,0.34643396735191345,-0.5867197513580322,-0.584610641002655,0.44042330980300903,107.736244,-48.752636,90.957320,-86.129657
2026-08-05T11:50:22.081276,1785927022.081277,28.874419,0.7338911890983582,0.16345299780368805,-0.6474762558937073,0.12434336543083191,0.3338131606578827,-0.5905431509017944,-0.5810475945472717,0.44967779517173767,109.016488,-49.727246,75.877975,-57.763581
2026-08-05T11:50:22.097700,1785927022.097700,28.890842,0.7396541237831116,0.15862466394901276,-0.6408308744430542,0.13071279227733612,0.31973031163215637,-0.5942814350128174,-0.5789578557014465,0.45761215686798096,110.073311,-50.897856,64.348338,-71.276666
2026-08-05T11:50:22.103336,1785927022.103336,28.896479,0.7447092533111572,0.15593737363815308,-0.6338502168655396,0.13901805877685547,0.30372580885887146,-0.5978779792785645,-0.5792942643165588,0.463367760181427,111.256745,-52.667197,209.969673,-313.923614
2026-08-05T11:50:22.114443,1785927022.114443,28.907585,0.7464985847473145,0.15606045722961426,-0.6303132772445679,0.1452254354953766,0.2889227569103241,-0.6011031866073608,-0.5795181393623352,0.4683549404144287,112.555534,-53.982106,116.937090,-118.388445
2026-08-05T11:50:22.132694,1785927022.132694,28.925837,0.7480029463768005,0.15456369519233704,-0.6277015805244446,0.1503085196018219,0.27961647510528564,-0.6033295392990112,-0.5769081115722656,0.47432467341423035,113.358902,-54.594122,44.016771,-33.532535
2026-08-05T11:50:22.164721,1785927022.164722,28.957864,0.7492798566818237,0.15371952950954437,-0.6251437664031982,0.15538856387138367,0.27487778663635254,-0.6045880317687988,-0.5721573829650879,0.4811968505382538,113.885508,-54.899481,16.442322,-9.534280
2026-08-05T11:50:22.181373,1785927022.181373,28.974515,0.7506456971168518,0.15386438369750977,-0.6221849322319031,0.16044579446315765,0.2699422538280487,-0.6059052348136902,-0.5678523182868958,0.48739340901374817,114.508310,-55.438122,37.402887,-32.348597
2026-08-05T11:50:22.198235,1785927022.198235,28.991377,0.752086341381073,0.15417024493217468,-0.6192824840545654,0.16458141803741455,0.26154544949531555,-0.6076620221138,-0.5662930011749268,0.49158093333244324,115.363430,-56.308230,50.713104,-51.601948
2026-08-05T11:50:22.202826,1785927022.202826,28.995969,0.7527510523796082,0.1524522304534912,-0.6178960204124451,0.16831158101558685,0.25065210461616516,-0.6094934940338135,-0.5665054321289062,0.4947338402271271,116.114561,-56.900029,163.601500,-128.897823
2026-08-05T11:50:22.230799,1785927022.230799,29.022905,0.7545562982559204,0.1483035683631897,-0.6157344579696655,0.1718200147151947,0.24166791141033173,-0.610771656036377,-0.5651979446411133,0.49910396337509155,116.590717,-57.194072,17.676795,-10.916058
2026-08-05T11:50:22.247634,1785927022.247635,29.040777,0.7554938793182373,0.14786846935749054,-0.613298773765564,0.17671705782413483,0.23587772250175476,-0.6121166944503784,-0.560407280921936,0.5055862665176392,117.236946,-57.601912,36.159512,-22.820522
2026-08-05T11:50:22.251851,1785927022.251851,29.044994,0.7565470337867737,0.152133047580719,-0.6094993352890015,0.1816668063402176,0.23096206784248352,-0.613979160785675,-0.5532231330871582,0.5134482383728027,118.433325,-58.598686,283.725890,-236.388785
2026-08-05T11:50:22.264230,1785927022.264230,29.057373,0.7578471899032593,0.15752564370632172,-0.6052416563034058,0.18583859503269196,0.22303350269794464,-0.6165989637374878,-0.546529233455658,0.5209286212921143,120.067965,-60.055285,132.047639,-117.665371
2026-08-05T11:50:22.297540,1785927022.297540,29.090683,0.7581368088722229,0.16266527771949768,-0.6022872924804688,0.18978576362133026,0.21319565176963806,-0.6192875504493713,-0.5407673716545105,0.5278258323669434,121.743480,-61.381001,50.301124,-39.799683
2026-08-05T11:50:22.313067,1785927022.313067,29.106210,0.7583191394805908,0.16668455302715302,-0.5997401475906372,0.19359810650348663,0.2060047686100006,-0.6214203834533691,-0.5347159504890442,0.534299910068512,123.051141,-62.384482,84.217134,-64.627130
2026-08-05T11:50:22.347521,1785927022.347521,29.140664,0.7589303255081177,0.16886383295059204,-0.5975043773651123,0.19621019065380096,0.20415927469730377,-0.6224916577339172,-0.5279384851455688,0.5404655337333679,123.760366,-62.776321,20.584771,-11.372845
2026-08-05T11:50:22.363981,1785927022.363981,29.157123,0.7600374221801758,0.16825999319553375,-0.5960448980331421,0.1968814581632614,0.20621280372142792,-0.6225314736366272,-0.5220237374305725,0.5453631281852722,123.865964,-62.509214,6.415583,16.227943
2026-08-05T11:50:22.380103,1785927022.380103,29.173246,0.7617082595825195,0.16568902134895325,-0.5949229598045349,0.19599619507789612,0.2087152600288391,-0.6220635771751404,-0.5189640522003174,0.5478594303131104,123.667276,-62.101180,-12.323747,25.308604
2026-08-05T11:50:22.401231,1785927022.401232,29.192975,0.7631072998046875,0.16265466809272766,-0.5947713255882263,0.19353985786437988,0.21141624450683594,-0.621461808681488,-0.518344521522522,0.5480932593345642,123.330224,-61.604878,-17.084226,25.156075
2026-08-05T11:50:22.417190,1785927022.417191,29.210333,0.7634528279304504,0.1604664921760559,-0.5959981083869934,0.1902017891407013,0.21701262891292572,-0.6206520199775696,-0.5182165503501892,0.5469434261322021,122.763568,-60.842669,-32.643747,43.909145
2026-08-05T11:50:22.433491,1785927022.433491,29.226634,0.7632926106452942,0.15874718129634857,-0.598099410533905,0.1856362372636795,0.22564561665058136,-0.6193358302116394,-0.5186337232589722,0.5445412993431091,121.949215,-59.825171,-49.959652,62.422390
2026-08-05T11:50:22.447769,1785927022.447769,29.240912,0.7623781561851501,0.1574825495481491,-0.6013777852058411,0.1797879934310913,0.23512478172779083,-0.6172735095024109,-0.5211365222930908,0.5404676198959351,120.974929,-58.573609,-68.236065,87.655650
2026-08-05T11:50:22.464421,1785927022.464421,29.257564,0.7603920698165894,0.1541462242603302,-0.6067893505096436,0.17277057468891144,0.24476704001426697,-0.614643931388855,-0.5260193347930908,0.534419596195221,119.617351,-56.762945,-81.527055,108.736384
2026-08-05T11:50:22.497750,1785927022.497751,29.290893,0.7579679489135742,0.1488703340291977,-0.6134962439537048,0.16414830088615417,0.25710761547088623,-0.6113930344581604,-0.5314090251922607,0.5269702076911926,117.820518,-54.442917,-53.911619,69.609372
2026-08-05T11:50:22.514256,1785927022.514257,29.306404,0.7554442286491394,0.14489327371120453,-0.6203900575637817,0.15305644273757935,0.2742967903614044,-0.60708087682724,-0.5361788868904114,0.5183871388435364,115.821886,-51.951467,-128.850244,160.621853
2026-08-05T11:50:22.530522,1785927022.530523,29.322870,0.7510121464729309,0.14210021495819092,-0.6293854713439941,0.14022234082221985,0.29518264532089233,-0.6018322110176086,-0.5409018993377686,0.5080249905586243,113.562401,-49.063697,-137.218095,175.373712
2026-08-05T11:50:22.547635,1785927022.547636,29.340778,0.7458038926124573,0.13521750271320343,-0.6393120288848877,0.1295112669467926,0.3148938715457916,-0.5965120196342468,-0.5479936003684998,0.4946889579296112,110.695083,-46.139243,-160.115044,163.305623
2026-08-05T11:50:22.563521,1785927022.563521,29.356663,0.7440281510353088,0.12825177609920502,-0.6446769833564758,0.11985618621110916,0.3295007646083832,-0.5915864706039429,-0.5590916872024536,0.47840359807014465,108.102799,-44.640165,-163.191959,94.371437
2026-08-05T11:50:22.567364,1785927022.567365,29.360012,0.7410333156585693,0.12896059453487396,-0.6496603488922119,0.11036469787359238,0.3404996395111084,-0.5865752100944519,-0.5716120600700378,0.46178799867630005,106.404016,-43.942995,-507.313086,208.198105
2026-08-05T11:50:22.580622,1785927022.580623,29.373765,0.7331053018569946,0.1348145753145218,-0.6591424942016602,0.09956412017345428,0.35548412799835205,-0.5794398188591003,-0.5809378623962402,0.44765034317970276,104.823695,-42.219282,-114.903959,125.329843
2026-08-05T11:50:22.596719,1785927022.596720,29.389862,0.7266295552253723,0.1363261342048645,-0.6673785448074341,0.08961367607116699,0.3758179843425751,-0.5697736740112305,-0.5865706205368042,0.43595021963119507,102.497940,-39.845807,-144.487399,147.451997
2026-08-05T11:50:22.613339,1785927022.613339,29.406481,0.7257081866264343,0.1384507715702057,-0.669044017791748,0.0809883177280426,0.395325243473053,-0.5591744780540466,-0.5927721858024597,0.42386534810066223,100.357914,-38.710219,-128.766426,68.328847
2026-08-05T11:50:22.630194,1785927022.630194,29.423337,0.7197779417037964,0.14296413958072662,-0.6754553914070129,0.0723956897854805,0.40941891074180603,-0.5501434206962585,-0.6025990843772888,0.4081563949584961,98.521473,-37.643793,-108.952162,63.268856
2026-08-05T11:50:22.647465,1785927022.647465,29.440608,0.709862232208252,0.14932368695735931,-0.6854743361473083,0.06263585388660431,0.4217848777770996,-0.5421254634857178,-0.6131299138069153,0.3902154862880707,96.913754,-36.508264,-93.087530,65.747545
2026-08-05T11:50:22.663957,1785927022.663957,29.457099,0.7013632655143738,0.15491826832294464,-0.693772554397583,0.05262894183397293,0.43821337819099426,-0.5319414138793945,-0.6205660104751587,0.3740376830101013,95.067399,-35.194127,-111.958569,79.686125
2026-08-05T11:50:22.680850,1785927022.680850,29.473992,0.6962473392486572,0.16077126562595367,-0.6981421709060669,0.04460828751325607,0.46013253927230835,-0.518234133720398,-0.624128520488739,0.3607962727546692,92.917890,-34.021231,-127.241452,69.430289
2026-08-05T11:50:22.714322,1785927022.714322,29.507464,0.6927713751792908,0.1669987589120865,-0.7004836797714233,0.03875698894262314,0.48223936557769775,-0.5028495192527771,-0.6275331974029541,0.3475462794303894,90.638906,-33.221688,-68.086180,23.886873
2026-08-05T11:50:22.718968,1785927022.718968,29.512111,0.6899775266647339,0.17251454293727875,-0.7021311521530151,0.0343804806470871,0.5000011324882507,-0.4888429045677185,-0.6336079239845276,0.3310157358646393,88.399507,-33.081678,-481.974375,30.133628
2026-08-05T11:50:22.730236,1785927022.730237,29.523379,0.6871971487998962,0.17748421430587769,-0.7037221789360046,0.03216831758618355,0.5142748951911926,-0.47688964009284973,-0.6408244967460632,0.3121543824672699,86.265418,-33.543304,-189.391504,-40.967331
2026-08-05T11:50:22.747223,1785927022.747223,29.540366,0.6859537959098816,0.18049177527427673,-0.7041969299316406,0.03157668560743332,0.5296047329902649,-0.4640551805496216,-0.6466224193572998,0.2933424711227417,83.829620,-34.035352,-143.393157,-28.966437
2026-08-05T11:50:22.762898,1785927022.762899,29.556041,0.6850923299789429,0.18395543098449707,-0.7041639089584351,0.03102114237844944,0.547122597694397,-0.4486256539821625,-0.6503528356552124,0.27646344900131226,81.276993,-34.206564,-162.841343,-10.922225
2026-08-05T11:50:22.780764,1785927022.780764,29.573906,0.6841839551925659,0.1887989044189453,-0.703755259513855,0.031240742653608322,0.5656696557998657,-0.43069928884506226,-0.6530604362487793,0.2608191668987274,78.670584,-34.251488,-145.893264,-2.514601
2026-08-05T11:50:22.797436,1785927022.797437,29.590579,0.683889627456665,0.19310328364372253,-0.7028270959854126,0.03225110471248627,0.5830894708633423,-0.41184917092323303,-0.6564072966575623,0.2439570426940918,75.918453,-34.386822,-165.068987,-8.117129
2026-08-05T11:50:22.813938,1785927022.813938,29.607081,0.684506356716156,0.19557397067546844,-0.7015286087989807,0.03255043178796768,0.5972339510917664,-0.39422348141670227,-0.6616246700286865,0.22394424676895142,73.136225,-34.721151,-168.602815,-20.260339
2026-08-05T11:50:22.830675,1785927022.830676,29.623818,0.6848902106285095,0.19676795601844788,-0.7007440328598022,0.034140750765800476,0.6099275350570679,-0.3777357339859009,-0.6662254929542542,0.20358425378799438,70.386732,-35.145468,-164.274167,-25.351704
2026-08-05T11:50:22.864295,1785927022.864295,29.657135,0.6835134625434875,0.1986066997051239,-0.7015621662139893,0.03428282588720322,0.6230849027633667,-0.3601939380168915,-0.6693892478942871,0.1842346489429474,67.744010,-35.232733,-79.320314,-2.619228
2026-08-05T11:50:22.867977,1785927022.867978,29.661120,0.6826146841049194,0.20082098245620728,-0.7017764449119568,0.0348999910056591,0.6357125639915466,-0.3417176306247711,-0.6720353364944458,0.16572822630405426,65.141859,-35.292338,-652.998277,-14.957588
2026-08-05T11:50:22.871380,1785927022.871381,29.664523,0.6847965121269226,0.20436114072799683,-0.6985397934913635,0.036502525210380554,0.6469351053237915,-0.323294073343277,-0.6748635172843933,0.1466762125492096,62.761950,-35.803526,-699.366826,-150.219157
2026-08-05T11:50:22.913653,1785927022.913653,29.706795,0.6866732835769653,0.2081889510154724,-0.6953499913215637,0.04031919687986374,0.6571536660194397,-0.30472105741500854,-0.6777240037918091,0.1264241486787796,60.425348,-36.561460,-55.274652,-17.929688
2026-08-05T11:50:22.930522,1785927022.930522,29.723665,0.6879221796989441,0.2100585699081421,-0.6933396458625793,0.04380372539162636,0.6675376892089844,-0.285230427980423,-0.6796021461486816,0.10571952164173126,57.880354,-37.011213,-150.867515,-26.661398
2026-08-05T11:50:22.947399,1785927022.947400,29.740542,0.6882220506668091,0.21158915758132935,-0.6923425793647766,0.04735191538929939,0.6790633797645569,-0.2635165750980377,-0.6797075271606445,0.08618832379579544,55.185720,-37.118014,-159.659205,-6.328030
2026-08-05T11:50:22.963926,1785927022.963927,29.756051,0.6880729794502258,0.2144651561975479,-0.6912177205085754,0.05271110683679581,0.691361665725708,-0.23856909573078156,-0.6785582304000854,0.06827597320079803,52.422083,-37.093025,-178.196913,1.611282
2026-08-05T11:50:22.980677,1785927022.980677,29.773820,0.6892785429954529,0.2197766751050949,-0.6877566576004028,0.05986897274851799,0.7023792266845703,-0.21218237280845642,-0.6774972081184387,0.05136624351143837,49.939426,-37.287595,-139.719538,-10.950079
2026-08-05T11:50:22.997360,1785927022.997360,29.790503,0.6903777122497559,0.22588835656642914,-0.6841303110122681,0.06571916490793228,0.7113385796546936,-0.18676723539829254,-0.6766936779022217,0.03464249148964882,47.835772,-37.510169,-126.094922,-13.341284
2026-08-05T11:50:23.014071,1785927023.014071,29.807214,0.6897546648979187,0.2325218766927719,-0.6821970343589783,0.06913241744041443,0.7184287309646606,-0.16363218426704407,-0.6758312582969666,0.018317531794309616,46.203799,-37.713167,-97.660047,-12.147725
2026-08-05T11:50:23.018338,1785927023.018338,29.811481,0.6888435482978821,0.2404584288597107,-0.680034875869751,0.07229723036289215,0.7244114279747009,-0.14269910752773285,-0.674429178237915,0.002994043054059148,45.099953,-38.134116,-258.680563,-98.647215
2026-08-05T11:50:23.030193,1785927023.030194,29.823336,0.6866528391838074,0.24863673746585846,-0.6790971159934998,0.07426290214061737,0.7294191122055054,-0.12396414577960968,-0.672654926776886,-0.010708349756896496,44.348906,-38.535172,-63.350823,-33.829145
2026-08-05T11:50:23.047435,1785927023.047435,29.840577,0.6837862730026245,0.25551024079322815,-0.6794434785842896,0.0742134228348732,0.733039140701294,-0.10742507874965668,-0.6712848544120789,-0.022114163264632225,43.671712,-38.658155,-39.277538,-7.133026
2026-08-05T11:50:23.063809,1785927023.063809,29.855935,0.6838183403015137,0.25838589668273926,-0.6786689758300781,0.07097763568162918,0.7352664470672607,-0.09307342767715454,-0.6706489324569702,-0.030816281214356422,42.596750,-38.146449,-69.997050,33.320116
2026-08-05T11:50:23.080673,1785927023.080674,29.873816,0.6848978400230408,0.2601739168167114,-0.6775083541870117,0.06486228108406067,0.7366976141929626,-0.08107871562242508,-0.6702990531921387,-0.037428855895996094,41.487466,-37.344675,-62.035647,44.838430
2026-08-05T11:50:23.086647,1785927023.086647,29.879790,0.6834594011306763,0.2617039382457733,-0.6791110634803772,0.056590694934129715,0.737549901008606,-0.07140518724918365,-0.6701210737228394,-0.043104689568281174,40.548013,-36.466575,-157.268116,146.997347
2026-08-05T11:50:23.130979,1785927023.130980,29.922743,0.6822113394737244,0.26339656114578247,-0.6803241968154907,0.04867437481880188,0.7380171418190002,-0.06343160569667816,-0.6699947714805603,-0.04912375658750534,39.830020,-35.802288,-16.715483,15.465197
2026-08-05T11:50:23.147322,1785927023.147323,29.940465,0.6818145513534546,0.26479896903038025,-0.6805641055107117,0.04293143376708031,0.7383686900138855,-0.0559997484087944,-0.6697542071342468,-0.05571385845541954,39.212447,-35.370624,-34.848029,24.357633
2026-08-05T11:50:23.163758,1785927023.163758,29.956900,0.6815583109855652,0.2667122185230255,-0.6802245378494263,0.04046532139182091,0.7385824918746948,-0.048401378095149994,-0.669532299041748,-0.06228051334619522,38.742126,-35.219203,-28.616768,9.213267
2026-08-05T11:50:23.167189,1785927023.167190,29.960332,0.6808671355247498,0.2696004807949066,-0.6797101497650146,0.04158940538764,0.7387028932571411,-0.04078110307455063,-0.6693628430366516,-0.06787530332803726,38.491206,-35.354828,-73.111400,-39.517338
2026-08-05T11:50:23.180078,1785927023.180079,29.973221,0.6796314120292664,0.27291741967201233,-0.6795065402984619,0.043454743921756744,0.7386272549629211,-0.03453528881072998,-0.6693225502967834,-0.07241268455982208,38.450392,-35.620475,-3.166589,-20.610905
2026-08-05T11:50:23.197018,1785927023.197018,29.990160,0.6787657737731934,0.2744593024253845,-0.6797437071800232,0.043562084436416626,0.7383477091789246,-0.03095933422446251,-0.6693862080574036,-0.0761939063668251,38.405593,-35.755247,-2.644672,-7.956120
2026-08-05T11:50:23.247142,1785927023.247142,30.040285,0.6778422594070435,0.2736629247665405,-0.6810464262962341,0.04259686544537544,0.737978458404541,-0.03007863089442253,-0.669489324092865,-0.07915926724672318,38.327841,-35.765196,-1.551195,-0.198493
2026-08-05T11:50:23.263787,1785927023.263788,30.056930,0.6778803467750549,0.27107998728752136,-0.6820834875106812,0.04190554469823837,0.7379202842712402,-0.03128786385059357,-0.6693413853645325,-0.08047344535589218,38.211897,-35.688445,-6.965582,4.610979
2026-08-05T11:50:23.280620,1785927023.280621,30.073763,0.6771998405456543,0.26835688948631287,-0.6837869882583618,0.04266582429409027,0.7377555966377258,-0.03504021465778351,-0.6694054007530212,-0.07990379631519318,38.347650,-35.781902,8.064516,-5.551893
2026-08-05T11:50:23.297355,1785927023.297355,30.090498,0.6771621108055115,0.26473233103752136,-0.6852031350135803,0.043187465518713,0.7369368672370911,-0.04252966493368149,-0.6700493097305298,-0.07841014862060547,38.703968,-35.999261,21.292307,-12.988586
2026-08-05T11:50:23.314384,1785927023.314385,30.107527,0.6777045130729675,0.2595217227935791,-0.68670654296875,0.04241756722331047,0.7349605560302734,-0.05490801855921745,-0.671506404876709,-0.07678822427988052,39.319443,-36.350225,36.142147,-20.609442
2026-08-05T11:50:23.318807,1785927023.318808,30.111950,0.6777278184890747,0.2541469931602478,-0.68880695104599,0.04048898071050644,0.7317163944244385,-0.07244773954153061,-0.6735551953315735,-0.07526770234107971,40.432707,-37.021694,251.704452,-151.816311
2026-08-05T11:50:23.330407,1785927023.330407,30.123549,0.6766725778579712,0.24787724018096924,-0.6923239827156067,0.036860279738903046,0.7270418405532837,-0.09379208087921143,-0.6762048602104187,-0.07320757210254669,41.809434,-37.739888,118.690459,-61.917014
2026-08-05T11:50:23.345999,1785927023.346000,30.139142,0.675458550453186,0.24139799177646637,-0.6960041522979736,0.032573554664850235,0.721259355545044,-0.11692068725824356,-0.6791883111000061,-0.06940319389104843,43.312709,-38.384394,96.406715,-41.332902
2026-08-05T11:50:23.363871,1785927023.363872,30.155997,0.6749371290206909,0.23487098515033722,-0.6989094614982605,0.02865499258041382,0.7150436043739319,-0.13937480747699738,-0.6821833848953247,-0.06254798918962479,44.703421,-38.753549,82.510367,-21.901823
2026-08-05T11:50:23.380657,1785927023.380658,30.173800,0.6745900511741638,0.22843612730503082,-0.7015255689620972,0.024639420211315155,0.7086208462715149,-0.16082201898097992,-0.6849671006202698,-0.05302936211228371,45.999470,-38.831089,72.799643,-4.355411
2026-08-05T11:50:23.383779,1785927023.383780,30.176922,0.6732964515686035,0.22168488800525665,-0.7050626873970032,0.020356979221105576,0.7015367150306702,-0.1823156177997589,-0.6876567006111145,-0.04165004566311836,47.326822,-38.698805,425.213251,42.376576
2026-08-05T11:50:23.397209,1785927023.397210,30.190352,0.6715320348739624,0.21597830951213837,-0.7086231708526611,0.01585432142019272,0.693988025188446,-0.20461533963680267,-0.6897032260894775,-0.02867259457707405,48.953900,-38.580117,121.149260,8.837293
2026-08-05T11:50:23.430485,1785927023.430485,30.223628,0.6691584587097168,0.21045580506324768,-0.7125948667526245,0.011995741166174412,0.6860316395759583,-0.22649656236171722,-0.6912747621536255,-0.014073381200432777,50.668522,-38.345349,51.528293,7.055309
2026-08-05T11:50:23.447292,1785927023.447292,30.240435,0.6666304469108582,0.2068396508693695,-0.7160481214523315,0.009808872826397419,0.6765283942222595,-0.25004395842552185,-0.6926662921905518,-0.00010660314001142979,52.917044,-38.597259,133.784191,-14.988303
2026-08-05T11:50:23.464145,1785927023.464145,30.256073,0.6651201248168945,0.20500028133392334,-0.7179828882217407,0.009529760107398033,0.6633784174919128,-0.27655449509620667,-0.6951951384544373,0.012228859588503838,55.794606,-39.553694,184.001112,-61.157725
2026-08-05T11:50:23.468994,1785927023.468995,30.262137,0.6647427678108215,0.2050008624792099,-0.7183164954185486,0.010639192536473274,0.6469923853874207,-0.3048694133758545,-0.6984749436378479,0.024237746372818947,59.182753,-41.022666,558.781008,-242.266281
2026-08-05T11:50:23.471683,1785927023.471684,30.264297,0.6649995446205139,0.20515002310276031,-0.718012273311615,0.012154667638242245,0.6299081444740295,-0.3317718207836151,-0.7011300921440125,0.039482589811086655,62.541087,-42.225164,1555.075816,-556.816277
2026-08-05T11:50:23.480237,1785927023.480237,30.273379,0.6640050411224365,0.20443126559257507,-0.7191548943519592,0.011021681129932404,0.6144295930862427,-0.35516101121902466,-0.7021070718765259,0.05815399810671806,65.520274,-42.538953,328.003330,-34.547589
2026-08-05T11:50:23.497203,1785927023.497204,30.290346,0.6619665622711182,0.2025507688522339,-0.7215885519981384,0.009141407907009125,0.598334789276123,-0.37816694378852844,-0.7022073268890381,0.07674253731966019,68.439627,-42.621690,172.060075,-4.876366
2026-08-05T11:50:23.514004,1785927023.514004,30.307147,0.6621673107147217,0.1969907134771347,-0.7229714393615723,0.006446334533393383,0.578782856464386,-0.4030838906764984,-0.7027139067649841,0.09341350197792053,71.319776,-42.739652,171.433311,-7.021342
2026-08-05T11:50:23.530436,1785927023.530437,30.323579,0.6608235836029053,0.19221679866313934,-0.7254937291145325,0.004875978920608759,0.5582927465438843,-0.4274594187736511,-0.7024500370025635,0.11023096740245819,74.324329,-42.915729,182.844498,-10.715339
2026-08-05T11:50:23.546826,1785927023.546827,30.339969,0.6590251922607422,0.1903335303068161,-0.7276171445846558,0.0056825424544513226,0.5409039258956909,-0.4476294219493866,-0.7001800537109375,0.12960703670978546,77.209232,-42.974169,176.012573,-3.565503
2026-08-05T11:50:23.563704,1785927023.563704,30.356847,0.6590134501457214,0.18955719470977783,-0.7278096079826355,0.007902476005256176,0.5271831154823303,-0.4638950526714325,-0.6956725716590881,0.1513873040676117,79.829498,-42.848813,155.252797,7.427444
2026-08-05T11:50:23.581467,1785927023.581467,30.374609,0.6607269048690796,0.18919089436531067,-0.7262905240058899,0.012210585176944733,0.5138992667198181,-0.47861525416374207,-0.6905485987663269,0.17313775420188904,82.358972,-42.955951,142.405943,-6.031704
2026-08-05T11:50:23.614996,1785927023.614996,30.408139,0.6620123982429504,0.18851794302463531,-0.7252150774002075,0.016242602840065956,0.49676209688186646,-0.4945681095123291,-0.6867387294769287,0.19240248203277588,85.083236,-43.329793,81.249702,-11.149644
2026-08-05T11:50:23.619854,1785927023.619855,30.412997,0.6638147830963135,0.18513815104961395,-0.7243764400482178,0.01878535933792591,0.47734805941581726,-0.5107378363609314,-0.6831773519515991,0.21107704937458038,87.699895,-43.449673,538.600613,-24.675642
2026-08-05T11:50:23.630219,1785927023.630219,30.423362,0.6657559275627136,0.18126478791236877,-0.7235156297683716,0.020917991176247597,0.46186724305152893,-0.52374267578125,-0.6770268678665161,0.23239201307296753,89.975875,-42.976507,219.588093,45.651384
2026-08-05T11:50:23.646424,1785927023.646425,30.439026,0.6690229177474976,0.1785559356212616,-0.7209821343421936,0.026665063574910164,0.4519287943840027,-0.5330016613006592,-0.6677830815315247,0.2563876211643219,91.869587,-42.469155,120.896844,32.389981
2026-08-05T11:50:23.663295,1785927023.663296,30.456438,0.672285258769989,0.17529188096523285,-0.7184274196624756,0.034167807549238205,0.4427034556865692,-0.5408324003219604,-0.6583219170570374,0.27950960397720337,93.477437,-41.972299,92.340500,28.534986
2026-08-05T11:50:23.680034,1785927023.680035,30.473177,0.6771643757820129,0.16972531378269196,-0.7146305441856384,0.04410364106297493,0.42940545082092285,-0.5496443510055542,-0.6510526537895203,0.29938533902168274,94.943158,-42.054568,87.561325,-4.914730
2026-08-05T11:50:23.697897,1785927023.697897,30.490447,0.6860796213150024,0.1629115492105484,-0.7069282531738281,0.0548388734459877,0.4106709063053131,-0.5602462887763977,-0.6466767191886902,0.31509023904800415,96.648271,-43.309421,98.736205,-72.663507
2026-08-05T11:50:23.713750,1785927023.713751,30.506893,0.6931118965148926,0.15603405237197876,-0.7009137868881226,0.06300222873687744,0.389753520488739,-0.5712999701499939,-0.6428748369216919,0.3292711675167084,98.562650,-44.442808,116.399748,-68.913182
2026-08-05T11:50:23.764769,1785927023.764769,30.557911,0.6994028091430664,0.15316031873226166,-0.6942495703697205,0.07345284521579742,0.37397515773773193,-0.5797433853149414,-0.6360859870910645,0.3455921709537506,100.453197,-45.694363,37.056307,-24.531519
2026-08-05T11:50:23.769000,1785927023.769001,30.562143,0.7072687149047852,0.15103907883167267,-0.6853129863739014,0.08546660840511322,0.3654961884021759,-0.5850058197975159,-0.626063883304596,0.36362597346305847,101.859457,-46.880686,332.316248,-280.342512
2026-08-05T11:50:23.796967,1785927023.796968,30.589087,0.7158733010292053,0.14941994845867157,-0.6752777099609375,0.09591313451528549,0.35755664110183716,-0.5890844464302063,-0.6167555451393127,0.3804532587528229,103.233863,-48.143106,51.009871,-46.853610
2026-08-05T11:50:23.813992,1785927023.813992,30.606814,0.7233487963676453,0.14623160660266876,-0.6665770411491394,0.10515785217285156,0.34429481625556946,-0.5939562320709229,-0.6109201312065125,0.39427515864372253,104.694161,-49.468227,82.376451,-74.751012
2026-08-05T11:50:23.830758,1785927023.830758,30.623900,0.7311707735061646,0.14124825596809387,-0.6577939391136169,0.11289624869823456,0.3280620276927948,-0.5986940860748291,-0.6074313521385193,0.4061613082885742,106.156491,-50.838525,85.585068,-80.198763
2026-08-05T11:50:23.846727,1785927023.846728,30.639870,0.7379195094108582,0.1366909295320511,-0.6500181555747986,0.11944539844989777,0.31321069598197937,-0.6022734642028809,-0.6031088829040527,0.4188370108604431,107.564021,-51.819409,88.138584,-61.422270
2026-08-05T11:50:23.863878,1785927023.863878,30.657021,0.7451916337013245,0.13536101579666138,-0.6406253576278687,0.12635762989521027,0.30302709341049194,-0.6045706868171692,-0.595873236656189,0.43313169479370117,109.037131,-52.993813,85.892394,-68.475805
2026-08-05T11:50:23.880887,1785927023.880888,30.673685,0.7516670227050781,0.13782012462615967,-0.6307968497276306,0.13452757894992828,0.2963816821575165,-0.6064209342002869,-0.5866370797157288,0.447512686252594,110.575514,-54.502335,92.314947,-90.523076
2026-08-05T11:50:23.897295,1785927023.897295,30.690438,0.7556513547897339,0.14215143024921417,-0.6233873963356018,0.14202898740768433,0.28809642791748047,-0.6087427735328674,-0.5792765617370605,0.4592064321041107,112.233652,-56.085307,98.977277,-94.490432
2026-08-05T11:50:23.913388,1785927023.913389,30.706531,0.7586572766304016,0.14399462938308716,-0.6179413795471191,0.1478285938501358,0.27491840720176697,-0.6121787428855896,-0.5755253434181213,0.4673614203929901,113.930319,-57.696763,105.427171,-100.132401
2026-08-05T11:50:23.930508,1785927023.930509,30.722629,0.7627769708633423,0.14147332310676575,-0.6124011874198914,0.15205800533294678,0.2591725289821625,-0.6157020926475525,-0.5736802220344543,0.47395241260528564,115.450984,-59.192272,94.462846,-92.900176
2026-08-05T11:50:23.944280,1785927023.944281,30.737423,0.7662773728370667,0.13842079043388367,-0.6075730323791504,0.15656942129135132,0.2453092783689499,-0.6185181736946106,-0.570159375667572,0.48184648156166077,116.769146,-60.289644,89.101950,-74.177466
2026-08-05T11:50:23.954052,1785927023.954052,30.747195,0.7676630616188049,0.13915766775608063,-0.6037869453430176,0.16361483931541443,0.2342974990606308,-0.6204649806022644,-0.5635843276977539,0.4924427270889282,118.088612,-61.132662,135.030836,-86.272356
2026-08-05T11:50:23.977997,1785927023.977997,30.771139,0.7699474096298218,0.14570753276348114,-0.5969647169113159,0.1719982922077179,0.22424089908599854,-0.6220094561576843,-0.5551549196243286,0.5046013593673706,119.970769,-62.884850,78.603828,-73.175971
2026-08-05T11:50:23.996040,1785927023.996040,30.789182,0.7702023983001709,0.15436075627803802,-0.59185391664505,0.1807488352060318,0.21441951394081116,-0.6233616471290588,-0.5460410118103027,0.5169939994812012,121.903418,-64.426873,107.113256,-85.463615
2026-08-05T11:50:24.013473,1785927024.013474,30.805561,0.7690841555595398,0.1612762212753296,-0.5888964533805847,0.18894627690315247,0.20564547181129456,-0.6241394877433777,-0.5371026992797852,0.5288474559783936,123.447706,-65.246543,94.288044,-50.045780
2026-08-05T11:50:24.030055,1785927024.030055,30.823198,0.7692115902900696,0.16531041264533997,-0.5851566791534424,0.19641195237636566,0.19707944989204407,-0.6242082715034485,-0.5300248265266418,0.539070188999176,124.652645,-65.962255,68.319686,-40.580669
2026-08-05T11:50:24.046912,1785927024.046912,30.840055,0.7693914175033569,0.16754379868507385,-0.5819751024246216,0.20315274596214294,0.1886710226535797,-0.6238201856613159,-0.5255187749862671,0.5468828082084656,125.537313,-66.509734,52.481086,-32.478002
2026-08-05T11:50:24.064185,1785927024.064185,30.857328,0.7698864936828613,0.16828231513500214,-0.5791998505592346,0.20852705836296082,0.18344548344612122,-0.6234182715415955,-0.52166748046875,0.5527746081352234,126.032183,-66.845800,28.649598,-19.455943
2026-08-05T11:50:24.080852,1785927024.080853,30.873995,0.770511269569397,0.1679244488477707,-0.5774359107017517,0.21138060092926025,0.1832597553730011,-0.62297123670578,-0.5173112750053406,0.5574145913124084,126.110325,-66.707026,4.688326,8.326075
2026-08-05T11:50:24.086026,1785927024.086026,30.879168,0.7717610001564026,0.16676312685012817,-0.5758424401283264,0.21208661794662476,0.18627706170082092,-0.6225666999816895,-0.5132622122764587,0.5606003999710083,125.948061,-66.440276,-31.366311,51.563844
2026-08-05T11:50:24.096618,1785927024.096619,30.889761,0.772298276424408,0.16519898176193237,-0.5759199261665344,0.21114209294319153,0.19017693400382996,-0.621658444404602,-0.5116241574287415,0.5617948174476624,125.554734,-65.810998,-37.131855,59.406812
2026-08-05T11:50:24.113581,1785927024.113582,30.906724,0.772756040096283,0.16307789087295532,-0.5769215822219849,0.2083638310432434,0.1946445107460022,-0.6201180219650269,-0.5128079056739807,0.5608871579170227,124.967025,-64.978128,-34.646560,49.099195
2026-08-05T11:50:24.130759,1785927024.130759,30.923902,0.7730838656425476,0.1609337478876114,-0.5785987973213196,0.20412090420722961,0.1990559846162796,-0.6182274222373962,-0.5168845057487488,0.557674765586853,124.282260,-64.143629,-39.863872,48.580701
2026-08-05T11:50:24.146968,1785927024.146969,30.940111,0.773320734500885,0.15862222015857697,-0.5808063745498657,0.1986914426088333,0.20267127454280853,-0.6163241267204285,-0.523337721824646,0.5524361729621887,123.581954,-63.391178,-43.203769,46.420721
2026-08-05T11:50:24.164161,1785927024.164161,30.956783,0.7725836634635925,0.15852117538452148,-0.5838354825973511,0.19267016649246216,0.20668664574623108,-0.6147244572639465,-0.530275285243988,0.5460787415504456,123.015146,-62.773813,-33.997339,37.029791
2026-08-05T11:50:24.180322,1785927024.180323,30.973465,0.7701112031936646,0.16029760241508484,-0.5888703465461731,0.18564863502979279,0.21386712789535522,-0.6131254434585571,-0.5359274744987488,0.5395541787147522,122.344451,-61.738071,-40.204372,62.086813
2026-08-05T11:50:24.197099,1785927024.197099,30.990242,0.7670490145683289,0.16162610054016113,-0.5952004194259644,0.1767749786376953,0.22512157261371613,-0.6110060811042786,-0.5401603579521179,0.5331208109855652,121.362078,-60.090988,-58.557054,98.179055
2026-08-05T11:50:24.213840,1785927024.213840,31.006983,0.764865517616272,0.16165700554847717,-0.6009578704833984,0.16642534732818604,0.23876512050628662,-0.608189046382904,-0.5443878173828125,0.5260593891143799,120.131068,-58.287006,-73.531458,107.756531
2026-08-05T11:50:24.235651,1785927024.235651,31.028794,0.7619318962097168,0.16049347817897797,-0.6074783205986023,0.15707264840602875,0.25078508257865906,-0.6052622199058533,-0.5511202812194824,0.516749382019043,118.685454,-56.515688,-66.279827,81.212993
2026-08-05T11:50:24.246687,1785927024.246688,31.039830,0.757893979549408,0.1574346423149109,-0.6153284907341003,0.14893624186515808,0.2584427297115326,-0.602809488773346,-0.5614458322525024,0.5045849084854126,117.121551,-54.855260,-141.701104,150.446925
2026-08-05T11:50:24.263201,1785927024.263201,31.056343,0.7537875175476074,0.15346254408359528,-0.6234481334686279,0.13987912237644196,0.2644403278827667,-0.6002132892608643,-0.5729691386222839,0.4914476275444031,115.558652,-53.160807,-94.645959,102.612631
2026-08-05T11:50:24.280135,1785927024.280136,31.073278,0.7504217028617859,0.152414932847023,-0.629863440990448,0.13003508746623993,0.2754187285900116,-0.5962046384811401,-0.5810123682022095,0.4807372987270355,114.048905,-51.432694,-89.150166,102.044649
2026-08-05T11:50:24.297390,1785927024.297391,31.089954,0.7469269633293152,0.15474563837051392,-0.6354807615280151,0.1196587011218071,0.2951849400997162,-0.5895744562149048,-0.584231436252594,0.47322386503219604,112.283404,-49.225915,-105.872618,132.334935
2026-08-05T11:50:24.313703,1785927024.313704,31.106846,0.7409715056419373,0.15833961963653564,-0.6428320407867432,0.11250295490026474,0.31707683205604553,-0.5814486145973206,-0.5867182612419128,0.46598365902900696,110.155470,-46.761812,-125.973192,145.874304
2026-08-05T11:50:24.329688,1785927024.329689,31.122831,0.7370223999023438,0.15868410468101501,-0.6482932567596436,0.10645802319049835,0.3322380483150482,-0.5739656090736389,-0.5935752987861633,0.455904483795166,108.092300,-45.029802,-129.067138,108.350501
2026-08-05T11:50:24.347107,1785927024.347108,31.140250,0.7337635159492493,0.15448825061321259,-0.6542537808418274,0.0983695536851883,0.3402480185031891,-0.5680723786354065,-0.6048063635826111,0.4424176514148712,106.099892,-43.436558,-114.382196,91.466611
2026-08-05T11:50:24.364572,1785927024.364573,31.157715,0.7273035049438477,0.15674643218517303,-0.6620614528656006,0.09019432216882706,0.34867921471595764,-0.5618200898170471,-0.6153817772865295,0.42905181646347046,104.582033,-41.987333,-86.909238,82.979395
2026-08-05T11:50:24.380599,1785927024.380599,31.173742,0.7194923162460327,0.1653335839509964,-0.6695428490638733,0.0819033533334732,0.3651684522628784,-0.5530408024787903,-0.6203471422195435,0.419483482837677,103.220729,-40.358376,-84.938277,101.638475
2026-08-05T11:50:24.385085,1785927024.385085,31.178228,0.7132111191749573,0.17401450872421265,-0.6749605536460876,0.07400725781917572,0.38968631625175476,-0.5410575866699219,-0.6206864714622498,0.4124908447265625,101.420381,-38.513109,-401.339792,411.353239
2026-08-05T11:50:24.396651,1785927024.396651,31.189794,0.7076999545097351,0.18001510202884674,-0.6798698306083679,0.06732363998889923,0.41319483518600464,-0.5283793807029724,-0.6227584481239319,0.40281057357788086,99.245830,-36.940669,-188.013606,135.954574
2026-08-05T11:50:24.412425,1785927024.412426,31.205568,0.7022664546966553,0.17849795520305634,-0.6866320967674255,0.05913590267300606,0.4310897886753082,-0.5173004865646362,-0.6293210983276367,0.38796401023864746,96.565121,-35.194181,-169.942112,110.717668
2026-08-05T11:50:24.446482,1785927024.446483,31.239625,0.6979315280914307,0.16783951222896576,-0.6946567296981812,0.04662204533815384,0.44692784547805786,-0.5073015093803406,-0.6371058225631714,0.37012994289398193,93.275909,-32.736203,-96.579207,72.172177
2026-08-05T11:50:24.463443,1785927024.464468,31.256586,0.6930204033851624,0.16390947997570038,-0.7010877132415771,0.03650602698326111,0.4661672115325928,-0.49601784348487854,-0.6413055062294006,0.3540915250778198,90.454048,-31.000384,-166.374914,102.342604
2026-08-05T11:50:24.480180,1785927024.480181,31.273323,0.6872991323471069,0.1719687581062317,-0.704958975315094,0.0328604057431221,0.489872008562088,-0.4822777211666107,-0.6418166756629944,0.3398592174053192,88.323745,-30.743202,-127.281129,15.366097
2026-08-05T11:50:24.497358,1785927024.497359,31.290501,0.682258129119873,0.1822196990251541,-0.7073423266410828,0.03141438588500023,0.512099027633667,-0.4676603376865387,-0.6433177590370178,0.3243297338485718,86.327506,-31.130670,-116.208655,-22.556009
2026-08-05T11:50:24.513855,1785927024.513855,31.306998,0.6818981766700745,0.18561872839927673,-0.7068425416946411,0.030568955466151237,0.5296399593353271,-0.45417356491088867,-0.6476712226867676,0.3061520457267761,83.850370,-31.724418,-150.157692,-35.991458
2026-08-05T11:50:24.530112,1785927024.530113,31.323255,0.6826469898223877,0.18499688804149628,-0.7063378095626831,0.029264511540532112,0.5439101457595825,-0.4423519968986511,-0.6527730822563171,0.28700730204582214,81.257893,-32.187940,-159.465581,-28.511671
2026-08-05T11:50:24.533981,1785927024.533981,31.327123,0.6795449256896973,0.18760567903518677,-0.7087347507476807,0.026796508580446243,0.5570192337036133,-0.4311486482620239,-0.6572954058647156,0.2679596245288849,79.173187,-32.576492,-538.914648,-100.444018
2026-08-05T11:50:24.546640,1785927024.546640,31.339782,0.6788328886032104,0.1936129778623581,-0.7078754901885986,0.024745339527726173,0.570382297039032,-0.41888588666915894,-0.6608042120933533,0.2500714659690857,77.470067,-33.412636,-134.540016,-66.052219
2026-08-05T11:50:24.563617,1785927024.563617,31.356760,0.6814315915107727,0.19476166367530823,-0.7049338817596436,0.0280565544962883,0.5846757292747498,-0.4041118621826172,-0.6637576818466187,0.23296546936035156,74.849390,-34.111832,-154.361341,-41.183556
2026-08-05T11:50:24.596758,1785927024.596758,31.389901,0.6848291754722595,0.1961158663034439,-0.7011207938194275,0.031263336539268494,0.5996615290641785,-0.3866249620914459,-0.6664553880691528,0.21624897420406342,72.028837,-34.556033,-85.107936,-13.403401
2026-08-05T11:50:24.629877,1785927024.629877,31.423019,0.6857747435569763,0.19516722857952118,-0.7003732919692993,0.03316979482769966,0.6140170693397522,-0.36808711290359497,-0.6691391468048096,0.19936610758304596,68.924490,-34.349299,-93.733875,6.242198
2026-08-05T11:50:24.646839,1785927024.646839,31.438969,0.6862625479698181,0.1920274794101715,-0.7008147835731506,0.0320604145526886,0.6267196536064148,-0.3504261076450348,-0.671588659286499,0.18273471295833588,65.863052,-33.711840,-191.948759,39.967940
2026-08-05T11:50:24.663669,1785927024.663670,31.456812,0.6866417527198792,0.1951800286769867,-0.6994312405586243,0.03498544916510582,0.6381576657295227,-0.33333125710487366,-0.6738411784172058,0.16607902944087982,63.523931,-34.111327,-131.089283,-22.388060
2026-08-05T11:50:24.680067,1785927024.680068,31.473210,0.6865899562835693,0.2032524198293686,-0.6967976689338684,0.0419030636548996,0.6489657759666443,-0.315881609916687,-0.6757779121398926,0.14961886405944824,61.698410,-35.261792,-111.329390,-70.161149
2026-08-05T11:50:24.684246,1785927024.684247,31.477389,0.6873745322227478,0.2100113034248352,-0.6936111450195312,0.048118386417627335,0.6598507165908813,-0.2973323166370392,-0.6769810914993286,0.13373912870883942,59.748966,-36.122266,-466.485455,-205.904138
2026-08-05T11:50:24.696396,1785927024.696397,31.489539,0.6887972354888916,0.212761789560318,-0.6910421252250671,0.05245516449213028,0.6704484224319458,-0.2781086564064026,-0.6776729226112366,0.11795385926961899,57.406170,-36.383525,-192.821983,-21.502740
2026-08-05T11:50:24.713102,1785927024.713103,31.506245,0.6900224089622498,0.21568457782268524,-0.6886413097381592,0.055878229439258575,0.6800885200500488,-0.2593473792076111,-0.6782160997390747,0.10119757056236267,55.240029,-36.695405,-129.660650,-18.668499
2026-08-05T11:50:24.730466,1785927024.730467,31.523609,0.6895831227302551,0.21895954012870789,-0.6877390146255493,0.05955587700009346,0.688377857208252,-0.24141374230384827,-0.6788867115974426,0.0834696888923645,53.315538,-37.138272,-110.832125,-25.504830
2026-08-05T11:50:24.746436,1785927024.746436,31.539578,0.6904310584068298,0.22107264399528503,-0.685901939868927,0.06301204115152359,0.6965004801750183,-0.22266320884227753,-0.6789159178733826,0.06618538498878479,51.287758,-37.394608,-126.980049,-16.051841
2026-08-05T11:50:24.763376,1785927024.763377,31.556519,0.6912187337875366,0.22358447313308716,-0.6839616298675537,0.06650848686695099,0.7046682238578796,-0.2026052325963974,-0.6781395077705383,0.05019821599125862,49.281245,-37.479883,-118.442412,-5.033707
2026-08-05T11:50:24.780255,1785927024.780256,31.573398,0.6904507279396057,0.2281482070684433,-0.682811439037323,0.07067481428384781,0.7120388746261597,-0.1823289394378662,-0.6771194338798523,0.035569172352552414,47.620120,-37.650990,-98.416029,-10.137503
2026-08-05T11:50:24.834551,1785927024.834552,31.627694,0.6900618076324463,0.2332959622144699,-0.6809753775596619,0.07523632049560547,0.7182154059410095,-0.16321110725402832,-0.676051914691925,0.02194828912615776,46.275498,-37.940848,-24.764652,-5.338478
2026-08-05T11:50:24.846128,1785927024.846128,31.639271,0.6902220845222473,0.23878522217273712,-0.6784535050392151,0.07922191917896271,0.7234472632408142,-0.14525343477725983,-0.6748592853546143,0.009469766169786453,45.183353,-38.237129,-94.338378,-25.592427
2026-08-05T11:50:24.862837,1785927024.862838,31.655980,0.6887490153312683,0.24534842371940613,-0.6773043870925903,0.08178019523620605,0.7280044555664062,-0.1284305453300476,-0.6734333038330078,-0.001370239770039916,44.388155,-38.470291,-47.590743,-13.954189
2026-08-05T11:50:24.879888,1785927024.879888,31.673030,0.6881043314933777,0.2501216530799866,-0.6761319637298584,0.08244597166776657,0.7321701049804688,-0.11246944963932037,-0.6716980934143066,-0.00990985706448555,43.435404,-38.299118,-55.878158,10.039192
2026-08-05T11:50:24.896318,1785927024.896318,31.689461,0.6871813535690308,0.25462448596954346,-0.6754754781723022,0.08173920214176178,0.7356172204017639,-0.09809214621782303,-0.6700421571731567,-0.016969822347164154,42.585887,-38.013449,-51.704051,17.386616
2026-08-05T11:50:24.913129,1785927024.913130,31.706272,0.68795245885849,0.2554449141025543,-0.6748484969139099,0.0777740627527237,0.738207995891571,-0.08513234555721283,-0.6687851548194885,-0.02296127937734127,41.333648,-37.174429,-74.487643,49.907870
2026-08-05T11:50:24.930114,1785927024.930115,31.723257,0.6896119117736816,0.2554672956466675,-0.6736218333244324,0.0735221579670906,0.7404257655143738,-0.07224122434854507,-0.6676777005195618,-0.027506407350301743,39.933326,-36.132489,-82.444919,61.344939
2026-08-05T11:50:24.948600,1785927024.948600,31.741742,0.6904365420341492,0.2556494474411011,-0.6731033325195312,0.06980562210083008,0.7427825927734375,-0.05884527415037155,-0.6662435531616211,-0.030496498569846153,38.488300,-34.986208,-78.171596,62.010403
2026-08-05T11:50:24.963846,1785927024.963847,31.756989,0.6916627287864685,0.2563239336013794,-0.6717592477798462,0.06811952590942383,0.7452492713928223,-0.04596354439854622,-0.6644145250320435,-0.03230328485369682,37.186485,-34.000314,-85.383748,64.663041
2026-08-05T11:50:24.980276,1785927024.980276,31.773418,0.6912195086479187,0.25926509499549866,-0.6710112690925598,0.06885600090026855,0.7472423315048218,-0.03516329079866409,-0.6627634167671204,-0.03371144086122513,36.465775,-33.548709,-43.867048,27.487602
2026-08-05T11:50:24.995451,1785927024.995452,31.787855,0.6906317472457886,0.26236405968666077,-0.6703249216079712,0.06969620287418365,0.7482475638389587,-0.027624579146504402,-0.6618825793266296,-0.03568384796380997,36.129984,-33.423987,-23.260269,8.639525
2026-08-05T11:50:25.012123,1785927025.012123,31.804716,0.6909586787223816,0.2625106871128082,-0.670078694820404,0.06825786828994751,0.748660147190094,-0.022853363305330276,-0.6614577770233154,-0.0381937138736248,35.679974,-33.121060,-26.689460,17.966158
2026-08-05T11:50:25.029125,1785927025.029125,31.822268,0.6911851167678833,0.26133692264556885,-0.6704990267753601,0.06631278246641159,0.7489327788352966,-0.019492393359541893,-0.6611318588256836,-0.04029739648103714,35.206579,-32.747261,-26.970784,21.296464
2026-08-05T11:50:25.046047,1785927025.046048,31.839190,0.6912680268287659,0.2599603831768036,-0.6711263656616211,0.06448826938867569,0.7490809559822083,-0.017276030033826828,-0.6609451770782471,-0.04159606248140335,34.807773,-32.398522,-23.566960,20.608356
2026-08-05T11:50:25.062451,1785927025.062451,31.855594,0.6913557648658752,0.25911667943000793,-0.6715035438537598,0.06299891322851181,0.748930811882019,-0.016577444970607758,-0.6610865592956543,-0.042329464107751846,34.608927,-32.202516,-12.122068,11.948924
2026-08-05T11:50:25.069028,1785927025.069029,31.862171,0.6911036372184753,0.25821471214294434,-0.6722069978713989,0.06195928901433945,0.748635470867157,-0.01691761612892151,-0.661405622959137,-0.04243839904665947,34.512199,-32.074232,-14.705921,19.503504
2026-08-05T11:50:25.079531,1785927025.079531,31.872674,0.6908096671104431,0.2574349045753479,-0.6729118227958679,0.06082000583410263,0.7483885884284973,-0.01782551035284996,-0.6616840362548828,-0.0420776791870594,34.468595,-31.962610,-4.151843,10.628279
2026-08-05T11:50:25.097004,1785927025.097005,31.889128,0.6909297108650208,0.25627651810646057,-0.6733012795448303,0.060033172369003296,0.7480167150497437,-0.019142093136906624,-0.6620879173278809,-0.041758567094802856,34.430672,-31.876848,-2.304613,5.211946
2026-08-05T11:50:25.114116,1785927025.114116,31.907259,0.6908411979675293,0.25512415170669556,-0.6738162636756897,0.0601823665201664,0.7474884390830994,-0.020990651100873947,-0.6626412272453308,-0.04155322164297104,34.492890,-31.914534,3.431711,-2.078684
2026-08-05T11:50:25.129838,1785927025.129838,31.922342,0.6909599304199219,0.2538031041622162,-0.6741352677345276,0.06082788482308388,0.7469398379325867,-0.023174915462732315,-0.6632228493690491,-0.04097428172826767,34.572042,-31.973299,5.247751,-3.896050
2026-08-05T11:50:25.134691,1785927025.134691,31.926823,0.6906154155731201,0.25259679555892944,-0.6749206185340881,0.06105448678135872,0.746338427066803,-0.026387467980384827,-0.6638428568840027,-0.03993985056877136,34.750245,-32.063437,39.763679,-20.113132
2026-08-05T11:50:25.146459,1785927025.146459,31.939601,0.690036952495575,0.2514411211013794,-0.6760100722312927,0.06030859798192978,0.7454748749732971,-0.03052603453397751,-0.6647005677223206,-0.038839586079120636,34.994472,-32.152275,19.112705,-6.952287
2026-08-05T11:50:25.163074,1785927025.163074,31.956216,0.6901800036430359,0.24963681399822235,-0.676580548286438,0.059764016419649124,0.7446691989898682,-0.03425876423716545,-0.6654946208000183,-0.03756353631615639,35.113236,-32.148803,7.147984,0.208964
2026-08-05T11:50:25.179990,1785927025.179990,31.973133,0.6898781657218933,0.24802538752555847,-0.677435576915741,0.060271006077528,0.7440845370292664,-0.036916736513376236,-0.6661043167114258,-0.03577807918190956,35.174508,-32.117903,3.622112,1.826669
2026-08-05T11:50:25.196525,1785927025.196526,31.989668,0.6896177530288696,0.24751591682434082,-0.677700400352478,0.0623343400657177,0.7436053156852722,-0.039209794253110886,-0.6666193008422852,-0.033643998205661774,35.359253,-32.249399,11.172594,-7.952345
2026-08-05T11:50:25.213228,1785927025.213228,32.006371,0.6887744665145874,0.24781565368175507,-0.6782432794570923,0.06452523171901703,0.7429890036582947,-0.04188268259167671,-0.667242169380188,-0.031634096056222916,35.691869,-32.503630,19.913983,-15.220999
2026-08-05T11:50:25.229648,1785927025.229648,32.022791,0.688165545463562,0.24732345342636108,-0.6788751482963562,0.06624309718608856,0.7422940135002136,-0.04490980878472328,-0.6678950786590576,-0.02997620217502117,35.966967,-32.705543,16.753908,-12.296889
2026-08-05T11:50:25.248634,1785927025.248634,32.041777,0.6877696514129639,0.24571821093559265,-0.6797670125961304,0.06717334687709808,0.7414173483848572,-0.048577722162008286,-0.6686697006225586,-0.028648661449551582,36.167652,-32.822576,10.570180,-6.164166
2026-08-05T11:50:25.263327,1785927025.263327,32.056469,0.687895655632019,0.24402505159378052,-0.6802020072937012,0.0676509365439415,0.7402733564376831,-0.05287816375494003,-0.6696608066558838,-0.027442939579486847,36.398722,-32.955007,15.727012,-9.013433
2026-08-05T11:50:25.280697,1785927025.280698,32.073840,0.6867753863334656,0.24381275475025177,-0.6813340783119202,0.06840213388204575,0.7390653491020203,-0.05733361467719078,-0.6706950664520264,-0.02575097233057022,36.827836,-33.215698,24.703326,-15.007544
2026-08-05T11:50:25.285950,1785927025.285951,32.079093,0.6860866546630859,0.24314209818840027,-0.6821787357330322,0.06927607208490372,0.7379443645477295,-0.061207741498947144,-0.6716719269752502,-0.023406624794006348,37.120048,-33.345287,55.626930,-24.669193
2026-08-05T11:50:25.313218,1785927025.313219,32.106361,0.6853165626525879,0.2428349256515503,-0.6829198002815247,0.07066050916910172,0.736832320690155,-0.06521593034267426,-0.6725986003875732,-0.020868530496954918,37.481028,-33.543305,13.238144,-7.261877
2026-08-05T11:50:25.330083,1785927025.330835,32.123226,0.6847342252731323,0.24167783558368683,-0.6838987469673157,0.07080607861280441,0.7354398369789124,-0.0695357546210289,-0.6737571358680725,-0.018538761883974075,37.743543,-33.605513,15.565887,-3.688611
2026-08-05T11:50:25.346456,1785927025.346456,32.139599,0.6847745776176453,0.24056412279605865,-0.6841623187065125,0.07165683805942535,0.7341558337211609,-0.07329989969730377,-0.6748239398002625,-0.015948019921779633,37.955649,-33.662782,12.954865,-3.497826
2026-08-05T11:50:25.363404,1785927025.363405,32.156547,0.684339165687561,0.23994795978069305,-0.6846040487289429,0.07363767176866531,0.7335829138755798,-0.07485687732696533,-0.6753515601158142,-0.01233840361237526,38.007337,-33.596101,3.049671,3.934324
2026-08-05T11:50:25.379888,1785927025.379888,32.173031,0.685597836971283,0.24007895588874817,-0.6828800439834595,0.07741200923919678,0.7334809303283691,-0.07538401335477829,-0.6754654049873352,-0.008293025195598602,38.043478,-33.633016,2.192597,-2.239519
2026-08-05T11:50:25.396453,1785927025.396453,32.189595,0.6855865716934204,0.24090319871902466,-0.6821414828300476,0.08136174082756042,0.7328281998634338,-0.07779340445995331,-0.6759315133094788,-0.00518244132399559,38.414029,-33.965870,22.369680,-20.093987
2026-08-05T11:50:25.413204,1785927025.413204,32.206347,0.6856750249862671,0.24085943400859833,-0.6816619634628296,0.08469707518815994,0.7314081788063049,-0.08339966833591461,-0.6768137812614441,-0.002973640337586403,39.039145,-34.504475,37.317494,-32.153060
2026-08-05T11:50:25.429837,1785927025.429837,32.222980,0.6853367686271667,0.24046467244625092,-0.6818116903305054,0.08731038868427277,0.7295851707458496,-0.09105263650417328,-0.6778010725975037,-0.00038274098187685013,39.824249,-35.092241,47.201481,-35.337269
2026-08-05T11:50:25.434188,1785927025.434188,32.227330,0.6846182346343994,0.2392110824584961,-0.6828332543373108,0.08840111643075943,0.7273967266082764,-0.10061948001384735,-0.6787942051887512,0.0027134655974805355,40.674484,-35.598891,195.426735,-116.453456
2026-08-05T11:50:25.446059,1785927025.446059,32.239201,0.6841921210289001,0.23700012266635895,-0.6841371655464172,0.0875706896185875,0.7246588468551636,-0.11217597872018814,-0.6798902153968811,0.005905057303607464,41.583893,-36.025864,76.608502,-35.968186
2026-08-05T11:50:25.463079,1785927025.463711,32.256222,0.6838580965995789,0.23323799669742584,-0.6860835552215576,0.08501485735177994,0.7212668657302856,-0.1252194046974182,-0.6811823844909668,0.00916466023772955,42.450047,-36.289209,50.888968,-15.472250
2026-08-05T11:50:25.479826,1785927025.479826,32.272969,0.6836122870445251,0.22816944122314453,-0.6884717345237732,0.08136099576950073,0.7172736525535583,-0.13916829228401184,-0.682633638381958,0.01270332932472229,43.257718,-36.395227,48.227809,-6.330577
2026-08-05T11:50:25.496508,1785927025.496508,32.289650,0.6837314963340759,0.22344015538692474,-0.6903446316719055,0.07752495259046555,0.712857186794281,-0.15371161699295044,-0.6840450167655945,0.01700160652399063,44.177430,-36.513867,55.133093,-7.111999
2026-08-05T11:50:25.513140,1785927025.513140,32.306283,0.683192253112793,0.21948599815368652,-0.6926125884056091,0.07322604954242706,0.7079715132713318,-0.16886912286281586,-0.6853984594345093,0.022085674107074738,45.277701,-36.646539,66.153541,-7.976840
2026-08-05T11:50:25.529740,1785927025.529741,32.322883,0.682031512260437,0.21617217361927032,-0.6952498555183411,0.06877743452787399,0.7029176354408264,-0.18425287306308746,-0.6864109635353088,0.028232336044311523,46.511747,-36.751811,74.337379,-6.341452
2026-08-05T11:50:25.546498,1785927025.546498,32.339641,0.6807351112365723,0.2126668244600296,-0.6980582475662231,0.06393285095691681,0.6975202560424805,-0.19979985058307648,-0.6872537136077881,0.03503036126494408,47.781689,-36.764088,75.783566,-0.732640
2026-08-05T11:50:25.579298,1785927025.579298,32.372440,0.6792226433753967,0.2088596224784851,-0.7011057138442993,0.059035010635852814,0.6912237405776978,-0.21617066860198975,-0.6882774829864502,0.041874464601278305,49.162286,-36.795769,42.091724,-0.965894
2026-08-05T11:50:25.583621,1785927025.583621,32.376764,0.678281843662262,0.20562204718589783,-0.7032856345176697,0.05516225844621658,0.6841052174568176,-0.23285557329654694,-0.6894302368164062,0.049633290618658066,50.691657,-36.925378,353.755485,-29.979554
2026-08-05T11:50:25.612539,1785927025.612539,32.405681,0.6771405935287476,0.20343518257141113,-0.7052689790725708,0.05186988413333893,0.6772969961166382,-0.24831868708133698,-0.6899943351745605,0.059275705367326736,52.255319,-36.944056,54.072666,-0.645920
2026-08-05T11:50:25.629702,1785927025.629703,32.422845,0.6762515902519226,0.20153489708900452,-0.7068845629692078,0.048804834485054016,0.6711452603340149,-0.2625162899494171,-0.6897476315498352,0.06997498869895935,53.762828,-36.831781,87.830946,6.541404
2026-08-05T11:50:25.645957,1785927025.645957,32.439100,0.6761985421180725,0.19907914102077484,-0.7078394889831543,0.04567865654826164,0.6647182703018188,-0.27656593918800354,-0.6893618702888489,0.08025185018777847,55.238818,-36.716178,90.805408,7.112094
2026-08-05T11:50:25.663137,1785927025.663137,32.456280,0.676487386226654,0.19724217057228088,-0.708156406879425,0.044440459460020065,0.6575201749801636,-0.29102879762649536,-0.6890586018562317,0.09037087857723236,56.864999,-36.877787,94.655679,-9.406782
2026-08-05T11:50:25.680491,1785927025.680491,32.473634,0.6756373643875122,0.19723103940486908,-0.708957850933075,0.04464263096451759,0.6501739621162415,-0.30518996715545654,-0.6883780360221863,0.1013309583067894,58.699551,-37.198038,105.711969,-18.453773
2026-08-05T11:50:25.684737,1785927025.684737,32.477031,0.6737222671508789,0.19663119316101074,-0.710995078086853,0.04382523521780968,0.6426692008972168,-0.31911513209342957,-0.6873723864555359,0.1125187948346138,60.489361,-37.290446,526.844534,-27.200992
2026-08-05T11:50:25.695960,1785927025.695960,32.489102,0.6734380125999451,0.19509460031986237,-0.7117881178855896,0.042154744267463684,0.6343839764595032,-0.3333076238632202,-0.6864190101623535,0.12365783751010895,62.261506,-37.328894,146.805647,-3.185072
2026-08-05T11:50:25.712387,1785927025.712388,32.505530,0.6734805107116699,0.19295907020568848,-0.7124770879745483,0.039588313549757004,0.6253045201301575,-0.34769654273986816,-0.68559730052948,0.13437633216381073,64.046802,-37.309214,108.677134,1.198003
2026-08-05T11:50:25.728857,1785927025.728857,32.522000,0.6721605062484741,0.19131961464881897,-0.7143329977989197,0.03640783205628395,0.6159477233886719,-0.3615398705005646,-0.6847720146179199,0.14485794305801392,65.872601,-37.183151,110.857932,7.654247
2026-08-05T11:50:25.762605,1785927025.762605,32.555747,0.6712638735771179,0.18980911374092102,-0.7156901955604553,0.03413400426506996,0.6069760918617249,-0.3742005228996277,-0.6836146712303162,0.15564128756523132,67.600172,-37.036863,51.190826,4.334732
2026-08-05T11:50:25.779721,1785927025.779721,32.572864,0.6715829968452454,0.18699946999549866,-0.716221272945404,0.03216780349612236,0.5984285473823547,-0.38584771752357483,-0.6820890307426453,0.16660849750041962,69.100819,-36.757784,87.672289,16.304681
2026-08-05T11:50:25.795915,1785927025.795916,32.589058,0.6712192296981812,0.1841197907924652,-0.7173935770988464,0.03018595278263092,0.5899673700332642,-0.39685243368148804,-0.68047034740448,0.1772177815437317,70.539252,-36.396505,88.824471,22.309297
2026-08-05T11:50:25.812845,1785927025.812846,32.605988,0.6702286601066589,0.1827649027109146,-0.7187003493309021,0.029335707426071167,0.5817439556121826,-0.4070074260234833,-0.6787397265434265,0.18769855797290802,72.036121,-36.168741,88.414652,13.453187
2026-08-05T11:50:25.829593,1785927025.829594,32.622736,0.6705635786056519,0.1821672022342682,-0.7184985280036926,0.030326807871460915,0.5744118094444275,-0.41582027077674866,-0.6766263246536255,0.19829420745372772,73.433731,-36.137432,83.448460,1.869375
2026-08-05T11:50:25.846237,1785927025.846238,32.639380,0.6718414425849915,0.18193493783473969,-0.7172917723655701,0.03195863962173462,0.5674546360969543,-0.4239494204521179,-0.674429178237915,0.20834262669086456,74.778334,-36.263296,80.787170,-7.562203
2026-08-05T11:50:25.863134,1785927025.863134,32.656277,0.6729017496109009,0.18215076625347137,-0.7161280512809753,0.03442579135298729,0.5597645044326782,-0.4324280023574829,-0.6727052927017212,0.21710984408855438,76.166216,-36.640557,82.139104,-22.327473
2026-08-05T11:50:25.912644,1785927025.912645,32.704887,0.6724766492843628,0.18132524192333221,-0.7166553735733032,0.03607860207557678,0.5510780215263367,-0.4414942264556885,-0.6713126301765442,0.22524292767047882,77.522874,-36.829898,27.908772,-3.895085
2026-08-05T11:50:25.929883,1785927025.929884,32.723026,0.6724849343299866,0.18029628694057465,-0.7167964577674866,0.03821171447634697,0.5425516366958618,-0.45031988620758057,-0.6694163680076599,0.23394565284252167,78.852648,-37.011499,73.310702,-10.011652
2026-08-05T11:50:25.945862,1785927025.945862,32.739005,0.6733623147010803,0.1800987422466278,-0.7158604860305786,0.041128408163785934,0.5344871282577515,-0.45865246653556824,-0.6668409109115601,0.24348263442516327,80.242913,-37.318825,87.008067,-19.233672
2026-08-05T11:50:25.962862,1785927025.962862,32.756005,0.6746223568916321,0.17908602952957153,-0.7148367166519165,0.0426788404583931,0.5268551111221313,-0.4665757119655609,-0.6636577248573303,0.2535514831542969,81.581680,-37.390097,78.750072,-4.192382
2026-08-05T11:50:25.979538,1785927025.979538,32.772681,0.6758021116256714,0.17748978734016418,-0.7140313982963562,0.04413805529475212,0.5186392664909363,-0.47471001744270325,-0.6604710817337036,0.26351645588874817,82.911065,-37.423957,79.719869,-2.030526
2026-08-05T11:50:25.996324,1785927025.996325,32.789467,0.6766505837440491,0.17533649504184723,-0.7136570811271667,0.04576770216226578,0.5093408226966858,-0.4831959307193756,-0.6576809883117676,0.27303624153137207,84.233636,-37.459431,78.788523,-2.113278
2026-08-05T11:50:26.012944,1785927026.012945,32.806087,0.6774173378944397,0.17274357378482819,-0.7134556174278259,0.04739747941493988,0.5007382035255432,-0.49099797010421753,-0.654233455657959,0.2831256687641144,85.456824,-37.327252,73.596672,7.952976
2026-08-05T11:50:26.029416,1785927026.029416,32.822558,0.6790080070495605,0.17051689326763153,-0.7123185992240906,0.04974271357059479,0.49410948157310486,-0.4972425401210785,-0.6498317718505859,0.29380863904953003,86.525507,-37.179113,64.881162,8.993721
2026-08-05T11:50:26.033719,1785927026.033720,32.826862,0.6803836226463318,0.1687849760055542,-0.7111947536468506,0.05283703655004501,0.48791614174842834,-0.5029709339141846,-0.6454859375953674,0.3038179874420166,87.527912,-37.136184,232.930329,9.975280
2026-08-05T11:50:26.045914,1785927026.045914,32.839056,0.6804731488227844,0.16639742255210876,-0.7114013433456421,0.05635985732078552,0.4799671769142151,-0.509466290473938,-0.642464280128479,0.3119525611400604,88.473594,-37.158748,77.549025,-1.850278
2026-08-05T11:50:26.061747,1785927026.061748,32.854890,0.6811860203742981,0.1642390787601471,-0.7108560800552368,0.06078600883483887,0.4706477224826813,-0.516450047492981,-0.6404997110366821,0.31863707304000854,89.457031,-37.552149,62.111637,-24.846338
2026-08-05T11:50:26.080252,1785927026.080252,32.873395,0.6817579865455627,0.16285641491413116,-0.710208535194397,0.06548028439283371,0.4624433219432831,-0.5224854350090027,-0.6381513476371765,0.32544949650764465,90.386854,-37.929747,50.247512,-20.405320
2026-08-05T11:50:26.096183,1785927026.096184,32.889326,0.6832783818244934,0.16292065382003784,-0.7081530094146729,0.07146188616752625,0.4562598764896393,-0.5266535878181458,-0.6352763175964355,0.3329956531524658,91.207048,-38.420185,51.483732,-30.784923
2026-08-05T11:50:26.112974,1785927026.112975,32.906117,0.6851555705070496,0.1630772203207016,-0.7056435942649841,0.07768436521291733,0.451068639755249,-0.529839038848877,-0.6321216821670532,0.34092390537261963,91.916107,-38.844466,42.228209,-25.268156
2026-08-05T11:50:26.129571,1785927026.129572,32.922714,0.6862788200378418,0.16277362406253815,-0.7038628458976746,0.08428148180246353,0.44422513246536255,-0.5335190892219543,-0.6298969984054565,0.3482104539871216,92.624404,-39.272123,42.675515,-25.766711
2026-08-05T11:50:26.146258,1785927026.146258,32.939400,0.6869757771492004,0.16061802208423615,-0.7028685212135315,0.09078513830900192,0.4349808096885681,-0.5383974313735962,-0.6284344792366028,0.3549496829509735,93.327891,-39.633517,42.159845,-21.658254
2026-08-05T11:50:26.162976,1785927026.162977,32.956119,0.6875609755516052,0.15933476388454437,-0.7017234563827515,0.09724611043930054,0.42539364099502563,-0.5436066389083862,-0.6265283226966858,0.36193034052848816,94.200960,-40.109263,52.222037,-28.456444
2026-08-05T11:50:26.179778,1785927026.179778,32.972921,0.6891323924064636,0.16025783121585846,-0.6988716125488281,0.10484564304351807,0.41620394587516785,-0.5486310720443726,-0.6238527894020081,0.3695744574069977,95.302958,-41.005885,65.587964,-53.364537
2026-08-05T11:50:26.183651,1785927026.183652,32.976794,0.6924927234649658,0.15941905975341797,-0.6946990489959717,0.11150180548429489,0.4071509540081024,-0.5535238981246948,-0.6204696297645569,0.3779633045196533,96.344992,-41.825653,269.026770,-211.643287
2026-08-05T11:50:26.196037,1785927026.196037,32.989179,0.6959337592124939,0.15653862059116364,-0.691116988658905,0.1163153275847435,0.3987993001937866,-0.5581633448600769,-0.6160071492195129,0.3872303366661072,97.257133,-42.179961,73.646630,-28.606995
2026-08-05T11:50:26.212825,1785927026.212826,33.004949,0.6973909139633179,0.1559419482946396,-0.689033567905426,0.12066860496997833,0.3906993865966797,-0.5626530051231384,-0.6109206080436707,0.39692652225494385,98.377288,-42.405413,71.034167,-14.296919
2026-08-05T11:50:26.229460,1785927026.229460,33.022602,0.6989041566848755,0.15712988376617432,-0.6861699223518372,0.12654761970043182,0.38125738501548767,-0.5673543214797974,-0.6065677404403687,0.40598854422569275,99.683699,-43.089671,74.002111,-38.760072
2026-08-05T11:50:26.245842,1785927026.245842,33.038985,0.7024813890457153,0.15576809644699097,-0.6819817423820496,0.1309865564107895,0.3699025511741638,-0.572454035282135,-0.6031011343002319,0.4144115447998047,100.972118,-43.855357,78.646272,-46.738146
2026-08-05T11:50:26.262785,1785927026.262785,33.055927,0.7066072225570679,0.1529117375612259,-0.6776065826416016,0.1348099559545517,0.3584687113761902,-0.5772437453269958,-0.5998868942260742,0.4224032759666443,102.126665,-44.536872,68.144995,-40.225139
2026-08-05T11:50:26.279286,1785927026.279287,33.072429,0.7101327180862427,0.15112163126468658,-0.6734990477561951,0.13882750272750854,0.34848102927207947,-0.5815210938453674,-0.5956599116325378,0.43079298734664917,103.284481,-45.177535,70.163578,-38.824140
2026-08-05T11:50:26.296101,1785927026.296102,33.089244,0.7137011885643005,0.1500575840473175,-0.669018030166626,0.14327748119831085,0.3403837978839874,-0.5850206613540649,-0.5905671119689941,0.43945345282554626,104.356124,-45.830129,63.731568,-38.810397
2026-08-05T11:50:26.312794,1785927026.312794,33.105937,0.7184290885925293,0.14962902665138245,-0.6629306077957153,0.14830315113067627,0.3326674699783325,-0.5880987644195557,-0.5855069160461426,0.4479428827762604,105.458325,-46.816290,66.028218,-59.076756
2026-08-05T11:50:26.329205,1785927026.329206,33.122348,0.7228127717971802,0.1492026299238205,-0.6572502851486206,0.15265151858329773,0.3240935206413269,-0.5910787582397461,-0.5812963247299194,0.4557226896286011,106.590369,-47.791343,68.980545,-59.414334
2026-08-05T11:50:26.345671,1785927026.345672,33.138814,0.726990282535553,0.1478942334651947,-0.6520310044288635,0.15642383694648743,0.315227746963501,-0.5936934947967529,-0.5778876543045044,0.46282246708869934,107.606359,-48.632578,61.701764,-51.088786
2026-08-05T11:50:26.362417,1785927026.362418,33.154715,0.7317634224891663,0.14568378031253815,-0.6462048888206482,0.16036780178546906,0.30668672919273376,-0.595931351184845,-0.5745927691459656,0.4697355628013611,108.501378,-49.503658,56.288323,-54.782773
2026-08-05T11:50:26.379415,1785927026.379415,33.172557,0.7349950075149536,0.14561420679092407,-0.6416857242584229,0.16376356780529022,0.2993994951248169,-0.5977206230163574,-0.5710272789001465,0.47646310925483704,109.454694,-50.230372,53.428714,-40.728805
2026-08-05T11:50:26.396154,1785927026.396154,33.189296,0.7370225787162781,0.14753466844558716,-0.6381726861000061,0.16663406789302826,0.29338201880455017,-0.5991261005401611,-0.5671973824501038,0.4829712510108948,110.459537,-50.858493,60.029569,-37.524091
2026-08-05T11:50:26.412895,1785927026.412896,33.206038,0.7386726140975952,0.14980095624923706,-0.6350116729736328,0.1693595051765442,0.2884402573108673,-0.6000639796257019,-0.5636201500892639,0.4889346659183502,111.350333,-51.409188,53.208846,-32.893968
2026-08-05T11:50:26.429431,1785927026.429431,33.222574,0.739928126335144,0.15197370946407318,-0.6323567628860474,0.17185886204242706,0.2840441167354584,-0.6004998087882996,-0.5611724853515625,0.49376487731933594,112.077615,-51.873700,43.982369,-28.091377
2026-08-05T11:50:26.445812,1785927026.445812,33.238954,0.7410972118377686,0.15240705013275146,-0.630326509475708,0.17388369143009186,0.27940279245376587,-0.6006907820701599,-0.5599092841148376,0.49759966135025024,112.583327,-52.131271,30.872683,-15.724197
2026-08-05T11:50:26.462601,1785927026.462601,33.255744,0.7428638339042664,0.1518019139766693,-0.6277853846549988,0.17605452239513397,0.27441442012786865,-0.6010845899581909,-0.558872401714325,0.5010538101196289,113.036461,-52.494006,26.989625,-21.605286
2026-08-05T11:50:26.479014,1785927026.479014,33.272157,0.7445526719093323,0.15387850999832153,-0.6243566274642944,0.1792813539505005,0.2698642313480377,-0.6016883254051208,-0.5570628643035889,0.5048017501831055,113.725188,-53.278470,41.961763,-47.794631
2026-08-05T11:50:26.495213,1785927026.495214,33.288356,0.7452479004859924,0.15755508840084076,-0.6214636564254761,0.18320797383785248,0.26587221026420593,-0.6023553013801575,-0.5544871687889099,0.508943498134613,114.486606,-54.067204,47.003711,-48.689940
2026-08-05T11:50:26.512545,1785927026.512546,33.304753,0.7457524538040161,0.1599498689174652,-0.619304895401001,0.1863621026277542,0.2624935805797577,-0.6028430461883545,-0.551642894744873,0.513192892074585,115.094277,-54.528689,37.060425,-28.144934
2026-08-05T11:50:26.529592,1785927026.529593,33.322735,0.745606005191803,0.16086527705192566,-0.6185200810432434,0.18875150382518768,0.25867387652397156,-0.6031991243362427,-0.549584686756134,0.5169087052345276,115.538329,-54.617671,24.693569,-4.948238
2026-08-05T11:50:26.546074,1785927026.546074,33.339216,0.7461721897125244,0.16028904914855957,-0.6174799203872681,0.19040273129940033,0.25382569432258606,-0.603782594203949,-0.5483521819114685,0.5199310779571533,115.960599,-54.755170,25.621004,-8.342666
2026-08-05T11:50:26.562921,1785927026.562921,33.356064,0.7475728392601013,0.1604667603969574,-0.6150724291801453,0.1925390660762787,0.2486458569765091,-0.6046339869499207,-0.546991765499115,0.5228692889213562,116.532908,-55.311487,33.970685,-33.021452
2026-08-05T11:50:26.579539,1785927026.579539,33.372682,0.7481276392936707,0.1621771901845932,-0.6131516695022583,0.1950611025094986,0.24371333420276642,-0.6055791974067688,-0.5450276136398315,0.5261386036872864,117.210496,-55.880251,40.774329,-34.225799
2026-08-05T11:50:26.595484,1785927026.595484,33.388627,0.7476529479026794,0.16527144610881805,-0.6121898293495178,0.19729246199131012,0.23897089064121246,-0.6064655780792236,-0.5428276658058167,0.5295565724372864,117.974746,-56.324871,47.929785,-27.884216
2026-08-05T11:50:26.613217,1785927026.613218,33.406360,0.7473602890968323,0.16829507052898407,-0.6112185120582581,0.1988503336906433,0.2350221425294876,-0.6070364713668823,-0.5407219529151917,0.5328134298324585,118.681058,-56.689500,39.829601,-20.561811
2026-08-05T11:50:26.617020,1785927026.617020,33.410163,0.747050940990448,0.17103704810142517,-0.610228419303894,0.2007056027650833,0.23193207383155823,-0.6073258519172668,-0.5391144752502441,0.5354599356651306,119.225364,-57.030195,143.142828,-89.596738
2026-08-05T11:50:26.633514,1785927026.633514,33.426657,0.7465131878852844,0.1719726026058197,-0.610015869140625,0.20254452526569366,0.22982820868492126,-0.6074197292327881,-0.5381571650505066,0.5372210144996643,119.442687,-57.087202,13.175869,-3.456240
2026-08-05T11:50:26.636534,1785927026.636534,33.429677,0.7471029758453369,0.1713225543498993,-0.6092278361320496,0.20329105854034424,0.2283170074224472,-0.6072898507118225,-0.5380426645278931,0.5381261110305786,119.507050,-57.151649,21.313549,-21.341349
2026-08-05T11:50:26.662201,1785927026.662202,33.455344,0.7483571767807007,0.16906818747520447,-0.6085056662559509,0.20272713899612427,0.22782458364963531,-0.6069695949554443,-0.537972092628479,0.5387662649154663,119.409408,-57.012213,-3.804083,5.432386
2026-08-05T11:50:26.679329,1785927026.679330,33.472472,0.7492247819900513,0.16765150427818298,-0.6079682111740112,0.20231127738952637,0.2287975549697876,-0.6064938306808472,-0.537468671798706,0.5393919348716736,119.253595,-56.829473,-9.096956,10.669052
2026-08-05T11:50:26.696314,1785927026.696315,33.489457,0.7490167021751404,0.16762401163578033,-0.6081907749176025,0.2024357169866562,0.23062334954738617,-0.6060056090354919,-0.537121593952179,0.5395088791847229,119.065197,-56.627579,-11.092252,11.886825
2026-08-05T11:50:26.712935,1785927026.712936,33.506078,0.7482644319534302,0.168061763048172,-0.609210193157196,0.2017887383699417,0.2323976457118988,-0.6054246425628662,-0.5379984378814697,0.5385252237319946,118.862919,-56.377204,-12.169722,15.063468
2026-08-05T11:50:26.729284,1785927026.729285,33.522427,0.7473072409629822,0.1686907857656479,-0.6108643412590027,0.1998007595539093,0.23454511165618896,-0.6047132611274719,-0.5399250388145447,0.5364614129066467,118.635818,-56.057226,-13.891194,19.572200
2026-08-05T11:50:26.746113,1785927026.746113,33.539256,0.74570232629776,0.16958823800086975,-0.6136036515235901,0.19661737978458405,0.23858174681663513,-0.6038158535957336,-0.5418835878372192,0.5337101221084595,118.279002,-55.484094,-21.202694,34.056646
2026-08-05T11:50:26.762944,1785927026.762944,33.556087,0.7438523173332214,0.16938690841197968,-0.6172998547554016,0.1921793520450592,0.24476546049118042,-0.6025581359863281,-0.5438750982284546,0.5302948355674744,117.650528,-54.541613,-37.340448,55.996985
2026-08-05T11:50:26.779156,1785927026.779156,33.572299,0.7425926327705383,0.1669636219739914,-0.6211951375007629,0.18653777241706848,0.2517911195755005,-0.6009976267814636,-0.5465793609619141,0.5259783267974854,116.760310,-53.377867,-54.910334,71.782012
2026-08-05T11:50:26.795877,1785927026.795877,33.587999,0.7417452335357666,0.16447030007839203,-0.6246374845504761,0.18053148686885834,0.25859764218330383,-0.5992385149002075,-0.5502927303314209,0.5207856297492981,115.852764,-52.359757,-57.805109,64.847347
2026-08-05T11:50:26.812837,1785927026.812838,33.605980,0.7407386898994446,0.16295213997364044,-0.6278784275054932,0.17470410466194153,0.266257643699646,-0.5972111225128174,-0.5541350841522217,0.5151497721672058,114.926706,-51.448181,-51.501882,50.696511
2026-08-05T11:50:26.829922,1785927026.829922,33.623065,0.7388056516647339,0.16209159791469574,-0.6316637396812439,0.1699812263250351,0.27590543031692505,-0.5945704579353333,-0.5574138760566711,0.5095597505569458,113.789392,-50.376114,-66.569534,62.750483
2026-08-05T11:50:26.879991,1785927026.879992,33.672735,0.7370572090148926,0.16023384034633636,-0.6354629993438721,0.16510219871997833,0.28824755549430847,-0.5911090970039368,-0.5597602725028992,0.5041537880897522,112.346535,-49.037442,-29.048728,26.951189
2026-08-05T11:50:26.896633,1785927026.896633,33.689296,0.7359632253646851,0.15670014917850494,-0.6387250423431396,0.16072887182235718,0.30101490020751953,-0.586839497089386,-0.5627878308296204,0.498275488615036,110.620538,-47.640358,-104.220371,84.359762
2026-08-05T11:50:26.912723,1785927026.912723,33.704859,0.7355300784111023,0.15167561173439026,-0.6411794424057007,0.15773120522499084,0.3102366328239441,-0.5826210975646973,-0.5685812830924988,0.49093830585479736,108.842966,-46.587334,-114.214252,67.659870
2026-08-05T11:50:26.929942,1785927026.929943,33.723085,0.735188901424408,0.14641186594963074,-0.6440532803535461,0.1524999737739563,0.3164363503456116,-0.5789145231246948,-0.575575590133667,0.48315414786338806,107.364459,-45.530171,-81.122256,58.004054
2026-08-05T11:50:26.946428,1785927026.946429,33.739253,0.7329601049423218,0.14380574226379395,-0.6486034393310547,0.14629769325256348,0.32504746317863464,-0.5748589634895325,-0.5794790387153625,0.4775819778442383,106.073840,-44.027279,-79.827249,92.956805
2026-08-05T11:50:26.961832,1785927026.961832,33.754609,0.7315394878387451,0.1441141664981842,-0.6513020992279053,0.14102059602737427,0.34014636278152466,-0.5693684816360474,-0.5782806873321533,0.47509029507637024,104.761760,-42.546042,-85.439836,96.454900
2026-08-05T11:50:26.978416,1785927026.978416,33.771559,0.7294703722000122,0.14631541073322296,-0.6540626287460327,0.13662730157375336,0.35765254497528076,-0.562882661819458,-0.5755904316902161,0.4732256829738617,103.416433,-41.060783,-79.374170,87.630173
2026-08-05T11:50:26.995231,1785927026.995231,33.788373,0.7249305844306946,0.15073223412036896,-0.6584951281547546,0.13468390703201294,0.3690895438194275,-0.5572776794433594,-0.577440619468689,0.46880263090133667,102.349554,-40.080538,-63.449159,58.296873
2026-08-05T11:50:27.012174,1785927027.012174,33.805316,0.7221539616584778,0.15217293798923492,-0.6616944074630737,0.13227881491184235,0.37285056710243225,-0.5539713501930237,-0.5838067531585693,0.4618085026741028,101.553248,-39.725281,-46.998508,20.967512
2026-08-05T11:50:27.028279,1785927027.028280,33.821422,0.7203671932220459,0.15106268227100372,-0.6649505496025085,0.12685458362102509,0.37651190161705017,-0.5515235662460327,-0.588873028755188,0.4552893340587616,100.827456,-39.075802,-45.064434,40.326159
2026-08-05T11:50:27.044768,1785927027.044769,33.837911,0.7170422673225403,0.1526515781879425,-0.6689689755439758,0.12258981168270111,0.3850145936012268,-0.5478016138076782,-0.5904173254966736,0.4506481885910034,100.018342,-38.189950,-49.069849,53.723720
2026-08-05T11:50:27.062089,1785927027.062090,33.855232,0.7143012285232544,0.15761271119117737,-0.6712132096290588,0.12001998722553253,0.39743876457214355,-0.5423763394355774,-0.5896865725517273,0.4473693370819092,99.232405,-37.598549,-45.375124,34.143822
2026-08-05T11:50:27.081306,1785927027.081307,33.874449,0.7115053534507751,0.16194114089012146,-0.6736057996749878,0.11743249744176865,0.40960243344306946,-0.5366820693016052,-0.5901162028312683,0.4426742196083069,98.310194,-37.073209,-47.988683,27.336896
2026-08-05T11:50:27.083521,1785927027.083522,33.876664,0.7088255286216736,0.16149722039699554,-0.677135705947876,0.11389593780040741,0.4175489842891693,-0.5320406556129456,-0.5941382050514221,0.4354132115840912,97.102400,-36.361708,-545.301886,321.232954
2026-08-05T11:50:27.095695,1785927027.095695,33.888838,0.7072585225105286,0.1572580337524414,-0.680864691734314,0.10713837295770645,0.42243313789367676,-0.5286117792129517,-0.5997438430786133,0.4271141588687897,95.905087,-35.400264,-98.354812,78.978987
2026-08-05T11:50:27.112443,1785927027.112444,33.905586,0.7049759030342102,0.15753388404846191,-0.6839922666549683,0.10171886533498764,0.4286940097808838,-0.5245839953422546,-0.6041605472564697,0.4195501208305359,95.014527,-34.823266,-53.171971,34.450393
2026-08-05T11:50:27.129772,1785927027.129772,33.922914,0.7027232646942139,0.16178041696548462,-0.6858055591583252,0.0983772873878479,0.43845757842063904,-0.5187664031982422,-0.6062341928482056,0.41366127133369446,94.212345,-34.513307,-46.293899,17.887692
2026-08-05T11:50:27.145856,1785927027.145856,33.938061,0.7005653381347656,0.16407270729541779,-0.688145637512207,0.09351073950529099,0.4518616199493408,-0.5110313296318054,-0.6062456965446472,0.4088197946548462,93.035984,-33.562488,-77.666779,62.775853
2026-08-05T11:50:27.162852,1785927027.162852,33.955994,0.699397087097168,0.16253922879695892,-0.690488874912262,0.08746272325515747,0.4643174707889557,-0.5033426880836487,-0.6076644062995911,0.4022423028945923,91.515064,-32.431942,-84.807266,63.039790
2026-08-05T11:50:27.179371,1785927027.179371,33.972514,0.6973918676376343,0.15964537858963013,-0.6940143704414368,0.08063613623380661,0.4721623361110687,-0.4974862337112427,-0.612472653388977,0.39299696683883667,90.079573,-31.451492,-86.897752,59.351778
2026-08-05T11:50:27.196161,1785927027.196162,33.989304,0.6935445070266724,0.16062888503074646,-0.6983364820480347,0.07430071383714676,0.4781914949417114,-0.4926680624485016,-0.6180539131164551,0.3829093873500824,89.111081,-30.911516,-57.682136,32.160271
2026-08-05T11:50:27.212829,1785927027.212830,34.005972,0.6912371516227722,0.1654689908027649,-0.6999293565750122,0.07007237523794174,0.4859853684902191,-0.48678091168403625,-0.6227840781211853,0.3728294372558594,88.317201,-31.092794,-47.627432,-10.875433
2026-08-05T11:50:27.228787,1785927027.228788,34.021930,0.6896300911903381,0.17087459564208984,-0.7006160616874695,0.06595047563314438,0.4965742826461792,-0.4792097210884094,-0.6263426542282104,0.362582802772522,87.343747,-31.296237,-61.002518,-12.748995
2026-08-05T11:50:27.232351,1785927027.232352,34.025494,0.6873895525932312,0.17522522807121277,-0.7021450996398926,0.061514709144830704,0.5095933675765991,-0.4699889123439789,-0.6291487216949463,0.3515626788139343,86.006436,-31.203793,-375.190051,25.935696
2026-08-05T11:50:27.245628,1785927027.245628,34.038771,0.6868137121200562,0.17549622058868408,-0.7029345631599426,0.058061592280864716,0.5244093537330627,-0.45883408188819885,-0.6313546895980835,0.34037697315216064,83.988491,-30.777857,-151.995558,32.082379
2026-08-05T11:50:27.261906,1785927027.261907,34.055049,0.6863191723823547,0.172904372215271,-0.7043328881263733,0.05463871359825134,0.5380567312240601,-0.4468947649002075,-0.6345565915107727,0.32881173491477966,81.614254,-30.001254,-145.853181,47.707947
2026-08-05T11:50:27.278227,1785927027.278228,34.071370,0.6833721995353699,0.1724230945110321,-0.707544207572937,0.05151789262890816,0.5492839813232422,-0.43583372235298157,-0.6390286087989807,0.316192626953125,79.534661,-29.413385,-127.418681,36.019291
2026-08-05T11:50:27.295418,1785927027.295419,34.087837,0.6828147172927856,0.17608049511909485,-0.7072056531906128,0.0511874258518219,0.5595736503601074,-0.4249841272830963,-0.6440275311470032,0.3024790287017822,77.808430,-29.896860,-104.826071,-29.359230
2026-08-05T11:50:27.312688,1785927027.312688,34.105830,0.6844639778137207,0.1785738617181778,-0.704834520816803,0.05318795144557953,0.5716408491134644,-0.4128524959087372,-0.6476271748542786,0.288717657327652,75.746762,-30.554560,-114.581850,-36.553113
2026-08-05T11:50:27.329169,1785927027.329170,34.122312,0.686588704586029,0.1781347095966339,-0.7029386758804321,0.052359871566295624,0.5860170125961304,-0.39883893728256226,-0.6491652131080627,0.27585384249687195,73.343010,-30.452128,-145.844268,6.214886
2026-08-05T11:50:27.362717,1785927027.362717,34.155859,0.6844409108161926,0.17945818603038788,-0.7045786380767822,0.05389382690191269,0.5989357829093933,-0.38469037413597107,-0.6515520811080933,0.26223698258399963,71.002425,-30.392521,-69.769483,1.776809
2026-08-05T11:50:27.411557,1785927027.411557,34.204700,0.6833394765853882,0.1850527822971344,-0.7039520144462585,0.05704624578356743,0.6093426942825317,-0.37184378504753113,-0.6549736261367798,0.24787607789039612,69.270303,-31.200077,-35.465033,-16.534638
2026-08-05T11:50:27.428980,1785927027.428980,34.220992,0.6855143308639526,0.18920984864234924,-0.7005129456520081,0.059592682868242264,0.6195875406265259,-0.3587507903575897,-0.6580409407615662,0.23321738839149475,67.448005,-32.065080,-111.853259,-53.094184
2026-08-05T11:50:27.445438,1785927027.445438,34.238581,0.6866912245750427,0.18860052525997162,-0.6995811462402344,0.05891712009906769,0.6302657723426819,-0.3449758291244507,-0.6602670550346375,0.21863988041877747,65.183986,-32.014350,-128.717257,2.884142
2026-08-05T11:50:27.462462,1785927027.462463,34.255605,0.6877313852310181,0.18697459995746613,-0.6992416381835938,0.055921077728271484,0.6406299471855164,-0.3307889699935913,-0.6620323061943054,0.204656720161438,62.899584,-31.573922,-134.184922,25.870628
2026-08-05T11:50:27.479135,1785927027.479136,34.272278,0.6883255243301392,0.18881475925445557,-0.6982694864273071,0.05455871671438217,0.6502995491027832,-0.3165343105792999,-0.6635043621063232,0.1915140002965927,61.005358,-31.517076,-113.609772,3.409437
2026-08-05T11:50:27.495855,1785927027.495855,34.288997,0.6885934472084045,0.19340065121650696,-0.6966727375984192,0.05551905184984207,0.6589763760566711,-0.30245500802993774,-0.665073573589325,0.1787382960319519,59.422504,-31.886477,-94.672039,-22.094270
2026-08-05T11:50:27.512466,1785927027.512466,34.305609,0.6901986002922058,0.19819959998130798,-0.6935712099075317,0.057462312281131744,0.6666494011878967,-0.2885664999485016,-0.6669331789016724,0.16585345566272736,57.904616,-32.444990,-91.377941,-33.622873
2026-08-05T11:50:27.529410,1785927027.529411,34.322553,0.6927078366279602,0.20241759717464447,-0.689638614654541,0.059847526252269745,0.6740397214889526,-0.2743801176548004,-0.6686796545982361,0.15248800814151764,56.316657,-33.024416,-93.714497,-34.195219
2026-08-05T11:50:27.534830,1785927027.534830,34.327972,0.6943144798278809,0.20591436326503754,-0.6867530345916748,0.06242788955569267,0.6817338466644287,-0.2597401738166809,-0.6696814894676208,0.1389237642288208,54.646205,-33.468416,-308.243987,-81.930030
2026-08-05T11:50:27.545701,1785927027.545701,34.338844,0.6944199800491333,0.20958490669727325,-0.6852812170982361,0.06515336036682129,0.6900100708007812,-0.24365980923175812,-0.6698659658432007,0.12567713856697083,52.899723,-33.720010,-160.652589,-23.143232
2026-08-05T11:50:27.562148,1785927027.562148,34.355291,0.6952402591705322,0.21290655434131622,-0.683138370513916,0.06807371228933334,0.6980477571487427,-0.22676768898963928,-0.669888436794281,0.11204717308282852,51.079948,-33.939475,-110.644337,-13.343734
2026-08-05T11:50:27.579324,1785927027.579324,34.372467,0.6967850923538208,0.21530601382255554,-0.6804818511009216,0.07126311212778091,0.7051506638526917,-0.21025122702121735,-0.6701006293296814,0.09757726639509201,49.260722,-34.203160,-105.915785,-15.351787
2026-08-05T11:50:27.596112,1785927027.596113,34.389255,0.6971948742866516,0.2191140055656433,-0.6784362196922302,0.0750533938407898,0.7119418978691101,-0.19391939043998718,-0.6698879599571228,0.0823616236448288,47.721944,-34.685881,-91.658107,-28.753516
2026-08-05T11:50:27.612083,1785927027.612084,34.405226,0.6973247528076172,0.222452774643898,-0.6768657565116882,0.0781397670507431,0.7188154458999634,-0.17727987468242645,-0.6688763499259949,0.06693156808614731,46.211761,-35.054440,-94.556710,-23.076508
2026-08-05T11:50:27.629399,1785927027.629399,34.422542,0.697435736656189,0.22595979273319244,-0.6752317547798157,0.08116435259580612,0.7259488105773926,-0.1592952460050583,-0.666934609413147,0.05311351642012596,44.676885,-35.198640,-88.642302,-8.327842
2026-08-05T11:50:27.647322,1785927027.647322,34.440464,0.6974683403968811,0.23086895048618317,-0.6730286478996277,0.08526419848203659,0.7329170107841492,-0.13970601558685303,-0.6645674109458923,0.04079577699303627,43.228701,-35.305493,-80.800852,-5.961801
2026-08-05T11:50:27.663093,1785927027.663093,34.456236,0.6983794569969177,0.23528458178043365,-0.670168399810791,0.08821436762809753,0.7389143705368042,-0.12020184099674225,-0.6623385548591614,0.02939489483833313,41.790956,-35.219382,-91.163012,5.459986
2026-08-05T11:50:27.683733,1785927027.683734,34.476876,0.6989056468009949,0.23956142365932465,-0.6679469347000122,0.08937736600637436,0.7441792488098145,-0.10115950554609299,-0.6600094437599182,0.018730543553829193,40.429941,-34.953267,-65.938696,12.892819
2026-08-05T11:50:27.695352,1785927027.695352,34.488494,0.699103832244873,0.24261201918125153,-0.6667863726615906,0.08825668692588806,0.7488560080528259,-0.08273523300886154,-0.6574971079826355,0.008149911649525166,39.019308,-34.437436,-121.416400,44.398746
2026-08-05T11:50:27.711151,1785927027.711151,34.503353,0.6997019648551941,0.2439679056406021,-0.6659307479858398,0.08621639758348465,0.7528029084205627,-0.06616819649934769,-0.6549054980278015,-0.0027994653210043907,37.661827,-33.880285,-91.360677,37.497148
2026-08-05T11:50:27.729032,1785927027.729033,34.522175,0.6993383765220642,0.24655751883983612,-0.6654959917068481,0.08514881879091263,0.7556710243225098,-0.05191373825073242,-0.6527513265609741,-0.013464933261275291,36.781411,-33.673647,-46.775446,10.978445
2026-08-05T11:50:27.745377,1785927027.745377,34.538520,0.6987234354019165,0.2514292299747467,-0.6643995046615601,0.08451167494058609,0.7577455043792725,-0.03873250260949135,-0.6510093212127686,-0.022531790658831596,36.263854,-33.671315,-31.665376,0.142664
2026-08-05T11:50:27.762396,1785927027.762397,34.555539,0.6989462971687317,0.25527071952819824,-0.6629027724266052,0.08289127051830292,0.7593787908554077,-0.025905178859829903,-0.6494753956794739,-0.029217517003417015,35.547383,-33.340732,-42.097680,19.424056
2026-08-05T11:50:27.778539,1785927027.778539,34.571682,0.698611855506897,0.25855904817581177,-0.6623345017433167,0.08001217991113663,0.7606258988380432,-0.014037580229341984,-0.6481618285179138,-0.033713288605213165,34.755847,-32.775891,-49.033230,34.990144
2026-08-05T11:50:27.795618,1785927027.795619,34.588761,0.6989216208457947,0.2600036561489105,-0.6619581580162048,0.07561958581209183,0.7615119218826294,-0.003998201340436935,-0.6470613479614258,-0.03734354302287102,33.844180,-32.012287,-53.378319,44.709175
2026-08-05T11:50:27.812295,1785927027.812295,34.605438,0.6993659138679504,0.26006224751472473,-0.6619945764541626,0.07084071636199951,0.7620245218276978,0.00410506222397089,-0.6462330222129822,-0.0410342738032341,32.968538,-31.257416,-52.506997,45.265138
2026-08-05T11:50:27.828806,1785927027.828806,34.621949,0.6995978355407715,0.25977399945259094,-0.6622415781021118,0.06720660626888275,0.7622260451316833,0.010015521198511124,-0.6456784605979919,-0.044826023280620575,32.341345,-30.747987,-37.986479,30.853982
2026-08-05T11:50:27.833336,1785927027.833336,34.626478,0.6992841362953186,0.2602304220199585,-0.6626738905906677,0.06438547372817993,0.7620582580566406,0.01348814181983471,-0.6455442905426025,-0.0485435351729393,32.081416,-30.565968,-57.383014,40.183325
2026-08-05T11:50:27.845112,1785927027.845113,34.638255,0.6992329955101013,0.26030880212783813,-0.6629374623298645,0.06185832992196083,0.7616661190986633,0.015042667277157307,-0.6457279324531555,-0.05169792100787163,31.951740,-30.484991,-11.011491,6.876207
2026-08-05T11:50:27.861778,1785927027.861778,34.654921,0.6988307237625122,0.26032668352127075,-0.6636057496070862,0.05910274013876915,0.7610650658607483,0.015677977353334427,-0.6462517380714417,-0.05377368628978729,31.852455,-30.376027,-5.957327,6.538098
2026-08-05T11:50:27.877942,1785927027.877942,34.669611,0.6986984014511108,0.25980353355407715,-0.6641533970832825,0.05677146464586258,0.7604427337646484,0.016103507950901985,-0.6468908786773682,-0.05476105585694313,31.678938,-30.181495,-11.811823,13.242339
2026-08-05T11:50:27.895275,1785927027.895276,34.688418,0.6984702348709106,0.258788526058197,-0.6649144291877747,0.055286891758441925,0.7598763704299927,0.01640963926911354,-0.6475483775138855,-0.0547603964805603,31.466365,-29.943037,-11.302762,12.679083
2026-08-05T11:50:27.912331,1785927027.912331,34.704273,0.6982623338699341,0.25797396898269653,-0.6655009984970093,0.05465923622250557,0.759255051612854,0.016072457656264305,-0.6483461260795593,-0.05403386801481247,31.342455,-29.783826,-7.815395,10.041993
2026-08-05T11:50:27.928995,1785927027.928995,34.721110,0.6980293989181519,0.2573648691177368,-0.665985643863678,0.05460377037525177,0.7584629654884338,0.014344105497002602,-0.6493932604789734,-0.053060293197631836,31.391889,-29.780923,2.936046,0.172370
2026-08-05T11:50:27.945618,1785927027.945619,34.738761,0.6973046064376831,0.25641176104545593,-0.6670708656311035,0.055097755044698715,0.75764399766922,0.011557037010788918,-0.6504964828491211,-0.05191432312130928,31.548827,-29.869258,8.891007,-5.004395
2026-08-05T11:50:27.961566,1785927027.961566,34.754709,0.6966019868850708,0.25518274307250977,-0.6681588888168335,0.05649225041270256,0.7569553256034851,0.007860153913497925,-0.6514779329299927,-0.05032062530517578,31.796003,-30.045787,15.499296,-11.069375
2026-08-05T11:50:27.977845,1785927027.977846,34.770988,0.6960606575012207,0.2537938356399536,-0.669120192527771,0.05802397429943085,0.7561346292495728,0.003017327282577753,-0.6526169776916504,-0.048385437577962875,32.127898,-30.284477,20.387036,-14.661810
2026-08-05T11:50:27.996327,1785927027.996327,34.789470,0.69549560546875,0.2522130608558655,-0.6701644062995911,0.05961676687002182,0.755115270614624,-0.0031599062494933605,-0.6539634466171265,-0.04605904594063759,32.561260,-30.589244,23.448453,-16.490397
2026-08-05T11:50:28.012846,1785927028.012846,34.805585,0.694797158241272,0.2499680519104004,-0.6715890765190125,0.061164505779743195,0.7539337873458862,-0.01040586642920971,-0.6554508209228516,-0.043107688426971436,33.012985,-30.870685,28.031430,-17.464578
2026-08-05T11:50:28.078017,1785927028.078017,34.871159,0.6935213804244995,0.24768562614917755,-0.6736552715301514,0.06219739094376564,0.7523887753486633,-0.019016709178686142,-0.6572560667991638,-0.039532069116830826,33.570722,-31.171808,8.505371,-4.592064
2026-08-05T11:50:28.095563,1785927028.095563,34.888705,0.6924268007278442,0.24534043669700623,-0.6755355596542358,0.06328500062227249,0.7502455711364746,-0.029687462374567986,-0.6595218181610107,-0.03577692061662674,34.324322,-31.617412,42.949511,-25.396056
2026-08-05T11:50:28.112330,1785927028.112330,34.905473,0.691087543964386,0.24331894516944885,-0.6775892376899719,0.0637718141078949,0.747515082359314,-0.04203004390001297,-0.6621621251106262,-0.031535908579826355,35.258897,-32.138659,55.738080,-31.087205
2026-08-05T11:50:28.128855,1785927028.128855,34.921998,0.6904600858688354,0.24033355712890625,-0.6794242262840271,0.06235051527619362,0.7446082830429077,-0.05332804098725319,-0.6648551821708679,-0.026090411469340324,35.873019,-32.238789,37.163674,-6.059389
2026-08-05T11:50:28.133906,1785927028.133907,34.927049,0.6910641193389893,0.23144851624965668,-0.681762158870697,0.06373858451843262,0.7423919439315796,-0.06236931309103966,-0.6667715311050415,-0.019458230584859848,35.669045,-31.746899,-40.377857,97.372969
2026-08-05T11:50:28.136244,1785927028.136245,34.929387,0.6920895576477051,0.2257360816001892,-0.6827049255371094,0.06300289183855057,0.7402170300483704,-0.07096811383962631,-0.6684899926185608,-0.01272863894701004,35.702158,-31.339973,14.163202,174.053707
2026-08-05T11:50:28.146295,1785927028.146295,34.938285,0.692707359790802,0.2200435996055603,-0.6843146681785583,0.0587451308965683,0.7370821237564087,-0.08240192383527756,-0.6707227230072021,-0.007050368934869766,36.012844,-30.972631,34.917217,41.284646
2026-08-05T11:50:28.161888,1785927028.161889,34.955031,0.6928576231002808,0.21465277671813965,-0.6862615346908569,0.05401603505015373,0.7328715324401855,-0.09639301896095276,-0.6735004782676697,-0.0018084978219121695,36.687642,-30.830468,40.295969,8.489372
2026-08-05T11:50:28.177408,1785927028.177408,34.970551,0.6932544708251953,0.21075314283370972,-0.6871889233589172,0.052466779947280884,0.7285960912704468,-0.10928497463464737,-0.6761513352394104,0.004742893856018782,37.488083,-30.878200,51.576119,-3.075630
2026-08-05T11:50:28.194581,1785927028.194582,34.987358,0.6934958100318909,0.2073143869638443,-0.6879980564117432,0.052374470978975296,0.7252013683319092,-0.11928745359182358,-0.6779981255531311,0.013073300942778587,38.062565,-30.709320,34.180444,10.048030
2026-08-05T11:50:28.211702,1785927028.211703,35.004845,0.693513810634613,0.20441024005413055,-0.6888529658317566,0.05231495574116707,0.7224320769309998,-0.127670019865036,-0.6792072057723999,0.02164589986205101,38.556492,-30.442539,28.245326,15.255936
2026-08-05T11:50:28.228823,1785927028.228824,35.021966,0.6924973130226135,0.20284798741340637,-0.6903306841850281,0.05238128826022148,0.7192716002464294,-0.1367870569229126,-0.6805062294006348,0.02911042794585228,39.340136,-30.438293,45.770056,0.247999
2026-08-05T11:50:28.262707,1785927028.262707,35.055850,0.69089674949646,0.20165495574474335,-0.6922658681869507,0.05258670821785927,0.7153668999671936,-0.14702363312244415,-0.682200014591217,0.03515414148569107,40.328070,-30.664992,29.156934,-6.690596
2026-08-05T11:50:28.277734,1785927028.277734,35.070876,0.6897767782211304,0.19960997998714447,-0.6939650774002075,0.05269240215420723,0.7111672163009644,-0.15745148062705994,-0.6839628219604492,0.04054553806781769,41.251618,-30.876800,61.459989,-14.095315
2026-08-05T11:50:28.283265,1785927028.283265,35.076408,0.6881693005561829,0.19805370271205902,-0.6959840655326843,0.05295413359999657,0.7072442770004272,-0.16733437776565552,-0.6853448152542114,0.045888982713222504,42.190858,-31.095992,169.804284,-39.627467
2026-08-05T11:50:28.313257,1785927028.313257,35.106400,0.6858962774276733,0.19799070060253143,-0.6981600522994995,0.05402611568570137,0.7032654285430908,-0.17710112035274506,-0.6866222620010376,0.0510040819644928,43.307400,-31.508338,37.227885,-13.748503
2026-08-05T11:50:28.328518,1785927028.328518,35.121660,0.6835713386535645,0.19941449165344238,-0.6999288201332092,0.05535260587930679,0.6991624236106873,-0.187078595161438,-0.6877674460411072,0.05610758438706398,44.628376,-32.095043,86.561985,-38.446086
2026-08-05T11:50:28.345216,1785927028.345217,35.138359,0.680908739566803,0.20163151621818542,-0.7018033862113953,0.05639250576496124,0.6950535178184509,-0.1966373175382614,-0.6887727379798889,0.06184571608901024,46.004032,-32.634931,82.381552,-32.331358
2026-08-05T11:50:28.361996,1785927028.361996,35.155138,0.6791863441467285,0.2030198574066162,-0.703019917011261,0.057024985551834106,0.6909739971160889,-0.20556683838367462,-0.6896944046020508,0.0679512470960617,47.214963,-33.004029,72.166586,-21.996725
2026-08-05T11:50:28.378864,1785927028.378864,35.171353,0.6781709790229797,0.2039932757616043,-0.7036857604980469,0.057421907782554626,0.6868587136268616,-0.2143639475107193,-0.6905221939086914,0.07382910698652267,48.369393,-33.343153,71.196854,-20.914699
2026-08-05T11:50:28.383172,1785927028.383172,35.176314,0.6764124631881714,0.20460450649261475,-0.7051947712898254,0.057476337999105453,0.6821351051330566,-0.22386431694030762,-0.691631019115448,0.07887743413448334,49.574770,-33.717851,242.958415,-75.525005
2026-08-05T11:50:28.395217,1785927028.395217,35.188359,0.6741862893104553,0.20482830703258514,-0.7073034048080444,0.05692298710346222,0.6766667366027832,-0.2343893200159073,-0.6929663419723511,0.08354596048593521,50.867192,-34.101598,107.298101,-31.858999
2026-08-05T11:50:28.412026,1785927028.412026,35.205168,0.6724722981452942,0.20504271984100342,-0.708923876285553,0.05626450851559639,0.6713271737098694,-0.24442541599273682,-0.6939749121665955,0.08929585665464401,52.120851,-34.363027,74.582713,-15.552976
2026-08-05T11:50:28.428818,1785927028.428818,35.221961,0.6717004179954529,0.20324669778347015,-0.7103483080863953,0.05398757383227348,0.6666216254234314,-0.2532024383544922,-0.6944652199745178,0.09602594375610352,53.033370,-34.149434,54.342277,12.719881
2026-08-05T11:50:28.433855,1785927028.433855,35.226997,0.6711700558662415,0.19991108775138855,-0.7120269536972046,0.05083411931991577,0.6615484952926636,-0.2618744671344757,-0.6951906085014343,0.10239162296056747,53.784205,-33.738752,149.068967,81.535851
2026-08-05T11:50:28.444953,1785927028.444954,35.238096,0.6705315709114075,0.19843801856040955,-0.7131842374801636,0.04876561090350151,0.6545907258987427,-0.27262985706329346,-0.6969399452209473,0.10703795403242111,54.980196,-33.898484,107.760293,-14.392084
2026-08-05T11:50:28.460080,1785927028.460080,35.253223,0.6686179041862488,0.19948670268058777,-0.7148007750511169,0.04706497862935066,0.6458967328071594,-0.28557538986206055,-0.6992583274841309,0.11090798676013947,56.729642,-34.522980,115.652782,-41.284328
2026-08-05T11:50:28.479209,1785927028.479210,35.271326,0.6667869687080383,0.20023052394390106,-0.7164517045021057,0.04472081735730171,0.6370587944984436,-0.2989714741706848,-0.7009455561637878,0.11595822870731354,58.546155,-35.017035,100.342550,-27.291132
2026-08-05T11:50:28.494986,1785927028.494987,35.288129,0.665471076965332,0.201424703001976,-0.7174699306488037,0.04258346185088158,0.6293038129806519,-0.3110756576061249,-0.7013146877288818,0.12395575642585754,60.331269,-35.252913,106.237651,-14.037834
2026-08-05T11:50:28.512116,1785927028.512116,35.305259,0.6650362610816956,0.2021089345216751,-0.7178175449371338,0.04020976275205612,0.6228396892547607,-0.32132330536842346,-0.7004531621932983,0.13485579192638397,61.928324,-35.069411,93.233288,10.712501
2026-08-05T11:50:28.529245,1785927028.529246,35.322388,0.6652719378471375,0.20112641155719757,-0.7180381417274475,0.037185486406087875,0.6164126396179199,-0.33107879757881165,-0.6992615461349487,0.14647276699543,63.350729,-34.599423,83.038711,27.437480
2026-08-05T11:50:28.545463,1785927028.545463,35.338606,0.665561854839325,0.19764532148838043,-0.7189537286758423,0.03270193561911583,0.6085468530654907,-0.3418600559234619,-0.6986168622970581,0.1572744995355606,64.682792,-33.909965,82.136318,42.512683
2026-08-05T11:50:28.562058,1785927028.562059,35.355201,0.664900004863739,0.19511757791042328,-0.7204161882400513,0.02894389070570469,0.5996525883674622,-0.3535405397415161,-0.6981936693191528,0.16718316078186035,66.234039,-33.470279,93.473391,26.494106
2026-08-05T11:50:28.579025,1785927028.579026,35.372168,0.664493203163147,0.1954248696565628,-0.720748782157898,0.027914194390177727,0.5909013152122498,-0.36503592133522034,-0.6972478032112122,0.17728035151958466,68.048143,-33.536526,106.920675,-3.904491
2026-08-05T11:50:28.628731,1785927028.628732,35.421874,0.6652010679244995,0.1961558312177658,-0.7198770046234131,0.028420286253094673,0.5825297832489014,-0.375842422246933,-0.6957634091377258,0.1879182904958725,69.834203,-33.754449,35.932319,-4.384206
2026-08-05T11:50:28.645037,1785927028.645037,35.438179,0.666404128074646,0.1971130520105362,-0.7184374928474426,0.029994335025548935,0.5743618011474609,-0.38615015149116516,-0.6938444375991821,0.19893471896648407,71.594252,-34.059373,107.944005,-18.701078
2026-08-05T11:50:28.661473,1785927028.661473,35.454615,0.6675182580947876,0.1972547322511673,-0.7172975540161133,0.03153173252940178,0.5654945373535156,-0.3964943587779999,-0.6920537352561951,0.20992441475391388,73.300195,-34.283336,103.793973,-13.626453
2026-08-05T11:50:28.678508,1785927028.678508,35.470708,0.6683486104011536,0.1984338015317917,-0.7161043286323547,0.03360097110271454,0.555616557598114,-0.4069753885269165,-0.6904512643814087,0.22121691703796387,75.168644,-34.628653,116.108226,-21.458496
2026-08-05T11:50:28.712249,1785927028.712249,35.504156,0.6703227162361145,0.19995851814746857,-0.7136759161949158,0.03675501421093941,0.5457533001899719,-0.41685763001441956,-0.6884530782699585,0.23326832056045532,77.041401,-35.093090,55.990150,-13.885364
2026-08-05T11:50:28.730617,1785927028.730617,35.523760,0.6737574338912964,0.1991252899169922,-0.7105101346969604,0.03969057649374008,0.5363759398460388,-0.4257090985774994,-0.6858590841293335,0.24631014466285706,78.624577,-35.255655,80.757898,-8.292481
2026-08-05T11:50:28.744948,1785927028.744948,35.538090,0.676256537437439,0.19672556221485138,-0.7086712121963501,0.04196881875395775,0.5267133712768555,-0.4344301223754883,-0.6829316020011902,0.2597050964832306,80.078533,-35.085299,101.456322,11.887382
2026-08-05T11:50:28.761672,1785927028.761673,35.554022,0.6767047643661499,0.1954958438873291,-0.708392858505249,0.04507467523217201,0.5152342319488525,-0.4443395435810089,-0.6803007125854492,0.2725534737110138,81.774192,-35.087697,106.436840,-0.150546
2026-08-05T11:50:28.780736,1785927028.780736,35.571735,0.6775839328765869,0.1945522427558899,-0.70754075050354,0.04915018007159233,0.48878148198127747,-0.46658167243003845,-0.6741551756858826,0.29817381501197815,85.880595,-35.368066,231.819598,-15.827683
2026-08-05T11:50:28.828675,1785927028.828675,35.621818,0.679808497428894,0.19355332851409912,-0.7052903771400452,0.054435744881629944,0.47496533393859863,-0.4775373935699463,-0.6700338125228882,0.31212031841278076,87.888415,-35.849683,40.090479,-9.616533
2026-08-05T11:50:28.845352,1785927028.845353,35.638495,0.6820594072341919,0.19159936904907227,-0.7031664848327637,0.06034575775265694,0.4618704617023468,-0.48763588070869446,-0.6647194027900696,0.3271598517894745,89.734373,-36.127356,110.686342,-16.649699
2026-08-05T11:50:28.862054,1785927028.862055,35.655197,0.6846789121627808,0.18969973921775818,-0.7005651593208313,0.06661520898342133,0.44945281744003296,-0.4971484839916229,-0.6583675742149353,0.3426167070865631,91.550424,-36.424030,108.732973,-17.762870
2026-08-05T11:50:28.878513,1785927028.878513,35.671656,0.6877636313438416,0.18545398116111755,-0.6980795860290527,0.0726151093840599,0.4364490509033203,-0.5067988634109497,-0.6518706679344177,0.35739386081695557,93.182860,-36.611587,99.183484,-11.395544
2026-08-05T11:50:28.883923,1785927028.883924,35.677066,0.6916611790657043,0.18060722947120667,-0.694739580154419,0.07951568812131882,0.4225960671901703,-0.5167332887649536,-0.6455662846565247,0.3710015118122101,94.785537,-37.121893,296.219745,-94.319009
2026-08-05T11:50:28.886922,1785927028.886922,35.680064,0.6953138113021851,0.1784757375717163,-0.6907437443733215,0.08693825453519821,0.40881696343421936,-0.5264711976051331,-0.6390441060066223,0.38382020592689514,96.623291,-38.070505,612.970147,-316.402649
2026-08-05T11:50:28.894743,1785927028.894743,35.687885,0.6996215581893921,0.1761704385280609,-0.6859963536262512,0.09435434639453888,0.38399538397789,-0.5440391302108765,-0.6244277954101562,0.40823689103126526,100.463716,-39.097918,491.034847,-131.364617
2026-08-05T11:50:28.911407,1785927028.911408,35.704550,0.7063995599746704,0.17083826661109924,-0.6793732643127441,0.10132182389497757,0.37284141778945923,-0.5517566800117493,-0.6168664693832397,0.4195571839809418,101.795377,-40.218660,79.908900,-67.252293
2026-08-05T11:50:28.928550,1785927028.928550,35.721693,0.7134077548980713,0.16495688259601593,-0.672351598739624,0.10854433476924896,0.36118215322494507,-0.5590089559555054,-0.6102609038352966,0.42969393730163574,103.015482,-41.484909,71.173119,-73.864887
2026-08-05T11:50:28.945001,1785927028.945001,35.737296,0.7182245850563049,0.16167129576206207,-0.666806161403656,0.11569605767726898,0.34894999861717224,-0.5657986998558044,-0.6048026084899902,0.43854111433029175,104.361142,-42.805926,86.243355,-84.663918
2026-08-05T11:50:28.961845,1785927028.961846,35.754988,0.7245445251464844,0.15910618007183075,-0.6593462228775024,0.1224059984087944,0.33790072798728943,-0.5716084837913513,-0.5995211005210876,0.44683322310447693,105.705566,-44.441060,75.989081,-92.420504
2026-08-05T11:50:28.978650,1785927028.978650,35.771792,0.730901300907135,0.1575649231672287,-0.6515328884124756,0.12830263376235962,0.32893338799476624,-0.5760465264320374,-0.5941383838653564,0.454941064119339,106.957006,-46.010906,74.471755,-93.419743
2026-08-05T11:50:28.995269,1785927028.995270,35.788412,0.7346264719963074,0.15717922151088715,-0.6463991403579712,0.13336777687072754,0.321882039308548,-0.5791821479797363,-0.5889704823493958,0.4626580476760864,107.992006,-46.993922,62.276499,-59.148607
2026-08-05T11:50:29.011975,1785927029.011976,35.805118,0.7383719682693481,0.15681318938732147,-0.6411427855491638,0.1383931189775467,0.31525829434394836,-0.5815087556838989,-0.5848103165626526,0.4695267379283905,108.885500,-47.966930,53.483407,-58.243017
2026-08-05T11:50:29.028119,1785927029.028120,35.821262,0.7432066202163696,0.15445713698863983,-0.6351011991500854,0.1429455727338791,0.3077784776687622,-0.5835325717926025,-0.5823000073432922,0.47506579756736755,109.612863,-49.015283,45.053964,-64.936515
2026-08-05T11:50:29.032081,1785927029.032081,35.825223,0.7468875050544739,0.15342417359352112,-0.6300290822982788,0.14725355803966522,0.29983052611351013,-0.5855487585067749,-0.5804519653320312,0.4799047112464905,110.433714,-50.073352,207.216239,-267.099767
2026-08-05T11:50:29.045057,1785927029.045058,35.838200,0.7488815784454346,0.15395396947860718,-0.626663863658905,0.15088804066181183,0.2930840849876404,-0.5872374176979065,-0.5780741572380066,0.48485320806503296,111.265560,-50.839013,64.104454,-59.004075
2026-08-05T11:50:29.061441,1785927029.061441,35.854584,0.7514318823814392,0.15449488162994385,-0.6226080656051636,0.154405876994133,0.2887621819972992,-0.5884977579116821,-0.5745415687561035,0.4900889992713928,111.964136,-51.592993,42.638008,-46.019633
2026-08-05T11:50:29.077720,1785927029.077720,35.870863,0.7534263730049133,0.1556030809879303,-0.6190316677093506,0.15791258215904236,0.28597861528396606,-0.5895708203315735,-0.5702164173126221,0.4954536259174347,112.586076,-52.229202,38.205109,-39.081645
2026-08-05T11:50:29.094948,1785927029.094949,35.888091,0.7549764513969421,0.1555333286523819,-0.616411566734314,0.16080091893672943,0.28265538811683655,-0.5907757878303528,-0.5664458870887756,0.5002275109291077,113.113056,-52.657770,30.587940,-24.875723
2026-08-05T11:50:29.111958,1785927029.111959,35.905101,0.7570321559906006,0.15447263419628143,-0.613556981086731,0.16305936872959137,0.27670708298683167,-0.5926761031150818,-0.5638352036476135,0.504238486289978,113.801609,-53.286659,40.479894,-36.972259
2026-08-05T11:50:29.128698,1785927029.128698,35.921840,0.7588579654693604,0.1537104696035385,-0.6108521223068237,0.1654306948184967,0.26881980895996094,-0.595055341720581,-0.5620929002761841,0.5076370239257812,114.651161,-54.118674,50.751044,-49.703383
2026-08-05T11:50:29.145041,1785927029.145041,35.938184,0.7602575421333313,0.154226154088974,-0.608241081237793,0.1681235134601593,0.2627834677696228,-0.5972599983215332,-0.5590194463729858,0.5115869641304016,115.488584,-54.930684,51.239338,-49.684390
2026-08-05T11:50:29.161967,1785927029.161967,35.955109,0.7608733177185059,0.1550081968307495,-0.6066422462463379,0.17038023471832275,0.2604397237300873,-0.5986255407333374,-0.5542541742324829,0.5163520574569702,116.045790,-55.231225,32.920964,-17.756630
2026-08-05T11:50:29.178837,1785927029.178837,35.971980,0.7610924243927002,0.15652871131896973,-0.6054659485816956,0.17218653857707977,0.25893935561180115,-0.5994146466255188,-0.5498508810997009,0.5208792090415955,116.548244,-55.393739,29.783408,-9.633166
2026-08-05T11:50:29.184318,1785927029.184318,35.977460,0.7615546584129333,0.15809880197048187,-0.6038599014282227,0.1743345409631729,0.255202054977417,-0.6002116799354553,-0.5474302172660828,0.5243437886238098,117.142164,-55.827236,108.364471,-79.094359
2026-08-05T11:50:29.195129,1785927029.195130,35.988272,0.7623564004898071,0.15871216356754303,-0.6020727753639221,0.1764410436153412,0.250045508146286,-0.6011673808097839,-0.5461721420288086,0.5270384550094604,117.732420,-56.366858,54.594846,-49.911504
2026-08-05T11:50:29.211921,1785927029.211921,36.005064,0.7634451985359192,0.15852728486061096,-0.6001647114753723,0.178390234708786,0.24504107236862183,-0.6021767258644104,-0.5447573065757751,0.5296942591667175,118.265498,-56.876863,31.746276,-30.372212
2026-08-05T11:50:29.229287,1785927029.229288,36.022430,0.7642976641654968,0.15812335908412933,-0.5986303091049194,0.18024371564388275,0.24105575680732727,-0.6033540964126587,-0.5420958995819092,0.5329037308692932,118.751992,-57.238312,28.013890,-20.813432
2026-08-05T11:50:29.245489,1785927029.245489,36.038631,0.764931857585907,0.15841390192508698,-0.5970831513404846,0.18241702020168304,0.23763799667358398,-0.6049388647079468,-0.5379854440689087,0.5367936491966248,119.325499,-57.658292,35.398395,-25.922275
2026-08-05T11:50:29.263092,1785927029.263092,36.055814,0.7655906081199646,0.16008055210113525,-0.5950033664703369,0.18497678637504578,0.23378191888332367,-0.6067465543746948,-0.533617377281189,0.5407915711402893,120.080527,-58.361047,43.941449,-40.899252
2026-08-05T11:50:29.279001,1785927029.279001,36.072143,0.7659797668457031,0.16325153410434723,-0.5927495360374451,0.1878090649843216,0.2293824553489685,-0.6085209250450134,-0.5298079252243042,0.5444153547286987,120.970163,-59.287615,54.481016,-56.742737
2026-08-05T11:50:29.296270,1785927029.296270,36.089412,0.7659536600112915,0.16594375669956207,-0.5912179946899414,0.19036582112312317,0.22566969692707062,-0.6098831295967102,-0.5264603495597839,0.5476804375648499,121.691959,-59.956064,41.796862,-38.707718
2026-08-05T11:50:29.312472,1785927029.312473,36.105615,0.7660709023475647,0.1671449840068817,-0.5901438593864441,0.1921674907207489,0.22355327010154724,-0.6108432412147522,-0.523081362247467,0.5507076382637024,122.147957,-60.281231,28.143792,-20.068960
2026-08-05T11:50:29.316160,1785927029.316161,36.109303,0.7663177847862244,0.16803504526615143,-0.5891125202178955,0.1935664713382721,0.2229340672492981,-0.6115603446960449,-0.5198225975036621,0.553242564201355,122.446469,-60.511617,80.934162,-62.463481
2026-08-05T11:50:29.328666,1785927029.328667,36.121809,0.7663323283195496,0.1683536171913147,-0.5886051654815674,0.19477155804634094,0.22301097214221954,-0.612043023109436,-0.5174720883369446,0.554878830909729,122.560927,-60.593395,9.152430,-6.539198
2026-08-05T11:50:29.394877,1785927029.394878,36.188020,0.7661718726158142,0.1689586043357849,-0.5883644223213196,0.1956043392419815,0.22356866300106049,-0.6120246052742004,-0.5167718529701233,0.5553271174430847,122.556018,-60.639371,-0.074140,-0.694388
2026-08-05T11:50:29.412001,1785927029.412001,36.205144,0.7654491066932678,0.16940838098526,-0.5891671180725098,0.1956290453672409,0.22553911805152893,-0.6114194393157959,-0.5174416303634644,0.5545728802680969,122.314208,-60.389402,-14.121604,14.598059
2026-08-05T11:50:29.428403,1785927029.428404,36.220524,0.7647073864936829,0.1687861979007721,-0.5907209515571594,0.19437767565250397,0.22962167859077454,-0.6102895140647888,-0.5191010236740112,0.5525877475738525,121.760065,-59.817027,-36.029783,37.215182
2026-08-05T11:50:29.444982,1785927029.444983,36.238125,0.7642466425895691,0.16768038272857666,-0.5924461483955383,0.1918800324201584,0.23550228774547577,-0.6089450716972351,-0.5216516256332397,0.5491836667060852,121.016015,-59.189425,-42.272539,35.656655
2026-08-05T11:50:29.461373,1785927029.461373,36.254515,0.763944685459137,0.16565817594528198,-0.5947844982147217,0.18755590915679932,0.242137610912323,-0.607690155506134,-0.5252510905265808,0.5442351698875427,120.159116,-58.469480,-52.280774,43.925024
2026-08-05T11:50:29.477118,1785927029.477118,36.270261,0.7636352181434631,0.16210182011127472,-0.5980035066604614,0.18159301578998566,0.2494605928659439,-0.6063335537910461,-0.529391884803772,0.5383974313735962,119.130482,-57.451224,-65.330147,64.670977
2026-08-05T11:50:29.492310,1785927029.492311,36.285453,0.7627508044242859,0.1578899621963501,-0.6022565364837646,0.17484064400196075,0.25927168130874634,-0.6042211651802063,-0.5327102541923523,0.5328351259231567,117.824663,-55.912605,-85.952862,101.276461
2026-08-05T11:50:29.494653,1785927029.494653,36.287796,0.7610822916030884,0.15363889932632446,-0.6075015068054199,0.16760334372520447,0.27204909920692444,-0.6011368632316589,-0.5351211428642273,0.5275107622146606,116.233033,-53.898089,-679.330452,859.824257
2026-08-05T11:50:29.510755,1785927029.510756,36.302185,0.7592301964759827,0.14872276782989502,-0.6129752993583679,0.1603509783744812,0.28475531935691833,-0.5976715087890625,-0.5385282039642334,0.5212381482124329,114.497429,-51.847157,-120.615919,142.529599
2026-08-05T11:50:29.528233,1785927029.528234,36.321376,0.7575410604476929,0.1440819352865219,-0.6177085041999817,0.15429922938346863,0.29400110244750977,-0.5947250723838806,-0.544650137424469,0.5130499005317688,112.905102,-50.394261,-82.973463,75.707999
2026-08-05T11:50:29.544114,1785927029.544115,36.337257,0.7554234266281128,0.14039677381515503,-0.6225014328956604,0.1487155705690384,0.300576388835907,-0.5923033952713013,-0.5523115396499634,0.5037668943405151,111.523138,-49.298611,-87.020962,68.992039
2026-08-05T11:50:29.560975,1785927029.560975,36.354117,0.7539795637130737,0.13892240822315216,-0.6259315609931946,0.14291712641716003,0.3085501790046692,-0.5892437100410461,-0.5587364435195923,0.49537935853004456,110.316648,-48.427470,-71.557242,51.667611
2026-08-05T11:50:29.578314,1785927029.578314,36.371456,0.7518938779830933,0.13975723087787628,-0.6296702027320862,0.1365249902009964,0.31903016567230225,-0.585066020488739,-0.5638263821601868,0.4878688454627991,109.135354,-47.364517,-68.129319,61.304163
2026-08-05T11:50:29.594915,1785927029.594915,36.388057,0.7482168078422546,0.13936156034469604,-0.6353467106819153,0.1307087242603302,0.32784873247146606,-0.5809721946716309,-0.570041835308075,0.47962215542793274,107.799187,-46.010621,-80.486734,81.554700
2026-08-05T11:50:29.612261,1785927029.612261,36.404991,0.7446707487106323,0.13874582946300507,-0.6405535936355591,0.1261208951473236,0.33349499106407166,-0.5778462886810303,-0.5776423215866089,0.47032174468040466,106.618051,-45.109763,-69.752669,53.200678
2026-08-05T11:50:29.628375,1785927029.628376,36.421518,0.7426203489303589,0.1378830075263977,-0.6440977454185486,0.12100109457969666,0.33882445096969604,-0.5750372409820557,-0.584524393081665,0.46136727929115295,105.593055,-44.491460,-62.017928,37.410751
2026-08-05T11:50:29.634433,1785927029.634434,36.426772,0.7393002510070801,0.1403028666973114,-0.6481093168258667,0.1170664131641388,0.34646907448768616,-0.5714288949966431,-0.5896547436714172,0.45357897877693176,104.642775,-43.866928,-180.866942,118.867179
2026-08-05T11:50:29.644676,1785927029.644676,36.437819,0.7348445057868958,0.14608322083950043,-0.652536928653717,0.11339756101369858,0.3562115728855133,-0.5667662024497986,-0.5937896370887756,0.4464324712753296,103.796568,-43.237113,-76.604685,57.015397
2026-08-05T11:50:29.661263,1785927029.661264,36.453609,0.7303768396377563,0.1513516902923584,-0.6572116017341614,0.10823740810155869,0.36346015334129333,-0.5626589059829712,-0.5998432636260986,0.4376054108142853,103.090980,-42.731679,-44.684424,32.008801
2026-08-05T11:50:29.679296,1785927029.679296,36.472438,0.7269015312194824,0.15163664519786835,-0.6620885133743286,0.10128816217184067,0.3659556806087494,-0.5602580904960632,-0.6085091233253479,0.4265001714229584,102.320418,-42.200600,-40.923471,28.204831
2026-08-05T11:50:29.694835,1785927029.694835,36.487977,0.7237641215324402,0.1507360339164734,-0.6665488481521606,0.09569229930639267,0.3678334951400757,-0.5587437748908997,-0.6169575452804565,0.41456711292266846,101.470383,-41.937467,-54.703613,16.933809
2026-08-05T11:50:29.728409,1785927029.728409,36.521552,0.7196938991546631,0.15082451701164246,-0.6715063452720642,0.09149857610464096,0.3727591931819916,-0.5564918518066406,-0.6232745051383972,0.4036024808883667,100.445867,-41.552135,-30.514839,11.476997
2026-08-05T11:50:29.761728,1785927029.761728,36.554870,0.7148902416229248,0.15411008894443512,-0.6764789819717407,0.08693864196538925,0.3812935948371887,-0.5530903935432434,-0.6268669366836548,0.39464226365089417,99.560837,-41.041679,-26.562521,15.320373
2026-08-05T11:50:29.779922,1785927029.779922,36.573065,0.7091067433357239,0.16026870906352997,-0.6817118525505066,0.0821634829044342,0.39063379168510437,-0.5492458343505859,-0.6298425793647766,0.3860451281070709,98.907061,-40.629894,-35.933200,22.632763
2026-08-05T11:50:29.783347,1785927029.783348,36.576490,0.7049660682678223,0.16508705914020538,-0.6853203177452087,0.07813553512096405,0.3977113664150238,-0.5460094809532166,-0.6336191296577454,0.3771268427371979,98.322341,-40.558913,-170.703063,20.722230
2026-08-05T11:50:29.794528,1785927029.794528,36.587670,0.7023975253105164,0.16869446635246277,-0.687461793422699,0.07467353343963623,0.4054184854030609,-0.5422617793083191,-0.6372619271278381,0.3680814802646637,97.572808,-40.614889,-67.039921,-5.006626
2026-08-05T11:50:29.811316,1785927029.811317,36.604459,0.6982824206352234,0.17302902042865753,-0.6909391283988953,0.07117405533790588,0.41425201296806335,-0.5372710227966309,-0.6408133506774902,0.359293669462204,96.690988,-40.349124,-52.524543,15.829978
2026-08-05T11:50:29.829004,1785927029.829005,36.621647,0.6942631602287292,0.1750989854335785,-0.6948496699333191,0.06725262105464935,0.42356181144714355,-0.5312699675559998,-0.644333004951477,0.35097187757492065,95.501465,-39.660856,-69.205353,40.042769
2026-08-05T11:50:29.844750,1785927029.844751,36.637893,0.6929283142089844,0.17276935279369354,-0.6971476674079895,0.06313688308000565,0.4328766167163849,-0.5247928500175476,-0.6479049921035767,0.3426775634288788,93.904772,-38.808688,-98.284623,52.455319
2026-08-05T11:50:29.861666,1785927029.861667,36.654809,0.6932140588760376,0.1703052818775177,-0.697737991809845,0.06010107323527336,0.4424457550048828,-0.5180808901786804,-0.6510452628135681,0.33462342619895935,92.287992,-38.232596,-95.575431,34.055498
2026-08-05T11:50:29.878373,1785927029.878373,36.671515,0.6911197304725647,0.17266248166561127,-0.6993876695632935,0.05829525366425514,0.45374882221221924,-0.5101650953292847,-0.6534674763679504,0.3268369138240814,90.890749,-37.833835,-83.636023,23.868970
2026-08-05T11:50:29.895038,1785927029.895038,36.688181,0.6872194409370422,0.17880786955356598,-0.7017541527748108,0.0574326366186142,0.4662182927131653,-0.5007782578468323,-0.6556989550590515,0.3192475438117981,89.639738,-37.550634,-75.067187,16.993537
2026-08-05T11:50:29.911711,1785927029.911712,36.704854,0.6849154233932495,0.18479196727275848,-0.702460527420044,0.05737695470452309,0.47860321402549744,-0.49062544107437134,-0.6583042740821838,0.31122300028800964,88.314707,-37.513505,-79.469009,2.226854
2026-08-05T11:50:29.932445,1785927029.932446,36.725588,0.6862063407897949,0.18863482773303986,-0.7000864148139954,0.05845445394515991,0.4890266954898834,-0.48101866245269775,-0.6621981859207153,0.3016059994697571,86.885312,-37.983113,-68.940179,-22.649365
2026-08-05T11:50:29.944902,1785927029.944903,36.738045,0.6884061694145203,0.18927058577537537,-0.697746217250824,0.05851253122091293,0.49743953347206116,-0.4729243516921997,-0.6666154265403748,0.2907212972640991,85.373808,-38.385022,-121.338752,-32.263994
2026-08-05T11:50:29.961489,1785927029.961489,36.753612,0.6874023079872131,0.18680626153945923,-0.699683666229248,0.0549933984875679,0.5073075294494629,-0.4644961655139923,-0.6694395542144775,0.28059130907058716,83.547593,-37.692132,-117.310942,44.509310
2026-08-05T11:50:29.979438,1785927029.979438,36.772581,0.6851266622543335,0.18587535619735718,-0.7023962140083313,0.05187777802348137,0.5194369554519653,-0.45438143610954285,-0.6708250641822815,0.27150511741638184,81.653056,-36.832480,-99.878925,45.320357
2026-08-05T11:50:29.994728,1785927029.994728,36.787870,0.6837902069091797,0.19080857932567596,-0.7023976445198059,0.051583174616098404,0.531480610370636,-0.4435253143310547,-0.6720636487007141,0.2629499137401581,80.290407,-36.850594,-89.121512,-1.184731
2026-08-05T11:50:30.012157,1785927030.012158,36.805300,0.6835722923278809,0.19667139649391174,-0.7008672952651978,0.05324001982808113,0.5415095090866089,-0.43341967463493347,-0.674358606338501,0.253286212682724,79.105082,-37.423086,-68.006508,-32.845970
2026-08-05T11:50:30.028394,1785927030.028395,36.821537,0.6841853857040405,0.20042578876018524,-0.6989240646362305,0.05679134279489517,0.548793375492096,-0.4248996376991272,-0.6780900359153748,0.24182367324829102,77.847474,-38.304545,-77.451978,-54.286178
2026-08-05T11:50:30.045113,1785927030.045113,36.838255,0.6843861937522888,0.20323868095874786,-0.6978703737258911,0.05733126774430275,0.5565175414085388,-0.41630080342292786,-0.6811836957931519,0.23015065491199493,76.588675,-38.809014,-75.295366,-30.174925
2026-08-05T11:50:30.062226,1785927030.062226,36.855368,0.6828314661979675,0.20669330656528473,-0.6983934640884399,0.057148437947034836,0.5683651566505432,-0.40436723828315735,-0.6817175149917603,0.22069919109344482,75.021771,-38.680845,-91.562335,7.489553
2026-08-05T11:50:30.079540,1785927030.079541,36.872683,0.6814947128295898,0.20847319066524506,-0.6991881132125854,0.056921202689409256,0.5845284461975098,-0.3877975642681122,-0.6799435615539551,0.2135768085718155,72.765274,-37.784098,-130.322848,51.791158
2026-08-05T11:50:30.083260,1785927030.083260,36.876403,0.6818897128105164,0.20915456116199493,-0.6985633373260498,0.05736009031534195,0.6013274788856506,-0.3687252104282379,-0.6781190633773804,0.20639799535274506,70.136724,-36.755573,-706.681254,276.517217
2026-08-05T11:50:30.094465,1785927030.094465,36.887607,0.6820924878120422,0.20939840376377106,-0.6981512904167175,0.05905131995677948,0.6153232455253601,-0.35013964772224426,-0.678278386592865,0.19676469266414642,67.483533,-36.021244,-236.792333,65.537494
2026-08-05T11:50:30.143958,1785927030.143959,36.937101,0.6838598251342773,0.20783521234989166,-0.6966592073440552,0.061694465577602386,0.6269144415855408,-0.33253180980682373,-0.6799262762069702,0.1846606731414795,64.724690,-35.576058,-55.741457,8.994826
2026-08-05T11:50:30.161559,1785927030.161559,36.954702,0.6860126256942749,0.20604489743709564,-0.6948068141937256,0.0646202564239502,0.6383475661277771,-0.3144693672657013,-0.6811350584030151,0.17226426303386688,61.923866,-35.147196,-159.130734,24.366077
2026-08-05T11:50:30.177577,1785927030.177577,36.970719,0.687531590461731,0.20618729293346405,-0.6929529905319214,0.06784854084253311,0.6503528356552124,-0.29501873254776,-0.6813300848007202,0.1606011986732483,59.236871,-34.732075,-167.751884,25.916437
2026-08-05T11:50:30.194114,1785927030.194114,36.987257,0.6870077848434448,0.20830850303173065,-0.692506730556488,0.07115241885185242,0.6614566445350647,-0.27541688084602356,-0.6815374493598938,0.1487484723329544,56.809857,-34.423819,-146.758831,18.639906
2026-08-05T11:50:30.210556,1785927030.210557,37.003699,0.6861858367919922,0.21129396557807922,-0.6920681595802307,0.07446898519992828,0.6707977652549744,-0.2568304240703583,-0.6824102997779846,0.1355842500925064,54.654968,-34.394013,-131.055776,1.812783
2026-08-05T11:50:30.228347,1785927030.228347,37.021489,0.6867296695709229,0.21504154801368713,-0.689914345741272,0.07859776169061661,0.6791905164718628,-0.23874181509017944,-0.6832876801490784,0.12173344194889069,52.710302,-34.673807,-109.311778,-15.727574
2026-08-05T11:50:30.234154,1785927030.234154,37.027297,0.6868525743484497,0.21996593475341797,-0.6876358985900879,0.08369842171669006,0.687379777431488,-0.22036275267601013,-0.6836473941802979,0.10758188366889954,50.952958,-35.133925,-302.604300,-79.229601
2026-08-05T11:50:30.244891,1785927030.244892,37.038034,0.6861889958381653,0.22431620955467224,-0.6862410306930542,0.08888360857963562,0.6950743794441223,-0.2020397186279297,-0.6836371421813965,0.0932208001613617,49.249014,-35.540535,-158.695658,-37.869325
2026-08-05T11:50:30.260567,1785927030.260567,37.052774,0.6857323050498962,0.22758939862251282,-0.6850870251655579,0.09289931505918503,0.7019540667533875,-0.1844417154788971,-0.6834204196929932,0.07859387993812561,47.622659,-35.843389,-110.336219,-20.546441
2026-08-05T11:50:30.279231,1785927030.279232,37.072374,0.6854479312896729,0.22871458530426025,-0.6847478151321411,0.09471696615219116,0.7079567313194275,-0.1681486815214157,-0.6829661726951599,0.06386833637952805,45.995852,-35.891580,-83.000732,-2.458723
2026-08-05T11:50:30.295234,1785927030.295234,37.088377,0.6842747926712036,0.23073884844779968,-0.6850557327270508,0.09605345875024796,0.7132933139801025,-0.15278390049934387,-0.6822077631950378,0.049606021493673325,44.677969,-36.015856,-82.352805,-7.765814
2026-08-05T11:50:30.312697,1785927030.312697,37.105840,0.682933509349823,0.2344508022069931,-0.6849061846733093,0.0976642444729805,0.7184231281280518,-0.13713151216506958,-0.6809489130973816,0.03701566159725189,43.599783,-36.173541,-61.741258,-9.029706
2026-08-05T11:50:30.328743,1785927030.328743,37.121886,0.6822420358657837,0.23872864246368408,-0.683782160282135,0.09998282790184021,0.7235544919967651,-0.12006276100873947,-0.6792234182357788,0.026607312262058258,42.477635,-36.168015,-69.934027,0.344417
2026-08-05T11:50:30.362223,1785927030.362223,37.155365,0.6817068457603455,0.24329911172389984,-0.682174563407898,0.1035352349281311,0.7290222644805908,-0.10283749550580978,-0.6764813661575317,0.01795504055917263,41.447600,-36.151802,-30.765751,0.484246
2026-08-05T11:50:30.378864,1785927030.378865,37.172007,0.681936502456665,0.2466033548116684,-0.6803778409957886,0.10599740594625473,0.7338610887527466,-0.08681332319974899,-0.6736451983451843,0.010586591437458992,40.399589,-35.938195,-62.976210,12.835934
2026-08-05T11:50:30.384868,1785927030.384869,37.176876,0.6804212331771851,0.2500011920928955,-0.6805548667907715,0.10663776099681854,0.7373323440551758,-0.0725138783454895,-0.6716140508651733,0.003973339218646288,39.538450,-35.649376,-176.844825,59.312172
2026-08-05T11:50:30.394828,1785927030.394828,37.187970,0.6805461049079895,0.24963423609733582,-0.680874228477478,0.10464262217283249,0.7395763993263245,-0.060395121574401855,-0.6703538298606873,-0.0018815277144312859,38.367523,-34.929801,-105.545077,64.861135
2026-08-05T11:50:30.411255,1785927030.411255,37.204397,0.6814727187156677,0.2503378391265869,-0.679840624332428,0.10364632308483124,0.7411693930625916,-0.050148945301771164,-0.6694058179855347,-0.0068771690130233765,37.507249,-34.472586,-52.369387,27.833049
2026-08-05T11:50:30.428182,1785927030.428182,37.221324,0.6805042624473572,0.2523474395275116,-0.6803260445594788,0.10193769633769989,0.7427303791046143,-0.04117264971137047,-0.6682279706001282,-0.011238714680075645,36.932909,-34.134710,-33.930396,19.960782
2026-08-05T11:50:30.444810,1785927030.444810,37.237953,0.6812341213226318,0.25226905941963196,-0.680027186870575,0.09921524673700333,0.7437891364097595,-0.03339960798621178,-0.6674048900604248,-0.015208635479211807,36.163724,-33.593356,-46.257708,32.556247
2026-08-05T11:50:30.461617,1785927030.461618,37.254760,0.6813839673995972,0.2517097294330597,-0.6803480982780457,0.09738966822624207,0.74430912733078,-0.027342982590198517,-0.6670075058937073,-0.01886243000626564,35.558998,-33.188845,-35.979399,24.067187
2026-08-05T11:50:30.478157,1785927030.478158,37.271300,0.6817498803138733,0.25242725014686584,-0.6797757744789124,0.09696797281503677,0.7446234822273254,-0.022866621613502502,-0.6667383313179016,-0.021713081747293472,35.271247,-33.074364,-17.397710,6.921674
2026-08-05T11:50:30.494843,1785927030.494843,37.287986,0.6816796660423279,0.25386887788772583,-0.679306149482727,0.09698845446109772,0.7450991272926331,-0.01924649439752102,-0.6662571430206299,-0.023593204095959663,35.144181,-33.058819,-7.615151,0.931632
2026-08-05T11:50:30.511209,1785927030.511209,37.304352,0.6809691786766052,0.2548311650753021,-0.6796968579292297,0.09671756625175476,0.745675265789032,-0.016458939760923386,-0.6656332015991211,-0.025065938010811806,35.047257,-33.019679,-5.922372,2.391552
2026-08-05T11:50:30.527986,1785927030.527987,37.321129,0.6808076500892639,0.2546332776546478,-0.6799752712249756,0.09641945362091064,0.7458297610282898,-0.015451930463314056,-0.6654161214828491,-0.02681463211774826,35.001232,-33.035623,-2.743226,-0.950328
2026-08-05T11:50:30.532719,1785927030.532719,37.325861,0.6810563802719116,0.25390321016311646,-0.680121123790741,0.09555461257696152,0.7454607486724854,-0.01655372604727745,-0.6657273173332214,-0.0286282729357481,35.068040,-33.130574,14.117926,-20.064962
2026-08-05T11:50:30.561065,1785927030.561065,37.354208,0.681831955909729,0.252682626247406,-0.6798796057701111,0.0949762612581253,0.7450301051139832,-0.018885884433984756,-0.6661040782928467,-0.029619304463267326,35.169420,-33.238909,3.576501,-3.821877
2026-08-05T11:50:30.576737,1785927030.576738,37.369197,0.6818796992301941,0.2515678405761719,-0.6803103685379028,0.09450773894786835,0.7446138858795166,-0.022403553128242493,-0.6664602160453796,-0.02961946278810501,35.384605,-33.389995,14.355854,-10.079536
2026-08-05T11:50:30.591979,1785927030.591980,37.385122,0.6817448735237122,0.24986284971237183,-0.68120276927948,0.09357012808322906,0.7437817454338074,-0.02766367420554161,-0.6672016978263855,-0.029384728521108627,35.682814,-33.572673,18.725649,-11.471035
2026-08-05T11:50:30.611580,1785927030.611580,37.404723,0.681569516658783,0.24760466814041138,-0.682361364364624,0.092400461435318,0.7426565289497375,-0.03464767709374428,-0.6681421995162964,-0.029073264449834824,36.086889,-33.821358,20.615419,-12.687608
2026-08-05T11:50:30.627217,1785927030.627217,37.418880,0.6813665628433228,0.24542084336280823,-0.6833683848381042,0.09228213131427765,0.7412537336349487,-0.04308459535241127,-0.6692322492599487,-0.028515614569187164,36.684724,-34.256313,42.226584,-30.721985
2026-08-05T11:50:30.644821,1785927030.644821,37.437963,0.6808269619941711,0.2430274337530136,-0.6847190260887146,0.09258735179901123,0.7395986914634705,-0.05335007980465889,-0.6703566908836365,-0.027706623077392578,37.469865,-34.835980,41.143983,-30.376451
2026-08-05T11:50:30.661455,1785927030.661455,37.454597,0.6804786920547485,0.23954308032989502,-0.6863035559654236,0.0924956277012825,0.7372573018074036,-0.06627940386533737,-0.6718202829360962,-0.026731787249445915,38.387623,-35.487317,55.172823,-39.156406
2026-08-05T11:50:30.677988,1785927030.677989,37.471131,0.6804138422012329,0.23402105271816254,-0.6884980797767639,0.09078490734100342,0.7339347004890442,-0.08239410817623138,-0.6737089157104492,-0.025799676775932312,39.354915,-36.087898,58.505443,-36.325403
2026-08-05T11:50:30.694835,1785927030.694835,37.487978,0.680568516254425,0.22586381435394287,-0.6916597485542297,0.08613395690917969,0.7293582558631897,-0.10169573873281479,-0.6760678887367249,-0.025001000612974167,40.276352,-36.486800,54.694776,-23.678085
2026-08-05T11:50:30.712061,1785927030.712061,37.504414,0.681178629398346,0.21638008952140808,-0.6949999332427979,0.078425332903862,0.723628580570221,-0.12260241061449051,-0.6788005232810974,-0.02363499440252781,41.119973,-36.611184,51.325845,-7.567501
2026-08-05T11:50:30.716998,1785927030.716998,37.510141,0.6813410520553589,0.20777900516986847,-0.6984115242958069,0.06945338100194931,0.7175040245056152,-0.14268861711025238,-0.6814744472503662,-0.02046361193060875,41.946920,-36.502379,144.411147,19.000816
2026-08-05T11:50:30.726755,1785927030.726755,37.519898,0.680939793586731,0.20013898611068726,-0.7017069458961487,0.06223125383257866,0.7122306823730469,-0.15990571677684784,-0.6833241581916809,-0.014964969828724861,42.645887,-36.197848,71.637134,31.211369
2026-08-05T11:50:30.777037,1785927030.777037,37.569856,0.6810821294784546,0.19335047900676727,-0.7038927674293518,0.057251691818237305,0.7079749703407288,-0.17422562837600708,-0.684363067150116,-0.007910958491265774,43.202501,-35.799091,11.141651,7.981847
2026-08-05T11:50:30.793960,1785927030.793961,37.587103,0.6801063418388367,0.18764497339725494,-0.706620991230011,0.05414538085460663,0.7041112184524536,-0.18671558797359467,-0.6851006746292114,9.416509419679642e-05,43.766091,-35.399168,32.676726,23.187395
2026-08-05T11:50:30.811444,1785927030.811444,37.603566,0.6782534718513489,0.18266792595386505,-0.7098190188407898,0.05255182459950447,0.7001551985740662,-0.19804832339286804,-0.685912549495697,0.009042499586939812,44.343924,-34.984961,35.098778,25.159821
2026-08-05T11:50:30.828070,1785927030.828071,37.621213,0.6770722270011902,0.17939572036266327,-0.7117774486541748,0.05256761983036995,0.6964169144630432,-0.20809486508369446,-0.6865319609642029,0.01929904893040657,45.003963,-34.648620,37.402265,19.059357
2026-08-05T11:50:30.845085,1785927030.845086,37.638228,0.6757493615150452,0.17882251739501953,-0.7130360007286072,0.054452087730169296,0.6933257579803467,-0.2172214537858963,-0.6864290237426758,0.03046131320297718,45.919733,-34.558780,53.821437,5.280026
2026-08-05T11:50:30.850427,1785927030.850428,37.643570,0.6741604804992676,0.17983636260032654,-0.7140926122665405,0.05690731853246689,0.6904466152191162,-0.2262086570262909,-0.6858400106430054,0.041651830077171326,47.041511,-34.641830,209.991754,-15.546547
2026-08-05T11:50:30.853278,1785927030.853279,37.646421,0.6727495789527893,0.18113644421100616,-0.7149336338043213,0.05888669565320015,0.6869767308235168,-0.23600853979587555,-0.6853390336036682,0.05168851092457771,48.313320,-34.877367,446.090805,-82.615096
2026-08-05T11:50:30.860963,1785927030.860963,37.654106,0.670785665512085,0.18120327591896057,-0.7166715264320374,0.05995125323534012,0.6826257705688477,-0.24732166528701782,-0.6849979758262634,0.06025030463933945,49.645359,-35.150619,173.341766,-35.559064
2026-08-05T11:50:30.894648,1785927030.894649,37.687791,0.6691254377365112,0.1801486760377884,-0.7184402346611023,0.060508303344249725,0.6771941184997559,-0.2604292035102844,-0.6848046183586121,0.06801140308380127,51.070806,-35.499459,42.316400,-10.355815
2026-08-05T11:50:30.911721,1785927030.911722,37.704864,0.6676959991455078,0.17781460285186768,-0.7203878164291382,0.06004533916711807,0.6697995066642761,-0.27607205510139465,-0.6852043867111206,0.07514102011919022,52.658976,-35.911307,93.022775,-24.122841
2026-08-05T11:50:30.928071,1785927030.928071,37.721214,0.6652088165283203,0.17628329992294312,-0.723179817199707,0.05858646705746651,0.6612014770507812,-0.2928636372089386,-0.6856780052185059,0.08299190551042557,54.518939,-36.313750,113.760626,-24.614587
2026-08-05T11:50:30.944217,1785927030.944218,37.737360,0.6636576652526855,0.17623603343963623,-0.7247205376625061,0.057269137352705,0.6531357765197754,-0.30810675024986267,-0.6853899359703064,0.09339647740125656,56.419129,-36.566221,117.684911,-15.636348
2026-08-05T11:50:30.961258,1785927030.961258,37.754400,0.6631731986999512,0.17580677568912506,-0.7254311442375183,0.0551619715988636,0.6466332077980042,-0.3204413652420044,-0.6839672923088074,0.10662993788719177,58.016971,-36.285317,93.770019,16.484971
2026-08-05T11:50:30.977885,1785927030.977885,37.771028,0.6632286310195923,0.17521436512470245,-0.7257009148597717,0.052782293409109116,0.6401128768920898,-0.33236032724380493,-0.6820981502532959,0.12055012583732605,59.622044,-35.902551,96.532280,23.020293
2026-08-05T11:50:30.982832,1785927030.982833,37.775975,0.6640536785125732,0.17470017075538635,-0.7251808047294617,0.05123879760503769,0.6319267153739929,-0.3456483781337738,-0.6806232333183289,0.1339637041091919,61.436833,-35.797792,366.815076,21.174615
2026-08-05T11:50:30.994717,1785927030.994717,37.787859,0.6639667749404907,0.17407044768333435,-0.7255172729492188,0.04972255602478981,0.6226983666419983,-0.36003509163856506,-0.6789400577545166,0.14717410504817963,63.428399,-35.758985,167.577472,3.265348
2026-08-05T11:50:31.010716,1785927031.010716,37.803859,0.6625370383262634,0.17352710664272308,-0.7270422577857971,0.048402853310108185,0.6138129830360413,-0.3735993206501007,-0.6766272187232971,0.1607207953929901,65.389408,-35.568032,122.568248,11.935041
2026-08-05T11:50:31.027873,1785927031.027873,37.821016,0.6611033082008362,0.17338871955871582,-0.7284683585166931,0.0470387227833271,0.6052882075309753,-0.3859710991382599,-0.6738706827163696,0.17478211224079132,67.318025,-35.256870,112.410979,18.136325
2026-08-05T11:50:31.044356,1785927031.044356,37.836559,0.661643385887146,0.1725759506225586,-0.7282417416572571,0.045930277556180954,0.5967805981636047,-0.39745891094207764,-0.6709061861038208,0.1891099065542221,69.120018,-34.924631,115.936100,21.375502
2026-08-05T11:50:31.061170,1785927031.061170,37.854312,0.663581371307373,0.17131055891513824,-0.7267885208129883,0.045726753771305084,0.5877030491828918,-0.40907835960388184,-0.6678497195243835,0.20306450128555298,70.908099,-34.776450,100.716528,8.346558
2026-08-05T11:50:31.077889,1785927031.077889,37.871032,0.6643517017364502,0.16936451196670532,-0.7265596389770508,0.04542561247944832,0.5776644945144653,-0.4210916757583618,-0.6650279760360718,0.21615174412727356,72.691279,-34.584370,106.653736,11.488451
2026-08-05T11:50:31.094526,1785927031.094526,37.887669,0.6634143590927124,0.16775605082511902,-0.7277908325195312,0.04538722708821297,0.5669223666191101,-0.43308132886886597,-0.6624323129653931,0.22851988673210144,74.512293,-34.371727,109.455092,12.781267
2026-08-05T11:50:31.111184,1785927031.111184,37.904327,0.6626014709472656,0.16745524108409882,-0.7285602688789368,0.046025633811950684,0.5569366216659546,-0.44426584243774414,-0.6591172814369202,0.2408572882413864,76.387352,-34.294334,112.561634,4.645975
2026-08-05T11:50:31.127937,1785927031.127938,37.921080,0.6641685962677002,0.16707804799079895,-0.7271150350570679,0.04763459786772728,0.5479909181594849,-0.4542098343372345,-0.6550912261009216,0.2534821927547455,78.122716,-34.368417,103.582538,-4.421945
2026-08-05T11:50:31.144539,1785927031.144540,37.937682,0.6653059124946594,0.1667134314775467,-0.7260777354240417,0.04884328320622444,0.5383127331733704,-0.4642024338245392,-0.6513451933860779,0.2654871642589569,79.892164,-34.442660,106.580164,-4.471918
2026-08-05T11:50:31.160778,1785927031.160779,37.953921,0.664424479007721,0.167318195104599,-0.7266382575035095,0.05041695758700371,0.52622389793396,-0.4752073287963867,-0.648904025554657,0.2760225534439087,81.851283,-34.683310,120.643397,-14.819298
2026-08-05T11:50:31.177802,1785927031.177803,37.970945,0.6637107133865356,0.16771773993968964,-0.7270325422286987,0.05275009572505951,0.5130278468132019,-0.4866711497306824,-0.6465893983840942,0.2861364185810089,83.842368,-35.073868,116.958908,-22.941915
2026-08-05T11:50:31.194171,1785927031.194172,37.987314,0.6646770238876343,0.1675836592912674,-0.7259783744812012,0.055457692593336105,0.5008849501609802,-0.4971097409725189,-0.6432846188545227,0.29694998264312744,85.706381,-35.469770,113.872177,-24.185597
2026-08-05T11:50:31.211857,1785927031.211857,38.005000,0.6651298999786377,0.166554257273674,-0.7256500720977783,0.05739248916506767,0.4909406304359436,-0.5057628154754639,-0.6387761831283569,0.30845507979393005,87.305949,-35.412618,90.445610,3.231626
2026-08-05T11:50:31.227451,1785927031.227452,38.020594,0.6653913259506226,0.16493700444698334,-0.7255658507347107,0.06003774702548981,0.48201367259025574,-0.5131847858428955,-0.6338213086128235,0.3202700614929199,88.682038,-35.167174,88.243414,15.739375
2026-08-05T11:50:31.244644,1785927031.244644,38.037786,0.6668155789375305,0.16295649111270905,-0.7243029475212097,0.0647118091583252,0.47194984555244446,-0.5207759141921997,-0.6295760273933411,0.33119213581085205,89.972575,-35.297915,75.063458,-7.604482
2026-08-05T11:50:31.261161,1785927031.261161,38.054303,0.6696320176124573,0.1606658399105072,-0.7217528820037842,0.0696592628955841,0.45951974391937256,-0.5291020274162292,-0.6267406940460205,0.34071582555770874,91.340488,-35.826220,82.820100,-31.986126
2026-08-05T11:50:31.277794,1785927031.277795,38.070937,0.6722365617752075,0.15706183016300201,-0.7197778820991516,0.07314041256904602,0.4467279016971588,-0.5373621582984924,-0.6240509748458862,0.3496210277080536,92.635601,-36.147626,77.859417,-19.322263
2026-08-05T11:50:31.294636,1785927031.294636,38.087778,0.6748167276382446,0.1545710563659668,-0.7174462080001831,0.07746849954128265,0.4360712766647339,-0.5443633794784546,-0.6202822327613831,0.3588293790817261,93.851901,-36.524274,72.221810,-22.364733
2026-08-05T11:50:31.310978,1785927031.310979,38.104121,0.676994264125824,0.1541321724653244,-0.7149171829223633,0.0825560986995697,0.4275626838207245,-0.5500179529190063,-0.6154143810272217,0.36869215965270996,95.077618,-36.938931,75.001199,-25.372679
2026-08-05T11:50:31.328190,1785927031.328191,38.121333,0.6792120337486267,0.15394330024719238,-0.7121366858482361,0.08850878477096558,0.419124573469162,-0.5551689267158508,-0.6106716990470886,0.3784184157848358,96.238024,-37.430484,67.418751,-28.558871
2026-08-05T11:50:31.346201,1785927031.346201,38.137321,0.6833345890045166,0.1529107242822647,-0.7076333165168762,0.09448365867137909,0.4088168442249298,-0.5606873631477356,-0.6071360111236572,0.38714703917503357,97.425749,-38.288122,74.290241,-53.643820
2026-08-05T11:50:31.361060,1785927031.361060,38.154202,0.6869164109230042,0.15258824825286865,-0.7035377025604248,0.09948615729808807,0.3972654938697815,-0.5666174292564392,-0.6044154763221741,0.39472171664237976,98.776804,-39.275190,80.029546,-58.468915
2026-08-05T11:50:31.377760,1785927031.377760,38.170902,0.6894310712814331,0.15357352793216705,-0.700171709060669,0.10421039909124374,0.38581156730651855,-0.5726797580718994,-0.6013782620429993,0.401907742023468,100.268116,-40.321186,89.301248,-62.635232
2026-08-05T11:50:31.394493,1785927031.394493,38.187636,0.6920626163482666,0.15433557331562042,-0.6967521905899048,0.10847281664609909,0.3752070963382721,-0.5786882638931274,-0.5970391035079956,0.4097343385219574,101.783368,-41.291964,90.552533,-58.014356
2026-08-05T11:50:31.411152,1785927031.411153,38.204295,0.6954363584518433,0.15339049696922302,-0.6928907036781311,0.11288099735975266,0.36594358086586,-0.5845621824264526,-0.5911208987236023,0.4182664453983307,103.130761,-42.153138,80.879526,-51.693425
2026-08-05T11:50:31.428120,1785927031.428120,38.221262,0.7002485394477844,0.15160062909126282,-0.6875868439674377,0.11787113547325134,0.3582715690135956,-0.5899273753166199,-0.5840600728988647,0.42719945311546326,104.329542,-43.144739,70.651416,-58.441085
2026-08-05T11:50:31.445345,1785927031.445345,38.238487,0.7056636810302734,0.15200422704219818,-0.6807852983474731,0.1243584081530571,0.35114917159080505,-0.5946192145347595,-0.5772432088851929,0.4357875883579254,105.602521,-44.620736,73.902881,-85.689113
2026-08-05T11:50:31.478048,1785927031.478049,38.270179,0.7106357216835022,0.15308088064193726,-0.674081027507782,0.13106483221054077,0.3417203426361084,-0.5993319749832153,-0.5723479390144348,0.4432208836078644,106.975822,-46.310739,43.333687,-53.326992
2026-08-05T11:50:31.494515,1785927031.494516,38.286636,0.716747522354126,0.15128371119499207,-0.6668726205825806,0.1366281360387802,0.32957926392555237,-0.6042720079421997,-0.5692342519760132,0.44967058300971985,108.273392,-48.005271,78.843420,-102.963797
2026-08-05T11:50:31.511288,1785927031.511289,38.304431,0.7217997908592224,0.14718666672706604,-0.6615331172943115,0.14041133224964142,0.3180900514125824,-0.6086541414260864,-0.5659292936325073,0.4561592936515808,109.317810,-49.038056,58.692131,-58.038432
2026-08-05T11:50:31.528285,1785927031.528285,38.321428,0.7258985042572021,0.14529578387737274,-0.6564701199531555,0.1449400931596756,0.30987805128097534,-0.6118022203445435,-0.5610302686691284,0.46359166502952576,110.284529,-49.933836,56.877959,-52.704120
2026-08-05T11:50:31.545005,1785927031.545006,38.338148,0.7297350764274597,0.1444883942604065,-0.6513673663139343,0.14943422377109528,0.3045177757740021,-0.6137690544128418,-0.555228590965271,0.47146162390708923,111.105746,-50.663622,49.114283,-43.646108
2026-08-05T11:50:31.561729,1785927031.561729,38.354872,0.7334423065185547,0.14436639845371246,-0.6461668014526367,0.15391409397125244,0.29879486560821533,-0.6153876185417175,-0.5504027009010315,0.4786178171634674,111.940151,-51.500623,49.894452,-50.049736
2026-08-05T11:50:31.578519,1785927031.578520,38.371662,0.7369474172592163,0.14371012151241302,-0.6412279605865479,0.1583750993013382,0.2901659309864044,-0.6172511577606201,-0.5480480194091797,0.48419666290283203,112.820758,-52.511708,52.447108,-60.218023
2026-08-05T11:50:31.594864,1785927031.594864,38.388007,0.7392174005508423,0.14313946664333344,-0.6375939249992371,0.16292008757591248,0.27914586663246155,-0.6193220615386963,-0.5475378632545471,0.48858848214149475,113.758125,-53.507045,57.349588,-60.896309
2026-08-05T11:50:31.598578,1785927031.598578,38.391721,0.7409712076187134,0.14300872385501862,-0.6343836784362793,0.16753442585468292,0.2679543197154999,-0.6212282180786133,-0.546920657157898,0.4931046664714813,114.731365,-54.449215,262.057110,-253.691303
2026-08-05T11:50:31.610337,1785927031.610338,38.403480,0.7430877089500427,0.14213845133781433,-0.631096601486206,0.17127379775047302,0.25873085856437683,-0.6227095127105713,-0.5447617769241333,0.4985218048095703,115.592699,-55.129463,73.245728,-57.846574
2026-08-05T11:50:31.627026,1785927031.627027,38.420169,0.7456538677215576,0.14177027344703674,-0.6270090937614441,0.17538924515247345,0.25239595770835876,-0.6239935159683228,-0.5403869152069092,0.5048848986625671,116.378462,-55.831056,47.081831,-42.038483
2026-08-05T11:50:31.643788,1785927031.643788,38.436931,0.7472217082977295,0.14321237802505493,-0.6235057711601257,0.17997390031814575,0.24715180695056915,-0.6253321766853333,-0.5353567600250244,0.511142909526825,117.213011,-56.570030,49.790183,-44.088125
2026-08-05T11:50:31.660921,1785927031.660921,38.454063,0.7470874190330505,0.1453806757926941,-0.6219273209571838,0.18420465290546417,0.24053874611854553,-0.6266342997550964,-0.5319262146949768,0.5162588953971863,118.069229,-57.114608,49.975525,-31.785779
2026-08-05T11:50:31.677658,1785927031.677659,38.470801,0.7468500137329102,0.14830662310123444,-0.6204286813735962,0.1878524124622345,0.23230870068073273,-0.6277486681938171,-0.5304528474807739,0.5201752781867981,119.041640,-57.834463,58.097029,-43.007974
2026-08-05T11:50:31.711032,1785927031.711033,38.504175,0.7462072968482971,0.15023668110370636,-0.6198614835739136,0.19072359800338745,0.22466029226779938,-0.628394365310669,-0.5295281410217285,0.5236855745315552,119.821430,-58.199763,23.365134,-10.945627
2026-08-05T11:50:31.727581,1785927031.727581,38.520724,0.7461562752723694,0.15049168467521667,-0.6190209984779358,0.19343236088752747,0.2180706113576889,-0.6285622715950012,-0.5283352136611938,0.5274608135223389,120.370102,-58.335993,33.155605,-8.232215
2026-08-05T11:50:31.744351,1785927031.744351,38.537494,0.7468093037605286,0.1488334834575653,-0.6176650524139404,0.19650539755821228,0.21163415908813477,-0.6286712884902954,-0.5268644094467163,0.5314091444015503,120.748326,-58.403708,22.553443,-4.037841
2026-08-05T11:50:31.749541,1785927031.749541,38.542683,0.7473937273025513,0.14842252433300018,-0.6156511902809143,0.20086582005023956,0.2046995908021927,-0.6290932297706604,-0.5254022479057312,0.5350613594055176,121.245207,-58.847931,95.744627,-85.597720
2026-08-05T11:50:31.760401,1785927031.760402,38.553544,0.7471272945404053,0.15130658447742462,-0.6134129166603088,0.20647473633289337,0.19863474369049072,-0.6296221017837524,-0.5236140489578247,0.5384671688079834,121.908041,-59.638775,61.029225,-72.815562
2026-08-05T11:50:31.777559,1785927031.777560,38.570702,0.7461787462234497,0.15424560010433197,-0.6122588515281677,0.2111041396856308,0.19350950419902802,-0.6298707723617554,-0.5218379497528076,0.541756808757782,122.484780,-60.097289,33.614314,-26.723748
2026-08-05T11:50:31.794278,1785927031.794278,38.586257,0.745640218257904,0.15683947503566742,-0.6110029220581055,0.21470409631729126,0.18785272538661957,-0.6298908591270447,-0.5213250517845154,0.5442126393318176,123.065688,-60.602747,37.346191,-32.495566
2026-08-05T11:50:31.810954,1785927031.810955,38.604097,0.7448756694793701,0.16006571054458618,-0.6096958518028259,0.21865543723106384,0.18199650943279266,-0.629856288433075,-0.5218563675880432,0.5457314848899841,123.639426,-61.269426,32.159486,-37.369100
2026-08-05T11:50:31.827725,1785927031.827726,38.620868,0.743384599685669,0.1638820469379425,-0.6088479161262512,0.22321809828281403,0.1780969351530075,-0.6298413872718811,-0.5221381187438965,0.5467643737792969,124.044891,-61.852132,24.176453,-34.744690
2026-08-05T11:50:31.831506,1785927031.831506,38.624649,0.7419397830963135,0.16521207988262177,-0.608747661113739,0.22728097438812256,0.17656151950359344,-0.6298028826713562,-0.521924614906311,0.5475099682807922,124.047387,-61.983260,0.660357,-34.684306
2026-08-05T11:50:31.860429,1785927031.860430,38.653572,0.7416244745254517,0.16399776935577393,-0.6086286902427673,0.22949756681919098,0.17597801983356476,-0.6297579407691956,-0.5218203663825989,0.547849178314209,123.859223,-61.907871,-6.505626,2.606506
2026-08-05T11:50:31.876781,1785927031.876782,38.669924,0.7416298389434814,0.16355517506599426,-0.6083837151527405,0.23044392466545105,0.1755514293909073,-0.6295747756958008,-0.522189199924469,0.5478448271751404,123.780337,-61.920630,-4.824149,-0.780256
2026-08-05T11:50:31.894683,1785927031.894684,38.687826,0.7405344843864441,0.16453972458839417,-0.6090837121009827,0.23141397535800934,0.1753310263156891,-0.6290330290794373,-0.5233489871025085,0.5474309325218201,123.699591,-61.798483,-4.510534,6.823213
2026-08-05T11:50:31.977707,1785927031.977707,38.770849,0.7399197220802307,0.165206179022789,-0.6095375418663025,0.23171068727970123,0.17553503811359406,-0.6283568143844604,-0.5250458121299744,0.5465165376663208,123.575050,-61.717697,-1.500074,0.973053
2026-08-05T11:50:31.994908,1785927031.994909,38.788051,0.7391140460968018,0.16564719378948212,-0.6104711890220642,0.23150891065597534,0.176810160279274,-0.6275676488876343,-0.5266953110694885,0.5454239249229431,123.342327,-61.461653,-13.529103,14.884837
2026-08-05T11:50:32.011002,1785927032.011003,38.804145,0.7390766739845276,0.16432976722717285,-0.611358106136322,0.23022311925888062,0.17903940379619598,-0.6267582774162292,-0.5280240774154663,0.5443414449691772,122.960581,-61.030988,-23.719809,26.759434
2026-08-05T11:50:32.028367,1785927032.028367,38.821509,0.7397503852844238,0.16288059949874878,-0.6117275953292847,0.2280983030796051,0.18166399002075195,-0.6259979605674744,-0.5290437936782837,0.5433560013771057,122.630149,-60.684501,-19.029145,19.953731
2026-08-05T11:50:32.044862,1785927032.044862,38.838005,0.7394917011260986,0.16271182894706726,-0.6126744747161865,0.22651056945323944,0.18359887599945068,-0.6248568892478943,-0.5322803258895874,0.5408523678779602,122.273343,-60.435493,-21.630865,15.095734
2026-08-05T11:50:32.051226,1785927032.051227,38.844369,0.7391464710235596,0.1620577722787857,-0.6138372421264648,0.2249530553817749,0.18303635716438293,-0.624631941318512,-0.5341811180114746,0.539426863193512,122.196309,-60.242088,-12.103477,30.387817
2026-08-05T11:50:32.060891,1785927032.060891,38.854033,0.7392471432685852,0.1610189825296402,-0.6144697666168213,0.223636656999588,0.1835915595293045,-0.624467670917511,-0.5352604389190674,0.5383577346801758,122.044931,-60.069204,-15.663722,17.888878
2026-08-05T11:50:32.077676,1785927032.077677,38.869797,0.7389439344406128,0.1607339084148407,-0.6151015162467957,0.22310690581798553,0.18586742877960205,-0.6241200566291809,-0.5355063676834106,0.5377349257469177,121.792593,-59.816112,-16.008165,16.056057
2026-08-05T11:50:32.094893,1785927032.094894,38.888036,0.7383572459220886,0.16062389314174652,-0.6159888505935669,0.22267982363700867,0.188553124666214,-0.6235432028770447,-0.5359858870506287,0.5369908809661865,121.476211,-59.479371,-17.345756,18.461950
2026-08-05T11:50:32.111306,1785927032.111307,38.904449,0.7378567457199097,0.1601577252149582,-0.6171156764030457,0.2215520143508911,0.1902119666337967,-0.6229599714279175,-0.5373883843421936,0.5356793999671936,121.201896,-59.153875,-16.713528,19.831873
2026-08-05T11:50:32.126698,1785927032.126698,38.919841,0.7372123599052429,0.15772664546966553,-0.6191176772117615,0.21984915435314178,0.19107390940189362,-0.6225031018257141,-0.5390938520431519,0.5341880917549133,120.808099,-58.546327,-25.585236,39.472780
2026-08-05T11:50:32.144833,1785927032.144834,38.937976,0.7375967502593994,0.15518836677074432,-0.6200493574142456,0.2177305817604065,0.19287854433059692,-0.6219887733459473,-0.5403061509132385,0.5329123139381409,120.424385,-58.095948,-21.158131,24.834025
2026-08-05T11:50:32.225633,1785927032.225633,39.018775,0.7373356223106384,0.15423686802387238,-0.6211367845535278,0.2161862850189209,0.19659273326396942,-0.6212550401687622,-0.5409376621246338,0.5317689180374146,119.987801,-57.619280,-5.403327,5.899418
2026-08-05T11:50:32.236759,1785927032.236760,39.029902,0.7367890477180481,0.15454858541488647,-0.6220684051513672,0.21514587104320526,0.2017608880996704,-0.6204518675804138,-0.5415976047515869,0.5300965309143066,119.506567,-57.279039,-43.249232,30.577965
2026-08-05T11:50:32.253725,1785927032.253725,39.046868,0.7361064553260803,0.15561001002788544,-0.6231534481048584,0.21357186138629913,0.20640002191066742,-0.6196993589401245,-0.5433699488639832,0.5273700952529907,119.106739,-57.098433,-23.567247,10.645609
2026-08-05T11:50:32.259827,1785927032.259827,39.052969,0.7349576354026794,0.155739426612854,-0.6253828406333923,0.2109007090330124,0.20977374911308289,-0.6190165877342224,-0.5464516282081604,0.5236433744430542,118.679253,-56.741342,-70.061224,58.524061
2026-08-05T11:50:32.276568,1785927032.276568,39.069711,0.7339617013931274,0.1534467488527298,-0.6282312273979187,0.2075575739145279,0.22728581726551056,-0.6167181134223938,-0.552791953086853,0.5122689008712769,116.556784,-56.147366,-126.778809,35.479187
2026-08-05T11:50:32.292079,1785927032.292080,39.085222,0.7339344024658203,0.15118935704231262,-0.6300967335700989,0.20361801981925964,0.23759649693965912,-0.6152567863464355,-0.5530623197555542,0.5090456008911133,115.516330,-55.274529,-67.077258,56.271128
2026-08-05T11:50:32.309760,1785927032.309760,39.102902,0.7339258193969727,0.14961887896060944,-0.6319323182106018,0.19906944036483765,0.24765044450759888,-0.6133394241333008,-0.5542252063751221,0.5052886605262756,114.522308,-54.447120,-56.221665,46.798126
2026-08-05T11:50:32.326619,1785927032.326620,39.119762,0.7331350445747375,0.14849986135959625,-0.634680986404419,0.1940125674009323,0.2566356658935547,-0.6109350919723511,-0.5567396879196167,0.5009347200393677,113.544966,-53.482017,-57.969712,57.243715
2026-08-05T11:50:32.344567,1785927032.344568,39.136599,0.7325518131256104,0.1474587768316269,-0.6372453570365906,0.1885264813899994,0.26642078161239624,-0.6077144742012024,-0.5596861839294434,0.49644020199775696,112.467760,-52.423323,-63.978067,62.878561
2026-08-05T11:50:32.350700,1785927032.350701,39.143843,0.7317359447479248,0.14615027606487274,-0.6401665210723877,0.18272824585437775,0.2766183614730835,-0.6039720177650452,-0.5630319118499756,0.491623193025589,111.277478,-51.219441,-164.315698,166.193241
2026-08-05T11:50:32.360494,1785927032.360495,39.153637,0.7311245203018188,0.14474035799503326,-0.6426759362220764,0.17741137742996216,0.2855525314807892,-0.6004474759101868,-0.5669229626655579,0.486332505941391,110.151267,-50.229769,-114.987066,101.046360
2026-08-05T11:50:32.376403,1785927032.376404,39.168725,0.7306983470916748,0.14313846826553345,-0.6448084115982056,0.17266643047332764,0.2942197918891907,-0.5969257950782776,-0.5706087350845337,0.48116350173950195,109.020491,-49.322948,-74.946217,60.102776
2026-08-05T11:50:32.392977,1785927032.392977,39.186120,0.7296215295791626,0.1373833566904068,-0.6503505706787109,0.16069412231445312,0.30437371134757996,-0.5928165316581726,-0.5734336376190186,0.4765472114086151,107.665234,-46.995034,-77.911659,133.828295
2026-08-05T11:50:32.410649,1785927032.410650,39.203792,0.728899359703064,0.13529090583324432,-0.6530053019523621,0.1548759788274765,0.31618213653564453,-0.5876625180244446,-0.5755531787872314,0.47267159819602966,106.259530,-45.500489,-79.543902,84.571044
2026-08-05T11:50:32.427115,1785927032.427115,39.220257,0.7279773354530334,0.13615547120571136,-0.6548773050308228,0.1504877209663391,0.32743892073631287,-0.5825711488723755,-0.5779710412025452,0.4683401584625244,105.105919,-44.532739,-70.062615,58.774714
2026-08-05T11:50:32.444163,1785927032.444164,39.237306,0.7262349724769592,0.13891670107841492,-0.6571776270866394,0.146295964717865,0.33516064286231995,-0.5784645080566406,-0.5827139616012573,0.4620487689971924,104.300936,-44.056971,-47.216944,27.906530
2026-08-05T11:50:32.460329,1785927032.460330,39.252676,0.7224842309951782,0.13562318682670593,-0.6647400259971619,0.1332053691148758,0.3404398560523987,-0.5756654739379883,-0.5883333086967468,0.4545023441314697,103.437799,-42.082630,-56.155916,128.451144
2026-08-05T11:50:32.478204,1785927032.478205,39.270832,0.7194207310676575,0.13743956387043,-0.668376088142395,0.12968386709690094,0.3483184576034546,-0.5724743008613586,-0.5923750400543213,0.4472557604312897,102.512493,-41.580072,-50.965412,27.680648
2026-08-05T11:50:32.494153,1785927032.494154,39.287296,0.714509129524231,0.1428314745426178,-0.6731230020523071,0.12641778588294983,0.35975536704063416,-0.5676535964012146,-0.594710648059845,0.44120654463768005,101.595477,-40.817995,-55.696635,46.286160
2026-08-05T11:50:32.499330,1785927032.499330,39.292472,0.709514319896698,0.1486135870218277,-0.6778048276901245,0.12281744182109833,0.3715154826641083,-0.5621824860572815,-0.5970221757888794,0.4353044033050537,100.688174,-40.013532,-175.288069,155.419683
2026-08-05T11:50:32.510126,1785927032.510127,39.303269,0.7066488265991211,0.1492186039686203,-0.681491494178772,0.1181132048368454,0.37979817390441895,-0.5572797656059265,-0.6016846299171448,0.4279794991016388,99.545491,-39.185867,-105.837831,76.660153
2026-08-05T11:50:32.527375,1785927032.527376,39.320518,0.7066870927810669,0.14237485826015472,-0.6839904189109802,0.11171308159828186,0.3845568597316742,-0.5536787509918213,-0.6078483462333679,0.41961249709129333,98.074136,-38.186115,-85.300367,57.959631
2026-08-05T11:50:32.544006,1785927032.544006,39.337148,0.7032366991043091,0.14169971644878387,-0.6884014010429382,0.10715855658054352,0.39145800471305847,-0.5494155287742615,-0.6124038100242615,0.4121445417404175,96.914209,-37.286482,-69.747314,54.095638
2026-08-05T11:50:32.560568,1785927032.560569,39.353711,0.6987600922584534,0.14605335891246796,-0.6923786401748657,0.10495127737522125,0.40249499678611755,-0.5433759093284607,-0.6143895983695984,0.4065270721912384,95.874856,-36.588212,-62.752684,42.159232
2026-08-05T11:50:32.577344,1785927032.577344,39.370487,0.697167694568634,0.1484118402004242,-0.6939316391944885,0.10193190723657608,0.41409555077552795,-0.5368403196334839,-0.6158926486968994,0.40125027298927307,94.732607,-35.998851,-68.089822,35.131969
2026-08-05T11:50:32.593984,1785927032.593984,39.387126,0.6965234279632568,0.14872264862060547,-0.6950977444648743,0.09785758703947067,0.4219750165939331,-0.5314956307411194,-0.6193989515304565,0.394706130027771,93.679963,-35.537635,-63.261901,27.718196
2026-08-05T11:50:32.610419,1785927032.610420,39.403562,0.6935726404190063,0.1505398005247116,-0.6982781887054443,0.09328781813383102,0.426996648311615,-0.5274133086204529,-0.6241666078567505,0.38719964027404785,92.942278,-35.118173,-44.881968,25.520814
2026-08-05T11:50:32.627614,1785927032.627614,39.420757,0.6891918778419495,0.15596109628677368,-0.7018977403640747,0.08961251378059387,0.4334774911403656,-0.5226263999938965,-0.6279101371765137,0.38037633895874023,92.413923,-34.830443,-30.728549,16.734045
2026-08-05T11:50:32.643698,1785927032.643698,39.436049,0.6851596832275391,0.16397728025913239,-0.7043189406394958,0.08719281107187271,0.443270742893219,-0.5158019065856934,-0.6299431324005127,0.3750060200691223,91.864150,-34.640303,-35.951313,12.433786
2026-08-05T11:50:32.646429,1785927032.646430,39.439572,0.68301922082901,0.17127515375614166,-0.704995334148407,0.08444587141275406,0.4556121826171875,-0.5070751905441284,-0.6309664249420166,0.37036746740341187,91.074170,-34.359357,-224.212600,79.738519
2026-08-05T11:50:32.660156,1785927032.660157,39.453299,0.6824284791946411,0.17317327857017517,-0.7056812644004822,0.07947666943073273,0.4680306911468506,-0.4976062774658203,-0.6327679753303528,0.3646073341369629,89.735655,-33.547379,-97.508350,59.151097
2026-08-05T11:50:32.676867,1785927032.676868,39.470010,0.6822963356971741,0.1725921630859375,-0.7065122127532959,0.0743246078491211,0.4787573516368866,-0.48858001828193665,-0.6361122131347656,0.3569883406162262,88.174042,-32.748019,-93.449577,47.834995
2026-08-05T11:50:32.693093,1785927032.693094,39.486236,0.6798898577690125,0.1741829514503479,-0.70880126953125,0.07078822702169418,0.48875805735588074,-0.47966840863227844,-0.640314519405365,0.34789299964904785,86.689886,-32.213005,-91.467466,32.972571
2026-08-05T11:50:32.695254,1785927032.695255,39.488397,0.6772581338882446,0.17611747980117798,-0.7111012935638428,0.06811106950044632,0.5000190138816833,-0.4697079360485077,-0.6440770626068115,0.33840611577033997,85.051794,-31.723982,-758.099435,226.317034
2026-08-05T11:50:32.727165,1785927032.727165,39.520308,0.6767788529396057,0.1795983910560608,-0.7108020186424255,0.06689916551113129,0.5129299163818359,-0.45840975642204285,-0.6468690633773804,0.32912322878837585,83.402282,-31.660179,-51.691170,1.999388
2026-08-05T11:50:32.743860,1785927032.743861,39.537003,0.678086519241333,0.1829560101032257,-0.7087250351905823,0.06659466028213501,0.5265516638755798,-0.4461045563220978,-0.6495239734649658,0.3191413879394531,81.596056,-31.836767,-108.187938,-10.577104
2026-08-05T11:50:32.760597,1785927032.760597,39.552716,0.6793649196624756,0.1839519590139389,-0.7073302865028381,0.06564323604106903,0.5390965342521667,-0.43415915966033936,-0.652662456035614,0.30807608366012573,79.605926,-31.828965,-126.653299,0.496509
2026-08-05T11:50:32.777222,1785927032.777222,39.570364,0.6787323355674744,0.18351760506629944,-0.7081615328788757,0.06442837417125702,0.5501617789268494,-0.42274245619773865,-0.6565435528755188,0.29590484499931335,77.508856,-31.596430,-118.826137,13.176138
2026-08-05T11:50:32.794074,1785927032.794075,39.587217,0.6774221062660217,0.18519198894500732,-0.7088766694068909,0.0655517429113388,0.5602436065673828,-0.4117613136768341,-0.6604475378990173,0.2835264205932617,75.623624,-31.793516,-111.867409,-11.694834
2026-08-05T11:50:32.810227,1785927032.810227,39.603369,0.6764060258865356,0.18925485014915466,-0.708560049533844,0.06782475858926773,0.5703693628311157,-0.4005424678325653,-0.6641382575035095,0.27048712968826294,73.944889,-32.420395,-103.931132,-38.810354
2026-08-05T11:50:32.827279,1785927032.827280,39.620422,0.6764997839927673,0.19367778301239014,-0.7072292566299438,0.06829282641410828,0.5808561444282532,-0.38880449533462524,-0.6673206090927124,0.2571357786655426,72.362018,-33.020101,-92.821264,-35.167376
2026-08-05T11:50:32.843455,1785927032.843456,39.636598,0.6761853694915771,0.1951000988483429,-0.7071772813796997,0.06789635866880417,0.592231273651123,-0.37604379653930664,-0.6695842146873474,0.24394406378269196,70.394998,-33.091982,-121.603061,-4.443772
2026-08-05T11:50:32.861119,1785927032.861119,39.654261,0.6784346699714661,0.1950027495622635,-0.7050968408584595,0.06737121939659119,0.6040401458740234,-0.3621210753917694,-0.6710246801376343,0.23179325461387634,68.224313,-32.998577,-122.891099,5.288016
2026-08-05T11:50:32.877315,1785927032.877315,39.670458,0.6792517900466919,0.19516822695732117,-0.704121470451355,0.06884364783763885,0.6142402291297913,-0.3488495349884033,-0.6727461218833923,0.22005414962768555,66.144221,-32.998013,-128.430469,0.034809
2026-08-05T11:50:32.894217,1785927032.894217,39.687360,0.6793943643569946,0.19495396316051483,-0.7040210962295532,0.06906988471746445,0.6224520802497864,-0.3369732201099396,-0.6750383377075195,0.20814447104930878,64.266254,-32.942295,-111.109405,3.296591
2026-08-05T11:50:32.910732,1785927032.910733,39.703875,0.6811798214912415,0.1973944455385208,-0.7014507055282593,0.07068480551242828,0.6299189329147339,-0.32574087381362915,-0.6773386597633362,0.19571858644485474,62.757639,-33.484474,-91.345414,-32.828506
2026-08-05T11:50:32.927866,1785927032.927866,39.721009,0.6844126582145691,0.20166899263858795,-0.6970109939575195,0.07130716741085052,0.6383204460144043,-0.31384655833244324,-0.678632915019989,0.1830388754606247,61.445687,-34.185265,-76.571360,-40.901337
2026-08-05T11:50:32.944469,1785927032.944470,39.737612,0.6853092312812805,0.20493638515472412,-0.69511878490448,0.07184869050979614,0.6479705572128296,-0.300607293844223,-0.6786419749259949,0.1709180325269699,59.897454,-34.464563,-93.248893,-16.821865
2026-08-05T11:50:32.960127,1785927032.960127,39.753269,0.6867517232894897,0.2058403640985489,-0.6933927536010742,0.07217023521661758,0.6578094959259033,-0.2861211895942688,-0.6783791780471802,0.15881218016147614,57.980575,-34.396685,-122.428110,4.335219
2026-08-05T11:50:32.977297,1785927032.977298,39.770440,0.6871119737625122,0.2070683091878891,-0.6926118731498718,0.07272367924451828,0.6665666103363037,-0.27196747064590454,-0.6786286234855652,0.14554834365844727,56.157441,-34.438275,-106.174279,-2.422055
2026-08-05T11:50:32.993998,1785927032.993998,39.787141,0.6871567368507385,0.20915737748146057,-0.6917227506637573,0.07475698739290237,0.6745039820671082,-0.2581497132778168,-0.6791580319404602,0.13094228506088257,54.485622,-34.805159,-100.107318,-21.968790
2026-08-05T11:50:33.010861,1785927033.010861,39.804003,0.6890511512756348,0.2097148299217224,-0.6894598007202148,0.07663923501968384,0.6822596192359924,-0.2444152534008026,-0.6793241500854492,0.11532563716173172,52.710153,-35.176559,-105.288669,-22.024690
2026-08-05T11:50:33.027412,1785927033.027412,39.820554,0.6907768845558167,0.20941504836082458,-0.6877138614654541,0.07760395109653473,0.6899572610855103,-0.23094700276851654,-0.6788376569747925,0.09899493306875229,50.950271,-35.458689,-106.330728,-17.046077
2026-08-05T11:50:33.044257,1785927033.044257,39.837399,0.6905059218406677,0.21011371910572052,-0.6876800656318665,0.07842176407575607,0.6975146532058716,-0.2176818996667862,-0.6777049899101257,0.08247517049312592,49.426135,-35.787345,-90.481377,-19.510873
2026-08-05T11:50:33.077571,1785927033.077571,39.870713,0.6899154186248779,0.2118445336818695,-0.6875410676002502,0.08016255497932434,0.7041645646095276,-0.2052195817232132,-0.6765820384025574,0.06536214798688889,48.221486,-36.394988,-36.160176,-18.239744
2026-08-05T11:50:33.095090,1785927033.095090,39.888232,0.6896923780441284,0.21349352598190308,-0.6869933605194092,0.0823727548122406,0.7093253135681152,-0.19464868307113647,-0.6758002638816833,0.047559674829244614,47.346953,-37.251865,-49.919167,-48.911333
2026-08-05T11:50:33.099366,1785927033.099366,39.892509,0.6893243193626404,0.21616476774215698,-0.6862558722496033,0.08460363745689392,0.713787317276001,-0.18501518666744232,-0.674809992313385,0.030116012319922447,46.822079,-38.253615,-122.747777,-234.270576
2026-08-05T11:50:33.110233,1785927033.110233,39.903376,0.6893576383590698,0.22009705007076263,-0.6846798658370972,0.08693131059408188,0.7184645533561707,-0.1747003197669983,-0.6731128692626953,0.014344822615385056,46.456047,-39.203921,-33.682522,-87.447831
2026-08-05T11:50:33.127447,1785927033.127448,39.919564,0.6893361806869507,0.22388722002506256,-0.6833086013793945,0.08820273727178574,0.7238526940345764,-0.16215556859970093,-0.670625627040863,0.001597071997821331,45.837200,-39.632967,-38.227256,-26.502942
2026-08-05T11:50:33.144867,1785927033.144868,39.938010,0.6901640295982361,0.22482627630233765,-0.6822918057441711,0.08720547705888748,0.7294596433639526,-0.14796549081802368,-0.6677724123001099,-0.0085584232583642,44.648132,-39.287878,-64.462212,18.708093
2026-08-05T11:50:33.177378,1785927033.177379,39.970521,0.6908732652664185,0.2256215363740921,-0.6815442442893982,0.0853615328669548,0.7344325184822083,-0.13368724286556244,-0.6651577949523926,-0.017324747517704964,43.412154,-38.741397,-38.017239,16.809107
2026-08-05T11:50:33.194441,1785927033.194442,39.987584,0.6921314001083374,0.22790266573429108,-0.6797088384628296,0.08372993022203445,0.738610565662384,-0.12062007188796997,-0.662765622138977,-0.025407489389181137,42.475059,-38.399179,-54.920001,20.056288
2026-08-05T11:50:33.211055,1785927033.211056,40.004198,0.6927189826965332,0.22982370853424072,-0.6787552237510681,0.08132024854421616,0.7421955466270447,-0.10898977518081665,-0.6604350209236145,-0.03302867338061333,41.649226,-38.040007,-49.707172,21.618674
2026-08-05T11:50:33.227527,1785927033.227527,40.020669,0.6938530802726746,0.23033437132835388,-0.6778237223625183,0.07790528237819672,0.7452075481414795,-0.0989520400762558,-0.6582048535346985,-0.04048505052924156,40.805268,-37.594883,-51.238559,27.024465
2026-08-05T11:50:33.246440,1785927033.246440,40.037519,0.6942657232284546,0.2320343554019928,-0.6770983338356018,0.07545376569032669,0.7476284503936768,-0.09039884805679321,-0.6561940312385559,-0.047828495502471924,40.305709,-37.441064,-29.648272,9.129010
2026-08-05T11:50:33.249483,1785927033.249483,40.042625,0.6943073868751526,0.23395758867263794,-0.6765841245651245,0.07372400164604187,0.749533474445343,-0.08305788785219193,-0.6544628143310547,-0.05457004904747009,39.980356,-37.411985,-63.711103,5.694127
2026-08-05T11:50:33.260110,1785927033.260111,40.053253,0.6951411366462708,0.2350122481584549,-0.6755403876304626,0.07206420600414276,0.7509148120880127,-0.07707253843545914,-0.6530991792678833,-0.060388606041669846,39.653516,-37.344660,-30.754230,6.335056
2026-08-05T11:50:33.262990,1785927033.262990,40.056132,0.6951245665550232,0.2367989420890808,-0.6750602722167969,0.07086477428674698,0.7517725825309753,-0.072690948843956,-0.6521318554878235,-0.06539401412010193,39.574077,-37.444797,-27.588633,-34.777559
2026-08-05T11:50:33.293421,1785927033.293421,40.086563,0.6954502463340759,0.23778454959392548,-0.674530029296875,0.06940336525440216,0.7522834539413452,-0.0698181539773941,-0.651436984539032,-0.06945076584815979,39.502595,-37.501265,-2.348998,-1.855595
2026-08-05T11:50:33.310436,1785927033.310436,40.103579,0.695382833480835,0.23820655047893524,-0.6746435761451721,0.06750177592039108,0.7526054978370667,-0.0677342340350151,-0.6509711742401123,-0.07233144342899323,39.387946,-37.447441,-6.738000,3.163304
2026-08-05T11:50:33.327266,1785927033.327266,40.119316,0.6957147121429443,0.23728860914707184,-0.6749187111854553,0.06449801474809647,0.7526871562004089,-0.06680168956518173,-0.6507847905158997,-0.07400831580162048,39.131315,-37.188877,-16.306977,16.429749
2026-08-05T11:50:33.344466,1785927033.344467,40.137200,0.6968346238136292,0.23603671789169312,-0.6744250655174255,0.06212390586733818,0.752409815788269,-0.06780500710010529,-0.6509189009666443,-0.07473333925008774,38.995517,-37.030308,-7.593332,8.866660
2026-08-05T11:50:33.360684,1785927033.360684,40.153827,0.6973317265510559,0.23512117564678192,-0.6744328141212463,0.05989215523004532,0.7516023516654968,-0.07057204097509384,-0.6515412330627441,-0.07487586885690689,39.062280,-37.011827,4.015352,1.111478
2026-08-05T11:50:33.377539,1785927033.377540,40.170682,0.6973915696144104,0.2336207628250122,-0.6750957369804382,0.05755217745900154,0.7505317330360413,-0.07345835119485855,-0.6525585055351257,-0.07397492974996567,39.036338,-36.857529,-1.539103,9.154305
2026-08-05T11:50:33.394599,1785927033.394599,40.187742,0.6969200968742371,0.23153309524059296,-0.6764822006225586,0.055376362055540085,0.7497342824935913,-0.07532398402690887,-0.6535127758979797,-0.07172483950853348,38.813507,-36.475649,-13.061772,22.384806
2026-08-05T11:50:33.443418,1785927033.443418,40.236560,0.6975002884864807,0.22989508509635925,-0.6765033602714539,0.054635725915431976,0.7490987181663513,-0.07699793577194214,-0.6543458104133606,-0.06893850862979889,38.636257,-36.184713,-3.630790,5.959522
2026-08-05T11:50:33.460372,1785927033.460372,40.253515,0.6978718638420105,0.2279539704322815,-0.6767303347587585,0.055209532380104065,0.7480559349060059,-0.07993236184120178,-0.6554617285728455,-0.06626839935779572,38.621430,-36.076777,-0.874490,6.366352
2026-08-05T11:50:33.477088,1785927033.477088,40.270231,0.6979680061340332,0.225749671459198,-0.6772834658622742,0.05625782161951065,0.7463487386703491,-0.08523194491863251,-0.656963050365448,-0.06400904804468155,38.864236,-36.206276,14.525360,-7.747002
2026-08-05T11:50:33.510521,1785927033.510522,40.303664,0.6974038481712341,0.22322870790958405,-0.6786406636238098,0.056955888867378235,0.7440637350082397,-0.0924447551369667,-0.6588045954704285,-0.06162814795970917,39.267838,-36.427085,12.071798,-6.604421
2026-08-05T11:50:33.527265,1785927033.527265,40.320408,0.6961780190467834,0.22100892663002014,-0.6805692315101624,0.05759461969137192,0.7412757873535156,-0.10090256482362747,-0.6609907746315002,-0.058467213064432144,39.815283,-36.707613,32.695673,-16.754284
2026-08-05T11:50:33.544851,1785927033.544851,40.337994,0.6945157647132874,0.2203226089477539,-0.682349681854248,0.05920238792896271,0.7381888031959534,-0.10932338237762451,-0.6634894013404846,-0.05390492081642151,40.517470,-37.080406,39.928737,-21.198287
2026-08-05T11:50:33.549221,1785927033.549221,40.342364,0.6927252411842346,0.2204592227935791,-0.6839165687561035,0.061543356627225876,0.7350836396217346,-0.11732487380504608,-0.6660196185112,-0.04799174517393112,41.253664,-37.439399,168.466388,-82.149998
2026-08-05T11:50:33.562190,1785927033.562190,40.353317,0.6914243698120117,0.22049784660339355,-0.684940755367279,0.06456971913576126,0.7317438721656799,-0.12579624354839325,-0.6685807704925537,-0.04152442887425423,42.036731,-37.837571,71.490650,-36.351364
2026-08-05T11:50:33.566286,1785927033.566286,40.359428,0.6895898580551147,0.21974988281726837,-0.6867928504943848,0.06701911240816116,0.7281633615493774,-0.13518430292606354,-0.6710156798362732,-0.035210758447647095,42.843598,-38.203323,132.026863,-59.847714
2026-08-05T11:50:33.576987,1785927033.576988,40.370130,0.6883271336555481,0.21766112744808197,-0.6885600686073303,0.0686623752117157,0.7240869402885437,-0.14617756009101868,-0.6733836531639099,-0.029717177152633667,43.682925,-38.585161,78.431404,-35.681062
2026-08-05T11:50:33.593384,1785927033.593385,40.386527,0.6865262389183044,0.21515780687332153,-0.6909764409065247,0.07028860598802567,0.7191620469093323,-0.15915635228157043,-0.6759123206138611,-0.02482280507683754,44.731008,-39.129805,63.917310,-33.215082
2026-08-05T11:50:33.610433,1785927033.610434,40.403576,0.685145914554596,0.21278032660484314,-0.692836344242096,0.07264714688062668,0.713467001914978,-0.17332710325717926,-0.67862868309021,-0.019593385979533195,45.941462,-39.816669,71.000207,-40.288624
2026-08-05T11:50:33.627066,1785927033.627066,40.420209,0.6834866404533386,0.2115854173898697,-0.6945847868919373,0.07503221184015274,0.7074396014213562,-0.1872555911540985,-0.681391179561615,-0.012996207922697067,47.242423,-40.479605,78.216626,-39.857120
2026-08-05T11:50:33.644054,1785927033.644055,40.437197,0.6808227896690369,0.2102580964565277,-0.6974223852157593,0.07664179056882858,0.7018380761146545,-0.19969099760055542,-0.6837583184242249,-0.004456979222595692,48.330623,-40.769958,64.055053,-17.091187
2026-08-05T11:50:33.660277,1785927033.660278,40.453420,0.6792336106300354,0.20814888179302216,-0.6994653344154358,0.07787318527698517,0.6965165734291077,-0.2114134430885315,-0.6856665015220642,0.005358356051146984,49.234729,-40.814464,55.730068,-2.743364
2026-08-05T11:50:33.677575,1785927033.677575,40.470718,0.677863359451294,0.20583413541316986,-0.7014210820198059,0.07837146520614624,0.6902251243591309,-0.2245112955570221,-0.6877221465110779,0.014851314947009087,50.295843,-40.921721,61.344878,-6.200755
2026-08-05T11:50:33.693977,1785927033.693978,40.487120,0.6761337518692017,0.20409776270389557,-0.703615128993988,0.07818638533353806,0.6821325421333313,-0.24033230543136597,-0.6902087330818176,0.02336466684937477,51.780968,-41.322178,90.542675,-24.414391
2026-08-05T11:50:33.698762,1785927033.698762,40.491905,0.6737819314002991,0.2030171900987625,-0.7062628865242004,0.07742615044116974,0.6727723479270935,-0.25743988156318665,-0.6928849220275879,0.03179633244872093,53.530648,-41.831836,365.691151,-106.520818
2026-08-05T11:50:33.710013,1785927033.710014,40.503156,0.6715139746665955,0.20156298577785492,-0.7089729905128479,0.076149582862854,0.6643221378326416,-0.27292492985725403,-0.6945733428001404,0.041887495666742325,55.073606,-41.999167,137.137056,-14.872296
2026-08-05T11:50:33.727129,1785927033.727129,40.520272,0.669764518737793,0.19883526861667633,-0.7115942239761353,0.07425589114427567,0.6574795842170715,-0.2860853374004364,-0.694991409778595,0.053491394966840744,56.231570,-41.695787,67.654603,17.725140
2026-08-05T11:50:33.743809,1785927033.743810,40.536952,0.6678348779678345,0.19620174169540405,-0.7142780423164368,0.0728578045964241,0.6502500176429749,-0.2990558445453644,-0.6953520774841309,0.06499642878770828,57.435999,-41.416896,72.206931,16.719858
2026-08-05T11:50:33.776713,1785927033.776713,40.569856,0.666374921798706,0.19320452213287354,-0.716601550579071,0.07140509784221649,0.6411803960800171,-0.31335943937301636,-0.6964171528816223,0.07546792179346085,58.810914,-41.302678,41.786059,3.471282
2026-08-05T11:50:33.792844,1785927033.792844,40.584550,0.6646765470504761,0.1891474723815918,-0.7194650173187256,0.06927122920751572,0.6313587427139282,-0.3284112215042114,-0.6971933245658875,0.08632602542638779,60.207654,-41.051116,95.052213,17.119509
2026-08-05T11:50:33.810282,1785927033.810282,40.603424,0.6640588641166687,0.18501675128936768,-0.7212745547294617,0.06751155108213425,0.6224204897880554,-0.3425627052783966,-0.6967809796333313,0.09868292510509491,61.551353,-40.680251,71.192473,19.649319
2026-08-05T11:50:33.828100,1785927033.828101,40.621243,0.6622433066368103,0.18337540328502655,-0.7234913110733032,0.06608899682760239,0.6150326728820801,-0.355226993560791,-0.6949500441551208,0.11221207678318024,63.059612,-40.300789,84.644770,21.295717
2026-08-05T11:50:33.844232,1785927033.844233,40.637375,0.6598145961761475,0.18155096471309662,-0.7263619303703308,0.06389342248439789,0.6079275608062744,-0.3671587407588959,-0.6927348375320435,0.12544074654579163,64.516033,-39.758112,90.279523,33.639096
2026-08-05T11:50:33.849106,1785927033.849106,40.642248,0.6582372784614563,0.17938369512557983,-0.7285106778144836,0.061787258833646774,0.5994054675102234,-0.3798052966594696,-0.6910375356674194,0.13757377862930298,66.067580,-39.378995,318.394207,77.798869
2026-08-05T11:50:33.859796,1785927033.859796,40.652938,0.6578187942504883,0.17534597218036652,-0.7300518751144409,0.05960322543978691,0.5892937779426575,-0.3933551609516144,-0.6898096799850464,0.14888052642345428,67.566597,-39.022894,140.226415,33.311692
2026-08-05T11:50:33.876231,1785927033.876231,40.669373,0.6584216356277466,0.17117056250572205,-0.7306609153747559,0.0575883686542511,0.5788871049880981,-0.4070831835269928,-0.6882171630859375,0.15977688133716583,69.121265,-38.800269,94.595480,13.545860
2026-08-05T11:50:33.892449,1785927033.892450,40.685592,0.658284604549408,0.17049500346183777,-0.7310001850128174,0.056847985833883286,0.5696242451667786,-0.4196767210960388,-0.685747504234314,0.17072880268096924,70.941894,-38.895939,112.255228,-5.898771
2026-08-05T11:50:33.910479,1785927033.910479,40.703622,0.6569019556045532,0.17040668427944183,-0.73240065574646,0.0550537146627903,0.5618329644203186,-0.4305230379104614,-0.6826645731925964,0.18155139684677124,72.647105,-38.729146,94.577925,9.251027
2026-08-05T11:50:33.926899,1785927033.926900,40.720042,0.6558268070220947,0.16993814706802368,-0.7335332036018372,0.054235558956861496,0.5541806817054749,-0.4403235614299774,-0.6798445582389832,0.19185595214366913,74.175421,-38.566272,93.073054,9.918865
2026-08-05T11:50:33.943648,1785927033.943648,40.736791,0.6563772559165955,0.16836926341056824,-0.7333844900131226,0.05447940528392792,0.5455945730209351,-0.45029547810554504,-0.677577793598175,0.20111526548862457,75.594919,-38.616355,84.754111,-2.990287
2026-08-05T11:50:33.993820,1785927033.993820,40.786963,0.6581500768661499,0.16705752909183502,-0.7319939136505127,0.055816810578107834,0.5353097915649414,-0.46122750639915466,-0.6760539412498474,0.20895487070083618,77.149804,-39.119575,30.991030,-10.029888
2026-08-05T11:50:33.998431,1785927033.998431,40.791574,0.6593134999275208,0.16678132116794586,-0.7309471964836121,0.05662013590335846,0.5248550772666931,-0.4721328616142273,-0.6741487979888916,0.2171165496110916,78.867051,-39.629159,372.442023,-110.520145
2026-08-05T11:50:34.010035,1785927034.010036,40.803178,0.6594946980476379,0.16594766080379486,-0.7309769988059998,0.05657569691538811,0.5165737867355347,-0.4811958968639374,-0.670893132686615,0.22694243490695953,80.351030,-39.607214,127.879156,1.891055
2026-08-05T11:50:34.026846,1785927034.026846,40.819988,0.6594576835632324,0.16618308424949646,-0.7309412360191345,0.05677873268723488,0.5098265409469604,-0.48846468329429626,-0.6668281555175781,0.23836487531661987,81.777636,-39.372723,84.865586,13.949368
2026-08-05T11:50:34.043195,1785927034.043196,40.836338,0.6611426472663879,0.1676149070262909,-0.7288722991943359,0.05950607731938362,0.5015190243721008,-0.4961000084877014,-0.663381040096283,0.24957439303398132,83.373211,-39.703232,97.588486,-20.214635
2026-08-05T11:50:34.060550,1785927034.060550,40.853693,0.6640132665634155,0.1668504774570465,-0.7262243032455444,0.0620136596262455,0.4897954761981964,-0.5055198669433594,-0.6611380577087402,0.2597016990184784,85.025910,-40.205939,95.231780,-28.966938
2026-08-05T11:50:34.076960,1785927034.076960,40.870102,0.664322555065155,0.16459624469280243,-0.7263607382774353,0.06311844289302826,0.4773831069469452,-0.5153916478157043,-0.6584625244140625,0.27000439167022705,86.624035,-40.217792,97.389452,-0.722355
2026-08-05T11:50:34.093544,1785927034.093545,40.886687,0.6625138521194458,0.1649407595396042,-0.7276358604431152,0.06645505130290985,0.4676789343357086,-0.523669421672821,-0.6539055109024048,0.28187352418899536,88.219667,-40.154756,96.211443,3.800921
2026-08-05T11:50:34.110464,1785927034.110465,40.903607,0.6620457768440247,0.16391675174236298,-0.7279220819473267,0.07040103524923325,0.4602431654930115,-0.5304225087165833,-0.6479820013046265,0.2948661148548126,89.498163,-39.870908,75.560823,16.775774
2026-08-05T11:50:34.127821,1785927034.127821,40.920963,0.6628342270851135,0.16158951818943024,-0.7272219061851501,0.07541880011558533,0.4518428146839142,-0.5371274352073669,-0.6424695253372192,0.30751222372055054,90.645362,-39.704995,66.097522,9.559342
2026-08-05T11:50:34.143821,1785927034.143821,40.936964,0.6651517748832703,0.15916532278060913,-0.7251094579696655,0.08034833520650864,0.4405404031276703,-0.5448859930038452,-0.6383566856384277,0.3186257481575012,91.980720,-39.988959,83.458465,-17.747495
2026-08-05T11:50:34.148557,1785927034.148557,40.941700,0.6675015091896057,0.1556778997182846,-0.7233188152313232,0.08376187831163406,0.4280308187007904,-0.5528983473777771,-0.6347840428352356,0.3288472592830658,93.318805,-40.176793,282.523802,-39.659351
2026-08-05T11:50:34.159580,1785927034.159581,40.952723,0.6695885062217712,0.15344583988189697,-0.7212929129600525,0.08855536580085754,0.41701969504356384,-0.5599616765975952,-0.6303656697273254,0.33937445282936096,94.618643,-40.474073,117.917558,-26.968394
2026-08-05T11:50:34.177026,1785927034.177027,40.970169,0.6717091202735901,0.15193067491054535,-0.7188926935195923,0.09443192183971405,0.4088442325592041,-0.5657324194908142,-0.6242841482162476,0.3508003354072571,95.774324,-40.724487,66.243160,-14.353583
2026-08-05T11:50:34.193354,1785927034.193355,40.986497,0.6741956472396851,0.1484501212835312,-0.7166106700897217,0.0994587242603302,0.4018896520137787,-0.5709767937660217,-0.6172844767570496,0.36253055930137634,96.696605,-40.655900,56.485116,4.200573
2026-08-05T11:50:34.211052,1785927034.211052,41.004194,0.6792725324630737,0.14287015795707703,-0.7123146057128906,0.10385031253099442,0.39303284883499146,-0.5768760442733765,-0.6112385392189026,0.37299486994743347,97.600177,-40.927185,51.056281,-15.328905
2026-08-05T11:50:34.260647,1785927034.260647,41.053789,0.6852596998214722,0.14047935605049133,-0.7061643004417419,0.1096215471625328,0.3809317648410797,-0.5836609601974487,-0.6071155071258545,0.381628155708313,98.976604,-42.180387,27.753406,-25.268786
2026-08-05T11:50:34.277424,1785927034.277424,41.070567,0.6890118718147278,0.14073114097118378,-0.7015489339828491,0.11526761949062347,0.36831772327423096,-0.5901443362236023,-0.6034408807754517,0.3897808790206909,100.565935,-43.441741,94.731150,-75.182287
2026-08-05T11:50:34.292981,1785927034.293998,41.086124,0.6924028992652893,0.13991233706474304,-0.6975249648094177,0.12025752663612366,0.35764020681381226,-0.5954766273498535,-0.5988520383834839,0.3985922038555145,101.904922,-44.283423,86.069468,-54.102948
2026-08-05T11:50:34.310339,1785927034.310339,41.103481,0.6984061002731323,0.1365799605846405,-0.6913570761680603,0.12490145117044449,0.34927189350128174,-0.5996385812759399,-0.5930274724960327,0.4083622992038727,102.923908,-45.026931,58.705529,-42.834750
2026-08-05T11:50:34.327083,1785927034.327083,41.120226,0.7041631937026978,0.1347295492887497,-0.6850758790969849,0.1291252076625824,0.34159934520721436,-0.6029601097106934,-0.5873282551765442,0.4180826246738434,104.000946,-45.794271,64.322368,-45.826736
2026-08-05T11:50:34.344250,1785927034.344251,41.137393,0.708128809928894,0.1347125619649887,-0.6799758076667786,0.13430997729301453,0.3329467475414276,-0.6061751842498779,-0.5824366211891174,0.4271582365036011,105.178538,-46.636709,68.594933,-49.072152
2026-08-05T11:50:34.359173,1785927034.359173,41.152316,0.713843047618866,0.1338423639535904,-0.6731732487678528,0.13911178708076477,0.3233182430267334,-0.6092896461486816,-0.5788400769233704,0.43494147062301636,106.343932,-47.851007,78.095795,-81.372969
2026-08-05T11:50:34.377063,1785927034.377064,41.170206,0.718817949295044,0.1332930624485016,-0.6670756936073303,0.14333100616931915,0.3143764138221741,-0.6121033430099487,-0.5753040313720703,0.4421771168708801,107.467296,-48.969258,62.791281,-62.505458
2026-08-05T11:50:34.393231,1785927034.393232,41.186374,0.7215763330459595,0.13432548940181732,-0.66297447681427,0.14747624099254608,0.3072214722633362,-0.614301323890686,-0.5713809132575989,0.44918933510780334,108.503684,-49.769281,64.101653,-49.482272
2026-08-05T11:50:34.410603,1785927034.410603,41.203746,0.7238194942474365,0.13508984446525574,-0.6594948768615723,0.15133631229400635,0.3009842038154602,-0.6160722374916077,-0.5674692392349243,0.4558955729007721,109.398246,-50.380200,51.495485,-35.167554
2026-08-05T11:50:34.426074,1785927034.426075,41.219217,0.7279326915740967,0.1340278834104538,-0.6542701721191406,0.155181422829628,0.2945204973220825,-0.61794114112854,-0.5640245676040649,0.4618237316608429,110.183906,-51.278275,50.782055,-58.048074
2026-08-05T11:50:34.443660,1785927034.443660,41.235778,0.732111394405365,0.13437490165233612,-0.6486158967018127,0.1589149832725525,0.2875824570655823,-0.6198813319206238,-0.5613670945167542,0.466807097196579,111.120329,-52.500594,56.542100,-73.804832
2026-08-05T11:50:34.460307,1785927034.460307,41.253449,0.7339494824409485,0.13435763120651245,-0.6457093954086304,0.16225135326385498,0.2804329991340637,-0.6217104196548462,-0.5592859983444214,0.4712015390396118,111.904733,-53.216407,44.389098,-40.507519
2026-08-05T11:50:34.492514,1785927034.492514,41.285657,0.7358129024505615,0.1334286630153656,-0.642916738986969,0.1656333953142166,0.27371498942375183,-0.6233394145965576,-0.5570958256721497,0.475573867559433,112.555251,-53.807988,20.197854,-18.367959
2026-08-05T11:50:34.509357,1785927034.509357,41.302500,0.7379513382911682,0.1321508139371872,-0.6399553418159485,0.1685865819454193,0.26797574758529663,-0.6247678399085999,-0.5541929602622986,0.4803360104560852,113.152493,-54.303034,35.459711,-29.392048
2026-08-05T11:50:34.525831,1785927034.525832,41.318974,0.7394760847091675,0.13206101953983307,-0.6372337341308594,0.17224499583244324,0.2633179724216461,-0.6259573101997375,-0.5503984689712524,0.48569628596305847,113.753146,-54.751419,36.459613,-27.216944
2026-08-05T11:50:34.542499,1785927034.542500,41.335642,0.7411099076271057,0.13347744941711426,-0.6338710188865662,0.17648622393608093,0.2587289810180664,-0.6269353032112122,-0.5466382503509521,0.4911175072193146,114.463960,-55.429016,42.645810,-40.652956
2026-08-05T11:50:34.559482,1785927034.559483,41.352625,0.7417134642601013,0.13606181740760803,-0.6316729187965393,0.1798269897699356,0.25364434719085693,-0.6276808977127075,-0.5435474514961243,0.49622151255607605,115.270579,-55.956286,47.494939,-31.046423
2026-08-05T11:50:34.576636,1785927034.576637,41.369779,0.7421764731407166,0.13793465495109558,-0.6299861669540405,0.18238826096057892,0.24870143830776215,-0.62822425365448,-0.54084712266922,0.5009638667106628,115.985982,-56.300215,41.704177,-20.049260
2026-08-05T11:50:34.581753,1785927034.581753,41.374896,0.742676317691803,0.1391357034444809,-0.6283022165298462,0.18522824347019196,0.24435505270957947,-0.6287035942077637,-0.5380324721336365,0.5055117607116699,116.571400,-56.585627,114.423877,-55.785605
2026-08-05T11:50:34.610268,1785927034.610269,41.403411,0.743248701095581,0.13912978768348694,-0.6267666816711426,0.1881169080734253,0.2401297390460968,-0.6291900873184204,-0.5351352095603943,0.5099864602088928,117.029450,-56.746365,16.063158,-5.636848
2026-08-05T11:50:34.613401,1785927034.613402,41.406544,0.7439551949501038,0.13879770040512085,-0.6250871419906616,0.19113342463970184,0.2348582148551941,-0.6298624873161316,-0.5324308276176453,0.5144227147102356,117.544671,-56.983583,164.459031,-75.720315
2026-08-05T11:50:34.628351,1785927034.628352,41.421494,0.7448314428329468,0.14007262885570526,-0.6227280497550964,0.19446276128292084,0.2288353443145752,-0.6306506991386414,-0.5298538208007812,0.5188133716583252,118.278682,-57.555683,49.097626,-38.267473
2026-08-05T11:50:34.642591,1785927034.642592,41.435734,0.7451443672180176,0.1429009884595871,-0.6207419037818909,0.19753150641918182,0.22442814707756042,-0.6314710378646851,-0.5263844132423401,0.5232535600662231,119.058047,-58.119077,54.729672,-39.563419
2026-08-05T11:50:34.659380,1785927034.659380,41.452523,0.7449103593826294,0.1466497927904129,-0.6192290782928467,0.20039436221122742,0.22213436663150787,-0.6319417953491211,-0.5227774977684021,0.5272645354270935,119.711823,-58.560441,38.941949,-26.289737
2026-08-05T11:50:34.676506,1785927034.676506,41.469648,0.7444877028465271,0.15053966641426086,-0.617956817150116,0.2029908448457718,0.22024790942668915,-0.6320695877075195,-0.520509660243988,0.5301386713981628,120.253033,-58.995889,31.602351,-25.426701
2026-08-05T11:50:34.693830,1785927034.693830,41.486972,0.7440114617347717,0.15358000993728638,-0.6171378493309021,0.20494182407855988,0.21842843294143677,-0.6320934891700745,-0.5197489857673645,0.5316070318222046,120.641768,-59.373932,22.439436,-21.822231
2026-08-05T11:50:34.743601,1785927034.743601,41.536743,0.7437812089920044,0.15523815155029297,-0.6166632175445557,0.2059541940689087,0.21785497665405273,-0.6318884491920471,-0.5198773741722107,0.5319607257843018,120.780160,-59.576821,2.780569,-4.076450
2026-08-05T11:50:34.759849,1785927034.759850,41.552992,0.7438397407531738,0.1549944430589676,-0.6167011260986328,0.2058131843805313,0.22021856904029846,-0.6311809420585632,-0.5199093818664551,0.5317960381507874,120.520989,-59.352776,-15.950016,13.788271
2026-08-05T11:50:34.763761,1785927034.763762,41.556904,0.7446817755699158,0.15315024554729462,-0.6168785095214844,0.20360524952411652,0.22522662580013275,-0.6300636529922485,-0.5198944211006165,0.5310377478599548,119.991815,-58.832642,-135.270417,132.959581
2026-08-05T11:50:34.776368,1785927034.776369,41.569511,0.7454551458358765,0.1516605019569397,-0.6171485781669617,0.20105578005313873,0.23004589974880219,-0.6287614703178406,-0.521422803401947,0.5290130376815796,119.431878,-58.420992,-44.414356,32.652255
2026-08-05T11:50:34.793247,1785927034.793247,41.585877,0.7449880838394165,0.14766395092010498,-0.6218804717063904,0.1909264326095581,0.2333572804927826,-0.6276699900627136,-0.5247322916984558,0.5255751609802246,118.961013,-56.943461,-28.770928,90.280508
2026-08-05T11:50:34.809934,1785927034.809935,41.603077,0.744002640247345,0.1475064605474472,-0.624296247959137,0.18696600198745728,0.2358986735343933,-0.6268534064292908,-0.528842568397522,0.5212780237197876,118.584354,-56.540618,-21.899117,23.421385
2026-08-05T11:50:34.826727,1785927034.826728,41.619870,0.7427387237548828,0.1474851667881012,-0.6272270083427429,0.18213608860969543,0.23956960439682007,-0.6259398460388184,-0.5325521230697632,0.5169066786766052,118.165496,-55.970432,-24.942375,33.953783
2026-08-05T11:50:34.843410,1785927034.843411,41.636553,0.7410532236099243,0.14675016701221466,-0.6310358643531799,0.17634719610214233,0.24601519107818604,-0.6243256330490112,-0.5352861285209656,0.5129924416542053,117.477600,-54.877937,-41.233093,65.485147
2026-08-05T11:50:34.893943,1785927034.893944,41.687086,0.7383402585983276,0.14446337521076202,-0.6363074779510498,0.1705784797668457,0.25526532530784607,-0.6216692924499512,-0.5376430749893188,0.50922030210495,116.308684,-53.087237,-23.131832,35.436374
2026-08-05T11:50:34.909880,1785927034.909881,41.703023,0.7366610169410706,0.14180855453014374,-0.6402228474617004,0.16533471643924713,0.2648901343345642,-0.6184113621711731,-0.541179358959198,0.5045034289360046,114.996411,-51.574246,-82.340797,94.935230
2026-08-05T11:50:34.914931,1785927034.914932,41.708074,0.7353811860084534,0.14023487269878387,-0.6433537602424622,0.16013965010643005,0.2723836302757263,-0.615240752696991,-0.5470252633094788,0.4980441629886627,113.852882,-50.575578,-226.390541,197.711442
2026-08-05T11:50:34.926613,1785927034.926613,41.719756,0.7327551245689392,0.1407870203256607,-0.6476742029190063,0.154166117310524,0.2787155508995056,-0.6122079491615295,-0.5541062355041504,0.4903916120529175,112.919623,-49.659415,-79.891660,78.428197
2026-08-05T11:50:34.943142,1785927034.943142,41.735262,0.729316771030426,0.14244672656059265,-0.6528008580207825,0.1471632421016693,0.30103638768196106,-0.6037082076072693,-0.5637068748474121,0.4765988886356354,110.264906,-48.080313,-171.205468,101.837898
2026-08-05T11:50:34.960074,1785927034.960074,41.753217,0.7255600094795227,0.1420811414718628,-0.6586403846740723,0.13988712430000305,0.3296583592891693,-0.5913834571838379,-0.5732284188270569,0.4615178108215332,106.650075,-45.773443,-201.326526,128.480179
2026-08-05T11:50:34.976489,1785927034.976489,41.769632,0.7226171493530273,0.1397586166858673,-0.6638776063919067,0.13250888884067535,0.34020498394966125,-0.5858865976333618,-0.5805874466896057,0.45156827569007874,104.932076,-44.310099,-104.661056,89.147414
2026-08-05T11:50:34.993817,1785927034.993818,41.786960,0.7193407416343689,0.13867485523223877,-0.6691781282424927,0.12457500398159027,0.35245969891548157,-0.5798625946044922,-0.5872752070426941,0.44117769598960876,103.210180,-42.885023,-99.367881,82.238882
2026-08-05T11:50:35.009543,1785927035.009544,41.802686,0.7144452929496765,0.14083744585514069,-0.6752890348434448,0.11712218075990677,0.3687749207019806,-0.5720662474632263,-0.591667890548706,0.43205633759498596,101.448711,-41.237032,-112.011000,104.795003
2026-08-05T11:50:35.027705,1785927035.027706,41.820409,0.7087430953979492,0.14272183179855347,-0.6822015643119812,0.10915503650903702,0.3884934186935425,-0.5624945759773254,-0.5939684510231018,0.42411401867866516,99.434128,-39.103020,-113.671573,120.410252
2026-08-05T11:50:35.043660,1785927035.043660,41.836803,0.7068732976913452,0.1380312591791153,-0.6864979267120361,0.09999106824398041,0.40581193566322327,-0.5527483224868774,-0.598324179649353,0.41447877883911133,96.979501,-37.042254,-149.728047,125.703208
2026-08-05T11:50:35.060532,1785927035.060533,41.853675,0.7049122452735901,0.13531041145324707,-0.6902183294296265,0.09158919006586075,0.41708433628082275,-0.5451989769935608,-0.6062659621238708,0.40154534578323364,95.018624,-35.946789,-116.219638,64.927365
2026-08-05T11:50:35.065021,1785927035.065022,41.858164,0.6980910897254944,0.13869448006153107,-0.6973069310188293,0.08482816815376282,0.42698782682418823,-0.5389195084571838,-0.6139909625053406,0.38763460516929626,93.630311,-35.219686,-309.257331,161.967704
2026-08-05T11:50:35.093572,1785927035.093573,41.886193,0.691582977771759,0.14520004391670227,-0.7031110525131226,0.07915225625038147,0.44219478964805603,-0.530057966709137,-0.6181405186653137,0.37603580951690674,92.226378,-34.509456,-50.088219,25.338942
2026-08-05T11:50:35.110140,1785927035.110141,41.903283,0.6877145767211914,0.1486840546131134,-0.7068866491317749,0.07247918099164963,0.46039846539497375,-0.5192387104034424,-0.6197335720062256,0.36654192209243774,90.491277,-33.418743,-101.526815,63.821407
2026-08-05T11:50:35.127289,1785927035.127289,41.920431,0.6868115067481995,0.14543528854846954,-0.7093221545219421,0.06325272470712662,0.47612306475639343,-0.5088889598846436,-0.6222178339958191,0.3566262722015381,88.400543,-31.937989,-121.922759,86.351322
2026-08-05T11:50:35.160824,1785927035.160824,41.953967,0.6843553185462952,0.14572805166244507,-0.7122671604156494,0.05564907193183899,0.48793599009513855,-0.500316858291626,-0.6264755725860596,0.3451497554779053,86.822940,-31.156045,-47.043135,23.317083
2026-08-05T11:50:35.177150,1785927035.177151,41.970293,0.6802959442138672,0.15352915227413177,-0.714728593826294,0.05281519144773483,0.4994589686393738,-0.4916561245918274,-0.63067227602005,0.33326542377471924,85.780642,-31.447428,-63.840198,-17.847101
2026-08-05T11:50:35.193857,1785927035.193857,41.987000,0.6776480674743652,0.1608348786830902,-0.7158190608024597,0.05028403177857399,0.5128928422927856,-0.481341689825058,-0.6336841583251953,0.322015643119812,84.547353,-31.692998,-73.821048,-14.699071
2026-08-05T11:50:35.209849,1785927035.209850,42.002992,0.6771189570426941,0.16495956480503082,-0.7156274914741516,0.04664590582251549,0.5266626477241516,-0.47037380933761597,-0.6365101337432861,0.31020647287368774,82.993180,-31.760182,-97.183437,-4.201043
2026-08-05T11:50:35.214117,1785927035.215457,42.007260,0.67802894115448,0.1653575599193573,-0.7149086594581604,0.04288613796234131,0.5384224057197571,-0.460384339094162,-0.6404816508293152,0.2965284585952759,81.152423,-31.842175,-431.323704,-19.212548
2026-08-05T11:50:35.226602,1785927035.226603,42.019745,0.6779327392578125,0.1643979251384735,-0.7154588103294373,0.03872254118323326,0.5500209927558899,-0.4504423439502716,-0.6441320180892944,0.28226059675216675,79.183374,-31.700373,-157.703819,11.357060
2026-08-05T11:50:35.242649,1785927035.242649,42.035791,0.6741487979888916,0.16574473679065704,-0.7188581824302673,0.035990115255117416,0.5632750988006592,-0.43842270970344543,-0.6469972729682922,0.268140971660614,77.145848,-31.358430,-126.979902,21.310152
2026-08-05T11:50:35.259524,1785927035.259524,42.052666,0.6726016402244568,0.16765351593494415,-0.7198789119720459,0.03568994626402855,0.5772557258605957,-0.42455536127090454,-0.6491996645927429,0.25508156418800354,74.965872,-31.242728,-129.183568,6.856369
2026-08-05T11:50:35.276306,1785927035.276307,42.069449,0.6729789972305298,0.16835105419158936,-0.7193202972412109,0.03654611110687256,0.5911695957183838,-0.40975162386894226,-0.651348352432251,0.24159041047096252,72.543429,-31.226500,-144.343205,0.966993
2026-08-05T11:50:35.294372,1785927035.294372,42.087000,0.6745295524597168,0.1679108887910843,-0.7179770469665527,0.03639744594693184,0.6036311984062195,-0.3953816294670105,-0.6542034149169922,0.22653712332248688,70.084822,-31.280894,-140.082110,-3.099189
2026-08-05T11:50:35.309935,1785927035.309936,42.103078,0.6754469871520996,0.1683243215084076,-0.716948390007019,0.03772992268204689,0.6159038543701172,-0.380854070186615,-0.6567876935005188,0.21033567190170288,67.653898,-31.578078,-151.197975,-18.484175
2026-08-05T11:50:35.326532,1785927035.326532,42.119674,0.6778974533081055,0.17005644738674164,-0.7140899300575256,0.04014362394809723,0.6302123069763184,-0.36396944522857666,-0.6573282480239868,0.19564437866210938,65.174996,-31.872105,-149.362392,-17.716135
2026-08-05T11:50:35.343556,1785927035.343557,42.136699,0.6820013523101807,0.1728922575712204,-0.7093409299850464,0.04263797402381897,0.6445269584655762,-0.3454761803150177,-0.6575127243995667,0.18140235543251038,62.706866,-32.190224,-144.975057,-18.685917
2026-08-05T11:50:35.348942,1785927035.348942,42.142085,0.6838111877441406,0.1760583370923996,-0.7067159414291382,0.044252410531044006,0.6563166379928589,-0.3289368748664856,-0.6582291722297668,0.16667842864990234,60.589386,-32.517662,-393.171713,-60.798398
2026-08-05T11:50:35.359675,1785927035.359675,42.152818,0.6842163801193237,0.1803073137998581,-0.7051524519920349,0.04579693824052811,0.6657834649085999,-0.3147033751010895,-0.659599781036377,0.15040209889411926,58.895687,-33.190867,-157.801077,-62.722142
2026-08-05T11:50:35.375331,1785927035.375331,42.168474,0.6855452060699463,0.18535517156124115,-0.7025160193443298,0.04628825932741165,0.6737018823623657,-0.30157285928726196,-0.6613575220108032,0.13335776329040527,57.496185,-34.059289,-89.390790,-55.469010
2026-08-05T11:50:35.393799,1785927035.393799,42.186217,0.6860187649726868,0.19051262736320496,-0.700633704662323,0.046859029680490494,0.6825700998306274,-0.2866000831127167,-0.6619283556938171,0.11750723421573639,56.004031,-34.639843,-84.098791,-32.720378
2026-08-05T11:50:35.426365,1785927035.426366,42.219508,0.686974287033081,0.1954803615808487,-0.6982019543647766,0.048663243651390076,0.6923561096191406,-0.2690374553203583,-0.6615753173828125,0.10285163670778275,54.264034,-34.993497,-52.265747,-10.623018
2026-08-05T11:50:35.443190,1785927035.443191,42.236333,0.6889021396636963,0.19959427416324615,-0.6949703693389893,0.05091441795229912,0.7015231251716614,-0.2503354251384735,-0.6613237261772156,0.08858231455087662,52.356364,-35.189003,-113.383360,-11.619985
2026-08-05T11:50:35.459795,1785927035.459795,42.252938,0.6908219456672668,0.20307888090610504,-0.6919134259223938,0.05272621288895607,0.7095258235931396,-0.23130029439926147,-0.6615336537361145,0.07379112392663956,50.407532,-35.278359,-117.364835,-5.381304
2026-08-05T11:50:35.476348,1785927035.476348,42.269491,0.692747175693512,0.20490503311157227,-0.6893964409828186,0.053366612643003464,0.7166147232055664,-0.21252597868442535,-0.6617523431777954,0.0581233873963356,48.378399,-35.193643,-122.584581,5.117857
2026-08-05T11:50:35.493232,1785927035.494237,42.286375,0.6940988898277283,0.20689596235752106,-0.6873564720153809,0.05442339926958084,0.7230873107910156,-0.19484691321849823,-0.6613947749137878,0.0416514128446579,46.595319,-35.297415,-105.604136,-6.145959
2026-08-05T11:50:35.509624,1785927035.509624,42.302767,0.6941618323326111,0.2093118131160736,-0.6864628195762634,0.055649660527706146,0.7289230823516846,-0.1786441057920456,-0.6603972315788269,0.025127211585640907,45.162669,-35.558566,-87.403160,-15.932293
2026-08-05T11:50:35.514167,1785927035.514167,42.307309,0.6937903165817261,0.2126704454421997,-0.685669481754303,0.05730500817298889,0.7339438796043396,-0.16316616535186768,-0.6592510938644409,0.009458614513278008,44.033712,-35.928424,-248.514265,-81.415910
2026-08-05T11:50:35.526024,1785927035.526024,42.319167,0.6934173703193665,0.2182849794626236,-0.6840187907218933,0.060353077948093414,0.7380782961845398,-0.1481175273656845,-0.6582358479499817,-0.005063690710812807,43.315430,-36.559732,-60.577363,-53.242209
2026-08-05T11:50:35.542949,1785927035.542949,42.336092,0.6933292150497437,0.22602710127830505,-0.6812039017677307,0.0645594447851181,0.7419107556343079,-0.13321948051452637,-0.6568737030029297,-0.01834113523364067,42.955886,-37.397993,-21.243217,-49.527720
2026-08-05T11:50:35.576592,1785927035.576593,42.369735,0.6953048706054688,0.2308114767074585,-0.677441418170929,0.06595802307128906,0.7457313537597656,-0.11920063197612762,-0.6547703146934509,-0.030822522938251495,42.333321,-37.777388,-18.504765,-11.276923
2026-08-05T11:50:35.593418,1785927035.593419,42.386561,0.6970358490943909,0.2306055873632431,-0.676034152507782,0.0627691000699997,0.748741626739502,-0.10823827981948853,-0.6525439620018005,-0.04307186231017113,41.421216,-37.573542,-54.209173,12.115155
2026-08-05T11:50:35.609831,1785927035.609832,42.402974,0.6961777806282043,0.23091113567352295,-0.6772319674491882,0.0580822117626667,0.7504674196243286,-0.10194878280162811,-0.6506542563438416,-0.05525018274784088,41.104280,-37.678289,-19.310041,-6.381917
2026-08-05T11:50:35.626515,1785927035.626515,42.419658,0.6961115002632141,0.23347073793411255,-0.6767084002494812,0.05464423820376396,0.7510846257209778,-0.09900890290737152,-0.6493172645568848,-0.06674287468194962,41.389953,-38.307967,17.122726,-37.741889
2026-08-05T11:50:35.643544,1785927035.643545,42.436687,0.6953787803649902,0.23581284284591675,-0.6769701838493347,0.05051901564002037,0.7520003318786621,-0.09540688246488571,-0.6477577686309814,-0.07616595178842545,41.513820,-38.654236,7.273772,-20.333732
2026-08-05T11:50:35.659506,1785927035.659507,42.452649,0.6962242126464844,0.23707315325737,-0.6759705543518066,0.04617584869265556,0.7540662288665771,-0.0890924409031868,-0.6454290747642517,-0.08286469429731369,41.107581,-38.459535,-25.449788,12.197499
2026-08-05T11:50:35.663696,1785927035.663696,42.456839,0.698034942150116,0.2366492748260498,-0.6745107769966125,0.04218805208802223,0.7564386129379272,-0.08151140809059143,-0.6429153084754944,-0.08840008825063705,40.346019,-37.940380,-181.789512,123.925446
2026-08-05T11:50:35.676039,1785927035.676040,42.469182,0.6995911598205566,0.23569676280021667,-0.6733931303024292,0.0395108237862587,0.7581036686897278,-0.0753757432103157,-0.6408605575561523,-0.09430462121963501,39.754712,-37.610273,-47.904643,26.743591
2026-08-05T11:50:35.692837,1785927035.692837,42.485980,0.7012478113174438,0.23423218727111816,-0.6723313331604004,0.03684199973940849,0.7591315507888794,-0.07122622430324554,-0.6392035484313965,-0.10031547397375107,39.315981,-37.400171,-26.118442,12.507775
2026-08-05T11:50:35.709753,1785927035.709754,42.502896,0.7028036117553711,0.23294082283973694,-0.6712754368782043,0.03456692025065422,0.7599741220474243,-0.06840686500072479,-0.6376418471336365,-0.10569235682487488,39.028461,-37.297154,-16.996641,6.089780
2026-08-05T11:50:35.726082,1785927035.726082,42.519224,0.7033515572547913,0.23280328512191772,-0.6707974076271057,0.03361900523304939,0.7605319023132324,-0.06709586083889008,-0.6363213658332825,-0.11037444323301315,39.071150,-37.474346,2.614431,-10.851799
2026-08-05T11:50:35.759770,1785927035.759770,42.552912,0.7035387754440308,0.23367010056972504,-0.6702989339828491,0.033630624413490295,0.7607144713401794,-0.06655506789684296,-0.6354700326919556,-0.11427926272153854,39.303990,-37.812972,6.911644,-10.051811
2026-08-05T11:50:35.777624,1785927035.777624,42.570121,0.7040410041809082,0.2338538020849228,-0.6697373390197754,0.033027101308107376,0.7608304023742676,-0.0655360296368599,-0.6349884867668152,-0.11674707382917404,39.304754,-37.886222,0.044402,-4.256559
2026-08-05T11:50:35.794557,1785927035.794557,42.586701,0.704571545124054,0.23280219733715057,-0.6695765852928162,0.03239428624510765,0.7610193490982056,-0.06409862637519836,-0.634752094745636,-0.11759676039218903,39.056532,-37.685667,-14.971733,12.096666
2026-08-05T11:50:35.842328,1785927035.842329,42.635471,0.7050709128379822,0.23087374866008759,-0.6697694659233093,0.031327612698078156,0.7607687711715698,-0.06412111967802048,-0.634986162185669,-0.1179414838552475,38.810480,-37.452853,-5.045095,4.773665
2026-08-05T11:50:35.859563,1785927035.859563,42.652706,0.7050629258155823,0.22914449870586395,-0.6704268455505371,0.0301180649548769,0.7599218487739563,-0.06624680012464523,-0.6357366442680359,-0.11818250268697739,38.784025,-37.393603,-1.535028,3.437880
2026-08-05T11:50:35.876437,1785927035.876437,42.669579,0.7042201161384583,0.22839675843715668,-0.6715801954269409,0.029818939045071602,0.758794367313385,-0.06932838261127472,-0.6368207335472107,-0.11782290786504745,38.984209,-37.526860,11.863741,-7.897364
2026-08-05T11:50:35.893397,1785927035.893398,42.686540,0.7028840780258179,0.22892433404922485,-0.6727471947669983,0.030964922159910202,0.7576940059661865,-0.07200318574905396,-0.6381199955940247,-0.11626045405864716,39.293980,-37.755771,18.263867,-13.496403
2026-08-05T11:50:35.911256,1785927035.911256,42.704399,0.7017915844917297,0.2296755462884903,-0.6735150218009949,0.033396609127521515,0.7555647492408752,-0.07709179818630219,-0.6411395072937012,-0.11007728427648544,39.666308,-37.922040,20.848776,-9.310381
2026-08-05T11:50:35.926195,1785927035.926195,42.719337,0.7006998062133789,0.23010127246379852,-0.674366295337677,0.03610268235206604,0.7538995742797852,-0.08208017796278,-0.6430537700653076,-0.10666877031326294,40.173357,-38.300061,33.942251,-25.304965
2026-08-05T11:50:35.942535,1785927035.942535,42.735677,0.6996190547943115,0.22929126024246216,-0.6756645441055298,0.03789681941270828,0.7516071796417236,-0.08922640234231949,-0.6453295350074768,-0.10331128537654877,40.730957,-38.677992,34.124291,-23.128841
2026-08-05T11:50:35.959736,1785927035.959737,42.752879,0.6983115673065186,0.22793352603912354,-0.6773953437805176,0.039279352873563766,0.7489491701126099,-0.09667034447193146,-0.6479529738426208,-0.09942540526390076,41.225538,-38.953223,28.752312,-16.000480
2026-08-05T11:50:35.964517,1785927035.964518,42.757660,0.6961979269981384,0.2273399829864502,-0.6796542406082153,0.041172660887241364,0.7465776205062866,-0.10266250371932983,-0.6505628228187561,-0.09406702220439911,41.636658,-39.100210,85.990291,-30.743989
2026-08-05T11:50:35.975704,1785927035.975704,42.768847,0.6933984756469727,0.2272546887397766,-0.6824628114700317,0.04240941256284714,0.7440034747123718,-0.10821311175823212,-0.6535427570343018,-0.08734302967786789,41.989213,-39.090276,31.515160,0.887975
2026-08-05T11:50:35.991660,1785927035.991661,42.784803,0.6921966075897217,0.22543717920780182,-0.6837990283966064,0.049610089510679245,0.7405934929847717,-0.11658359318971634,-0.6568682193756104,-0.08032476156949997,42.649081,-39.577798,41.354478,-30.553370
2026-08-05T11:50:36.009780,1785927036.009780,42.801911,0.6915278434753418,0.22549578547477722,-0.6842007040977478,0.053013112396001816,0.7358875870704651,-0.12943507730960846,-0.6605121493339539,-0.07374342530965805,43.837572,-40.355021,69.470997,-45.431082
2026-08-05T11:50:36.025702,1785927036.025702,42.818844,0.6901885867118835,0.22517898678779602,-0.6855185031890869,0.05475989356637001,0.729495644569397,-0.14634042978286743,-0.6647159457206726,-0.06761456280946732,45.408353,-41.338376,92.762063,-58.071780
2026-08-05T11:50:36.042573,1785927036.042573,42.835716,0.6873313188552856,0.22328531742095947,-0.6891030669212341,0.05344705283641815,0.7218899130821228,-0.16490164399147034,-0.6692853569984436,-0.06113896518945694,46.931897,-42.034271,90.303062,-41.246878
2026-08-05T11:50:36.059234,1785927036.059234,42.852377,0.6851053237915039,0.22050480544567108,-0.6923714876174927,0.05128708854317665,0.714313805103302,-0.18212439119815826,-0.6736199259757996,-0.053113628178834915,48.183581,-42.347496,75.126906,-18.799986
2026-08-05T11:50:36.076955,1785927036.076955,42.869562,0.6832141876220703,0.21703144907951355,-0.6954310536384583,0.04991494491696358,0.707309365272522,-0.19734559953212738,-0.6774011254310608,-0.04352118447422981,49.174761,-42.368385,57.674761,-1.215494
2026-08-05T11:50:36.093097,1785927036.093097,42.886240,0.6818587779998779,0.21184678375720978,-0.6985122561454773,0.04764869064092636,0.7000332474708557,-0.212392196059227,-0.6809805035591125,-0.03326936066150665,49.970142,-42.095523,47.692889,16.361441
2026-08-05T11:50:36.109313,1785927036.109313,42.902456,0.680294394493103,0.2068103849887848,-0.7017124891281128,0.04504009336233139,0.690988302230835,-0.22982583940029144,-0.6849585175514221,-0.023354919627308846,51.118964,-42.021456,70.844783,4.567497
2026-08-05T11:50:36.113799,1785927036.113799,42.906942,0.6773473620414734,0.20212297141551971,-0.7061558961868286,0.041119929403066635,0.6798560619354248,-0.24954484403133392,-0.689450740814209,-0.013384186662733555,52.630108,-42.017895,336.851346,0.793816
2026-08-05T11:50:36.126181,1785927036.126181,42.919324,0.6733316779136658,0.19931088387966156,-0.7109739184379578,0.03762716054916382,0.6679242849349976,-0.26941266655921936,-0.6937491297721863,-0.0021674451418220997,54.455653,-42.094768,147.435065,-6.208418
2026-08-05T11:50:36.142693,1785927036.142693,42.935835,0.6693910360336304,0.19869005680084229,-0.7149271965026855,0.036293741315603256,0.656825065612793,-0.2873576283454895,-0.6970522999763489,0.011084919795393944,56.395432,-42.218019,117.479183,-7.464480
2026-08-05T11:50:36.159287,1785927036.159288,42.952430,0.6653777360916138,0.19847023487091064,-0.7187512516975403,0.03575964272022247,0.6471650004386902,-0.30265486240386963,-0.6991994976997375,0.0263834185898304,58.137868,-42.040233,104.999908,10.713465
2026-08-05T11:50:36.175923,1785927036.175924,42.969066,0.6622592210769653,0.19730958342552185,-0.7219876050949097,0.03486763313412666,0.638133704662323,-0.3164622187614441,-0.7005630731582642,0.042976513504981995,59.669061,-41.527168,92.038876,30.839965
2026-08-05T11:50:36.208945,1785927036.208946,43.002088,0.6609828472137451,0.19647210836410522,-0.7233757376670837,0.03504394367337227,0.6285174489021301,-0.3303024470806122,-0.7016352415084839,0.059769876301288605,61.325240,-41.181356,50.154649,10.472337
2026-08-05T11:50:36.225701,1785927036.225702,43.018844,0.6599342823028564,0.19582504034042358,-0.7245180606842041,0.03482981398701668,0.6184937357902527,-0.3442424535751343,-0.7021924257278442,0.07672517746686935,63.101296,-40.828408,105.994811,21.063916
2026-08-05T11:50:36.243161,1785927036.243162,43.036304,0.6592177748680115,0.19468355178833008,-0.7255294919013977,0.033725555986166,0.6090855002403259,-0.3576103448867798,-0.7016608715057373,0.09380917251110077,64.840366,-40.321318,99.601137,29.042372
2026-08-05T11:50:36.247604,1785927036.247604,43.040747,0.6592683792114258,0.19448068737983704,-0.7255561351776123,0.033333200961351395,0.6003803610801697,-0.37057170271873474,-0.6999495625495911,0.1108568012714386,66.707675,-39.993505,420.332832,73.791038
2026-08-05T11:50:36.259298,1785927036.259298,43.052441,0.65848308801651,0.1952929049730301,-0.7260559797286987,0.03321562334895134,0.5907559990882874,-0.38432466983795166,-0.6980206370353699,0.12675794959068298,68.831120,-39.918157,181.584887,6.443258
2026-08-05T11:50:36.263507,1785927036.263508,43.056650,0.6569336652755737,0.19471046328544617,-0.7276333570480347,0.032798413187265396,0.5790123343467712,-0.3996446430683136,-0.696463406085968,0.14130133390426636,71.030136,-39.881747,522.420839,8.650087
2026-08-05T11:50:36.292352,1785927036.292353,43.085495,0.6550743579864502,0.19188813865184784,-0.7301291227340698,0.03111494518816471,0.5669182538986206,-0.41518324613571167,-0.694190502166748,0.15596264600753784,73.086622,-39.504456,71.294195,13.079918
2026-08-05T11:50:36.309467,1785927036.309468,43.102610,0.6538936495780945,0.18837812542915344,-0.7321650385856628,0.029517291113734245,0.5554428100585938,-0.4300232529640198,-0.6907564401626587,0.17151503264904022,75.065652,-38.976537,115.630546,30.845180
2026-08-05T11:50:36.326200,1785927036.326200,43.118116,0.6557031869888306,0.18701191246509552,-0.7308579683303833,0.03043937124311924,0.5446118116378784,-0.44412848353385925,-0.6861685514450073,0.1879335641860962,77.247957,-38.992302,140.743457,-1.016724
2026-08-05T11:50:36.359365,1785927036.359366,43.152508,0.6578673124313354,0.18557260930538177,-0.7292650938034058,0.030755475163459778,0.5331748723983765,-0.45810046792030334,-0.6813317537307739,0.20409265160560608,79.490203,-39.019692,65.196046,-0.796410
2026-08-05T11:50:36.376533,1785927036.376534,43.169676,0.6578916311264038,0.1844932734966278,-0.7294957637786865,0.03125487267971039,0.5203580856323242,-0.4724222421646118,-0.6766067147254944,0.219650536775589,81.839456,-39.018411,136.838723,0.074615
2026-08-05T11:50:36.393818,1785927036.393818,43.186960,0.6601693630218506,0.18236815929412842,-0.7278465628623962,0.03402548283338547,0.5069267153739929,-0.48638659715652466,-0.6717079281806946,0.23507533967494965,84.049551,-39.307088,127.866476,-16.701577
2026-08-05T11:50:36.411493,1785927036.411494,43.204636,0.662719190120697,0.18000979721546173,-0.725989580154419,0.03659145534038544,0.4950929880142212,-0.4989987313747406,-0.665597677230835,0.2507215440273285,86.114013,-39.473983,116.798599,-9.442231
2026-08-05T11:50:36.414722,1785927036.414723,43.207865,0.6646080613136292,0.17794112861156464,-0.7245975732803345,0.03989410772919655,0.48440486192703247,-0.5103745460510254,-0.6588559746742249,0.26603978872299194,88.032612,-39.600051,594.107678,-39.037787
2026-08-05T11:50:36.426212,1785927036.426213,43.219355,0.6669530868530273,0.17629031836986542,-0.7225518822669983,0.04488063603639603,0.47375398874282837,-0.5212644338607788,-0.6519604921340942,0.2806890606880188,89.895530,-40.003575,162.139087,-35.120758
2026-08-05T11:50:36.442547,1785927036.442548,43.235690,0.6698226928710938,0.17115481197834015,-0.7209082245826721,0.048323798924684525,0.4632810950279236,-0.5314608216285706,-0.64485102891922,0.2951028347015381,91.387486,-39.922657,91.332170,4.953521
2026-08-05T11:50:36.459506,1785927036.459506,43.252648,0.6727272868156433,0.16601616144180298,-0.719095766544342,0.05270551145076752,0.45241478085517883,-0.5411147475242615,-0.6382508873939514,0.3084636628627777,92.780968,-39.986899,82.172558,-3.788301
2026-08-05T11:50:36.475816,1785927036.475816,43.268959,0.6751462817192078,0.16390860080718994,-0.7167548537254333,0.059782758355140686,0.44019073247909546,-0.5508398413658142,-0.6324279308319092,0.32068827748298645,94.410561,-40.702958,99.912456,-43.902509
2026-08-05T11:50:36.492723,1785927036.492724,43.285866,0.6783438920974731,0.16036488115787506,-0.7140048146247864,0.06580177694559097,0.42787694931030273,-0.5600658655166626,-0.6270467042922974,0.33175039291381836,95.869347,-41.364062,86.280631,-39.101329
2026-08-05T11:50:36.509469,1785927036.509469,43.302612,0.6810773611068726,0.15256093442440033,-0.7126485109329224,0.07064709812402725,0.41717687249183655,-0.5683355331420898,-0.6209366917610168,0.3426283299922943,96.767277,-41.318728,53.621926,2.707212
2026-08-05T11:50:36.526238,1785927036.526238,43.319380,0.6835180521011353,0.14645645022392273,-0.7109081745147705,0.07722199708223343,0.4069749414920807,-0.5758140087127686,-0.6151048541069031,0.35278040170669556,97.648792,-41.569239,52.569126,-14.939207
2026-08-05T11:50:36.543092,1785927036.543092,43.336235,0.6872818470001221,0.1430300772190094,-0.7070599794387817,0.08516111224889755,0.39632338285446167,-0.5828176736831665,-0.6099109649658203,0.36229589581489563,98.747344,-42.471597,65.178439,-53.537991
2026-08-05T11:50:36.559244,1785927036.559245,43.352387,0.6917492151260376,0.1409561187028885,-0.7022194862365723,0.09220854192972183,0.38606464862823486,-0.5889981389045715,-0.605277419090271,0.37104296684265137,99.925065,-43.572124,72.914247,-68.135073
2026-08-05T11:50:36.563195,1785927036.563196,43.356338,0.6977643966674805,0.13836082816123962,-0.6959487795829773,0.09816673398017883,0.37754103541374207,-0.5940554738044739,-0.6004342436790466,0.3795231878757477,100.956784,-44.687493,261.123773,-282.295193
2026-08-05T11:50:36.575795,1785927036.575795,43.368937,0.7029427886009216,0.13574068248271942,-0.6905545592308044,0.10286106169223785,0.3709782063961029,-0.5980321764945984,-0.5954278707504272,0.38755208253860474,101.805417,-45.486247,67.354644,-63.395871
2026-08-05T11:50:36.592316,1785927036.592316,43.385458,0.706473708152771,0.1339365541934967,-0.6866313815116882,0.10720695555210114,0.36462968587875366,-0.601607084274292,-0.5910035371780396,0.39474961161613464,102.614180,-46.125826,48.953676,-38.713116
2026-08-05T11:50:36.608583,1785927036.608584,43.401726,0.7090308666229248,0.13446958363056183,-0.6831751465797424,0.11164650321006775,0.3566229045391083,-0.6053507328033447,-0.5882616639137268,0.4003963768482208,103.653060,-47.088946,63.862173,-59.205041
2026-08-05T11:50:36.658995,1785927036.658995,43.452138,0.7127265334129333,0.13424286246299744,-0.6786960959434509,0.11563532054424286,0.347997784614563,-0.6090268492698669,-0.5861271023750305,0.4055086672306061,104.681597,-48.207608,20.402756,-22.190520
2026-08-05T11:50:36.674909,1785927036.674909,43.468051,0.717829167842865,0.1319466382265091,-0.6733428835868835,0.11798663437366486,0.3404523730278015,-0.6121658086776733,-0.5836800932884216,0.4106837511062622,105.529952,-49.146403,53.309629,-58.992781
2026-08-05T11:50:36.691744,1785927036.691744,43.484887,0.7223834991455078,0.12773476541042328,-0.6688964366912842,0.12009857594966888,0.3341951072216034,-0.6149656772613525,-0.5801311135292053,0.4166260063648224,106.124245,-49.638576,35.300608,-29.234764
2026-08-05T11:50:36.708967,1785927036.708967,43.502110,0.7261903882026672,0.12559036910533905,-0.6645894050598145,0.12327052652835846,0.3289116621017456,-0.6174923777580261,-0.5757592916488647,0.4231071472167969,106.817527,-50.242937,40.253504,-35.090568
2026-08-05T11:50:36.723489,1785927036.723489,43.516631,0.7296038269996643,0.12665332853794098,-0.6599577069282532,0.1268594115972519,0.32310131192207336,-0.6199138760566711,-0.5714524388313293,0.42982882261276245,107.844228,-51.183017,70.700491,-64.735602
2026-08-05T11:50:36.741421,1785927036.741422,43.534564,0.7330072522163391,0.12830780446529388,-0.6550639271736145,0.13087762892246246,0.31596654653549194,-0.6221092939376831,-0.5681291818618774,0.43631741404533386,108.951174,-52.269645,61.727135,-60.594156
2026-08-05T11:50:36.759349,1785927036.759349,43.551466,0.7361806631088257,0.12923689186573029,-0.6506305932998657,0.13422343134880066,0.30815568566322327,-0.6240586638450623,-0.5654546022415161,0.44254985451698303,110.009313,-53.202178,62.606250,-55.174562
2026-08-05T11:50:36.772972,1785927036.772972,43.564859,0.7389069199562073,0.1289871335029602,-0.6469642519950867,0.13717235624790192,0.300925076007843,-0.6259199380874634,-0.562500536441803,0.44861990213394165,110.906786,-53.886180,67.011012,-51.071929
2026-08-05T11:50:36.775622,1785927036.775623,43.568765,0.7406916618347168,0.12700693309307098,-0.6446129083633423,0.140425905585289,0.2946273982524872,-0.6277309656143188,-0.5589810609817505,0.45462843775749207,111.518659,-54.180332,156.629794,-75.298209
2026-08-05T11:50:36.792380,1785927036.792380,43.585523,0.7431009411811829,0.12606917321681976,-0.6412108540534973,0.14407040178775787,0.2886965870857239,-0.6296526789665222,-0.5550551414489746,0.4605475962162018,112.246264,-54.802667,43.419708,-37.137737
2026-08-05T11:50:36.809956,1785927036.809956,43.602091,0.7448669075965881,0.1271975189447403,-0.6379802823066711,0.14824074506759644,0.28245899081230164,-0.6314474940299988,-0.5517309308052063,0.46592092514038086,113.109740,-55.637593,52.116481,-50.393348
2026-08-05T11:50:36.826208,1785927036.826208,43.619351,0.7458149194717407,0.1287933737039566,-0.6357480883598328,0.15164752304553986,0.2760789394378662,-0.6329895257949829,-0.5489645004272461,0.47089412808418274,113.979056,-56.304276,50.366457,-38.626253
2026-08-05T11:50:36.842886,1785927036.842887,43.636029,0.7468645572662354,0.1294238418340683,-0.6337156891822815,0.1544255018234253,0.2708856463432312,-0.6341260671615601,-0.5461978316307068,0.4755748510360718,114.657322,-56.759585,40.666903,-27.299012
2026-08-05T11:50:36.851764,1785927036.851764,43.644907,0.74725741147995,0.12946628034114838,-0.6324242949485779,0.1577480584383011,0.2668095827102661,-0.6349561810493469,-0.5437012314796448,0.4796150326728821,115.084349,-57.012147,48.103313,-28.450460
2026-08-05T11:50:36.874872,1785927036.874873,43.668015,0.7469630837440491,0.13000348210334778,-0.6318044066429138,0.16114796698093414,0.2624000906944275,-0.6358505487442017,-0.5419009923934937,0.4828890562057495,115.511068,-57.268406,18.465742,-11.089242
2026-08-05T11:50:36.892409,1785927036.892410,43.685552,0.7471736669540405,0.12942466139793396,-0.6311104893684387,0.16334141790866852,0.25749239325523376,-0.6368005871772766,-0.5406728386878967,0.4856480062007904,115.918138,-57.481315,23.212504,-12.140837
2026-08-05T11:50:36.909362,1785927036.909362,43.702504,0.7477006912231445,0.12897950410842896,-0.6300148367881775,0.16549775004386902,0.252963125705719,-0.6374770998954773,-0.5391053557395935,0.48887255787849426,116.330484,-57.685597,24.323973,-12.050438
2026-08-05T11:50:36.926077,1785927036.926078,43.719220,0.7475795745849609,0.1290055811405182,-0.6294437050819397,0.16817612946033478,0.2501603960990906,-0.6379743814468384,-0.5360936522483826,0.4929608702659607,116.655713,-57.670851,19.456096,0.882157
2026-08-05T11:50:36.943221,1785927036.943222,43.736364,0.7482542395591736,0.1301898956298828,-0.6275282502174377,0.17139039933681488,0.2487088292837143,-0.6382829546928406,-0.5323349237442017,0.49734970927238464,117.027225,-57.932882,21.669855,-15.283946
2026-08-05T11:50:36.992771,1785927036.992772,43.785914,0.748264491558075,0.13221687078475952,-0.6262072324752808,0.174594908952713,0.24520714581012726,-0.63872891664505,-0.529704749584198,0.5013083219528198,117.568739,-58.277589,10.928724,-6.956800
2026-08-05T11:50:36.997023,1785927036.997024,43.790166,0.7476029992103577,0.13268785178661346,-0.6261603832244873,0.17722046375274658,0.23842671513557434,-0.6395899653434753,-0.528556764125824,0.5046817064285278,118.167543,-58.452833,140.822480,-41.212535
2026-08-05T11:50:37.008738,1785927037.008738,43.801881,0.7477968335151672,0.1332581341266632,-0.6249999403953552,0.1800483614206314,0.22990180552005768,-0.6406477093696594,-0.5273881554603577,0.5085034370422363,118.975645,-58.931006,68.983290,-40.819053
2026-08-05T11:50:37.025964,1785927037.025964,43.819107,0.7480604648590088,0.1355799436569214,-0.623035728931427,0.18398432433605194,0.2238030880689621,-0.6416510343551636,-0.5238465070724487,0.5135945677757263,119.828966,-59.537378,49.536130,-35.200525
2026-08-05T11:50:37.042267,1785927037.042267,43.835410,0.7476373314857483,0.13994556665420532,-0.6212405562400818,0.18845131993293762,0.22169341146945953,-0.6422327160835266,-0.5180021524429321,0.5196742415428162,120.580526,-59.968685,46.100041,-26.455964
2026-08-05T11:50:37.059389,1785927037.059389,43.852531,0.7472777962684631,0.14459648728370667,-0.6194676756858826,0.19216614961624146,0.22095882892608643,-0.6422408223152161,-0.5124226808547974,0.5254762768745422,121.232029,-60.271873,38.051087,-17.707737
2026-08-05T11:50:37.075802,1785927037.075803,43.868945,0.7473515868186951,0.14743675291538239,-0.6177659630775452,0.19517557322978973,0.21868862211704254,-0.6421892642974854,-0.5091701149940491,0.5296341180801392,121.755462,-60.596818,31.890015,-19.797201
2026-08-05T11:50:37.092809,1785927037.092809,43.885951,0.7479082942008972,0.14774583280086517,-0.6163192391395569,0.19737060368061066,0.21475660800933838,-0.6425065994262695,-0.5080299973487854,0.531947910785675,122.133480,-60.949291,22.228307,-20.726210
2026-08-05T11:50:37.109201,1785927037.109201,43.902343,0.7488436698913574,0.1478247344493866,-0.6144704818725586,0.19951774179935455,0.21165798604488373,-0.6430997252464294,-0.5072424411773682,0.5332232117652893,122.432379,-61.492547,18.234446,-33.141550
2026-08-05T11:50:37.114064,1785927037.114064,43.907207,0.748964250087738,0.1486850529909134,-0.613621175289154,0.20103293657302856,0.21163903176784515,-0.6437225937843323,-0.5055575370788574,0.5340787768363953,122.578667,-61.799846,30.080226,-63.187875
2026-08-05T11:50:37.125677,1785927037.125678,43.918820,0.7488856315612793,0.1491520255804062,-0.6134948134422302,0.20136594772338867,0.214402973651886,-0.6440675258636475,-0.5038289427757263,0.5341938138008118,122.477016,-61.812198,-8.752707,-1.063546
2026-08-05T11:50:37.142407,1785927037.142407,43.935550,0.748796820640564,0.14931844174861908,-0.6139897704124451,0.20005999505519867,0.21800021827220917,-0.6438109278678894,-0.5039709210395813,0.5329118967056274,122.216970,-61.642055,-15.544103,10.170177
2026-08-05T11:50:37.147439,1785927037.147440,43.940582,0.7485551834106445,0.1487637311220169,-0.6153668761253357,0.19712507724761963,0.2226061224937439,-0.6428942680358887,-0.5060998201370239,0.5300893187522888,121.722665,-61.192453,-98.221870,89.338947
2026-08-05T11:50:37.175348,1785927037.175348,43.967685,0.7482101321220398,0.14717905223369598,-0.6176559925079346,0.1924087107181549,0.22881989181041718,-0.641292929649353,-0.5094812512397766,0.526129424571991,120.958747,-60.362037,-28.186012,30.639622
2026-08-05T11:50:37.191107,1785927037.191108,43.984250,0.7479551434516907,0.14461404085159302,-0.6203287243843079,0.1866609901189804,0.23582981526851654,-0.6393756866455078,-0.5135244727134705,0.5214153528213501,120.025181,-59.339177,-56.357492,61.747935
2026-08-05T11:50:37.208612,1785927037.208612,44.001755,0.7476065754890442,0.14193280041217804,-0.6232128143310547,0.18040356040000916,0.24261349439620972,-0.6374850273132324,-0.5183501839637756,0.5158131122589111,119.072020,-58.352278,-54.451710,56.379114
2026-08-05T11:50:37.225106,1785927037.225106,44.018249,0.7467859983444214,0.14076536893844604,-0.6262540817260742,0.17407448589801788,0.24885021150112152,-0.6357117891311646,-0.5238774418830872,0.5094062685966492,118.257978,-57.576557,-49.354427,47.031075
2026-08-05T11:50:37.241634,1785927037.241635,44.034777,0.7451038956642151,0.14092864096164703,-0.6299993395805359,0.16751214861869812,0.2562478184700012,-0.6336780190467834,-0.5294403433799744,0.5024742484092712,117.423230,-56.729774,-50.503988,51.232089
2026-08-05T11:50:37.258651,1785927037.258651,44.051793,0.7428321838378906,0.13950549066066742,-0.6349167227745056,0.16006140410900116,0.2665012776851654,-0.6310086250305176,-0.5339295864105225,0.4957043528556824,116.221256,-55.279027,-70.636135,85.255754
2026-08-05T11:50:37.275824,1785927037.275825,44.068967,0.7405042052268982,0.13670988380908966,-0.6401509642601013,0.15221966803073883,0.2789066433906555,-0.6275404095649719,-0.5380054712295532,0.4888279438018799,114.693316,-53.472744,-88.969441,105.176881
2026-08-05T11:50:37.292615,1785927037.292615,44.085758,0.7383674383163452,0.13370609283447266,-0.644981861114502,0.1446884274482727,0.29125460982322693,-0.6235644221305847,-0.5428867936134338,0.481259286403656,113.065020,-51.754910,-96.976462,102.309077
2026-08-05T11:50:37.297868,1785927037.297868,44.091011,0.7356987595558167,0.13106627762317657,-0.6501615047454834,0.13732925057411194,0.303453266620636,-0.6192671060562134,-0.5486429333686829,0.47266656160354614,111.375456,-50.090602,-321.647930,316.839785
2026-08-05T11:50:37.308567,1785927037.308567,44.101710,0.7329925298690796,0.12586970627307892,-0.655884861946106,0.12920506298542023,0.3160598874092102,-0.6146783828735352,-0.5548244714736938,0.46308210492134094,109.375228,-48.155004,-186.954045,180.913324
2026-08-05T11:50:37.325401,1785927037.325402,44.118544,0.7303521633148193,0.11797646433115005,-0.6618885397911072,0.1207100972533226,0.32824110984802246,-0.609841525554657,-0.5612838268280029,0.4531112611293793,107.119014,-45.972979,-134.025116,129.618143
2026-08-05T11:50:37.342295,1785927037.342295,44.135438,0.7288870215415955,0.11316188424825668,-0.6656298041343689,0.11338061839342117,0.33900871872901917,-0.6050922274589539,-0.5679000020027161,0.44319790601730347,105.270442,-44.581799,-109.422710,82.348235
2026-08-05T11:50:37.345156,1785927037.345156,44.138299,0.7273339629173279,0.11377810686826706,-0.668010413646698,0.10863815993070602,0.3485601842403412,-0.600456953048706,-0.5746267437934875,0.43331271409988403,103.931547,-44.068232,-468.016854,179.519702
2026-08-05T11:50:37.375445,1785927037.375446,44.168588,0.722233772277832,0.11792503297328949,-0.6735779047012329,0.10375488549470901,0.3585708737373352,-0.5953516364097595,-0.5811764597892761,0.4233388602733612,102.759374,-43.246782,-38.698495,27.119612
2026-08-05T11:50:37.391995,1785927037.391995,44.185138,0.7153264284133911,0.12413649260997772,-0.6808021664619446,0.09698978066444397,0.37036922574043274,-0.5893813967704773,-0.5869137644767761,0.41350555419921875,101.685707,-42.094076,-64.876658,69.652623
2026-08-05T11:50:37.406201,1785927037.406202,44.199344,0.7098912596702576,0.1254814863204956,-0.687393307685852,0.08831428736448288,0.38264328241348267,-0.5826927423477173,-0.5925222635269165,0.40369418263435364,100.197518,-40.475692,-104.756544,113.921236
2026-08-05T11:50:37.426054,1785927037.426054,44.219197,0.7060151696205139,0.12198123335838318,-0.6928894519805908,0.08104206621646881,0.39411550760269165,-0.575980007648468,-0.5983436703681946,0.39357760548591614,98.240219,-38.805215,-98.590178,84.142813
2026-08-05T11:50:37.442450,1785927037.442450,44.234445,0.7024542093276978,0.12263587862253189,-0.6970664858818054,0.07494713366031647,0.40508100390434265,-0.5694198608398438,-0.6042423248291016,0.3828314542770386,96.695293,-37.884807,-101.321122,60.363193
2026-08-05T11:50:37.491919,1785927037.491919,44.285062,0.6956630945205688,0.12802654504776,-0.7034813761711121,0.06911026686429977,0.41668394207954407,-0.562673807144165,-0.6097698211669922,0.37141889333724976,95.484729,-37.096433,-23.916155,15.575295
2026-08-05T11:50:37.509052,1785927037.509053,44.302195,0.6888962984085083,0.1341254562139511,-0.7095195055007935,0.06335880607366562,0.42890089750289917,-0.5555400252342224,-0.6146760582923889,0.35998740792274475,94.329938,-36.434501,-67.398761,38.633295
2026-08-05T11:50:37.525504,1785927037.525504,44.318646,0.6865975260734558,0.13480202853679657,-0.7120623588562012,0.058133047074079514,0.44148707389831543,-0.54807049036026,-0.6187634468078613,0.34905269742012024,92.718687,-35.850177,-97.941721,35.518822
2026-08-05T11:50:37.542252,1785927037.542253,44.335395,0.6864095330238342,0.1348865032196045,-0.7126073837280273,0.053277309983968735,0.45421895384788513,-0.540471076965332,-0.6221074461936951,0.33846238255500793,91.109205,-35.509048,-96.096164,20.367549
2026-08-05T11:50:37.559759,1785927037.559759,44.352902,0.6827948093414307,0.13881494104862213,-0.7155919075012207,0.04949735105037689,0.4666340947151184,-0.5326711535453796,-0.6255968809127808,0.32732388377189636,89.766379,-35.266377,-76.703991,13.861674
2026-08-05T11:50:37.575461,1785927037.575461,44.368604,0.6780630350112915,0.14718571305274963,-0.7185518145561218,0.047438234090805054,0.47827741503715515,-0.5247077941894531,-0.6297417283058167,0.3152083158493042,88.790907,-35.621971,-62.124026,-22.646437
2026-08-05T11:50:37.591940,1785927037.591941,44.385083,0.6757085919380188,0.15330149233341217,-0.7196741104125977,0.04456401988863945,0.48990312218666077,-0.5164019465446472,-0.6339115500450134,0.3024539351463318,87.633907,-36.025008,-70.209452,-24.457233
2026-08-05T11:50:37.595213,1785927037.595213,44.388356,0.676392138004303,0.15519793331623077,-0.7188333868980408,0.04106014221906662,0.5014498829841614,-0.5078402757644653,-0.6378563046455383,0.2894544005393982,86.099869,-36.284343,-468.727578,-79.239976
2026-08-05T11:50:37.608567,1785927037.608567,44.400861,0.6759564280509949,0.15504643321037292,-0.7195063829421997,0.03679848089814186,0.5131391882896423,-0.49906596541404724,-0.6414024829864502,0.2760842442512512,84.343688,-36.147688,-140.440337,10.928137
2026-08-05T11:50:37.625274,1785927037.625274,44.418417,0.6741811037063599,0.15541532635688782,-0.7212663888931274,0.03317898511886597,0.524807333946228,-0.4898775517940521,-0.6450271606445312,0.2617930471897125,82.541026,-36.027227,-102.679577,6.861500
2026-08-05T11:50:37.641634,1785927037.641634,44.434776,0.6723510026931763,0.1594858467578888,-0.7221310138702393,0.03217655420303345,0.5364896059036255,-0.4799988865852356,-0.6487430334091187,0.24680118262767792,80.970075,-36.519261,-96.026403,-30.076225
2026-08-05T11:50:37.658565,1785927037.658565,44.451708,0.6716188192367554,0.1642286628484726,-0.7217895984649658,0.0312560573220253,0.5489704012870789,-0.4690450429916382,-0.6515353918075562,0.23265503346920013,79.433619,-37.031884,-90.746554,-30.276686
2026-08-05T11:50:37.674744,1785927037.674745,44.467887,0.6732882261276245,0.16130965948104858,-0.7210602164268494,0.02710360661149025,0.5616710782051086,-0.45717233419418335,-0.6536354422569275,0.21972359716892242,77.169513,-36.491043,-139.938205,33.427908
2026-08-05T11:50:37.691768,1785927037.691769,44.484911,0.6730117797851562,0.1597243994474411,-0.7217647433280945,0.02447197400033474,0.5733901858329773,-0.44500020146369934,-0.6560429930686951,0.206892728805542,74.992469,-36.001652,-127.880605,28.747075
2026-08-05T11:50:37.708458,1785927037.708459,44.501601,0.6701880693435669,0.16605447232723236,-0.7229031920433044,0.026168059557676315,0.5839577317237854,-0.4323369264602661,-0.6593947410583496,0.1930675059556961,73.490869,-36.522239,-89.968637,-31.191115
2026-08-05T11:50:37.725474,1785927037.725474,44.518617,0.6711689233779907,0.17057105898857117,-0.7208104729652405,0.0294992346316576,0.5942216515541077,-0.4190712869167328,-0.6630001664161682,0.1780707985162735,71.711821,-37.335408,-104.554818,-47.789997
2026-08-05T11:50:37.741451,1785927037.741451,44.534593,0.674826979637146,0.16917461156845093,-0.7176772952079773,0.03046157769858837,0.6058875918388367,-0.4043425917625427,-0.6654366850852966,0.16309428215026855,69.227050,-37.401570,-155.525000,-4.141167
2026-08-05T11:50:37.744533,1785927037.744534,44.537676,0.6755630970001221,0.16462458670139313,-0.7181324362754822,0.028270192444324493,0.6195801496505737,-0.3868792653083801,-0.6665477752685547,0.14885292947292328,66.192598,-36.383646,-984.408247,330.225407
2026-08-05T11:50:37.757648,1785927037.757649,44.550791,0.6744072437286377,0.16597561538219452,-0.7188501954078674,0.029691167175769806,0.633267343044281,-0.36770665645599365,-0.6676713824272156,0.1340811401605606,63.579487,-36.043078,-199.243409,25.967453
2026-08-05T11:50:37.775328,1785927037.775329,44.568471,0.6750460267066956,0.17303235828876495,-0.7162437438964844,0.03698284924030304,0.6448354721069336,-0.3490257263183594,-0.6698225140571594,0.11706570535898209,61.593904,-37.083641,-112.305691,-58.854785
2026-08-05T11:50:37.824898,1785927037.824899,44.617476,0.6787642240524292,0.17862242460250854,-0.710893452167511,0.04476281255483627,0.6554290652275085,-0.33076292276382446,-0.6717603206634521,0.09871675819158554,59.599022,-38.316128,-40.707695,-25.150221
2026-08-05T11:50:37.841532,1785927037.841532,44.634675,0.6807019710540771,0.18043534457683563,-0.7082658410072327,0.049472637474536896,0.6667868494987488,-0.311080664396286,-0.6723025441169739,0.08143645524978638,57.207514,-38.622437,-139.052783,-17.810140
2026-08-05T11:50:37.857593,1785927037.857594,44.650209,0.6802676916122437,0.18225395679473877,-0.7078826427459717,0.05405207723379135,0.6783818006515503,-0.2894977927207947,-0.6720898747444153,0.06544280052185059,54.749565,-38.553624,-158.231035,4.429820
2026-08-05T11:50:37.875270,1785927037.875270,44.667547,0.6803189516067505,0.18768168985843658,-0.7059791684150696,0.05945899337530136,0.6883634328842163,-0.2677665650844574,-0.6723149418830872,0.049477286636829376,52.819891,-38.914083,-111.292551,-20.789193
2026-08-05T11:50:37.890935,1785927037.890935,44.684077,0.6805516481399536,0.19377706944942474,-0.7035125494003296,0.06610678136348724,0.6966094970703125,-0.24632211029529572,-0.6729877591133118,0.033862773329019547,51.144512,-39.434967,-101.355057,-31.511817
2026-08-05T11:50:37.907961,1785927037.907962,44.701104,0.682975172996521,0.20010603964328766,-0.6987123489379883,0.07282758504152298,0.7037650346755981,-0.22458381950855255,-0.6737204194068909,0.0193925891071558,49.576591,-39.921231,-92.084943,-28.558551
2026-08-05T11:50:37.927813,1785927037.927813,44.720410,0.684590220451355,0.20611998438835144,-0.6948109269142151,0.07803042978048325,0.7102199196815491,-0.2028173953294754,-0.6740951538085938,0.006853620521724224,48.066583,-40.072909,-78.215640,-7.856677
2026-08-05T11:50:37.941728,1785927037.941729,44.734123,0.6843018531799316,0.21404564380645752,-0.6921104788780212,0.08305946737527847,0.7166723012924194,-0.18082383275032043,-0.6735482811927795,-0.003829655237495899,46.853837,-40.194691,-88.435340,-8.880542
2026-08-05T11:50:37.958786,1785927037.958786,44.751929,0.6852566003799438,0.22216501832008362,-0.6881184577941895,0.08694502711296082,0.7229803204536438,-0.15929143130779266,-0.672126054763794,-0.01307019405066967,45.735435,-40.202448,-62.812760,-0.435603
2026-08-05T11:50:37.975274,1785927037.975275,44.768417,0.6851938962936401,0.2272823005914688,-0.6863716840744019,0.08801300823688507,0.7283188700675964,-0.13920506834983826,-0.6706153154373169,-0.021148506551980972,44.411903,-39.724363,-80.270897,28.995374
2026-08-05T11:50:37.992150,1785927037.992150,44.785292,0.6853109002113342,0.22977770864963531,-0.6855624914169312,0.0869215875864029,0.7326256632804871,-0.12039808928966522,-0.6693179607391357,-0.027851181104779243,42.864365,-38.834939,-91.703201,52.704990
2026-08-05T11:50:37.997351,1785927037.997351,44.790494,0.6870788335800171,0.2333841770887375,-0.6825875043869019,0.08676974475383759,0.7367445826530457,-0.10002423822879791,-0.6679876446723938,-0.03152123838663101,41.192333,-37.762032,-321.461783,206.275259
2026-08-05T11:50:38.008715,1785927038.008716,44.801858,0.6879964470863342,0.23891212046146393,-0.679740309715271,0.08680562674999237,0.7424010634422302,-0.07460834830999374,-0.6650922298431396,-0.03041072003543377,39.084405,-36.099118,-185.488164,146.328848
2026-08-05T11:50:38.025754,1785927038.025754,44.818897,0.6895026564598083,0.2431589663028717,-0.6768316626548767,0.08578357100486755,0.7489476799964905,-0.045702867209911346,-0.6605144143104553,-0.026599958539009094,36.366115,-33.760154,-159.535090,137.272650
2026-08-05T11:50:38.042097,1785927038.042098,44.835240,0.6923950910568237,0.24349258840084076,-0.6738923192024231,0.08467313647270203,0.7544741630554199,-0.019143307581543922,-0.6556323170661926,-0.023391829803586006,33.497151,-31.297788,-175.543152,150.664661
2026-08-05T11:50:38.047506,1785927038.047507,44.840649,0.6934370398521423,0.2452998161315918,-0.6717771291732788,0.08768400549888611,0.756804883480072,-0.0034851781092584133,-0.6531681418418884,-0.024583254009485245,32.286261,-30.496271,-223.875586,148.188574
2026-08-05T11:50:38.058685,1785927038.058685,44.851827,0.6932344436645508,0.25002944469451904,-0.6695728898048401,0.0926465317606926,0.7563298344612122,-0.00032624462619423866,-0.6534979939460754,-0.030067555606365204,32.922380,-31.448913,56.906870,-85.222753
2026-08-05T11:50:38.075865,1785927038.075865,44.869007,0.6926172375679016,0.25469300150871277,-0.668167769908905,0.0946827158331871,0.755509078502655,-0.0025078593753278255,-0.654205858707428,-0.0348292700946331,33.938317,-32.565203,59.134188,-64.975394
2026-08-05T11:50:38.091594,1785927038.091594,44.884737,0.6905382871627808,0.2556508481502533,-0.670276939868927,0.09234990179538727,0.755140483379364,-0.0039039128459990025,-0.6545640230178833,-0.03594673424959183,34.167858,-32.685452,14.593066,-7.644822
2026-08-05T11:50:38.109594,1785927038.109594,44.902737,0.6901960372924805,0.2534567415714264,-0.6719633340835571,0.08862655609846115,0.7549005150794983,-0.003967363853007555,-0.6549060940742493,-0.03472842648625374,33.718793,-32.113978,-24.948238,31.748741
2026-08-05T11:50:38.125509,1785927038.125510,44.918652,0.6911490559577942,0.2506868839263916,-0.6723689436912537,0.08596118539571762,0.7543569207191467,-0.004328521434217691,-0.6556462645530701,-0.032457541674375534,33.195172,-31.500493,-32.899745,38.546056
2026-08-05T11:50:38.142433,1785927038.142434,44.935576,0.6917633414268494,0.24853762984275818,-0.672649085521698,0.08506496250629425,0.7538343667984009,-0.005237428471446037,-0.6563853025436401,-0.029377350583672523,32.849509,-31.063004,-20.424855,25.850722
2026-08-05T11:50:38.158767,1785927038.158768,44.951910,0.6922069191932678,0.2464503049850464,-0.6729475259780884,0.08516782522201538,0.7534052133560181,-0.006922692991793156,-0.6570124626159668,-0.025803694501519203,32.624967,-30.736993,-13.746828,19.959002
2026-08-05T11:50:38.176297,1785927038.176298,44.969440,0.6924599409103394,0.24465976655483246,-0.6733642816543579,0.0849805548787117,0.7526533603668213,-0.010471787303686142,-0.6579312682151794,-0.02298159897327423,32.644880,-30.626535,1.135913,6.300968
2026-08-05T11:50:38.191809,1785927038.191809,44.984951,0.6922664642333984,0.2433343380689621,-0.6739999055862427,0.08532092720270157,0.7515283823013306,-0.015791509300470352,-0.6591686010360718,-0.021239612251520157,32.974334,-30.826732,21.239632,-12.906514
2026-08-05T11:50:38.208214,1785927038.208215,45.001357,0.6916955709457397,0.24232938885688782,-0.6748355627059937,0.08620202541351318,0.7504751682281494,-0.020841803401708603,-0.6602913737297058,-0.019150571897625923,33.334111,-31.049643,21.930449,-13.587725
2026-08-05T11:50:38.224907,1785927038.224908,45.018050,0.6914624571800232,0.24129758775234222,-0.675270140171051,0.08755367994308472,0.7496775984764099,-0.024625498801469803,-0.6611443161964417,-0.016232794150710106,33.543322,-31.138044,12.532644,-5.295544
2026-08-05T11:50:38.241873,1785927038.241874,45.035016,0.6909851431846619,0.24004296958446503,-0.6760754585266113,0.08854860067367554,0.7490394711494446,-0.0274614579975605,-0.6618298888206482,-0.012859640643000603,33.610813,-31.066115,3.978067,4.239638
2026-08-05T11:50:38.258755,1785927038.258755,45.051898,0.6910619139671326,0.23791737854480743,-0.6767719388008118,0.08836694061756134,0.748568058013916,-0.029709309339523315,-0.6623217463493347,-0.009565034881234169,33.474794,-30.783611,-8.057046,16.734134
2026-08-05T11:50:38.275037,1785927038.275037,45.068179,0.69101881980896,0.23624800145626068,-0.677415132522583,0.08825387060642242,0.7481906414031982,-0.03154250979423523,-0.6626979112625122,-0.006751092150807381,33.373665,-30.551638,-6.211332,14.247772
2026-08-05T11:50:38.292267,1785927038.292268,45.085410,0.6910582780838013,0.23490002751350403,-0.6777833700180054,0.08871425688266754,0.74787837266922,-0.03346690908074379,-0.6629756093025208,-0.004425755236297846,33.357848,-30.439679,-0.917939,6.497582
2026-08-05T11:50:38.308559,1785927038.308560,45.101702,0.691007137298584,0.23451045155525208,-0.6778169870376587,0.08987996727228165,0.7475754618644714,-0.035420011729002,-0.6632249355316162,-0.002667483873665333,33.496656,-30.515866,8.519919,-4.676296
2026-08-05T11:50:38.325302,1785927038.325303,45.118445,0.6904223561286926,0.2350952923297882,-0.6779975891113281,0.09146887063980103,0.7472288012504578,-0.03692858666181564,-0.6635378003120422,-0.0010978416539728642,33.726778,-30.688943,13.744439,-10.337329
2026-08-05T11:50:38.342099,1785927038.342099,45.135242,0.6901190876960754,0.23574607074260712,-0.6778712868690491,0.09300510585308075,0.7469978928565979,-0.03741690516471863,-0.6637707948684692,0.0008678254671394825,33.833205,-30.749095,6.336229,-3.581201
2026-08-05T11:50:38.359026,1785927038.359026,45.152169,0.6899319291114807,0.23643215000629425,-0.6776057481765747,0.09457548707723618,0.7470337748527527,-0.03678975999355316,-0.6637564897537231,0.0035450789146125317,33.803233,-30.669743,-1.770661,4.687820
2026-08-05T11:50:38.375295,1785927038.375295,45.168437,0.6900201439857483,0.23710353672504425,-0.6770598292350769,0.09614704549312592,0.7471091151237488,-0.03562119975686073,-0.6637105345726013,0.006740680895745754,33.688835,-30.504199,-7.031870,10.175789
2026-08-05T11:50:38.391696,1785927038.391696,45.184839,0.6896758079528809,0.2380194216966629,-0.6769336462020874,0.09723637253046036,0.7470968961715698,-0.03425943851470947,-0.6637545228004456,0.010017653927206993,33.570815,-30.298945,-7.195673,12.514298
2026-08-05T11:50:38.425201,1785927038.425202,45.218344,0.689626932144165,0.23846356570720673,-0.6768164038658142,0.09731130301952362,0.7470552921295166,-0.0325317308306694,-0.6638264060020447,0.01351749524474144,33.314491,-29.924574,-7.650272,11.173517
2026-08-05T11:50:38.442089,1785927038.442090,45.235232,0.6899082064628601,0.2389167696237564,-0.6762921810150146,0.09784920513629913,0.7471886277198792,-0.030297067016363144,-0.6637004613876343,0.01705610379576683,33.016692,-29.544783,-17.633635,22.488654
2026-08-05T11:50:38.458605,1785927038.458606,45.251748,0.6900942921638489,0.23969392478466034,-0.6756650805473328,0.09896193444728851,0.7473291158676147,-0.02814304828643799,-0.6635399460792542,0.0204898901283741,32.788914,-29.254028,-13.791552,17.604713
2026-08-05T11:50:38.475325,1785927038.475326,45.268468,0.6903680562973022,0.24065253138542175,-0.6748193502426147,0.10048516094684601,0.7473611831665039,-0.02636301890015602,-0.6634742021560669,0.0235846359282732,32.640515,-29.068469,-8.875530,11.097977
2026-08-05T11:50:38.491945,1785927038.491945,45.285088,0.6900802850723267,0.24195601046085358,-0.674435019493103,0.10190243273973465,0.7473573088645935,-0.0249005276709795,-0.6634376049041748,0.026184985414147377,32.591383,-28.969674,-2.956213,5.944457
2026-08-05T11:50:38.496397,1785927038.496397,45.289540,0.6896607279777527,0.24300895631313324,-0.6743430495262146,0.1028413400053978,0.7473021149635315,-0.023459021002054214,-0.6634554266929626,0.028529100120067596,32.513992,-28.831603,-17.382522,31.011593
2026-08-05T11:50:38.508375,1785927038.508376,45.301518,0.689424455165863,0.2434660792350769,-0.6743215322494507,0.10348471999168396,0.7473765015602112,-0.02186756208539009,-0.6633301377296448,0.030680470168590546,32.352544,-28.621047,-13.478613,17.578414
2026-08-05T11:50:38.524136,1785927038.524136,45.317278,0.6893541812896729,0.24402081966400146,-0.6740409135818481,0.10446849465370178,0.7476387619972229,-0.019763745367527008,-0.6630032062530518,0.03271554410457611,32.160326,-28.415291,-12.196409,13.055410
2026-08-05T11:50:38.541815,1785927038.541816,45.334958,0.689516544342041,0.24472354352474213,-0.6734424233436584,0.10560689866542816,0.7479884028434753,-0.017162030562758446,-0.6625783443450928,0.034735746681690216,31.930755,-28.196681,-12.984828,12.364885
2026-08-05T11:50:38.558397,1785927038.558397,45.351540,0.6895708441734314,0.24553905427455902,-0.6728255748748779,0.10727795958518982,0.7484021782875061,-0.014190231449902058,-0.6620612144470215,0.03695401921868324,31.687802,-27.983462,-14.652008,12.858817
2026-08-05T11:50:38.575816,1785927038.575816,45.368959,0.6895012259483337,0.24654152989387512,-0.6722351908683777,0.10911095142364502,0.7488754987716675,-0.010778727009892464,-0.6614481806755066,0.03941309079527855,31.420478,-27.744733,-15.346624,13.705020
2026-08-05T11:50:38.592325,1785927038.592325,45.385468,0.6895170211791992,0.24755221605300903,-0.6715827584266663,0.11072918772697449,0.7491958737373352,-0.0076982686296105385,-0.660986602306366,0.04172545298933983,31.181537,-27.527705,-14.473522,13.146166
2026-08-05T11:50:38.641520,1785927038.641521,45.434663,0.6896019577980042,0.24829372763633728,-0.6709899306297302,0.11212492734193802,0.7495988607406616,-0.004950951784849167,-0.6604073643684387,0.04401276633143425,30.945223,-27.300341,-4.803553,4.621610
2026-08-05T11:50:38.658213,1785927038.658214,45.451356,0.6899076700210571,0.24872057139873505,-0.6703584790229797,0.11307169497013092,0.7499218583106995,-0.002912804950028658,-0.6598989963531494,0.046258531510829926,30.732036,-27.071934,-12.771123,13.682916
2026-08-05T11:50:38.664784,1785927038.664784,45.457281,0.6900686025619507,0.24918948113918304,-0.669938325881958,0.1135467141866684,0.7501590847969055,-0.0015520453453063965,-0.6594862341880798,0.04832033812999725,30.591488,-26.880833,-23.721450,32.253574
2026-08-05T11:50:38.674693,1785927038.674694,45.467836,0.6903276443481445,0.24949699640274048,-0.6695176959037781,0.11377685517072678,0.7503910660743713,-0.00041688233613967896,-0.6590591073036194,0.0505172535777092,30.445591,-26.664805,-13.822460,20.466867
2026-08-05T11:50:38.681678,1785927038.681678,45.474098,0.6903817653656006,0.24991343915462494,-0.6692911982536316,0.11386732757091522,0.7506988644599915,0.000772617757320404,-0.6585212349891663,0.0529002770781517,30.307058,-26.429539,-22.121817,37.568579
2026-08-05T11:50:38.691138,1785927038.691138,45.484281,0.6909326910972595,0.2500253915786743,-0.6686486005783081,0.11405496299266815,0.7509706020355225,0.00206942530348897,-0.6580243110656738,0.05514482408761978,30.115275,-26.176723,-18.835163,24.829367
2026-08-05T11:50:38.694858,1785927038.694859,45.488001,0.6913629770278931,0.25031667947769165,-0.6680654883384705,0.11422544717788696,0.7512719631195068,0.0030949749052524567,-0.6575226783752441,0.056943945586681366,29.989306,-25.996935,-33.860225,48.326353
2026-08-05T11:50:38.724557,1785927038.724557,45.517699,0.6920185089111328,0.24980796873569489,-0.667582094669342,0.11419570446014404,0.7516564726829529,0.0039039156399667263,-0.656944215297699,0.058474622666835785,29.799047,-25.768662,-6.406307,7.686335
2026-08-05T11:50:38.757471,1785927038.757471,45.550614,0.6927219033241272,0.24924233555793762,-0.6670664548873901,0.11418018490076065,0.7521491646766663,0.004671548958867788,-0.6562519073486328,0.05984105169773102,29.614130,-25.554331,-5.618160,6.511819
2026-08-05T11:50:38.775794,1785927038.775795,45.568937,0.6932120323181152,0.2488362342119217,-0.6667212843894958,0.11410680413246155,0.7525517344474792,0.0048864372074604034,-0.655714213848114,0.06065217778086662,29.523217,-25.437981,-4.961622,6.349796
2026-08-05T11:50:38.792042,1785927038.792042,45.584139,0.6936280727386475,0.248481884598732,-0.6664814949035645,0.11375077813863754,0.752853274345398,0.004744941368699074,-0.6553348898887634,0.061020419001579285,29.480192,-25.367539,-2.830241,4.633770
2026-08-05T11:50:38.808862,1785927038.808863,45.602005,0.6941296458244324,0.24844032526016235,-0.6659749150276184,0.11374891549348831,0.7532371282577515,0.0047398582100868225,-0.6548819541931152,0.06114649027585983,29.469746,-25.362376,-0.584675,0.289018
2026-08-05T11:50:38.824336,1785927038.824337,45.617479,0.694494903087616,0.24822205305099487,-0.6656368374824524,0.1139751449227333,0.7536528706550598,0.005110432393848896,-0.6543791890144348,0.06137485429644585,29.407230,-25.318171,-4.040080,2.856717
2026-08-05T11:50:38.842249,1785927038.842249,45.635391,0.694758951663971,0.2482070028781891,-0.6652973890304565,0.11438024044036865,0.7540308833122253,0.005698337219655514,-0.6539108753204346,0.061672504991292953,29.347331,-25.281768,-3.343961,2.032243
2026-08-05T11:50:38.852692,1785927038.852692,45.645835,0.6950827836990356,0.24811266362667084,-0.6649218201637268,0.11480056494474411,0.7543197274208069,0.006203897297382355,-0.6535421013832092,0.061998724937438965,29.282806,-25.242761,-6.178701,3.735225
2026-08-05T11:50:38.860151,1785927038.860151,45.653293,0.6952973008155823,0.2479325830936432,-0.6647326946258545,0.11498600244522095,0.754520058631897,0.0063305809162557125,-0.6532891392707825,0.06221325695514679,29.248418,-25.216671,-4.610416,3.497919
2026-08-05T11:50:38.875141,1785927038.875142,45.668284,0.6954002380371094,0.24766401946544647,-0.6647515296936035,0.11483354866504669,0.7546225190162659,0.006201077718287706,-0.6531742811203003,0.062189165502786636,29.230783,-25.194735,-1.176371,1.463264
2026-08-05T11:50:38.891795,1785927038.891795,45.684938,0.6954484581947327,0.2475350797176361,-0.6648324728012085,0.11435049027204514,0.7546573877334595,0.005797314923256636,-0.6531667113304138,0.061884522438049316,29.256774,-25.204403,1.560646,-0.580549
2026-08-05T11:50:38.908384,1785927038.908385,45.701527,0.6956157088279724,0.24728424847126007,-0.6648744344711304,0.11362819373607635,0.7546008825302124,0.005364527460187674,-0.6532837748527527,0.061374809592962265,29.265294,-25.202021,0.513589,0.143640
2026-08-05T11:50:38.924101,1785927038.924102,45.717244,0.6956113576889038,0.24735572934150696,-0.6649594306945801,0.11299998313188553,0.7545418739318848,0.005306157749146223,-0.653403103351593,0.060833849012851715,29.275836,-25.206841,0.670760,-0.306729
2026-08-05T11:50:38.941097,1785927038.941098,45.734240,0.6955494284629822,0.2475840449333191,-0.6650590896606445,0.1122925654053688,0.7545531392097473,0.005814172327518463,-0.6534265279769897,0.060394033789634705,29.241179,-25.165311,-2.039146,2.443582
2026-08-05T11:50:38.960754,1785927038.960754,45.753896,0.695664644241333,0.24762718379497528,-0.6650341153144836,0.11163008213043213,0.7545436024665833,0.006752858404070139,-0.6534531116485596,0.06012636423110962,29.129984,-25.060580,-5.656983,5.328131
2026-08-05T11:50:38.974886,1785927038.974887,45.768029,0.6955109238624573,0.24794942140579224,-0.6651656627655029,0.1110876202583313,0.7544726133346558,0.007874304428696632,-0.653546154499054,0.05986945703625679,29.038008,-24.972653,-6.507926,6.221394
2026-08-05T11:50:38.991708,1785927038.991708,45.784850,0.6956045031547546,0.2482336014509201,-0.6650211811065674,0.11073151230812073,0.7544150948524475,0.008877950720489025,-0.6536218523979187,0.059626441448926926,28.951179,-24.905537,-5.161948,3.990049
2026-08-05T11:50:39.008463,1785927039.008463,45.801606,0.6955202221870422,0.24879802763462067,-0.664918839931488,0.11060890555381775,0.7543651461601257,0.009766761213541031,-0.6536850333213806,0.05942700803279877,28.917458,-24.888076,-2.012534,1.042103
2026-08-05T11:50:39.024849,1785927039.024849,45.817992,0.6953808069229126,0.2491629272699356,-0.6649876832962036,0.11024949699640274,0.7543020248413086,0.01062777079641819,-0.6537597179412842,0.059258971363306046,28.860580,-24.833437,-3.471151,3.334469
2026-08-05T11:50:39.041873,1785927039.041874,45.835016,0.6952314376831055,0.24927620589733124,-0.6652169823646545,0.10955005884170532,0.7542223930358887,0.011198831722140312,-0.6538680195808411,0.05897209048271179,28.803243,-24.762855,-3.367860,4.145876
2026-08-05T11:50:39.058519,1785927039.058519,45.851662,0.6952139139175415,0.249273881316185,-0.6653324961662292,0.10896366089582443,0.7540779113769531,0.01144355721771717,-0.6540600061416626,0.05864198878407478,28.766333,-24.720533,-2.217431,2.542608
2026-08-05T11:50:39.092060,1785927039.092060,45.885203,0.6949943900108337,0.24942509829998016,-0.6655911207199097,0.10843700170516968,0.7539364695549011,0.011596689000725746,-0.6542333364486694,0.058495208621025085,28.759906,-24.689904,-0.191623,0.913181
2026-08-05T11:50:39.108507,1785927039.108507,45.901650,0.6949173212051392,0.24972118437290192,-0.6655979156494141,0.10820721834897995,0.7538806796073914,0.011959807947278023,-0.6542912721633911,0.05849676951766014,28.747539,-24.668054,-0.751951,1.328510
2026-08-05T11:50:39.113542,1785927039.113542,45.906684,0.6947351098060608,0.2500860095024109,-0.6656704545021057,0.10808922350406647,0.7539204359054565,0.012401770800352097,-0.6542267203330994,0.05861252173781395,28.740495,-24.646749,-1.399105,4.231708
2026-08-05T11:50:39.124706,1785927039.124707,45.917849,0.6948060393333435,0.24986958503723145,-0.6657336950302124,0.10774382948875427,0.7539035677909851,0.01259562373161316,-0.6542485952377319,0.05854421108961105,28.686970,-24.589158,-4.794192,5.158386
2026-08-05T11:50:39.141296,1785927039.141297,45.934439,0.6947917938232422,0.24939142167568207,-0.6660404801368713,0.10704468190670013,0.7538666129112244,0.012379060499370098,-0.6543294191360474,0.05816091224551201,28.651681,-24.538674,-2.127056,3.042957
2026-08-05T11:50:39.157285,1785927039.157285,45.950428,0.6949907541275024,0.2486872524023056,-0.6662028431892395,0.10637971758842468,0.7538389563560486,0.012008627876639366,-0.6544122099876404,0.057663172483444214,28.605503,-24.492535,-2.888202,2.885720
2026-08-05T11:50:39.174345,1785927039.174346,45.967488,0.6949644088745117,0.2483418881893158,-0.6664193868637085,0.10600101202726364,0.7538959383964539,0.011578465811908245,-0.6543902158737183,0.05725632980465889,28.619040,-24.500201,0.793490,-0.449311
2026-08-05T11:50:39.191294,1785927039.191294,45.984437,0.6950191855430603,0.24801720678806305,-0.6664999127388,0.10589567571878433,0.7539796829223633,0.011022031307220459,-0.6543290615081787,0.05696318671107292,28.650313,-24.533188,1.845177,-1.946333
2026-08-05T11:50:39.207508,1785927039.207509,46.000651,0.695054829120636,0.24796849489212036,-0.6664562225341797,0.10605014115571976,0.7539828419685364,0.010397751815617085,-0.654350996017456,0.056783221662044525,28.719835,-24.607286,4.287614,-4.569791
2026-08-05T11:50:39.223882,1785927039.223882,46.017025,0.694922924041748,0.24787822365760803,-0.6666445732116699,0.1059415265917778,0.7539776563644409,0.009755272418260574,-0.6543683409690857,0.056766994297504425,28.782768,-24.645580,3.843672,-2.338862
2026-08-05T11:50:39.240475,1785927039.240476,46.033618,0.6951702237129211,0.24746231734752655,-0.6665875911712646,0.1056504026055336,0.7540588974952698,0.009290836751461029,-0.6542704701423645,0.05689578875899315,28.774330,-24.616161,-0.508547,1.772919
2026-08-05T11:50:39.257495,1785927039.257496,46.050205,0.695322573184967,0.24711517989635468,-0.6666072607040405,0.1053353101015091,0.7542277574539185,0.008926084265112877,-0.654075562953949,0.05695384368300438,28.769587,-24.589450,-0.285902,1.610382
2026-08-05T11:50:39.308871,1785927039.308871,46.101041,0.695633590221405,0.24661697447299957,-0.6664939522743225,0.10516650974750519,0.7543623447418213,0.008238974958658218,-0.6539526581764221,0.056687191128730774,28.787797,-24.612269,0.358212,-0.448883
2026-08-05T11:50:39.313596,1785927039.313597,46.105561,0.6956247687339783,0.2462235689163208,-0.6666567921638489,0.10511348396539688,0.7544286847114563,0.007381645496934652,-0.6539282202720642,0.05620453879237175,28.851527,-24.682456,14.100376,-15.528996
2026-08-05T11:50:39.324627,1785927039.324627,46.117769,0.6955870389938354,0.246125265955925,-0.6667300462722778,0.10512862354516983,0.7544401288032532,0.006629009265452623,-0.6539616584777832,0.055752359330654144,28.935521,-24.773159,6.879973,-7.429591
2026-08-05T11:50:39.341676,1785927039.341676,46.134818,0.695641815662384,0.24586918950080872,-0.6667980551719666,0.10493519902229309,0.7544697523117065,0.006318386178463697,-0.6539567708969116,0.0554458349943161,28.943822,-24.785276,0.486930,-0.710721
2026-08-05T11:50:39.359370,1785927039.359371,46.151750,0.6957586407661438,0.24530363082885742,-0.6669515371322632,0.10450668632984161,0.7545411586761475,0.00622166320681572,-0.6538963317871094,0.05519743636250496,28.888289,-24.728991,-3.279804,3.324231
2026-08-05T11:50:39.374848,1785927039.374849,46.167991,0.6959340572357178,0.24473322927951813,-0.6670361161231995,0.10413645952939987,0.7546200752258301,0.006090798415243626,-0.6538332104682922,0.05487882345914841,28.837131,-24.685377,-3.149942,2.685419
2026-08-05T11:50:39.378298,1785927039.378298,46.171440,0.6961153745651245,0.24428802728652954,-0.667076826095581,0.10370853543281555,0.7546293139457703,0.005810240749269724,-0.6538692116737366,0.05435255542397499,28.816666,-24.676741,-5.933247,2.503887
2026-08-05T11:50:39.391349,1785927039.391350,46.184492,0.6959784030914307,0.24396218359470367,-0.6674357652664185,0.10308327525854111,0.75455641746521,0.005435781087726355,-0.6540126204490662,0.053671255707740784,28.826330,-24.681655,0.740462,-0.376509
2026-08-05T11:50:39.407739,1785927039.407739,46.200881,0.6960791349411011,0.24349428713321686,-0.667608916759491,0.10238593071699142,0.7545161843299866,0.0052497065626084805,-0.6541057229042053,0.05311976373195648,28.788762,-24.643334,-2.292177,2.338114
2026-08-05T11:50:39.424447,1785927039.424447,46.217590,0.696037769317627,0.24330218136310577,-0.667808473110199,0.10181986540555954,0.7545222043991089,0.005495820194482803,-0.6541137099266052,0.05291013419628143,28.735046,-24.577837,-3.214955,3.920046
2026-08-05T11:50:39.440267,1785927039.440268,46.233410,0.6961177587509155,0.24330615997314453,-0.6677793860435486,0.10145429521799088,0.7545421719551086,0.0060698348097503185,-0.6540823578834534,0.05295182019472122,28.661660,-24.499309,-4.638660,4.963731
2026-08-05T11:50:39.457480,1785927039.457481,46.250623,0.6961222290992737,0.24359425902366638,-0.6676880121231079,0.10133401304483414,0.7545602321624756,0.006761171389371157,-0.6540395021438599,0.053138211369514465,28.610562,-24.444409,-2.968560,3.189387
2026-08-05T11:50:39.474643,1785927039.474643,46.267786,0.696081817150116,0.24397026002407074,-0.667579174041748,0.1014246940612793,0.7546101212501526,0.007632628548890352,-0.6539444327354431,0.05347951501607895,28.552918,-24.386831,-3.358742,3.354919
2026-08-05T11:50:39.491442,1785927039.491443,46.284585,0.6959767937660217,0.244514599442482,-0.6674763560295105,0.10151063650846481,0.754639744758606,0.008838649839162827,-0.6538437008857727,0.05410591512918472,28.471919,-24.293654,-4.821543,5.546445
2026-08-05T11:50:39.505793,1785927039.505794,46.298936,0.6960629820823669,0.24519051611423492,-0.6670957803726196,0.1017904132604599,0.7547422647476196,0.010335097089409828,-0.6536267399787903,0.055022623389959335,28.367217,-24.182305,-7.295880,7.759023
2026-08-05T11:50:39.524822,1785927039.524822,46.317965,0.6961817741394043,0.2458190768957138,-0.6666960716247559,0.10208133608102798,0.7549315690994263,0.011712571606040001,-0.6533006429672241,0.05601631850004196,28.271148,-24.073040,-5.048649,5.742150
2026-08-05T11:50:39.541577,1785927039.541577,46.334719,0.6963194608688354,0.24631951749324799,-0.6663318276405334,0.10231340676546097,0.7551093697547913,0.012493322603404522,-0.6530336141586304,0.0565621592104435,28.234090,-24.032405,-2.211787,2.425304
2026-08-05T11:50:39.574925,1785927039.574926,46.368068,0.6965878009796143,0.246441051363945,-0.6660454273223877,0.1020582988858223,0.7551983594894409,0.012375341728329659,-0.6529409289360046,0.056470125913619995,28.250765,-24.043883,0.500006,-0.344184
2026-08-05T11:50:39.590985,1785927039.590986,46.384128,0.6968595385551453,0.24607372283935547,-0.6659889817237854,0.1014554426074028,0.7552794814109802,0.011860975995659828,-0.652882993221283,0.05616475269198418,28.255355,-24.033345,0.285834,0.656115
2026-08-05T11:50:39.605969,1785927039.605970,46.399112,0.6972241997718811,0.2456904500722885,-0.6658227443695068,0.10096922516822815,0.7555344700813293,0.011677058413624763,-0.6525927186012268,0.05614744871854782,28.221266,-23.983122,-2.275061,3.351814
2026-08-05T11:50:39.624697,1785927039.624697,46.417840,0.6976809501647949,0.24531322717666626,-0.6655077934265137,0.1008075699210167,0.7559142112731934,0.011813387274742126,-0.6521127820014954,0.05658086761832237,28.151226,-23.898496,-3.739902,4.518742
2026-08-05T11:50:39.642188,1785927039.642189,46.435331,0.6980793476104736,0.24514207243919373,-0.6651170253753662,0.10104463994503021,0.756359338760376,0.012082291767001152,-0.6515181064605713,0.05742032453417778,28.092909,-23.821540,-3.334113,4.399753
2026-08-05T11:50:39.658420,1785927039.658420,46.451563,0.6985624432563782,0.24530580639839172,-0.6644637584686279,0.10160493105649948,0.7568385004997253,0.012338505126535892,-0.6508663892745972,0.05843527987599373,28.073293,-23.788711,-1.208463,2.022475
2026-08-05T11:50:39.675136,1785927039.675136,46.468279,0.6989715099334717,0.24533496797084808,-0.663951575756073,0.10206849128007889,0.7573124170303345,0.012441339902579784,-0.6502199172973633,0.059459418058395386,28.056476,-23.747951,-1.006035,2.438404
2026-08-05T11:50:39.692136,1785927039.692136,46.485279,0.6995197534561157,0.24510997533798218,-0.6633917093276978,0.10249252617359161,0.7577313184738159,0.012241648510098457,-0.649657666683197,0.06030282378196716,28.041734,-23.719727,-0.867166,1.660244
2026-08-05T11:50:39.708360,1785927039.708360,46.501502,0.7001020908355713,0.2446766048669815,-0.6628676056861877,0.10294166207313538,0.7580975294113159,0.011382989585399628,-0.6492055654525757,0.060739532113075256,28.082429,-23.760525,2.508373,-2.514727
2026-08-05T11:50:39.711943,1785927039.711943,46.505086,0.7005688548088074,0.24401886761188507,-0.6625686287879944,0.10325106978416443,0.7584273219108582,0.010012589395046234,-0.6488349437713623,0.06082507595419884,28.162155,-23.839282,22.248254,-21.978063
2026-08-05T11:50:39.724827,1785927039.724827,46.517970,0.7010964751243591,0.24294903874397278,-0.6624430418014526,0.10299929976463318,0.7587335109710693,0.008483614772558212,-0.6485068202018738,0.060737814754247665,28.204793,-23.863834,3.309420,-1.905650
2026-08-05T11:50:39.741267,1785927039.741267,46.534410,0.7016639709472656,0.24143126606941223,-0.662479043006897,0.10247091948986053,0.7589952349662781,0.0070629725232720375,-0.6482288241386414,0.060616135597229004,28.179845,-23.818556,-1.517543,2.754127
2026-08-05T11:50:39.758345,1785927039.758346,46.551488,0.7020161747932434,0.24008549749851227,-0.6626901030540466,0.10185352712869644,0.7591655850410461,0.005718827713280916,-0.6480628252029419,0.06039922311902046,28.169475,-23.781203,-0.607182,2.187162
2026-08-05T11:50:39.774446,1785927039.774446,46.567589,0.702475905418396,0.2386598438024521,-0.6628124117851257,0.10123708844184875,0.7592729330062866,0.004603972192853689,-0.6479682326316833,0.060159653425216675,28.119883,-23.718304,-3.080142,3.906629
2026-08-05T11:50:39.791549,1785927039.791550,46.584692,0.7027710676193237,0.23755277693271637,-0.6629737615585327,0.10073497146368027,0.7593098282814026,0.003893170040100813,-0.6479363441467285,0.060085996985435486,28.062314,-23.644913,-3.365912,4.291031
2026-08-05T11:50:39.807785,1785927039.807786,46.599824,0.7029979228973389,0.23674868047237396,-0.6630861163139343,0.10030408203601837,0.7593240737915039,0.003729230724275112,-0.6479088664054871,0.06021325662732124,27.976263,-23.542624,-5.686562,6.759579
2026-08-05T11:50:39.825412,1785927039.825412,46.618554,0.7031166553497314,0.23616254329681396,-0.6632280349731445,0.09991446137428284,0.7592899799346924,0.003851160407066345,-0.6479177474975586,0.060539182275533676,27.881415,-23.422973,-5.064003,6.388239
2026-08-05T11:50:39.830613,1785927039.830614,46.622492,0.7032636404037476,0.23585949838161469,-0.6632297039031982,0.09958470612764359,0.7591989040374756,0.004024176858365536,-0.6479980945587158,0.06080886349081993,27.810717,-23.333630,-17.952908,22.687677
2026-08-05T11:50:39.862583,1785927039.862583,46.655726,0.7032588124275208,0.23561909794807434,-0.6634153127670288,0.0989491418004036,0.7591497302055359,0.004143785685300827,-0.6480480432510376,0.06088482588529587,27.757671,-23.246472,-1.596155,2.622589
2026-08-05T11:50:39.875099,1785927039.875099,46.668242,0.7034331560134888,0.23516596853733063,-0.6634942293167114,0.098256416618824,0.7591316103935242,0.004203888587653637,-0.6480770111083984,0.06079920753836632,27.685172,-23.154004,-5.792640,7.388136
2026-08-05T11:50:39.891092,1785927039.891092,46.684235,0.7033576369285583,0.23505860567092896,-0.6636546850204468,0.0979708731174469,0.759192943572998,0.004320599138736725,-0.6480231881141663,0.06059752032160759,27.664134,-23.128622,-1.315402,1.587052
2026-08-05T11:50:39.908317,1785927039.908318,46.701460,0.703464686870575,0.23501712083816528,-0.6635851263999939,0.09777206927537918,0.759286642074585,0.004391815047711134,-0.6479358673095703,0.06035139039158821,27.652296,-23.124670,-0.687247,0.229454
2026-08-05T11:50:39.924493,1785927039.924493,46.717635,0.7036818861961365,0.23480452597141266,-0.6634615659713745,0.09755843132734299,0.7594327926635742,0.004581752698868513,-0.647769570350647,0.060282908380031586,27.603599,-23.081149,-3.010581,2.690530
2026-08-05T11:50:39.941480,1785927039.941480,46.734623,0.7039659023284912,0.23459307849407196,-0.6632442474365234,0.09749608486890793,0.7595772743225098,0.0048590656369924545,-0.647574782371521,0.0605345219373703,27.540034,-23.017334,-3.741908,3.756658
2026-08-05T11:50:39.958264,1785927039.958264,46.751407,0.7041823863983154,0.23456361889839172,-0.6630591750144958,0.09726189076900482,0.7597002387046814,0.005229096859693527,-0.6473654508590698,0.06119620054960251,27.477753,-22.917523,-3.710740,5.946789
2026-08-05T11:50:39.974958,1785927039.974959,46.768101,0.7047379016876221,0.2346845418214798,-0.6624422073364258,0.09714939445257187,0.7599653601646423,0.005896745249629021,-0.6469427347183228,0.062303196638822556,27.387102,-22.785308,-5.430099,7.919763
2026-08-05T11:50:39.991488,1785927039.991488,46.784630,0.7050024271011353,0.23552608489990234,-0.6618146896362305,0.09746942669153214,0.7603448629379272,0.006783612072467804,-0.6463640928268433,0.06357476860284805,27.368958,-22.722148,-1.097684,3.821116
2026-08-05T11:50:40.013777,1785927040.013778,46.806920,0.7054515480995178,0.23635993897914886,-0.6609411239624023,0.09812679141759872,0.760793924331665,0.00748058594763279,-0.6457120180130005,0.06473948806524277,27.374213,-22.710159,0.235787,0.537843
2026-08-05T11:50:40.016911,1785927040.016911,46.810053,0.7057619094848633,0.23720373213291168,-0.6602143049240112,0.09875146299600601,0.7612207531929016,0.007706328295171261,-0.6451245546340942,0.06554724276065826,27.441878,-22.763301,21.596986,-16.961597
2026-08-05T11:50:40.075426,1785927040.075426,46.868569,0.7063524127006531,0.2375151365995407,-0.6594189405441284,0.09909392893314362,0.7616275548934937,0.007770714815706015,-0.6445768475532532,0.06620091199874878,27.457602,-22.772136,0.268722,-0.150989
2026-08-05T11:50:40.092046,1785927040.092046,46.885189,0.7067915797233582,0.23786458373069763,-0.6587757468223572,0.09940209984779358,0.7620651721954346,0.007940133102238178,-0.6439880728721619,0.06687089055776596,27.471432,-22.771477,0.832119,0.039654
2026-08-05T11:50:40.108515,1785927040.108515,46.900373,0.7073314189910889,0.2379976511001587,-0.6581322550773621,0.09950712323188782,0.762528121471405,0.008319193497300148,-0.6433650851249695,0.06754041463136673,27.433142,-22.718334,-2.521717,3.499927
2026-08-05T11:50:40.124805,1785927040.124806,46.917948,0.7078753113746643,0.23838908970355988,-0.6573864221572876,0.09963184595108032,0.7630193829536438,0.009034734219312668,-0.6427160501480103,0.06807718425989151,27.388743,-22.672894,-2.526211,2.585447
2026-08-05T11:50:40.141229,1785927040.141230,46.934372,0.7082793712615967,0.23898038268089294,-0.6567108631134033,0.09979858249425888,0.7635030746459961,0.009954441338777542,-0.6420938968658447,0.06839720159769058,27.351698,-22.647639,-2.255605,1.537719
2026-08-05T11:50:40.157986,1785927040.157986,46.950266,0.708894670009613,0.23945242166519165,-0.6558275818824768,0.10010604560375214,0.7640016078948975,0.010906227864325047,-0.6414750814437866,0.06849272549152374,27.296703,-22.637374,-3.460076,0.645791
2026-08-05T11:50:40.161507,1785927040.161507,46.954650,0.7093294262886047,0.24015679955482483,-0.6550068259239197,0.10071111470460892,0.7645250558853149,0.011831826530396938,-0.6408409476280212,0.06843461841344833,27.283529,-22.684498,-3.005245,-10.750015
2026-08-05T11:50:40.174383,1785927040.174384,46.967526,0.7097545862197876,0.24059756100177765,-0.654319703578949,0.10112941265106201,0.7649749517440796,0.01233198307454586,-0.6403204202651978,0.06818950176239014,27.286976,-22.742244,0.267699,-4.484630
2026-08-05T11:50:40.191054,1785927040.191054,46.984196,0.7099705338478088,0.24099765717983246,-0.6538809537887573,0.10149714350700378,0.7652723789215088,0.012395847588777542,-0.6400060653686523,0.06779275089502335,27.337962,-22.837866,3.058526,-5.736089
2026-08-05T11:50:40.207675,1785927040.207675,47.000818,0.7102160453796387,0.2411249727010727,-0.6535699367523193,0.1014811247587204,0.7655259966850281,0.012296843342483044,-0.6397427320480347,0.06743142753839493,27.368615,-22.889860,1.844203,-3.128189
2026-08-05T11:50:40.211471,1785927040.211472,47.004614,0.7104969024658203,0.240906223654747,-0.6533611416816711,0.10137958824634552,0.7657240629196167,0.012142853811383247,-0.6395369172096252,0.06716068089008331,27.361999,-22.899899,-1.742624,-2.644383
2026-08-05T11:50:40.224378,1785927040.224378,47.017521,0.7106309533119202,0.24046184122562408,-0.6533879041671753,0.10132291913032532,0.7658727765083313,0.011875351890921593,-0.6393780708312988,0.06702475249767303,27.345357,-22.889893,-1.289458,0.775270
2026-08-05T11:50:40.241344,1785927040.241344,47.034487,0.7105512619018555,0.240191251039505,-0.6535513401031494,0.10146912932395935,0.7659420967102051,0.011404098011553288,-0.6393124461174011,0.0669403150677681,27.376998,-22.922690,1.864980,-1.933086
2026-08-05T11:50:40.257926,1785927040.257927,47.051069,0.7105716466903687,0.23966741561889648,-0.6536712050437927,0.10179184377193451,0.7658979892730713,0.010886585339903831,-0.6393572688102722,0.06710420548915863,27.377749,-22.928550,0.045269,-0.353394
2026-08-05T11:50:40.274719,1785927040.274719,47.067862,0.7104771137237549,0.23914848268032074,-0.6538664102554321,0.10241730511188507,0.7657461762428284,0.010492421686649323,-0.6394878625869751,0.06765363365411758,27.364119,-22.915240,-0.811671,0.792645
2026-08-05T11:50:40.291559,1785927040.291559,47.084702,0.7103566527366638,0.23880751430988312,-0.6539807319641113,0.10331437736749649,0.7655295729637146,0.01005124393850565,-0.6396456956863403,0.06867307424545288,27.370289,-22.906171,0.366386,0.538482
2026-08-05T11:50:40.313459,1785927040.313459,47.106602,0.7102536559104919,0.23843814432621002,-0.6540488600730896,0.10443765670061111,0.7653264403343201,0.009467747062444687,-0.6397490501403809,0.07004120200872421,27.387012,-22.897233,0.763603,0.408150
2026-08-05T11:50:40.324560,1785927040.324560,47.117703,0.7097821831703186,0.23840713500976562,-0.6543716788291931,0.10568369179964066,0.7651129364967346,0.00874256156384945,-0.6398568749427795,0.07147135585546494,27.469280,-22.934520,7.410910,-3.358933
2026-08-05T11:50:40.341174,1785927040.341174,47.134317,0.709733784198761,0.23753207921981812,-0.6545776128768921,0.10669850558042526,0.7649220824241638,0.00766016123816371,-0.6399534940719604,0.07276108860969543,27.484719,-22.918770,0.929259,0.948039
2026-08-05T11:50:40.358374,1785927040.358374,47.151517,0.7094500064849854,0.23649466037750244,-0.6550852656364441,0.107770636677742,0.7646665573120117,0.006036761216819286,-0.6401578187942505,0.07379519194364548,27.553230,-22.955314,3.983165,-2.124681
2026-08-05T11:50:40.374362,1785927040.374362,47.167505,0.7092787623405457,0.23512637615203857,-0.6556302309036255,0.1085745245218277,0.7642424702644348,0.0037158969789743423,-0.6406012773513794,0.07449046522378922,27.654710,-23.024531,6.347235,-4.329271
2026-08-05T11:50:40.391401,1785927040.391401,47.184544,0.7090477347373962,0.2336427867412567,-0.6563592553138733,0.10888075828552246,0.7636401653289795,0.0009592282585799694,-0.641273558139801,0.07496744394302368,27.783932,-23.096829,7.583962,-4.243118
2026-08-05T11:50:40.408115,1785927040.408116,47.201258,0.7086801528930664,0.23224328458309174,-0.6573030352592468,0.10857424139976501,0.76303631067276,-0.001441726926714182,-0.6419299244880676,0.07548915594816208,27.877936,-23.096176,5.624170,0.039051
2026-08-05T11:50:40.424322,1785927040.424323,47.217465,0.7083408832550049,0.23113089799880981,-0.6581957936286926,0.1077512577176094,0.7624855041503906,-0.0028030385728925467,-0.642520546913147,0.07598854601383209,27.881998,-22.997406,0.250626,6.094214
2026-08-05T11:50:40.440814,1785927040.440814,47.233957,0.7081133127212524,0.2300480753183365,-0.6589876413345337,0.10671765357255936,0.7621297836303711,-0.0030381735414266586,-0.6428915858268738,0.07640942931175232,27.766027,-22.798621,-7.032216,12.053829
2026-08-05T11:50:40.461383,1785927040.461384,47.254526,0.7080832719802856,0.22924813628196716,-0.6593979001045227,0.1061023473739624,0.7618838548660278,-0.0026732583064585924,-0.6431883573532104,0.07637858390808105,27.623260,-22.644393,-6.940765,7.497953
2026-08-05T11:50:40.474244,1785927040.474244,47.267387,0.7078285813331604,0.22899655997753143,-0.6598086953163147,0.10579222440719604,0.7616203427314758,-0.002181469928473234,-0.6435700058937073,0.07580609619617462,27.544284,-22.593743,-6.140821,3.938367
2026-08-05T11:50:40.524424,1785927040.524425,47.317567,0.7077269554138184,0.2288469672203064,-0.6600884795188904,0.10504750907421112,0.7614105343818665,-0.001595915760844946,-0.6439204812049866,0.07494628429412842,27.460800,-22.536194,-1.663661,1.146828
2026-08-05T11:50:40.529001,1785927040.529001,47.322144,0.707757294178009,0.22881895303726196,-0.6602277159690857,0.10402505844831467,0.7613750696182251,-0.0006615580059587955,-0.6440576910972595,0.07413683086633682,27.348958,-22.438980,-24.440029,21.243461
2026-08-05T11:50:40.541118,1785927040.541119,47.334261,0.7076180577278137,0.22920404374599457,-0.6603964567184448,0.10304779559373856,0.761461079120636,0.00048107001930475235,-0.64405357837677,0.07328572124242783,27.270127,-22.369971,-6.505600,5.695000
2026-08-05T11:50:40.558101,1785927040.558102,47.351244,0.7076229453086853,0.22962024807929993,-0.6604015231132507,0.10205037146806717,0.7616340517997742,0.0015734657645225525,-0.6439612507820129,0.07227834314107895,27.200295,-22.320990,-4.111854,2.884124
2026-08-05T11:50:40.574843,1785927040.574843,47.367985,0.7077813148498535,0.22984205186367035,-0.6602894067764282,0.10117447376251221,0.761989176273346,0.002562097739428282,-0.6436641812324524,0.07114627957344055,27.125527,-22.284885,-4.466032,2.156610
2026-08-05T11:50:40.591288,1785927040.591289,47.384431,0.7079578638076782,0.23011110723018646,-0.6600938439369202,0.10060250759124756,0.7625004053115845,0.003297057468444109,-0.6431965827941895,0.06985365599393845,27.095645,-22.312325,-1.817044,-1.668539
2026-08-05T11:50:40.608031,1785927040.608032,47.401174,0.7082700133323669,0.2300698608160019,-0.6598778367042542,0.09991401433944702,0.7630235552787781,0.0035003540106117725,-0.6427447199821472,0.0682717114686966,27.089765,-22.370471,-0.351152,-3.472871
2026-08-05T11:50:40.613387,1785927040.613387,47.406530,0.7085859775543213,0.22985032200813293,-0.659744381904602,0.09905709326267242,0.7635042667388916,0.0031530484557151794,-0.6423565745353699,0.06654515862464905,27.124131,-22.456768,6.416454,-16.112815
2026-08-05T11:50:40.624268,1785927040.624269,47.417411,0.7091485261917114,0.2294640839099884,-0.6594147682189941,0.09811712801456451,0.7639954090118408,0.0027153464034199715,-0.6419275999069214,0.06504985690116882,27.137660,-22.512789,1.243287,-5.148301
2026-08-05T11:50:40.640042,1785927040.640043,47.432307,0.7097001671791077,0.22906172275543213,-0.6590866446495056,0.09727010875940323,0.7645668983459473,0.002634059637784958,-0.6413357853889465,0.0641702190041542,27.105435,-22.497638,-2.163420,1.017161
2026-08-05T11:50:40.659222,1785927040.659222,47.452365,0.7102903723716736,0.2289208471775055,-0.6585900783538818,0.09665440022945404,0.7652139663696289,0.002831107936799526,-0.6405994296073914,0.06380465626716614,27.067609,-22.462499,-1.885806,1.751855
2026-08-05T11:50:40.674485,1785927040.674485,47.467627,0.7109149098396301,0.22882217168807983,-0.6579997539520264,0.09631603211164474,0.7658421397209167,0.0029174070805311203,-0.6398609280586243,0.06367399543523788,27.045208,-22.443426,-1.467665,1.249666
2026-08-05T11:50:40.691425,1785927040.691425,47.484567,0.7114655375480652,0.22865945100784302,-0.6575167775154114,0.09593554586172104,0.7664225697517395,0.002701838966459036,-0.6391867995262146,0.06347139179706573,27.050729,-22.445456,0.325901,-0.119812
2026-08-05T11:50:40.741566,1785927040.741567,47.534709,0.7122028470039368,0.2282877415418625,-0.6569452881813049,0.09526147693395615,0.7669200897216797,0.0021670283749699593,-0.6386343240737915,0.0630403533577919,27.058330,-22.450748,0.151595,-0.105554
2026-08-05T11:50:40.758062,1785927040.758063,47.551205,0.7127082347869873,0.2280331254005432,-0.6566218137741089,0.09431791305541992,0.7673652768135071,0.0016139508225023746,-0.6381751298904419,0.06228542700409889,27.088034,-22.471336,1.800657,-1.248038
2026-08-05T11:50:40.763822,1785927040.763822,47.556965,0.7134049534797668,0.22759473323822021,-0.6561238765716553,0.09357160329818726,0.767850935459137,0.0013323072344064713,-0.6376791596412659,0.06138015538454056,27.067512,-22.479035,-3.562883,-1.336707
2026-08-05T11:50:40.774608,1785927040.774608,47.567751,0.7136867642402649,0.2275051325559616,-0.6558815836906433,0.09333880245685577,0.7683538198471069,0.0009898482821881771,-0.6371727585792542,0.06034490466117859,27.116614,-22.570615,4.552304,-8.490649
2026-08-05T11:50:40.790273,1785927040.791477,47.583416,0.7141197919845581,0.22708608210086823,-0.6555801033973694,0.09316440671682358,0.7687031030654907,0.0002533448860049248,-0.636880099773407,0.0589771568775177,27.169016,-22.693122,3.345212,-7.820477
2026-08-05T11:50:40.808795,1785927040.808795,47.601938,0.7141536474227905,0.22706466913223267,-0.6555814146995544,0.09294804185628891,0.7688557505607605,-0.0005826833657920361,-0.6368272304534912,0.05753782391548157,27.283516,-22.858938,6.181823,-8.952373
2026-08-05T11:50:40.824728,1785927040.824728,47.617870,0.7142305970191956,0.22668783366680145,-0.6557132601737976,0.09234507381916046,0.7689594030380249,-0.0010260543785989285,-0.636805534362793,0.056374501436948776,27.302701,-22.907387,1.204120,-3.040885
2026-08-05T11:50:40.842055,1785927040.842055,47.635198,0.7143992185592651,0.2260247766971588,-0.6558494567871094,0.09169550240039825,0.7690163850784302,-0.0010135420598089695,-0.6367982625961304,0.05567605793476105,27.227230,-22.850628,-4.355580,3.275705
2026-08-05T11:50:40.858026,1785927040.858027,47.651169,0.7142347097396851,0.22581787407398224,-0.6561288833618164,0.0914875715970993,0.7690168023109436,-0.0009153098799288273,-0.636841893196106,0.05517048388719559,27.205350,-22.844888,-1.369958,0.359413
2026-08-05T11:50:40.874782,1785927040.874783,47.667925,0.7141090035438538,0.22603236138820648,-0.6561397910118103,0.09186192601919174,0.7688760757446289,-0.0010845228098332882,-0.6370534896850586,0.054684076458215714,27.260851,-22.941535,3.312239,-5.767781
2026-08-05T11:50:40.891403,1785927040.891403,47.684545,0.7136459946632385,0.22650562226772308,-0.6564114689826965,0.09235135465860367,0.76863694190979,-0.0015074028633534908,-0.6373695135116577,0.054353632032871246,27.380306,-23.077886,7.187365,-8.204000
2026-08-05T11:50:40.910438,1785927040.910439,47.701560,0.7134740948677063,0.22651198506355286,-0.6565715670585632,0.09252575784921646,0.7683511972427368,-0.0021093161776661873,-0.6377428770065308,0.05399021506309509,27.452440,-23.165685,4.239393,-5.160094
2026-08-05T11:50:40.923687,1785927040.923687,47.716829,0.7129811644554138,0.22642222046852112,-0.6571773886680603,0.09224358946084976,0.7679581046104431,-0.002761030336841941,-0.638256311416626,0.05348335951566696,27.522158,-23.222639,4.565997,-3.729995
2026-08-05T11:50:40.941485,1785927040.941485,47.734627,0.7126671075820923,0.22551310062408447,-0.6579607129096985,0.09130880236625671,0.7675540447235107,-0.0033414196223020554,-0.638778567314148,0.05301538109779358,27.477204,-23.145814,-2.525785,4.316414
2026-08-05T11:50:40.958061,1785927040.958062,47.750184,0.7125805616378784,0.22414109110832214,-0.658631443977356,0.09052357077598572,0.7671406269073486,-0.0037504571955651045,-0.6392872929573059,0.05283927172422409,27.352525,-23.000615,-8.014416,9.333494
2026-08-05T11:50:40.974730,1785927040.974730,47.767873,0.7124899625778198,0.2228761464357376,-0.6592724323272705,0.08968896418809891,0.7666726112365723,-0.0038997887168079615,-0.6398406624794006,0.05292292311787605,27.203521,-22.818971,-8.423788,10.269024
2026-08-05T11:50:40.990321,1785927040.990322,47.782350,0.7122407555580139,0.2222142070531845,-0.6599113345146179,0.0886075347661972,0.7662330269813538,-0.003994857892394066,-0.6403594017028809,0.053008340299129486,27.116371,-22.670482,-6.019725,10.256756
2026-08-05T11:50:41.008295,1785927041.008296,47.801438,0.7119578123092651,0.22163043916225433,-0.6605592966079712,0.08750815689563751,0.7658600211143494,-0.004000368062406778,-0.6408020853996277,0.05304872989654541,27.032469,-22.524532,-4.395558,7.646157
2026-08-05T11:50:41.022712,1785927041.022712,47.815855,0.7115030884742737,0.22154578566551208,-0.6611471176147461,0.0869796872138977,0.7654383182525635,-0.00433314498513937,-0.6413466334342957,0.052529022097587585,27.061061,-22.536937,1.983237,-0.860476
2026-08-05T11:50:41.040779,1785927041.040780,47.833131,0.7110204696655273,0.22163264453411102,-0.6616755127906799,0.08668626099824905,0.7648975849151611,-0.00508148455992341,-0.6420780420303345,0.05138721317052841,27.164439,-22.664104,5.983884,-7.360867
2026-08-05T11:50:41.055691,1785927041.055691,47.848833,0.7103620171546936,0.22160346806049347,-0.6624486446380615,0.08625339716672897,0.7643848061561584,-0.00604912219569087,-0.6427925825119019,0.04996192082762718,27.289916,-22.810066,7.990939,-9.295521
2026-08-05T11:50:41.073678,1785927041.073678,47.866821,0.7099421620368958,0.22101229429244995,-0.6631989479064941,0.08545871824026108,0.7639411091804504,-0.006535440683364868,-0.6434040069580078,0.04880273714661598,27.285486,-22.817277,-0.246315,-0.400877
2026-08-05T11:50:41.090347,1785927041.090347,47.882966,0.7092952728271484,0.2206316888332367,-0.6641149520874023,0.08469630777835846,0.7635824680328369,-0.006668458692729473,-0.6439045667648315,0.04778419807553291,27.274325,-22.805856,-0.691234,0.707413
2026-08-05T11:50:41.106968,1785927041.106968,47.900110,0.7086372971534729,0.22048772871494293,-0.6649311780929565,0.08417290449142456,0.7632536292076111,-0.006767872255295515,-0.6443673372268677,0.04677567631006241,27.290373,-22.831215,0.936047,-1.479197
2026-08-05T11:50:41.123853,1785927041.123854,47.916996,0.7080293297767639,0.22033289074897766,-0.6656668186187744,0.0838792696595192,0.7628544569015503,-0.007169909775257111,-0.6449280381202698,0.04548289626836777,27.343323,-22.919632,3.135794,-5.236268
2026-08-05T11:50:41.142026,1785927041.142026,47.935169,0.707281768321991,0.22045062482357025,-0.666435718536377,0.08377184718847275,0.7623406648635864,-0.007897095754742622,-0.6456285119056702,0.04401693493127823,27.469057,-23.086099,6.918954,-9.160341
2026-08-05T11:50:41.157929,1785927041.157929,47.951072,0.7068036198616028,0.22020475566387177,-0.6670754551887512,0.08336037397384644,0.7618021368980408,-0.008658602833747864,-0.646329402923584,0.04289437085390091,27.537419,-23.173393,4.298605,-5.489120
2026-08-05T11:50:41.175075,1785927041.175076,47.968218,0.7062421441078186,0.2201107293367386,-0.6677353978157043,0.08308347314596176,0.7613468766212463,-0.008793370798230171,-0.6468800902366638,0.04264584928750992,27.545266,-23.165044,0.457631,0.486943
2026-08-05T11:50:41.191697,1785927041.191698,47.984840,0.7056849598884583,0.22056767344474792,-0.6681756377220154,0.08306698501110077,0.7610245943069458,-0.008245296776294708,-0.6472305059432983,0.04318515211343765,27.531628,-23.110541,-0.820420,3.278988
2026-08-05T11:50:41.208506,1785927041.208507,48.001649,0.7053090333938599,0.2211090475320816,-0.6683958768844604,0.08304871618747711,0.760802149772644,-0.007209423463791609,-0.6474485397338867,0.04401612654328346,27.465100,-23.002070,-3.957931,6.453127
2026-08-05T11:50:41.212971,1785927041.212972,48.006114,0.7049897909164429,0.22159022092819214,-0.6685603857040405,0.08315278589725494,0.760612964630127,-0.006267962511628866,-0.6476380228996277,0.044639114290475845,27.407885,-22.922031,-12.813682,17.925442
2026-08-05T11:50:41.224212,1785927041.224212,48.017354,0.7047823667526245,0.2219916582107544,-0.6685959696769714,0.08355436474084854,0.7603694796562195,-0.005885921884328127,-0.6479111909866333,0.04487481713294983,27.409758,-22.933952,0.166595,-1.060492
2026-08-05T11:50:41.274341,1785927041.274342,48.067484,0.7045572996139526,0.22217822074890137,-0.6687197089195251,0.08396390825510025,0.7600803971290588,-0.006102460436522961,-0.6482479572296143,0.044875480234622955,27.458038,-22.994767,0.963111,-1.213168
2026-08-05T11:50:41.290918,1785927041.290918,48.084060,0.7042251825332642,0.22243286669254303,-0.6689440608024597,0.08428798615932465,0.7598286271095276,-0.006404632702469826,-0.6485319137573242,0.04499663785099983,27.524813,-23.053601,4.028315,-3.549256
2026-08-05T11:50:41.308954,1785927041.308954,48.101034,0.7038331627845764,0.2229369580745697,-0.6691597104072571,0.0845179408788681,0.7596933841705322,-0.006556869484484196,-0.6486738920211792,0.0452071949839592,27.605137,-23.110482,4.732320,-3.351168
2026-08-05T11:50:41.325045,1785927041.325045,48.118187,0.7036975622177124,0.2231031060218811,-0.6692609190940857,0.08440731465816498,0.7596431374549866,-0.006344622932374477,-0.6487155556678772,0.04548288509249687,27.595674,-23.076887,-0.551614,1.958426
2026-08-05T11:50:41.341684,1785927041.341685,48.134827,0.7037926912307739,0.2230173498392105,-0.6691854596138,0.08443871140480042,0.7597004175186157,-0.0059479582123458385,-0.648627758026123,0.0458298921585083,27.535709,-23.012072,-3.603775,3.895288
2026-08-05T11:50:41.357993,1785927041.357993,48.151135,0.7037981748580933,0.22318695485591888,-0.6690601110458374,0.08493752777576447,0.7598540186882019,-0.005440988577902317,-0.6484189629554749,0.046299248933792114,27.503892,-22.988330,-1.950987,1.455796
2026-08-05T11:50:41.362612,1785927041.362612,48.155755,0.7039525508880615,0.22345495223999023,-0.6687172055244446,0.0856526792049408,0.7600234150886536,-0.005061042960733175,-0.6481839418411255,0.046850040555000305,27.493956,-22.995329,-2.150780,-1.515108
2026-08-05T11:50:41.368546,1785927041.368546,48.161688,0.7039766907691956,0.223854660987854,-0.6684736609458923,0.08630815893411636,0.7601455450057983,-0.005056736525148153,-0.6480010747909546,0.047396741807460785,27.541615,-23.041027,8.032135,-7.701697
2026-08-05T11:50:41.374334,1785927041.374335,48.166835,0.7041234970092773,0.224214106798172,-0.6681444048881531,0.0867253988981247,0.7602419853210449,-0.005305699538439512,-0.647847056388855,0.04792504757642746,27.603524,-23.088242,12.028715,-9.173716
2026-08-05T11:50:41.391644,1785927041.391644,48.184787,0.7041854858398438,0.22470435500144958,-0.6678875684738159,0.08693135529756546,0.7603528499603271,-0.00549429003149271,-0.6476866602897644,0.04830947890877724,27.675446,-23.137681,4.006455,-2.754016
2026-08-05T11:50:41.407903,1785927041.407904,48.201046,0.704469621181488,0.22478412091732025,-0.66758131980896,0.08677532523870468,0.7604961395263672,-0.005563096608966589,-0.6474988460540771,0.04856332391500473,27.679364,-23.123243,0.240994,0.887959
2026-08-05T11:50:41.424419,1785927041.424420,48.217562,0.7047638297080994,0.22483140230178833,-0.6672307848930359,0.08696013689041138,0.760768473148346,-0.00539725786074996,-0.6471624374389648,0.04879683628678322,27.664669,-23.115011,-0.889748,0.498445
2026-08-05T11:50:41.441728,1785927041.441729,48.234308,0.7050307989120483,0.2250218242406845,-0.6668249368667603,0.08741526305675507,0.7610598802566528,-0.005235104821622372,-0.6468088626861572,0.04895758256316185,27.673348,-23.146446,0.518252,-1.877243
2026-08-05T11:50:41.491742,1785927041.491743,48.284885,0.7051743865013123,0.2253609150648117,-0.666492760181427,0.08791535347700119,0.7612562775611877,-0.005199121311306953,-0.6465790867805481,0.04894648864865303,27.716696,-23.217023,0.857079,-1.395440
2026-08-05T11:50:41.508096,1785927041.508097,48.301239,0.7052059769630432,0.22579333186149597,-0.6662517786026001,0.08837717771530151,0.7614022493362427,-0.005108205135911703,-0.6464066505432129,0.048963066190481186,27.765121,-23.285325,2.960964,-4.176387
2026-08-05T11:50:41.512648,1785927041.512648,48.305790,0.70542311668396,0.22615736722946167,-0.6658546924591064,0.08870581537485123,0.7615944743156433,-0.00462475698441267,-0.6461649537086487,0.04921313002705574,27.751295,-23.287439,-3.037771,-0.464374
2026-08-05T11:50:41.524460,1785927041.524460,48.317602,0.705668032169342,0.22623316943645477,-0.6655590534210205,0.08878423273563385,0.7617951035499573,-0.003925761673599482,-0.6459032297134399,0.04960138350725174,27.675232,-23.215180,-6.439524,6.117426
2026-08-05T11:50:41.541403,1785927041.541403,48.334546,0.7057909965515137,0.22640568017959595,-0.6653444766998291,0.08897379785776138,0.7619235515594482,-0.003343870397657156,-0.6457340717315674,0.049871936440467834,27.628293,-23.177613,-2.770379,2.217246
2026-08-05T11:50:41.558903,1785927041.558903,48.352046,0.7058374881744385,0.22673463821411133,-0.665151834487915,0.0892091691493988,0.7619720697402954,-0.0029370624106377363,-0.6456668376922607,0.0500248558819294,27.620135,-23.180448,-0.466151,-0.162021
2026-08-05T11:50:41.574368,1785927041.574368,48.367511,0.7058666944503784,0.22714422643184662,-0.6649302840232849,0.0895858034491539,0.7619897127151489,-0.0025432314723730087,-0.6456321477890015,0.05022704228758812,27.623110,-23.198134,0.192368,-1.143590
2026-08-05T11:50:41.591427,1785927041.591428,48.384570,0.7057870626449585,0.2276248186826706,-0.6647928953170776,0.09001168608665466,0.7619745135307312,-0.002205525990575552,-0.645630419254303,0.05049201473593712,27.642395,-23.225087,1.130471,-1.579996
2026-08-05T11:50:41.608349,1785927041.608350,48.401492,0.7057349681854248,0.22796808183193207,-0.6646737456321716,0.09043046832084656,0.7618937492370605,-0.002138672862201929,-0.6457002758979797,0.0508197583258152,27.672097,-23.256049,1.755150,-1.829611
2026-08-05T11:50:41.625027,1785927041.625027,48.418169,0.7055864930152893,0.22831670939922333,-0.6646687984466553,0.09074535220861435,0.7617658972740173,-0.002178594935685396,-0.6458196640014648,0.051216091960668564,27.712829,-23.282403,2.442425,-1.580262
2026-08-05T11:50:41.641683,1785927041.641683,48.434826,0.7055248618125916,0.22844980657100677,-0.6646872758865356,0.09075457602739334,0.7616231441497803,-0.0021996372379362583,-0.645955502986908,0.05162320286035538,27.719112,-23.263486,0.377188,1.135729
2026-08-05T11:50:41.658214,1785927041.658214,48.451357,0.7054929733276367,0.2283516824245453,-0.6647796630859375,0.09057236462831497,0.7615025639533997,-0.0019205901771783829,-0.6460573077201843,0.05213797837495804,27.662078,-23.175255,-3.450125,5.337321
2026-08-05T11:50:41.663748,1785927041.663749,48.456891,0.705450177192688,0.22824744880199432,-0.6648808717727661,0.09042549133300781,0.7614257335662842,-0.0013595642521977425,-0.646103024482727,0.0527074821293354,27.575130,-23.061482,-15.711176,20.558248
2026-08-05T11:50:41.674518,1785927041.674519,48.467661,0.7054501175880432,0.2282848209142685,-0.6648521423339844,0.09054215997457504,0.7613521814346313,-0.000849834643304348,-0.6461515426635742,0.05318191647529602,27.513840,-22.992609,-5.690646,6.394705
2026-08-05T11:50:41.690874,1785927041.690874,48.484016,0.7053289413452148,0.22867801785469055,-0.6647877097129822,0.0909663662314415,0.7612764835357666,-0.0005549788475036621,-0.6462121605873108,0.05353236570954323,27.526128,-23.007249,0.751365,-0.895097
2026-08-05T11:50:41.708177,1785927041.708177,48.501319,0.705226480960846,0.22914573550224304,-0.6646807789802551,0.09136469662189484,0.7612099647521973,-0.00047647254541516304,-0.646274209022522,0.0537283793091774,27.572223,-23.057482,2.663982,-2.903135
2026-08-05T11:50:41.723945,1785927041.723945,48.517087,0.7051777243614197,0.22919170558452606,-0.6647335290908813,0.09124146401882172,0.761134684085846,-0.0006144777871668339,-0.646358847618103,0.053775604814291,27.588467,-23.059270,1.030204,-0.113401
2026-08-05T11:50:41.741083,1785927041.741083,48.534225,0.7053190469741821,0.22881385684013367,-0.6647629141807556,0.09088319540023804,0.7610828280448914,-0.0008821128867566586,-0.6464248895645142,0.0537119135260582,27.565495,-23.024700,-1.340437,2.017167
2026-08-05T11:50:41.757930,1785927041.757931,48.551073,0.7053381204605103,0.22853097319602966,-0.664894700050354,0.09048187732696533,0.7611073851585388,-0.0011050496250391006,-0.6463980078697205,0.053682610392570496,27.553806,-22.989940,-0.693831,2.063213
2026-08-05T11:50:41.775216,1785927041.775217,48.568359,0.7055612802505493,0.22816354036331177,-0.6648305058479309,0.0901414006948471,0.7612218260765076,-0.0012603867799043655,-0.6462702751159668,0.053593896329402924,27.523572,-22.953043,-1.749026,2.134484
2026-08-05T11:50:41.791163,1785927041.791163,48.584306,0.7055493593215942,0.22804026305675507,-0.6649101376533508,0.08995776623487473,0.7613497972488403,-0.0015474483370780945,-0.6461382508277893,0.053359996527433395,27.548214,-22.972190,1.545269,-1.200661
2026-08-05T11:50:41.814027,1785927041.814027,48.605519,0.7056884765625,0.2280181348323822,-0.6647840738296509,0.0898541808128357,0.7614524364471436,-0.001966256182640791,-0.6460455656051636,0.05300121754407883,27.595276,-23.027959,2.218528,-2.629022
2026-08-05T11:50:41.824119,1785927041.824119,48.617262,0.7057055234909058,0.2282940298318863,-0.6646481156349182,0.09002590924501419,0.7615870833396912,-0.002144306432455778,-0.6459063291549683,0.05275563523173332,27.656037,-23.102862,5.174309,-6.378585
2026-08-05T11:50:41.840177,1785927041.840178,48.632780,0.7058039307594299,0.2286159098148346,-0.6644104719161987,0.09019237756729126,0.76176518201828,-0.0019595776684582233,-0.6456995606422424,0.05272538587450981,27.676568,-23.135249,1.322974,-2.086971
2026-08-05T11:50:41.873854,1785927041.873854,48.666997,0.7060150504112244,0.22863832116127014,-0.6641840934753418,0.09014952182769775,0.7619537115097046,-0.0015933369286358356,-0.6454738974571228,0.05277439206838608,27.636329,-23.103110,-1.176001,0.939300
2026-08-05T11:50:41.891162,1785927041.891162,48.684305,0.7061289548873901,0.22859320044517517,-0.6640903949737549,0.09006150811910629,0.7621105313301086,-0.0015429547056555748,-0.6453050971031189,0.05257738381624222,27.629566,-23.106162,-0.390781,-0.176341
2026-08-05T11:50:41.907635,1785927041.907635,48.700778,0.7062575817108154,0.22846436500549316,-0.6640177965164185,0.089914970099926,0.762200117111206,-0.001966964453458786,-0.6452447175979614,0.052000030875205994,27.668796,-23.165729,2.381535,-3.616071
2026-08-05T11:50:41.924244,1785927041.924244,48.717386,0.706390917301178,0.22816234827041626,-0.6640262007713318,0.08957192301750183,0.7622183561325073,-0.00266333669424057,-0.6452826261520386,0.05122525990009308,27.716882,-23.231734,2.895231,-3.974128
2026-08-05T11:50:41.940775,1785927041.940775,48.733917,0.7063999176025391,0.22781908512115479,-0.6641896963119507,0.08916280418634415,0.7622097134590149,-0.0032029603607952595,-0.6453394889831543,0.050601232796907425,27.743005,-23.262988,1.580202,-1.890661
2026-08-05T11:50:41.957670,1785927041.957670,48.750813,0.7063929438591003,0.22772692143917084,-0.6642544865608215,0.08896976709365845,0.762241005897522,-0.00323076662607491,-0.6453151106834412,0.05044013261795044,27.737137,-23.255171,-0.347311,0.462703
2026-08-05T11:50:41.963370,1785927041.963371,48.756513,0.7065417170524597,0.22759778797626495,-0.6641523241996765,0.08888162672519684,0.7622790336608887,-0.0028988299891352654,-0.6452590227127075,0.05060248821973801,27.678248,-23.197004,-10.331165,10.204484
2026-08-05T11:50:41.974276,1785927041.974276,48.767418,0.7065193057060242,0.22776077687740326,-0.6641079783439636,0.08897363394498825,0.7622559666633606,-0.0026350351981818676,-0.6452648639678955,0.050888773053884506,27.663090,-23.174135,-1.389913,2.096977
2026-08-05T11:50:41.990805,1785927041.990806,48.782951,0.706459641456604,0.2279146909713745,-0.6641123294830322,0.08901949971914291,0.7621631622314453,-0.0026011806912720203,-0.6453621983528137,0.051044926047325134,27.672620,-23.175329,0.613533,-0.076872
2026-08-05T11:50:42.007884,1785927042.007885,48.799722,0.7064134478569031,0.2280958592891693,-0.6641125679016113,0.088920958340168,0.7620177268981934,-0.0027393950149416924,-0.6455332636833191,0.051048822700977325,27.701868,-23.193895,1.743955,-1.106975
2026-08-05T11:50:42.023710,1785927042.023710,48.816853,0.7063223719596863,0.22811304032802582,-0.6642311811447144,0.0887141153216362,0.7618873715400696,-0.00274538341909647,-0.6456826329231262,0.05110303685069084,27.698395,-23.173908,-0.202736,1.166689
2026-08-05T11:50:42.041082,1785927042.041083,48.834225,0.706134021282196,0.22823338210582733,-0.6643930077552795,0.0886927992105484,0.7618057131767273,-0.002736321184784174,-0.6457792520523071,0.051099371165037155,27.713795,-23.180896,0.886479,-0.402266
2026-08-05T11:50:42.057610,1785927042.057611,48.850753,0.7060316205024719,0.22837506234645844,-0.6644365787506104,0.08881548792123795,0.7617122530937195,-0.002541419118642807,-0.6458789706230164,0.05124082788825035,27.707317,-23.173855,-0.391914,0.426001
2026-08-05T11:50:42.073650,1785927042.073650,48.866793,0.7058231234550476,0.22874987125396729,-0.6644827127456665,0.08916331827640533,0.7615892291069031,-0.0023031639866530895,-0.6460150480270386,0.05136773735284805,27.727869,-23.201890,1.281315,-1.747869
2026-08-05T11:50:42.113535,1785927042.113536,48.906678,0.7056649923324585,0.22902797162532806,-0.6645091772079468,0.08950307220220566,0.7614533305168152,-0.0020545683801174164,-0.646161675453186,0.051546964794397354,27.733572,-23.215424,0.143006,-0.339328
2026-08-05T11:50:42.124073,1785927042.124073,48.917216,0.705550491809845,0.22916997969150543,-0.6645405888557434,0.08980906009674072,0.7613162994384766,-0.0018522068858146667,-0.6463024020195007,0.05181495472788811,27.726035,-23.211019,-0.715269,0.418036
2026-08-05T11:50:42.140065,1785927042.140065,48.932111,0.7053456902503967,0.2293832004070282,-0.6646728515625,0.08989548683166504,0.7611516714096069,-0.001969051081687212,-0.6464844942092896,0.051956068724393845,27.762151,-23.232957,2.424680,-1.472809
2026-08-05T11:50:42.158329,1785927042.158329,48.951472,0.7052613496780396,0.22924423217773438,-0.6648309230804443,0.0897422507405281,0.7609894871711731,-0.002394832205027342,-0.6466787457466125,0.051897067576646805,27.789759,-23.246371,1.425951,-0.692822
2026-08-05T11:50:42.173951,1785927042.173951,48.967093,0.7050317525863647,0.22905342280864716,-0.6651783585548401,0.08945824950933456,0.760818362236023,-0.0030577299185097218,-0.6469031572341919,0.05157144367694855,27.845319,-23.285037,3.556575,-2.475185
2026-08-05T11:50:42.191929,1785927042.191930,48.984454,0.7050243020057678,0.22858428955078125,-0.6653942465782166,0.08911070227622986,0.760657012462616,-0.0037865720223635435,-0.6471155881881714,0.05123794451355934,27.869726,-23.300378,1.405900,-0.883635
2026-08-05T11:50:42.207193,1785927042.207194,49.000336,0.7049342393875122,0.22832578420639038,-0.6655927300453186,0.08900324255228043,0.7605606317520142,-0.004233077168464661,-0.6472342014312744,0.05113346502184868,27.890991,-23.312316,1.338919,-0.751658
2026-08-05T11:50:42.224448,1785927042.224448,49.017590,0.7049804925918579,0.22820284962654114,-0.665579617023468,0.08904915302991867,0.7605580687522888,-0.004041507840156555,-0.647205650806427,0.05154900625348091,27.848426,-23.256127,-2.466953,3.256522
2026-08-05T11:50:42.241034,1785927042.241034,49.034177,0.7050400376319885,0.22803175449371338,-0.6655862331390381,0.0889672040939331,0.7605793476104736,-0.003589329309761524,-0.6471367478370667,0.05213049426674843,27.767378,-23.151315,-4.886417,6.319224
2026-08-05T11:50:42.257706,1785927042.257706,49.050848,0.7050768136978149,0.22802601754665375,-0.6655625700950623,0.08886803686618805,0.7605825066566467,-0.0031174204777926207,-0.6470872759819031,0.05272386223077774,27.701791,-23.057669,-3.934001,5.616956
2026-08-05T11:50:42.264269,1785927042.264269,49.057412,0.7052512764930725,0.22810585796833038,-0.6653409600257874,0.08893796801567078,0.7606286406517029,-0.0029032411985099316,-0.6470072269439697,0.053052496165037155,27.677809,-23.028400,-3.654019,4.459597
2026-08-05T11:50:42.273630,1785927042.273631,49.066773,0.7052746415138245,0.2283613085746765,-0.6652138829231262,0.08904798328876495,0.7607560753822327,-0.0029364232905209064,-0.6468555331230164,0.053074706345796585,27.714239,-23.063754,3.891518,-3.776638
2026-08-05T11:50:42.289996,1785927042.289997,49.083139,0.7053453326225281,0.22847583889961243,-0.6650554537773132,0.08937684446573257,0.7608925104141235,-0.00320399459451437,-0.6467046141624451,0.05294054374098778,27.766214,-23.134721,3.175831,-4.336243
2026-08-05T11:50:42.306603,1785927042.306603,49.099746,0.7054194808006287,0.22850316762924194,-0.664922833442688,0.08970756828784943,0.7610359787940979,-0.0036723497323691845,-0.64654940366745,0.05274534225463867,27.832296,-23.219613,3.979208,-5.111858
2026-08-05T11:50:42.323901,1785927042.323901,49.117044,0.7055585384368896,0.228342667222023,-0.6648059487342834,0.08988946676254272,0.7611783146858215,-0.003999078646302223,-0.6463738083839417,0.052816420793533325,27.853242,-23.243535,1.210876,-1.382934
2026-08-05T11:50:42.340961,1785927042.340961,49.134104,0.7057359218597412,0.22810450196266174,-0.6646778583526611,0.09004843235015869,0.7613510489463806,-0.004512201063334942,-0.6461737751960754,0.05273529142141342,27.888414,-23.286755,2.061686,-2.533425
2026-08-05T11:50:42.357341,1785927042.357341,49.150484,0.7059019804000854,0.22765053808689117,-0.6646586656570435,0.09003670513629913,0.7614611387252808,-0.005075918510556221,-0.6460410356521606,0.05272041633725166,27.900135,-23.295202,0.715554,-0.515703
2026-08-05T11:50:42.374312,1785927042.374312,49.167454,0.7059749960899353,0.22722367942333221,-0.664747953414917,0.08988345414400101,0.7615424394607544,-0.0058860559947788715,-0.6459581255912781,0.05247754603624344,27.945873,-23.333245,2.695104,-2.241616
2026-08-05T11:50:42.390537,1785927042.390538,49.183680,0.7062653303146362,0.22657881677150726,-0.6646835803985596,0.08970600366592407,0.7615975737571716,-0.006612466182559729,-0.6458964347839355,0.052350614219903946,27.947787,-23.333762,0.117937,-0.031907
2026-08-05T11:50:42.423990,1785927042.423990,49.216116,0.706193208694458,0.22640129923820496,-0.6648152470588684,0.08974654227495193,0.7616369724273682,-0.007205059286206961,-0.6458559036254883,0.05219731852412224,28.001628,-23.382777,1.659932,-1.511142
2026-08-05T11:50:42.440496,1785927042.440496,49.233639,0.706267237663269,0.22609391808509827,-0.6648336052894592,0.08980248868465424,0.7616789937019348,-0.007513619959354401,-0.6458064913749695,0.052153680473566055,28.003300,-23.388929,0.095448,-0.351049
2026-08-05T11:50:42.457219,1785927042.457219,49.250362,0.7062885761260986,0.22584468126296997,-0.6648823618888855,0.0899016410112381,0.7616901397705078,-0.007666515652090311,-0.6457918882369995,0.05214996635913849,27.994782,-23.386633,-0.509395,0.137256
2026-08-05T11:50:42.473673,1785927042.473673,49.266815,0.7063118815422058,0.2256336659193039,-0.6649171710014343,0.08998981863260269,0.7616040110588074,-0.007795867044478655,-0.6458837389945984,0.05224936828017235,27.982164,-23.375672,-0.766890,0.666203
2026-08-05T11:50:42.490683,1785927042.490683,49.283826,0.7062832117080688,0.22539395093917847,-0.6650453805923462,0.08986871689558029,0.7614715695381165,-0.00814373791217804,-0.6460442543029785,0.052141353487968445,27.990889,-23.379998,0.512934,-0.254331
2026-08-05T11:50:42.507108,1785927042.507108,49.300251,0.7061573266983032,0.22537624835968018,-0.6652149558067322,0.08964718878269196,0.7613474726676941,-0.00834968313574791,-0.646199643611908,0.051995694637298584,28.010540,-23.387971,1.196405,-0.485406
2026-08-05T11:50:42.524601,1785927042.524602,49.317744,0.7060975432395935,0.22529862821102142,-0.6653282046318054,0.08947265893220901,0.7612379193305969,-0.007979053072631359,-0.6463117599487305,0.05226360261440277,27.951788,-23.313393,-3.358420,4.263140
2026-08-05T11:50:42.540685,1785927042.540685,49.333828,0.7059234380722046,0.22546635568141937,-0.665451169013977,0.08951040357351303,0.7611642479896545,-0.007670872379094362,-0.6463969349861145,0.05232800170779228,27.938745,-23.298577,-0.810986,0.921186
2026-08-05T11:50:42.557441,1785927042.557441,49.350584,0.7059492468833923,0.22538389265537262,-0.6654627919197083,0.0894261971116066,0.7611005306243896,-0.007435654755681753,-0.6464791297912598,0.0522758811712265,27.900037,-23.267680,-2.310110,1.843943
2026-08-05T11:50:42.563076,1785927042.563077,49.355235,0.7058916687965393,0.2252611517906189,-0.6656025052070618,0.08915040642023087,0.7610467076301575,-0.007386186625808477,-0.6465629935264587,0.05202990397810936,27.881055,-23.249157,-4.080997,3.982376
2026-08-05T11:50:42.574354,1785927042.574355,49.367497,0.7058518528938293,0.22503119707107544,-0.6657658815383911,0.08882732689380646,0.7610042691230774,-0.007498126942664385,-0.646630585193634,0.051791712641716,27.867299,-23.230512,-1.121810,1.520499
2026-08-05T11:50:42.590036,1785927042.590037,49.383179,0.7057904005050659,0.22508104145526886,-0.6658218502998352,0.08876863121986389,0.7609505653381348,-0.007655688561499119,-0.6467053294181824,0.05162595212459564,27.892172,-23.255829,1.586065,-1.614396
2026-08-05T11:50:42.607191,1785927042.607191,49.400334,0.7057700753211975,0.22519804537296295,-0.6658047437667847,0.08876106142997742,0.7609547972679138,-0.007804367691278458,-0.646708607673645,0.05150022730231285,27.924121,-23.288520,1.862391,-1.905686
2026-08-05T11:50:42.623716,1785927042.623716,49.415917,0.7057785391807556,0.22535555064678192,-0.6657520532608032,0.08869016915559769,0.7610259056091309,-0.007707278244197369,-0.6466274261474609,0.051480501890182495,27.931804,-23.292323,0.493019,-0.243996
2026-08-05T11:50:42.640188,1785927042.640189,49.433331,0.7057817578315735,0.2253449708223343,-0.6657847762107849,0.08844520151615143,0.7611316442489624,-0.0076380157843232155,-0.6465194225311279,0.051284387707710266,27.926081,-23.283868,-0.328627,0.485496
2026-08-05T11:50:42.656765,1785927042.656765,49.449908,0.7059056162834167,0.22504840791225433,-0.6657992601394653,0.08810292184352875,0.7612314820289612,-0.007916497066617012,-0.6464405655860901,0.05075265094637871,27.927656,-23.297458,0.094984,-0.819846
2026-08-05T11:50:42.673341,1785927042.673342,49.466484,0.7059741020202637,0.2247648537158966,-0.6658464074134827,0.08792099356651306,0.7613185048103333,-0.008325465954840183,-0.6463772654533386,0.05018395185470581,27.949927,-23.337754,1.343613,-2.430963
2026-08-05T11:50:42.690518,1785927042.690518,49.483660,0.7060396671295166,0.22465163469314575,-0.6658130884170532,0.08793537318706512,0.7613915205001831,-0.008754374459385872,-0.646320641040802,0.049728620797395706,27.993710,-23.401384,2.548999,-3.704517
2026-08-05T11:50:42.712570,1785927042.712571,49.505713,0.7060800194740295,0.22461853921413422,-0.6657757759094238,0.08797851949930191,0.7614647150039673,-0.009070632047951221,-0.6462472081184387,0.04950708523392677,28.031019,-23.446904,1.691785,-2.064096
2026-08-05T11:50:42.723859,1785927042.723859,49.517001,0.7061350345611572,0.2245805859565735,-0.6657511591911316,0.08782019466161728,0.7615767121315002,-0.008940202184021473,-0.6461023092269897,0.04969818517565727,28.008676,-23.407704,-1.979376,3.472777
2026-08-05T11:50:42.740491,1785927042.740492,49.533634,0.7064008712768555,0.22433790564537048,-0.6655814051628113,0.08758857101202011,0.7617177963256836,-0.008899977430701256,-0.6459308862686157,0.04977154731750488,27.968644,-23.362207,-2.406743,2.735287
2026-08-05T11:50:42.757284,1785927042.757284,49.550426,0.706493616104126,0.22416405379772186,-0.66556316614151,0.0874246135354042,0.761813759803772,-0.00924736075103283,-0.6458273530006409,0.04958247393369675,27.989168,-23.379883,1.222182,-1.052586
2026-08-05T11:50:42.773576,1785927042.773576,49.565933,0.7065852284431458,0.22385624051094055,-0.6656080484390259,0.08712930977344513,0.7618523240089417,-0.00988572183996439,-0.6458052396774292,0.049152154475450516,28.027393,-23.417746,2.465137,-2.441803
2026-08-05T11:50:42.790546,1785927042.790547,49.583689,0.7066634893417358,0.2234024852514267,-0.6657251715660095,0.0867658406496048,0.7619038820266724,-0.010642580687999725,-0.6457788348197937,0.04854104667901993,28.066027,-23.461045,2.175808,-2.438550
2026-08-05T11:50:42.806872,1785927042.806873,49.600015,0.7067906856536865,0.22279545664787292,-0.6658547520637512,0.0862945169210434,0.7619881629943848,-0.011218549683690071,-0.6457123756408691,0.047966085374355316,28.065206,-23.464538,-0.050267,-0.213941
2026-08-05T11:50:42.823816,1785927042.823817,49.616959,0.7068570852279663,0.22227820754051208,-0.6660118699073792,0.08586994558572769,0.7621167302131653,-0.011440669186413288,-0.6455755233764648,0.04771215468645096,28.033929,-23.425377,-1.845893,2.311164
2026-08-05T11:50:42.840701,1785927042.840701,49.633843,0.7071205377578735,0.22178176045417786,-0.6659342050552368,0.08558674156665802,0.7622376680374146,-0.011539377272129059,-0.6454376578330994,0.04762141779065132,27.983337,-23.376530,-2.996405,2.893122
2026-08-05T11:50:42.862117,1785927042.862117,49.655259,0.7072636485099792,0.22149227559566498,-0.6659042835235596,0.0853874459862709,0.762310802936554,-0.011798713356256485,-0.6453614234924316,0.04742258042097092,27.978616,-23.373948,-0.220471,0.120568
2026-08-05T11:50:42.873727,1785927042.873727,49.666870,0.7072579264640808,0.22135038673877716,-0.6659913063049316,0.0851241797208786,0.7623475193977356,-0.01230207085609436,-0.6453404426574707,0.0469866544008255,28.023861,-23.418135,3.897020,-3.805870
2026-08-05T11:50:42.890399,1785927042.890400,49.683542,0.7073865532875061,0.22095850110054016,-0.6660467386245728,0.08463749289512634,0.7623980045318604,-0.012849372811615467,-0.6453131437301636,0.04639396071434021,28.041738,-23.439055,1.072220,-1.254747
2026-08-05T11:50:42.907950,1785927042.907951,49.701093,0.7073929309844971,0.2207087129354477,-0.666170060634613,0.08426406979560852,0.7624150514602661,-0.01320088841021061,-0.6453244090080261,0.0458550900220871,28.057365,-23.459683,0.890407,-1.175325
2026-08-05T11:50:42.923513,1785927042.923514,49.716656,0.7074036002159119,0.2204892486333847,-0.6662830710411072,0.08385526388883591,0.7624167203903198,-0.01337595097720623,-0.6453531384468079,0.04536857455968857,28.054466,-23.461191,-0.186274,-0.096931
2026-08-05T11:50:42.940554,1785927042.940554,49.733697,0.7074548006057739,0.2202509641647339,-0.6663424372673035,0.08357761055231094,0.762365460395813,-0.013413946144282818,-0.6454415917396545,0.04495829716324806,28.031789,-23.452534,-1.330767,0.508010
2026-08-05T11:50:42.957174,1785927042.957175,49.750317,0.7073773741722107,0.22009718418121338,-0.666519045829773,0.08322888612747192,0.7622936964035034,-0.013562824577093124,-0.6455617547035217,0.04440440610051155,28.035710,-23.466020,0.235939,-0.811393
2026-08-05T11:50:42.975650,1785927042.975650,49.766776,0.7074480652809143,0.2198016345500946,-0.6666128039360046,0.0826566219329834,0.7622491717338562,-0.013790562748908997,-0.6456483006477356,0.043834373354911804,28.025255,-23.458769,-0.635247,0.440524
2026-08-05T11:50:42.990601,1785927042.990601,49.783743,0.7073067426681519,0.21973484754562378,-0.6668469309806824,0.08215250074863434,0.762218713760376,-0.014032864943146706,-0.6457245349884033,0.04315916448831558,28.052255,-23.486450,1.591244,-1.631409
2026-08-05T11:50:43.010730,1785927043.010731,49.803873,0.7071338295936584,0.21974597871303558,-0.6670900583267212,0.0816371813416481,0.7621979117393494,-0.014397281222045422,-0.6458026766777039,0.04222864285111427,28.107046,-23.550661,2.721871,-3.189825
2026-08-05T11:50:43.023572,1785927043.023572,49.816715,0.7070204615592957,0.2196505069732666,-0.6672772765159607,0.08134400844573975,0.762165367603302,-0.014742369763553143,-0.6459032297134399,0.04114493727684021,28.152430,-23.631782,3.534300,-6.317208
2026-08-05T11:50:43.057864,1785927043.057865,49.851007,0.7069317102432251,0.21941885352134705,-0.6674835085868835,0.08104768395423889,0.7621119022369385,-0.014918736182153225,-0.6460200548171997,0.040229957550764084,28.159950,-23.672382,0.219287,-1.183936
2026-08-05T11:50:43.077823,1785927043.077823,49.866801,0.706829845905304,0.2191576063632965,-0.6677135229110718,0.08074847608804703,0.7620392441749573,-0.014717698097229004,-0.6461417078971863,0.0397200733423233,28.114857,-23.646248,-2.855019,1.654678
2026-08-05T11:50:43.090537,1785927043.090538,49.883680,0.7067829370498657,0.21915879845619202,-0.6677882075309753,0.08053936809301376,0.7619930505752563,-0.014140544459223747,-0.6462113857269287,0.039682645350694656,28.048060,-23.583448,-3.957469,3.720620
2026-08-05T11:50:43.107745,1785927043.107746,49.900538,0.7065799236297607,0.2195412516593933,-0.6678739786148071,0.08056820183992386,0.761972963809967,-0.013648848049342632,-0.6462399363517761,0.03977533057332039,28.040145,-23.570868,-0.469507,0.746224
2026-08-05T11:50:43.124478,1785927043.124479,49.917188,0.7064492106437683,0.21971070766448975,-0.6679544448852539,0.08058399707078934,0.7618793249130249,-0.013667961582541466,-0.6463554501533508,0.0396851971745491,28.063605,-23.594316,1.409025,-1.408293
2026-08-05T11:50:43.140549,1785927043.140549,49.932673,0.706241250038147,0.219830721616745,-0.6681399941444397,0.08054108172655106,0.7617135047912598,-0.014110933989286423,-0.6465569734573364,0.03942861407995224,28.130781,-23.656259,4.338210,-4.000242
2026-08-05T11:50:43.157420,1785927043.157421,49.950563,0.7062101364135742,0.2196071296930313,-0.6682658195495605,0.08037982136011124,0.7616112232208252,-0.014410419389605522,-0.6466756463050842,0.03935433179140091,28.135679,-23.652907,0.273786,0.187371
2026-08-05T11:50:43.171624,1785927043.171625,49.964767,0.7062152624130249,0.21928974986076355,-0.6683793663978577,0.0802578330039978,0.7615775465965271,-0.014470893889665604,-0.6467028856277466,0.03953328728675842,28.101400,-23.605112,-2.413378,3.364919
2026-08-05T11:50:43.190554,1785927043.190555,49.982676,0.7063189744949341,0.21876908838748932,-0.6684765219688416,0.0799555554986,0.7615998387336731,-0.01451307162642479,-0.6466565728187561,0.03984706103801727,28.036181,-23.514339,-3.641734,5.068636
2026-08-05T11:50:43.206383,1785927043.206383,49.999526,0.7063118815422058,0.21842540800571442,-0.6686226725578308,0.07973676919937134,0.7615959644317627,-0.014753663912415504,-0.6466447710990906,0.04002378135919571,28.019053,-23.472823,-1.016479,2.463865
2026-08-05T11:50:43.223492,1785927043.223492,50.016634,0.7062384486198425,0.2183605134487152,-0.6687233448028564,0.07971932739019394,0.7615572214126587,-0.015135486610233784,-0.6466869711875916,0.0399353951215744,28.056888,-23.503902,2.211420,-1.816577
2026-08-05T11:50:43.240593,1785927043.240594,50.033736,0.7061271667480469,0.218379944562912,-0.6688188314437866,0.07985012978315353,0.761506974697113,-0.015530100092291832,-0.6467543840408325,0.039647988975048065,28.112375,-23.569977,3.244521,-3.863671
2026-08-05T11:50:43.257067,1785927043.257067,50.050210,0.7060887813568115,0.21849776804447174,-0.6687867045402527,0.08013685792684555,0.7614789605140686,-0.01564517244696617,-0.6467949748039246,0.03948259353637695,28.146207,-23.624285,2.053697,-3.296676
2026-08-05T11:50:43.274006,1785927043.274007,50.067149,0.7060285210609436,0.21865826845169067,-0.6687501072883606,0.08053485304117203,0.7614765763282776,-0.015419108793139458,-0.6467965841293335,0.03958998620510101,28.145677,-23.641047,-0.031282,-0.989485
2026-08-05T11:50:43.290631,1785927043.290631,50.083773,0.7058975100517273,0.2189328819513321,-0.6687541604042053,0.08090191334486008,0.7614853978157043,-0.01508810743689537,-0.6467793583869934,0.03982926160097122,28.145806,-23.646850,0.007781,-0.349108
2026-08-05T11:50:43.307742,1785927043.307742,50.100884,0.705750048160553,0.21914039552211761,-0.6687998175621033,0.08124912530183792,0.7614116668701172,-0.014912640675902367,-0.6468571424484253,0.040040187537670135,28.153582,-23.658989,0.454441,-0.709415
2026-08-05T11:50:43.324336,1785927043.324336,50.117478,0.705657422542572,0.21933212876319885,-0.6688129901885986,0.08142771571874619,0.7612985372543335,-0.014994462952017784,-0.6469860076904297,0.04008090868592262,28.184698,-23.691765,1.875095,-1.975174
2026-08-05T11:50:43.340859,1785927043.340859,50.132574,0.7056966423988342,0.21921731531620026,-0.6688011884689331,0.08149313926696777,0.7611570954322815,-0.015208018943667412,-0.6471489667892456,0.04005105420947075,28.190937,-23.704413,0.413352,-0.837866
2026-08-05T11:50:43.345340,1785927043.345341,50.138483,0.7053672075271606,0.2193579524755478,-0.6690881252288818,0.0816134661436081,0.7610219717025757,-0.015354142524302006,-0.6473065614700317,0.04001687839627266,28.231975,-23.737894,6.944434,-5.665646
2026-08-05T11:50:43.356686,1785927043.356686,50.149828,0.7051998972892761,0.21930573880672455,-0.6692730188369751,0.0816800519824028,0.7608619928359985,-0.015422448515892029,-0.6474935412406921,0.04000922292470932,28.235375,-23.741113,0.299723,-0.283736
2026-08-05T11:50:43.373567,1785927043.373568,50.166710,0.7049494981765747,0.21929341554641724,-0.6695353984832764,0.08172602951526642,0.7607122659683228,-0.015329682268202305,-0.6476641297340393,0.040132004767656326,28.225859,-23.722469,-0.563725,1.104409
2026-08-05T11:50:43.391125,1785927043.391126,50.183831,0.7048797607421875,0.21915525197982788,-0.6696501970291138,0.08175747096538544,0.7605360150337219,-0.015167291276156902,-0.6478594541549683,0.04038134217262268,28.184848,-23.675751,-2.395396,2.728703
2026-08-05T11:50:43.406807,1785927043.406807,50.199949,0.7046661972999573,0.21924765408039093,-0.6698406934738159,0.08178999274969101,0.7603635787963867,-0.014997573569417,-0.6480419039726257,0.04076269268989563,28.170716,-23.639104,-0.876766,2.273650
2026-08-05T11:50:43.423751,1785927043.423751,50.216893,0.704504132270813,0.21953409910202026,-0.6699038743972778,0.08190052956342697,0.7602149844169617,-0.014665070921182632,-0.6481927633285522,0.041255999356508255,28.157727,-23.604428,-0.766569,2.046497
2026-08-05T11:50:43.440330,1785927043.440331,50.233473,0.7043740749359131,0.2198149412870407,-0.6699441075325012,0.08193733543157578,0.760123074054718,-0.014216233044862747,-0.6482852697372437,0.041649267077445984,28.132862,-23.562604,-1.499769,2.522646
2026-08-05T11:50:43.474344,1785927043.474345,50.267487,0.7043497562408447,0.21993236243724823,-0.6699341535568237,0.08191222697496414,0.7600358128547668,-0.013926371932029724,-0.648378312587738,0.04188946634531021,28.106104,-23.526895,-0.786646,1.049814
2026-08-05T11:50:43.491042,1785927043.491043,50.284185,0.7042280435562134,0.22011205554008484,-0.6700007915496826,0.08193136006593704,0.7599313855171204,-0.013787658885121346,-0.648500382900238,0.04194226488471031,28.109881,-23.526905,0.226184,-0.000620
2026-08-05T11:50:43.523313,1785927043.523313,50.316455,0.7042531967163086,0.22027571499347687,-0.6699149012565613,0.08197733759880066,0.7599232792854309,-0.013615555129945278,-0.6485118865966797,0.04196587949991226,28.107513,-23.529084,-0.073394,-0.067509
2026-08-05T11:50:43.540696,1785927043.540696,50.333839,0.7042446732521057,0.22033825516700745,-0.6699102520942688,0.08191974461078644,0.7599520683288574,-0.013478059321641922,-0.6484782099723816,0.042008817195892334,28.098619,-23.515989,-0.511621,0.753306
2026-08-05T11:50:43.556589,1785927043.556589,50.349731,0.7042378783226013,0.22036413848400116,-0.6699187755584717,0.08183880895376205,0.7599803805351257,-0.013306593522429466,-0.6484422087669373,0.04211169481277466,28.080467,-23.490210,-1.142179,1.622053
2026-08-05T11:50:43.573713,1785927043.573714,50.366856,0.7043069005012512,0.2204149216413498,-0.6698442697525024,0.0817180648446083,0.7600346803665161,-0.013264567591249943,-0.6483814716339111,0.04207860678434372,28.079264,-23.486066,-0.070251,0.241966
2026-08-05T11:50:43.590184,1785927043.590185,50.383327,0.7043381929397583,0.22045129537582397,-0.6698152422904968,0.08158785104751587,0.7600774168968201,-0.013111916370689869,-0.648331880569458,0.042117394506931305,28.063781,-23.464545,-0.940002,1.306606
2026-08-05T11:50:43.607156,1785927043.607157,50.400299,0.704377293586731,0.2205297201871872,-0.6697571277618408,0.08151616901159286,0.7601802349090576,-0.012967780232429504,-0.6482219099998474,0.04200011119246483,28.059584,-23.465107,-0.247272,-0.033116
2026-08-05T11:50:43.623902,1785927043.623903,50.417045,0.7045091390609741,0.2206200659275055,-0.669575572013855,0.08162343502044678,0.7602718472480774,-0.012958353385329247,-0.6481307744979858,0.041750505566596985,28.073231,-23.502111,0.814893,-2.209668
2026-08-05T11:50:43.639847,1785927043.639848,50.432990,0.7045335173606873,0.22062711417675018,-0.6695491075515747,0.08161084353923798,0.7603495717048645,-0.013167550787329674,-0.6480582356452942,0.04139618203043938,28.105426,-23.548376,2.019156,-2.901604
2026-08-05T11:50:43.643169,1785927043.643170,50.436312,0.7046352624893188,0.2205633819103241,-0.669472336769104,0.08153384178876877,0.7604027986526489,-0.013370787724852562,-0.648011326789856,0.04108738154172897,28.123649,-23.579176,5.485350,-9.271140
2026-08-05T11:50:43.656591,1785927043.656591,50.449733,0.7046625018119812,0.22059360146522522,-0.6694519519805908,0.0813836082816124,0.7604289650917053,-0.013547549024224281,-0.6479986310005188,0.04074350371956825,28.150080,-23.612915,1.969381,-2.513813
2026-08-05T11:50:43.673503,1785927043.673503,50.466645,0.7046526670455933,0.22046156227588654,-0.6695404052734375,0.08109982311725616,0.7604471445083618,-0.013430112972855568,-0.6479883193969727,0.04060426726937294,28.121531,-23.580423,-1.688127,1.921249
2026-08-05T11:50:43.690195,1785927043.690196,50.483338,0.7047028541564941,0.22034601867198944,-0.6695536375045776,0.08086827397346497,0.7604727149009705,-0.013323081657290459,-0.6479718685150146,0.040423959493637085,28.095652,-23.557826,-1.550313,1.353701
2026-08-05T11:50:43.707466,1785927043.707467,50.500609,0.7047976851463318,0.22024713456630707,-0.6694912910461426,0.0808262825012207,0.760489284992218,-0.013420254923403263,-0.6479675769805908,0.04015005752444267,28.097254,-23.575626,0.092768,-1.030651
2026-08-05T11:50:43.723532,1785927043.723532,50.516674,0.7047200202941895,0.22033508121967316,-0.6695345044136047,0.08090536296367645,0.7604432106018066,-0.013510901480913162,-0.6480239033699036,0.04008180648088455,28.120485,-23.601618,1.446056,-1.617920
2026-08-05T11:50:43.740010,1785927043.740010,50.533153,0.7046008706092834,0.2204706370830536,-0.669609546661377,0.08095386624336243,0.7603239417076111,-0.013711129315197468,-0.648163378238678,0.040025465190410614,28.158885,-23.636784,2.330312,-2.133993
2026-08-05T11:50:43.758041,1785927043.758041,50.551183,0.7044376134872437,0.22048407793045044,-0.6697958707809448,0.08079619705677032,0.760218620300293,-0.013814760372042656,-0.6482861638069153,0.04000304639339447,28.171361,-23.634359,0.691917,0.134451
2026-08-05T11:50:43.773814,1785927043.773814,50.566956,0.7045127749443054,0.22028669714927673,-0.669791579246521,0.08071507513523102,0.760159969329834,-0.013780549168586731,-0.6483502984046936,0.040088020265102386,28.138420,-23.599858,-2.088437,2.187373
2026-08-05T11:50:43.789954,1785927043.789954,50.583096,0.7043718099594116,0.22015179693698883,-0.669981837272644,0.08073371648788452,0.7600913047790527,-0.01375058013945818,-0.6484221816062927,0.04023756459355354,28.120826,-23.572869,-1.090140,1.672208
2026-08-05T11:50:43.793856,1785927043.793857,50.586999,0.7043558955192566,0.2200053483247757,-0.6700294613838196,0.08087678998708725,0.7600144147872925,-0.013986216858029366,-0.6485034227371216,0.04030079022049904,28.130248,-23.583820,2.414044,-2.805660
2026-08-05T11:50:43.806420,1785927043.806421,50.599563,0.7042326331138611,0.21997696161270142,-0.6701497435569763,0.08103001117706299,0.7599191665649414,-0.014376696199178696,-0.6486042737960815,0.04033385217189789,28.173434,-23.621226,3.437453,-2.977400
2026-08-05T11:50:43.822899,1785927043.822899,50.616041,0.7040732502937317,0.21983057260513306,-0.6703624129295349,0.08105441927909851,0.7597942352294922,-0.014723120257258415,-0.6487348675727844,0.040466055274009705,28.195178,-23.625950,1.319522,-0.286671
2026-08-05T11:50:43.840063,1785927043.840064,50.633206,0.703933835029602,0.2197047621011734,-0.670553982257843,0.08102120459079742,0.7596922516822815,-0.014951854944229126,-0.6488420367240906,0.040578991174697876,28.205593,-23.620206,0.606747,0.334655
2026-08-05T11:50:43.856656,1785927043.856656,50.649799,0.7039543390274048,0.21939535439014435,-0.6706593632698059,0.08080942183732986,0.7596688270568848,-0.014979211613535881,-0.6488615274429321,0.04069606959819794,28.167958,-23.568585,-2.268217,3.111149
2026-08-05T11:50:43.873536,1785927043.873537,50.666679,0.7040139436721802,0.2190074324607849,-0.6707415580749512,0.08066116273403168,0.7597309947013855,-0.01495560072362423,-0.6487862467765808,0.04074404016137123,28.120530,-23.517003,-2.809693,3.055719
2026-08-05T11:50:43.890174,1785927043.890174,50.683316,0.704123318195343,0.21866142749786377,-0.6707385182380676,0.08066882193088531,0.7597606778144836,-0.015207936987280846,-0.6487556099891663,0.04058589041233063,28.111516,-23.520136,-0.541764,-0.188297
2026-08-05T11:50:43.923758,1785927043.923758,50.716901,0.7041200995445251,0.21851731836795807,-0.6707768440246582,0.08076933026313782,0.7597560882568359,-0.0157021414488554,-0.6487584710121155,0.04043824225664139,28.155182,-23.567647,1.300208,-1.414683
2026-08-05T11:50:43.939910,1785927043.939910,50.733053,0.7041642665863037,0.21856370568275452,-0.6707041263580322,0.0808633491396904,0.7597967982292175,-0.01599368080496788,-0.6487011909484863,0.04047771543264389,28.193258,-23.601591,2.357306,-2.101503
2026-08-05T11:50:43.943505,1785927043.943505,50.736647,0.7041453123092651,0.21872442960739136,-0.6706758141517639,0.08082715421915054,0.7599183917045593,-0.015708182007074356,-0.6485434770584106,0.04083385318517685,28.177097,-23.563810,-4.495929,10.510312
2026-08-05T11:50:43.956366,1785927043.956367,50.749509,0.7043308615684509,0.21882987022399902,-0.6704585552215576,0.08072720468044281,0.7600634694099426,-0.01519765518605709,-0.6483643651008606,0.041170407086610794,28.122746,-23.499852,-4.225768,4.972752
2026-08-05T11:50:43.973344,1785927043.973344,50.766487,0.7044339179992676,0.21911372244358063,-0.670241117477417,0.08086445927619934,0.7602004408836365,-0.01477835699915886,-0.6482105255126953,0.04121750593185425,28.109709,-23.499866,-0.767875,-0.000801
2026-08-05T11:50:43.990203,1785927043.990204,50.783346,0.7044756412506104,0.21956558525562286,-0.6700211763381958,0.08109810203313828,0.7602453231811523,-0.014452790841460228,-0.6481742858886719,0.04107631742954254,28.128871,-23.543483,1.136555,-2.587153
2026-08-05T11:50:44.006633,1785927044.006634,50.799776,0.7045372724533081,0.22000277042388916,-0.6698044538497925,0.08116837590932846,0.7602883577346802,-0.014324233867228031,-0.6481547355651855,0.04062851518392563,28.170251,-23.614045,2.518599,-4.294729
2026-08-05T11:50:44.023348,1785927044.023349,50.816491,0.7044155597686768,0.22045768797397614,-0.6697704195976257,0.08127153664827347,0.7603143453598022,-0.01400228962302208,-0.648150622844696,0.040321238338947296,28.196366,-23.660269,1.562336,-2.765430
2026-08-05T11:50:44.040084,1785927044.040085,50.833227,0.7043536901473999,0.2210766077041626,-0.6695995330810547,0.08153361082077026,0.7603051066398621,-0.013432995416224003,-0.6481794714927673,0.04022284597158432,28.208177,-23.696143,0.705732,-2.143459
2026-08-05T11:50:44.073549,1785927044.073549,50.866691,0.7042072415351868,0.2217269092798233,-0.6694900393486023,0.08193010091781616,0.7603068947792053,-0.012567015364766121,-0.6481804251670837,0.04045216739177704,28.190449,-23.694229,-0.529753,0.057180
2026-08-05T11:50:44.078406,1785927044.078407,50.871549,0.7041503190994263,0.22230997681617737,-0.6693232655525208,0.08220136165618896,0.7602810263633728,-0.011656493879854679,-0.6482032537460327,0.040840789675712585,28.150989,-23.660560,-8.123454,6.931371
2026-08-05T11:50:44.089946,1785927044.089947,50.883089,0.7040316462516785,0.22276918590068817,-0.6692785024642944,0.08233927935361862,0.7601897120475769,-0.0112428804859519,-0.6483169198036194,0.04085368663072586,28.157608,-23.675395,0.573516,-1.285563
2026-08-05T11:50:44.094243,1785927044.094244,50.887386,0.7038032412528992,0.22321364283561707,-0.6693419218063354,0.08257268369197845,0.7599959969520569,-0.011097867041826248,-0.6485445499420166,0.04088369011878967,28.193903,-23.715413,8.446242,-9.312321
2026-08-05T11:50:44.123287,1785927044.123287,50.915410,0.7034895420074463,0.22349080443382263,-0.6695521473884583,0.08279095590114594,0.7597505450248718,-0.011199934408068657,-0.6488350629806519,0.04080553725361824,28.242560,-23.766926,1.736255,-1.838192
2026-08-05T11:50:44.140124,1785927044.140124,50.933266,0.7031797766685486,0.22368957102298737,-0.6697748899459839,0.08308498561382294,0.7594825625419617,-0.011216633021831512,-0.6491414308547974,0.04091736674308777,28.270200,-23.794529,1.547893,-1.545824
2026-08-05T11:50:44.156517,1785927044.156518,50.949660,0.7028789520263672,0.22343164682388306,-0.67017662525177,0.08308357745409012,0.7592864632606506,-0.01109329704195261,-0.649350643157959,0.04126599058508873,28.225923,-23.728541,-2.700785,4.025159
2026-08-05T11:50:44.173473,1785927044.173473,50.966615,0.7028115391731262,0.2229858785867691,-0.6703844666481018,0.08317504823207855,0.7591081261634827,-0.0108975013718009,-0.649519145488739,0.04194622486829758,28.141140,-23.621525,-5.000467,6.311687
2026-08-05T11:50:44.190233,1785927044.190233,50.983375,0.702629029750824,0.22267279028892517,-0.6706737875938416,0.08322376757860184,0.758916437625885,-0.01116400957107544,-0.6497069001197815,0.042430102825164795,28.128350,-23.577367,-0.763095,2.634786
2026-08-05T11:50:44.223664,1785927044.223664,51.016807,0.702559769153595,0.2222350388765335,-0.670906662940979,0.0831013098359108,0.7587457299232483,-0.011731608770787716,-0.6498751044273376,0.04275406524538994,28.132081,-23.547556,0.111592,0.891702
2026-08-05T11:50:44.240077,1785927044.240077,51.033220,0.702377200126648,0.22188588976860046,-0.6712248921394348,0.08300792425870895,0.7586219906806946,-0.012345544993877411,-0.6499955654144287,0.042945489287376404,28.159424,-23.542575,1.665969,0.303482
2026-08-05T11:50:44.243164,1785927044.243165,51.036307,0.702391505241394,0.22146637737751007,-0.6713426113128662,0.08305338770151138,0.758591890335083,-0.012986655347049236,-0.6500192284584045,0.042928069829940796,28.184832,-23.562391,8.229094,-6.418248
2026-08-05T11:50:44.256838,1785927044.256839,51.049981,0.7023647427558899,0.22128230333328247,-0.6714004874229431,0.08330332487821579,0.7586069107055664,-0.013638045638799667,-0.6499937176704407,0.0428471714258194,28.244601,-23.625742,4.370971,-4.632904
2026-08-05T11:50:44.273072,1785927044.273072,51.066215,0.702340841293335,0.2211272269487381,-0.6714432835578918,0.08357155323028564,0.7586529850959778,-0.01419064775109291,-0.6499307751655579,0.042807795107364655,28.297230,-23.682062,3.241992,-3.469322
2026-08-05T11:50:44.290596,1785927044.290597,51.083294,0.7024134397506714,0.22084710001945496,-0.6714444756507874,0.08369234204292297,0.7587386965751648,-0.014777753502130508,-0.6498277187347412,0.04265264421701431,28.337781,-23.728700,2.374318,-2.730787
2026-08-05T11:50:44.306410,1785927044.306410,51.099552,0.7024174928665161,0.22059613466262817,-0.6714984178543091,0.08388672769069672,0.7588469386100769,-0.015237729996442795,-0.6496991515159607,0.04252386838197708,28.371664,-23.770755,2.084016,-2.586612
2026-08-05T11:50:44.323942,1785927044.323943,51.117085,0.7025306820869446,0.22024144232273102,-0.6714845895767212,0.08398237079381943,0.7589609622955322,-0.015726666897535324,-0.6495742201805115,0.04221727326512337,28.395437,-23.812630,1.355894,-2.388343
2026-08-05T11:50:44.340642,1785927044.340642,51.133785,0.7025693655014038,0.21985352039337158,-0.6715657114982605,0.08402528613805771,0.7590295076370239,-0.016201991587877274,-0.6495052576065063,0.041863881051540375,28.415169,-23.848858,1.181599,-2.169460
2026-08-05T11:50:44.374021,1785927044.374021,51.167164,0.7025905251502991,0.21942196786403656,-0.6717034578323364,0.08387605100870132,0.7590544819831848,-0.01660824567079544,-0.6494927406311035,0.0414433628320694,28.419391,-23.865188,0.126483,-0.489228
2026-08-05T11:50:44.380106,1785927044.380107,51.173249,0.7027595639228821,0.21886061131954193,-0.6717628240585327,0.08344956487417221,0.7590200304985046,-0.016843080520629883,-0.6495509147644043,0.04106631502509117,28.377087,-23.830536,-6.951371,5.694162
2026-08-05T11:50:44.423029,1785927044.423029,51.216171,0.7027106285095215,0.21846170723438263,-0.6720069646835327,0.08294050395488739,0.7589481472969055,-0.01683507300913334,-0.6496500968933105,0.040830280631780624,28.327758,-23.771574,-1.149284,1.373687
2026-08-05T11:50:44.456749,1785927044.456749,51.249892,0.7026886940002441,0.21855799853801727,-0.6720167994499207,0.08279190212488174,0.7588977217674255,-0.016655556857585907,-0.6497241854667664,0.04066196084022522,28.317555,-23.766287,-0.302566,0.156785
2026-08-05T11:50:44.490580,1785927044.490580,51.283722,0.7026529908180237,0.21876230835914612,-0.671978235244751,0.08286851644515991,0.7588372826576233,-0.016368215903639793,-0.6498044729232788,0.040623024106025696,28.308801,-23.768502,-0.258764,-0.065453
2026-08-05T11:50:44.506997,1785927044.506997,51.300139,0.702525794506073,0.21913473308086395,-0.6719798445701599,0.08294999599456787,0.7587237358093262,-0.01616915687918663,-0.6499524116516113,0.040458228439092636,28.331633,-23.802671,1.390792,-2.081305
2026-08-05T11:50:44.523979,1785927044.523980,51.317122,0.7022582292556763,0.21946589648723602,-0.6721708178520203,0.0827927514910698,0.7585949897766113,-0.01604725606739521,-0.6501209139823914,0.0402078777551651,28.360432,-23.827383,1.695784,-1.455178
2026-08-05T11:50:44.528907,1785927044.528908,51.322050,0.7022054195404053,0.21880236268043518,-0.6726115942001343,0.08140525966882706,0.7584644556045532,-0.016077425330877304,-0.650299608707428,0.03976704925298691,28.272642,-23.696136,-17.814265,26.632343
2026-08-05T11:50:44.539571,1785927044.539572,51.332714,0.7020261287689209,0.21853433549404144,-0.6729702949523926,0.08070459216833115,0.7583453059196472,-0.016009580343961716,-0.6504639387130737,0.039377618581056595,28.233200,-23.640441,-3.698676,5.222816
2026-08-05T11:50:44.558203,1785927044.558204,51.350410,0.701963484287262,0.2186831384897232,-0.6730027198791504,0.08057552576065063,0.7582661509513855,-0.015983665362000465,-0.6505784392356873,0.039020173251628876,28.249884,-23.668552,0.942791,-1.588503
2026-08-05T11:50:44.573232,1785927044.573232,51.366374,0.7020995020866394,0.2185777872800827,-0.6729335784912109,0.08025416731834412,0.7582120299339294,-0.015943003818392754,-0.6506545543670654,0.03881879523396492,28.224907,-23.646594,-1.564585,1.375513
2026-08-05T11:50:44.589959,1785927044.589959,51.383102,0.7019737958908081,0.21848979592323303,-0.6731396913528442,0.07986340671777725,0.7582219839096069,-0.01592714712023735,-0.6506533026695251,0.038651950657367706,28.214877,-23.620311,-0.599640,1.571261
2026-08-05T11:50:44.594809,1785927044.594809,51.386732,0.702102780342102,0.2184220552444458,-0.6730667948722839,0.0795288234949112,0.7582209706306458,-0.015913935378193855,-0.6506628394126892,0.03851558268070221,28.197817,-23.598946,-4.699440,5.885347
2026-08-05T11:50:44.598814,1785927044.598814,51.391957,0.7020121812820435,0.21853259205818176,-0.673133373260498,0.07946088910102844,0.7582659721374512,-0.015963833779096603,-0.6506196856498718,0.03833480924367905,28.222424,-23.622685,4.709675,-4.543541
