system_time_iso,epoch_time,rel_time_s,upper_w,upper_x,upper_y,upper_z,forearm_w,forearm_x,forearm_y,forearm_z,flexion_deg,pronation_deg,flexion_vel_deg_s,pronation_vel_deg_s
2026-08-05T11:56:12.297695,1785923772.297696,0.100966,0.808517575263977,-0.020888445898890495,-0.553165853023529,0.19967597723007202,0.7870470881462097,-0.22531314194202423,-0.007856030017137527,0.574220597743988,81.062514,22.377781,0.000000,0.000000
2026-08-05T11:56:12.314139,1785923772.314139,0.116146,0.80864417552948,-0.02124325931072235,-0.5531477928161621,0.19917552173137665,0.7867620587348938,-0.22551801800727844,-0.008188756182789803,0.5745260119438171,81.078243,22.405767,1.036184,1.843644
2026-08-05T11:56:12.328994,1785923772.328994,0.132680,0.8084189891815186,-0.021401822566986084,-0.5532683730125427,0.1997370421886444,0.7865592837333679,-0.2257574051618576,-0.00822350475937128,0.5747091174125671,81.064284,22.423326,-0.844238,1.061969
2026-08-05T11:56:12.345234,1785923772.345235,0.148921,0.8082535862922668,-0.02166060172021389,-0.5534049868583679,0.2000001221895218,0.7864893078804016,-0.22587035596370697,-0.008324784226715565,0.5747591853141785,81.047974,22.454297,-1.004299,1.906975
2026-08-05T11:56:12.350556,1785923772.350556,0.154242,0.8078606724739075,-0.02026231400668621,-0.5537226796150208,0.2008529007434845,0.7864871025085449,-0.22581659257411957,-0.008497059345245361,0.5747806429862976,81.054172,22.337102,1.164709,-22.022836
2026-08-05T11:56:12.361823,1785923772.361824,0.165510,0.8077940940856934,-0.020122207701206207,-0.5538160800933838,0.20087793469429016,0.7863262891769409,-0.22578413784503937,-0.008824920281767845,0.5750085711479187,81.049266,22.342346,-0.435382,0.465391
2026-08-05T11:56:12.379459,1785923772.379460,0.183146,0.8077072501182556,-0.01993418298661709,-0.5539063215255737,0.20099663734436035,0.7861195206642151,-0.2257540225982666,-0.009196633473038673,0.5752969980239868,81.039614,22.344823,-0.547286,0.140476
2026-08-05T11:56:12.381524,1785923772.381525,0.185210,0.8076363801956177,-0.01979529671370983,-0.5540025234222412,0.20103025436401367,0.7860205173492432,-0.22573065757751465,-0.00945595744997263,0.5754373073577881,81.035287,22.344751,-2.095751,-0.034897
2026-08-05T11:56:12.394974,1785923772.394974,0.198660,0.807548463344574,-0.019621800631284714,-0.5540934801101685,0.20114955306053162,0.7859044075012207,-0.22569550573825836,-0.009672089479863644,0.575606107711792,81.031670,22.345738,-0.268951,0.073369
2026-08-05T11:56:12.411621,1785923772.411621,0.215307,0.8074268102645874,-0.01944745145738125,-0.5542370676994324,0.20125921070575714,0.7856828570365906,-0.22564001381397247,-0.009885327890515327,0.575926661491394,81.043617,22.369044,0.717700,1.400052
2026-08-05T11:56:12.416732,1785923772.416732,0.220418,0.8072812557220459,-0.019221605733036995,-0.5543833374977112,0.20146138966083527,0.7856585383415222,-0.2255955934524536,-0.010023394599556923,0.5759750008583069,81.040378,22.364458,-0.633711,-0.897316
2026-08-05T11:56:12.445211,1785923772.445212,0.248898,0.8071770668029785,-0.01905045099556446,-0.5544818043708801,0.20162434875965118,0.7855694890022278,-0.22554197907447815,-0.010203669779002666,0.5761141777038574,81.035175,22.367459,-0.182691,0.105378
2026-08-05T11:56:12.451650,1785923772.451651,0.255337,0.8070696592330933,-0.01887362077832222,-0.554600179195404,0.20174525678157806,0.7854381203651428,-0.22548790276050568,-0.010440719313919544,0.5763100385665894,81.033302,22.375025,-0.290825,1.175028
2026-08-05T11:56:12.478301,1785923772.478302,0.281987,0.806985080242157,-0.01876540668308735,-0.5546972751617432,0.20182670652866364,0.7853522896766663,-0.22544704377651215,-0.010644371621310711,0.5764393210411072,81.028695,22.381695,-0.172893,0.250277
2026-08-05T11:56:12.510908,1785923772.510908,0.314594,0.8069108724594116,-0.018687235191464424,-0.554779052734375,0.20190589129924774,0.7852337956428528,-0.22539584338665009,-0.010833200998604298,0.5766170620918274,81.026092,22.395955,-0.079825,0.437319
2026-08-05T11:56:12.528735,1785923772.528735,0.332421,0.8067945837974548,-0.01851961389183998,-0.5549034476280212,0.20204488933086395,0.7851051688194275,-0.22537274658679962,-0.010991447605192661,0.576798141002655,81.030940,22.403932,0.271949,0.447486
2026-08-05T11:56:12.562731,1785923772.562732,0.366417,0.806696891784668,-0.018320400267839432,-0.5549828410148621,0.20223413407802582,0.7850037813186646,-0.22535955905914307,-0.011113629676401615,0.5769389867782593,81.030446,22.399730,-0.014521,-0.123590
2026-08-05T11:56:12.577649,1785923772.577650,0.381335,0.8065887689590454,-0.018154965713620186,-0.5550966262817383,0.2023676484823227,0.7849237322807312,-0.22533607482910156,-0.011236186139285564,0.5770547986030579,81.033513,22.402498,0.205592,0.185520
2026-08-05T11:56:12.595429,1785923772.596368,0.399115,0.8064428567886353,-0.017927924171090126,-0.5552718043327332,0.2024894505739212,0.7848053574562073,-0.22529153525829315,-0.011369625106453896,0.57723069190979,81.047649,22.413330,0.795073,0.609234
2026-08-05T11:56:12.613480,1785923772.613481,0.417167,0.8063279986381531,-0.017705800011754036,-0.5553962588310242,0.20262470841407776,0.78464275598526,-0.22523756325244904,-0.011545095592737198,0.5774691104888916,81.055915,22.423291,0.457908,0.551801
2026-08-05T11:56:12.628176,1785923772.628177,0.431862,0.80622398853302,-0.017528729513287544,-0.555510401725769,0.2027411013841629,0.7846267819404602,-0.2252209484577179,-0.011641807854175568,0.5774953961372375,81.057168,22.417281,0.085273,-0.408937
2026-08-05T11:56:12.631883,1785923772.631883,0.435246,0.8061025738716125,-0.017387056723237038,-0.555630087852478,0.20290863513946533,0.7845544219017029,-0.22516639530658722,-0.01178015023469925,0.5776121616363525,81.055024,22.426050,-0.633790,2.591739
2026-08-05T11:56:12.644539,1785923772.644540,0.447728,0.8060007095336914,-0.017323141917586327,-0.5557552576065063,0.20297527313232422,0.7844852805137634,-0.22507217526435852,-0.011870978400111198,0.5777409672737122,81.061196,22.452038,0.494431,2.081955
2026-08-05T11:56:12.650526,1785923772.650526,0.454212,0.8059015274047852,-0.017237864434719086,-0.5558517575263977,0.20311228930950165,0.7843915820121765,-0.22495946288108826,-0.011952555738389492,0.5779103636741638,81.063740,22.478033,0.392325,4.009264
2026-08-05T11:56:12.661244,1785923772.661245,0.464930,0.8058202266693115,-0.017179202288389206,-0.5559355020523071,0.2032107710838318,0.7843220233917236,-0.2248695343732834,-0.012023234739899635,0.5780382752418518,81.065747,22.499756,0.187280,2.026695
2026-08-05T11:56:12.677299,1785923772.677300,0.480985,0.8056926727294922,-0.017013702541589737,-0.5560559034347534,0.20340125262737274,0.7842617034912109,-0.22483401000499725,-0.012108627706766129,0.578132152557373,81.067225,22.504146,0.092046,0.273435
2026-08-05T11:56:12.697848,1785923772.697849,0.499306,0.8055613040924072,-0.0168235432356596,-0.5561857223510742,0.20358163118362427,0.7841976881027222,-0.2248411327600479,-0.012221839278936386,0.5782139301300049,81.069286,22.499973,0.112500,-0.227750
2026-08-05T11:56:12.711976,1785923772.711976,0.515662,0.8054437637329102,-0.01660878211259842,-0.5562875866889954,0.2037864625453949,0.7841007709503174,-0.22484585642814636,-0.012357586063444614,0.5783405303955078,81.068844,22.492903,-0.027038,-0.432315
2026-08-05T11:56:12.728784,1785923772.728784,0.532470,0.8053325414657593,-0.01642589084804058,-0.5563919544219971,0.20395545661449432,0.7839900851249695,-0.22482647001743317,-0.012466290965676308,0.5784958004951477,81.073527,22.496265,0.278670,0.200038
2026-08-05T11:56:12.767099,1785923772.767099,0.570785,0.8051865696907043,-0.016205087304115295,-0.5565362572669983,0.20415617525577545,0.7839125990867615,-0.2247680425643921,-0.01255298312753439,0.5786216259002686,81.079814,22.502920,0.164072,0.173681
2026-08-05T11:56:12.779598,1785923772.779598,0.583284,0.8050558567047119,-0.01599881798028946,-0.556658923625946,0.2043527513742447,0.7837996482849121,-0.2247156798839569,-0.012644310481846333,0.5787930488586426,81.086757,22.511789,0.555476,0.709627
2026-08-05T11:56:12.794917,1785923772.794918,0.598603,0.8049307465553284,-0.015818573534488678,-0.5567829012870789,0.20452171564102173,0.7837211489677429,-0.2246645987033844,-0.012702464126050472,0.5789176225662231,81.094726,22.520903,0.520226,0.594880
2026-08-05T11:56:12.861863,1785923772.861863,0.665549,0.8048177361488342,-0.015663737431168556,-0.5568948984146118,0.20467424392700195,0.7836349010467529,-0.2246314138174057,-0.012751925736665726,0.5790461301803589,81.103512,22.530134,0.131230,0.137895
2026-08-05T11:56:12.868261,1785923772.868262,0.671947,0.8046987056732178,-0.015502750873565674,-0.5569942593574524,0.20488350093364716,0.7835584282875061,-0.2246095836162567,-0.012800224125385284,0.5791572332382202,81.106901,22.534144,0.529687,0.626772
2026-08-05T11:56:12.894019,1785923772.894020,0.697705,0.804563581943512,-0.015334103256464005,-0.557115912437439,0.20509634912014008,0.783467710018158,-0.2245759814977646,-0.012880944646894932,0.5792909860610962,81.110425,22.541910,0.136826,0.301475
2026-08-05T11:56:12.912624,1785923772.912624,0.715873,0.8044354915618896,-0.01509963907301426,-0.5572471022605896,0.20525890588760376,0.7834005355834961,-0.22453689575195312,-0.012950334697961807,0.5793955326080322,81.119514,22.542448,0.500286,0.029634
2026-08-05T11:56:12.918293,1785923772.918293,0.721979,0.804332435131073,-0.01482608262449503,-0.5573436617851257,0.20542091131210327,0.7833523154258728,-0.2244988977909088,-0.013024531304836273,0.5794737935066223,81.124630,22.531811,0.837872,-1.742030
2026-08-05T11:56:12.929963,1785923772.929964,0.733036,0.8042280673980713,-0.014515307731926441,-0.5574301481246948,0.20561720430850983,0.7832520008087158,-0.2244909703731537,-0.013104470446705818,0.5796106457710266,81.132521,22.517479,0.713668,-1.296192
2026-08-05T11:56:12.944640,1785923772.944640,0.748326,0.8039903044700623,-0.01390087977051735,-0.557624101638794,0.20606277883052826,0.7832031846046448,-0.22447751462459564,-0.013157094828784466,0.5796807408332825,81.142918,22.478128,0.679988,-2.573711
2026-08-05T11:56:12.950786,1785923772.950787,0.754472,0.8038726449012756,-0.013629763387143612,-0.5577178597450256,0.20628665387630463,0.7831264138221741,-0.22445005178451538,-0.013190747238695621,0.5797941088676453,81.150306,22.471034,1.201912,-1.154000
2026-08-05T11:56:12.961762,1785923772.961762,0.765448,0.8037669062614441,-0.013361280784010887,-0.5577885508537292,0.20652472972869873,0.7830702066421509,-0.22439517080783844,-0.01321324985474348,0.579890787601471,81.153384,22.463405,0.280462,-0.695118
2026-08-05T11:56:12.978251,1785923772.978251,0.781937,0.8036519885063171,-0.013119203969836235,-0.5578758716583252,0.20675116777420044,0.7830201387405396,-0.2243165820837021,-0.01323703397065401,0.5799883604049683,81.156850,22.463375,0.210168,-0.001829
2026-08-05T11:56:12.981821,1785923772.981821,0.785507,0.8035585880279541,-0.012910077348351479,-0.5579476952552795,0.20693305134773254,0.7829490900039673,-0.22425587475299835,-0.01329005602747202,0.5801064372062683,81.159907,22.463766,0.856483,0.109423
2026-08-05T11:56:12.996656,1785923772.996656,0.800342,0.8034924268722534,-0.012728356756269932,-0.5579785108566284,0.20711787045001984,0.7828820943832397,-0.22420427203178406,-0.013369412161409855,0.5802150368690491,81.155089,22.459022,-0.324801,-0.319782
2026-08-05T11:56:13.003769,1785923773.003769,0.806206,0.8034053444862366,-0.012510502710938454,-0.5580475330352783,0.20728282630443573,0.7827745079994202,-0.22414043545722961,-0.013449770398437977,0.5803829431533813,81.160011,22.461830,0.839468,0.479005
2026-08-05T11:56:13.011914,1785923773.011914,0.815600,0.8033128976821899,-0.01224617287516594,-0.5581057071685791,0.2075013369321823,0.7827364206314087,-0.22405891120433807,-0.013515595346689224,0.5804643034934998,81.156874,22.452806,-0.333953,-0.960601
2026-08-05T11:56:13.028892,1785923773.028893,0.832578,0.8032293915748596,-0.011959776282310486,-0.5581377148628235,0.2077544629573822,0.782723069190979,-0.2239665389060974,-0.013561823405325413,0.5805168747901917,81.149331,22.437564,-0.444298,-0.897760
2026-08-05T11:56:13.046150,1785923773.046151,0.849836,0.8031529784202576,-0.011738507077097893,-0.5581693053245544,0.20797809958457947,0.7826491594314575,-0.22388893365859985,-0.01363448053598404,0.5806448459625244,81.144460,22.433426,-0.282229,-0.239736
2026-08-05T11:56:13.062292,1785923773.062293,0.865979,0.8030657172203064,-0.0115679195150733,-0.5582394003868103,0.2081356644630432,0.7826109528541565,-0.22383932769298553,-0.013725574128329754,0.5807132124900818,81.140945,22.430415,-0.217743,-0.186531
2026-08-05T11:56:13.077885,1785923773.077885,0.881571,0.8029953241348267,-0.011404607445001602,-0.5582898855209351,0.20828136801719666,0.7825084924697876,-0.22379320859909058,-0.013851498253643513,0.5808660387992859,81.138671,22.431525,-0.145852,0.071187
2026-08-05T11:56:13.095997,1785923773.095998,0.899096,0.8029085993766785,-0.011172602884471416,-0.5583513975143433,0.20846286416053772,0.7825106382369995,-0.2237357795238495,-0.013932783156633377,0.5808833837509155,81.132218,22.417403,-0.368197,-0.805844
2026-08-05T11:56:13.100709,1785923773.100709,0.904395,0.8028210997581482,-0.010885498486459255,-0.5583998560905457,0.20868510007858276,0.7825086712837219,-0.22366297245025635,-0.014001160860061646,0.5809122323989868,81.125349,22.398901,-1.296369,-3.491481
2026-08-05T11:56:13.128387,1785923773.128388,0.932073,0.8027528524398804,-0.010596760548651218,-0.5584146976470947,0.20892277359962463,0.7825115323066711,-0.22360339760780334,-0.01406804844737053,0.5809298157691956,81.114262,22.373624,-0.400547,-0.913247
2026-08-05T11:56:13.145463,1785923773.145463,0.949149,0.8026580214500427,-0.010322155430912971,-0.5584789514541626,0.20912939310073853,0.7824932932853699,-0.2235604226589203,-0.014137794263660908,0.5809692740440369,81.111201,22.356068,-0.179258,-1.028154
2026-08-05T11:56:13.196427,1785923773.196428,1.000113,0.8025670647621155,-0.010044152848422527,-0.5585400462150574,0.2093290388584137,0.7824892401695251,-0.2235267013311386,-0.014210221357643604,0.5809860229492188,81.107004,22.334580,-0.082357,-0.421627
2026-08-05T11:56:13.203728,1785923773.203728,1.007414,0.8024757504463196,-0.009799989871680737,-0.5586099624633789,0.2095033824443817,0.7824580073356628,-0.22349144518375397,-0.014286897145211697,0.5810397267341614,81.106113,22.321290,-0.122011,-1.820338
2026-08-05T11:56:13.213003,1785923773.213004,1.016689,0.802376925945282,-0.009531532414257526,-0.5586752891540527,0.20972056686878204,0.7823867797851562,-0.22343721985816956,-0.014373925514519215,0.5811541080474854,81.105276,22.311771,-0.090256,-1.026263
2026-08-05T11:56:13.218237,1785923773.218237,1.021923,0.8022937178611755,-0.009301580488681793,-0.5587106943130493,0.20995470881462097,0.7823455333709717,-0.2233647257089615,-0.014440873637795448,0.581235945224762,81.098070,22.302665,-1.376885,-1.740006
2026-08-05T11:56:13.228305,1785923773.228306,1.031991,0.8022192716598511,-0.009080903604626656,-0.5587413907051086,0.21016649901866913,0.7823563814163208,-0.22330836951732635,-0.014492628164589405,0.5812418460845947,81.088483,22.286084,-0.952144,-1.646765
2026-08-05T11:56:13.244875,1785923773.244875,1.047627,0.8021367788314819,-0.008884833194315434,-0.5587946772575378,0.21034805476665497,0.782306432723999,-0.22326326370239258,-0.014595042914152145,0.5813238024711609,81.082845,22.278399,-0.360615,-0.491526
2026-08-05T11:56:13.262114,1785923773.262115,1.065800,0.8020477294921875,-0.008645892143249512,-0.5588626861572266,0.21051707863807678,0.7822756171226501,-0.22319601476192474,-0.014680626802146435,0.5813887715339661,81.080644,22.269622,-0.121080,-0.482960
2026-08-05T11:56:13.278132,1785923773.278132,1.081818,0.8019636273384094,-0.0083891861140728,-0.5589002370834351,0.210748091340065,0.7822281718254089,-0.2231205403804779,-0.014759932644665241,0.5814796090126038,81.074204,22.258501,-0.402104,-0.694323
2026-08-05T11:56:13.295685,1785923773.295685,1.099371,0.8018717765808105,-0.008143926970660686,-0.5589510202407837,0.21097217500209808,0.7822188138961792,-0.22304482758045197,-0.014794373884797096,0.5815203189849854,81.069927,22.247792,-0.243664,-0.610065
2026-08-05T11:56:13.311810,1785923773.311810,1.115496,0.8017803430557251,-0.007862357422709465,-0.5590024590492249,0.21119393408298492,0.7821297645568848,-0.22297801077365875,-0.014864015392959118,0.5816640257835388,81.071212,22.240055,0.079710,-0.479852
2026-08-05T11:56:13.328580,1785923773.328580,1.132266,0.8016922473907471,-0.007641967851668596,-0.5590469837188721,0.21141888201236725,0.7820608615875244,-0.22294583916664124,-0.014943686313927174,0.5817669034004211,81.066941,22.230037,-0.254689,-0.597373
2026-08-05T11:56:13.343296,1785923773.343296,1.146982,0.8015731573104858,-0.007367330603301525,-0.5591319799423218,0.21165479719638824,0.7820591330528259,-0.22290781140327454,-0.015023446641862392,0.581781804561615,81.061600,22.211697,-0.362926,-1.246223
2026-08-05T11:56:13.349408,1785923773.349408,1.153094,0.8014835715293884,-0.0071282465942204,-0.5591852068901062,0.21186165511608124,0.7819826006889343,-0.22284968197345734,-0.015122721903026104,0.5819043517112732,81.058515,22.204577,-0.504809,-1.165042
2026-08-05T11:56:13.378336,1785923773.378337,1.182022,0.8014017939567566,-0.006891435012221336,-0.5592333078384399,0.21205168962478638,0.7819246053695679,-0.222762331366539,-0.015208577737212181,0.5820134878158569,81.055221,22.199775,-0.113860,-0.165976
2026-08-05T11:56:13.395413,1785923773.395413,1.197604,0.8013502955436707,-0.006675473414361477,-0.5592445731163025,0.21222376823425293,0.7818980813026428,-0.22270533442497253,-0.015290630981326103,0.5820688009262085,81.046778,22.184701,-0.541871,-0.967449
2026-08-05T11:56:13.413405,1785923773.413406,1.216494,0.8012626767158508,-0.006437681615352631,-0.559292197227478,0.21243630349636078,0.781838595867157,-0.22268079221248627,-0.01538057904690504,0.582155704498291,81.042557,22.170495,-0.223424,-0.752039
2026-08-05T11:56:13.429145,1785923773.429145,1.232831,0.8011706471443176,-0.0061768596060574055,-0.5593473315238953,0.21264570951461792,0.7817769050598145,-0.22266662120819092,-0.015463080257177353,0.5822417736053467,81.041201,22.153875,-0.083012,-1.017288
2026-08-05T11:56:13.445597,1785923773.445598,1.249284,0.8010713458061218,-0.005912937689572573,-0.559433102607727,0.2128014862537384,0.7817651033401489,-0.22264251112937927,-0.015507129020988941,0.5822656154632568,81.045470,22.138089,0.259483,-0.959504
2026-08-05T11:56:13.455699,1785923773.455699,1.259385,0.8009781241416931,-0.005599727854132652,-0.5595034956932068,0.21297615766525269,0.7817056775093079,-0.22261814773082733,-0.015597153455018997,0.5823522806167603,81.048783,22.118681,0.327939,-1.921308
2026-08-05T11:56:13.461655,1785923773.461655,1.265341,0.8008929491043091,-0.005279206205159426,-0.5595512986183167,0.2131783366203308,0.7816474437713623,-0.22256669402122498,-0.0156840942800045,0.5824479460716248,81.048306,22.099581,-0.080132,-3.206884
2026-08-05T11:56:13.494258,1785923773.494259,1.297945,0.8007794618606567,-0.004966126289218664,-0.5596210360527039,0.2134295254945755,0.7816007137298584,-0.22250774502754211,-0.015758048743009567,0.5825310945510864,81.046475,22.084029,-0.056139,-0.477007
2026-08-05T11:56:13.511211,1785923773.511212,1.314897,0.8006699085235596,-0.00477362796664238,-0.5597041845321655,0.21362674236297607,0.7815731763839722,-0.2224697470664978,-0.015826784074306488,0.5825806856155396,81.043903,22.078187,-0.151710,-0.344614
2026-08-05T11:56:13.528151,1785923773.528152,1.331837,0.800586998462677,-0.004611101467162371,-0.5597606301307678,0.21379251778125763,0.7814981937408447,-0.22241361439228058,-0.01589064486324787,0.5827010273933411,81.044299,22.081154,0.023322,0.175144
2026-08-05T11:56:13.544725,1785923773.544725,1.348411,0.8005256056785583,-0.0044591110199689865,-0.5597792267799377,0.2139768749475479,0.7814691662788391,-0.22233232855796814,-0.015920937061309814,0.582770049571991,81.038283,22.080171,-0.362926,-0.059299
2026-08-05T11:56:13.562368,1785923773.562368,1.366054,0.8004615306854248,-0.004327730275690556,-0.5598002672195435,0.21416392922401428,0.7814636826515198,-0.22224074602127075,-0.015922265127301216,0.5828123092651367,81.032092,22.081721,-0.350919,0.087854
2026-08-05T11:56:13.578178,1785923773.578179,1.381865,0.8003899455070496,-0.004137877840548754,-0.5598255395889282,0.21436892449855804,0.7814415097236633,-0.2221590131521225,-0.01592021808028221,0.5828732848167419,81.029342,22.078218,-0.173943,-0.221589
2026-08-05T11:56:13.592742,1785923773.592742,1.396428,0.8003072738647461,-0.003921282012015581,-0.5598706007003784,0.21456511318683624,0.7813718318939209,-0.22210735082626343,-0.01595553569495678,0.5829851031303406,81.031092,22.073901,0.120125,-0.296419
2026-08-05T11:56:13.611564,1785923773.611565,1.415251,0.8002100586891174,-0.0036936886608600616,-0.5599390268325806,0.21475253999233246,0.7813214063644409,-0.22208358347415924,-0.01603599824011326,0.5830599069595337,81.030307,22.062751,-0.041697,-0.592379
2026-08-05T11:56:13.628493,1785923773.628494,1.432179,0.8001059293746948,-0.0034243017435073853,-0.5599995851516724,0.21498772501945496,0.781238853931427,-0.2220650017261505,-0.016139822080731392,0.5831745266914368,81.027918,22.047937,-0.141120,-0.875043
2026-08-05T11:56:13.645562,1785923773.645562,1.449248,0.8000010251998901,-0.0031468807719647884,-0.5600517988204956,0.2152455598115921,0.7811616063117981,-0.22202953696250916,-0.01621127873659134,0.5832895040512085,81.026046,22.034569,-0.109652,-0.783194
2026-08-05T11:56:13.662152,1785923773.662153,1.465838,0.7999141216278076,-0.0028899081517010927,-0.5600941181182861,0.21546199917793274,0.7811220288276672,-0.22199071943759918,-0.016255231574177742,0.5833561420440674,81.024433,22.019572,-0.097220,-0.903940
2026-08-05T11:56:13.679405,1785923773.679405,1.482479,0.7998221516609192,-0.002705259947106242,-0.5601710081100464,0.2156052142381668,0.7811188101768494,-0.22195445001125336,-0.01629839651286602,0.5833731293678284,81.024926,22.012090,0.029590,-0.449677
2026-08-05T11:56:13.694922,1785923773.694923,1.498608,0.799741268157959,-0.002595369704067707,-0.5602295398712158,0.21575503051280975,0.7810643315315247,-0.22191452980041504,-0.016360856592655182,0.5834594368934631,81.023045,22.016213,-0.116591,0.255655
2026-08-05T11:56:13.712099,1785923773.712100,1.515785,0.7996578812599182,-0.0024770833551883698,-0.5602744817733765,0.21594902873039246,0.7810248136520386,-0.22186090052127838,-0.016394762322306633,0.5835317969322205,81.018569,22.019150,-0.260573,0.170969
2026-08-05T11:56:13.728216,1785923773.728217,1.531903,0.7995721697807312,-0.002343011787161231,-0.5603205561637878,0.21614740788936615,0.7809951305389404,-0.22179166972637177,-0.01642422005534172,0.5835968255996704,81.013856,22.021784,-0.292429,0.163416
2026-08-05T11:56:13.745021,1785923773.745022,1.548707,0.7994876503944397,-0.0021561128087341785,-0.56037837266922,0.21631202101707458,0.7809800505638123,-0.22172251343727112,-0.01646946743130684,0.5836421251296997,81.011659,22.017752,-0.130765,-0.239902
2026-08-05T11:56:13.761672,1785923773.761673,1.565358,0.7994227409362793,-0.0019322683801874518,-0.5604079961776733,0.2164778709411621,0.7809292078018188,-0.2216646671295166,-0.016528183594346046,0.5837303996086121,81.010222,22.008377,-0.086244,-0.563054
2026-08-05T11:56:13.779029,1785923773.779030,1.582716,0.7993402481079102,-0.0016639173263683915,-0.5604488849639893,0.2166789323091507,0.7809008955955505,-0.22161373496055603,-0.01656816154718399,0.5837864875793457,81.009173,21.992626,-0.060463,-0.907420
2026-08-05T11:56:13.788927,1785923773.788927,1.592613,0.799272358417511,-0.0014086182927712798,-0.5604645609855652,0.21688999235630035,0.7808482646942139,-0.2215697318315506,-0.016626212745904922,0.5838719010353088,81.005130,21.976257,-0.408511,-1.653960
2026-08-05T11:56:13.794833,1785923773.794834,1.598519,0.7991925477981567,-0.00123192323371768,-0.5605034828186035,0.2170846313238144,0.7808154821395874,-0.22152410447597504,-0.016673898324370384,0.5839316248893738,81.000495,21.969526,-0.784656,-1.139637
2026-08-05T11:56:13.827021,1785923773.827022,1.630708,0.7990972399711609,-0.0010800383752211928,-0.5605663061141968,0.21727387607097626,0.7807712554931641,-0.2214885801076889,-0.016712678596377373,0.5840030908584595,80.999541,21.968797,-0.029660,-0.022651
2026-08-05T11:56:13.842029,1785923773.842030,1.645715,0.7989978194236755,-0.0008961577550508082,-0.5606381297111511,0.21745562553405762,0.780727207660675,-0.22148485481739044,-0.01676097884774208,0.5840622186660767,81.000684,21.960687,0.076155,-0.540356
2026-08-05T11:56:13.852998,1785923773.852998,1.656683,0.7989212870597839,-0.0006895764963701367,-0.5606874227523804,0.21760998666286469,0.7806842923164368,-0.2214585542678833,-0.016795458272099495,0.5841285586357117,81.003328,21.951314,0.241066,-0.854535
2026-08-05T11:56:13.878367,1785923773.878368,1.682053,0.7988560795783997,-0.0005094077787362039,-0.5607228875160217,0.21775850653648376,0.7806541919708252,-0.22140832245349884,-0.01679685339331627,0.5841878056526184,81.005774,21.946626,0.096413,-0.184790
2026-08-05T11:56:13.894266,1785923773.894266,1.697952,0.7987698912620544,-0.0002600251464173198,-0.5607575178146362,0.21798579394817352,0.7806409597396851,-0.2213730365037918,-0.01683286763727665,0.58421790599823,81.001009,21.928149,-0.299717,-1.162208
2026-08-05T11:56:13.910683,1785923773.910684,1.714370,0.7986786961555481,-9.192863217322156e-06,-0.5607981085777283,0.21821527183055878,0.78059983253479,-0.22135287523269653,-0.016900764778256416,0.5842783451080322,80.996319,21.909889,-0.285662,-1.112207
2026-08-05T11:56:13.927286,1785923773.927287,1.730973,0.7985734343528748,0.00022892613196745515,-0.5608765482902527,0.2183988094329834,0.7805464267730713,-0.22133122384548187,-0.016965962946414948,0.5843560099601746,80.999044,21.899687,0.164156,-0.614495
2026-08-05T11:56:13.944297,1785923773.944298,1.747983,0.7985119819641113,0.00042384755215607584,-0.560910165309906,0.21853695809841156,0.7805268168449402,-0.22127461433410645,-0.017008556053042412,0.5844023823738098,80.997532,21.890827,-0.088868,-0.520807
2026-08-05T11:56:13.977480,1785923773.977480,1.781166,0.798479437828064,0.0005773823941126466,-0.5608857274055481,0.21871832013130188,0.7804904580116272,-0.22118784487247467,-0.01705225557088852,0.5844825506210327,80.987083,21.885489,-0.314904,-0.160876
2026-08-05T11:56:13.995605,1785923773.996614,1.799291,0.7984405159950256,0.0007271067006513476,-0.5608670711517334,0.21890735626220703,0.7804670333862305,-0.22108854353427887,-0.01710248924791813,0.5845499634742737,80.974549,21.881134,-0.691516,-0.240265
2026-08-05T11:56:14.005812,1785923774.005812,1.809498,0.7983847856521606,0.0008360508363693953,-0.5608877539634705,0.2190576046705246,0.7804439663887024,-0.2210140824317932,-0.0171669889241457,0.5846070051193237,80.965573,21.881759,-0.879404,0.061248
2026-08-05T11:56:14.010945,1785923774.010946,1.814631,0.7983407378196716,0.0009238956263288856,-0.5609056949615479,0.2191714495420456,0.7804141044616699,-0.22093045711517334,-0.017233507707715034,0.5846765041351318,80.958174,21.886525,-1.441441,0.928335
2026-08-05T11:56:14.027972,1785923774.027973,1.831658,0.7983288764953613,0.000990171916782856,-0.5608813762664795,0.21927668154239655,0.7803499698638916,-0.22086913883686066,-0.017315704375505447,0.5847829580307007,80.948387,21.888678,-0.574790,0.126486
2026-08-05T11:56:14.044226,1785923774.044226,1.847912,0.7982791066169739,0.0011598950950428843,-0.5608822703361511,0.2194543331861496,0.7803026437759399,-0.2207959145307541,-0.017392892390489578,0.5848715305328369,80.939093,21.882445,-0.571829,-0.383530
2026-08-05T11:56:14.060968,1785923774.060968,1.864654,0.7982328534126282,0.0013697500107809901,-0.5608659386634827,0.21966329216957092,0.7802606225013733,-0.22074279189109802,-0.01748334988951683,0.5849449038505554,80.926229,21.865447,-0.768339,-1.015263
2026-08-05T11:56:14.076887,1785923774.076888,1.880574,0.798160970211029,0.0016015255823731422,-0.5608818531036377,0.21988233923912048,0.780209481716156,-0.22071552276611328,-0.017583586275577545,0.5850204229354858,80.916840,21.846919,-0.589812,-1.163858
2026-08-05T11:56:14.085703,1785923774.085703,1.889389,0.7980807423591614,0.0018386570736765862,-0.5609132647514343,0.220091313123703,0.7801551222801208,-0.22071273624897003,-0.017666809260845184,0.5850913524627686,80.912096,21.827465,-0.538050,-2.206717
2026-08-05T11:56:14.093574,1785923774.093574,1.897260,0.7980106472969055,0.002046388341113925,-0.5609295964241028,0.22030209004878998,0.780116081237793,-0.22071965038776398,-0.01774192415177822,0.5851385593414307,80.904255,21.806436,-0.996241,-2.671827
2026-08-05T11:56:14.128347,1785923774.128348,1.930584,0.7979587912559509,0.00220793136395514,-0.5609273910522461,0.22049351036548615,0.7800909280776978,-0.22066955268383026,-0.017797546461224556,0.5851893424987793,80.893951,21.795656,-0.309216,-0.323462
2026-08-05T11:56:14.144553,1785923774.144553,1.947229,0.797939658164978,0.0023477531503885984,-0.5608801245689392,0.2206815481185913,0.7800639867782593,-0.2206116020679474,-0.017855241894721985,0.5852451920509338,80.878618,21.782929,-0.921138,-0.764613
2026-08-05T11:56:14.160408,1785923774.160408,1.963076,0.7979127764701843,0.002438180148601532,-0.5608668923377991,0.22081129252910614,0.7800290584564209,-0.22054731845855713,-0.01790527068078518,0.5853143930435181,80.869707,21.782171,-0.562311,-0.047860
2026-08-05T11:56:14.192211,1785923774.192211,1.995897,0.7978533506393433,0.00253525422886014,-0.5609095692634583,0.22091692686080933,0.7799967527389526,-0.22049754858016968,-0.017968686297535896,0.5853743553161621,80.866549,21.784556,-0.096249,0.072653
2026-08-05T11:56:14.194263,1785923774.194263,1.997949,0.7978113293647766,0.0026450396981090307,-0.560912013053894,0.2210603654384613,0.77996826171875,-0.2204480916261673,-0.018025675788521767,0.585429310798645,80.857958,21.780332,-4.186256,-2.058154
2026-08-05T11:56:14.245005,1785923774.245006,2.048692,0.7977624535560608,0.0027923043817281723,-0.5609113574028015,0.22123675048351288,0.7799340486526489,-0.2203993797302246,-0.018074095249176025,0.5854917168617249,80.849751,21.772589,-0.161738,-0.152597
2026-08-05T11:56:14.261164,1785923774.261165,2.064851,0.7977043390274048,0.002951135626062751,-0.5609176754951477,0.22142785787582397,0.7798969745635986,-0.22035223245620728,-0.018115229904651642,0.5855576992034912,80.842697,21.764913,-0.436509,-0.475023
2026-08-05T11:56:14.278657,1785923774.278657,2.082343,0.7976468205451965,0.0031083470676094294,-0.5609309673309326,0.2215992957353592,0.7798537611961365,-0.220312237739563,-0.018170520663261414,0.5856284499168396,80.836774,21.757333,-0.338618,-0.433346
2026-08-05T11:56:14.327852,1785923774.327853,2.131538,0.7975926995277405,0.0032444403041154146,-0.5609537363052368,0.2217346578836441,0.7798081636428833,-0.22026583552360535,-0.01822902075946331,0.5857048630714417,80.833067,21.754382,-0.075366,-0.059975
2026-08-05T11:56:14.345212,1785923774.345213,2.148899,0.7975508570671082,0.003381491405889392,-0.5609460473060608,0.22190260887145996,0.7797996997833252,-0.2201978713274002,-0.018256867304444313,0.5857405662536621,80.823782,21.747529,-0.534841,-0.394758
2026-08-05T11:56:14.360317,1785923774.361484,2.164004,0.7975012063980103,0.0034722366835922003,-0.5609570145606995,0.2220519334077835,0.7797775864601135,-0.22013482451438904,-0.018274657428264618,0.5857933163642883,80.817920,21.749485,-0.388028,0.129512
2026-08-05T11:56:14.378033,1785923774.378033,2.181719,0.7974491119384766,0.0035412011202424765,-0.5609964728355408,0.22213797271251678,0.7797300815582275,-0.22010396420955658,-0.018328756093978882,0.5858665108680725,80.817183,21.754167,-0.041628,0.264270
2026-08-05T11:56:14.395032,1785923774.395033,2.198718,0.7974029779434204,0.003650979371741414,-0.5610256791114807,0.22222796082496643,0.7796944975852966,-0.2200727015733719,-0.018390994518995285,0.5859235525131226,80.814971,21.751389,-0.130131,-0.163454
2026-08-05T11:56:14.411971,1785923774.411972,2.215657,0.7973790168762207,0.0038150621112436056,-0.5609980821609497,0.22238172590732574,0.7796382308006287,-0.22004704177379608,-0.018475694581866264,0.5860052108764648,80.805137,21.736192,-0.580553,-0.897126
2026-08-05T11:56:14.428761,1785923774.428761,2.232447,0.7973182797431946,0.0040606725960969925,-0.5609952807426453,0.22260165214538574,0.7795833349227905,-0.22004398703575134,-0.018564896658062935,0.586076557636261,80.796354,21.711445,-0.523117,-1.473975
2026-08-05T11:56:14.461652,1785923774.461653,2.265339,0.7972479462623596,0.0042658606544137,-0.561013400554657,0.22280406951904297,0.7795237898826599,-0.220058411359787,-0.01863536424934864,0.586148202419281,80.791600,21.692644,-0.144541,-0.571595
2026-08-05T11:56:14.478164,1785923774.478164,2.280965,0.7971625924110413,0.004429937340319157,-0.5610834360122681,0.2229296863079071,0.7794613242149353,-0.22009949386119843,-0.018695171922445297,0.5862139463424683,80.796806,21.681950,0.333138,-0.684369
2026-08-05T11:56:14.494984,1785923774.494984,2.298670,0.7971132397651672,0.004580904729664326,-0.5611099004745483,0.22303658723831177,0.7794016599655151,-0.22014296054840088,-0.018758537247776985,0.586275041103363,80.798075,21.666540,0.071725,-0.870354
2026-08-05T11:56:14.501395,1785923774.501396,2.305082,0.7970576286315918,0.004775112494826317,-0.5611338019371033,0.22317086160182953,0.7793579697608948,-0.2201404720544815,-0.018836863338947296,0.5863316655158997,80.795453,21.649995,-0.409021,-2.580525
2026-08-05T11:56:14.503902,1785923774.503902,2.307588,0.7970247268676758,0.004922172054648399,-0.5611199736595154,0.22332032024860382,0.7793238759040833,-0.22002561390399933,-0.018928363919258118,0.5864167809486389,80.782512,21.648074,-5.163619,-0.766263
2026-08-05T11:56:14.511100,1785923774.511101,2.314786,0.7969999313354492,0.0050301025621593,-0.5610972046852112,0.2234632819890976,0.7792593240737915,-0.21995334327220917,-0.018961835652589798,0.5865286588668823,80.776668,21.649843,-0.811820,0.245752
2026-08-05T11:56:14.527989,1785923774.527989,2.331675,0.7969749569892883,0.005095156840980053,-0.561073899269104,0.22360946238040924,0.7792330980300903,-0.2199157327413559,-0.018982574343681335,0.5865770578384399,80.767259,21.647056,-0.557114,-0.165019
2026-08-05T11:56:14.545310,1785923774.545311,2.348546,0.7969413995742798,0.005094859749078751,-0.5610806345939636,0.22371265292167664,0.779206395149231,-0.21987874805927277,-0.018987558782100677,0.5866262912750244,80.762452,21.655837,-0.284941,0.520474
2026-08-05T11:56:14.561286,1785923774.561287,2.364972,0.7968969941139221,0.005164794158190489,-0.561089277267456,0.22384697198867798,0.7791935801506042,-0.21984700858592987,-0.018985996022820473,0.5866552591323853,80.758095,21.655120,-0.265237,-0.043650
2026-08-05T11:56:14.577982,1785923774.577983,2.381669,0.7968618273735046,0.005316033959388733,-0.5610654950141907,0.2240281105041504,0.7791511416435242,-0.2198263257741928,-0.019009187817573547,0.5867186784744263,80.751257,21.642378,-0.409558,-0.763179
2026-08-05T11:56:14.594527,1785923774.594527,2.398213,0.7968375086784363,0.005456308834254742,-0.5610374212265015,0.22418203949928284,0.7791152000427246,-0.2198065221309662,-0.01904960162937641,0.5867723226547241,80.743092,21.628569,-0.493527,-0.834652
2026-08-05T11:56:14.611294,1785923774.611294,2.414980,0.7968191504478455,0.005514991469681263,-0.5610215067863464,0.22428494691848755,0.7790601253509521,-0.21979336440563202,-0.019118783995509148,0.5868481993675232,80.735133,21.625127,-0.474638,-0.205277
2026-08-05T11:56:14.627583,1785923774.627584,2.431269,0.7967888712882996,0.00557410204783082,-0.5610133409500122,0.22441178560256958,0.7790309190750122,-0.21976490318775177,-0.019142581149935722,0.5868968963623047,80.728271,21.623790,-0.421278,-0.082088
2026-08-05T11:56:14.663233,1785923774.663234,2.466919,0.7967442870140076,0.005663349758833647,-0.5610120296478271,0.2245715707540512,0.7790014743804932,-0.21973681449890137,-0.01914040558040142,0.586946427822113,80.723673,21.621222,-0.128965,-0.072045
2026-08-05T11:56:14.678532,1785923774.678532,2.482218,0.7967023849487305,0.005821775179356337,-0.560994029045105,0.22476013004779816,0.7789665460586548,-0.2197192907333374,-0.01915222592651844,0.5869989991188049,80.717703,21.607613,-0.390240,-0.889594
2026-08-05T11:56:14.694614,1785923774.694614,2.498300,0.7966762185096741,0.005899397656321526,-0.5609695315361023,0.22491170465946198,0.7789180278778076,-0.2197045534849167,-0.01917598955333233,0.5870682001113892,80.710377,21.602622,-0.455562,-0.310324
2026-08-05T11:56:14.711395,1785923774.711396,2.515081,0.7966586351394653,0.00589112238958478,-0.5609533786773682,0.2250148355960846,0.7788809537887573,-0.21967600286006927,-0.019189378246665,0.5871276259422302,80.703331,21.609082,-0.419850,0.384958
2026-08-05T11:56:14.720714,1785923774.720715,2.524400,0.7966252565383911,0.005933611653745174,-0.560952365398407,0.22513437271118164,0.7788529992103577,-0.2196337729692459,-0.019194936379790306,0.5871801376342773,80.698404,21.613154,-0.528740,0.436925
2026-08-05T11:56:14.727990,1785923774.727990,2.531676,0.7965948581695557,0.0060104322619736195,-0.5609506964683533,0.22524434328079224,0.7788349390029907,-0.21961984038352966,-0.01918760873377323,0.5872095823287964,80.696255,21.608917,-0.295302,-0.582270
2026-08-05T11:56:14.732448,1785923774.732448,2.536134,0.7965648174285889,0.006162202917039394,-0.5609359741210938,0.22538302838802338,0.7787908911705017,-0.21961399912834167,-0.01921020820736885,0.5872695446014404,80.693506,21.595510,-0.616795,-3.007542
2026-08-05T11:56:14.744464,1785923774.744464,2.548150,0.796550452709198,0.006309586577117443,-0.560888409614563,0.22554877400398254,0.7787218689918518,-0.21962811052799225,-0.019242823123931885,0.5873547792434692,80.687281,21.578125,-0.518002,-1.446804
2026-08-05T11:56:14.761289,1785923774.761289,2.564975,0.7964538335800171,0.006575506646186113,-0.5609084963798523,0.22583165764808655,0.7786864638328552,-0.2196386605501175,-0.019269311800599098,0.587397038936615,80.682135,21.552666,-0.305862,-1.513195
2026-08-05T11:56:14.777923,1785923774.777923,2.581609,0.7964029312133789,0.006644090637564659,-0.5609316825866699,0.22595159709453583,0.7786170244216919,-0.21964216232299805,-0.01930844597518444,0.587486207485199,80.681589,21.553734,-0.032864,0.064238
2026-08-05T11:56:14.794635,1785923774.794635,2.598321,0.7963612675666809,0.006740516051650047,-0.5609409213066101,0.2260725498199463,0.7785660028457642,-0.21964460611343384,-0.019338451325893402,0.5875518918037415,80.680053,21.548508,-0.091894,-0.312727
2026-08-05T11:56:14.803475,1785923774.803475,2.607161,0.7963287234306335,0.006821735762059689,-0.5609326362609863,0.2262052297592163,0.7785242199897766,-0.21963851153850555,-0.019343368709087372,0.5876092910766602,80.677013,21.544075,-0.343882,-0.501505
2026-08-05T11:56:14.811216,1785923774.811216,2.614902,0.7962821125984192,0.006904372945427895,-0.5609446167945862,0.22633707523345947,0.7785001993179321,-0.21964949369430542,-0.019333424046635628,0.5876376032829285,80.676168,21.538128,-0.109130,-0.768176
2026-08-05T11:56:14.878662,1785923774.878663,2.682348,0.7962578535079956,0.006987107452005148,-0.5609285235404968,0.22645975649356842,0.778471827507019,-0.21964876353740692,-0.01932956650853157,0.5876755714416504,80.672880,21.530658,-0.048754,-0.110762
2026-08-05T11:56:14.894517,1785923774.894518,2.697191,0.7962223291397095,0.007043621502816677,-0.5609298348426819,0.2265792191028595,0.7784455418586731,-0.2196635752916336,-0.019322119653224945,0.5877048969268799,80.670798,21.525811,-0.140248,-0.326555
2026-08-05T11:56:14.912108,1785923774.912108,2.715794,0.7961605787277222,0.0071622952818870544,-0.5609462857246399,0.2267516851425171,0.7784075140953064,-0.2196701169013977,-0.01933000050485134,0.5877527594566345,80.668603,21.517870,-0.118027,-0.426840
2026-08-05T11:56:14.927937,1785923774.927937,2.731623,0.7961187958717346,0.007226364687085152,-0.5609437227249146,0.2269027829170227,0.7784035205841064,-0.2196437269449234,-0.019301261752843857,0.5877689123153687,80.663881,21.515901,-0.298271,-0.124445
2026-08-05T11:56:14.945457,1785923774.945458,2.749143,0.7960642576217651,0.007295291870832443,-0.5609611868858337,0.22704888880252838,0.7783793807029724,-0.21961690485477448,-0.019274555146694183,0.5878115296363831,80.663107,21.518288,-0.044206,0.136244
2026-08-05T11:56:14.950811,1785923774.950811,2.754497,0.7960555553436279,0.007334399502724409,-0.5609237551689148,0.2271704375743866,0.7783902883529663,-0.21957410871982574,-0.01922524906694889,0.5878148078918457,80.656481,21.516407,-1.237711,-0.351312
2026-08-05T11:56:14.961178,1785923774.961179,2.764864,0.7960293889045715,0.007338356226682663,-0.5609085559844971,0.22729963064193726,0.7784023284912109,-0.21952413022518158,-0.019152794033288956,0.5878199338912964,80.652081,21.523016,-0.424372,0.637471
2026-08-05T11:56:14.976674,1785923774.976674,2.780360,0.7959855794906616,0.007323089987039566,-0.5609235763549805,0.2274157553911209,0.7783869504928589,-0.219517782330513,-0.019119245931506157,0.5878438353538513,80.649902,21.530557,-0.140648,0.486662
2026-08-05T11:56:14.995072,1785923774.995073,2.798439,0.7959499955177307,0.007325214333832264,-0.5609394311904907,0.22750110924243927,0.7783335447311401,-0.21952985227108002,-0.019125210121273994,0.5879096388816833,80.650234,21.536441,0.018365,0.325431
2026-08-05T11:56:15.010155,1785923775.010155,2.813841,0.7959250211715698,0.007372860796749592,-0.5609278082847595,0.22761613130569458,0.7782555222511292,-0.2195756733417511,-0.019186779856681824,0.587993860244751,80.645161,21.529366,-0.329398,-0.459373
2026-08-05T11:56:15.027119,1785923775.027119,2.830805,0.7958698272705078,0.007499097380787134,-0.5609594583511353,0.2277274876832962,0.7781910300254822,-0.21962876617908478,-0.01919666863977909,0.5880590677261353,80.651537,21.519172,0.375884,-0.600873
2026-08-05T11:56:15.043793,1785923775.043793,2.847044,0.7958006262779236,0.007658769842237234,-0.5610068440437317,0.2278466522693634,0.7781341671943665,-0.21968917548656464,-0.01920192316174507,0.5881115198135376,80.660147,21.505589,0.530174,-0.836463
2026-08-05T11:56:15.060730,1785923775.060730,2.864416,0.7957214713096619,0.007847847416996956,-0.5610551238059998,0.22799760103225708,0.7780647873878479,-0.21977666020393372,-0.01921071484684944,0.5881702899932861,80.669167,21.486340,0.519240,-1.108045
2026-08-05T11:56:15.077752,1785923775.077752,2.880426,0.7956535816192627,0.008014721795916557,-0.5610911250114441,0.22814005613327026,0.7779722213745117,-0.21989335119724274,-0.019219182431697845,0.5882489085197449,80.679248,21.466661,0.629674,-1.229180
2026-08-05T11:56:15.094389,1785923775.094389,2.898075,0.7955669164657593,0.0081786485388875,-0.5611522197723389,0.22828635573387146,0.7778615951538086,-0.21998950839042664,-0.019232310354709625,0.5883588194847107,80.692101,21.455267,0.728249,-0.645586
2026-08-05T11:56:15.099032,1785923775.099033,2.902718,0.7954879403114319,0.008318481966853142,-0.561204195022583,0.22842872142791748,0.7778054475784302,-0.22004517912864685,-0.019215956330299377,0.5884127616882324,80.700848,21.445977,1.883790,-2.000859
2026-08-05T11:56:15.110892,1785923775.110892,2.914578,0.7954028844833374,0.008438202552497387,-0.5612832903862,0.22852620482444763,0.77777099609375,-0.22008660435676575,-0.01920834369957447,0.5884430408477783,80.711241,21.441253,0.876379,-0.398308
2026-08-05T11:56:15.128061,1785923775.128062,2.931747,0.7953510880470276,0.008540312759578228,-0.5613160729408264,0.22862225770950317,0.7777388691902161,-0.22008030116558075,-0.019198650494217873,0.5884882807731628,80.715890,21.439407,0.270764,-0.107506
2026-08-05T11:56:15.144847,1785923775.144847,2.948533,0.795332670211792,0.00858437642455101,-0.5613056421279907,0.22871024906635284,0.7777200937271118,-0.2200683057308197,-0.01920737326145172,0.588517427444458,80.711601,21.436710,-0.255514,-0.160658
2026-08-05T11:56:15.161665,1785923775.161666,2.965351,0.7953302264213562,0.008584411814808846,-0.5612812638282776,0.2287784218788147,0.7777089476585388,-0.22005005180835724,-0.019216956570744514,0.5885385870933533,80.704643,21.436960,-0.413725,0.014854
2026-08-05T11:56:15.177851,1785923775.177852,2.981538,0.7953230142593384,0.008566266857087612,-0.5612594485282898,0.22885821759700775,0.7777273058891296,-0.2200022041797638,-0.019216133281588554,0.5885321497917175,80.694386,21.440563,-0.633663,0.222574
2026-08-05T11:56:15.194277,1785923775.194277,2.997963,0.7953248620033264,0.008575105108320713,-0.561219334602356,0.2289494425058365,0.7777296900749207,-0.2199513465166092,-0.019215160980820656,0.5885480642318726,80.684138,21.441432,-0.623920,0.052932
2026-08-05T11:56:15.210913,1785923775.210913,3.013591,0.7953474521636963,0.008567973040044308,-0.5611484050750732,0.2290448099374771,0.7777259945869446,-0.2199000120162964,-0.019226722419261932,0.5885716676712036,80.669377,21.440371,-0.944529,-0.067911
2026-08-05T11:56:15.227206,1785923775.227206,3.030892,0.7953752279281616,0.008543858304619789,-0.5610801577568054,0.2291167676448822,0.7777457237243652,-0.21984471380710602,-0.019230999052524567,0.5885660648345947,80.654294,21.439595,-0.871820,-0.044863
2026-08-05T11:56:15.244887,1785923775.244887,3.048573,0.7953981161117554,0.008522244170308113,-0.5610244274139404,0.22917424142360687,0.7777398228645325,-0.21981772780418396,-0.01923585683107376,0.588583767414093,80.644078,21.439202,-0.577813,-0.022190
2026-08-05T11:56:15.260861,1785923775.260861,3.064547,0.795423150062561,0.008508575148880482,-0.5609564185142517,0.22925493121147156,0.7777541279792786,-0.2197832316160202,-0.01924334652721882,0.5885776281356812,80.629385,21.434845,-0.919787,-0.272770
2026-08-05T11:56:15.278667,1785923775.278667,3.081679,0.7954355478286743,0.008505302481353283,-0.5609053373336792,0.22933679819107056,0.7777448892593384,-0.2197943925857544,-0.01925685442984104,0.5885851383209229,80.618847,21.427482,-0.615110,-0.429765
2026-08-05T11:56:15.294538,1785923775.294539,3.098225,0.7954450249671936,0.008514943532645702,-0.5608675479888916,0.22939585149288177,0.7777168154716492,-0.2198186218738556,-0.01930355466902256,0.5886117219924927,80.610162,21.419202,-0.524916,-0.500435
2026-08-05T11:56:15.311002,1785923775.311002,3.114688,0.7954593896865845,0.008515662513673306,-0.56083083152771,0.22943603992462158,0.7776713371276855,-0.2198309302330017,-0.019363055005669594,0.5886653065681458,80.602495,21.415241,-0.465677,-0.240599
2026-08-05T11:56:15.328359,1785923775.328359,3.132045,0.7954822182655334,0.008508185856044292,-0.5607819557189941,0.229476198554039,0.777629554271698,-0.21987198293209076,-0.019418654963374138,0.5887033343315125,80.593904,21.406300,-0.494940,-0.515169
2026-08-05T11:56:15.344783,1785923775.344783,3.148103,0.7954584360122681,0.008573638275265694,-0.5607861876487732,0.22954583168029785,0.777596652507782,-0.21990270912647247,-0.01945336163043976,0.5887341499328613,80.592433,21.397459,-0.091629,-0.550528
2026-08-05T11:56:15.361780,1785923775.361780,3.165466,0.7954623103141785,0.008645088411867619,-0.5607452392578125,0.22963008284568787,0.7775488495826721,-0.21995818614959717,-0.01949353516101837,0.5887752771377563,80.587207,21.380396,-0.300953,-0.982690
2026-08-05T11:56:15.377575,1785923775.377575,3.180237,0.7954623103141785,0.008682346902787685,-0.5607237219810486,0.22968140244483948,0.7775234580039978,-0.21999432146549225,-0.01954183541238308,0.5887937545776367,80.581473,21.369079,-0.388238,-0.766204
2026-08-05T11:56:15.395027,1785923775.395027,3.198713,0.7954354286193848,0.008692729286849499,-0.560769259929657,0.22966286540031433,0.7775020003318787,-0.22002321481704712,-0.019584335386753082,0.5888099074363708,80.585546,21.369928,0.220459,0.045964
2026-08-05T11:56:15.406030,1785923775.406030,3.209716,0.795428454875946,0.00870916061103344,-0.5607855319976807,0.22964660823345184,0.7774683833122253,-0.22003960609436035,-0.019647972658276558,0.5888460874557495,80.585756,21.368740,0.019090,-0.107975
2026-08-05T11:56:15.411513,1785923775.411513,3.215199,0.7954167127609253,0.008786390535533428,-0.5607736706733704,0.2297123372554779,0.7774290442466736,-0.2200562208890915,-0.019679391756653786,0.5888907313346863,80.584167,21.359681,-0.289848,-1.652175
2026-08-05T11:56:15.444571,1785923775.444572,3.248258,0.7954105138778687,0.008794785477221012,-0.5607568621635437,0.22977572679519653,0.7774151563644409,-0.22006544470787048,-0.01968242973089218,0.588905394077301,80.579893,21.356696,-0.129279,-0.090297
2026-08-05T11:56:15.460445,1785923775.460445,3.264131,0.7954148054122925,0.0087320227175951,-0.5607501268386841,0.22977899014949799,0.7773942947387695,-0.22006747126579285,-0.019653964787721634,0.5889331102371216,80.581158,21.366248,0.079657,0.601735
2026-08-05T11:56:15.494240,1785923775.494241,3.297926,0.7954267859458923,0.008636320941150188,-0.560734212398529,0.2297801375389099,0.7773793935775757,-0.22006143629550934,-0.01960315741598606,0.5889568328857422,80.581898,21.379745,0.021908,0.399395
2026-08-05T11:56:15.511148,1785923775.511148,3.314834,0.7954326272010803,0.008525928482413292,-0.5607295632362366,0.22977547347545624,0.7773703932762146,-0.22005072236061096,-0.019581004977226257,0.588973343372345,80.580067,21.394670,-0.108305,0.882700
2026-08-05T11:56:15.525205,1785923775.525206,3.328891,0.7954199910163879,0.008526241406798363,-0.5607241988182068,0.22983220219612122,0.7773364186286926,-0.220084547996521,-0.01959909498691559,0.5890050530433655,80.577675,21.392163,-0.170177,-0.178331
2026-08-05T11:56:15.535766,1785923775.535766,3.339452,0.7954160571098328,0.008566589094698429,-0.560706615447998,0.22988703846931458,0.7772850394248962,-0.22014030814170837,-0.019641980528831482,0.5890506505966187,80.575335,21.381628,-0.221536,-0.997547
2026-08-05T11:56:15.540196,1785923775.540197,3.343882,0.7953946590423584,0.008589724078774452,-0.5607261061668396,0.22991310060024261,0.777232825756073,-0.22018016874790192,-0.01966547593474388,0.5891038179397583,80.579326,21.380916,0.900760,-0.160681
2026-08-05T11:56:15.560444,1785923775.560444,3.364130,0.7953839898109436,0.008581184782087803,-0.5607180595397949,0.2299698293209076,0.7772096991539001,-0.22021105885505676,-0.019659392535686493,0.5891229510307312,80.577693,21.379343,-0.080645,-0.077703
2026-08-05T11:56:15.576964,1785923775.576965,3.380650,0.7953775525093079,0.008579108864068985,-0.560693621635437,0.23005113005638123,0.7771705985069275,-0.22021585702896118,-0.01966070756316185,0.5891725420951843,80.573431,21.380293,-0.257987,0.057520
2026-08-05T11:56:15.594799,1785923775.594800,3.398485,0.7953526973724365,0.008599207736551762,-0.5607141256332397,0.23008638620376587,0.7771465182304382,-0.220205619931221,-0.01970510743558407,0.5892068147659302,80.571470,21.382685,-0.109950,0.134080
2026-08-05T11:56:15.602248,1785923775.602248,3.405934,0.7953702211380005,0.0085380794480443,-0.5607048869132996,0.2300506979227066,0.7770978212356567,-0.22016488015651703,-0.019855564460158348,0.5892811417579651,80.559248,21.392224,-1.640877,1.280684
2026-08-05T11:56:15.627811,1785923775.627811,3.431497,0.7954408526420593,0.008392928168177605,-0.5606227517127991,0.23001202940940857,0.7769924402236938,-0.22003963589668274,-0.02012978121638298,0.5894575119018555,80.528409,21.414418,-1.206415,0.868216
2026-08-05T11:56:15.644843,1785923775.644843,3.448529,0.795590341091156,0.008143359795212746,-0.5604197382926941,0.22999927401542664,0.7767356634140015,-0.22006089985370636,-0.020596470683813095,0.5897719264030457,80.477210,21.420364,-3.006001,0.349139
2026-08-05T11:56:15.661436,1785923775.661436,3.465122,0.7958475947380066,0.0077578420750796795,-0.5600548386573792,0.23001118004322052,0.7763603329658508,-0.22050976753234863,-0.021442802622914314,0.5900681614875793,80.384180,21.354485,-5.606513,-3.970254
2026-08-05T11:56:15.677829,1785923775.677829,3.481515,0.7962268590927124,0.0072745271027088165,-0.5595262050628662,0.23000116646289825,0.7759077548980713,-0.22120401263237,-0.022568384185433388,0.5903615951538086,80.257032,21.238792,-7.756276,-7.057455
2026-08-05T11:56:15.711003,1785923775.711003,3.514689,0.7964324355125427,0.006939397193491459,-0.5592687129974365,0.22992591559886932,0.7752230763435364,-0.22223371267318726,-0.023851731792092323,0.5908237099647522,80.176106,21.112444,-2.439420,-3.808655
2026-08-05T11:56:15.727586,1785923775.727586,3.531272,0.7968289852142334,0.0063403514213860035,-0.5586405396461487,0.23009619116783142,0.7741878032684326,-0.2236001193523407,-0.025418808683753014,0.5915998816490173,80.043164,20.946488,-8.016911,-10.007745
2026-08-05T11:56:15.744325,1785923775.744326,3.548011,0.7970597147941589,0.0052575040608644485,-0.5581016540527344,0.23063120245933533,0.7727574706077576,-0.22572414577007294,-0.026821400970220566,0.5926006436347961,79.938698,20.786773,-6.240660,-9.541151
2026-08-05T11:56:15.811341,1785923775.811341,3.615027,0.7971049547195435,0.004890522453933954,-0.5575562715530396,0.2317993938922882,0.7712247371673584,-0.22831737995147705,-0.028365105390548706,0.5935310125350952,79.824919,20.483575,-1.697807,-4.524299
2026-08-05T11:56:15.827409,1785923775.827410,3.631095,0.7977824211120605,0.004431467037647963,-0.556248128414154,0.23261913657188416,0.7696493864059448,-0.23116172850131989,-0.02967771887779236,0.5944100618362427,79.692304,20.076750,-8.253122,-25.318248
2026-08-05T11:56:15.831322,1785923775.831323,3.635009,0.7980347275733948,0.004698708187788725,-0.5557021498680115,0.23305301368236542,0.768347978591919,-0.23376305401325226,-0.030976269394159317,0.5950098633766174,79.659267,19.689743,-8.441908,-98.892706
2026-08-05T11:56:15.844247,1785923775.844247,3.647933,0.7983614206314087,0.0043024481274187565,-0.5552235245704651,0.23308253288269043,0.7671453356742859,-0.23605120182037354,-0.03173394873738289,0.5956180691719055,79.670211,19.442292,0.846709,-19.145983
2026-08-05T11:56:15.861066,1785923775.861066,3.664752,0.7985915541648865,0.003639570437371731,-0.5547793507575989,0.23336325585842133,0.7659562826156616,-0.23866069316864014,-0.031628504395484924,0.5961138606071472,79.744561,19.220582,4.420706,-13.182294
2026-08-05T11:56:15.877484,1785923775.877485,3.681170,0.7988980412483215,0.003299118485301733,-0.5541886687278748,0.2337220162153244,0.7644575238227844,-0.2417697161436081,-0.03013259544968605,0.5968621969223022,79.985669,18.978884,14.684962,-14.720931
2026-08-05T11:56:15.895038,1785923775.895039,3.698724,0.7996205687522888,0.003109801560640335,-0.5532656311988831,0.2334408313035965,0.762708306312561,-0.2453182190656662,-0.027670765295624733,0.5977705121040344,80.369550,18.691801,21.868821,-16.354449
2026-08-05T11:56:15.911541,1785923775.911542,3.715227,0.8006681203842163,0.0024153494741767645,-0.5521710515022278,0.23244787752628326,0.7605085372924805,-0.24964281916618347,-0.0253522377461195,0.5988844037055969,80.803224,18.361326,26.278331,-20.025015
2026-08-05T11:56:15.928215,1785923775.928215,3.730875,0.8015189170837402,0.0012012512888759375,-0.551128625869751,0.23199893534183502,0.7583358287811279,-0.25362324714660645,-0.02113930508494377,0.6001293063163757,81.354085,18.225640,35.203520,-8.671202
2026-08-05T11:56:15.944004,1785923775.944004,3.747690,0.8015615940093994,0.0008194816182367504,-0.5506781339645386,0.23292148113250732,0.7564406991004944,-0.2571602463722229,-0.013737187720835209,0.6012300252914429,82.171479,18.260374,48.611882,2.065675
2026-08-05T11:56:15.961029,1785923775.961029,3.764715,0.8033701181411743,-0.004024964291602373,-0.5483720898628235,0.23209555447101593,0.7539474368095398,-0.2619176208972931,-0.0038712818641215563,0.6024513840675354,83.043844,18.522802,51.240968,15.414480
2026-08-05T11:56:15.977529,1785923775.977529,3.781215,0.8049954175949097,-0.005025606136769056,-0.5461744666099548,0.2316264510154724,0.7505128383636475,-0.2676108777523041,0.009013373404741287,0.6041802167892456,84.447613,18.472797,85.075686,-3.030543
2026-08-05T11:56:15.981758,1785923775.981759,3.785444,0.8073559999465942,-0.006012944038957357,-0.542777955532074,0.23137041926383972,0.7446053624153137,-0.27657726407051086,0.023358603939414024,0.6070604920387268,86.126251,18.056381,396.883705,-98.454009
2026-08-05T11:56:15.994156,1785923775.994156,3.797842,0.8108270168304443,-0.009269878268241882,-0.5377108454704285,0.23095640540122986,0.7363665103912354,-0.29120883345603943,0.03615330159664154,0.6096349358558655,87.705231,16.858595,127.364967,-96.616836
2026-08-05T11:56:16.010610,1785923776.010611,3.814297,0.8150345087051392,-0.015372944995760918,-0.5315630435943604,0.23005041480064392,0.7263399958610535,-0.3095952868461609,0.04398540034890175,0.6120836138725281,88.847830,15.045951,69.438070,-110.158023
2026-08-05T11:56:16.027697,1785923776.027698,3.831383,0.8177558779716492,-0.02213074080646038,-0.5277801752090454,0.22854739427566528,0.7149599194526672,-0.3293842375278473,0.05053232982754707,0.6146420836448669,90.218540,13.320593,80.221765,-100.977832
2026-08-05T11:56:16.043659,1785923776.043659,3.847345,0.8199228644371033,-0.030413653701543808,-0.5250465869903564,0.22611451148986816,0.7030311226844788,-0.34982091188430786,0.058135561645030975,0.6164356470108032,91.796984,11.708880,98.888310,-100.972579
2026-08-05T11:56:16.059631,1785923776.059632,3.863317,0.8217890858650208,-0.040068551898002625,-0.5223908424377441,0.22397541999816895,0.6911077499389648,-0.3709508776664734,0.06683382391929626,0.6166839003562927,93.368742,9.991505,98.404800,-107.521586
2026-08-05T11:56:16.077808,1785923776.077809,3.881494,0.8242054581642151,-0.049519848078489304,-0.5189293622970581,0.22123689949512482,0.6790957450866699,-0.39320671558380127,0.07381335645914078,0.6154424548149109,94.774402,7.646846,77.332631,-128.991911
2026-08-05T11:56:16.094245,1785923776.094245,3.897931,0.827218770980835,-0.06054404750466347,-0.5149897933006287,0.21640050411224365,0.6674615144729614,-0.41599681973457336,0.07753942906856537,0.6127229332923889,95.868291,4.891410,66.551168,-167.638037
2026-08-05T11:56:16.103950,1785923776.103951,3.907636,0.8296119570732117,-0.07288572192192078,-0.5123649835586548,0.2095566689968109,0.657787024974823,-0.43712201714515686,0.07996588945388794,0.6081497669219971,96.782877,2.355850,94.235654,-261.255122
2026-08-05T11:56:16.111455,1785923776.111455,3.915141,0.8313548564910889,-0.08653301745653152,-0.5110262036323547,0.20053355395793915,0.6520714163780212,-0.45443055033683777,0.08453261852264404,0.6009576916694641,97.592361,0.467837,107.867121,-251.585337
2026-08-05T11:56:16.116019,1785923776.116019,3.918926,0.8334236741065979,-0.10023710876703262,-0.5093041658401489,0.18964965641498566,0.6512646675109863,-0.4675450623035431,0.09244665503501892,0.5905164480209351,98.228558,-1.067410,168.056585,-405.547995
2026-08-05T11:56:16.127616,1785923776.127616,3.931302,0.835464358329773,-0.11257214099168777,-0.5076552629470825,0.1778009682893753,0.6553288698196411,-0.4772285223007202,0.10137588530778885,0.5766454935073853,98.570951,-2.489599,27.666761,-114.918835
2026-08-05T11:56:16.132763,1785923776.132763,3.936449,0.8363720178604126,-0.12124718725681305,-0.5080339908599854,0.16638080775737762,0.6633815169334412,-0.48415690660476685,0.10940990597009659,0.5599523782730103,98.748152,-3.839342,34.429892,-262.252078
2026-08-05T11:56:16.161086,1785923776.161087,3.964772,0.8369688987731934,-0.12643006443977356,-0.5089715719223022,0.15635402500629425,0.6731902956962585,-0.4904264807701111,0.11392072588205338,0.541589081287384,98.593535,-5.599962,-5.458963,-62.160757
2026-08-05T11:56:16.170970,1785923776.170971,3.974656,0.8399914503097534,-0.12820328772068024,-0.5068070292472839,0.14534436166286469,0.6844264268875122,-0.4964434504508972,0.11438000947237015,0.5215569734573364,97.949016,-8.418525,-65.209061,-285.167624
2026-08-05T11:56:16.227915,1785923776.227916,4.031601,0.8387705087661743,-0.13652628660202026,-0.5093573331832886,0.13557258248329163,0.6970028281211853,-0.5023866891860962,0.11146530508995056,0.49936991930007935,96.767315,-9.769462,-20.751683,-23.723606
2026-08-05T11:56:16.244488,1785923776.244488,4.048174,0.8352425694465637,-0.14858338236808777,-0.5143042206764221,0.12563583254814148,0.7094436287879944,-0.5099524259567261,0.10397227108478546,0.4752136468887329,95.160275,-10.680590,-96.968999,-54.977606
2026-08-05T11:56:16.261196,1785923776.261196,4.064882,0.8303559422492981,-0.16033732891082764,-0.5206530690193176,0.11713863164186478,0.7213497757911682,-0.5192468166351318,0.09082862734794617,0.44920772314071655,93.125302,-11.787951,-121.795347,-66.276777
2026-08-05T11:56:16.276982,1785923776.276983,4.080668,0.8263524770736694,-0.1691175401210785,-0.5258345603942871,0.10972344130277634,0.7316204309463501,-0.5305533409118652,0.07281176745891571,0.42183342576026917,90.776338,-13.784368,-148.796628,-126.464257
2026-08-05T11:56:16.281064,1785923776.281065,4.084750,0.8258285522460938,-0.17705495655536652,-0.5252302885055542,0.10388548672199249,0.7404245734214783,-0.5424305200576782,0.051180385053157806,0.3936004936695099,87.641176,-16.530605,-768.052130,-672.773397
2026-08-05T11:56:16.293977,1785923776.293977,4.097663,0.829286515712738,-0.18662752211093903,-0.5177403688430786,0.09694896638393402,0.7472423911094666,-0.5554024577140808,0.02625175006687641,0.36396127939224243,83.677434,-19.818132,-306.974785,-254.604821
2026-08-05T11:56:16.311140,1785923776.311140,4.114826,0.8331393599510193,-0.19682301580905914,-0.5092942714691162,0.08808425813913345,0.7518472671508789,-0.5691055655479431,8.14125087345019e-05,0.3329331576824188,79.705950,-23.058290,-231.397466,-188.786968
2026-08-05T11:56:16.327928,1785923776.327929,4.131102,0.8349473476409912,-0.20431044697761536,-0.5046265125274658,0.08045011758804321,0.7528595924377441,-0.5839892625808716,-0.02688276395201683,0.30238455533981323,76.409464,-26.268040,-202.535126,-197.206061
2026-08-05T11:56:16.344025,1785923776.344026,4.146740,0.8367966413497925,-0.20597603917121887,-0.5017743706703186,0.07461778819561005,0.7532030344009399,-0.5969669818878174,-0.05264177545905113,0.27119123935699463,73.761083,-29.721784,-169.356813,-220.857629
2026-08-05T11:56:16.360913,1785923776.360914,4.163349,0.8396055698394775,-0.2027321606874466,-0.49910905957221985,0.06966078281402588,0.758561909198761,-0.6020411849021912,-0.07481510192155838,0.23776692152023315,71.249418,-32.669905,-151.217045,-177.494282
2026-08-05T11:56:16.377560,1785923776.377561,4.181246,0.8446926474571228,-0.20488068461418152,-0.49040135741233826,0.06344296783208847,0.7736696004867554,-0.5924814343452454,-0.09306115657091141,0.20430658757686615,67.080091,-33.097627,-232.963786,-23.899244
2026-08-05T11:56:16.393908,1785923776.393909,4.196681,0.8492332696914673,-0.20871630311012268,-0.4816597104072571,0.056962694972753525,0.7978060245513916,-0.5681018829345703,-0.10412413626909256,0.17298635840415955,62.236752,-31.140219,-313.789780,126.816371
2026-08-05T11:56:16.410953,1785923776.410954,4.214639,0.8487561345100403,-0.20542757213115692,-0.4842310845851898,0.054156117141246796,0.8308953046798706,-0.5272591710090637,-0.10214274376630783,0.145525261759758,58.877222,-27.349209,-187.077857,211.105105
2026-08-05T11:56:16.428095,1785923776.428096,4.231781,0.8462828397750854,-0.19992300868034363,-0.4910517632961273,0.05200472101569176,0.8717705607414246,-0.4671807289123535,-0.09983845055103302,0.10858622938394547,55.290548,-22.094879,-209.232404,306.516876
2026-08-05T11:56:16.437523,1785923776.437523,4.241209,0.8446319103240967,-0.1917935013771057,-0.497239351272583,0.05065154284238815,0.9016745686531067,-0.4129897356033325,-0.10723859071731567,0.07015951722860336,52.293419,-18.529853,-317.911786,378.149940
2026-08-05T11:56:16.443721,1785923776.443721,4.247407,0.8454816937446594,-0.17836123704910278,-0.500698447227478,0.05147043615579605,0.9071482419967651,-0.3990165591239929,-0.1273052990436554,0.04075951874256134,50.625973,-20.283653,-269.022461,-282.954726
2026-08-05T11:56:16.459938,1785923776.459939,4.263624,0.8492535352706909,-0.16770309209823608,-0.4980025887489319,0.05135920271277428,0.8957979679107666,-0.4160754978656769,-0.15564435720443726,0.014222456142306328,49.325884,-25.308108,-80.167112,-309.821981
2026-08-05T11:56:16.478144,1785923776.478144,4.281345,0.850903332233429,-0.16190315783023834,-0.4970998466014862,0.051410138607025146,0.8786261677742004,-0.4408751130104065,-0.18306051194667816,-0.011585414409637451,49.152524,-30.514865,-9.782803,-293.819479
2026-08-05T11:56:16.496075,1785923776.496076,4.297739,0.8484480977058411,-0.15658172965049744,-0.502901017665863,0.05204597860574722,0.8654739856719971,-0.45542192459106445,-0.2047896385192871,-0.040088266134262085,49.941670,-34.525419,48.137286,-244.640506
2026-08-05T11:56:16.511049,1785923776.511049,4.314735,0.8454833030700684,-0.14928790926933289,-0.5098954439163208,0.053645603358745575,0.862485945224762,-0.44860610365867615,-0.22337187826633453,-0.07054076343774796,50.001898,-36.457609,3.543632,-113.684016
2026-08-05T11:56:16.527356,1785923776.527356,4.331042,0.8445011973381042,-0.14898911118507385,-0.5116819739341736,0.05293082445859909,0.8672763705253601,-0.42372870445251465,-0.24148862063884735,-0.0998457595705986,47.920569,-35.497462,-127.633188,58.878991
2026-08-05T11:56:16.561302,1785923776.561303,4.364989,0.8436132073402405,-0.1464928835630417,-0.5137597918510437,0.05392135679721832,0.8737420439720154,-0.39255720376968384,-0.25899890065193176,-0.12406951934099197,45.860342,-33.920900,-60.690384,46.442538
2026-08-05T11:56:16.577657,1785923776.577657,4.381343,0.8434262871742249,-0.13430863618850708,-0.5169825553894043,0.05764268711209297,0.877884030342102,-0.3667041063308716,-0.27349740266799927,-0.14158740639686584,45.288336,-33.793309,-34.976321,7.801781
2026-08-05T11:56:16.581474,1785923776.581474,4.385160,0.8435400128364563,-0.1257738322019577,-0.5189594030380249,0.05746893584728241,0.8775020241737366,-0.3525376319885254,-0.2854110300540924,-0.15571871399879456,45.049093,-34.206196,-62.673102,-108.161454
2026-08-05T11:56:16.593525,1785923776.593526,4.397212,0.8429569602012634,-0.12306997925043106,-0.520750880241394,0.055640365928411484,0.8739867210388184,-0.34762853384017944,-0.2954057455062866,-0.16744349896907806,44.954355,-34.747271,-7.860931,-44.895715
2026-08-05T11:56:16.610580,1785923776.610580,4.414266,0.8428550958633423,-0.12187459319829941,-0.5214037895202637,0.05366624891757965,0.8715071082115173,-0.34324342012405396,-0.3023269474506378,-0.17679843306541443,44.803878,-34.999304,-8.823521,-14.778486
2026-08-05T11:56:16.627223,1785923776.627223,4.430909,0.8426570892333984,-0.121092289686203,-0.5220881700515747,0.0518639050424099,0.8718512654304504,-0.33571189641952515,-0.3062806725502014,-0.1826607882976532,44.434825,-34.625349,-22.174576,22.469143
2026-08-05T11:56:16.644081,1785923776.644082,4.447767,0.8417357206344604,-0.12347324192523956,-0.5232667326927185,0.049267321825027466,0.87404865026474,-0.32727736234664917,-0.30756521224975586,-0.18528912961483002,43.768749,-33.544197,-39.510158,64.131582
2026-08-05T11:56:16.660627,1785923776.660628,4.464313,0.8409726023674011,-0.12789155542850494,-0.5236889123916626,0.04646284878253937,0.8767641186714172,-0.3218696415424347,-0.30563873052597046,-0.18512091040611267,43.143686,-32.345659,-37.777296,72.436704
2026-08-05T11:56:16.676698,1785923776.676698,4.480384,0.8411110043525696,-0.13137735426425934,-0.5227640867233276,0.04461073502898216,0.8791601061820984,-0.32163530588150024,-0.30065667629241943,-0.18230129778385162,42.890705,-31.641249,-15.741843,43.832188
2026-08-05T11:56:16.693933,1785923776.693933,4.497619,0.8411260843276978,-0.13529452681541443,-0.5218675136566162,0.04308882728219032,0.8809740543365479,-0.3264941871166229,-0.2929139733314514,-0.17744792997837067,43.005703,-31.301122,6.672425,19.734899
2026-08-05T11:56:16.710251,1785923776.710252,4.512858,0.8405275344848633,-0.14094963669776917,-0.5214669704437256,0.04146077483892441,0.8819515109062195,-0.33573105931282043,-0.28269827365875244,-0.1718372404575348,43.466182,-31.182827,30.215756,7.762301
2026-08-05T11:56:16.752710,1785923776.752710,4.556396,0.8399692177772522,-0.1473325490951538,-0.5207021832466125,0.04017702862620354,0.8821228742599487,-0.34820833802223206,-0.27033838629722595,-0.1659138798713684,44.251865,-31.329413,18.046067,-3.366894
2026-08-05T11:56:16.760164,1785923776.760164,4.563850,0.8393247723579407,-0.15403582155704498,-0.51986163854599,0.039382170885801315,0.881608247756958,-0.36323484778404236,-0.25604891777038574,-0.1589544713497162,45.335052,-31.677822,145.322371,-46.743196
2026-08-05T11:56:16.793651,1785923776.793652,4.596327,0.8386541604995728,-0.1604117751121521,-0.5190598964691162,0.038782749325037,0.8806626796722412,-0.379749596118927,-0.2402208298444748,-0.15005871653556824,46.625902,-32.124617,39.746448,-13.757216
2026-08-05T11:56:16.808910,1785923776.808911,4.611573,0.8381909132003784,-0.16609744727611542,-0.5180476903915405,0.03840256109833717,0.879723846912384,-0.39618930220603943,-0.22335931658744812,-0.13867440819740295,47.993746,-32.511463,89.715895,-25.372961
2026-08-05T11:56:16.829586,1785923776.829587,4.631257,0.8379675149917603,-0.17108821868896484,-0.5168009400367737,0.03815627098083496,0.8792943358421326,-0.41107890009880066,-0.20563150942325592,-0.1247854232788086,49.358328,-32.676478,69.326688,-8.383470
2026-08-05T11:56:16.833134,1785923776.833134,4.636820,0.8377974629402161,-0.1762416809797287,-0.5153805017471313,0.037646424025297165,0.8796747326850891,-0.42349597811698914,-0.18701432645320892,-0.10885544866323471,50.645645,-32.435076,231.386198,43.390361
2026-08-05T11:56:16.843410,1785923776.843411,4.647096,0.8372170329093933,-0.18228290975093842,-0.5142837166786194,0.036783576011657715,0.8807725310325623,-0.43339836597442627,-0.16746854782104492,-0.09143363684415817,51.903789,-31.723201,122.431394,69.273330
2026-08-05T11:56:16.860108,1785923776.860109,4.663795,0.836700439453125,-0.18803685903549194,-0.5131005048751831,0.036096036434173584,0.8818198442459106,-0.4420779049396515,-0.14713101089000702,-0.07289469987154007,53.288692,-30.870250,82.937656,51.080678
2026-08-05T11:56:16.872486,1785923776.872486,4.676172,0.8366866111755371,-0.1926182210445404,-0.5114523768424988,0.035641636699438095,0.8820071816444397,-0.45088425278663635,-0.1262350231409073,-0.053213298320770264,54.883810,-30.153455,128.874890,57.912252
2026-08-05T11:56:16.877101,1785923776.877102,4.679494,0.8364163041114807,-0.19874146580696106,-0.5096411108970642,0.034291286021471024,0.8809987902641296,-0.4602596163749695,-0.10475818812847137,-0.032066501677036285,56.559803,-29.251393,504.530558,271.551199
2026-08-05T11:56:16.891192,1785923776.891192,4.694878,0.8355608582496643,-0.20618052780628204,-0.5082124471664429,0.03237079828977585,0.8787943720817566,-0.4699174165725708,-0.08251252770423889,-0.009480386972427368,58.428456,-28.164293,121.467619,70.664465
2026-08-05T11:56:16.909608,1785923776.909608,4.713294,0.8350605964660645,-0.21211189031600952,-0.5066961646080017,0.03068355843424797,0.8754499554634094,-0.4794013202190399,-0.05972543731331825,0.013949558138847351,60.591923,-27.264464,117.475008,48.860188
2026-08-05T11:56:16.926243,1785923776.926244,4.729929,0.8351204991340637,-0.2160995900630951,-0.5049619078636169,0.029804211109876633,0.8706967830657959,-0.4889310598373413,-0.03710579872131348,0.03816738724708557,62.993669,-26.654664,144.377510,36.657259
2026-08-05T11:56:16.976611,1785923776.976612,4.780297,0.8359026908874512,-0.21819783747196198,-0.5027262568473816,0.030381642282009125,0.8641495704650879,-0.499044805765152,-0.014858532696962357,0.06308010965585709,65.588381,-26.422053,51.515008,4.618219
2026-08-05T11:56:16.993667,1785923776.993668,4.796355,0.837038516998291,-0.2193702608346939,-0.5002061724662781,0.03220561519265175,0.8564819097518921,-0.5085124373435974,0.006904411595314741,0.08835231512784958,68.242449,-26.291079,165.282930,8.156451
2026-08-05T11:56:17.003453,1785923777.003453,4.805123,0.8384597897529602,-0.2196076214313507,-0.4974841773509979,0.03560224920511246,0.8478516340255737,-0.5170838832855225,0.02822541445493698,0.11390817165374756,70.932259,-26.220883,306.789580,8.006295
2026-08-05T11:56:17.010257,1785923777.010257,4.813943,0.8398057222366333,-0.221335306763649,-0.4942098557949066,0.03865187615156174,0.8394872546195984,-0.5227550864219666,0.049640581011772156,0.13972949981689453,73.437875,-25.615772,284.081602,68.606294
2026-08-05T11:56:17.026525,1785923777.026525,4.829211,0.8413947820663452,-0.22475221753120422,-0.48976489901542664,0.040888190269470215,0.8323923349380493,-0.5240855813026428,0.0716937929391861,0.16527928411960602,75.665460,-24.294578,145.891279,86.528984
2026-08-05T11:56:17.039711,1785923777.039711,4.843397,0.8430137038230896,-0.22245776653289795,-0.48762843012809753,0.04537767916917801,0.827255368232727,-0.5204082131385803,0.09473127126693726,0.18934080004692078,78.289329,-23.037859,184.972389,88.593715
2026-08-05T11:56:17.043283,1785923777.043284,4.846970,0.8453457355499268,-0.21725153923034668,-0.48545175790786743,0.05029232054948807,0.8232336044311523,-0.5132123827934265,0.11851159483194351,0.21178945899009705,80.977642,-21.765680,752.409045,356.059475
2026-08-05T11:56:17.058775,1785923777.058775,4.862461,0.8479311466217041,-0.21621423959732056,-0.4810952842235565,0.05302717909216881,0.8189716935157776,-0.504677414894104,0.14240574836730957,0.23303788900375366,83.269286,-19.911863,147.931541,119.668645
2026-08-05T11:56:17.076994,1785923777.076994,4.880680,0.8502655029296875,-0.21741320192813873,-0.47623175382614136,0.05462106689810753,0.8136571645736694,-0.49664267897605896,0.16553723812103271,0.25279536843299866,85.423564,-17.934632,118.245064,108.527265
2026-08-05T11:56:17.093755,1785923777.093755,4.896480,0.8527793288230896,-0.21739235520362854,-0.4715626835823059,0.05600655451416969,0.8070811033248901,-0.4900408089160919,0.18723559379577637,0.27096712589263916,87.613995,-16.428610,138.632832,95.316372
2026-08-05T11:56:17.096887,1785923777.096888,4.900573,0.8557970523834229,-0.21444903314113617,-0.4672295153141022,0.05761733278632164,0.7987166047096252,-0.4859625995159149,0.20651115477085114,0.2885228395462036,89.873129,-15.747362,551.863342,166.416087
2026-08-05T11:56:17.125919,1785923777.125919,4.929605,0.859912097454071,-0.20858483016490936,-0.4620809853076935,0.05937102064490318,0.7892786264419556,-0.4836537539958954,0.22310055792331696,0.30552372336387634,92.002667,-15.873835,73.353835,-4.356494
2026-08-05T11:56:17.142539,1785923777.142540,4.946225,0.8641535043716431,-0.20005246996879578,-0.4575949013233185,0.061845164746046066,0.7802713513374329,-0.4814566671848297,0.23803414404392242,0.3204931914806366,94.079864,-16.461923,124.976966,-35.383026
2026-08-05T11:56:17.177022,1785923777.177022,4.980708,0.8681992888450623,-0.1919010579586029,-0.45314064621925354,0.063776895403862,0.7722275853157043,-0.4794251024723053,0.25133779644966125,0.33263441920280457,95.900970,-17.198651,52.811766,-21.364970
2026-08-05T11:56:17.193364,1785923777.193364,4.997050,0.8716396689414978,-0.1864224076271057,-0.4486677944660187,0.06471868604421616,0.7657126188278198,-0.47723907232284546,0.2631876766681671,0.3415544927120209,97.337013,-17.721861,87.876104,-32.016932
2026-08-05T11:56:17.200401,1785923777.200402,5.003074,0.8739177584648132,-0.18342703580856323,-0.44543564319610596,0.06488189101219177,0.7598258852958679,-0.47633180022239685,0.2731689512729645,0.3480680584907532,98.569300,-18.140867,204.542525,-69.549158
2026-08-05T11:56:17.277179,1785923777.277179,5.079658,0.8753910660743713,-0.1835789978504181,-0.44262129068374634,0.06384330242872238,0.7540812492370605,-0.47747719287872314,0.2806859612464905,0.35297659039497375,99.508368,-18.529717,12.262029,-5.077476
2026-08-05T11:56:17.291288,1785923777.291288,5.094974,0.8762553930282593,-0.1855839490890503,-0.4403616487979889,0.06178158149123192,0.7481724619865417,-0.48077571392059326,0.2855517268180847,0.35714566707611084,100.247246,-19.039897,48.242198,-33.310182
2026-08-05T11:56:17.310391,1785923777.310391,5.114077,0.8764898777008057,-0.18626564741134644,-0.43979012966156006,0.060462187975645065,0.7421820759773254,-0.48638108372688293,0.28707873821258545,0.36081188917160034,100.911786,-19.958743,34.787551,-48.100038
2026-08-05T11:56:17.326843,1785923777.326844,5.130529,0.876603901386261,-0.18496809899806976,-0.4401939809322357,0.059846971184015274,0.7367264628410339,-0.4933837652206421,0.2858053743839264,0.36348599195480347,101.453248,-21.314641,32.910560,-82.412647
2026-08-05T11:56:17.343671,1785923777.343672,5.147357,0.8766332864761353,-0.1833229809999466,-0.4408929646015167,0.05933080613613129,0.732718288898468,-0.5005837082862854,0.28287580609321594,0.36403462290763855,101.755927,-22.798946,17.986527,-88.204173
2026-08-05T11:56:17.360048,1785923777.360048,5.163734,0.8763402700424194,-0.18252943456172943,-0.4419143497943878,0.058502089232206345,0.731070339679718,-0.5067594051361084,0.2792621850967407,0.3615850806236267,101.765657,-24.073158,0.594131,-77.807354
2026-08-05T11:56:17.376435,1785923777.376436,5.180121,0.8755770325660706,-0.18223628401756287,-0.44364768266677856,0.05772073566913605,0.7320282459259033,-0.5115108489990234,0.2753128111362457,0.35594141483306885,101.520590,-25.073310,-14.954293,-61.030697
2026-08-05T11:56:17.383656,1785923777.383656,5.187342,0.8742552995681763,-0.18217068910598755,-0.4463386535644531,0.0572148822247982,0.7415171265602112,-0.5165745615959167,0.2653543949127197,0.3359914720058441,99.943432,-26.490161,-218.427642,-196.225891
2026-08-05T11:56:17.392967,1785923777.392967,5.196653,0.8722743391990662,-0.18419627845287323,-0.44949135184288025,0.05627545714378357,0.7494019269943237,-0.5172774195671082,0.25855475664138794,0.3224445879459381,98.782209,-26.569990,-124.712487,-8.573494
2026-08-05T11:56:17.409699,1785923777.409700,5.212799,0.8674883246421814,-0.20091933012008667,-0.4522751271724701,0.05042657256126404,0.7585580945014954,-0.5173585414886475,0.25001445412635803,0.3072824776172638,96.726236,-24.591052,-127.338681,122.567475
2026-08-05T11:56:17.426843,1785923777.426843,5.229563,0.8647157549858093,-0.21341325342655182,-0.45237407088279724,0.04559996351599693,0.76845782995224,-0.5169647932052612,0.23938319087028503,0.2914033532142639,94.340560,-23.319977,-142.306039,75.819885
2026-08-05T11:56:17.430814,1785923777.430815,5.233778,0.8622156977653503,-0.2205660194158554,-0.4539627134799957,0.04304654896259308,0.7786992788314819,-0.5163140296936035,0.22642631828784943,0.2752785384654999,92.049329,-22.593942,-543.651044,172.269773
2026-08-05T11:56:17.443278,1785923777.443278,5.246964,0.86018306016922,-0.22258464992046356,-0.45688629150390625,0.04238177090883255,0.7893356680870056,-0.515275776386261,0.21127930283546448,0.25845959782600403,89.840733,-22.445321,-167.492810,11.270881
2026-08-05T11:56:17.460259,1785923777.460260,5.263946,0.8591156601905823,-0.22587850689888,-0.4573923349380493,0.041132669895887375,0.8004398941993713,-0.5133789777755737,0.19461773335933685,0.24054494500160217,87.143935,-22.211896,-158.807052,13.745748
2026-08-05T11:56:17.476810,1785923777.476811,5.280496,0.8597505688667297,-0.23204593360424042,-0.45336076617240906,0.0380515493452549,0.8124998807907104,-0.5093745589256287,0.1773400455713272,0.22120611369609833,83.722404,-21.643385,-206.729275,34.349526
2026-08-05T11:56:17.483777,1785923777.484227,5.287463,0.8600516319274902,-0.2371813952922821,-0.45031803846359253,0.035643938928842545,0.8254709243774414,-0.5025845766067505,0.15974675118923187,0.2012157440185547,80.295160,-20.780575,-491.937470,123.845478
2026-08-05T11:56:17.493294,1785923777.493294,5.296980,0.8576549887657166,-0.23509581387043,-0.4558579623699188,0.036765240132808685,0.8393123745918274,-0.4929003417491913,0.14200668036937714,0.18010666966438293,77.916230,-20.140420,-249.973804,67.266307
2026-08-05T11:56:17.510009,1785923777.510009,5.313695,0.8551679849624634,-0.22609370946884155,-0.4647699296474457,0.03947915881872177,0.8531819581985474,-0.4815281331539154,0.12339247763156891,0.15806812047958374,76.118157,-20.242127,-107.573616,-6.084797
2026-08-05T11:56:17.526257,1785923777.526258,5.329943,0.8543127775192261,-0.2180306762456894,-0.47004541754722595,0.040864426642656326,0.8655809164047241,-0.47075051069259644,0.10332906246185303,0.13596683740615845,73.911220,-20.612564,-135.822397,-22.797988
2026-08-05T11:56:17.542830,1785923777.542830,5.346516,0.8545060753822327,-0.2136882096529007,-0.47168806195259094,0.04083586111664772,0.8758921027183533,-0.4616292715072632,0.08146525174379349,0.11434642225503922,71.152339,-20.903333,-166.476039,-17.545515
2026-08-05T11:56:17.560163,1785923777.560163,5.363849,0.8538203239440918,-0.21072158217430115,-0.4741058647632599,0.042555928230285645,0.8842504024505615,-0.4538338780403137,0.05810319632291794,0.09359706193208694,68.404315,-21.137666,-158.542649,-13.519447
2026-08-05T11:56:17.576144,1785923777.576145,5.379830,0.8516184687614441,-0.20494239032268524,-0.4802066385746002,0.04632966220378876,0.8917762637138367,-0.4452730715274811,0.03397971764206886,0.07288489490747452,66.189685,-21.607016,-138.573066,-29.367997
2026-08-05T11:56:17.592783,1785923777.592784,5.396470,0.8508564829826355,-0.19743898510932922,-0.48435717821121216,0.04959481954574585,0.8975151181221008,-0.4377911388874054,0.007796735968440771,0.05239177122712135,63.812226,-22.587004,-142.882725,-58.896249
2026-08-05T11:56:17.602085,1785923777.602085,5.405771,0.8509342670440674,-0.19148759543895721,-0.4864495098590851,0.0510939359664917,0.9011474251747131,-0.43180474638938904,-0.020807374268770218,0.032329559326171875,61.079726,-23.636381,-293.779795,-112.821817
2026-08-05T11:56:17.626715,1785923777.626715,5.430401,0.8511346578598022,-0.1874735802412033,-0.48757222294807434,0.05193319544196129,0.9036757946014404,-0.4250943660736084,-0.04999808222055435,0.01286215428262949,58.172455,-24.372560,-118.038600,-29.889734
2026-08-05T11:56:17.643891,1785923777.643891,5.447577,0.8486098051071167,-0.18522466719150543,-0.49270543456077576,0.0528673455119133,0.9057336449623108,-0.41662758588790894,-0.07761339843273163,-0.006669112481176853,55.822968,-24.662815,-136.787739,-16.898711
2026-08-05T11:56:17.660606,1785923777.660607,5.464292,0.8451820015907288,-0.18141698837280273,-0.4998989701271057,0.05344446375966072,0.9078561067581177,-0.40540534257888794,-0.10379493236541748,-0.02589404210448265,53.912205,-24.855856,-114.310665,-11.548628
2026-08-05T11:56:17.677497,1785923777.677498,5.481183,0.8440051674842834,-0.17486560344696045,-0.5040566921234131,0.05481348931789398,0.9089866280555725,-0.39338645339012146,-0.13059039413928986,-0.04401177167892456,51.843654,-25.366723,-122.464669,-30.244939
2026-08-05T11:56:17.693800,1785923777.693800,5.497486,0.8451375365257263,-0.16364547610282898,-0.505436897277832,0.059131041169166565,0.9086943864822388,-0.38114088773727417,-0.15892736613750458,-0.06122373417019844,49.798074,-26.520683,-125.477612,-70.784890
2026-08-05T11:56:17.700222,1785923777.700222,5.503908,0.8462133407592773,-0.15056629478931427,-0.5068762302398682,0.06579849869012833,0.9071388840675354,-0.36837249994277954,-0.18814627826213837,-0.07747247815132141,48.050363,-27.888701,-272.132521,-213.011264
2026-08-05T11:56:17.727680,1785923777.727681,5.531056,0.84612637758255,-0.1404971182346344,-0.50922691822052,0.07084379345178604,0.9048606157302856,-0.35454705357551575,-0.21634183824062347,-0.09338191896677017,46.442084,-28.774687,-59.240605,-32.635097
2026-08-05T11:56:17.744162,1785923777.744163,5.547848,0.8443211913108826,-0.13413219153881073,-0.5135340094566345,0.07357435673475266,0.901960551738739,-0.3400857746601105,-0.24245059490203857,-0.10966559499502182,45.083969,-29.169248,-80.877294,-23.496557
2026-08-05T11:56:17.760472,1785923777.760472,5.564158,0.8420327305793762,-0.1270197480916977,-0.5185275673866272,0.07730629295110703,0.898691713809967,-0.32502320408821106,-0.2664124071598053,-0.12544982135295868,44.222068,-29.645411,-52.847310,-29.195830
2026-08-05T11:56:17.810082,1785923777.810082,5.612746,0.8417630195617676,-0.11598168313503265,-0.5207066535949707,0.08275343477725983,0.8949716091156006,-0.30971917510032654,-0.2890046238899231,-0.13991418480873108,43.693049,-30.572178,-10.887689,-19.073706
2026-08-05T11:56:17.827221,1785923777.827221,5.629613,0.8422897458076477,-0.10299389064311981,-0.521600604057312,0.08873195201158524,0.8915051221847534,-0.29350587725639343,-0.31019362807273865,-0.15117226541042328,43.280372,-31.456802,-24.466625,-52.447255
2026-08-05T11:56:17.843646,1785923777.843647,5.646133,0.8422459959983826,-0.09087545424699783,-0.5230149626731873,0.09390995651483536,0.8889047503471375,-0.27561524510383606,-0.32960906624794006,-0.1588793247938156,42.756904,-31.816922,-31.687820,-21.799627
2026-08-05T11:56:17.857397,1785923777.857398,5.661084,0.8417550921440125,-0.08141928166151047,-0.5246021151542664,0.09804186224937439,0.8880555033683777,-0.254268079996109,-0.34677788615226746,-0.16263516247272491,41.800536,-31.223891,-63.967899,39.665624
2026-08-05T11:56:17.875949,1785923777.875950,5.679636,0.8409422039985657,-0.07455484569072723,-0.5262803435325623,0.10142562538385391,0.889076828956604,-0.22948603332042694,-0.3611571490764618,-0.16261638700962067,40.448174,-29.712944,-72.896422,81.444655
2026-08-05T11:56:17.893418,1785923777.895435,5.697104,0.8404026031494141,-0.06885288655757904,-0.5273746252059937,0.10420633852481842,0.8910627365112305,-0.20463021099567413,-0.3722561299800873,-0.15987233817577362,39.014448,-27.851976,-82.076269,106.534517
2026-08-05T11:56:17.910337,1785923777.910337,5.714023,0.8399909138679504,-0.06436161696910858,-0.5282129049301147,0.10613306611776352,0.8928970098495483,-0.18495558202266693,-0.37931978702545166,-0.156980499625206,37.960736,-26.316671,-62.278412,90.742425
2026-08-05T11:56:17.926853,1785923777.926854,5.730539,0.8395254015922546,-0.06312208622694016,-0.5289892554283142,0.10669280588626862,0.8933953046798706,-0.17572946846485138,-0.3829556405544281,-0.15591391921043396,37.451974,-25.519895,-30.803818,48.242093
2026-08-05T11:56:17.933010,1785923777.933011,5.736696,0.8392568826675415,-0.06381307542324066,-0.5294491648674011,0.10611239075660706,0.8926877975463867,-0.17695188522338867,-0.3835921287536621,-0.15701542794704437,37.504634,-25.628092,8.552944,-17.573208
2026-08-05T11:56:17.936978,1785923777.936978,5.739750,0.8388591408729553,-0.0661429911851883,-0.5300925970077515,0.10460560768842697,0.8913692831993103,-0.18619419634342194,-0.3811369240283966,-0.15977263450622559,38.051073,-26.406995,178.931367,-255.051606
2026-08-05T11:56:17.943218,1785923777.943219,5.746905,0.8385549187660217,-0.07013822346925735,-0.5305026173591614,0.10234062373638153,0.8900712728500366,-0.20052750408649445,-0.3755325675010681,-0.1629026085138321,38.881039,-27.480528,116.006674,-150.050793
2026-08-05T11:56:17.960134,1785923777.960134,5.763819,0.8383638262748718,-0.07442041486501694,-0.5307618379592896,0.09949737787246704,0.8891053795814514,-0.21788179874420166,-0.3669494688510895,-0.16543184220790863,39.926739,-28.740953,61.821470,-74.515929
2026-08-05T11:56:17.977279,1785923777.977280,5.780965,0.8380876183509827,-0.08029522001743317,-0.5309309959411621,0.09630283713340759,0.8885455131530762,-0.23670002818107605,-0.3560704290866852,-0.1663547307252884,40.986589,-29.846008,61.813732,-64.450178
2026-08-05T11:56:18.027263,1785923778.027264,5.830949,0.8380072116851807,-0.08634637296199799,-0.5307456254959106,0.09272325038909912,0.8879971504211426,-0.25789880752563477,-0.34260350465774536,-0.16604897379875183,42.231310,-31.072889,24.902384,-24.545503
2026-08-05T11:56:18.043741,1785923778.043741,5.847427,0.8374869227409363,-0.09327668696641922,-0.5310430526733398,0.08893013000488281,0.8869016766548157,-0.28189972043037415,-0.32675451040267944,-0.16483214497566223,43.772656,-32.441461,93.543380,-83.057787
2026-08-05T11:56:18.060933,1785923778.060933,5.864619,0.8368610143661499,-0.10146547108888626,-0.5311747789382935,0.084983229637146,0.8845794796943665,-0.30871859192848206,-0.3095512390136719,-0.16245000064373016,45.496002,-33.914410,100.240415,-85.675799
2026-08-05T11:56:18.077198,1785923778.077199,5.879867,0.8359847068786621,-0.11021523177623749,-0.5314372777938843,0.08097321540117264,0.881445050239563,-0.3366055488586426,-0.2910844087600708,-0.15818092226982117,47.344177,-35.353894,121.203426,-94.401416
2026-08-05T11:56:18.092315,1785923778.092315,5.895088,0.8351338505744934,-0.11850196868181229,-0.5315151810646057,0.07746221125125885,0.8777977228164673,-0.36428964138031006,-0.271512895822525,-0.15180550515651703,49.319454,-36.755797,129.776203,-92.105413
2026-08-05T11:56:18.110306,1785923778.110307,5.913992,0.834292471408844,-0.1266012191772461,-0.5314399600028992,0.07416198402643204,0.8736663460731506,-0.39133331179618835,-0.2510603368282318,-0.14329802989959717,51.358891,-38.037885,107.881301,-67.819355
2026-08-05T11:56:18.127905,1785923778.127905,5.931077,0.8334960341453552,-0.13455502688884735,-0.5311421751976013,0.07118698209524155,0.8691324591636658,-0.4172387719154358,-0.22991697490215302,-0.1328870803117752,53.438959,-39.166847,121.749371,-66.079755
2026-08-05T11:56:18.144019,1785923778.144019,5.947358,0.8327334523200989,-0.14162999391555786,-0.5308098196983337,0.06882759183645248,0.863741934299469,-0.44283339381217957,-0.20807452499866486,-0.12063786387443542,55.710728,-40.341874,139.537965,-72.173250
2026-08-05T11:56:18.160466,1785923778.160467,5.964153,0.831938624382019,-0.14822810888290405,-0.5304502248764038,0.06730040162801743,0.8575093746185303,-0.46786388754844666,-0.1856037825345993,-0.10645520687103271,58.138159,-41.493725,144.535717,-68.584233
2026-08-05T11:56:18.177441,1785923778.177442,5.981128,0.8311516642570496,-0.15455976128578186,-0.5300248265266418,0.06612331420183182,0.8503519296646118,-0.49216949939727783,-0.16294032335281372,-0.09011803567409515,60.634335,-42.555201,147.050755,-62.532019
2026-08-05T11:56:18.193584,1785923778.193584,5.997270,0.8304648995399475,-0.1608559787273407,-0.5293627977371216,0.0650274008512497,0.8422743678092957,-0.5156282186508179,-0.13987940549850464,-0.07166212797164917,63.182279,-43.490778,157.839685,-57.957014
2026-08-05T11:56:18.210543,1785923778.210543,6.014229,0.829818069934845,-0.16764557361602783,-0.5284321308135986,0.06369258463382721,0.8331646919250488,-0.5382450819015503,-0.11621129512786865,-0.05122672766447067,65.771226,-44.252821,152.661783,-44.935197
2026-08-05T11:56:18.216099,1785923778.216100,6.019785,0.8295027613639832,-0.17454810440540314,-0.5268532037734985,0.06232072785496712,0.8228314518928528,-0.560042679309845,-0.09199235588312149,-0.028948238119482994,68.425041,-44.926728,477.598323,-121.280769
2026-08-05T11:56:18.226561,1785923778.226561,6.030247,0.8294138312339783,-0.18022817373275757,-0.5251635909080505,0.06159508228302002,0.8121311068534851,-0.5794113278388977,-0.0686103031039238,-0.004247057251632214,71.064403,-45.429237,252.297006,-48.034853
2026-08-05T11:56:18.231599,1785923778.231599,6.035285,0.8295802474021912,-0.18484267592430115,-0.5233274102210999,0.06130758300423622,0.801304817199707,-0.5961184501647949,-0.0456240214407444,0.02171831578016281,73.712580,-45.781844,525.638110,-69.989313
2026-08-05T11:56:18.243657,1785923778.243657,6.047343,0.8304951786994934,-0.19025029242038727,-0.5200311541557312,0.06041877716779709,0.790882408618927,-0.6096785068511963,-0.02292768470942974,0.04766056686639786,76.073050,-45.771201,195.759350,0.882675
2026-08-05T11:56:18.259112,1785923778.259113,6.062798,0.83253014087677,-0.19717520475387573,-0.5142804980278015,0.05942435935139656,0.7809112668037415,-0.620294451713562,-0.00030011290800757706,0.07356869429349899,78.032968,-45.350898,126.810488,27.194394
2026-08-05T11:56:18.262471,1785923778.262471,6.066157,0.8342146277427673,-0.20430047810077667,-0.5088072419166565,0.05884495750069618,0.7717138528823853,-0.6277378797531128,0.02241736464202404,0.09950023889541626,79.923923,-44.562665,563.018469,234.690821
2026-08-05T11:56:18.292934,1785923778.292934,6.096620,0.8354411125183105,-0.21041806042194366,-0.5043039917945862,0.05865345150232315,0.7641629576683044,-0.6311225891113281,0.045130327343940735,0.12530989944934845,81.808826,-43.381690,61.875202,38.767561
2026-08-05T11:56:18.310876,1785923778.310877,6.114563,0.8375289440155029,-0.2163747400045395,-0.49833065271377563,0.05825820565223694,0.7579856514930725,-0.6309430599212646,0.06769950687885284,0.15094910562038422,83.438925,-41.830860,90.850396,86.432503
2026-08-05T11:56:18.326478,1785923778.326478,6.130164,0.8401816487312317,-0.21881189942359924,-0.4926987588405609,0.05886061117053032,0.7535247206687927,-0.6269658803939819,0.09084704518318176,0.1756742149591446,85.239284,-40.295391,115.399084,98.420214
2026-08-05T11:56:18.343689,1785923778.343690,6.147375,0.8417676687240601,-0.21884815394878387,-0.48990073800086975,0.0594150610268116,0.7511659264564514,-0.6189090013504028,0.11564651876688004,0.19831204414367676,87.414208,-38.517005,126.363317,103.324391
2026-08-05T11:56:18.376504,1785923778.376504,6.180190,0.8422906398773193,-0.22253063321113586,-0.48749008774757385,0.058140527456998825,0.750381350517273,-0.6074294447898865,0.14187893271446228,0.21869543194770813,89.406232,-35.831951,60.705575,81.825237
2026-08-05T11:56:18.381597,1785923778.381597,6.185283,0.8431950211524963,-0.2262459397315979,-0.4842544496059418,0.057729270309209824,0.7500383853912354,-0.5939123630523682,0.16906015574932098,0.23691657185554504,91.369196,-32.949647,385.416672,565.923449
2026-08-05T11:56:18.393229,1785923778.393230,6.196915,0.8459631204605103,-0.22802099585533142,-0.47859981656074524,0.05740422382950783,0.7491381764411926,-0.5793915390968323,0.197015643119812,0.2535398602485657,93.352624,-30.439889,170.508289,215.755067
2026-08-05T11:56:18.409856,1785923778.409856,6.213542,0.8502404093742371,-0.22939731180667877,-0.4704732894897461,0.05588718503713608,0.7470278739929199,-0.5647189021110535,0.22498708963394165,0.2691146731376648,95.264317,-28.252225,114.977981,131.576187
2026-08-05T11:56:18.426903,1785923778.426903,6.230589,0.8553978800773621,-0.2275732308626175,-0.4621005952358246,0.05448116362094879,0.7435868978500366,-0.5501998662948608,0.25232288241386414,0.2840630114078522,97.377242,-26.658144,123.949281,93.512592
2026-08-05T11:56:18.443515,1785923778.443516,6.247201,0.8602187633514404,-0.22446252405643463,-0.45484083890914917,0.05253878980875015,0.7384165525436401,-0.5366076231002808,0.27892908453941345,0.2983153760433197,99.750693,-25.447168,142.871166,72.895384
2026-08-05T11:56:18.460294,1785923778.460294,6.263980,0.8662772178649902,-0.21907803416252136,-0.4460335671901703,0.05121491849422455,0.7317610383033752,-0.5244281888008118,0.30371740460395813,0.31185993552207947,102.002678,-24.968686,134.214905,28.516790
2026-08-05T11:56:18.477121,1785923778.477122,6.280807,0.8719602823257446,-0.2107427418231964,-0.4388997256755829,0.05138084292411804,0.7243171334266663,-0.5135850310325623,0.32581478357315063,0.3247152268886566,104.314838,-24.984816,137.404963,-0.958555
2026-08-05T11:56:18.510287,1785923778.510287,6.313973,0.8769634962081909,-0.20144392549991608,-0.4331187307834625,0.05257219821214676,0.7163483500480652,-0.5045727491378784,0.34469321370124817,0.33680590987205505,106.508117,-25.284063,66.131887,-9.022922
2026-08-05T11:56:18.527288,1785923778.527289,6.330975,0.8811408877372742,-0.19322049617767334,-0.42829278111457825,0.05312285199761391,0.7095851302146912,-0.4957992732524872,0.361289918422699,0.34661462903022766,108.433820,-25.464403,113.264237,-10.607042
2026-08-05T11:56:18.532887,1785923778.532887,6.336573,0.8839719295501709,-0.18745927512645721,-0.4250638782978058,0.052664823830127716,0.7044700980186462,-0.4868275225162506,0.37639090418815613,0.35362508893013,110.132974,-25.228515,303.499151,42.133647
2026-08-05T11:56:18.543120,1785923778.543121,6.346806,0.8851082921028137,-0.18298014998435974,-0.42465677857398987,0.05261486768722534,0.7007194757461548,-0.4780524969100952,0.3901205360889435,0.35814008116722107,111.769030,-24.601918,159.877785,61.232060
2026-08-05T11:56:18.558890,1785923778.558890,6.362576,0.8855254650115967,-0.17877349257469177,-0.425494521856308,0.05328672379255295,0.6982105374336243,-0.4702557623386383,0.40165600180625916,0.36060279607772827,113.174681,-23.943634,89.136091,41.743519
2026-08-05T11:56:18.564612,1785923778.564613,6.368298,0.8861290216445923,-0.17540127038955688,-0.4255455434322357,0.05404750257730484,0.6966848373413086,-0.4640655517578125,0.4102977216243744,0.3618413507938385,114.127372,-23.454718,166.487856,85.440727
2026-08-05T11:56:18.594179,1785923778.594179,6.397865,0.8863866329193115,-0.17161662876605988,-0.42639055848121643,0.05529705062508583,0.6958832740783691,-0.4600071310997009,0.41573819518089294,0.362356036901474,114.831829,-23.256959,23.825979,6.688545
2026-08-05T11:56:18.610498,1785923778.610498,6.414184,0.8862343430519104,-0.1674427092075348,-0.4281734824180603,0.056740548461675644,0.6959750652313232,-0.45792075991630554,0.4183163046836853,0.3618548512458801,115.326793,-23.368387,30.331356,-6.828268
2026-08-05T11:56:18.627564,1785923778.627564,6.431250,0.8863509297370911,-0.16355212032794952,-0.42927536368370056,0.057928550988435745,0.6968238949775696,-0.4579373598098755,0.41794589161872864,0.3606261909008026,115.447263,-23.877036,7.059086,-29.804805
2026-08-05T11:56:18.661133,1785923778.661133,6.464819,0.8864255547523499,-0.16022318601608276,-0.43024829030036926,0.05886305868625641,0.6987031698226929,-0.4595905840396881,0.4148932695388794,0.35840508341789246,115.234171,-24.609205,-6.347826,-21.810669
2026-08-05T11:56:18.679054,1785923778.679054,6.480723,0.8863138556480408,-0.15744680166244507,-0.43135714530944824,0.05991390347480774,0.70191890001297,-0.46222203969955444,0.4094676971435547,0.3549604117870331,114.695891,-25.384171,-33.845196,-48.727131
2026-08-05T11:56:18.744051,1785923778.744052,6.547737,0.8859163522720337,-0.1555500626564026,-0.43270939588546753,0.06098399683833122,0.7065739631652832,-0.46562501788139343,0.40189889073371887,0.3498910963535309,113.837777,-26.134069,-12.804943,-11.190137
2026-08-05T11:56:18.760660,1785923778.760660,6.562932,0.88460373878479,-0.15425460040569305,-0.4356396198272705,0.06245192140340805,0.7126073837280273,-0.46972551941871643,0.39219650626182556,0.3431188762187958,112.798223,-26.758616,-68.413659,-41.101751
2026-08-05T11:56:18.777166,1785923778.777166,6.580852,0.8819294571876526,-0.15360380709171295,-0.4409489631652832,0.06458113342523575,0.7197509407997131,-0.4746704697608948,0.38008058071136475,0.3349408805370331,111.650986,-27.188098,-64.022413,-23.967554
2026-08-05T11:56:18.793555,1785923778.793556,6.597241,0.8797434568405151,-0.1555185168981552,-0.44441425800323486,0.06604474782943726,0.7277028560638428,-0.4805756211280823,0.36523309350013733,0.3257308900356293,109.922816,-27.545666,-105.443028,-21.816782
2026-08-05T11:56:18.810223,1785923778.810224,6.613909,0.8762345314025879,-0.1588306874036789,-0.4498070478439331,0.06826353818178177,0.736290454864502,-0.4873032867908478,0.3476833701133728,0.3154812455177307,108.011074,-27.609546,-114.696418,-3.832507
2026-08-05T11:56:18.826865,1785923778.826865,6.629597,0.8716471791267395,-0.16372442245483398,-0.45664694905281067,0.06999479234218597,0.7453187704086304,-0.4948219954967499,0.327533483505249,0.3039292097091675,105.919534,-27.530317,-133.321523,5.050308
2026-08-05T11:56:18.831418,1785923778.831418,6.635104,0.8667280077934265,-0.17086400091648102,-0.46326881647109985,0.0705014318227768,0.7545890212059021,-0.5031036734580994,0.30485999584198,0.290762335062027,103.476852,-27.394795,-443.598512,24.611139
2026-08-05T11:56:18.842982,1785923778.842982,6.646668,0.8618158102035522,-0.17926208674907684,-0.4692333936691284,0.07041855156421661,0.7641646862030029,-0.5117135643959045,0.2796427607536316,0.27568429708480835,100.640558,-27.284152,-245.268936,9.567862
2026-08-05T11:56:18.858664,1785923778.858664,6.662350,0.8573842644691467,-0.1865554004907608,-0.4744688868522644,0.07048915326595306,0.7738913297653198,-0.5205080509185791,0.25160157680511475,0.2585739493370056,97.480272,-27.517825,-201.523358,-14.900745
2026-08-05T11:56:18.876622,1785923778.876622,6.680308,0.8539234399795532,-0.19176988303661346,-0.4785788655281067,0.07072176784276962,0.7924826741218567,-0.5381112694740295,0.18728478252887726,0.21755936741828918,90.232837,-30.164132,-403.578609,-147.361483
2026-08-05T11:56:18.893384,1785923778.893384,6.697070,0.8518394231796265,-0.1975918710231781,-0.48001828789711,0.07006987929344177,0.8004423379898071,-0.546648383140564,0.15215101838111877,0.19317872822284698,86.166479,-31.226836,-242.590145,-63.398598
2026-08-05T11:56:18.910669,1785923778.910670,6.714355,0.8506495356559753,-0.2036345899105072,-0.479880154132843,0.06814552843570709,0.8080272078514099,-0.5534591674804688,0.11508666723966599,0.16592305898666382,81.751559,-32.276342,-255.410463,-60.715705
2026-08-05T11:56:18.927554,1785923778.927555,6.731241,0.8496851325035095,-0.20708338916301727,-0.4805442690849304,0.0650331899523735,0.8143311738967896,-0.558896541595459,0.07615949213504791,0.13674649596214294,77.486546,-33.613825,-252.591236,-79.211098
2026-08-05T11:56:18.943324,1785923778.943325,6.747011,0.8476002216339111,-0.21034139394760132,-0.48312947154045105,0.06258076429367065,0.8202080726623535,-0.5610612034797668,0.0362919345498085,0.10560331493616104,73.299803,-34.580814,-265.484526,-61.317518
2026-08-05T11:56:18.961050,1785923778.961051,6.764737,0.8455222249031067,-0.2145521640777588,-0.48509517312049866,0.061175402253866196,0.8251367211341858,-0.5601479411125183,-0.003949231002479792,0.07326848059892654,68.974907,-35.176561,-243.986771,-33.608777
2026-08-05T11:56:18.976874,1785923778.976874,6.779584,0.8457096815109253,-0.2151786834001541,-0.4843263328075409,0.06246378272771835,0.830460786819458,-0.5539354681968689,-0.04310907423496246,0.040405139327049255,64.671960,-35.798867,-289.818487,-41.914441
2026-08-05T11:56:18.982389,1785923778.982390,6.786076,0.8435534834861755,-0.2102460116147995,-0.4893401563167572,0.0689975917339325,0.8362929224967957,-0.5422385931015015,-0.08079780638217926,0.007962397299706936,61.468244,-36.478597,-493.494396,-104.704373
2026-08-05T11:56:18.993024,1785923778.993025,6.796710,0.8406162858009338,-0.2039625197649002,-0.49645957350730896,0.07274467498064041,0.8426130414009094,-0.5252397060394287,-0.1165761947631836,-0.023169565945863724,58.702058,-36.763632,-260.110442,-26.802493
2026-08-05T11:56:19.009663,1785923779.009664,6.812547,0.8393830060958862,-0.19305042922496796,-0.5022533535957336,0.07687458395957947,0.8488332033157349,-0.5037981867790222,-0.15094177424907684,-0.05372413247823715,56.368002,-37.312407,-147.384762,-34.652569
2026-08-05T11:56:19.027320,1785923779.027320,6.831006,0.8401739597320557,-0.17941446602344513,-0.5055782198905945,0.07942945510149002,0.8538720011711121,-0.4793631136417389,-0.1847687065601349,-0.08351290225982666,54.206457,-37.992371,-117.097770,-36.835826
2026-08-05T11:56:19.042774,1785923779.042775,6.846460,0.8414427042007446,-0.16502469778060913,-0.5078794956207275,0.08246055245399475,0.8571844100952148,-0.453086793422699,-0.21832184493541718,-0.11082783341407776,52.263353,-38.563670,-125.732280,-36.966989
2026-08-05T11:56:19.059794,1785923779.059794,6.863480,0.8416369557380676,-0.14858274161815643,-0.5117078423500061,0.08789650350809097,0.858217716217041,-0.4263952970504761,-0.2510736882686615,-0.13642406463623047,51.116347,-39.424288,-67.392670,-50.565868
2026-08-05T11:56:19.076050,1785923779.076050,6.879736,0.8409754633903503,-0.13130077719688416,-0.5164963006973267,0.09355194866657257,0.8568578362464905,-0.400686115026474,-0.28181880712509155,-0.16069786250591278,50.694071,-40.547031,-25.976872,-69.066957
2026-08-05T11:56:19.092324,1785923779.092324,6.896010,0.8392021059989929,-0.11615622788667679,-0.5221983790397644,0.09775755554437637,0.8537859916687012,-0.3763732314109802,-0.3097303509712219,-0.18292073905467987,50.601825,-41.495159,-5.668224,-58.259535
2026-08-05T11:56:19.110433,1785923779.110433,6.912642,0.8367704749107361,-0.10352808237075806,-0.5281522274017334,0.10076049715280533,0.8497142791748047,-0.35371777415275574,-0.3341842591762543,-0.20295403897762299,50.706290,-42.218884,6.281028,-43.514451
2026-08-05T11:56:19.126737,1785923779.126737,6.930423,0.8335850834846497,-0.09077014774084091,-0.5348443984985352,0.10410883277654648,0.8450266718864441,-0.3328157961368561,-0.35598447918891907,-0.2200884073972702,51.130566,-43.017240,23.861784,-44.900506
2026-08-05T11:56:19.131294,1785923779.131295,6.934075,0.8316096067428589,-0.07757104188203812,-0.5394197702407837,0.10693344473838806,0.8404921889305115,-0.3137235641479492,-0.37495627999305725,-0.23357722163200378,51.531525,-43.773580,109.774605,-207.070582
2026-08-05T11:56:19.142504,1785923779.142504,6.946190,0.830077588558197,-0.0655377134680748,-0.5431337952613831,0.1080830916762352,0.8371398448944092,-0.2961618900299072,-0.39017850160598755,-0.24340474605560303,51.707044,-44.192325,14.487690,-34.564176
2026-08-05T11:56:19.159454,1785923779.159455,6.963140,0.8279029726982117,-0.05925823375582695,-0.5472828149795532,0.10745692998170853,0.8352394700050354,-0.28141987323760986,-0.401157408952713,-0.24950091540813446,51.444264,-43.907804,-15.502912,16.785522
2026-08-05T11:56:19.176719,1785923779.176719,6.980405,0.8257846236228943,-0.05839671194553375,-0.5510572791099548,0.10490819066762924,0.8343446850776672,-0.27236542105674744,-0.4070381820201874,-0.25299423933029175,50.981639,-43.301147,-26.796134,35.138789
2026-08-05T11:56:19.195165,1785923779.195165,6.998851,0.8249403834342957,-0.059177499264478683,-0.5528726577758789,0.10150609910488129,0.8339399099349976,-0.27000313997268677,-0.4080781638622284,-0.2551766633987427,50.718056,-42.992815,-14.289825,16.715845
2026-08-05T11:56:19.210039,1785923779.210039,7.013725,0.8242726922035217,-0.06343234330415726,-0.5541234612464905,0.09745953232049942,0.8338608145713806,-0.27379631996154785,-0.40467649698257446,-0.2568049728870392,50.646599,-42.832120,-4.803979,10.803454
2026-08-05T11:56:19.226294,1785923779.226295,7.029980,0.8241589069366455,-0.06853893399238586,-0.554288923740387,0.09395992010831833,0.8343148827552795,-0.28157687187194824,-0.3981829583644867,-0.25706788897514343,50.766386,-42.879310,7.369133,-2.903119
2026-08-05T11:56:19.260723,1785923779.260724,7.064409,0.8242766857147217,-0.07401445508003235,-0.553820013999939,0.09150531142950058,0.8356630206108093,-0.29065045714378357,-0.3897116780281067,-0.25556710362434387,50.949692,-42.924368,5.324137,-1.308699
2026-08-05T11:56:19.276538,1785923779.276539,7.080224,0.8246365189552307,-0.0802384689450264,-0.5526463389396667,0.09010392427444458,0.8379412293434143,-0.2999042868614197,-0.37977129220962524,-0.2523609399795532,51.102190,-42.821283,9.642740,6.518255
2026-08-05T11:56:19.282206,1785923779.282207,7.085892,0.8251277804374695,-0.08556585013866425,-0.551199734210968,0.08956462144851685,0.8407103419303894,-0.3099951446056366,-0.3682714104652405,-0.24796241521835327,51.420158,-42.845419,56.099563,-4.258298
2026-08-05T11:56:19.293066,1785923779.293067,7.096752,0.8257547616958618,-0.09111233800649643,-0.5494498610496521,0.08906722813844681,0.8433287143707275,-0.32166704535484314,-0.35557588934898376,-0.24267882108688354,51.829159,-42.943618,37.660554,-9.042105
2026-08-05T11:56:19.309045,1785923779.309046,7.112731,0.8261690139770508,-0.09748262912034988,-0.547856330871582,0.08829182386398315,0.8454084396362305,-0.33516472578048706,-0.34175345301628113,-0.2369677722454071,52.354803,-43.108325,32.895821,-10.307658
2026-08-05T11:56:19.327039,1785923779.327039,7.130725,0.8266432285308838,-0.10417532920837402,-0.5461533069610596,0.08674836158752441,0.8465532660484314,-0.3506249189376831,-0.32691022753715515,-0.23138652741909027,53.035919,-43.433289,37.853038,-18.059915
2026-08-05T11:56:19.342987,1785923779.342988,7.146673,0.8271548748016357,-0.10984554141759872,-0.5444913506507874,0.08531223982572556,0.846875011920929,-0.3667970299720764,-0.3124472498893738,-0.22503197193145752,53.821015,-43.920430,49.227588,-30.545005
2026-08-05T11:56:19.359839,1785923779.359839,7.162331,0.8273313045501709,-0.11515878885984421,-0.5432243943214417,0.08466997742652893,0.846917986869812,-0.3818143606185913,-0.2993699312210083,-0.21754397451877594,54.540197,-44.305376,45.933028,-24.585943
2026-08-05T11:56:19.376496,1785923779.376497,7.180182,0.8280453085899353,-0.11878427863121033,-0.5412805080413818,0.08512856811285019,0.8475961089134216,-0.3937857747077942,-0.2879018783569336,-0.2088686227798462,55.082432,-44.522892,30.374168,-12.184498
2026-08-05T11:56:19.410721,1785923779.410722,7.214407,0.8288844227790833,-0.12062473595142365,-0.5394107103347778,0.08623477816581726,0.8494056463241577,-0.40198633074760437,-0.2777773141860962,-0.19939127564430237,55.450143,-44.511960,10.743935,0.319407
2026-08-05T11:56:19.426291,1785923779.426292,7.229066,0.8293530941009521,-0.12227658182382584,-0.5381805300712585,0.08708503842353821,0.8523605465888977,-0.40645134449005127,-0.2687092423439026,-0.18993248045444489,55.575428,-44.117103,8.546666,26.936321
2026-08-05T11:56:19.430098,1785923779.430098,7.233783,0.829413652420044,-0.12329509109258652,-0.5379130244255066,0.08672384917736053,0.8557475209236145,-0.4086689352989197,-0.2607210576534271,-0.18086114525794983,55.566909,-43.542298,-1.805894,121.855261
2026-08-05T11:56:19.442935,1785923779.442935,7.246621,0.8292709589004517,-0.12349110096693039,-0.5381371974945068,0.08641903847455978,0.8586511015892029,-0.4104047417640686,-0.25423917174339294,-0.17218811810016632,55.577919,-43.050645,0.857618,38.298477
2026-08-05T11:56:19.459703,1785923779.459704,7.263390,0.8295490145683289,-0.12330877035856247,-0.5375950932502747,0.08738112449645996,0.8608521223068237,-0.41203850507736206,-0.24925804138183594,-0.1644032597541809,55.604944,-42.705934,1.611670,20.556810
2026-08-05T11:56:19.476752,1785923779.476753,7.280438,0.8302525281906128,-0.12175920605659485,-0.5365343689918518,0.08936826139688492,0.8624611496925354,-0.41303688287734985,-0.2459706962108612,-0.1583031862974167,55.699471,-42.611651,5.544470,5.530140
2026-08-05T11:56:19.493508,1785923779.493508,7.297194,0.8309057354927063,-0.11976256221532822,-0.5356030464172363,0.09155414998531342,0.8635427951812744,-0.41284528374671936,-0.24519434571266174,-0.15405428409576416,55.696393,-42.582583,-0.183733,1.734850
2026-08-05T11:56:19.510377,1785923779.510377,7.314063,0.8316593766212463,-0.11961529403924942,-0.5341284871101379,0.09349828213453293,0.8640822768211365,-0.41168835759162903,-0.24649719893932343,-0.15203224122524261,55.419979,-42.387471,-16.386082,11.566396
2026-08-05T11:56:19.527767,1785923779.527767,7.331453,0.8324475884437561,-0.11917504668235779,-0.5325657725334167,0.09592779725790024,0.8644441366195679,-0.4095328152179718,-0.24880096316337585,-0.15204422175884247,55.169214,-42.282052,-14.420020,6.062039
2026-08-05T11:56:19.560664,1785923779.560665,7.364351,0.8325384259223938,-0.11672474443912506,-0.532383918762207,0.09910975396633148,0.8643375039100647,-0.40719881653785706,-0.25212976336479187,-0.15342962741851807,55.213849,-42.521007,1.356771,-7.263570
2026-08-05T11:56:19.576297,1785923779.576297,7.379983,0.8322235345840454,-0.11473550647497177,-0.5328993201255798,0.10128327459096909,0.8639597296714783,-0.40434184670448303,-0.2567034363746643,-0.15551477670669556,55.140055,-42.671638,-4.720550,-9.635796
2026-08-05T11:56:19.581270,1785923779.581270,7.384956,0.8322507739067078,-0.11258348077535629,-0.5330596566200256,0.10262301564216614,0.8637368083000183,-0.40009862184524536,-0.26250553131103516,-0.1580212563276291,54.852518,-42.695358,-57.817735,-4.769634
2026-08-05T11:56:19.592812,1785923779.592812,7.396498,0.8323136568069458,-0.1082487553358078,-0.533450722694397,0.10472230613231659,0.8637803792953491,-0.3942663371562958,-0.26922547817230225,-0.1611061841249466,54.663727,-42.871648,-16.357033,-15.273949
2026-08-05T11:56:19.609745,1785923779.609746,7.413431,0.8323617577552795,-0.1035892441868782,-0.5339077115058899,0.10670547932386398,0.8639199733734131,-0.3870966136455536,-0.27681764960289,-0.16483524441719055,54.404350,-42.990261,-15.317689,-7.004807
2026-08-05T11:56:19.627118,1785923779.627118,7.430804,0.8320424556732178,-0.0997462272644043,-0.5348886251449585,0.10793736577033997,0.8637836575508118,-0.37933439016342163,-0.2851293087005615,-0.16936615109443665,54.058905,-42.994024,-19.884467,-0.216603
2026-08-05T11:56:19.643669,1785923779.643670,7.446848,0.8315410614013672,-0.09632900357246399,-0.5361226797103882,0.10878001153469086,0.8631836771965027,-0.371371865272522,-0.2940773367881775,-0.1746865212917328,53.696579,-42.983912,-22.583375,0.630304
2026-08-05T11:56:19.660087,1785923779.660087,7.463773,0.8312325477600098,-0.09299609810113907,-0.5370252728462219,0.10958168655633926,0.8620632886886597,-0.36357155442237854,-0.3033323884010315,-0.18069905042648315,53.371893,-43.041277,-19.183700,-3.389387
2026-08-05T11:56:19.677495,1785923779.677496,7.481181,0.8308213949203491,-0.09026326984167099,-0.5380060076713562,0.11017224192619324,0.8605080246925354,-0.3559960126876831,-0.3126954734325409,-0.18712091445922852,53.065704,-43.088253,-17.588389,-2.698417
2026-08-05T11:56:19.710157,1785923779.710157,7.513843,0.8302611708641052,-0.08810374140739441,-0.5391371846199036,0.11061370372772217,0.8588169813156128,-0.34834522008895874,-0.3219289779663086,-0.19352224469184875,52.753931,-43.066048,-9.545611,0.679854
2026-08-05T11:56:19.726255,1785923779.726256,7.529942,0.8297132849693298,-0.0852745920419693,-0.5403599739074707,0.11097462475299835,0.8571820259094238,-0.3405384421348572,-0.3308294415473938,-0.1995612382888794,52.499374,-43.078885,-15.812190,-0.797393
2026-08-05T11:56:19.729623,1785923779.729623,7.533309,0.8290025591850281,-0.08133048564195633,-0.5419418215751648,0.11153283715248108,0.8557327389717102,-0.3328581154346466,-0.3388858139514923,-0.2051425725221634,52.401608,-43.207502,-29.034905,-38.197038
2026-08-05T11:56:19.743129,1785923779.743129,7.545653,0.8282172083854675,-0.077201247215271,-0.5437367558479309,0.11156535148620605,0.8543793559074402,-0.3258676528930664,-0.3458593189716339,-0.2103041410446167,52.372945,-43.373761,-2.322050,-13.468719
2026-08-05T11:56:19.759875,1785923779.759876,7.563561,0.8273335099220276,-0.07370468229055405,-0.5458170175552368,0.11032186448574066,0.8528875112533569,-0.3202984631061554,-0.35184988379478455,-0.21492737531661987,52.320587,-43.518472,-2.923646,-8.080631
2026-08-05T11:56:19.777104,1785923779.777105,7.580790,0.8266886472702026,-0.07035243511199951,-0.5475354194641113,0.10881907492876053,0.8512765169143677,-0.3162561357021332,-0.3568633198738098,-0.21899555623531342,52.323145,-43.743140,0.148457,-13.040080
2026-08-05T11:56:19.860547,1785923779.860547,7.664233,0.8264884948730469,-0.06813282519578934,-0.5484449863433838,0.10715880990028381,0.8496237397193909,-0.31353989243507385,-0.3609793782234192,-0.22254474461078644,52.286251,-43.922358,-0.442142,-2.147792
2026-08-05T11:56:19.876090,1785923779.876091,7.679776,0.8260034918785095,-0.06659850478172302,-0.549671471118927,0.10556666553020477,0.8482958078384399,-0.3115420639514923,-0.3639269471168518,-0.22559475898742676,52.293476,-44.063585,0.464783,-9.086067
2026-08-05T11:56:19.880470,1785923779.880470,7.684156,0.8255780339241028,-0.06566335260868073,-0.5507486462593079,0.10385297238826752,0.8472668528556824,-0.3101945221424103,-0.365866094827652,-0.22816777229309082,52.296334,-44.157670,0.652604,-21.481967
2026-08-05T11:56:19.883258,1785923779.883259,7.686944,0.8255130648612976,-0.06561899930238724,-0.5510539412498474,0.10277346521615982,0.846517026424408,-0.3094710111618042,-0.3669845461845398,-0.23012858629226685,52.286588,-44.193214,-3.495068,-12.746295
2026-08-05T11:56:19.892768,1785923779.892769,7.696454,0.8257863521575928,-0.06512025743722916,-0.5508566498756409,0.10194796323776245,0.8460807800292969,-0.3093235492706299,-0.3673490583896637,-0.2313460260629654,52.312172,-44.282278,2.690266,-9.365484
2026-08-05T11:56:19.909337,1785923779.909337,7.713023,0.8257591128349304,-0.06493673473596573,-0.5509565472602844,0.10174594819545746,0.845849335193634,-0.3098525404930115,-0.36699584126472473,-0.23204417526721954,52.420949,-44.399122,6.565238,-7.052097
2026-08-05T11:56:19.926424,1785923779.926424,7.730110,0.8258134126663208,-0.06546071916818619,-0.5509264469146729,0.1011304035782814,0.8456515669822693,-0.3110560476779938,-0.3661804795265198,-0.2324426919221878,52.481620,-44.462642,3.550789,-3.717494
2026-08-05T11:56:19.942507,1785923779.942507,7.745480,0.8258224725723267,-0.06645350158214569,-0.5509232878684998,0.10042522102594376,0.8453347682952881,-0.3129781484603882,-0.36500120162963867,-0.2328692525625229,52.571563,-44.547067,5.851785,-5.492837
2026-08-05T11:56:19.960336,1785923779.960336,7.764022,0.8259010910987854,-0.06757791340351105,-0.5507751703262329,0.09983741492033005,0.8447663187980652,-0.31552883982658386,-0.363679975271225,-0.23355624079704285,52.724564,-44.706777,8.251461,-8.613256
2026-08-05T11:56:19.976216,1785923779.976217,7.779902,0.8260996341705322,-0.06839093565940857,-0.5503819584846497,0.0998099222779274,0.8438887000083923,-0.31876862049102783,-0.36225759983062744,-0.23453809320926666,53.006866,-45.019647,17.777109,-19.702036
2026-08-05T11:56:19.992802,1785923779.992802,7.796488,0.8260768055915833,-0.06863456219434738,-0.5503352284431458,0.10008838027715683,0.842864453792572,-0.3223453462123871,-0.3608356714248657,-0.23552188277244568,53.392104,-45.448625,23.226932,-25.864124
2026-08-05T11:56:20.010005,1785923780.010006,7.813692,0.8261366486549377,-0.06868820637464523,-0.5501962900161743,0.10032142698764801,0.8419225215911865,-0.3255313038825989,-0.359691321849823,-0.2362581491470337,53.722772,-45.836787,19.220856,-22.562873
2026-08-05T11:56:20.025872,1785923780.025873,7.829559,0.8262373805046082,-0.0685509517788887,-0.5499733686447144,0.10080783069133759,0.8413155674934387,-0.32767167687416077,-0.35899803042411804,-0.23651592433452606,53.954903,-46.113608,14.629843,-17.446358
2026-08-05T11:56:20.030631,1785923780.030631,7.834317,0.8262659907341003,-0.06774750351905823,-0.5499426126480103,0.10128387063741684,0.8412301540374756,-0.3282848000526428,-0.358681857585907,-0.2364496886730194,54.095990,-46.280258,29.651724,-35.024271
2026-08-05T11:56:20.061551,1785923780.061551,7.865237,0.8263344764709473,-0.06751208752393723,-0.5498062372207642,0.10162223130464554,0.8414083123207092,-0.3278166651725769,-0.3588537573814392,-0.2362043559551239,54.074201,-46.253756,-0.704685,0.857089
2026-08-05T11:56:20.077735,1785923780.077735,7.880427,0.8263594508171082,-0.06674562394618988,-0.5497475266456604,0.10224035382270813,0.8416847586631775,-0.3267703056335449,-0.35935816168785095,-0.23590189218521118,54.056638,-46.235644,-1.156219,1.192392
2026-08-05T11:56:20.092948,1785923780.092948,7.896634,0.8263273239135742,-0.06606148928403854,-0.5497941374778748,0.10269398987293243,0.8419519066810608,-0.3255751430988312,-0.3600108027458191,-0.2356061041355133,54.008719,-46.187478,-2.956662,2.971920
2026-08-05T11:56:20.109983,1785923780.109983,7.912611,0.8262346982955933,-0.06529564410448074,-0.5499200820922852,0.10325131565332413,0.8420876860618591,-0.32456186413764954,-0.3607850670814514,-0.2353343963623047,53.986826,-46.175780,-1.370251,0.732142
2026-08-05T11:56:20.126734,1785923780.126734,7.930420,0.8260746598243713,-0.06420806050300598,-0.5501591563224792,0.10393879562616348,0.8421863913536072,-0.323518306016922,-0.36168989539146423,-0.2350292056798935,53.991712,-46.201259,0.274327,-1.430711
2026-08-05T11:56:20.143918,1785923780.143918,7.947604,0.8258668184280396,-0.06293359398841858,-0.5504566431045532,0.10479141026735306,0.8422654867172241,-0.32226642966270447,-0.36276623606681824,-0.23480664193630219,54.011349,-46.241407,1.142771,-2.336358
2026-08-05T11:56:20.160166,1785923780.160167,7.962834,0.8255740404129028,-0.06166979297995567,-0.5508674383163452,0.1056867390871048,0.8423373699188232,-0.32086363434791565,-0.36390551924705505,-0.23470620810985565,54.037546,-46.278210,1.720082,-2.416425
2026-08-05T11:56:20.243048,1785923780.243048,8.046734,0.8254218101501465,-0.060677506029605865,-0.5510780215263367,0.10635079443454742,0.8423256278038025,-0.319580078125,-0.36500951647758484,-0.23478564620018005,54.040981,-46.298467,0.040937,-0.241450
2026-08-05T11:56:20.259682,1785923780.259682,8.063368,0.8252004981040955,-0.05956133082509041,-0.5513882637023926,0.10708801448345184,0.8422066569328308,-0.3186801075935364,-0.3659485876560211,-0.2349739521741867,54.105791,-46.384395,3.896157,-5.165628
2026-08-05T11:56:20.276023,1785923780.276023,8.079709,0.8251755237579346,-0.0585954487323761,-0.5513883829116821,0.10781051963567734,0.8420289158821106,-0.3181176483631134,-0.3667711913585663,-0.23509013652801514,54.165496,-46.479031,3.653688,-5.791321
2026-08-05T11:56:20.292975,1785923780.292976,8.096662,0.825190544128418,-0.05794427916407585,-0.5513525605201721,0.10823012888431549,0.8419635891914368,-0.3174424469470978,-0.36758267879486084,-0.23496927320957184,54.150097,-46.494252,-0.908357,-0.897891
2026-08-05T11:56:20.298764,1785923780.298764,8.102450,0.8249980807304382,-0.05660812556743622,-0.5515130758285522,0.10957721620798111,0.8421535491943359,-0.3164424002170563,-0.36822590231895447,-0.23463068902492523,54.238599,-46.580724,15.289740,-14.939027
2026-08-05T11:56:20.310011,1785923780.310012,8.113698,0.8247939348220825,-0.056607238948345184,-0.551749587059021,0.10992377996444702,0.842506468296051,-0.3153393268585205,-0.3686835467815399,-0.2341296225786209,54.145577,-46.450820,-8.270375,11.549442
2026-08-05T11:56:20.325187,1785923780.325188,8.128873,0.8245590329170227,-0.05616547167301178,-0.5519651174545288,0.11082694679498672,0.842786967754364,-0.3146401345729828,-0.3689122200012207,-0.2336997240781784,54.171565,-46.442307,1.712434,0.560978
2026-08-05T11:56:20.343371,1785923780.343371,8.146674,0.8244066834449768,-0.05598018690943718,-0.5521382093429565,0.11119092255830765,0.8427971601486206,-0.314692884683609,-0.36890605092048645,-0.23360173404216766,54.219120,-46.480592,2.671519,-2.150710
2026-08-05T11:56:20.359578,1785923780.359579,8.163264,0.8244705200195312,-0.05573872849345207,-0.5519657135009766,0.11169508844614029,0.842597246170044,-0.3153044581413269,-0.36874571442604065,-0.23375137150287628,54.329571,-46.604295,6.657694,-7.456574
2026-08-05T11:56:20.376259,1785923780.376259,8.179945,0.8245970010757446,-0.05512429401278496,-0.5517237186431885,0.11226009577512741,0.8423231840133667,-0.31611189246177673,-0.3685420751571655,-0.2339697927236557,54.486687,-46.795280,9.419036,-11.449390
2026-08-05T11:56:20.392694,1785923780.392694,8.196380,0.8247124552726746,-0.054777368903160095,-0.5515287518501282,0.11253860592842102,0.842090904712677,-0.31680914759635925,-0.3683227300643921,-0.23420855402946472,54.599389,-46.933750,6.857399,-8.425252
2026-08-05T11:56:20.410399,1785923780.410400,8.213726,0.8246991038322449,-0.05448055639863014,-0.5515038967132568,0.1129022091627121,0.84200519323349,-0.31708183884620667,-0.3681814670562744,-0.234369158744812,54.687117,-47.023659,5.057667,-5.183478
2026-08-05T11:56:20.426640,1785923780.426954,8.230326,0.8246423602104187,-0.05406985431909561,-0.5515539646148682,0.11326971650123596,0.8423584699630737,-0.3161902129650116,-0.3681811988353729,-0.2343047708272934,54.686002,-46.989265,-0.067141,2.071916
2026-08-05T11:56:20.443226,1785923780.443227,8.246398,0.824668288230896,-0.05387762561440468,-0.5515058040618896,0.11340656876564026,0.8424665331840515,-0.31582000851631165,-0.36822766065597534,-0.23434241116046906,54.685540,-46.980949,-0.028736,0.517422
2026-08-05T11:56:20.459635,1785923780.459635,8.263321,0.8247056603431702,-0.053336936980485916,-0.5514436960220337,0.11369261145591736,0.8420044183731079,-0.3159949779510498,-0.3685292899608612,-0.23529182374477386,54.820787,-47.145953,7.991821,-9.750188
2026-08-05T11:56:20.476036,1785923780.476037,8.279722,0.8248118162155151,-0.05276421830058098,-0.5512327551841736,0.11421047896146774,0.8415230512619019,-0.31633901596069336,-0.3687947690486908,-0.23613418638706207,54.974874,-47.333691,9.394761,-11.446522
2026-08-05T11:56:20.481007,1785923780.481008,8.284693,0.8248591423034668,-0.05222431197762489,-0.5511516332626343,0.11450839787721634,0.8411960005760193,-0.31638622283935547,-0.36906155943870544,-0.2368178814649582,55.081465,-47.464996,21.443638,-26.415429
2026-08-05T11:56:20.484305,1785923780.484306,8.287335,0.8249597549438477,-0.052215542644262314,-0.5509507060050964,0.1147550716996193,0.8410667777061462,-0.3160627484321594,-0.3693403899669647,-0.23727351427078247,55.099535,-47.479902,6.840232,-5.642363
2026-08-05T11:56:20.492675,1785923780.492675,8.296361,0.8250239491462708,-0.05184841528534889,-0.5507763028144836,0.11529500037431717,0.8411403298377991,-0.31539642810821533,-0.36961740255355835,-0.23746870458126068,55.123914,-47.492494,2.700988,-1.395112
2026-08-05T11:56:20.509838,1785923780.509838,8.313524,0.8249406218528748,-0.05164487659931183,-0.5509020090103149,0.11538170278072357,0.8413832783699036,-0.31460240483283997,-0.3697417974472046,-0.23746730387210846,55.094241,-47.438359,-1.728939,3.154163
2026-08-05T11:56:20.526786,1785923780.526786,8.329232,0.8249157667160034,-0.05177175626158714,-0.5509179830551147,0.11542651802301407,0.8415665626525879,-0.3139782249927521,-0.3698345124721527,-0.2374996691942215,55.049515,-47.365841,-2.847416,4.616800
2026-08-05T11:56:20.543351,1785923780.543351,8.347037,0.8249850869178772,-0.051597710698843,-0.5507538914680481,0.11579130589962006,0.8415415287017822,-0.31383419036865234,-0.36985987424850464,-0.23773875832557678,55.095453,-47.405137,2.579982,-2.206945
2026-08-05T11:56:20.559976,1785923780.559977,8.363662,0.8250485062599182,-0.05152292922139168,-0.5505925416946411,0.11613979190587997,0.8414079546928406,-0.31398263573646545,-0.36975929141044617,-0.23817168176174164,55.174906,-47.477772,4.779007,-4.368930
2026-08-05T11:56:20.576683,1785923780.576683,8.379351,0.8250997066497803,-0.05160779878497124,-0.5504491925239563,0.11641746014356613,0.8412479758262634,-0.3143302798271179,-0.3695610463619232,-0.2385856956243515,55.254235,-47.548651,5.056445,-4.517868
2026-08-05T11:56:20.593597,1785923780.593598,8.397284,0.8251524567604065,-0.0519443079829216,-0.5502755045890808,0.11671517044305801,0.8411374092102051,-0.3147090673446655,-0.369376003742218,-0.23876267671585083,55.298492,-47.578449,2.468001,-1.661651
2026-08-05T11:56:20.609998,1785923780.609999,8.413685,0.825211226940155,-0.05243626609444618,-0.5501115918159485,0.11685173958539963,0.8411075472831726,-0.315267413854599,-0.36904722452163696,-0.23864011466503143,55.311046,-47.577893,0.765451,0.033852
2026-08-05T11:56:20.659317,1785923780.659318,8.463004,0.8253355026245117,-0.053544092923402786,-0.5498610138893127,0.11665092408657074,0.8411375284194946,-0.3162052631378174,-0.3684658110141754,-0.23819097876548767,55.257443,-47.505912,-1.086863,1.459506
2026-08-05T11:56:20.678666,1785923780.678667,8.480270,0.8254781365394592,-0.05628005042672157,-0.5494425892829895,0.11632487922906876,0.8410965800285339,-0.31800341606140137,-0.3672889471054077,-0.2377590388059616,55.163573,-47.340022,-5.436610,9.607718
2026-08-05T11:56:20.693162,1785923780.693162,8.496848,0.8256115317344666,-0.05983667075634003,-0.5490837097167969,0.11529320478439331,0.8407496809959412,-0.32148465514183044,-0.36525973677635193,-0.2374303936958313,55.113507,-47.229227,-3.020049,6.683309
2026-08-05T11:56:20.709752,1785923780.709752,8.512396,0.8251010775566101,-0.06473386287689209,-0.5497857332229614,0.11293238401412964,0.8403852581977844,-0.3264029920101166,-0.3621327579021454,-0.2367984801530838,55.031173,-47.040233,-5.295383,12.155357
2026-08-05T11:56:20.726623,1785923780.726623,8.530309,0.8240728378295898,-0.07099307328462601,-0.5513278841972351,0.10909581184387207,0.8400659561157227,-0.3329758048057556,-0.3577251434326172,-0.2354765385389328,54.891260,-46.753785,-7.810751,15.991188
2026-08-05T11:56:20.745302,1785923780.745302,8.548988,0.822782576084137,-0.07850688695907593,-0.5531600713729858,0.10430583357810974,0.8397644758224487,-0.3417918086051941,-0.35133013129234314,-0.23354092240333557,54.814167,-46.468734,-4.127277,15.260541
2026-08-05T11:56:20.759376,1785923780.759707,8.562061,0.8209227919578552,-0.08868009597063065,-0.5552632212638855,0.09952125698328018,0.8392084836959839,-0.3529295027256012,-0.3430986702442169,-0.23120062053203583,54.822850,-46.110771,0.664196,27.380935
2026-08-05T11:56:20.775006,1785923780.775006,8.578692,0.8194747567176819,-0.09631100296974182,-0.5566321015357971,0.09667517989873886,0.8383135795593262,-0.3655947148799896,-0.33375808596611023,-0.22842194139957428,55.278690,-46.244624,27.409634,-8.048533
2026-08-05T11:56:20.793310,1785923780.793311,8.596996,0.8183153867721558,-0.10159417241811752,-0.5576643347740173,0.09512685984373093,0.8375220894813538,-0.3793424069881439,-0.3226392865180969,-0.2248561680316925,56.126066,-46.751691,46.293671,-27.702029
2026-08-05T11:56:20.810109,1785923780.810109,8.613795,0.8171272873878479,-0.1078096404671669,-0.5585088133811951,0.09353138506412506,0.8368417620658875,-0.3940102159976959,-0.30959638953208923,-0.22045832872390747,57.057679,-47.197918,55.458148,-26.563485
2026-08-05T11:56:20.826079,1785923780.826080,8.629765,0.815972089767456,-0.11467079073190689,-0.5590482354164124,0.09222462773323059,0.8361215591430664,-0.40953704714775085,-0.29507941007614136,-0.21472866833209991,58.058043,-47.589511,62.638350,-24.519860
2026-08-05T11:56:20.843177,1785923780.843177,8.646863,0.815079391002655,-0.12037572264671326,-0.5592237114906311,0.09178522229194641,0.8355894684791565,-0.42502132058143616,-0.2795729637145996,-0.20733076333999634,59.187741,-48.032847,66.074886,-25.930236
2026-08-05T11:56:20.857988,1785923780.857988,8.661674,0.814321756362915,-0.12555648386478424,-0.5592320561408997,0.0915181115269661,0.8357691168785095,-0.4394429922103882,-0.2630358338356018,-0.19796963036060333,60.293944,-48.296946,74.686517,-17.830939
2026-08-05T11:56:20.875944,1785923780.875945,8.678604,0.8136608600616455,-0.13138052821159363,-0.558929979801178,0.09106392413377762,0.8368571996688843,-0.4524339437484741,-0.24514804780483246,-0.18675149977207184,61.283003,-48.202515,58.418489,5.577521
2026-08-05T11:56:20.891788,1785923780.891788,8.695474,0.8133895397186279,-0.13772574067115784,-0.5578633546829224,0.09065209329128265,0.8388439416885376,-0.4637279212474823,-0.22592660784721375,-0.1739383190870285,62.161117,-47.761132,52.053942,26.164864
2026-08-05T11:56:20.908177,1785923780.908177,8.711863,0.8136468529701233,-0.14306890964508057,-0.5560557246208191,0.09117238968610764,0.8415754437446594,-0.47319793701171875,-0.20570483803749084,-0.15975028276443481,63.082565,-47.183351,56.222307,35.253365
2026-08-05T11:56:20.924917,1785923780.924917,8.728603,0.8144894242286682,-0.146753191947937,-0.5536534786224365,0.09240424633026123,0.844826340675354,-0.4809819161891937,-0.184693843126297,-0.14426785707473755,64.094025,-46.562899,60.421469,37.063906
2026-08-05T11:56:20.941242,1785923780.941243,8.744928,0.8157212734222412,-0.1507359892129898,-0.5506072640419006,0.09332503378391266,0.8483665585517883,-0.4872596561908722,-0.16311024129390717,-0.12746459245681763,64.999864,-45.653616,55.487007,55.697990
2026-08-05T11:56:20.957911,1785923780.957911,8.761597,0.8166136741638184,-0.15615639090538025,-0.5478104948997498,0.09306583553552628,0.8519692420959473,-0.4921534061431885,-0.14114710688591003,-0.10959416627883911,65.782054,-44.324442,46.926755,79.742499
2026-08-05T11:56:20.974754,1785923780.974754,8.778085,0.8170902132987976,-0.16276584565639496,-0.5453682541847229,0.09189415723085403,0.8557037115097046,-0.4953819513320923,-0.11849725246429443,-0.09124936163425446,66.547754,-42.621512,46.439635,103.282547
2026-08-05T11:56:20.989663,1785923780.989664,8.793349,0.8172834515571594,-0.16923788189888,-0.5433211326599121,0.09060262888669968,0.8588801622390747,-0.49798622727394104,-0.09522310644388199,-0.072576142847538,67.516916,-40.861753,63.491210,115.284313
2026-08-05T11:56:21.008279,1785923781.008279,8.811511,0.8176072239875793,-0.173623189330101,-0.5414639115333557,0.09050086885690689,0.8606982827186584,-0.5012136101722717,-0.07156013697385788,-0.05350380390882492,68.895897,-39.466653,75.929639,76.817212
2026-08-05T11:56:21.026335,1785923781.026336,8.830022,0.8180786371231079,-0.17557547986507416,-0.5399717092514038,0.09138613194227219,0.8603847622871399,-0.5062574744224548,-0.04786552116274834,-0.033918824046850204,70.727342,-38.625417,98.937916,45.445045
2026-08-05T11:56:21.043995,1785923781.043995,8.847681,0.8190563321113586,-0.17734304070472717,-0.5377617478370667,0.09224274754524231,0.8579824566841125,-0.5129010677337646,-0.024623580276966095,-0.013883615843951702,72.652675,-38.033737,109.027258,33.505515
2026-08-05T11:56:21.059265,1785923781.059265,8.862951,0.819874107837677,-0.17844097316265106,-0.5358259677886963,0.09410735964775085,0.8538840413093567,-0.5204193592071533,-0.00224895472638309,0.006403428502380848,74.736905,-37.669279,136.489749,23.867231
2026-08-05T11:56:21.075505,1785923781.075505,8.879191,0.8215715289115906,-0.179225891828537,-0.5325066447257996,0.09661820530891418,0.8494539260864258,-0.5266576409339905,0.019570384174585342,0.026021040976047516,76.675025,-37.295206,119.341486,23.033905
2026-08-05T11:56:21.080506,1785923781.080506,8.884192,0.82338547706604,-0.17910577356815338,-0.5291337370872498,0.09987565129995346,0.8456106185913086,-0.5303090810775757,0.04116087406873703,0.044953856617212296,78.579230,-36.778254,380.777735,103.373185
2026-08-05T11:56:21.092214,1785923781.092215,8.895900,0.8248975276947021,-0.17580680549144745,-0.5271732211112976,0.10356109589338303,0.8424034118652344,-0.5315119624137878,0.06275811046361923,0.06255516409873962,80.765475,-36.457093,186.722949,27.429701
2026-08-05T11:56:21.108799,1785923781.108800,8.912486,0.8257738947868347,-0.17273028194904327,-0.5263567566871643,0.10587958991527557,0.839783251285553,-0.5305810570716858,0.08375076949596405,0.07895436137914658,82.923962,-35.884475,130.146031,34.526049
2026-08-05T11:56:21.126007,1785923781.126008,8.929693,0.8265349268913269,-0.17377780377864838,-0.5245404243469238,0.10723280161619186,0.8371431231498718,-0.5287928581237793,0.1033511608839035,0.09427753835916519,84.585184,-34.692792,96.538552,69.252230
2026-08-05T11:56:21.143461,1785923781.143462,8.947147,0.8271403908729553,-0.17666128277778625,-0.5226641893386841,0.10701436549425125,0.8330045938491821,-0.5286273956298828,0.12100473791360855,0.10961060971021652,86.078792,-33.482642,85.574402,69.334037
2026-08-05T11:56:21.158779,1785923781.158780,8.962466,0.827318549156189,-0.18022195994853973,-0.5214288234710693,0.10571758449077606,0.828068733215332,-0.5290727019309998,0.13758312165737152,0.12431865930557251,87.588456,-32.311587,98.553962,76.448839
2026-08-05T11:56:21.176771,1785923781.176772,8.980457,0.8277726173400879,-0.18044346570968628,-0.5205094218254089,0.10631491243839264,0.8224227428436279,-0.5301202535629272,0.15296611189842224,0.13854530453681946,89.278518,-31.703542,93.935185,33.795687
2026-08-05T11:56:21.181607,1785923781.181607,8.985293,0.8298090696334839,-0.1774798184633255,-0.5178457498550415,0.10841544717550278,0.8166136145591736,-0.5311393141746521,0.1669347733259201,0.15220482647418976,90.831938,-31.639546,321.262203,13.235031
2026-08-05T11:56:21.192506,1785923781.192506,8.996192,0.8317558765411377,-0.17238016426563263,-0.5157824158668518,0.11151750385761261,0.8110408186912537,-0.5317840576171875,0.1795857697725296,0.16482646763324738,92.421047,-31.852244,145.799088,-19.514773
2026-08-05T11:56:21.210307,1785923781.210307,9.013993,0.8326215744018555,-0.1691184639930725,-0.5148898959159851,0.11414435505867004,0.8064708709716797,-0.5313884615898132,0.19112949073314667,0.17521652579307556,93.852090,-31.719540,80.392028,7.454898
2026-08-05T11:56:21.230803,1785923781.230803,9.034489,0.8330362439155579,-0.16975051164627075,-0.5137250423431396,0.11542081087827682,0.8026427030563354,-0.5306503772735596,0.2012350708246231,0.18352022767066956,94.856792,-31.107428,49.019115,29.864759
2026-08-05T11:56:21.243529,1785923781.243529,9.047215,0.8335914611816406,-0.17251265048980713,-0.5118811130523682,0.11551027745008469,0.7991584539413452,-0.5302807688713074,0.20954839885234833,0.1903623342514038,95.498489,-30.375237,50.425656,57.536942
2026-08-05T11:56:21.258997,1785923781.258997,9.062683,0.8342291712760925,-0.17433376610279083,-0.5102730989456177,0.11528629809617996,0.7964267134666443,-0.5297936201095581,0.2165226936340332,0.19529765844345093,96.052095,-29.888947,35.789047,31.437225
2026-08-05T11:56:21.276079,1785923781.276080,9.079765,0.834905743598938,-0.17341136932373047,-0.5093696117401123,0.11577481776475906,0.7943338751792908,-0.5294342041015625,0.22194817662239075,0.19867634773254395,96.642756,-29.873280,34.577522,0.917152
2026-08-05T11:56:21.292477,1785923781.292477,9.096163,0.8356068730354309,-0.17268335819244385,-0.5083737373352051,0.11618150025606155,0.7928505539894104,-0.529410183429718,0.22525817155838013,0.20092728734016418,96.978553,-29.929588,20.478272,-3.433867
2026-08-05T11:56:21.309065,1785923781.309065,9.112751,0.8362703919410706,-0.17341317236423492,-0.5071423649787903,0.115700364112854,0.7919352650642395,-0.5298109650611877,0.22657465934753418,0.2019978165626526,97.000981,-29.924143,1.352080,0.328226
2026-08-05T11:56:21.325807,1785923781.325808,9.129493,0.8369718194007874,-0.17458109557628632,-0.5057575702667236,0.11493196338415146,0.7918349504470825,-0.5301593542098999,0.2263226956129074,0.2017585039138794,96.785125,-29.921393,-12.892493,0.164244
2026-08-05T11:56:21.342794,1785923781.342794,9.146480,0.8375834226608276,-0.17548298835754395,-0.5046005249023438,0.11418477445840836,0.7926190495491028,-0.5303335189819336,0.2246287614107132,0.20010821521282196,96.412588,-29.985338,-21.931234,-3.764417
2026-08-05T11:56:21.359572,1785923781.359573,9.163258,0.8377968072891235,-0.1764598935842514,-0.5041504502296448,0.11309798061847687,0.7941410541534424,-0.5305164456367493,0.2213563323020935,0.19721461832523346,95.919688,-30.069854,-29.377331,-5.037264
2026-08-05T11:56:21.380921,1785923781.380921,9.184607,0.837800145149231,-0.17749427258968353,-0.5040323734283447,0.11197419464588165,0.7966054081916809,-0.5303013324737549,0.21671292185783386,0.1929662674665451,95.262676,-30.126183,-30.775609,-2.638536
2026-08-05T11:56:21.384148,1785923781.384148,9.187834,0.8379433751106262,-0.17708641290664673,-0.5040509104728699,0.11146365851163864,0.8000141382217407,-0.5294644236564636,0.21103952825069427,0.18736904859542847,94.525455,-30.343544,-228.454198,-67.356951
2026-08-05T11:56:21.408887,1785923781.408888,9.212574,0.8384360671043396,-0.1765545755624771,-0.5035421252250671,0.11090051382780075,0.8045814037322998,-0.5275548100471497,0.20435327291488647,0.18048419058322906,93.552770,-30.502070,-39.316717,-6.407776
2026-08-05T11:56:21.426610,1785923781.426610,9.230296,0.83809494972229,-0.17429207265377045,-0.5049319863319397,0.11073896288871765,0.809468150138855,-0.525623083114624,0.19635294377803802,0.17299555242061615,92.734181,-30.842566,-46.189608,-19.212794
2026-08-05T11:56:21.443451,1785923781.443451,9.246623,0.8370518088340759,-0.16954679787158966,-0.5081113576889038,0.11145251244306564,0.814785361289978,-0.5234295129776001,0.18723303079605103,0.1645914912223816,92.109295,-31.465513,-38.273923,-38.155176
2026-08-05T11:56:21.459758,1785923781.459758,9.263444,0.8359769582748413,-0.16473405063152313,-0.5112240314483643,0.11249619722366333,0.8205469250679016,-0.5209270715713501,0.17677637934684753,0.15520359575748444,91.328765,-32.103847,-46.401715,-37.948293
2026-08-05T11:56:21.509518,1785923781.509518,9.313204,0.8349636197090149,-0.16153621673583984,-0.5137851238250732,0.11299031227827072,0.8260691165924072,-0.519169270992279,0.16429279744625092,0.14519307017326355,90.244502,-32.683013,-21.789713,-11.639112
2026-08-05T11:56:21.526301,1785923781.526301,9.329987,0.8343721032142639,-0.1604783535003662,-0.5151696801185608,0.11256305873394012,0.8314976692199707,-0.517899751663208,0.14956101775169373,0.13424961268901825,88.721422,-33.133865,-90.752606,-26.864004
2026-08-05T11:56:21.532005,1785923781.532005,9.335691,0.8334846496582031,-0.1614712029695511,-0.5165364146232605,0.11144915223121643,0.8367391228675842,-0.5170218348503113,0.13265901803970337,0.12230148911476135,86.895735,-33.407527,-320.062116,-47.975814
2026-08-05T11:56:21.542414,1785923781.542415,9.346101,0.832597017288208,-0.16205069422721863,-0.5180469751358032,0.11022472381591797,0.8415963649749756,-0.5165466666221619,0.11385976523160934,0.10923056304454803,84.966920,-33.870532,-185.292098,-44.478687
2026-08-05T11:56:21.546863,1785923781.546864,9.350549,0.8311846852302551,-0.16159741580486298,-0.5206105709075928,0.10946705937385559,0.8462507724761963,-0.5158274173736572,0.09344977140426636,0.09512681514024734,83.077185,-34.475406,-424.788211,-135.967859
2026-08-05T11:56:21.559211,1785923781.559211,9.362897,0.8293861746788025,-0.1574055254459381,-0.5246866941452026,0.10975447297096252,0.8506207466125488,-0.5146684050559998,0.0716809630393982,0.08014114201068878,81.477962,-35.570155,-129.513371,-88.658452
2026-08-05T11:56:21.576142,1785923781.576142,9.379828,0.8286504745483398,-0.1515553742647171,-0.5272910594940186,0.11105811595916748,0.8549702167510986,-0.5124351382255554,0.04825088754296303,0.06409560889005661,79.684803,-36.864790,-105.910951,-76.466204
2026-08-05T11:56:21.593113,1785923781.593114,9.396482,0.8286394476890564,-0.14745041728019714,-0.528214693069458,0.1122705414891243,0.8584776520729065,-0.5101373195648193,0.022391319274902344,0.047694798558950424,77.457697,-37.975659,-133.731723,-66.704678
2026-08-05T11:56:21.609572,1785923781.609573,9.413258,0.8284583687782288,-0.1468537449836731,-0.5288493633270264,0.11139648407697678,0.8612162470817566,-0.507300615310669,-0.005937263369560242,0.030290357768535614,74.784857,-38.628106,-159.317585,-38.889829
2026-08-05T11:56:21.681403,1785923781.681403,9.485089,0.8273736834526062,-0.14987237751483917,-0.5302600860595703,0.10869870334863663,0.8635900616645813,-0.5028242468833923,-0.03564053028821945,0.010487444698810577,71.825774,-38.761473,-41.195351,-1.856691
2026-08-05T11:56:21.708315,1785923781.708315,9.512001,0.8244245052337646,-0.15020126104354858,-0.5349745154380798,0.10754691809415817,0.8656148910522461,-0.49622443318367004,-0.06587039679288864,-0.011553814634680748,69.396008,-39.149133,-90.284886,-14.404601
2026-08-05T11:56:21.727200,1785923781.727201,9.529895,0.8230550289154053,-0.14324083924293518,-0.5385413765907288,0.10970812290906906,0.8673244714736938,-0.48694372177124023,-0.09688418358564377,-0.03532317653298378,67.409787,-40.413955,-111.002035,-70.685891
2026-08-05T11:56:21.744199,1785923781.744199,9.547885,0.8245086669921875,-0.1318606585264206,-0.5383490324020386,0.11392489075660706,0.8681644201278687,-0.4754416346549988,-0.12904074788093567,-0.059952426701784134,65.478632,-42.192456,-107.343964,-98.858599
2026-08-05T11:56:21.759333,1785923781.759333,9.563019,0.825879693031311,-0.12229691445827484,-0.5379592776298523,0.11647488176822662,0.8671307563781738,-0.4631231427192688,-0.16275335848331451,-0.08433672040700912,63.464421,-43.667460,-133.090894,-97.462368
2026-08-05T11:56:21.776548,1785923781.776548,9.579593,0.8251265287399292,-0.11480562388896942,-0.5406485199928284,0.11698422580957413,0.8644558787345886,-0.44970032572746277,-0.19648312032222748,-0.10899708420038223,61.727258,-44.791622,-104.810122,-67.825245
2026-08-05T11:56:21.792875,1785923781.792876,9.596561,0.8232153654098511,-0.10717228055000305,-0.5451489090919495,0.11680500954389572,0.8606150150299072,-0.43500515818595886,-0.22842875123023987,-0.1339130997657776,60.467616,-45.866892,-74.237351,-63.371302
2026-08-05T11:56:21.810071,1785923781.810071,9.613757,0.8222295045852661,-0.09528632462024689,-0.5486265420913696,0.11776427924633026,0.855395495891571,-0.41981595754623413,-0.2584863603115082,-0.15886476635932922,59.905413,-47.503724,-32.694807,-95.189763
2026-08-05T11:56:21.826364,1785923781.826365,9.628765,0.8221458196640015,-0.08458380401134491,-0.5505847930908203,0.11738172173500061,0.8496721982955933,-0.4033692479133606,-0.28693848848342896,-0.1817055344581604,59.238757,-48.706036,-44.419426,-80.110288
2026-08-05T11:56:21.832065,1785923781.832065,9.635751,0.8209866285324097,-0.07737451791763306,-0.5537776947021484,0.115432508289814,0.8441461324691772,-0.384099543094635,-0.3145997226238251,-0.20226721465587616,58.235359,-49.023748,-143.631924,-45.479065
2026-08-05T11:56:21.842142,1785923781.842142,9.645828,0.8194043636322021,-0.07153338938951492,-0.5573161244392395,0.11339534819126129,0.83876633644104,-0.36336749792099,-0.34044867753982544,-0.22029553353786469,57.186713,-48.889655,-104.063300,13.306856
2026-08-05T11:56:21.846716,1785923781.846717,9.649316,0.8186905384063721,-0.06589236855506897,-0.5595207214355469,0.11108966171741486,0.8339089155197144,-0.3416121304035187,-0.3634313642978668,-0.23625174164772034,56.151779,-48.481544,-296.727600,117.010357
2026-08-05T11:56:21.858639,1785923781.858640,9.662326,0.8180660605430603,-0.06325043737888336,-0.5614023804664612,0.10767929255962372,0.8199535012245178,-0.29435229301452637,-0.4080280065536499,-0.2730320394039154,54.488821,-46.954360,-127.821263,117.385103
2026-08-05T11:56:21.876598,1785923781.876599,9.680285,0.8172020316123962,-0.06469908356666565,-0.5635228157043457,0.10216262936592102,0.815521776676178,-0.2917594015598297,-0.4122507572174072,-0.2825775742530823,54.562748,-47.061981,4.116464,-5.992608
2026-08-05T11:56:21.892162,1785923781.892163,9.695848,0.8162786960601807,-0.0679992213845253,-0.5656700730323792,0.0953035056591034,0.8119710683822632,-0.2942262887954712,-0.412081241607666,-0.2903843820095062,54.696904,-47.247007,8.619627,-11.888106
2026-08-05T11:56:21.909589,1785923781.909590,9.713275,0.8152830004692078,-0.07434370368719101,-0.5674724578857422,0.08810146152973175,0.8096144795417786,-0.2998102605342865,-0.40849074721336365,-0.29626646637916565,54.739200,-47.239915,2.427042,0.406946
2026-08-05T11:56:21.926238,1785923781.926238,9.729924,0.8144845366477966,-0.08089011907577515,-0.568576455116272,0.08241850137710571,0.8083633780479431,-0.30748245120048523,-0.40226149559020996,-0.3003147840499878,54.943964,-47.344449,12.299231,-6.278873
2026-08-05T11:56:21.944312,1785923781.944312,9.747998,0.8141428232192993,-0.08716563880443573,-0.5686862468719482,0.07854844629764557,0.8079912662506104,-0.31705236434936523,-0.39373543858528137,-0.3026556670665741,55.350345,-47.615841,22.484249,-15.015579
2026-08-05T11:56:21.959592,1785923781.959593,9.763278,0.8143072128295898,-0.09304462373256683,-0.5678803324699402,0.07588622719049454,0.8078837990760803,-0.3290424048900604,-0.38329997658729553,-0.3035397529602051,55.959138,-48.113175,39.841227,-32.547013
2026-08-05T11:56:21.975965,1785923781.975966,9.779651,0.8144605159759521,-0.09895091503858566,-0.566933810710907,0.07381975650787354,0.8077669739723206,-0.34297218918800354,-0.3714412450790405,-0.30317363142967224,56.707124,-48.746634,45.684348,-38.689382
2026-08-05T11:56:21.981964,1785923781.981964,9.785650,0.8144962787628174,-0.1049933210015297,-0.5660180449485779,0.07208386808633804,0.8075276613235474,-0.35812970995903015,-0.35878556966781616,-0.3015218675136566,57.512694,-49.423183,134.292641,-112.784387
2026-08-05T11:56:21.991967,1785923781.991967,9.795653,0.8144707679748535,-0.1103227511048317,-0.5652130842208862,0.07071652263402939,0.8072951436042786,-0.37367138266563416,-0.3460407555103302,-0.2981607913970947,58.324216,-50.115916,81.131069,-69.255201
2026-08-05T11:56:22.008792,1785923782.008793,9.812478,0.8144126534461975,-0.11457350105047226,-0.564558207988739,0.06985024362802505,0.8075299263000488,-0.38828349113464355,-0.33378690481185913,-0.2927762567996979,59.049926,-50.706724,43.131076,-35.113474
2026-08-05T11:56:22.027125,1785923782.027125,9.830099,0.8143453001976013,-0.11756712943315506,-0.5640726685523987,0.06958261877298355,0.8086034059524536,-0.400911808013916,-0.3222595453262329,-0.2856205701828003,59.656578,-51.125199,34.427748,-23.748595
2026-08-05T11:56:22.042333,1785923782.042333,9.846019,0.8141930103302002,-0.11940205842256546,-0.563848078250885,0.07005918025970459,0.810581386089325,-0.4110659062862396,-0.3117675185203552,-0.2770988941192627,60.136791,-51.344446,30.164710,-13.772065
2026-08-05T11:56:22.058554,1785923782.058554,9.862240,0.8138336539268494,-0.12020491808652878,-0.5640404224395752,0.07130490243434906,0.8134135007858276,-0.4186097979545593,-0.3026675283908844,-0.2674266993999481,60.474000,-51.349640,20.788667,-0.320177
