system_time_iso,epoch_time,rel_time_s,upper_w,upper_x,upper_y,upper_z,forearm_w,forearm_x,forearm_y,forearm_z,flexion_deg,pronation_deg,flexion_vel_deg_s,pronation_vel_deg_s
2026-08-05T11:58:04.857382,1785923884.857382,0.102683,0.7124834656715393,0.2637242376804352,-0.6458961367607117,0.07506798952817917,0.7320489287376404,0.20344071090221405,-0.613294243812561,0.21583935618400574,18.099733,5.248132,0.000000,0.000000
2026-08-05T11:58:04.863890,1785923884.863890,0.109191,0.7118731737136841,0.2636447846889496,-0.6465262174606323,0.07570939511060715,0.7312196493148804,0.2047308087348938,-0.6137199401855469,0.2162199318408966,18.015115,5.366472,-13.002424,18.184181
2026-08-05T11:58:04.886125,1785923884.886126,0.131427,0.7109577059745789,0.26256808638572693,-0.6476859450340271,0.07810382544994354,0.7302671670913696,0.20520025491714478,-0.6141123175621033,0.2178732007741928,17.890992,5.481891,-5.582145,5.190743
2026-08-05T11:58:04.889999,1785923884.889999,0.135300,0.7097543478012085,0.2610224485397339,-0.6493178009986877,0.08063716441392899,0.7300426363945007,0.2061993032693863,-0.6135697364807129,0.21920724213123322,17.731918,5.637971,-41.068782,40.295850
2026-08-05T11:58:04.907124,1785923884.907125,0.152426,0.7088410258293152,0.2601081430912018,-0.6502861976623535,0.08376231789588928,0.7332767844200134,0.2083369940519333,-0.608115017414093,0.2215789407491684,17.788484,5.805838,3.302956,9.801964
2026-08-05T11:58:04.924052,1785923884.924052,0.169353,0.7079892754554749,0.25940778851509094,-0.6511222720146179,0.08659418672323227,0.7339067459106445,0.20712418854236603,-0.6077458262443542,0.22164258360862732,17.593122,5.555679,-11.541285,-14.778517
2026-08-05T11:58:04.940621,1785923884.940622,0.185922,0.7073191404342651,0.25892946124076843,-0.6517089605331421,0.08905340731143951,0.7340883612632751,0.20649398863315582,-0.6077877283096313,0.22151482105255127,17.373064,5.353711,-13.281040,-12.189218
2026-08-05T11:58:04.957390,1785923884.957390,0.202691,0.7068449854850769,0.25882676243782043,-0.6519857048988342,0.09106992930173874,0.7341130375862122,0.20589852333068848,-0.607986569404602,0.22144126892089844,17.196288,5.158143,-10.541981,-11.662684
2026-08-05T11:58:04.971641,1785923884.971642,0.216942,0.7064381241798401,0.2589375674724579,-0.652153730392456,0.09269344061613083,0.7339792847633362,0.20541909337043762,-0.6083021759986877,0.2214629203081131,17.061526,4.991375,-9.456208,-11.702018
2026-08-05T11:58:04.989936,1785923884.989936,0.235237,0.7061007618904114,0.2588990330696106,-0.6523517966270447,0.09397082030773163,0.733667254447937,0.20505008101463318,-0.6087377667427063,0.22164206206798553,16.958657,4.889167,-5.622859,-5.586727
2026-08-05T11:58:05.006393,1785923885.006394,0.251695,0.7055827975273132,0.25910863280296326,-0.6525833010673523,0.0956595167517662,0.733218789100647,0.20488084852695465,-0.6092580556869507,0.22185294330120087,16.819961,4.755081,-8.427483,-8.147365
2026-08-05T11:58:05.008827,1785923885.008827,0.254128,0.7048677206039429,0.25932443141937256,-0.6530072093009949,0.09743694216012955,0.7326717376708984,0.2049545794725418,-0.6098164916038513,0.2220580130815506,16.669935,4.636202,-61.655252,-48.854956
2026-08-05T11:58:05.023280,1785923885.025291,0.268581,0.7041824460029602,0.2596922516822815,-0.6533716917037964,0.09895685315132141,0.7320470809936523,0.2050580382347107,-0.6104370951652527,0.22231705486774445,16.549927,4.529945,-8.303070,-7.351690
2026-08-05T11:58:05.039691,1785923885.039692,0.284992,0.7035598158836365,0.2600744962692261,-0.6537303328514099,0.10000872611999512,0.7313086986541748,0.20519007742404938,-0.6111652851104736,0.2226245105266571,16.472619,4.465135,-4.710723,-3.949163
2026-08-05T11:58:05.056643,1785923885.056643,0.301944,0.703012228012085,0.26064276695251465,-0.6539185643196106,0.10114368051290512,0.7304639220237732,0.20537841320037842,-0.6119545698165894,0.22305572032928467,16.393460,4.392445,-4.669662,-4.288051
2026-08-05T11:58:05.073709,1785923885.073709,0.319010,0.702328085899353,0.26149067282676697,-0.6540866494178772,0.10260887444019318,0.7295070290565491,0.20585213601589203,-0.6126963496208191,0.22371354699134827,16.305851,4.313137,-5.133603,-4.647196
2026-08-05T11:58:05.123715,1785923885.123715,0.369016,0.7016865015029907,0.2619078457355499,-0.6544455885887146,0.10364142060279846,0.7285515666007996,0.20656436681747437,-0.6132975816726685,0.2245216816663742,16.255671,4.339202,-1.003484,0.521237
2026-08-05T11:58:05.140352,1785923885.140352,0.385653,0.7010917067527771,0.26237261295318604,-0.6547542810440063,0.10453752428293228,0.7276555299758911,0.20730800926685333,-0.6138321757316589,0.2252797782421112,16.215595,4.368482,-2.408806,1.759902
2026-08-05T11:58:05.157098,1785923885.157099,0.402399,0.7006281614303589,0.2628031075000763,-0.6549444198608398,0.10536932200193405,0.7268753051757812,0.20777395367622375,-0.6144282817840576,0.22574368119239807,16.157645,4.356082,-3.460508,-0.740481
2026-08-05T11:58:05.173607,1785923885.173608,0.417904,0.7002346515655518,0.2631770372390747,-0.6551080346107483,0.10603203624486923,0.7261971235275269,0.207993283867836,-0.6150361895561218,0.22606918215751648,16.110816,4.327750,-3.020386,-1.827319
2026-08-05T11:58:05.179091,1785923885.179092,0.424392,0.6999222040176392,0.26346030831336975,-0.6552538871765137,0.10648974776268005,0.72564297914505,0.20806270837783813,-0.6155611276626587,0.22635534405708313,16.086168,4.305310,-3.798642,-3.458399
2026-08-05T11:58:05.191679,1785923885.191679,0.435577,0.6997108459472656,0.26357632875442505,-0.6553910970687866,0.10674592107534409,0.7251859307289124,0.20816899836063385,-0.6159416437149048,0.22668702900409698,16.080989,4.318782,-0.463053,1.204461
2026-08-05T11:58:05.206563,1785923885.206563,0.451864,0.6995049118995667,0.2638046145439148,-0.6554257869720459,0.10731764137744904,0.7248116731643677,0.2083294689655304,-0.6162298917770386,0.22695322334766388,16.042369,4.295674,-2.371270,-1.418820
2026-08-05T11:58:05.223702,1785923885.223703,0.469003,0.6992477774620056,0.26419028639793396,-0.6554304957389832,0.10801500082015991,0.7245500087738037,0.20853090286254883,-0.6163963079452515,0.2271515429019928,15.996495,4.244612,-2.676508,-2.979210
2026-08-05T11:58:05.240235,1785923885.240236,0.485536,0.6991506814956665,0.26436692476272583,-0.6553834676742554,0.10849423706531525,0.7243841290473938,0.2086767852306366,-0.6165048480033875,0.2272520512342453,15.954329,4.215000,-2.550440,-1.791081
2026-08-05T11:58:05.256975,1785923885.256975,0.501257,0.6990194916725159,0.2647354304790497,-0.6552726030349731,0.10910971462726593,0.7242669463157654,0.20869044959545135,-0.6166550517082214,0.22720548510551453,15.897797,4.133214,-3.595890,-5.202334
2026-08-05T11:58:05.273715,1785923885.273716,0.519017,0.6989251375198364,0.26496678590774536,-0.6552110314369202,0.10952183604240417,0.7241936326026917,0.20865598320960999,-0.6167648434638977,0.2271730750799179,15.861680,4.076031,-2.033715,-3.219888
2026-08-05T11:58:05.306999,1785923885.306999,0.552300,0.698922336101532,0.2649588882923126,-0.6551989912986755,0.10963096469640732,0.7241709232330322,0.20862352848052979,-0.6167948842048645,0.2271934151649475,15.852394,4.067719,-0.279012,-0.249743
2026-08-05T11:58:05.323448,1785923885.323449,0.568749,0.698902428150177,0.2649804353713989,-0.6551753878593445,0.10984571278095245,0.7241925001144409,0.20858508348464966,-0.6167920231819153,0.22716748714447021,15.831913,4.043719,-1.245088,-1.459018
2026-08-05T11:58:05.328400,1785923885.328401,0.573702,0.6988585591316223,0.26507917046546936,-0.6551334261894226,0.11013705283403397,0.7242538332939148,0.20840731263160706,-0.6168229579925537,0.22705160081386566,15.805104,3.987002,-5.413516,-11.452824
2026-08-05T11:58:05.339682,1785923885.339683,0.584984,0.698891282081604,0.26513272523880005,-0.6550352573394775,0.11038409173488617,0.7243233919143677,0.20821043848991394,-0.6168447136878967,0.22695092856884003,15.780065,3.937078,-2.219405,-4.425103
2026-08-05T11:58:05.354771,1785923885.354771,0.600072,0.6989020705223083,0.2651267647743225,-0.6549885272979736,0.11060645431280136,0.7244115471839905,0.20794141292572021,-0.6168833374977112,0.2268114686012268,15.756350,3.885175,-1.571740,-3.439980
2026-08-05T11:58:05.389023,1785923885.389024,0.634324,0.6987954378128052,0.26506471633911133,-0.6551138758659363,0.11068766564130783,0.7245027422904968,0.20757922530174255,-0.6169589757919312,0.2266462743282318,15.752642,3.839774,-0.108250,-1.325489
2026-08-05T11:58:05.406910,1785923885.406910,0.651197,0.6987934708595276,0.2649456262588501,-0.6551460027694702,0.11079436540603638,0.7245609164237976,0.20720572769641876,-0.6170709133148193,0.22649706900119781,15.738857,3.798199,-0.816969,-2.463939
2026-08-05T11:58:05.423996,1785923885.423996,0.669297,0.6985996961593628,0.26488152146339417,-0.6553889513015747,0.11073239892721176,0.7245462536811829,0.2069198042154312,-0.6171970367431641,0.2264622449874878,15.759816,3.782915,1.157982,-0.844431
2026-08-05T11:58:05.440639,1785923885.440639,0.685940,0.6984250545501709,0.2648180425167084,-0.655612051486969,0.11066591739654541,0.7244863510131836,0.2066861391067505,-0.6173650622367859,0.22640873491764069,15.773575,3.771469,0.826730,-0.687760
2026-08-05T11:58:05.457339,1785923885.457339,0.702640,0.6981685757637024,0.264957070350647,-0.6557943224906921,0.11087135970592499,0.7243690490722656,0.20653288066387177,-0.6176083087921143,0.22626085579395294,15.754780,3.720633,-1.125460,-3.044103
2026-08-05T11:58:05.473786,1785923885.473787,0.719087,0.6977792978286743,0.26519685983657837,-0.6560842990875244,0.11103376746177673,0.7242248058319092,0.2063978910446167,-0.6179210543632507,0.2259913682937622,15.736212,3.656268,-1.128990,-3.913421
2026-08-05T11:58:05.480825,1785923885.480826,0.726126,0.6974905729293823,0.2652375400066376,-0.656385064125061,0.11097203940153122,0.7240811586380005,0.2062632292509079,-0.6182863116264343,0.22557500004768372,15.711925,3.615415,-3.450240,-5.803699
2026-08-05T11:58:05.490095,1785923885.490095,0.735396,0.6970117092132568,0.265558123588562,-0.6567384004592896,0.11112356185913086,0.7238703370094299,0.20625367760658264,-0.6186991333961487,0.22512860596179962,15.675058,3.541921,-3.977213,-7.928563
2026-08-05T11:58:05.506868,1785923885.506868,0.752169,0.6965523362159729,0.265998899936676,-0.6570031046867371,0.11138405650854111,0.7235645651817322,0.20651009678840637,-0.6190552711486816,0.22489678859710693,15.637712,3.490061,-2.226558,-3.091900
2026-08-05T11:58:05.522435,1785923885.522436,0.767737,0.6960457563400269,0.2664346992969513,-0.6573476195335388,0.11147749423980713,0.723162829875946,0.20691630244255066,-0.6194264888763428,0.22479361295700073,15.621941,3.476158,-1.013100,-0.893055
2026-08-05T11:58:05.540236,1785923885.540237,0.785537,0.6955079436302185,0.26706403493881226,-0.657637894153595,0.11161545664072037,0.7226832509040833,0.20747971534729004,-0.6197719573974609,0.22486425936222076,15.618391,3.469353,-0.199420,-0.382285
2026-08-05T11:58:05.557553,1785923885.557554,0.802463,0.6950110197067261,0.26753953099250793,-0.6579611897468567,0.1116667091846466,0.722153902053833,0.20804151892662048,-0.6201766729354858,0.22492973506450653,15.612075,3.483676,-0.373187,0.846218
2026-08-05T11:58:05.573886,1785923885.573886,0.819187,0.694597065448761,0.26806697249412537,-0.6581563949584961,0.11182713508605957,0.7215732336044312,0.2086883932352066,-0.6205819845199585,0.22507654130458832,15.594287,3.499047,-1.063536,0.919123
2026-08-05T11:58:05.640607,1785923885.640607,0.885544,0.6941779851913452,0.26865601539611816,-0.6583048701286316,0.11214147508144379,0.7210144996643066,0.2093847393989563,-0.6209237575531006,0.22527766227722168,15.568772,3.505113,-0.384516,0.091412
2026-08-05T11:58:05.656716,1785923885.656716,0.900976,0.6937733888626099,0.269258975982666,-0.6584052443504333,0.11260862648487091,0.7204709649085999,0.2101062834262848,-0.6212179064750671,0.2255336493253708,15.533340,3.504439,-2.296066,-0.043669
2026-08-05T11:58:05.673067,1785923885.673067,0.918368,0.6934335827827454,0.26972663402557373,-0.6585096716880798,0.11297149211168289,0.7199548482894897,0.2108597755432129,-0.6214206218719482,0.22591985762119293,15.514188,3.537050,-1.101197,1.874969
2026-08-05T11:58:05.689512,1785923885.689512,0.934813,0.6930539608001709,0.27033206820487976,-0.6585911512374878,0.11337850242853165,0.7195266485214233,0.21158373355865479,-0.6215193271636963,0.22633519768714905,15.507432,3.551971,-0.410788,0.907373
2026-08-05T11:58:05.691946,1785923885.691946,0.937247,0.6927228569984436,0.27093324065208435,-0.6585927605628967,0.11395540833473206,0.7186885476112366,0.21322549879550934,-0.6214953660964966,0.227520152926445,15.503977,3.700611,-1.419822,61.073507
2026-08-05T11:58:05.706009,1785923885.706009,0.951310,0.6924735903739929,0.2717132270336151,-0.6583821773529053,0.11482700705528259,0.7182507514953613,0.2142617255449295,-0.6213254928588867,0.22839143872261047,15.485975,3.726679,-1.280048,1.853692
2026-08-05T11:58:05.722686,1785923885.722687,0.967988,0.6922323107719421,0.27269959449768066,-0.6580330729484558,0.11594027280807495,0.7178680300712585,0.21529915928840637,-0.621003270149231,0.22949233651161194,15.478345,3.732734,-0.457506,0.363088
2026-08-05T11:58:05.740709,1785923885.740709,0.984759,0.6920549273490906,0.27366337180137634,-0.657604455947876,0.11715307831764221,0.717547595500946,0.21615822613239288,-0.6206442713737488,0.23065505921840668,15.473323,3.722004,-0.299469,-0.639772
2026-08-05T11:58:05.774074,1785923885.774075,1.019375,0.6917892098426819,0.2746289372444153,-0.6572679877281189,0.1183454766869545,0.7173597812652588,0.21666139364242554,-0.6202752590179443,0.23175713419914246,15.490033,3.675839,0.482726,-1.333627
2026-08-05T11:58:05.779733,1785923885.779733,1.023815,0.6915762424468994,0.27549266815185547,-0.656896710395813,0.11963710933923721,0.7172796726226807,0.21684367954730988,-0.6199443936347961,0.2327186018228531,15.493650,3.591094,0.814625,-19.086420
2026-08-05T11:58:05.808033,1785923885.808034,1.053334,0.6913131475448608,0.27618369460105896,-0.6566318869590759,0.12100981175899506,0.7173026204109192,0.21674838662147522,-0.6196563243865967,0.23350150883197784,15.483582,3.476832,-0.341081,-3.870778
2026-08-05T11:58:05.822996,1785923885.822996,1.068297,0.691155731678009,0.27663204073905945,-0.6563399434089661,0.12246004492044449,0.7174984812736511,0.21635757386684418,-0.6193695068359375,0.234023317694664,15.445486,3.330031,-2.546025,-9.811164
2026-08-05T11:58:05.839883,1785923885.839883,1.085184,0.6908383965492249,0.2768249809741974,-0.6563213467597961,0.1239057406783104,0.7177766561508179,0.2156834453344345,-0.619159996509552,0.23434694111347198,15.403668,3.166811,-2.476379,-9.665443
2026-08-05T11:58:05.856894,1785923885.856894,1.102195,0.690532922744751,0.27652907371520996,-0.6565402746200562,0.1251039206981659,0.7180505394935608,0.21460819244384766,-0.6192065477371216,0.23437176644802094,15.353353,3.010431,-2.957773,-9.192961
2026-08-05T11:58:05.873563,1785923885.873564,1.118865,0.6899642944335938,0.2745272219181061,-0.6578559875488281,0.12573683261871338,0.718264639377594,0.21326471865177155,-0.6194614171981812,0.23426854610443115,15.302914,3.027143,-3.025779,1.002543
2026-08-05T11:58:05.890855,1785923885.890855,1.136156,0.6897567510604858,0.27334341406822205,-0.6586370468139648,0.12536531686782837,0.7182937264442444,0.21180391311645508,-0.6199783682823181,0.23413720726966858,15.354469,3.033367,2.981547,0.359937
2026-08-05T11:58:05.894289,1785923885.894290,1.139591,0.689262330532074,0.2727581858634949,-0.6594301462173462,0.12518981099128723,0.7181010246276855,0.21044676005840302,-0.620671272277832,0.234115868806839,15.420477,2.990438,19.218314,-12.498739
2026-08-05T11:58:05.928338,1785923885.928339,1.173640,0.6885706782341003,0.27270403504371643,-0.6601526141166687,0.12530691921710968,0.7172000408172607,0.2084968090057373,-0.6222878694534302,0.23433130979537964,15.497474,2.855775,2.261351,-3.955001
2026-08-05T11:58:05.932235,1785923885.932236,1.176785,0.6875609755516052,0.27319538593292236,-0.6609195470809937,0.12573660910129547,0.716526210308075,0.208096444606781,-0.6232097148895264,0.2342989146709442,15.506989,2.754201,3.024689,-32.287216
2026-08-05T11:58:05.940193,1785923885.940194,1.185495,0.6864327788352966,0.2739070951938629,-0.661686360836029,0.1263178437948227,0.7157515287399292,0.2079441249370575,-0.6242542266845703,0.2340206652879715,15.476001,2.622833,-3.558150,-15.083885
2026-08-05T11:58:05.956973,1785923885.956973,1.202274,0.6853019595146179,0.2746184170246124,-0.662493109703064,0.12668530642986298,0.7149036526679993,0.20776574313640594,-0.6254971623420715,0.23345181345939636,15.434053,2.483011,-2.499926,-8.332955
2026-08-05T11:58:05.973726,1785923885.973726,1.219027,0.6841500997543335,0.2753235697746277,-0.6633822917938232,0.12672686576843262,0.713882327079773,0.20769532024860382,-0.6268852353096008,0.23291562497615814,15.413708,2.383499,-1.214442,-5.939959
2026-08-05T11:58:05.990535,1785923885.990536,1.235837,0.6829811334609985,0.2762816846370697,-0.6641826033592224,0.12675493955612183,0.71275794506073,0.20779259502887726,-0.628255307674408,0.23258021473884583,15.414350,2.293652,0.038179,-5.345000
2026-08-05T11:58:06.007280,1785923886.007281,1.252582,0.6818544268608093,0.27718454599380493,-0.6650290489196777,0.12641072273254395,0.7115562558174133,0.2084812968969345,-0.6293717622756958,0.2326250970363617,15.451942,2.319980,2.244969,1.572284
2026-08-05T11:58:06.024258,1785923886.024258,1.269559,0.6809176206588745,0.27792564034461975,-0.6657469272613525,0.12605419754981995,0.710269033908844,0.20958828926086426,-0.6303946375846863,0.23279471695423126,15.460272,2.408346,0.490635,5.204838
2026-08-05T11:58:06.040412,1785923886.040412,1.285713,0.6799284219741821,0.278809517621994,-0.666422963142395,0.1258692592382431,0.7091487646102905,0.21081964671611786,-0.6311914920806885,0.23293860256671906,15.463139,2.475860,0.177497,4.179485
2026-08-05T11:58:06.055851,1785923886.055851,1.301152,0.679064929485321,0.27962884306907654,-0.6669715642929077,0.12580779194831848,0.7081742882728577,0.211958646774292,-0.6318957805633545,0.2329605519771576,15.444849,2.519209,-1.184644,2.807745
2026-08-05T11:58:06.072532,1785923886.072532,1.317833,0.6782605051994324,0.2803814113140106,-0.6674807667732239,0.12577232718467712,0.7073820233345032,0.2127789705991745,-0.6325675845146179,0.23279638588428497,15.424624,2.521696,-1.212476,0.149076
2026-08-05T11:58:06.079736,1785923886.079736,1.325037,0.677573561668396,0.28096991777420044,-0.6679759621620178,0.12553250789642334,0.7067558765411377,0.2133602350950241,-0.633168637752533,0.23253180086612701,15.421141,2.524240,-0.483434,0.353229
2026-08-05T11:58:06.092744,1785923886.092744,1.336031,0.6771778464317322,0.2809424102306366,-0.668553352355957,0.12465190142393112,0.7063169479370117,0.2137497216463089,-0.633662223815918,0.23216302692890167,15.445422,2.605896,2.208546,7.427122
2026-08-05T11:58:06.107757,1785923886.107758,1.353059,0.6768513321876526,0.28093448281288147,-0.6690021753311157,0.12403316795825958,0.706068217754364,0.2139918953180313,-0.6340178847312927,0.23172499239444733,15.452409,2.643910,0.410325,2.232554
2026-08-05T11:58:06.141214,1785923886.141214,1.386161,0.6766357421875,0.2809634506702423,-0.6692765355110168,0.12366432696580887,0.7059312462806702,0.21419692039489746,-0.6342670321464539,0.23127096891403198,15.437264,2.652342,-0.457528,0.254738
2026-08-05T11:58:06.157640,1785923886.157640,1.402638,0.676542341709137,0.2809743285179138,-0.6694110035896301,0.12342146039009094,0.7059260010719299,0.21435078978538513,-0.6343815326690674,0.23083004355430603,15.413746,2.646922,-1.427253,-0.328952
2026-08-05T11:58:06.174110,1785923886.174111,1.419412,0.6765188574790955,0.2809751033782959,-0.6694573760032654,0.12329771369695663,0.7060429453849792,0.21448101103305817,-0.6343319416046143,0.23048706352710724,15.392680,2.637075,-1.255927,-0.587040
2026-08-05T11:58:06.190779,1785923886.190780,1.436081,0.6765581965446472,0.28108423948287964,-0.6693727970123291,0.12329202145338058,0.7062278985977173,0.21455974876880646,-0.6341694593429565,0.230294331908226,15.383299,2.614834,-0.562779,-1.334286
2026-08-05T11:58:06.207390,1785923886.207390,1.452691,0.6767548322677612,0.2809584438800812,-0.6692467331886292,0.12318270653486252,0.7064822912216187,0.21453043818473816,-0.633945643901825,0.23015758395195007,15.379714,2.616680,-0.215816,0.111134
2026-08-05T11:58:06.224420,1785923886.224420,1.469721,0.676893949508667,0.28087955713272095,-0.6691400408744812,0.12317830324172974,0.7068377137184143,0.2143709659576416,-0.6336571574211121,0.23000939190387726,15.382173,2.592695,0.144405,-1.408373
2026-08-05T11:58:06.229487,1785923886.229487,1.474788,0.6772074103355408,0.28054869174957275,-0.6689834594726562,0.12306010723114014,0.7072505354881287,0.21403303742408752,-0.6334085464477539,0.22973939776420593,15.374049,2.574786,-1.603228,-3.534369
2026-08-05T11:58:06.256742,1785923886.256742,1.502043,0.6774776577949524,0.2802794277667999,-0.6688216924667358,0.1230657622218132,0.7076950073242188,0.2136564999818802,-0.6331394910812378,0.2294624000787735,15.362137,2.537272,-0.437078,-1.376443
2026-08-05T11:58:06.274760,1785923886.274760,1.520061,0.6777838468551636,0.279940128326416,-0.6686345338821411,0.12316865473985672,0.7081539630889893,0.21327011287212372,-0.6328420639038086,0.22922666370868683,15.341319,2.500931,-1.155351,-2.016844
2026-08-05T11:58:06.290705,1785923886.290705,1.536006,0.6780149340629578,0.2796390950679779,-0.668509304523468,0.12326014786958694,0.7086126208305359,0.21286660432815552,-0.6325428485870361,0.2290101796388626,15.330499,2.462319,-0.678584,-2.421612
2026-08-05T11:58:06.307327,1785923886.307328,1.552629,0.6782922744750977,0.2793453335762024,-0.6683363318443298,0.1233384907245636,0.7090213894844055,0.21240757405757904,-0.6323100328445435,0.22881373763084412,15.320370,2.421830,-0.609398,-2.435820
2026-08-05T11:58:06.324190,1785923886.324190,1.568470,0.6784178018569946,0.27915945649147034,-0.6682687401771545,0.12343519926071167,0.7093784213066101,0.2119120955467224,-0.6321538686752319,0.22859784960746765,15.318810,2.366470,-0.098483,-3.494670
2026-08-05T11:58:06.357760,1785923886.357760,1.603061,0.678600549697876,0.27901187539100647,-0.6681369543075562,0.12347806245088577,0.7096425890922546,0.21156059205532074,-0.6320189237594604,0.22847694158554077,15.318089,2.332932,-0.020828,-0.969533
2026-08-05T11:58:06.374034,1785923886.374034,1.619335,0.6786772608757019,0.27899396419525146,-0.6680300831794739,0.12367593497037888,0.7098274827003479,0.21137312054634094,-0.6318845748901367,0.22844786942005157,15.311212,2.297991,-0.422562,-2.147092
2026-08-05T11:58:06.390043,1785923886.390043,1.635344,0.6786717176437378,0.279045432806015,-0.6679655313491821,0.12393757700920105,0.7099528312683105,0.21140256524085999,-0.6316959261894226,0.22855257987976074,15.305741,2.281860,-0.341769,-1.007669
2026-08-05T11:58:06.407337,1785923886.407337,1.652638,0.6786165237426758,0.2792283594608307,-0.6678680777549744,0.1243533045053482,0.7099751234054565,0.21150319278240204,-0.6315866112709045,0.22869271039962769,15.288205,2.252089,-1.013992,-1.721394
2026-08-05T11:58:06.424342,1785923886.424342,1.668947,0.6785202622413635,0.27937862277030945,-0.6678400039672852,0.12469134479761124,0.7099490761756897,0.21161362528800964,-0.6315187215805054,0.22885838150978088,15.278190,2.235230,-0.614058,-1.033777
2026-08-05T11:58:06.440761,1785923886.440761,1.686062,0.6783847212791443,0.2796497046947479,-0.667801022529602,0.12502862513065338,0.709875226020813,0.21161216497421265,-0.6315548419952393,0.2289891541004181,15.274942,2.195859,-0.189767,-2.300310
2026-08-05T11:58:06.457196,1785923886.457196,1.702497,0.6781514883041382,0.2799084782600403,-0.667900562286377,0.12518353760242462,0.7097049951553345,0.2116859406232834,-0.6316505670547485,0.22918473184108734,15.291277,2.185294,0.993904,-0.642821
2026-08-05T11:58:06.474552,1785923886.474552,1.719316,0.6780121326446533,0.28013432025909424,-0.6679017543792725,0.12542632222175598,0.7094454169273376,0.21198970079421997,-0.6317007541656494,0.22956925630569458,15.294616,2.206839,0.198518,1.280945
2026-08-05T11:58:06.491370,1785923886.491370,1.736671,0.6776606440544128,0.280714213848114,-0.6679249405860901,0.12590494751930237,0.7091286778450012,0.21249225735664368,-0.6316837668418884,0.23012898862361908,15.308622,2.209480,0.807028,0.152173
2026-08-05T11:58:06.510622,1785923886.510623,1.752434,0.6773862242698669,0.2813187837600708,-0.6678465008735657,0.12644711136817932,0.7087781429290771,0.21301616728305817,-0.6316953897476196,0.23069193959236145,15.310360,2.207224,0.110272,-0.143131
2026-08-05T11:58:06.523089,1785923886.523089,1.768390,0.6769667863845825,0.2819831073284149,-0.6678915023803711,0.1269749402999878,0.7084099054336548,0.21348020434379578,-0.6317744851112366,0.2311772257089615,15.318652,2.189769,0.519704,-1.093941
2026-08-05T11:58:06.528337,1785923886.528338,1.773638,0.6767293214797974,0.28229954838752747,-0.6679362654685974,0.12730135023593903,0.7080804109573364,0.21387925744056702,-0.6318693161010742,0.23155756294727325,15.314586,2.205282,-0.774863,2.955766
2026-08-05T11:58:06.539333,1785923886.539333,1.784634,0.6763707399368286,0.2826760709285736,-0.668073832988739,0.12764953076839447,0.7077791690826416,0.2141818106174469,-0.6319879293441772,0.23187538981437683,15.318353,2.200152,0.342649,-0.466580
2026-08-05T11:58:06.556460,1785923886.556461,1.801762,0.676161527633667,0.28282228112220764,-0.6681889295578003,0.12783148884773254,0.7074582576751709,0.2144823968410492,-0.6321060657501221,0.23225483298301697,15.323879,2.234359,0.322628,1.997213
2026-08-05T11:58:06.561601,1785923886.561601,1.806902,0.6758906841278076,0.28318214416503906,-0.6682509183883667,0.128142848610878,0.7071552872657776,0.2147233486175537,-0.6322066783905029,0.23268014192581177,15.339034,2.237275,2.948453,0.567211
2026-08-05T11:58:06.589860,1785923886.589860,1.835161,0.6757304072380066,0.283542275428772,-0.6681978106498718,0.12846781313419342,0.7068791389465332,0.21495665609836578,-0.6322807669639587,0.2331027090549469,15.348223,2.237519,0.325160,0.008650
2026-08-05T11:58:06.606360,1785923886.606361,1.851662,0.6755176186561584,0.2837880849838257,-0.6682831645011902,0.1285998821258545,0.706628143787384,0.21520115435123444,-0.632341206073761,0.23347340524196625,15.369485,2.259912,1.288530,1.357057
2026-08-05T11:58:06.625359,1785923886.625359,1.870660,0.6753084659576416,0.28404849767684937,-0.6683108806610107,0.12897907197475433,0.7064968347549438,0.21536099910736084,-0.6323474645614624,0.23370665311813354,15.365031,2.241173,-0.234442,-0.986328
2026-08-05T11:58:06.640040,1785923886.640041,1.884143,0.6751168966293335,0.2842676043510437,-0.6683375835418701,0.12935978174209595,0.7064183950424194,0.21545866131782532,-0.632357120513916,0.23382742702960968,15.352433,2.210759,-0.934308,-2.255704
2026-08-05T11:58:06.644296,1785923886.644296,1.889597,0.6749814748764038,0.28438884019851685,-0.6683686971664429,0.12963981926441193,0.7063887715339661,0.21545198559761047,-0.6323827505111694,0.2338533103466034,15.340251,2.179897,-2.233761,-5.658984
2026-08-05T11:58:06.660377,1785923886.660377,1.905678,0.6749086380004883,0.28436675667762756,-0.6684231758117676,0.12978564202785492,0.7063865661621094,0.21542797982692719,-0.6323795318603516,0.23389117419719696,15.334400,2.171858,-0.363834,-0.499865
2026-08-05T11:58:06.677070,1785923886.677070,1.922371,0.6748343706130981,0.2843936085700989,-0.6684576869010925,0.12993551790714264,0.7063774466514587,0.21546415984630585,-0.6323193311691284,0.23404815793037415,15.339181,2.173962,0.286416,0.126013
2026-08-05T11:58:06.693590,1785923886.693590,1.938891,0.674777090549469,0.2844093441963196,-0.668489933013916,0.13003283739089966,0.7063959240913391,0.2153979390859604,-0.6323012709617615,0.23410160839557648,15.343730,2.163651,0.275366,-0.624144
2026-08-05T11:58:06.710004,1785923886.710005,1.955305,0.6747739315032959,0.2843800187110901,-0.6684908866882324,0.13010822236537933,0.7064175009727478,0.2153194099664688,-0.6323106288909912,0.2340838611125946,15.338739,2.152124,-0.304040,-0.702225
2026-08-05T11:58:06.725166,1785923886.725166,1.970467,0.6747437119483948,0.2843398451805115,-0.6685351729393005,0.1301255226135254,0.7064526677131653,0.21521900594234467,-0.6323288679122925,0.23402109742164612,15.337754,2.140473,-0.064973,-0.768481
2026-08-05T11:58:06.743901,1785923886.743901,1.989202,0.6747298240661621,0.2843494117259979,-0.668533980846405,0.1301829069852829,0.7064598798751831,0.2152036726474762,-0.6323385834693909,0.2339867353439331,15.331286,2.130870,-0.345258,-0.512583
2026-08-05T11:58:06.751253,1785923886.751254,1.996554,0.6746923923492432,0.2843431234359741,-0.6685659885406494,0.13022653758525848,0.7064333558082581,0.2152893841266632,-0.6323177218437195,0.2340443879365921,15.329017,2.140448,-0.308573,1.302764
2026-08-05T11:58:06.758926,1785923886.758926,2.004227,0.6746389269828796,0.2844662368297577,-0.6685319542884827,0.13040859997272491,0.7063189148902893,0.21544773876667023,-0.6323277354240417,0.2342170923948288,15.323059,2.144129,-0.776541,0.479686
2026-08-05T11:58:06.775995,1785923886.775996,2.020418,0.6744824051856995,0.2847827970981598,-0.6685037612915039,0.13067243993282318,0.7062200307846069,0.21563881635665894,-0.6323161125183105,0.23437094688415527,15.321756,2.124552,-0.080502,-1.209072
2026-08-05T11:58:06.792941,1785923886.792942,2.037246,0.6742584705352783,0.285020649433136,-0.6685954928398132,0.13083912432193756,0.7061179280281067,0.21572919189929962,-0.6323888897895813,0.2343989759683609,15.322100,2.101331,0.020470,-1.379871
2026-08-05T11:58:06.811660,1785923886.811661,2.055963,0.6740281581878662,0.2851899266242981,-0.6687284111976624,0.13097822666168213,0.706011950969696,0.21566353738307953,-0.6325827836990356,0.23425482213497162,15.312449,2.059483,-0.515622,-2.235846
2026-08-05T11:58:06.839753,1785923886.839754,2.085054,0.6738609671592712,0.2851392924785614,-0.6689316630363464,0.13091038167476654,0.7058647871017456,0.21559090912342072,-0.6328227519989014,0.23411715030670166,15.306974,2.054816,-0.188226,-0.160433
2026-08-05T11:58:06.858820,1785923886.858821,2.104121,0.6736242175102234,0.28516557812690735,-0.6691575050354004,0.1309177130460739,0.7056511640548706,0.2156030833721161,-0.633057713508606,0.23411548137664795,15.307371,2.056652,0.020838,0.096291
2026-08-05T11:58:06.874776,1785923886.874777,2.120077,0.6733676195144653,0.28526031970977783,-0.6693658828735352,0.13096575438976288,0.7054142355918884,0.21564273536205292,-0.6332668662071228,0.2342267781496048,15.316804,2.061020,0.591203,0.273728
2026-08-05T11:58:06.909059,1785923886.909060,2.154361,0.6730640530586243,0.28545501828193665,-0.6695660948753357,0.13107961416244507,0.705147922039032,0.21561427414417267,-0.6335245966911316,0.2343580722808838,15.330968,2.047527,0.413133,-0.393560
2026-08-05T11:58:06.922515,1785923886.922515,2.167816,0.672702968120575,0.2855958938598633,-0.6698721647262573,0.13106168806552887,0.7048590183258057,0.2154408097267151,-0.6338918209075928,0.2343938946723938,15.354722,2.029966,1.765427,-1.305134
2026-08-05T11:58:06.940159,1785923886.940159,2.185460,0.6724618077278137,0.2855798006057739,-0.6701515316963196,0.13090670108795166,0.7045803666114807,0.21531561017036438,-0.634246289730072,0.23438744246959686,15.371110,2.037840,0.928809,0.446237
2026-08-05T11:58:06.956756,1785923886.956757,2.202058,0.6721324324607849,0.2855122685432434,-0.6705361604690552,0.13077643513679504,0.7043107151985168,0.215299591422081,-0.6345682740211487,0.23434120416641235,15.379035,2.054336,0.477451,0.993881
2026-08-05T11:58:06.973700,1785923886.973700,2.219001,0.6717495322227478,0.2855321168899536,-0.6708805561065674,0.13093307614326477,0.7040653824806213,0.21523283421993256,-0.6349150538444519,0.23420050740242004,15.361628,2.027742,-1.027343,-1.569564
2026-08-05T11:58:06.978983,1785923886.978983,2.224284,0.6713254451751709,0.2855868339538574,-0.6712766289710999,0.13095882534980774,0.7037956118583679,0.21513716876506805,-0.6353065371513367,0.23403748869895935,15.358431,2.004470,-0.605203,-4.405321
2026-08-05T11:58:06.993794,1785923886.993794,2.239095,0.6710293889045715,0.28552642464637756,-0.6716291904449463,0.13080087304115295,0.703486979007721,0.21503205597400665,-0.6357333064079285,0.23390261828899384,15.360536,2.008274,0.142143,0.256858
2026-08-05T11:58:07.007407,1785923887.007408,2.252709,0.6706190705299377,0.2856055498123169,-0.6720486283302307,0.13057614862918854,0.703132688999176,0.21512474119663239,-0.6360791325569153,0.23394303023815155,15.386992,2.036360,1.943314,2.063034
2026-08-05T11:58:07.024472,1785923887.024473,2.269773,0.6703863739967346,0.28567102551460266,-0.6722697019577026,0.13049063086509705,0.7027750611305237,0.21534186601638794,-0.6363680958747864,0.23403163254261017,15.387713,2.068682,0.042259,1.894061
2026-08-05T11:58:07.060744,1785923887.060745,2.305030,0.6699928045272827,0.2859560549259186,-0.6725165247917175,0.1306154429912567,0.7024825811386108,0.21555368602275848,-0.6366178393363953,0.23403574526309967,15.384149,2.055839,-0.101110,-0.364268
2026-08-05T11:58:07.076286,1785923887.076286,2.321587,0.669734001159668,0.28597545623779297,-0.6727706789970398,0.1305927336215973,0.7022714614868164,0.2156534343957901,-0.6368934512138367,0.23382732272148132,15.363534,2.050644,-1.245068,-0.313770
2026-08-05T11:58:07.090985,1785923887.091988,2.336286,0.6693916916847229,0.2860763370990753,-0.6730462908744812,0.130704864859581,0.7021130323410034,0.21559734642505646,-0.6372069120407104,0.23350045084953308,15.338199,2.003789,-1.723514,-3.187553
2026-08-05T11:58:07.110929,1785923887.110929,2.355235,0.6690673232078552,0.28602293133735657,-0.6733927130699158,0.1306987851858139,0.7019206285476685,0.21549078822135925,-0.6375560164451599,0.2332243025302887,15.321233,1.981149,-0.895411,-1.194822
2026-08-05T11:58:07.125939,1785923887.125939,2.371240,0.6688228845596313,0.28601646423339844,-0.6736434102058411,0.13067269325256348,0.7016599774360657,0.2155541181564331,-0.6378464698791504,0.233156219124794,15.311617,1.988069,-0.600795,0.432318
2026-08-05T11:58:07.143169,1785923887.143169,2.388470,0.6685392260551453,0.28634706139564514,-0.6737500429153442,0.13085006177425385,0.7013741731643677,0.21582233905792236,-0.6379963159561157,0.23335778713226318,15.316142,1.987614,0.262634,-0.026400
2026-08-05T11:58:07.146532,1785923887.146532,2.391833,0.6683107614517212,0.28671321272850037,-0.6737964153289795,0.13097743690013885,0.7011077404022217,0.2161557674407959,-0.6380886435508728,0.23359747231006622,15.325545,1.995966,2.795763,2.483405
2026-08-05T11:58:07.159036,1785923887.159037,2.404338,0.6680428385734558,0.2870975732803345,-0.6738452315330505,0.1312498152256012,0.7009334564208984,0.21629559993743896,-0.6382203698158264,0.23363077640533447,15.319441,1.956515,-0.488144,-3.154875
2026-08-05T11:58:07.176456,1785923887.176457,2.420737,0.6676733493804932,0.28753936290740967,-0.6739426851272583,0.13166217505931854,0.7008702754974365,0.21622301638126373,-0.6384077668190002,0.23337532579898834,15.298211,1.857393,-1.294527,-6.044327
2026-08-05T11:58:07.209190,1785923887.209190,2.454491,0.6674813628196716,0.2876055836677551,-0.6740579605102539,0.1318998485803604,0.70086270570755,0.21601995825767517,-0.6386400461196899,0.23295018076896667,15.258586,1.780636,-1.173934,-2.273985
2026-08-05T11:58:07.225499,1785923887.225500,2.470800,0.6672939658164978,0.28753000497817993,-0.674266517162323,0.13194796442985535,0.7008564472198486,0.21587859094142914,-0.638783872127533,0.23270545899868011,15.244355,1.752152,-0.872571,-1.746505
2026-08-05T11:58:07.243426,1785923887.243427,2.488727,0.6670869588851929,0.2875773012638092,-0.6744316816329956,0.13204701244831085,0.7007718682289124,0.21580232679843903,-0.6388900876045227,0.2327393740415573,15.251706,1.738253,0.410047,-0.775301
2026-08-05T11:58:07.259500,1785923887.259500,2.503803,0.6669161319732666,0.2875491678714752,-0.6746257543563843,0.13197945058345795,0.7006426453590393,0.215715691447258,-0.6390178203582764,0.2328580915927887,15.274777,1.751454,1.530364,0.875628
2026-08-05T11:58:07.276007,1785923887.276007,2.521308,0.6666887998580933,0.2875191867351532,-0.6748574376106262,0.13200925290584564,0.7005290389060974,0.21546043455600739,-0.6392475962638855,0.2328059822320938,15.284996,1.728802,0.583806,-1.294006
2026-08-05T11:58:07.291011,1785923887.291011,2.536312,0.6664765477180481,0.2873019576072693,-0.6751729249954224,0.13194018602371216,0.7004515528678894,0.2150988131761551,-0.6395304203033447,0.2325969636440277,15.286764,1.708791,0.117810,-1.333704
2026-08-05T11:58:07.294093,1785923887.294094,2.539395,0.666203498840332,0.28702685236930847,-0.6755803227424622,0.13183291256427765,0.7003189325332642,0.21471664309501648,-0.6398845314979553,0.2323746234178543,15.289213,1.695376,0.794544,-4.351735
2026-08-05T11:58:07.308633,1785923887.308634,2.553934,0.6658657193183899,0.28690555691719055,-0.6759482622146606,0.1319180130958557,0.7000899910926819,0.21437133848667145,-0.6402776837348938,0.23230093717575073,15.291874,1.669667,0.182962,-1.768198
2026-08-05T11:58:07.323853,1785923887.323853,2.569154,0.6655562520027161,0.2868388593196869,-0.676267147064209,0.13198944926261902,0.6997244954109192,0.21417219936847687,-0.6406792402267456,0.23247866332530975,15.305157,1.675262,0.872796,0.367664
2026-08-05T11:58:07.327621,1785923887.327622,2.572922,0.6652623414993286,0.28664812445640564,-0.6766642332077026,0.13185054063796997,0.6992530226707458,0.2140560746192932,-0.6410894989967346,0.2328723669052124,15.341021,1.735680,9.516884,16.032513
2026-08-05T11:58:07.343177,1785923887.343178,2.588479,0.664889931678772,0.286567360162735,-0.6770913004875183,0.13171245157718658,0.6987928152084351,0.21393421292304993,-0.6414849162101746,0.2332768440246582,15.389098,1.786341,3.090559,3.256697
2026-08-05T11:58:07.390880,1785923887.390880,2.636181,0.664505660533905,0.28615063428878784,-0.6777155995368958,0.13134625554084778,0.6983414888381958,0.21373248100280762,-0.6420011520385742,0.23339290916919708,15.419099,1.855248,0.628907,1.444501
2026-08-05T11:58:07.410292,1785923887.410292,2.655079,0.6640104055404663,0.28585708141326904,-0.6783114075660706,0.13141417503356934,0.6979777216911316,0.2133622020483017,-0.6425524353981018,0.2333027571439743,15.415246,1.845889,-0.203866,-0.495223
2026-08-05T11:58:07.425498,1785923887.425499,2.670799,0.6635017991065979,0.28565713763237,-0.6788543462753296,0.13161447644233704,0.6976178884506226,0.2129785269498825,-0.6431044340133667,0.23320843279361725,15.405076,1.815872,-0.646897,-1.909412
2026-08-05T11:58:07.428849,1785923887.428850,2.674151,0.6631885170936584,0.28517547249794006,-0.6794359087944031,0.13123609125614166,0.6971771121025085,0.21266379952430725,-0.643660306930542,0.23328013718128204,15.430949,1.878472,7.720358,18.679917
2026-08-05T11:58:07.442935,1785923887.442935,2.688236,0.6629277467727661,0.28479447960853577,-0.6799628734588623,0.13065055012702942,0.6966357827186584,0.2126687467098236,-0.6441029906272888,0.23367062211036682,15.486913,2.002893,3.973324,8.833541
2026-08-05T11:58:07.447165,1785923887.447166,2.692466,0.6626855134963989,0.28487008810043335,-0.680244505405426,0.13024845719337463,0.696068286895752,0.21306316554546356,-0.6443529725074768,0.23431245982646942,15.550883,2.124177,15.120270,28.667357
2026-08-05T11:58:07.458769,1785923887.458769,2.704070,0.6624563336372375,0.28531238436698914,-0.6802979111671448,0.13016670942306519,0.6955621838569641,0.21374696493148804,-0.6444548964500427,0.23491160571575165,15.587118,2.205226,3.122812,6.984932
2026-08-05T11:58:07.474914,1785923887.474915,2.719239,0.6621986627578735,0.2858293354511261,-0.6802950501441956,0.13035912811756134,0.6952253580093384,0.2144913226366043,-0.6444621086120605,0.2352108210325241,15.580325,2.234398,-0.447816,1.923105
2026-08-05T11:58:07.492462,1785923887.492462,2.737763,0.6619998812675476,0.28639957308769226,-0.6801942586898804,0.13064226508140564,0.6950685977935791,0.21506892144680023,-0.6444594264030457,0.23515337705612183,15.547915,2.204633,-1.749663,-1.606838
2026-08-05T11:58:07.508626,1785923887.508626,2.753927,0.6620553135871887,0.286674827337265,-0.6800346970558167,0.13058839738368988,0.6950093507766724,0.21557070314884186,-0.6444302797317505,0.23494894802570343,15.513741,2.208217,-2.114129,0.221700
2026-08-05T11:58:07.525015,1785923887.525015,2.770316,0.6622188687324524,0.28683388233184814,-0.6798623204231262,0.13030678033828735,0.6950294971466064,0.21611939370632172,-0.6442579627037048,0.23485800623893738,15.503185,2.252569,-0.644115,2.706252
2026-08-05T11:58:07.543583,1785923887.543584,2.788884,0.662375271320343,0.28713738918304443,-0.6796331405639648,0.1300387978553772,0.6951051950454712,0.21672412753105164,-0.6439477801322937,0.23492716252803802,15.515323,2.299750,0.653689,2.540941
2026-08-05T11:58:07.560440,1785923887.560441,2.804185,0.6626690030097961,0.28739306330680847,-0.6792827248573303,0.1298082023859024,0.6952672004699707,0.21726420521736145,-0.6435916423797607,0.23492541909217834,15.515276,2.335411,-0.003050,2.330733
2026-08-05T11:58:07.595561,1785923887.595561,2.839650,0.6630939245223999,0.2875407636165619,-0.6788508296012878,0.12957075238227844,0.6955479979515076,0.2177012413740158,-0.643196165561676,0.23477241396903992,15.500536,2.358192,-0.415643,0.642339
2026-08-05T11:58:07.640126,1785923887.640126,2.885427,0.6635985374450684,0.2874186038970947,-0.6784601211547852,0.12930433452129364,0.6959632039070129,0.21802982687950134,-0.6427387595176697,0.23448969423770905,15.471949,2.385912,-0.624466,0.605543
2026-08-05T11:58:07.656439,1785923887.656440,2.901740,0.6640816330909729,0.2873196303844452,-0.6780582070350647,0.1291513442993164,0.6964944005012512,0.21818450093269348,-0.6422529816627502,0.23409926891326904,15.439604,2.377313,-1.982745,-0.527074
2026-08-05T11:58:07.672994,1785923887.672994,2.918295,0.6644795536994934,0.2871965765953064,-0.6777481436729431,0.12900683283805847,0.6970884203910828,0.21806082129478455,-0.641826331615448,0.2336161732673645,15.418366,2.338831,-1.282840,-2.324523
2026-08-05T11:58:07.693362,1785923887.693363,2.938664,0.6650546789169312,0.28686174750328064,-0.6773847341537476,0.12869592010974884,0.6976954936981201,0.21776723861694336,-0.6414536237716675,0.23310072720050812,15.398836,2.315994,-0.958848,-1.121196
2026-08-05T11:58:07.708217,1785923887.708217,2.953518,0.6655979752540588,0.2864307165145874,-0.6771256327629089,0.12820972502231598,0.698283851146698,0.2174968719482422,-0.6410516500473022,0.23269706964492798,15.402383,2.327591,0.238808,0.780695
2026-08-05T11:58:07.725784,1785923887.725784,2.970115,0.6661129593849182,0.28604617714881897,-0.6768285036087036,0.12796325981616974,0.6988322734832764,0.2173164337873459,-0.6406254172325134,0.23239272832870483,15.390120,2.332281,-0.738918,0.282591
2026-08-05T11:58:07.742548,1785923887.742548,2.987849,0.6665542721748352,0.28570643067359924,-0.6765871644020081,0.12769964337348938,0.6993266344070435,0.2171543687582016,-0.6402400135993958,0.23211818933486938,15.384666,2.339239,-0.307517,0.392362
2026-08-05T11:58:07.757717,1785923887.757718,3.003018,0.6669092178344727,0.2855987846851349,-0.6762976050376892,0.12762096524238586,0.6997151374816895,0.21697083115577698,-0.6399904489517212,0.2318074256181717,15.368088,2.307274,-1.092883,-2.107173
2026-08-05T11:58:07.773858,1785923887.773859,3.019160,0.6672296524047852,0.2855288088321686,-0.676045298576355,0.1274397224187851,0.6999759078025818,0.21700651943683624,-0.6397534012794495,0.23164130747318268,15.361075,2.312254,-0.434445,0.308546
2026-08-05T11:58:07.792110,1785923887.792110,3.037411,0.6674084663391113,0.2857051193714142,-0.675765872001648,0.1275898963212967,0.7001262307167053,0.21731619536876678,-0.6394583582878113,0.2317115217447281,15.345785,2.312607,-0.837731,0.019346
2026-08-05T11:58:07.808230,1785923887.808231,3.053531,0.66754150390625,0.2859751284122467,-0.6754570603370667,0.12792353332042694,0.7001411318778992,0.21779973804950714,-0.6391711235046387,0.23200476169586182,15.325666,2.325071,-1.248079,0.773145
2026-08-05T11:58:07.822192,1785923887.822192,3.067493,0.6676129102706909,0.28635716438293457,-0.6751542687416077,0.1282946616411209,0.7000854015350342,0.21819911897182465,-0.6389614343643188,0.23237518966197968,15.318130,2.325073,-0.539751,0.000149
2026-08-05T11:58:07.843795,1785923887.843795,3.089096,0.6676421165466309,0.2866722047328949,-0.6749520897865295,0.1285029649734497,0.6999710202217102,0.21840901672840118,-0.6388628482818604,0.23279260098934174,15.335800,2.333566,0.817912,0.393154
2026-08-05T11:58:07.859638,1785923887.859639,3.104939,0.6677777171134949,0.28675103187561035,-0.6748136281967163,0.1283489167690277,0.6997652649879456,0.2185431718826294,-0.6388682126998901,0.23327018320560455,15.375374,2.392714,2.497840,3.733279
2026-08-05T11:58:07.875192,1785923887.875193,3.120493,0.6677968502044678,0.2869833707809448,-0.674724280834198,0.12819945812225342,0.6995393633842468,0.21875518560409546,-0.6388425230979919,0.2338186502456665,15.430752,2.450203,3.560384,3.696084
2026-08-05T11:58:07.888436,1785923887.888437,3.133737,0.6678270697593689,0.2872323989868164,-0.6745940446853638,0.12816950678825378,0.6992906928062439,0.21916233003139496,-0.6387678980827332,0.23438476026058197,15.466176,2.514558,2.674767,4.859264
2026-08-05T11:58:07.909665,1785923887.909665,3.154966,0.6678199768066406,0.2877207398414612,-0.674285888671875,0.12873110175132751,0.6991627812385559,0.21962831914424896,-0.638562023639679,0.234889954328537,15.456023,2.507726,-0.478287,-0.321856
2026-08-05T11:58:07.927649,1785923887.927650,3.171949,0.6676875352859497,0.2880925238132477,-0.6741931438446045,0.12907247245311737,0.6991229057312012,0.2198878526687622,-0.6383901834487915,0.23523302376270294,15.467577,2.497293,0.680302,-0.614272
2026-08-05T11:58:07.977889,1785923887.977890,3.223191,0.6678470373153687,0.28818440437316895,-0.6740161180496216,0.12896732985973358,0.6991307139396667,0.219871386885643,-0.6383429169654846,0.2353532761335373,15.486260,2.505465,0.364619,0.159475
2026-08-05T11:58:07.994210,1785923887.994211,3.238796,0.6680214405059814,0.28826192021369934,-0.6738886833190918,0.12855470180511475,0.699147641658783,0.21978922188282013,-0.6383103728294373,0.23546795547008514,15.536246,2.533272,3.203086,1.781847
2026-08-05T11:58:08.009292,1785923888.009292,3.254593,0.6683043837547302,0.2882571220397949,-0.673691987991333,0.12812626361846924,0.6991351246833801,0.21993029117584229,-0.638178825378418,0.2357298582792282,15.580774,2.600903,2.818765,4.281267
2026-08-05T11:58:08.027834,1785923888.027835,3.272116,0.6684733629226685,0.2886522710323334,-0.6733744144439697,0.12802498042583466,0.6991323232650757,0.2202930599451065,-0.6379434466362,0.23603685200214386,15.612891,2.627689,1.832838,1.528584
2026-08-05T11:58:08.044100,1785923888.044100,3.288403,0.6687358021736145,0.2888559401035309,-0.6729914546012878,0.12820833921432495,0.6993024945259094,0.22064509987831116,-0.6376214027404785,0.23607417941093445,15.586822,2.623068,-1.600691,-0.283736
2026-08-05T11:58:08.060944,1785923888.060945,3.306246,0.6689549684524536,0.2886820137500763,-0.672848105430603,0.12820938229560852,0.6996091604232788,0.22075136005878448,-0.6373422145843506,0.23581932485103607,15.553703,2.620924,-1.856089,-0.120136
2026-08-05T11:58:08.071247,1785923888.071248,3.316548,0.6694198846817017,0.28819510340690613,-0.6726524233818054,0.1279039829969406,0.7000440955162048,0.22052963078022003,-0.637119472026825,0.2353377342224121,15.522440,2.623433,-3.034461,0.243495
2026-08-05T11:58:08.073338,1785923888.073338,3.318639,0.6701982021331787,0.2873978614807129,-0.6723788380622864,0.12705756723880768,0.7005121111869812,0.22013135254383087,-0.6369152069091797,0.23487095534801483,15.524158,2.683001,0.821833,28.492006
2026-08-05T11:58:08.089030,1785923888.089030,3.334331,0.6705884337425232,0.2871969938278198,-0.6721007227897644,0.126924529671669,0.7009609937667847,0.21974512934684753,-0.6366913318634033,0.23449929058551788,15.512823,2.640976,-0.722347,-2.678212
2026-08-05T11:58:08.105692,1785923888.105692,3.350993,0.6712877750396729,0.2863912880420685,-0.6718705296516418,0.12626513838768005,0.7013730406761169,0.21949736773967743,-0.6364238858222961,0.23422518372535706,15.510002,2.716048,-0.169315,4.505527
2026-08-05T11:58:08.122384,1785923888.122384,3.367685,0.6716014742851257,0.28600364923477173,-0.6717749834060669,0.1259840875864029,0.701803982257843,0.2192697674036026,-0.6361660361289978,0.2338481992483139,15.500024,2.716057,-0.597789,0.000484
2026-08-05T11:58:08.139230,1785923888.139230,3.384531,0.6717308759689331,0.28591758012771606,-0.6716955900192261,0.1259119212627411,0.7022435665130615,0.21903780102729797,-0.6359708309173584,0.2332761138677597,15.474082,2.655285,-1.539935,-3.607426
2026-08-05T11:58:08.156957,1785923888.156957,3.402258,0.6718900799751282,0.28600454330444336,-0.6714951395988464,0.12593457102775574,0.7026193737983704,0.21880003809928894,-0.6358606219291687,0.23266765475273132,15.437969,2.568568,-2.037171,-4.891818
2026-08-05T11:58:08.172567,1785923888.172567,3.416843,0.6719406247138977,0.28622081875801086,-0.6713593006134033,0.12589778006076813,0.702887773513794,0.218673974275589,-0.6357580423355103,0.232254758477211,15.428179,2.502088,-0.671247,-4.558048
2026-08-05T11:58:08.189267,1785923888.189267,3.434568,0.6720125079154968,0.2865009903907776,-0.6711611747741699,0.12593302130699158,0.7030408382415771,0.2187432199716568,-0.6356125473976135,0.23212450742721558,15.425895,2.465552,-0.128829,-2.061354
2026-08-05T11:58:08.193112,1785923888.193112,3.437605,0.6720597743988037,0.2866612374782562,-0.6710557341575623,0.12587834894657135,0.7030110359191895,0.21925142407417297,-0.6353880763053894,0.23235002160072327,15.432832,2.516155,2.284105,16.663580
2026-08-05T11:58:08.207901,1785923888.207901,3.453202,0.6721285581588745,0.2866957187652588,-0.670994758605957,0.12575766444206238,0.7029287219047546,0.2195006161928177,-0.6353691816329956,0.23241481184959412,15.432107,2.549705,-0.046492,2.151090
2026-08-05T11:58:08.211407,1785923888.211408,3.456149,0.6721822619438171,0.2866717576980591,-0.6709835529327393,0.12558476626873016,0.7028685212135315,0.21953549981117249,-0.6354688405990601,0.23229201138019562,15.426939,2.559129,-1.753285,3.197227
2026-08-05T11:58:08.223953,1785923888.223953,3.469254,0.6721971035003662,0.286548912525177,-0.6710630059242249,0.12536074221134186,0.702815592288971,0.21949827671051025,-0.6356092095375061,0.23210296034812927,15.421601,2.570221,-0.407267,0.846364
2026-08-05T11:58:08.257736,1785923888.257736,3.502036,0.6722347140312195,0.28650084137916565,-0.6710861921310425,0.1251446008682251,0.7027685642242432,0.21943283081054688,-0.6357370615005493,0.23195716738700867,15.423637,2.574901,0.062087,0.142776
2026-08-05T11:58:08.291762,1785923888.291762,3.537063,0.6722116470336914,0.286588191986084,-0.6710774898529053,0.12511540949344635,0.7026852965354919,0.21945226192474365,-0.6358261704444885,0.23194679617881775,15.424729,2.571311,0.031170,-0.102504
2026-08-05T11:58:08.307814,1785923888.307814,3.553115,0.6721555590629578,0.28672513365745544,-0.6710642576217651,0.12517403066158295,0.7025476098060608,0.219669371843338,-0.6358655691146851,0.23204968869686127,15.420472,2.582931,-0.265183,0.723920
2026-08-05T11:58:08.323715,1785923888.323716,3.568022,0.672075092792511,0.28698381781578064,-0.6710049510002136,0.1253313571214676,0.7024000883102417,0.22004525363445282,-0.6358329057693481,0.23223020136356354,15.413340,2.595271,-0.478438,0.827796
2026-08-05T11:58:08.326706,1785923888.326706,3.572007,0.6721030473709106,0.28708237409591675,-0.6709475517272949,0.1252620965242386,0.7022417187690735,0.22045665979385376,-0.6357912421226501,0.2324330359697342,15.415088,2.645080,0.438603,12.499373
2026-08-05T11:58:08.342106,1785923888.342107,3.587408,0.6721200942993164,0.28719860315322876,-0.6709083914756775,0.12511421740055084,0.7020506262779236,0.22085587680339813,-0.6358095407485962,0.23258142173290253,15.419111,2.694503,0.261274,3.209138
2026-08-05T11:58:08.345885,1785923888.345886,3.591187,0.6722128987312317,0.2873365581035614,-0.6707789897918701,0.12499292194843292,0.7018827795982361,0.2211998552083969,-0.6358426213264465,0.23267056047916412,15.415295,2.729831,-1.009854,9.347956
2026-08-05T11:58:08.391524,1785923888.391524,3.636825,0.6721987724304199,0.2877705991268158,-0.6705750823020935,0.12516435980796814,0.7017525434494019,0.22165226936340332,-0.6357676386833191,0.2328372746706009,15.407042,2.729636,-0.180836,-0.004253
2026-08-05T11:58:08.407772,1785923888.407772,3.652071,0.6721423268318176,0.28822699189186096,-0.6703766584396362,0.12548036873340607,0.7016604542732239,0.22207188606262207,-0.6356610655784607,0.23300589621067047,15.391927,2.712842,-0.991405,-1.101545
2026-08-05T11:58:08.425450,1785923888.425450,3.669751,0.6721968054771423,0.2884698510169983,-0.6701549887657166,0.12581346929073334,0.7016043066978455,0.22249048948287964,-0.6355226635932922,0.23315350711345673,15.359646,2.711840,-1.825843,-0.056689
2026-08-05T11:58:08.457517,1785923888.457518,3.702818,0.672192394733429,0.2886841893196106,-0.669994056224823,0.12620334327220917,0.7016326785087585,0.22285839915275574,-0.635309636592865,0.23329687118530273,15.330652,2.703126,-0.876818,-0.263520
2026-08-05T11:58:08.473859,1785923888.473859,3.718161,0.6722898483276367,0.2886025607585907,-0.669899582862854,0.1263708770275116,0.7016898393630981,0.2230106145143509,-0.6351354718208313,0.23345401883125305,15.317850,2.721995,-0.834366,1.229811
2026-08-05T11:58:08.475866,1785923888.475866,3.721167,0.6724215745925903,0.2882572412490845,-0.6699507832527161,0.12618668377399445,0.7017835378646851,0.22284291684627533,-0.6350575685501099,0.2335442155599594,15.336037,2.760316,6.050779,12.749248
2026-08-05T11:58:08.491916,1785923888.491916,3.737217,0.672614336013794,0.2877470850944519,-0.6699967980384827,0.126079261302948,0.701876163482666,0.22244295477867126,-0.6350782513618469,0.23359082639217377,15.342301,2.784937,0.390295,1.534068
2026-08-05T11:58:08.494148,1785923888.494148,3.739449,0.6726515293121338,0.2873809039592743,-0.6700984835624695,0.12617595493793488,0.7019739151000977,0.22198981046676636,-0.6350941061973572,0.23368525505065918,15.351066,2.779882,3.927222,-2.265080
2026-08-05T11:58:08.522839,1785923888.522839,3.768140,0.6726174354553223,0.28703004121780396,-0.6702324151992798,0.12644387781620026,0.7019742131233215,0.2214103490114212,-0.6350821256637573,0.23426553606987,15.397954,2.791647,1.634240,0.410040
2026-08-05T11:58:08.541817,1785923888.541817,3.786496,0.672484278678894,0.28689149022102356,-0.6703434586524963,0.12687762081623077,0.7017939686775208,0.22112707793712616,-0.6352500319480896,0.2346179336309433,15.395696,2.779443,-0.123032,-0.664832
2026-08-05T11:58:08.557894,1785923888.557894,3.803195,0.6723971366882324,0.28653204441070557,-0.670571506023407,0.1269475221633911,0.7015587091445923,0.220618337392807,-0.6356236934661865,0.2347884327173233,15.405310,2.783440,0.575752,0.239361
2026-08-05T11:58:08.574514,1785923888.574514,3.818812,0.6722767353057861,0.2861463129520416,-0.6708971858024597,0.12673412263393402,0.7013459205627441,0.21983212232589722,-0.6361420750617981,0.23475761711597443,15.436723,2.772231,2.011341,-0.717685
2026-08-05T11:58:08.592127,1785923888.592128,3.837428,0.6720951795578003,0.28560709953308105,-0.6714066863059998,0.12621285021305084,0.7011706829071045,0.21899564564228058,-0.6367303729057312,0.23446808755397797,15.472744,2.773354,1.934961,0.060316
2026-08-05T11:58:08.608852,1785923888.608853,3.853154,0.6718975901603699,0.28499674797058105,-0.6719164848327637,0.12593242526054382,0.700997531414032,0.21824166178703308,-0.6373212337493896,0.23408281803131104,15.469454,2.760890,-0.209180,-0.792639
2026-08-05T11:58:08.624469,1785923888.624470,3.869771,0.6716254949569702,0.2844564616680145,-0.6724277138710022,0.1258775293827057,0.7008190751075745,0.21779106557369232,-0.6377531886100769,0.2338603287935257,15.453592,2.762937,-0.954606,0.123189
2026-08-05T11:58:08.640164,1785923888.640164,3.885465,0.6714967489242554,0.2837361991405487,-0.6729235053062439,0.12553921341896057,0.7006142735481262,0.217393696308136,-0.6381554007530212,0.2337464988231659,15.456852,2.817571,0.207686,3.481071
2026-08-05T11:58:08.657745,1785923888.657745,3.903046,0.6714743971824646,0.28288534283638,-0.673447847366333,0.12476491928100586,0.7003997564315796,0.21687743067741394,-0.6385914087295532,0.2336784452199936,15.501121,2.912692,2.518019,5.410451
2026-08-05T11:58:08.673412,1785923888.673413,3.918714,0.6714325547218323,0.2822408080101013,-0.6738928556442261,0.12404488027095795,0.7001658082008362,0.21639086306095123,-0.6390091776847839,0.23368830978870392,15.556051,2.993824,3.506018,5.178385
2026-08-05T11:58:08.692129,1785923888.692129,3.936454,0.6714627742767334,0.28188470005989075,-0.674103856086731,0.12354401499032974,0.6999583840370178,0.2162046581506729,-0.639238715171814,0.23385418951511383,15.602304,3.068208,2.607228,4.193037
2026-08-05T11:58:08.708728,1785923888.708728,3.954029,0.6711718440055847,0.2821671962738037,-0.6742295026779175,0.12379366159439087,0.6997628808021545,0.21633416414260864,-0.639316737651825,0.2341063767671585,15.614730,3.058039,0.707054,-0.578606
2026-08-05T11:58:08.725612,1785923888.725612,3.969918,0.6709771156311035,0.28228145837783813,-0.6743015646934509,0.12419553846120834,0.69963538646698,0.21656978130340576,-0.639331579208374,0.2342284768819809,15.585279,3.047811,-1.853601,-0.643727
2026-08-05T11:58:08.741278,1785923888.741278,3.985700,0.6708570122718811,0.28213292360305786,-0.674467921257019,0.12427812814712524,0.6996051073074341,0.21656616032123566,-0.6394206881523132,0.23407907783985138,15.560134,3.042906,-1.593247,-0.310812
2026-08-05T11:58:08.758841,1785923888.758842,4.003144,0.6709348559379578,0.2814926505088806,-0.6747549176216125,0.12375059723854065,0.6996205449104309,0.21633648872375488,-0.6395840048789978,0.23379911482334137,15.562611,3.100902,0.141997,3.324715
2026-08-05T11:58:08.776592,1785923888.776593,4.021894,0.6709384918212891,0.28110432624816895,-0.6749986410140991,0.1232834979891777,0.6996273994445801,0.2160855382680893,-0.6397432088851929,0.23357486724853516,15.580275,3.134126,0.942110,1.771972
2026-08-05T11:58:08.791733,1785923888.791734,4.037034,0.6708831787109375,0.2809997797012329,-0.6751210689544678,0.12315229326486588,0.6995952725410461,0.21599814295768738,-0.6398310661315918,0.23351158201694489,15.587259,3.142308,0.461259,0.540440
2026-08-05T11:58:08.794701,1785923888.794701,4.040002,0.6708412766456604,0.2809479832649231,-0.6751697063446045,0.12323269248008728,0.6995450854301453,0.21607975661754608,-0.6398354768753052,0.2335740327835083,15.579381,3.153555,-2.654301,3.789639
2026-08-05T11:58:08.808468,1785923888.808469,4.053769,0.670758843421936,0.2808853089809418,-0.6752557158470154,0.12335273623466492,0.6994960904121399,0.21617475152015686,-0.6398366093635559,0.2336301952600479,15.568133,3.163287,-0.817040,0.706899
2026-08-05T11:58:08.824147,1785923888.824148,4.069448,0.6707289218902588,0.2806691527366638,-0.6753779649734497,0.12333815544843674,0.6994783282279968,0.21616122126579285,-0.6398564577102661,0.23364108800888062,15.562802,3.184467,-0.339980,1.350851
2026-08-05T11:58:08.839910,1785923888.839910,4.085211,0.6707789301872253,0.280107319355011,-0.6756491661071777,0.12285787612199783,0.6994843482971191,0.2158201038837433,-0.6400278806686401,0.23346880078315735,15.581488,3.231517,1.185471,2.984968
2026-08-05T11:58:08.855894,1785923888.855894,4.101195,0.6709633469581604,0.2793534994125366,-0.6759086847305298,0.12213703989982605,0.6995000839233398,0.2153295874595642,-0.6402480006217957,0.23327094316482544,15.613299,3.300393,1.990155,4.308990
2026-08-05T11:58:08.873366,1785923888.873367,4.118668,0.6710607409477234,0.2789156436920166,-0.6760590672492981,0.12177011370658875,0.6995089054107666,0.2150411158800125,-0.6403459906578064,0.23324128985404968,15.636341,3.343156,1.318740,2.447427
2026-08-05T11:58:08.875630,1785923888.875631,4.120932,0.6711061596870422,0.27866441011428833,-0.6761505603790283,0.12158649414777756,0.6994906067848206,0.21501941978931427,-0.6402948498725891,0.2334570288658142,15.664329,3.397246,12.362240,23.891004
2026-08-05T11:58:08.891972,1785923888.891973,4.136277,0.6711793541908264,0.27877452969551086,-0.6760106682777405,0.121707983314991,0.6994706988334656,0.21524448692798615,-0.6400941014289856,0.2338600754737854,15.684307,3.429891,1.301871,2.127371
2026-08-05T11:58:08.907865,1785923888.907865,4.153166,0.6713000535964966,0.2789192497730255,-0.6758226156234741,0.12175577133893967,0.6995236277580261,0.21533966064453125,-0.6399229764938354,0.2340814620256424,15.701189,3.438024,0.999572,0.481563
2026-08-05T11:58:08.925433,1785923888.925434,4.170734,0.671499490737915,0.27881327271461487,-0.67571622133255,0.1214880645275116,0.699746310710907,0.21529558300971985,-0.6397003531455994,0.2340652048587799,15.725649,3.459837,1.392260,1.241618
2026-08-05T11:58:08.943032,1785923888.943033,4.188333,0.6717847585678101,0.2784463167190552,-0.6756536364555359,0.1211000457406044,0.700048565864563,0.21520327031612396,-0.6395249366760254,0.23372524976730347,15.719411,3.482595,-0.354406,1.293118
2026-08-05T11:58:08.958317,1785923888.958317,4.203618,0.6721181869506836,0.27804577350616455,-0.6755453944206238,0.12077435106039047,0.7004212141036987,0.2151043862104416,-0.6393125653266907,0.23328019678592682,15.696274,3.492906,-1.513792,0.674638
2026-08-05T11:58:08.975348,1785923888.975869,4.220649,0.6724684238433838,0.27781105041503906,-0.6752949357032776,0.12076494842767715,0.7007975578308105,0.21523870527744293,-0.6389327645301819,0.23306655883789062,15.662096,3.501396,-2.006738,0.498437
2026-08-05T11:58:08.992031,1785923888.992032,4.237333,0.6727831959724426,0.27795031666755676,-0.6748407483100891,0.12122900038957596,0.7011408805847168,0.2155938297510147,-0.6383689045906067,0.23325121402740479,15.628403,3.490191,-2.019565,-0.671617
2026-08-05T11:58:09.005839,1785923889.005839,4.249938,0.6731295585632324,0.27804863452911377,-0.6743886470794678,0.12159626185894012,0.7014033198356628,0.21599799394607544,-0.6377685070037842,0.23373004794120789,15.625473,3.520321,-0.232470,2.390333
2026-08-05T11:58:09.025913,1785923889.025914,4.270729,0.6735976338386536,0.2781222462654114,-0.6738594174385071,0.1217690110206604,0.7017335891723633,0.21618354320526123,-0.637190580368042,0.2341429740190506,15.640572,3.543192,0.726206,1.099982
2026-08-05T11:58:09.072879,1785923889.072880,4.318181,0.6741353869438171,0.2779086232185364,-0.6734248995780945,0.12168511748313904,0.7021560072898865,0.21608377993106842,-0.6367052793502808,0.23428916931152344,15.655270,3.565295,0.309745,0.465800
2026-08-05T11:58:09.077922,1785923889.077922,4.323223,0.6746441125869751,0.2777518332004547,-0.6729451417922974,0.12187838554382324,0.7026277184486389,0.215901181101799,-0.6362616419792175,0.2342483252286911,15.632451,3.537110,-4.525307,-5.589370
2026-08-05T11:58:09.083739,1785923889.083739,4.329040,0.6750543713569641,0.2776883542537689,-0.6724740266799927,0.1223510205745697,0.7030948400497437,0.21589550375938416,-0.6357364654541016,0.23427839577198029,15.590576,3.499151,-7.199053,-6.525929
2026-08-05T11:58:09.107490,1785923889.107491,4.352792,0.6754095554351807,0.2777089476585388,-0.6719979643821716,0.12295734882354736,0.7034778594970703,0.2160680592060089,-0.6351756453514099,0.23448993265628815,15.548625,3.474306,-1.766223,-1.045993
2026-08-05T11:58:09.124421,1785923889.124421,4.369722,0.6757148504257202,0.27779361605644226,-0.6715661287307739,0.12344744801521301,0.7037588953971863,0.21627062559127808,-0.6346458196640015,0.23489409685134888,15.536838,3.473042,-0.696220,-0.074699
2026-08-05T11:58:09.137904,1785923889.137904,4.383205,0.6761147975921631,0.2777387201786041,-0.671156644821167,0.12360890954732895,0.7039794921875,0.21637976169586182,-0.6341915130615234,0.23535901308059692,15.554146,3.508607,1.283713,2.637751
2026-08-05T11:58:09.143213,1785923889.143214,4.388515,0.6764271855354309,0.2777886390686035,-0.6708083748817444,0.12367703020572662,0.704136312007904,0.21638311445713043,-0.6338764429092407,0.23573516309261322,15.581036,3.526894,5.064490,3.444244
2026-08-05T11:58:09.159203,1785923889.159204,4.404504,0.6767517924308777,0.27768489718437195,-0.6705079674720764,0.12376372516155243,0.7042688727378845,0.21646101772785187,-0.6335979104042053,0.23601655662059784,15.584913,3.556557,0.242488,1.855130
2026-08-05T11:58:09.172381,1785923889.172381,4.417682,0.6769645810127258,0.27781128883361816,-0.670139491558075,0.12431062757968903,0.7044058442115784,0.2166927605867386,-0.6332381963729858,0.23636050522327423,15.558172,3.546923,-2.029265,-0.731086
2026-08-05T11:58:09.189024,1785923889.189024,4.433303,0.6771161556243896,0.2778604030609131,-0.669882595539093,0.12475976347923279,0.7045101523399353,0.21688999235630035,-0.6329153180122375,0.23673294484615326,15.544204,3.552347,-0.894208,0.347254
2026-08-05T11:58:09.205986,1785923889.205986,4.450003,0.6773247718811035,0.2776072025299072,-0.6697425842285156,0.12494204938411713,0.7045018672943115,0.21695326268672943,-0.6327346563339233,0.23718203604221344,15.549500,3.603626,0.317133,3.070451
2026-08-05T11:58:09.224646,1785923889.224647,4.469948,0.6775988340377808,0.27743464708328247,-0.6695128083229065,0.12507009506225586,0.7044546604156494,0.21696223318576813,-0.6325573921203613,0.2377857118844986,15.576485,3.660476,1.353025,2.850464
2026-08-05T11:58:09.245313,1785923889.245314,4.490615,0.6778576970100403,0.27730050683021545,-0.6692916750907898,0.12514834105968475,0.7043192982673645,0.21716442704200745,-0.6323232650756836,0.2386239469051361,15.623464,3.754676,2.273109,4.557972
2026-08-05T11:58:09.259641,1785923889.259642,4.504942,0.6781091094017029,0.2771123945713043,-0.6690517663955688,0.1254856437444687,0.7042403221130371,0.21753519773483276,-0.6319376826286316,0.23953896760940552,15.647876,3.853047,1.703867,6.865756
2026-08-05T11:58:09.275261,1785923889.275261,4.520562,0.6780363917350769,0.27709996700286865,-0.6689769625663757,0.12630246579647064,0.7043481469154358,0.21754957735538483,-0.6315615177154541,0.2401999682188034,15.645020,3.844763,-0.182844,-0.530386
2026-08-05T11:58:09.291188,1785923889.291188,4.536489,0.6781460642814636,0.2764640748500824,-0.6690630912780762,0.12665021419525146,0.7045249938964844,0.2168363332748413,-0.6315858960151672,0.24026207625865936,15.624969,3.819103,-1.258992,-1.611104
2026-08-05T11:58:09.339125,1785923889.339126,4.584427,0.6782952547073364,0.2753191888332367,-0.6694563031196594,0.12626786530017853,0.7047385573387146,0.21557390689849854,-0.631874144077301,0.24001343548297882,15.648432,3.825792,0.489467,0.139530
2026-08-05T11:58:09.353515,1785923889.353516,4.598816,0.6785658597946167,0.2741062343120575,-0.6698173880577087,0.1255355030298233,0.7049233913421631,0.21435393393039703,-0.6321744322776794,0.23977258801460266,15.695895,3.870501,3.298345,3.107041
2026-08-05T11:58:09.371021,1785923889.371021,4.616322,0.6787378191947937,0.2731734812259674,-0.670125424861908,0.1249937191605568,0.7048970460891724,0.2137869894504547,-0.6323221921920776,0.23996689915657043,15.749019,3.968371,3.034671,5.590771
2026-08-05T11:58:09.374014,1785923889.374015,4.619315,0.6787282228469849,0.27282506227493286,-0.6702361702919006,0.12521220743656158,0.7048500180244446,0.21381355822086334,-0.6321739554405212,0.24047093093395233,15.765336,4.028442,5.451244,20.068104
2026-08-05T11:58:09.388720,1785923889.388720,4.634021,0.6784934997558594,0.2729377746582031,-0.6703368425369263,0.12569864094257355,0.704740583896637,0.21402741968631744,-0.6320499181747437,0.24092717468738556,15.767354,4.038096,0.137247,0.656457
2026-08-05T11:58:09.404309,1785923889.404309,4.649610,0.6783820390701294,0.2729889750480652,-0.6703739762306213,0.12599027156829834,0.7046319842338562,0.21390247344970703,-0.6322059035301208,0.24094660580158234,15.746117,4.003670,-1.362369,-2.208346
2026-08-05T11:58:09.420798,1785923889.420799,4.666099,0.6781561970710754,0.2732830047607422,-0.6704583168029785,0.12611962854862213,0.7044971585273743,0.21372753381729126,-0.6324623227119446,0.2408231943845749,15.741628,3.944281,-0.272242,-3.601674
2026-08-05T11:58:09.437572,1785923889.437572,4.682873,0.6780838370323181,0.27339422702789307,-0.6705175638198853,0.12595343589782715,0.7042496204376221,0.21393819153308868,-0.6326409578323364,0.2408912032842636,15.751536,3.974274,0.590714,1.788127
2026-08-05T11:58:09.440365,1785923889.440366,4.685666,0.6779860258102417,0.27365532517433167,-0.6705194711685181,0.12590333819389343,0.7039111852645874,0.21468716859817505,-0.6325795650482178,0.2413746863603592,15.775531,4.062164,8.589519,31.461993
2026-08-05T11:58:09.456431,1785923889.456431,4.701732,0.677783191204071,0.27430978417396545,-0.6703906059265137,0.12625719606876373,0.7035199403762817,0.21572484076023102,-0.6324077844619751,0.24203938245773315,15.784029,4.122143,0.528931,3.733371
2026-08-05T11:58:09.475156,1785923889.475157,4.720458,0.6775179505348206,0.2750857174396515,-0.6702365875244141,0.12680847942829132,0.7032445073127747,0.21651069819927216,-0.63226717710495,0.24250465631484985,15.774590,4.116188,-0.504033,-0.318027
2026-08-05T11:58:09.491561,1785923889.491561,4.736862,0.6773282885551453,0.27564167976379395,-0.6701178550720215,0.12724243104457855,0.703080415725708,0.2168656438589096,-0.6322644948959351,0.2426702380180359,15.755404,4.077011,-1.169582,-2.388253
2026-08-05T11:58:09.506714,1785923889.507975,4.752015,0.6773110628128052,0.27590033411979675,-0.6699842810630798,0.12747560441493988,0.7030356526374817,0.21683235466480255,-0.6323408484458923,0.2426309883594513,15.736298,4.029356,-1.260899,-3.144937
2026-08-05T11:58:09.524958,1785923889.524958,4.770259,0.6773892641067505,0.27552637457847595,-0.6700876355171204,0.1273253709077835,0.7030614614486694,0.21665887534618378,-0.632392406463623,0.24257688224315643,15.736178,4.056217,-0.006556,1.472303
2026-08-05T11:58:09.528578,1785923889.528579,4.773879,0.677575409412384,0.2751043140888214,-0.670087993144989,0.12724553048610687,0.7031635046005249,0.2164686620235443,-0.6323134899139404,0.24265626072883606,15.740847,4.090198,1.289690,9.386650
2026-08-05T11:58:09.558295,1785923889.558296,4.802611,0.6779636740684509,0.2743856608867645,-0.6700188517570496,0.12709380686283112,0.7033904194831848,0.21608911454677582,-0.6321814656257629,0.2426811009645462,15.739866,4.134369,-0.034160,1.537401
2026-08-05T11:58:09.574183,1785923889.574184,4.819484,0.6783668398857117,0.2734658420085907,-0.6700212955474854,0.12691080570220947,0.7038325071334839,0.2154165506362915,-0.6319838166236877,0.24251264333724976,15.736417,4.155779,-0.204410,1.268811
2026-08-05T11:58:09.588660,1785923889.588661,4.833962,0.678678035736084,0.27242767810821533,-0.6701384782791138,0.1268618404865265,0.7044733762741089,0.21440157294273376,-0.6317742466926575,0.2420966923236847,15.717344,4.125820,-1.317412,-2.069390
2026-08-05T11:58:09.604296,1785923889.604296,4.849597,0.6790549159049988,0.2711816430091858,-0.6702634692192078,0.12685416638851166,0.7052267789840698,0.2131742238998413,-0.6315791010856628,0.24149534106254578,15.677734,4.076833,-2.533372,-3.133128
2026-08-05T11:58:09.625360,1785923889.625361,4.870662,0.6795123219490051,0.2696090638637543,-0.6704844832420349,0.1265888214111328,0.7059154510498047,0.21193279325962067,-0.6314486861228943,0.24091631174087524,15.648022,4.079752,-1.410526,0.138598
2026-08-05T11:58:09.642238,1785923889.642238,4.887059,0.6799455881118774,0.2680821418762207,-0.670757532119751,0.12605737149715424,0.7064325213432312,0.2109317034482956,-0.6313304901123047,0.24058862030506134,15.657020,4.142970,0.548728,3.855348
2026-08-05T11:58:09.658403,1785923889.658404,4.903704,0.6803441643714905,0.26700830459594727,-0.6708918809890747,0.1254691630601883,0.7067422866821289,0.2103484719991684,-0.6311915516853333,0.24055390059947968,15.694070,4.231063,2.225901,5.292375
2026-08-05T11:58:09.675236,1785923889.675236,4.919537,0.6806663870811462,0.2666679620742798,-0.6707471013069153,0.12521962821483612,0.7069344520568848,0.21008655428886414,-0.6310431957244873,0.2406071126461029,15.716853,4.260721,1.438984,1.873240
2026-08-05T11:58:09.677964,1785923889.677964,4.923265,0.6806277632713318,0.26695191860198975,-0.6706251502037048,0.12547704577445984,0.7070440053939819,0.20998933911323547,-0.6309890747070312,0.24051205813884735,15.701965,4.196763,-3.993555,-17.155514
2026-08-05T11:58:09.738804,1785923889.738805,4.982886,0.6806316375732422,0.2673293352127075,-0.6704258322715759,0.1257181614637375,0.7070673704147339,0.21008862555027008,-0.6310041546821594,0.24031710624694824,15.666568,4.134507,-0.593707,-1.044210
2026-08-05T11:58:09.742799,1785923889.742800,4.988101,0.6806551218032837,0.26756539940834045,-0.6703389883041382,0.12555159628391266,0.7070457935333252,0.21024157106876373,-0.6310890316963196,0.24002406001091003,15.651703,4.114221,-2.850339,-3.889955
2026-08-05T11:58:09.806530,1785923889.806531,5.050714,0.6806361079216003,0.2677890360355377,-0.6703352928161621,0.12519687414169312,0.7069796919822693,0.2104606032371521,-0.6312036514282227,0.23972466588020325,15.652311,4.115679,0.009706,0.023293
2026-08-05T11:58:09.821948,1785923889.821949,5.067250,0.6806243062019348,0.26808100938796997,-0.6702741980552673,0.1249634325504303,0.7068348526954651,0.2108779102563858,-0.631262481212616,0.23963052034378052,15.652818,4.136036,0.030679,1.231075
2026-08-05T11:58:09.823949,1785923889.823949,5.069250,0.6805264353752136,0.26851069927215576,-0.6702142953872681,0.12489525973796844,0.7066919803619385,0.21117573976516724,-0.6313536763191223,0.23954974114894867,15.652013,4.122150,-0.402373,-6.940806
2026-08-05T11:58:09.840102,1785923889.840102,5.085403,0.6804917454719543,0.2686707079410553,-0.6702484488487244,0.12455601990222931,0.706582248210907,0.21139904856681824,-0.6314672827720642,0.23937664926052094,15.660756,4.139896,0.541279,1.098599
2026-08-05T11:58:09.855827,1785923889.855828,5.101129,0.6804473400115967,0.2684977948665619,-0.6704606413841248,0.12402849644422531,0.7065763473510742,0.21136194467544556,-0.6316339373588562,0.23898661136627197,15.669837,4.161989,0.577446,1.404903
2026-08-05T11:58:09.873224,1785923889.873224,5.117526,0.6803495287895203,0.268361359834671,-0.6706825494766235,0.1236599013209343,0.7066126465797424,0.2110852599143982,-0.6318981051445007,0.23842523992061615,15.659539,4.133569,-0.628061,-1.733249
2026-08-05T11:58:09.876184,1785923889.876184,5.121485,0.6803604960441589,0.2681772708892822,-0.6708098649978638,0.12330812215805054,0.706691324710846,0.2101687490940094,-0.6325337886810303,0.23731347918510437,15.606862,4.008113,-13.305015,-31.687346
2026-08-05T11:58:09.908077,1785923889.908077,5.153378,0.6802523136138916,0.267910897731781,-0.6710811853408813,0.12300766259431839,0.7066330909729004,0.20985344052314758,-0.6327968835830688,0.23706454038619995,15.615591,4.010654,0.273696,0.079676
2026-08-05T11:58:09.922218,1785923889.922218,5.167519,0.6801890730857849,0.2674744129180908,-0.6714114546775818,0.12250299006700516,0.7065080404281616,0.20964238047599792,-0.6330251693725586,0.23701389133930206,15.650229,4.070979,2.449430,4.265902
2026-08-05T11:58:09.926242,1785923889.926242,5.171543,0.680243194103241,0.26700106263160706,-0.6716654300689697,0.12184108793735504,0.7063342332839966,0.20954787731170654,-0.6332381963729858,0.2370467633008957,15.695245,4.163990,11.186908,23.113968
2026-08-05T11:58:09.941651,1785923889.941651,5.186952,0.6802008152008057,0.26680442690849304,-0.6718838214874268,0.12130315601825714,0.7061894536018372,0.20949766039848328,-0.6334590315818787,0.2369326800107956,15.726901,4.213067,2.054371,3.184927
2026-08-05T11:58:09.955569,1785923889.955570,5.200871,0.6802127361297607,0.2666316628456116,-0.6720128655433655,0.12090080976486206,0.7061100602149963,0.20951314270496368,-0.6336246728897095,0.2367122620344162,15.732352,4.244690,0.391613,2.271984
2026-08-05T11:58:09.959303,1785923889.959304,5.204604,0.6799559593200684,0.26688599586486816,-0.6721433401107788,0.12106004357337952,0.7060360312461853,0.2096133828163147,-0.6337682604789734,0.23645952343940735,15.703382,4.198018,-7.759130,-12.500508
2026-08-05T11:58:09.974867,1785923889.974867,5.220168,0.6798247694969177,0.2670179307460785,-0.6721841096878052,0.12127884477376938,0.7059634923934937,0.20975227653980255,-0.6338641047477722,0.236296147108078,15.665582,4.168102,-2.428761,-1.922210
2026-08-05T11:58:09.978065,1785923889.978065,5.223366,0.67974853515625,0.2669079005718231,-0.6723098754882812,0.12124969065189362,0.7059341669082642,0.20967015624046326,-0.6339725255966187,0.23616570234298706,15.656037,4.163555,-2.984510,-1.421590
2026-08-05T11:58:10.006274,1785923890.006275,5.251575,0.679723858833313,0.26663529872894287,-0.6724813580513,0.12103771418333054,0.7059575915336609,0.20924825966358185,-0.63417649269104,0.23592247068881989,15.660225,4.149814,0.148483,-0.487111
2026-08-05T11:58:10.025489,1785923890.025490,5.269325,0.679777979850769,0.2661495804786682,-0.6727145910263062,0.12050575017929077,0.7060732841491699,0.20853792130947113,-0.6344522833824158,0.23546303808689117,15.678080,4.137270,1.005915,-0.706746
2026-08-05T11:58:10.038777,1785923890.038778,5.284078,0.6799370050430298,0.2656143009662628,-0.6728817820549011,0.1198536604642868,0.7062499523162842,0.2077861875295639,-0.6347322463989258,0.23484258353710175,15.688400,4.120581,0.699487,-1.131189
2026-08-05T11:58:10.057685,1785923890.057686,5.302986,0.6800906658172607,0.2648603022098541,-0.6731611490249634,0.11908008903265,0.7064698338508606,0.20724058151245117,-0.6348808407783508,0.23426097631454468,15.702502,4.153292,0.745859,1.729999
2026-08-05T11:58:10.073922,1785923890.073922,5.319223,0.680225133895874,0.2641514241695404,-0.6733911037445068,0.11858558654785156,0.7066982388496399,0.20683354139328003,-0.6349874138832092,0.233642578125,15.682023,4.168231,-1.261292,0.920110
2026-08-05T11:58:10.089726,1785923890.089727,5.334038,0.6802891492843628,0.263634592294693,-0.6735894680023193,0.11824106425046921,0.7068741917610168,0.2064123898744583,-0.6351771950721741,0.23296526074409485,15.648040,4.148659,-2.293809,-1.321108
2026-08-05T11:58:10.092142,1785923890.092143,5.337444,0.6803544163703918,0.26315629482269287,-0.6737838983535767,0.11782209575176239,0.7069519758224487,0.2060895711183548,-0.6354050636291504,0.23239299654960632,15.624950,4.149752,-6.780174,0.320883
2026-08-05T11:58:10.157211,1785923890.157212,5.402513,0.6803693771362305,0.26282477378845215,-0.6739659905433655,0.11743367463350296,0.7069318294525146,0.2059432715177536,-0.6356207728385925,0.23199400305747986,15.613154,4.165644,-0.181284,0.244238
2026-08-05T11:58:10.174054,1785923890.174054,5.419355,0.6803155541419983,0.2628324329853058,-0.6740723848342896,0.11711762845516205,0.7068274021148682,0.20601867139339447,-0.6358059048652649,0.2317376434803009,15.611998,4.176418,-0.068650,0.639707
2026-08-05T11:58:10.191857,1785923890.191858,5.437158,0.6802871823310852,0.262748122215271,-0.6742156744003296,0.11664608865976334,0.7067165374755859,0.206208735704422,-0.6359653472900391,0.23146896064281464,15.616148,4.216341,0.233120,2.242416
2026-08-05T11:58:10.207270,1785923890.207270,5.452571,0.6802058219909668,0.26274436712265015,-0.6743568181991577,0.11631248891353607,0.7066356539726257,0.20633089542388916,-0.6361553072929382,0.23108474910259247,15.603681,4.222499,-0.808881,0.399560
2026-08-05T11:58:10.224326,1785923890.224327,5.468626,0.6800881028175354,0.2626118063926697,-0.6745741367340088,0.1160397008061409,0.7065818309783936,0.2061811089515686,-0.6364731192588806,0.2305070012807846,15.573156,4.196795,-1.901229,-1.600939
2026-08-05T11:58:10.241204,1785923890.241205,5.486506,0.6799317002296448,0.2625485956668854,-0.6748045086860657,0.1157592162489891,0.7064807415008545,0.2059219479560852,-0.636874258518219,0.22993965446949005,15.550521,4.157999,-1.266016,-2.169916
2026-08-05T11:58:10.255647,1785923890.255647,5.500948,0.6797938942909241,0.26242128014564514,-0.6750528216362,0.11540838330984116,0.7062827944755554,0.20579573512077332,-0.6372384428977966,0.22965151071548462,15.551465,4.166287,0.065389,0.573827
2026-08-05T11:58:10.260027,1785923890.260027,5.505328,0.6795616745948792,0.26245829463005066,-0.6753227710723877,0.11511237919330597,0.7060266137123108,0.20593497157096863,-0.6374785900115967,0.22964821755886078,15.575325,4.202058,5.447118,8.166558
2026-08-05T11:58:10.276180,1785923890.276180,5.521481,0.6794226169586182,0.2624747157096863,-0.6755234003067017,0.11471779644489288,0.705764889717102,0.20623740553855896,-0.6376415491104126,0.22972899675369263,15.606264,4.267754,1.915357,4.067092
2026-08-05T11:58:10.292122,1785923890.292122,5.535404,0.6793094873428345,0.26237398386001587,-0.675728976726532,0.1144077256321907,0.7055470943450928,0.20645736157894135,-0.6378213763237,0.22970107197761536,15.617005,4.320919,0.771449,3.818500
2026-08-05T11:58:10.305258,1785923890.305259,5.550559,0.6790955066680908,0.26223206520080566,-0.6760452389717102,0.11413437128067017,0.7053864598274231,0.2063397467136383,-0.6381368041038513,0.22942379117012024,15.616686,4.325739,-0.021044,0.318053
2026-08-05T11:58:10.308719,1785923890.308719,5.554020,0.6789103150367737,0.2621455788612366,-0.6762717962265015,0.1140931099653244,0.7052450776100159,0.20605412125587463,-0.6384948492050171,0.22911891341209412,15.597248,4.290668,-5.616423,-10.133630
2026-08-05T11:58:10.325117,1785923890.325118,5.569420,0.6787569522857666,0.26206883788108826,-0.6764624118804932,0.11405160278081894,0.7050676345825195,0.20587597787380219,-0.6387578248977661,0.22909216582775116,15.600648,4.287243,0.220777,-0.222400
2026-08-05T11:58:10.341964,1785923890.341965,5.587265,0.6786022782325745,0.2619660496711731,-0.676659107208252,0.11404141783714294,0.7048765420913696,0.20588120818138123,-0.6388485431671143,0.2294221669435501,15.631160,4.328837,1.709746,2.330731
2026-08-05T11:58:10.357270,1785923890.357271,5.601695,0.6785540580749512,0.261764258146286,-0.6767966151237488,0.11397550255060196,0.7047739028930664,0.20579463243484497,-0.6388639211654663,0.2297724187374115,15.668905,4.376318,2.615765,3.290503
2026-08-05T11:58:10.373849,1785923890.373849,5.617960,0.6786340475082397,0.26132261753082275,-0.6769101023674011,0.11383780092000961,0.7047959566116333,0.2052781581878662,-0.6390179991722107,0.2297384887933731,15.679962,4.381574,0.679824,0.323155
2026-08-05T11:58:10.392712,1785923890.392713,5.638013,0.6786988377571106,0.26080361008644104,-0.6770819425582886,0.1136205717921257,0.704994261264801,0.20428290963172913,-0.639321506023407,0.2291719615459442,15.667273,4.313605,-0.632735,-3.389387
2026-08-05T11:58:10.407849,1785923890.407850,5.653150,0.6789032816886902,0.25995203852653503,-0.6772441864013672,0.11338261514902115,0.705353319644928,0.2031789869070053,-0.6395087242126465,0.22852516174316406,15.642260,4.259115,-1.652485,-3.599780
2026-08-05T11:58:10.423292,1785923890.423292,5.668593,0.6790701150894165,0.2590268850326538,-0.6774594783782959,0.1132153570652008,0.7057722210884094,0.20225852727890015,-0.639500617980957,0.2280704379081726,15.626950,4.236157,-0.991344,-1.486653
2026-08-05T11:58:10.441332,1785923890.441333,5.686634,0.6792959570884705,0.2582569718360901,-0.6775164604187012,0.11327791959047318,0.7061536312103271,0.2015339583158493,-0.639354407787323,0.2279413491487503,15.616270,4.224604,-0.592048,-0.640362
2026-08-05T11:58:10.454202,1785923890.454202,5.699503,0.6794852614402771,0.2575142979621887,-0.6776180267333984,0.11322604864835739,0.7064329385757446,0.2009200155735016,-0.6391886472702026,0.22808223962783813,15.639437,4.252912,1.800182,2.199608
2026-08-05T11:58:10.474269,1785923890.474269,5.719570,0.6797618865966797,0.25699323415756226,-0.6775288581848145,0.1132832020521164,0.7066903114318848,0.20040684938430786,-0.6389512419700623,0.22840183973312378,15.668820,4.275617,1.464229,1.131439
2026-08-05T11:58:10.492587,1785923890.492588,5.737889,0.6799964308738708,0.2566887140274048,-0.677388072013855,0.11340887099504471,0.7069653868675232,0.19991515576839447,-0.6387357711791992,0.2285843938589096,15.686576,4.263335,0.969313,-0.670481
2026-08-05T11:58:10.542132,1785923890.542132,5.787433,0.6802476644515991,0.25658297538757324,-0.6771600246429443,0.11350232362747192,0.7072317600250244,0.19948796927928925,-0.6386113166809082,0.22848083078861237,15.679892,4.216890,-0.134921,-0.937443
2026-08-05T11:58:10.546272,1785923890.546273,5.791574,0.6805009841918945,0.2562806010246277,-0.6770203113555908,0.1135004311800003,0.7075315713882446,0.1991465836763382,-0.6384791135787964,0.22821998596191406,15.657574,4.189392,-5.389472,-6.640714
2026-08-05T11:58:10.557720,1785923890.557721,5.803021,0.6806122660636902,0.2560804486274719,-0.6769468784332275,0.11372194439172745,0.707756519317627,0.19898037612438202,-0.6383810043334961,0.22794148325920105,15.611115,4.149595,-4.058384,-3.476388
2026-08-05T11:58:10.573857,1785923890.573858,5.819159,0.6807886362075806,0.2557649314403534,-0.676872730255127,0.11381853371858597,0.7078809142112732,0.19883860647678375,-0.6383653879165649,0.22772283852100372,15.569270,4.138448,-2.593139,-0.690780
2026-08-05T11:58:10.578278,1785923890.578278,5.823579,0.680852472782135,0.25555264949798584,-0.6768917441368103,0.11380048096179962,0.707900881767273,0.19881470501422882,-0.6383753418922424,0.22765377163887024,15.554581,4.151030,-3.323030,2.846405
2026-08-05T11:58:10.591041,1785923890.591042,5.836342,0.680963933467865,0.25549840927124023,-0.6768233776092529,0.11366219073534012,0.7077872157096863,0.19899339973926544,-0.6384139060974121,0.22774258255958557,15.556712,4.190280,0.166941,3.075170
2026-08-05T11:58:10.607175,1785923890.607175,5.851607,0.6809789538383484,0.25559473037719727,-0.676788866519928,0.11356049031019211,0.707647979259491,0.1992717981338501,-0.6384270787239075,0.22789472341537476,15.567515,4.227124,0.707711,2.413686
2026-08-05T11:58:10.638877,1785923890.638877,5.884178,0.6809945106506348,0.25571367144584656,-0.6767253279685974,0.11357823759317398,0.7075104713439941,0.1996254026889801,-0.638419508934021,0.2280334234237671,15.562802,4.257570,-0.144695,0.934746
2026-08-05T11:58:10.643872,1785923890.643872,5.889173,0.6808797717094421,0.2558603584766388,-0.6767907738685608,0.11354593932628632,0.7073959708213806,0.19972306489944458,-0.6385276317596436,0.22800080478191376,15.563721,4.254143,0.183948,-0.685949
2026-08-05T11:58:10.657656,1785923890.657656,5.902957,0.680784285068512,0.25602757930755615,-0.6768240332603455,0.11354265362024307,0.7072744965553284,0.1996527761220932,-0.6387282013893127,0.2278774231672287,15.557412,4.225155,-0.457689,-2.103056
2026-08-05T11:58:10.674280,1785923890.674280,5.919581,0.6807462573051453,0.25600019097328186,-0.6769062280654907,0.11334237456321716,0.7071438431739807,0.19956588745117188,-0.6389222741127014,0.2278149276971817,15.567919,4.233111,0.632011,0.478622
2026-08-05T11:58:10.690317,1785923890.690318,5.934737,0.6807224750518799,0.2559770345687866,-0.6769844889640808,0.11306990683078766,0.7070075273513794,0.1996665596961975,-0.6390061974525452,0.22791409492492676,15.595351,4.275363,1.810047,2.787852
2026-08-05T11:58:10.709429,1785923890.709430,5.954731,0.6806793808937073,0.25598153471946716,-0.6770686507225037,0.11281517148017883,0.7068466544151306,0.1998906284570694,-0.6390410661697388,0.228118896484375,15.628530,4.333123,1.659450,2.888863
2026-08-05T11:58:10.723819,1785923890.723819,5.969120,0.6804933547973633,0.25619202852249146,-0.677165150642395,0.11287961900234222,0.7067091464996338,0.20012228190898895,-0.6390489935874939,0.228319451212883,15.644670,4.347372,1.121687,0.990260
2026-08-05T11:58:10.739619,1785923890.739620,5.984921,0.6803657412528992,0.25648656487464905,-0.6771302223205566,0.11318928003311157,0.7066230177879333,0.20011089742183685,-0.6391107439994812,0.22842301428318024,15.636954,4.305512,-0.488377,-2.649296
2026-08-05T11:58:10.753841,1785923890.753841,5.999142,0.6802642941474915,0.25663629174232483,-0.6771460771560669,0.11336500197649002,0.7065694332122803,0.19999291002750397,-0.6391993165016174,0.2284446805715561,15.633485,4.271227,-0.243914,-2.410735
2026-08-05T11:58:10.773955,1785923890.773955,6.019256,0.6802892684936523,0.2564900517463684,-0.6771930456161499,0.11326511204242706,0.7065407037734985,0.19995154440402985,-0.6392162442207336,0.22852204740047455,15.645453,4.295846,0.595010,1.223994
2026-08-05T11:58:10.789641,1785923890.789641,6.034942,0.6802754998207092,0.2564240097999573,-0.6772441267967224,0.11319208145141602,0.7065048813819885,0.1999959498643875,-0.6391586661338806,0.22875502705574036,15.672901,4.331328,1.749919,2.262034
2026-08-05T11:58:10.804894,1785923890.804894,6.050195,0.6803074479103088,0.25629928708076477,-0.6772447824478149,0.11327813565731049,0.7064593434333801,0.2000698298215866,-0.6390620470046997,0.22910045087337494,15.690122,4.371437,1.128975,2.629534
2026-08-05T11:58:10.822748,1785923890.822748,6.067020,0.6802892088890076,0.25653260946273804,-0.6771158576011658,0.11363004893064499,0.7064545750617981,0.20005124807357788,-0.6389856338500977,0.22934457659721375,15.690177,4.341366,0.003278,-1.787341
2026-08-05T11:58:10.854930,1785923890.854930,6.099211,0.6803121566772461,0.25663477182388306,-0.6770399212837219,0.11371458321809769,0.7064661383628845,0.2000053972005844,-0.638923704624176,0.22952152788639069,15.705481,4.336094,0.475378,-0.163767
2026-08-05T11:58:10.858438,1785923890.858438,6.103739,0.6803167462348938,0.25652211904525757,-0.6771218776702881,0.11345347762107849,0.7065014839172363,0.20002859830856323,-0.6388549208641052,0.2295835316181183,15.735937,4.373523,6.726632,8.266499
2026-08-05T11:58:10.905849,1785923890.905850,6.151150,0.6804691553115845,0.256411075592041,-0.6770342588424683,0.11331312358379364,0.7065321803092957,0.20024695992469788,-0.638735830783844,0.22963003814220428,15.736932,4.415596,0.020975,0.887403
2026-08-05T11:58:10.923940,1785923890.923940,6.168245,0.6805699467658997,0.2564193606376648,-0.6769416332244873,0.11324267834424973,0.7065650224685669,0.2005697637796402,-0.6385709047317505,0.22970618307590485,15.737307,4.452507,0.021967,2.159294
2026-08-05T11:58:10.938376,1785923890.938376,6.182661,0.6806671619415283,0.25655049085617065,-0.6767781972885132,0.11333771049976349,0.706562876701355,0.200935959815979,-0.6384024024009705,0.22986102104187012,15.730177,4.475838,-0.494602,1.618346
2026-08-05T11:58:10.942053,1785923890.942053,6.187354,0.680713951587677,0.2568832337856293,-0.6765689849853516,0.11355235427618027,0.7065504193305969,0.201272115111351,-0.6382405161857605,0.2300545871257782,15.725157,4.472409,-1.069665,-0.730685
2026-08-05T11:58:10.957522,1785923890.957522,6.202823,0.6808264851570129,0.2572091817855835,-0.676304817199707,0.11371352523565292,0.7065926790237427,0.20152124762535095,-0.6380450129508972,0.23024868965148926,15.728231,4.465607,0.198699,-0.439743
2026-08-05T11:58:10.976252,1785923890.976253,6.220318,0.680975079536438,0.2574039697647095,-0.6760978698730469,0.11361388862133026,0.7067006826400757,0.2016889601945877,-0.6378503441810608,0.23031003773212433,15.743940,4.472417,0.897863,0.389265
2026-08-05T11:58:10.991757,1785923890.991757,6.236055,0.6811899542808533,0.25729063153266907,-0.6759833097457886,0.11326349526643753,0.7069018483161926,0.20169982314109802,-0.637683093547821,0.2301461398601532,15.757767,4.493784,0.878614,1.357774
2026-08-05T11:58:11.008067,1785923891.008067,6.253368,0.6813419461250305,0.2571854889392853,-0.6759129166603088,0.11300713568925858,0.707112193107605,0.20164887607097626,-0.6375892162322998,0.22980481386184692,15.748956,4.487193,-0.508922,-0.380708
2026-08-05T11:58:11.023919,1785923891.023920,6.269221,0.6815535426139832,0.25697001814842224,-0.6758266091346741,0.11273790895938873,0.7073363065719604,0.2015998661518097,-0.6374867558479309,0.22944186627864838,15.732862,4.489661,-1.015206,0.155675
2026-08-05T11:58:11.027046,1785923891.027046,6.272347,0.6817544102668762,0.25683969259262085,-0.6756904125213623,0.11263611167669296,0.7074903249740601,0.20171578228473663,-0.6373326778411865,0.22929291427135468,15.716421,4.503722,-5.258341,4.497047
2026-08-05T11:58:11.040311,1785923891.040312,6.285612,0.6819502711296082,0.2568826675415039,-0.6754890084266663,0.11256054788827896,0.7075616121292114,0.2020132839679718,-0.6371304392814636,0.22937315702438354,15.717279,4.535213,0.064657,2.374001
2026-08-05T11:58:11.057008,1785923891.057008,6.302309,0.6821011900901794,0.2570221722126007,-0.6753069162368774,0.11242011934518814,0.7075918316841125,0.2023882269859314,-0.636913001537323,0.22955361008644104,15.736473,4.578487,1.149544,2.591781
2026-08-05T11:58:11.077213,1785923891.077214,6.322515,0.6822794675827026,0.25723177194595337,-0.6750633716583252,0.11232158541679382,0.7076443433761597,0.20264142751693726,-0.6367339491844177,0.22966478765010834,15.750306,4.595776,0.684659,0.855669
2026-08-05T11:58:11.090833,1785923891.090833,6.336134,0.6824482679367065,0.2574540674686432,-0.6748197078704834,0.1122511699795723,0.7077145576477051,0.20277725160121918,-0.6366326808929443,0.22960932552814484,15.749081,4.585875,-0.089956,-0.726994
2026-08-05T11:58:11.106968,1785923891.106968,6.352269,0.6825833916664124,0.2575734555721283,-0.6746545433998108,0.11214892566204071,0.7078227996826172,0.20280294120311737,-0.63657146692276,0.2294226437807083,15.741199,4.567427,-0.488534,-1.143367
2026-08-05T11:58:11.124691,1785923891.124691,6.369577,0.6828013062477112,0.25742730498313904,-0.6745232343673706,0.11194748431444168,0.7079429626464844,0.20288117229938507,-0.6364661455154419,0.2292748987674713,15.733316,4.588215,-0.455428,1.201050
2026-08-05T11:58:11.141688,1785923891.141689,6.385527,0.6829214692115784,0.2572951316833496,-0.6744884252548218,0.11172710359096527,0.708066463470459,0.20287664234638214,-0.6363890767097473,0.229111447930336,15.734505,4.601357,0.074567,0.823965
2026-08-05T11:58:11.156924,1785923891.156924,6.401196,0.6830685138702393,0.2570960819721222,-0.6744519472122192,0.11150658130645752,0.7081577777862549,0.20282992720603943,-0.6363381743431091,0.22901158034801483,15.738726,4.622826,0.269383,1.370190
2026-08-05T11:58:11.175423,1785923891.175423,6.420724,0.68321692943573,0.25689563155174255,-0.6744147539138794,0.11128454655408859,0.7082634568214417,0.2027086615562439,-0.6362913846969604,0.22892247140407562,15.747619,4.639037,0.455358,0.830117
2026-08-05T11:58:11.192564,1785923891.192564,6.436894,0.6832940578460693,0.2567715048789978,-0.6744060516357422,0.11114933341741562,0.7083592414855957,0.2025655210018158,-0.6362595558166504,0.22884131968021393,15.754929,4.640695,0.452116,0.102535
2026-08-05T11:58:11.207216,1785923891.207216,6.452517,0.6834021806716919,0.25662943720817566,-0.6743771433830261,0.11098809540271759,0.7084137201309204,0.20249374210834503,-0.6362287998199463,0.22882139682769775,15.764593,4.657548,0.618580,1.078772
2026-08-05T11:58:11.227790,1785923891.227790,6.472172,0.6834789514541626,0.2565174400806427,-0.6743712425231934,0.11081049591302872,0.7084405422210693,0.20246757566928864,-0.6362062096595764,0.22882431745529175,15.777985,4.679133,0.681296,1.098129
2026-08-05T11:58:11.243234,1785923891.243234,6.488535,0.6835842728614807,0.2564122676849365,-0.6743113398551941,0.11076841503381729,0.7084630727767944,0.20250792801380157,-0.6361662149429321,0.22883017361164093,15.773794,4.695172,-0.256140,0.980262
2026-08-05T11:58:11.260490,1785923891.260490,6.505791,0.6835983395576477,0.25641295313835144,-0.6743077039718628,0.11070238798856735,0.7084615230560303,0.20257529616355896,-0.6361325979232788,0.22886869311332703,15.781735,4.709040,0.460202,0.803605
2026-08-05T11:58:11.276450,1785923891.276451,6.521752,0.6836740374565125,0.2563233971595764,-0.6742686629295349,0.1106799766421318,0.7084531188011169,0.20265521109104156,-0.6360782384872437,0.22897519171237946,15.785598,4.734321,0.242040,1.584031
2026-08-05T11:58:11.292769,1785923891.292769,6.538070,0.6836090087890625,0.25645947456359863,-0.6742616891860962,0.1108085960149765,0.7084468603134155,0.2026742845773697,-0.6360556483268738,0.2290402501821518,15.786286,4.719083,0.042158,-0.933786
2026-08-05T11:58:11.309717,1785923891.309717,6.554056,0.683603048324585,0.25661978125572205,-0.6741980910301208,0.11086097359657288,0.708430826663971,0.20269723236560822,-0.6360586285591125,0.22906124591827393,15.787034,4.704186,0.046774,-0.931914
2026-08-05T11:58:11.324762,1785923891.324763,6.570063,0.6836127042770386,0.2565033733844757,-0.6742613315582275,0.11068597435951233,0.7084509134292603,0.2027280628681183,-0.6360201239585876,0.22907868027687073,15.802863,4.732244,0.988926,1.752882
2026-08-05T11:58:11.340935,1785923891.340936,6.584212,0.6836024522781372,0.25655314326286316,-0.674236536026001,0.11078546196222305,0.7084556818008423,0.20279355347156525,-0.635981559753418,0.22911320626735687,15.796498,4.728142,-0.449917,-0.289905
2026-08-05T11:58:11.354426,1785923891.354426,6.599727,0.6836460828781128,0.2564343512058258,-0.6742423176765442,0.11075568944215775,0.7084343433380127,0.2028011530637741,-0.635991096496582,0.2291460931301117,15.795558,4.744889,-0.060553,1.079425
2026-08-05T11:58:11.387392,1785923891.387393,6.632694,0.6836963891983032,0.25626522302627563,-0.6742688417434692,0.11067534238100052,0.7084328532218933,0.20270809531211853,-0.636001467704773,0.2292042374610901,15.805282,4.763656,0.294969,0.569259
2026-08-05T11:58:11.403630,1785923891.403630,6.648931,0.6837282180786133,0.25623637437820435,-0.6742406487464905,0.1107165738940239,0.7084454298019409,0.20258598029613495,-0.6360039114952087,0.2292664647102356,15.810150,4.757814,0.299775,-0.359754
2026-08-05T11:58:11.420722,1785923891.420722,6.666023,0.6837828159332275,0.25621384382247925,-0.6742067337036133,0.11063895374536514,0.7084541916847229,0.20253105461597443,-0.6360043883323669,0.22928641736507416,15.819199,4.762741,0.529435,0.288261
2026-08-05T11:58:11.438137,1785923891.438138,6.683439,0.6838176250457764,0.25611868500709534,-0.6742302775382996,0.11050025373697281,0.7084915637969971,0.20247399806976318,-0.6359894871711731,0.22926266491413116,15.830131,4.774945,0.627746,0.700761
2026-08-05T11:58:11.455052,1785923891.455053,6.700354,0.683834433555603,0.2560599148273468,-0.6742241382598877,0.11056964099407196,0.7085434198379517,0.2023928314447403,-0.6359764933586121,0.22921037673950195,15.820047,4.762980,-0.596156,-0.707370
2026-08-05T11:58:11.471468,1785923891.471468,6.716769,0.6837926506996155,0.25608766078948975,-0.6742305755615234,0.11072506755590439,0.7085677981376648,0.20229527354240417,-0.6360070109367371,0.22913643717765808,15.803604,4.733819,-1.001711,-1.776424
2026-08-05T11:58:11.489872,1785923891.489873,6.735174,0.683835506439209,0.25594183802604675,-0.6742428541183472,0.11072278767824173,0.7085695266723633,0.20219126343727112,-0.6360654234886169,0.22906088829040527,15.792178,4.732285,-0.620800,-0.083356
2026-08-05T11:58:11.493859,1785923891.493859,6.739160,0.6838793754577637,0.25573843717575073,-0.6743191480636597,0.11045714467763901,0.7085564136505127,0.20220239460468292,-0.636080801486969,0.2290486991405487,15.808383,4.771701,4.065107,9.887710
2026-08-05T11:58:11.504380,1785923891.504380,6.749681,0.6839016079902649,0.25566384196281433,-0.6743541955947876,0.11027759313583374,0.7085409164428711,0.20224381983280182,-0.6361038088798523,0.22899620234966278,15.815383,4.791830,0.665277,1.913208
2026-08-05T11:58:11.538482,1785923891.538482,6.782765,0.6838498711585999,0.25564613938331604,-0.6744215488433838,0.11022768914699554,0.7084978818893433,0.2022981196641922,-0.636151909828186,0.22894792258739471,15.813133,4.798690,-0.067989,0.207366
2026-08-05T11:58:11.554635,1785923891.554636,6.799936,0.683752715587616,0.25574958324432373,-0.6744707226753235,0.11028864979743958,0.7084596157073975,0.2022993117570877,-0.6362305283546448,0.228846937417984,15.801945,4.777070,-0.651554,-1.259094
2026-08-05T11:58:11.572340,1785923891.572340,6.817641,0.6837318539619446,0.2558399736881256,-0.6744593381881714,0.11027854681015015,0.7084135413169861,0.20235466957092285,-0.6362956166267395,0.22875899076461792,15.792859,4.767630,-0.513189,-0.533213
2026-08-05T11:58:11.588613,1785923891.588613,6.833914,0.6837955117225647,0.2556714117527008,-0.6745131015777588,0.10994631797075272,0.7083739042282104,0.20247767865657806,-0.6363319158554077,0.22867216169834137,15.802594,4.812457,0.598187,2.754700
2026-08-05T11:58:11.624740,1785923891.624741,6.870041,0.6837972402572632,0.25563257932662964,-0.6745487451553345,0.10980575531721115,0.7083151340484619,0.20260994136333466,-0.6363621950149536,0.22865286469459534,15.805960,4.837258,0.093188,0.686478
2026-08-05T11:58:11.638700,1785923891.638700,6.884001,0.6837562322616577,0.25565579533576965,-0.6745789051055908,0.10982183367013931,0.7082400918006897,0.2026968151330948,-0.6364096403121948,0.22867634892463684,15.802637,4.844297,-0.238062,0.504295
2026-08-05T11:58:11.643605,1785923891.643606,6.888906,0.6836917400360107,0.2558656334877014,-0.6745445728302002,0.1099453940987587,0.7081518173217773,0.20268695056438446,-0.636503279209137,0.22869768738746643,15.797682,4.817911,-1.010039,-5.378913
2026-08-05T11:58:11.654475,1785923891.654475,6.899776,0.6836142539978027,0.2559855580329895,-0.6745908260345459,0.10986430943012238,0.7080726623535156,0.2026979923248291,-0.6365932822227478,0.2286824733018875,15.807616,4.814414,0.913897,-0.321738
2026-08-05T11:58:11.672206,1785923891.672207,6.917188,0.6835821866989136,0.2559773325920105,-0.6746699213981628,0.10959780961275101,0.7080292105674744,0.20270590484142303,-0.6366589665412903,0.228627011179924,15.827993,4.832893,1.170245,1.061218
2026-08-05T11:58:11.688600,1785923891.688601,6.933901,0.6835668087005615,0.25583675503730774,-0.6747782230377197,0.10935474187135696,0.7080101370811462,0.20272986590862274,-0.6366978883743286,0.22855642437934875,15.839926,4.861292,0.713980,1.699241
2026-08-05T11:58:11.704444,1785923891.704444,6.949745,0.6835533976554871,0.25575193762779236,-0.6748393177986145,0.1092597246170044,0.7079682350158691,0.2027493268251419,-0.6367602944374084,0.2284952849149704,15.838063,4.873723,-0.117572,0.784594
2026-08-05T11:58:11.721536,1785923891.721537,6.965817,0.6835022568702698,0.25581446290016174,-0.6748549342155457,0.10933743417263031,0.7079107165336609,0.20277108252048492,-0.6368106603622437,0.2285136580467224,15.832747,4.866292,-0.330744,-0.462347
2026-08-05T11:58:11.739090,1785923891.739090,6.984391,0.6834588050842285,0.25592124462127686,-0.6748422980308533,0.10943716019392014,0.7078313827514648,0.20280565321445465,-0.636834979057312,0.22866107523441315,15.838767,4.865167,0.324113,-0.060549
2026-08-05T11:58:11.755310,1785923891.755310,7.000611,0.6834720969200134,0.25590500235557556,-0.6748437285423279,0.10938282310962677,0.7077634334564209,0.20279768109321594,-0.6368575096130371,0.22881613671779633,15.856862,4.884126,1.115627,1.168890
2026-08-05T11:58:11.771915,1785923891.771915,7.017216,0.683483362197876,0.25593066215515137,-0.6748384833335876,0.10928428918123245,0.707760214805603,0.20270183682441711,-0.636883020401001,0.2288399338722229,15.873103,4.883560,0.978061,-0.034085
2026-08-05T11:58:11.789140,1785923891.789140,7.034125,0.6835227012634277,0.2557621896266937,-0.6749051213264465,0.10902126878499985,0.7077972888946533,0.2025485336780548,-0.6369531154632568,0.2286655604839325,15.881075,4.891736,0.471492,0.483499
2026-08-05T11:58:11.794065,1785923891.794066,7.039367,0.6834783554077148,0.2556142807006836,-0.6750434041023254,0.10878990590572357,0.7078530192375183,0.2024308145046234,-0.6370062232017517,0.228449285030365,15.885943,4.895024,0.928679,0.627221
2026-08-05T11:58:11.806237,1785923891.806237,7.049526,0.6834993958473206,0.2554780840873718,-0.6750741600990295,0.1087871864438057,0.7078878283500671,0.20240376889705658,-0.6370208859443665,0.22832441329956055,15.869797,4.894483,-1.589307,-0.053198
2026-08-05T11:58:11.837748,1785923891.837749,7.083049,0.683447003364563,0.25542399287223816,-0.6751348376274109,0.10886658728122711,0.7078463435173035,0.2024395763874054,-0.6370227336883545,0.22841596603393555,15.869127,4.904601,-0.019998,0.301801
2026-08-05T11:58:11.854532,1785923891.854533,7.099834,0.6834878325462341,0.2554900646209717,-0.6750704646110535,0.1088540330529213,0.7077786922454834,0.2025035321712494,-0.6370000839233398,0.2286321222782135,15.888416,4.923676,1.149213,1.136490
2026-08-05T11:58:11.871694,1785923891.871694,7.116995,0.6835898756980896,0.25544124841690063,-0.6750239729881287,0.10861638188362122,0.7077144980430603,0.20262065529823303,-0.6369560956954956,0.2288496494293213,15.922974,4.975166,2.013710,3.000388
2026-08-05T11:58:11.888322,1785923891.888323,7.133623,0.6836725473403931,0.2554532289505005,-0.6749586462974548,0.10847295075654984,0.7077069282531738,0.20264041423797607,-0.6369491219520569,0.22887513041496277,15.935809,4.988881,0.771877,0.824792
2026-08-05T11:58:11.905049,1785923891.905050,7.150350,0.6837037801742554,0.255399227142334,-0.6749836206436157,0.10824864357709885,0.7077774405479431,0.20259611308574677,-0.6369487643241882,0.22869741916656494,15.941599,4.991794,0.346163,0.174145
2026-08-05T11:58:11.921725,1785923891.921726,7.167026,0.683742880821228,0.25531354546546936,-0.674997091293335,0.10811875015497208,0.7078383564949036,0.20256395637989044,-0.6369707584381104,0.2284753918647766,15.930262,4.987638,-0.679852,-0.249255
2026-08-05T11:58:11.938805,1785923891.938805,7.183709,0.6837652325630188,0.2553328573703766,-0.6749663949012756,0.10812291502952576,0.7078414559364319,0.20268569886684418,-0.6369449496269226,0.2284296452999115,15.920292,4.991684,-0.597632,0.242536
2026-08-05T11:58:11.945046,1785923891.945046,7.190347,0.6838232278823853,0.25530263781547546,-0.6749292612075806,0.108060322701931,0.7078128457069397,0.20294825732707977,-0.6368257999420166,0.22861707210540771,15.933343,5.036890,1.966203,6.810389
2026-08-05T11:58:11.954342,1785923891.954342,7.199643,0.6839244961738586,0.25536665320396423,-0.6748154163360596,0.10797841101884842,0.7077603936195374,0.20317183434963226,-0.636715292930603,0.22888895869255066,15.958599,5.078977,2.716832,4.527337
2026-08-05T11:58:11.988478,1785923891.988479,7.232754,0.6839641332626343,0.2556195557117462,-0.6746967434883118,0.10787151008844376,0.7077293992042542,0.2033223956823349,-0.6366596221923828,0.22900570929050446,15.981972,5.086702,0.705872,0.233314
2026-08-05T11:58:12.004420,1785923892.004420,7.249721,0.6840493083000183,0.2557511031627655,-0.674580991268158,0.10774317383766174,0.7077959179878235,0.20335683226585388,-0.6366066932678223,0.2289169728755951,15.987782,5.078862,0.342443,-0.462081
2026-08-05T11:58:12.022037,1785923892.022037,7.267338,0.6841374039649963,0.2558049261569977,-0.6744803190231323,0.10768656432628632,0.7079401016235352,0.20331387221813202,-0.636536717414856,0.2287038415670395,15.976480,5.054576,-0.641507,-1.378535
2026-08-05T11:58:12.038400,1785923892.038400,7.283701,0.6842129826545715,0.25573575496673584,-0.674439013004303,0.1076294332742691,0.7080634236335754,0.2032335251569748,-0.6365118622779846,0.22846274077892303,15.959033,5.036546,-1.066255,-1.101940
2026-08-05T11:58:12.055174,1785923892.055174,7.300475,0.6844020485877991,0.255586177110672,-0.6743248701095581,0.10749774426221848,0.7081599235534668,0.20319043099880219,-0.6364516019821167,0.2283693552017212,15.954740,5.047078,-0.255949,0.627911
2026-08-05T11:58:12.071816,1785923892.071816,7.317117,0.6844934821128845,0.2555259168148041,-0.6742748618125916,0.10737180709838867,0.7081924676895142,0.2033601999282837,-0.6363034844398499,0.22853022813796997,15.975374,5.089041,1.239870,2.521535
2026-08-05T11:58:12.088472,1785923892.088473,7.333773,0.684578001499176,0.2557241916656494,-0.6741107702255249,0.10739125311374664,0.7081819176673889,0.20357979834079742,-0.6361490488052368,0.22879737615585327,15.997059,5.109571,1.301902,1.232565
2026-08-05T11:58:12.093610,1785923892.093611,7.338912,0.6845937967300415,0.25601938366889954,-0.6739587187767029,0.10754226893186569,0.7081926465034485,0.20380814373493195,-0.6359995007514954,0.22897613048553467,16.002527,5.104229,1.064235,-1.039761
2026-08-05T11:58:12.104310,1785923892.104310,7.349611,0.6846407055854797,0.2563052177429199,-0.6737746000289917,0.10771661251783371,0.7082962393760681,0.2038416564464569,-0.6359077095985413,0.22888082265853882,15.984682,5.057478,-1.667882,-4.369618
2026-08-05T11:58:12.138100,1785923892.138100,7.383401,0.6847231388092041,0.25631847977638245,-0.6736890077590942,0.10769572108983994,0.708440899848938,0.2036510407924652,-0.6359211802482605,0.2285654991865158,15.962261,5.013410,-0.663556,-1.304152
2026-08-05T11:58:12.154481,1785923892.154481,7.399782,0.6848309636116028,0.2560523450374603,-0.6737015843391418,0.10756400227546692,0.7085581421852112,0.2034483253955841,-0.6359447836875916,0.22831664979457855,15.947662,5.008483,-0.891235,-0.300832
2026-08-05T11:58:12.171426,1785923892.171427,7.416728,0.6849508285522461,0.25577405095100403,-0.6737070679664612,0.10742931813001633,0.7086082100868225,0.20339031517505646,-0.6358860731124878,0.22837616503238678,15.958130,5.043464,0.617781,2.064283
2026-08-05T11:58:12.188264,1785923892.188264,7.433565,0.6850143671035767,0.2556726634502411,-0.6736839413642883,0.10741008818149567,0.708566427230835,0.20346404612064362,-0.6357855200767517,0.22872015833854675,15.987231,5.089313,1.728360,2.723073
2026-08-05T11:58:12.223985,1785923892.223986,7.469286,0.6850828528404236,0.255707323551178,-0.6736039519309998,0.10739267617464066,0.7084439396858215,0.20366941392421722,-0.6356672048568726,0.22924506664276123,16.031677,5.149698,1.244224,1.690431
2026-08-05T11:58:12.238408,1785923892.238409,7.483710,0.6851364970207214,0.2558446526527405,-0.6734830737113953,0.10748123377561569,0.708277702331543,0.20385830104351044,-0.6355899572372437,0.22980432212352753,16.071088,5.194588,2.732508,3.112397
2026-08-05T11:58:12.254245,1785923892.254246,7.499546,0.6851307153701782,0.25616803765296936,-0.673331618309021,0.10769674926996231,0.7080593109130859,0.20398448407649994,-0.6355571746826172,0.23045480251312256,16.115446,5.215882,2.800951,1.344567
2026-08-05T11:58:12.271523,1785923892.271523,7.516824,0.6851671934127808,0.25642064213752747,-0.6731710433959961,0.10786665976047516,0.7078978419303894,0.20384353399276733,-0.635596752166748,0.23096610605716705,16.156696,5.212491,2.387430,-0.196231
2026-08-05T11:58:12.288340,1785923892.288340,7.533641,0.6851403117179871,0.25683337450027466,-0.673005998134613,0.10808616876602173,0.7077869772911072,0.2037259042263031,-0.6356191635131836,0.23134750127792358,16.188495,5.181145,1.890973,-1.864014
2026-08-05T11:58:12.304322,1785923892.304322,7.549623,0.68526291847229,0.25672200322151184,-0.6729772686958313,0.10775026679039001,0.7077546119689941,0.2034982293844223,-0.6356695294380188,0.23150856792926788,16.238157,5.212183,3.107278,1.942014
2026-08-05T11:58:12.321407,1785923892.321408,7.566709,0.6853858828544617,0.2563455104827881,-0.6730388402938843,0.10748031735420227,0.70778888463974,0.20326925814151764,-0.6356801986694336,0.23157572746276855,16.265595,5.253446,1.605878,2.415055
2026-08-05T11:58:12.338112,1785923892.338113,7.583413,0.685420036315918,0.25621891021728516,-0.6730259656906128,0.10764514654874802,0.7078297138214111,0.2030567079782486,-0.6356979012489319,0.2315889447927475,16.253254,5.234841,-0.738800,-1.113797
2026-08-05T11:58:12.355042,1785923892.355043,7.600344,0.6854549050331116,0.2560400068759918,-0.6730267405509949,0.10784310102462769,0.7078844904899597,0.20289699733257294,-0.6356514096260071,0.2316889613866806,16.244382,5.229803,-0.524014,-0.297566
2026-08-05T11:58:12.370266,1785923892.370266,7.615567,0.6854372620582581,0.2558368146419525,-0.6730998158454895,0.10798168927431107,0.707987368106842,0.20267987251281738,-0.6355878114700317,0.2317391186952591,16.242452,5.222233,-0.126794,-0.497252
2026-08-05T11:58:12.388195,1785923892.388195,7.633496,0.6854429244995117,0.25564464926719666,-0.6731439232826233,0.10812587291002274,0.7081053256988525,0.20229220390319824,-0.6356070041656494,0.23166455328464508,16.231771,5.188392,-0.595718,-1.887564
2026-08-05T11:58:12.405115,1785923892.405116,7.650416,0.6854848265647888,0.25531989336013794,-0.6732282042503357,0.10810230672359467,0.7082502245903015,0.20183369517326355,-0.6356673836708069,0.23145635426044464,16.221694,5.162330,-0.595555,-1.540218
2026-08-05T11:58:12.420416,1785923892.420417,7.665718,0.6855420470237732,0.2550254464149475,-0.6732823848724365,0.10809864103794098,0.7083749771118164,0.20149756968021393,-0.6356707215309143,0.23135805130004883,16.216828,5.151460,-0.317989,-0.710410
2026-08-05T11:58:12.438308,1785923892.438309,7.683610,0.6856087446212769,0.2546825408935547,-0.6733515858650208,0.10805191844701767,0.7084220051765442,0.2014698088169098,-0.6355767250061035,0.2314961850643158,16.226321,5.194749,0.530545,2.419463
2026-08-05T11:58:12.455184,1785923892.455185,7.700485,0.6856109499931335,0.254624605178833,-0.6733307838439941,0.10830367356538773,0.7084448933601379,0.2015639841556549,-0.635419487953186,0.2317754328250885,16.227090,5.210979,0.045578,0.961720
2026-08-05T11:58:12.471309,1785923892.471309,7.716610,0.6856918931007385,0.2544602155685425,-0.6732883453369141,0.10844121873378754,0.708500862121582,0.20150263607501984,-0.6353046894073486,0.23197264969348907,16.230405,5.225377,0.205560,0.892959
2026-08-05T11:58:12.487130,1785923892.487130,7.732431,0.6857650279998779,0.25438547134399414,-0.6732248663902283,0.10854879021644592,0.7085520625114441,0.20130906999111176,-0.6352928280830383,0.23201702535152435,16.227185,5.210342,-0.203488,-0.950297
2026-08-05T11:58:12.503393,1785923892.503394,7.748695,0.6859028339385986,0.25416889786720276,-0.6731730103492737,0.10850582271814346,0.7086477875709534,0.201052725315094,-0.6352885961532593,0.23195841908454895,16.225089,5.205398,-0.128853,-0.303990
2026-08-05T11:58:12.513498,1785923892.513498,7.758266,0.6859899163246155,0.2539689242839813,-0.6731577515602112,0.10851939767599106,0.708734393119812,0.2008662223815918,-0.6352564692497253,0.23194356262683868,16.222167,5.204293,-0.305314,-0.115428
2026-08-05T11:58:12.520019,1785923892.520020,7.765321,0.6860930323600769,0.25376519560813904,-0.6731119751930237,0.10862868279218674,0.7088097333908081,0.20069091022014618,-0.6352142691612244,0.2319803088903427,16.213047,5.201344,-1.292668,-0.417994
2026-08-05T11:58:12.536990,1785923892.536991,7.782291,0.6861406564712524,0.2536875009536743,-0.6730746626853943,0.10873967409133911,0.7088706493377686,0.2006312608718872,-0.6351365447044373,0.23205848038196564,16.210471,5.200191,-0.151802,-0.067956
2026-08-05T11:58:12.540635,1785923892.540636,7.785937,0.6862407922744751,0.25342050194740295,-0.6731132864952087,0.1084907278418541,0.7089784145355225,0.2005472630262375,-0.6350584626197815,0.23201575875282288,16.227017,5.231624,4.539019,8.623155
2026-08-05T11:58:12.553448,1785923892.553449,7.798749,0.6863512992858887,0.2532265782356262,-0.6730735898017883,0.10849092900753021,0.709139347076416,0.20033292472362518,-0.6350159645080566,0.2318253219127655,16.209798,5.212901,-1.343896,-1.461222
2026-08-05T11:58:12.586963,1785923892.586963,7.832264,0.6864511966705322,0.252890020608902,-0.6731088757514954,0.10842563211917877,0.7093138098716736,0.1999931037425995,-0.6350304484367371,0.23154500126838684,16.190417,5.194373,-0.578282,-0.552850
2026-08-05T11:58:12.604669,1785923892.604669,7.849970,0.6865542531013489,0.2526436150074005,-0.6731011271476746,0.10839508473873138,0.7094559073448181,0.1996646225452423,-0.6350613832473755,0.23130826652050018,16.172832,5.169874,-0.993153,-1.383656
2026-08-05T11:58:12.637547,1785923892.637547,7.882848,0.6866755485534668,0.2523554265499115,-0.6731060147285461,0.10826791077852249,0.709479570388794,0.1995004564523697,-0.6350705027580261,0.23135226964950562,16.182686,5.195406,0.299700,0.776580
2026-08-05T11:58:12.654538,1785923892.654538,7.899839,0.686835527420044,0.2521488666534424,-0.6730377078056335,0.10815836489200592,0.7094680666923523,0.1995282620191574,-0.6349886655807495,0.2315884232521057,16.204546,5.244293,1.286555,2.877180
2026-08-05T11:58:12.670870,1785923892.670870,7.916171,0.686876654624939,0.252254843711853,-0.6729615330696106,0.10812422633171082,0.7094727754592896,0.19963204860687256,-0.6348912715911865,0.23175129294395447,16.224401,5.259126,1.215742,0.908191
2026-08-05T11:58:12.687784,1785923892.687785,7.933085,0.687019944190979,0.25217124819755554,-0.6728742122650146,0.10795256495475769,0.709582507610321,0.19966356456279755,-0.6347748041152954,0.23170730471611023,16.232595,5.276923,0.484438,1.052193
2026-08-05T11:58:12.703923,1785923892.703924,7.949224,0.6870478391647339,0.2521647810935974,-0.6728262901306152,0.10808903723955154,0.7097758650779724,0.19949163496494293,-0.6347136497497559,0.2314300388097763,16.201591,5.226546,-1.921077,-3.121451
2026-08-05T11:58:12.721176,1785923892.721176,7.966477,0.6870614290237427,0.25203949213027954,-0.6728228330612183,0.10831593722105026,0.7099697589874268,0.19904457032680511,-0.634796679019928,0.23099224269390106,16.149511,5.143883,-3.018648,-4.791288
2026-08-05T11:58:12.738185,1785923892.738185,7.983486,0.6870793700218201,0.25184452533721924,-0.6728727221488953,0.10834555327892303,0.7101150155067444,0.1985739767551422,-0.6349034905433655,0.23065724968910217,16.125626,5.090347,-1.404248,-3.147527
2026-08-05T11:58:12.754049,1785923892.754050,7.999351,0.687171459197998,0.2515137195587158,-0.6729328036308289,0.10815707594156265,0.7101922631263733,0.19835491478443146,-0.6348744630813599,0.23068790137767792,16.145161,5.118252,1.231353,1.758982
2026-08-05T11:58:12.771578,1785923892.771578,8.016879,0.6872338652610779,0.25118255615234375,-0.6730219125747681,0.10797582566738129,0.7101953625679016,0.19831906259059906,-0.6347861289978027,0.23095202445983887,16.181370,5.181443,2.065725,3.605092
2026-08-05T11:58:12.788724,1785923892.788724,8.034025,0.6873184442520142,0.25093939900398254,-0.6730467081069946,0.1078481525182724,0.7102014422416687,0.19820232689380646,-0.6347420811653137,0.23115435242652893,16.209677,5.220367,1.650941,2.270107
2026-08-05T11:58:12.804502,1785923892.804502,8.049803,0.6874071955680847,0.2507930099964142,-0.6730146408081055,0.10782218724489212,0.7102722525596619,0.19794724881649017,-0.6347858309745789,0.23103517293930054,16.202310,5.203294,-0.466949,-1.082106
2026-08-05T11:58:12.820587,1785923892.820588,8.065888,0.6873403191566467,0.25072261691093445,-0.6731125116348267,0.10780138522386551,0.7103898525238037,0.19758862257003784,-0.6349011063575745,0.23066340386867523,16.182507,5.149331,-1.231130,-3.354784
2026-08-05T11:58:12.838310,1785923892.838310,8.083611,0.6872968673706055,0.2505315840244293,-0.6732221245765686,0.10783721506595612,0.710448145866394,0.19733552634716034,-0.6350363492965698,0.2303280383348465,16.149202,5.114553,-1.879179,-1.962344
2026-08-05T11:58:12.844960,1785923892.844961,8.088885,0.6872066259384155,0.25026845932006836,-0.6734110116958618,0.10784535109996796,0.7104171514511108,0.19718824326992035,-0.6351785659790039,0.230157732963562,16.128923,5.112574,-3.845487,-0.375193
2026-08-05T11:58:12.854100,1785923892.854100,8.099401,0.6871761083602905,0.25010931491851807,-0.6735150814056396,0.10775875300168991,0.7102497816085815,0.19727768003940582,-0.6352776288986206,0.2303237020969391,16.140996,5.157747,1.148036,4.295516
2026-08-05T11:58:12.870375,1785923892.870376,8.115098,0.6870961785316467,0.2501773238182068,-0.6735908389091492,0.10763739049434662,0.7100470066070557,0.19748327136039734,-0.635337233543396,0.23060870170593262,16.173953,5.205086,2.099672,3.015912
2026-08-05T11:58:12.888322,1785923892.888322,8.133623,0.6870318055152893,0.2503499388694763,-0.6736094951629639,0.10752890259027481,0.7098619341850281,0.19774074852466583,-0.6354072690010071,0.23076462745666504,16.192968,5.235089,1.026425,1.619542
2026-08-05T11:58:12.903930,1785923892.903930,8.149231,0.6867713332176208,0.2507670223712921,-0.6737090349197388,0.10759790986776352,0.7097656726837158,0.19784076511859894,-0.635536253452301,0.23061974346637726,16.187298,5.190338,-0.363282,-2.867122
2026-08-05T11:58:12.920512,1785923892.920513,8.165813,0.686618983745575,0.25093889236450195,-0.6737799048423767,0.10772623866796494,0.7096627354621887,0.19782336056232452,-0.6357657313346863,0.23031899333000183,16.148539,5.140327,-2.337381,-3.015945
2026-08-05T11:58:12.937881,1785923892.937882,8.182150,0.6863400340080261,0.2510479688644409,-0.6740171313285828,0.10776574164628983,0.7095019817352295,0.19780199229717255,-0.6360319256782532,0.2300977259874344,16.129463,5.110728,-1.167710,-1.811823
2026-08-05T11:58:12.954622,1785923892.954622,8.199923,0.6862790584564209,0.2510039806365967,-0.6741201281547546,0.10761214792728424,0.709296703338623,0.1979123204946518,-0.6362130641937256,0.2301349937915802,16.136702,5.142354,0.407304,1.779409
2026-08-05T11:58:12.971404,1785923892.971404,8.216705,0.686136782169342,0.25108855962753296,-0.6742615103721619,0.10743621736764908,0.7090299129486084,0.19818668067455292,-0.6363321542739868,0.23039163649082184,16.170160,5.197063,1.993699,3.259974
2026-08-05T11:58:12.987864,1785923892.987865,8.233166,0.6860510110855103,0.2512187361717224,-0.6743448972702026,0.107155442237854,0.7087675929069519,0.1985148936510086,-0.6364375352859497,0.23062467575073242,16.209216,5.258015,2.372711,3.702941
2026-08-05T11:58:12.993523,1785923892.993523,8.237807,0.6859220862388611,0.25147807598114014,-0.6744062900543213,0.10698583722114563,0.7085549831390381,0.19884373247623444,-0.6365432143211365,0.2307034730911255,16.228277,5.285116,4.106821,5.839107
2026-08-05T11:58:13.004033,1785923893.004033,8.249334,0.6857184767723083,0.25189945101737976,-0.6744423508644104,0.10707386583089828,0.7084211111068726,0.19914548099040985,-0.6366280317306519,0.2306196093559265,16.215922,5.260575,-1.071801,-2.129066
2026-08-05T11:58:13.039070,1785923893.039071,8.283544,0.6855413317680359,0.25218141078948975,-0.6745042204856873,0.10715378820896149,0.7083426713943481,0.19925513863563538,-0.636782169342041,0.2303401082754135,16.186261,5.216292,-0.867052,-1.294451
2026-08-05T11:58:13.041554,1785923893.041554,8.286855,0.6854416728019714,0.25223660469055176,-0.6745959520339966,0.10708337277173996,0.708283007144928,0.19929523766040802,-0.6369320154190063,0.23007476329803467,16.166329,5.199358,-6.019186,-5.113877
2026-08-05T11:58:13.087890,1785923893.087891,8.333191,0.6853968501091003,0.252210795879364,-0.6746810674667358,0.10689517110586166,0.708206295967102,0.19944395124912262,-0.6369882822036743,0.23002618551254272,16.173105,5.226116,0.146244,0.577469
2026-08-05T11:58:13.104903,1785923893.104903,8.350204,0.6853711009025574,0.25221577286720276,-0.6747550964355469,0.10658157616853714,0.7081005573272705,0.19971539080142975,-0.6369677782058716,0.23017284274101257,16.209314,5.286640,2.128318,3.557571
2026-08-05T11:58:13.121291,1785923893.121291,8.366592,0.6854211688041687,0.2522449195384979,-0.6747291684150696,0.10635263472795486,0.708006739616394,0.19999068975448608,-0.6369200944900513,0.23035432398319244,16.238127,5.341013,1.758254,3.317971
2026-08-05T11:58:13.138086,1785923893.138087,8.383387,0.685352623462677,0.2525690793991089,-0.6746684908866882,0.10641059279441833,0.708012044429779,0.20007552206516266,-0.6369020938873291,0.23031406104564667,16.238466,5.310689,0.020157,-1.805457
2026-08-05T11:58:13.143502,1785923893.143502,8.388803,0.6853209733963013,0.25281500816345215,-0.6746001243591309,0.10646342486143112,0.708077609539032,0.1999940127134323,-0.6369410157203674,0.23007553815841675,16.221700,5.256600,-3.095987,-9.987961
2026-08-05T11:58:13.146788,1785923893.146789,8.391368,0.6853318214416504,0.25288957357406616,-0.6745668053627014,0.10642687231302261,0.708151638507843,0.19989556074142456,-0.6369818449020386,0.2298201024532318,16.206075,5.222094,-6.090970,-13.451857
2026-08-05T11:58:13.153920,1785923893.153920,8.399221,0.6853973865509033,0.252834290266037,-0.6745200157165527,0.10643366724252701,0.7082123160362244,0.1998990923166275,-0.6369452476501465,0.2297315001487732,16.193569,5.218361,-1.592518,-0.475403
2026-08-05T11:58:13.187649,1785923893.187650,8.432950,0.6854941844940186,0.2527152895927429,-0.6744814515113831,0.10633733123540878,0.7082443833351135,0.19987840950489044,-0.6368966102600098,0.22978562116622925,16.203545,5.238699,0.295784,0.602985
2026-08-05T11:58:13.203942,1785923893.203943,8.448633,0.6855898499488831,0.2525084614753723,-0.674488365650177,0.10616805404424667,0.7082614898681641,0.19977490603923798,-0.6368566751480103,0.229933500289917,16.230945,5.273958,1.747169,2.248299
2026-08-05T11:58:13.221294,1785923893.221294,8.465573,0.6856209635734558,0.2525615394115448,-0.6744356751441956,0.10617536306381226,0.7082813382148743,0.19971278309822083,-0.6368008255958557,0.23008061945438385,16.249815,5.275168,1.113926,0.071427
2026-08-05T11:58:13.238184,1785923893.238184,8.483485,0.6856650114059448,0.25257983803749084,-0.6743990182876587,0.10607995837926865,0.7083279490470886,0.19958072900772095,-0.6368047595024109,0.23004089295864105,16.260667,5.265840,0.605856,-0.520755
2026-08-05T11:58:13.271338,1785923893.271339,8.516640,0.6856763362884521,0.2525434195995331,-0.6743999123573303,0.10608744621276855,0.7084078788757324,0.19942651689052582,-0.6368186473846436,0.22989007830619812,16.250705,5.242024,-0.300492,-0.718322
2026-08-05T11:58:13.288125,1785923893.288126,8.533427,0.6856913566589355,0.2523602545261383,-0.674452006816864,0.10609558969736099,0.7085081338882446,0.19918735325336456,-0.6368826031684875,0.22961115837097168,16.225530,5.213600,-1.499677,-1.693253
2026-08-05T11:58:13.294341,1785923893.294342,8.539131,0.6857485175132751,0.25218361616134644,-0.6744605302810669,0.10609191656112671,0.7085332870483398,0.1990097463130951,-0.6369414925575256,0.22952434420585632,16.215104,5.207513,-1.827653,-1.066953
2026-08-05T11:58:13.303850,1785923893.303851,8.549151,0.6858288645744324,0.2518782317638397,-0.6745180487632751,0.10593362152576447,0.7084847688674927,0.19893865287303925,-0.6369590163230896,0.22968728840351105,16.236089,5.255921,2.094219,4.830823
2026-08-05T11:58:13.320783,1785923893.320784,8.566085,0.6858361959457397,0.2517530024051666,-0.6745712757110596,0.10584443807601929,0.7083971500396729,0.19897650182247162,-0.6369467377662659,0.22995814681053162,16.265535,5.301307,1.738914,2.680293
2026-08-05T11:58:13.337910,1785923893.337910,8.582188,0.6858108639717102,0.2518608570098877,-0.674562394618988,0.10580691695213318,0.7083184123039246,0.19891896843910217,-0.6370037198066711,0.23009271919727325,16.286936,5.302088,1.329044,0.048529
2026-08-05T11:58:13.354081,1785923893.354082,8.598463,0.6858532428741455,0.2517896294593811,-0.6745580434799194,0.10573061555624008,0.7083035707473755,0.19881951808929443,-0.6370624899864197,0.23006141185760498,16.289712,5.303802,0.170574,0.105303
2026-08-05T11:58:13.371388,1785923893.371389,8.616690,0.6857642531394958,0.251790851354599,-0.6746361255645752,0.10580699890851974,0.7083104252815247,0.1986570507287979,-0.6371631622314453,0.22990204393863678,16.274102,5.271290,-0.856439,-1.783723
2026-08-05T11:58:13.387971,1785923893.387972,8.633273,0.6857742071151733,0.25162217020988464,-0.6746820211410522,0.10585062950849533,0.7082923054695129,0.19847331941127777,-0.6372731924057007,0.22981178760528564,16.258842,5.260820,-0.920205,-0.631359
2026-08-05T11:58:13.404820,1785923893.404821,8.649102,0.6856978535652161,0.25161951780319214,-0.6747349500656128,0.10601384937763214,0.70819091796875,0.19839045405387878,-0.6373530626296997,0.229974165558815,16.260942,5.256752,0.132660,-0.257012
2026-08-05T11:58:13.421226,1785923893.421226,8.666527,0.6857054233551025,0.25154536962509155,-0.6747432947158813,0.10608808696269989,0.7080463767051697,0.19844260811805725,-0.6373469829559326,0.23039056360721588,16.287568,5.298782,1.528023,2.412109
2026-08-05T11:58:13.437906,1785923893.437906,8.683207,0.6857383251190186,0.25152289867401123,-0.6747183203697205,0.10608728975057602,0.7079346776008606,0.1984170824289322,-0.637346088886261,0.23075853288173676,16.321465,5.330906,2.032233,1.925883
2026-08-05T11:58:13.453891,1785923893.453891,8.699192,0.6857485175132751,0.25140929222106934,-0.6747770309448242,0.10591752082109451,0.7078576683998108,0.19821012020111084,-0.6374291181564331,0.23094290494918823,16.358828,5.353941,2.337372,1.441056
2026-08-05T11:58:13.489225,1785923893.489226,8.734526,0.6858178377151489,0.25112736225128174,-0.6748350262641907,0.10576827824115753,0.7078409790992737,0.19774025678634644,-0.6375904083251953,0.2309512197971344,16.378129,5.353185,0.546221,-0.021391
2026-08-05T11:58:13.504021,1785923893.504021,8.749322,0.685766339302063,0.25094932317733765,-0.6749589443206787,0.10573325306177139,0.7078227996826172,0.19724678993225098,-0.6377735733985901,0.23092351853847504,16.391265,5.329578,0.887905,-1.595576
2026-08-05T11:58:13.521722,1785923893.521723,8.766659,0.6857740879058838,0.25077658891677856,-0.6750180125236511,0.1057155579328537,0.7077823281288147,0.1969929188489914,-0.6378752589225769,0.23098346590995789,16.400457,5.331313,0.530153,0.100076
2026-08-05T11:58:13.538054,1785923893.538054,8.783355,0.6857756972312927,0.25070062279701233,-0.6750442385673523,0.10571804642677307,0.7077820897102356,0.19696402549743652,-0.6378266215324402,0.23114289343357086,16.416424,5.348930,0.956337,1.055124
2026-08-05T11:58:13.554890,1785923893.554890,8.800191,0.6857945919036865,0.25040382146835327,-0.6751364469528198,0.10571015626192093,0.7077834606170654,0.19696657359600067,-0.6377683281898499,0.2312973290681839,16.424094,5.389642,0.455590,2.418205
2026-08-05T11:58:13.571392,1785923893.571393,8.816694,0.6857703328132629,0.25025659799575806,-0.675177276134491,0.10595565289258957,0.7077872157096863,0.19676922261714935,-0.6377967596054077,0.23137566447257996,16.410273,5.374056,-0.837532,-0.944463
2026-08-05T11:58:13.588047,1785923893.588047,8.832328,0.6858162879943848,0.25010573863983154,-0.6751529574394226,0.10616856068372726,0.7078016400337219,0.1963980495929718,-0.6378756165504456,0.2314291149377823,16.400055,5.344409,-0.653537,-1.896279
2026-08-05T11:58:13.594017,1785923893.594018,8.838274,0.685809850692749,0.24994014203548431,-0.6752132177352905,0.10621688514947891,0.7078031301498413,0.1960766464471817,-0.6379354596138,0.23153194785118103,16.412423,5.337717,2.080044,-1.125532
2026-08-05T11:58:13.603710,1785923893.603711,8.849012,0.6857727766036987,0.2498438060283661,-0.6752909421920776,0.10618844628334045,0.7078444957733154,0.19596536457538605,-0.6378718018531799,0.23167528212070465,16.435972,5.351040,2.193149,1.240816
2026-08-05T11:58:13.620994,1785923893.620995,8.865270,0.6858546137809753,0.24962687492370605,-0.6752938628196716,0.10615178942680359,0.7079070806503296,0.19591844081878662,-0.6377859115600586,0.23176032304763794,16.443214,5.375626,0.445423,1.512156
2026-08-05T11:58:13.638591,1785923893.638592,8.883306,0.6857624650001526,0.24939024448394775,-0.6754626035690308,0.106229767203331,0.7079794406890869,0.19573505222797394,-0.6378002166748047,0.2316550612449646,16.430057,5.366572,-0.729491,-0.501965
2026-08-05T11:58:13.654048,1785923893.654048,8.899349,0.6858052015304565,0.24924500286579132,-0.675434410572052,0.10647352784872055,0.708018958568573,0.19542577862739563,-0.6379032135009766,0.23151107132434845,16.394134,5.322319,-2.239183,-2.758389
2026-08-05T11:58:13.671577,1785923893.671578,8.916878,0.6858373880386353,0.24908679723739624,-0.6754485964775085,0.10654600709676743,0.7079871892929077,0.19525794684886932,-0.6379597187042236,0.2315939962863922,16.393184,5.324410,-0.054151,0.119284
2026-08-05T11:58:13.688109,1785923893.688110,8.933411,0.6858287453651428,0.24900811910629272,-0.6754813194274902,0.10657830536365509,0.7079110145568848,0.19532644748687744,-0.6378968358039856,0.23194260895252228,16.420318,5.364923,1.641270,2.450571
2026-08-05T11:58:13.704582,1785923893.704582,8.949883,0.685784637928009,0.2490939348936081,-0.6754862070083618,0.10663069784641266,0.7078277468681335,0.195430725812912,-0.6378447413444519,0.23225165903568268,16.446375,5.388773,1.581825,1.447831
2026-08-05T11:58:13.721630,1785923893.721630,8.966931,0.6858326196670532,0.24903419613838196,-0.6754640340805054,0.10660181939601898,0.7078377604484558,0.19535762071609497,-0.6378580331802368,0.23224592208862305,16.447541,5.389591,0.068376,0.047983
2026-08-05T11:58:13.741236,1785923893.741237,8.986537,0.6857839822769165,0.24896277487277985,-0.6755461096763611,0.10656154900789261,0.7078953981399536,0.19516222178936005,-0.6379369497299194,0.23201845586299896,16.436017,5.363562,-0.587729,-1.327563
2026-08-05T11:58:13.754663,1785923893.754664,8.998625,0.6857538819313049,0.24876585602760315,-0.6756494045257568,0.10656066983938217,0.7079265117645264,0.1949484944343567,-0.6380618214607239,0.23175892233848572,16.411173,5.342033,-2.055274,-1.781041
2026-08-05T11:58:13.771170,1785923893.771170,9.016471,0.6857356429100037,0.24859076738357544,-0.6757152080535889,0.10666926205158234,0.7079218029975891,0.19482161104679108,-0.6381147503852844,0.2317347228527069,16.396372,5.337141,-0.829385,-0.274111
2026-08-05T11:58:13.787579,1785923893.787579,9.031818,0.6857141256332397,0.24850448966026306,-0.6757494211196899,0.10679199546575546,0.7078611850738525,0.19477491080760956,-0.638119101524353,0.2319469302892685,16.403863,5.350184,0.488096,0.849915
2026-08-05T11:58:13.804705,1785923893.804705,9.050006,0.6856754422187805,0.2484382688999176,-0.6758056879043579,0.10683795064687729,0.7077822089195251,0.19463740289211273,-0.6381489634513855,0.23222072422504425,16.429930,5.365407,1.433155,0.836939
2026-08-05T11:58:13.821118,1785923893.821118,9.066419,0.685678243637085,0.2483779937028885,-0.6758236289024353,0.10684733092784882,0.7077348232269287,0.19426272809505463,-0.6382731795310974,0.23233748972415924,16.450230,5.349588,1.236869,-0.963809
2026-08-05T11:58:13.836473,1785923893.836473,9.080363,0.6857072114944458,0.2481870949268341,-0.6758772730827332,0.10676489025354385,0.7076680064201355,0.19366006553173065,-0.638543426990509,0.23230235278606415,16.464710,5.321558,1.038425,-2.010151
2026-08-05T11:58:13.854191,1785923893.854192,9.098491,0.6856978535652161,0.24791117012500763,-0.6760041117668152,0.10666310042142868,0.7076294422149658,0.193013533949852,-0.6387996673583984,0.23225253820419312,16.481781,5.297774,0.941650,-1.312020
2026-08-05T11:58:13.869584,1785923893.869584,9.114885,0.6855694055557251,0.24776719510555267,-0.676210880279541,0.10651322454214096,0.7075762748718262,0.19242402911186218,-0.6390551924705505,0.23220108449459076,16.511145,5.271148,1.791195,-1.624144
2026-08-05T11:58:13.886248,1785923893.886248,9.131549,0.685614824295044,0.24730485677719116,-0.67638099193573,0.1062149628996849,0.707453727722168,0.19196859002113342,-0.6393002867698669,0.23227687180042267,16.543225,5.307097,1.925060,2.157292
2026-08-05T11:58:13.903920,1785923893.903920,9.148535,0.6855142116546631,0.24698133766651154,-0.6766376495361328,0.10598170757293701,0.7073255777359009,0.19160766899585724,-0.6394788026809692,0.23247428238391876,16.589956,5.344063,2.751202,2.176277
2026-08-05T11:58:13.910473,1785923893.910474,9.155775,0.6855809092521667,0.24655978381633759,-0.676751434803009,0.1058058962225914,0.7071709036827087,0.19118380546569824,-0.6397136449813843,0.232647106051445,16.617729,5.377703,3.836035,4.646613
2026-08-05T11:58:13.936452,1785923893.936452,9.181753,0.6854803562164307,0.24632804095745087,-0.6769553422927856,0.10569257289171219,0.7070034146308899,0.19067102670669556,-0.6400179862976074,0.23274017870426178,16.646761,5.376190,1.117595,-0.058244
2026-08-05T11:58:13.953102,1785923893.953102,9.198403,0.685433566570282,0.2462216168642044,-0.6770552396774292,0.10560304671525955,0.7068936228752136,0.19027315080165863,-0.6402592658996582,0.23273566365242004,16.662984,5.361585,0.974299,-0.877175
2026-08-05T11:58:13.969779,1785923893.969779,9.215080,0.6853141784667969,0.24600084125995636,-0.6772698760032654,0.10551617294549942,0.7068135142326355,0.18997246026992798,-0.6404476761817932,0.23270577192306519,16.673680,5.363096,0.641390,0.090604
2026-08-05T11:58:13.986879,1785923893.986879,9.232180,0.6851189732551575,0.24575500190258026,-0.6775491833686829,0.10556335002183914,0.706699550151825,0.18965360522270203,-0.6406848430633545,0.23265957832336426,16.670142,5.354368,-0.206904,-0.510460
2026-08-05T11:58:14.004065,1785923894.004066,9.249366,0.6849877238273621,0.24543769657611847,-0.6777926683425903,0.10559066385030746,0.7065736055374146,0.18930819630622864,-0.6409354209899902,0.2326328605413437,16.665845,5.352979,-0.250029,-0.080771
2026-08-05T11:58:14.020524,1785923894.020525,9.265825,0.684829592704773,0.24531546235084534,-0.6779887080192566,0.10564238578081131,0.7063953280448914,0.18915396928787231,-0.6411194205284119,0.23279230296611786,16.678094,5.364118,0.744188,0.676776
2026-08-05T11:58:14.037885,1785923894.037886,9.283186,0.6846573948860168,0.24526181817054749,-0.6781775951385498,0.10567060858011246,0.7062305212020874,0.18915525078773499,-0.6412215828895569,0.23301050066947937,16.697400,5.388481,1.112062,1.403298
2026-08-05T11:58:14.043118,1785923894.043118,9.288419,0.6844649314880371,0.24534578621387482,-0.678327202796936,0.10576172173023224,0.7061091661453247,0.1891675889492035,-0.6412909030914307,0.23317722976207733,16.711727,5.391437,2.738156,0.564842
2026-08-05T11:58:14.053828,1785923894.053829,9.299130,0.6842934489250183,0.2454495131969452,-0.6784401535987854,0.10590650886297226,0.7060059309005737,0.18908493220806122,-0.6414306163787842,0.23317240178585052,16.705358,5.365796,-0.594622,-2.393844
2026-08-05T11:58:14.087779,1785923894.087780,9.332050,0.6841485500335693,0.24546191096305847,-0.6785672903060913,0.10599898546934128,0.7059265971183777,0.18892045319080353,-0.6416174173355103,0.23303218185901642,16.689272,5.334041,-0.488646,-0.964609
2026-08-05T11:58:14.104159,1785923894.104160,9.349461,0.6840757131576538,0.24550415575504303,-0.6786180138587952,0.10604683309793472,0.7058137059211731,0.1889202892780304,-0.6417423486709595,0.23303014039993286,16.683311,5.328281,-0.342392,-0.330855
2026-08-05T11:58:14.120806,1785923894.120806,9.366107,0.6840252876281738,0.24541853368282318,-0.6787148118019104,0.10595093667507172,0.7057216167449951,0.18906795978546143,-0.6417528390884399,0.2331605851650238,16.697423,5.368367,0.847809,2.408143
2026-08-05T11:58:14.137739,1785923894.137740,9.383040,0.6839794516563416,0.24544869363307953,-0.6787726879119873,0.10580495744943619,0.7056300044059753,0.18926306068897247,-0.6417471766471863,0.23329457640647888,16.719297,5.406044,1.291762,2.224989
2026-08-05T11:58:14.154588,1785923894.154589,9.399889,0.6839874982833862,0.24549005925655365,-0.6787607073783875,0.10573376715183258,0.7056183218955994,0.1893148422241211,-0.6417502164840698,0.2332800179719925,16.723752,5.411079,0.264375,0.298839
2026-08-05T11:58:14.171643,1785923894.171643,9.416944,0.683896005153656,0.24569952487945557,-0.6787811517715454,0.10570783168077469,0.7056374549865723,0.18930788338184357,-0.6417894959449768,0.23311938345432281,16.721161,5.380279,-0.151896,-1.805916
2026-08-05T11:58:14.187864,1785923894.187865,9.433166,0.6839544177055359,0.24575866758823395,-0.6787149906158447,0.10561791062355042,0.7056789398193359,0.18933963775634766,-0.6418108940124512,0.23290884494781494,16.707428,5.366083,-0.846651,-0.875160
2026-08-05T11:58:14.193642,1785923894.193642,9.437642,0.6839425563812256,0.2458382546901703,-0.6786928772926331,0.10565146058797836,0.7057424783706665,0.18943633139133453,-0.641774594783783,0.23273785412311554,16.687843,5.348984,-4.375237,-3.819839
2026-08-05T11:58:14.203751,1785923894.203751,9.449052,0.6839451193809509,0.24584583938121796,-0.6786954998970032,0.10559991747140884,0.7057712078094482,0.18958859145641327,-0.6417186260223389,0.23268111050128937,16.683045,5.359733,-0.420467,0.942088
2026-08-05T11:58:14.237566,1785923894.237566,9.481843,0.6839982271194458,0.24586857855319977,-0.6786412000656128,0.1055518090724945,0.7058050632476807,0.1897526979446411,-0.6416297554969788,0.23268970847129822,16.683143,5.374919,0.002989,0.463086
2026-08-05T11:58:14.254086,1785923894.254086,9.498389,0.6840646266937256,0.24597984552383423,-0.6785398721694946,0.10551436245441437,0.7058321833610535,0.18988443911075592,-0.6415473818778992,0.23272709548473358,16.688522,5.380967,0.325085,0.365585
2026-08-05T11:58:14.271673,1785923894.271674,9.516463,0.6841350197792053,0.24604420363903046,-0.6784598231315613,0.1054224818944931,0.7058912515640259,0.18994291126728058,-0.6414705514907837,0.2327118068933487,16.696189,5.384655,0.424179,0.204036
2026-08-05T11:58:14.287648,1785923894.287649,9.532949,0.6842374801635742,0.2460690289735794,-0.6783731579780579,0.105258047580719,0.705970048904419,0.18991567194461823,-0.6414274573326111,0.23261387646198273,16.703498,5.383240,0.443376,-0.085839
2026-08-05T11:58:14.304318,1785923894.304318,9.549619,0.6843158006668091,0.2461220622062683,-0.6782776713371277,0.10523964464664459,0.706087052822113,0.18979334831237793,-0.6414006948471069,0.23243233561515808,16.693558,5.352455,-0.596298,-1.846771
2026-08-05T11:58:14.321181,1785923894.321182,9.566483,0.6844249963760376,0.24609684944152832,-0.6781807541847229,0.10521218925714493,0.7061859965324402,0.1896587312221527,-0.6413776874542236,0.23230549693107605,16.686126,5.333166,-0.440739,-1.143855
2026-08-05T11:58:14.337485,1785923894.337485,9.582786,0.6845129132270813,0.24603146314620972,-0.6781325340270996,0.10510453581809998,0.7062630653381348,0.18958976864814758,-0.6413370966911316,0.23223905265331268,16.690014,5.334780,0.238488,0.099003
2026-08-05T11:58:14.342768,1785923894.342768,9.588069,0.6846325397491455,0.2459113895893097,-0.6780862808227539,0.1049046516418457,0.706337571144104,0.18958622217178345,-0.6412662267684937,0.2322114259004593,16.702066,5.357153,2.281167,4.234837
2026-08-05T11:58:14.353478,1785923894.353478,9.598779,0.684724748134613,0.24588795006275177,-0.6780073046684265,0.10486854612827301,0.7064578533172607,0.18947651982307434,-0.641187310218811,0.23215289413928986,16.704129,5.345928,0.192637,-1.048042
2026-08-05T11:58:14.387679,1785923894.387680,9.632981,0.6847991943359375,0.24576565623283386,-0.677975058555603,0.10487817227840424,0.7065825462341309,0.18910886347293854,-0.6412489414215088,0.2319028526544571,16.687154,5.302872,-0.496316,-1.258911
2026-08-05T11:58:14.403570,1785923894.403571,9.648108,0.6849357485771179,0.2455434501171112,-0.677923321723938,0.10484085232019424,0.7066397070884705,0.18844933807849884,-0.6414722204208374,0.23164798319339752,16.675679,5.248800,-0.758552,-3.574340
2026-08-05T11:58:14.421095,1785923894.421095,9.666396,0.6850353479385376,0.24526447057724,-0.6779454350471497,0.10470010340213776,0.7066189646720886,0.1878276765346527,-0.641698956489563,0.23158785700798035,16.691325,5.228800,0.855569,-1.093639
2026-08-05T11:58:14.437584,1785923894.437584,9.682885,0.6851431131362915,0.24498924612998962,-0.6779751777648926,0.1044464036822319,0.7065590620040894,0.18724897503852844,-0.6418699026107788,0.23176556825637817,16.741461,5.241297,3.040566,0.757912
2026-08-05T11:58:14.454425,1785923894.454425,9.699726,0.6851778626441956,0.2448570728302002,-0.6780202388763428,0.10423582792282104,0.7064465880393982,0.1867295652627945,-0.6420267820358276,0.23209248483181,16.807326,5.255896,3.910968,0.866853
2026-08-05T11:58:14.470991,1785923894.470991,9.715445,0.6851989030838013,0.24467919766902924,-0.6781212687492371,0.10385685414075851,0.7063353061676025,0.1861267238855362,-0.6422416567802429,0.2323206514120102,16.882204,5.272926,4.763615,1.083418
2026-08-05T11:58:14.487877,1785923894.487878,9.733179,0.6852611303329468,0.24456101655960083,-0.6781207919120789,0.10372776538133621,0.7062775492668152,0.1854063868522644,-0.6424608826637268,0.23246601223945618,16.929247,5.247142,2.652700,-1.453948
2026-08-05T11:58:14.492485,1785923894.492486,9.737786,0.6852643489837646,0.24432025849819183,-0.6782106161117554,0.10368712991476059,0.7061944603919983,0.1845034956932068,-0.6427800059318542,0.23255495727062225,16.965109,5.206508,7.783206,-8.818775
2026-08-05T11:58:14.553665,1785923894.553665,9.798966,0.6852641105651855,0.24408522248268127,-0.6782780885696411,0.10380009561777115,0.706096887588501,0.18366068601608276,-0.643064022064209,0.2327331304550171,16.992483,5.165838,0.447424,-0.664765
2026-08-05T11:58:14.571113,1785923894.571113,9.816414,0.6850557923316956,0.24401600658893585,-0.6785044074058533,0.103859081864357,0.7060155272483826,0.18298546969890594,-0.6432629823684692,0.232962504029274,17.040811,5.133508,2.769911,-1.852948
2026-08-05T11:58:14.587628,1785923894.587629,9.832930,0.6850790977478027,0.24356015026569366,-0.6786600351333618,0.10375849902629852,0.7059633135795593,0.1823125034570694,-0.6434367299079895,0.23316781222820282,17.079898,5.145341,2.366631,0.716480
2026-08-05T11:58:14.604742,1785923894.604743,9.850044,0.6848444938659668,0.24317976832389832,-0.6790233254432678,0.10382267087697983,0.7059116363525391,0.18154779076576233,-0.6437035799026489,0.23318418860435486,17.098924,5.115569,1.111659,-1.739594
2026-08-05T11:58:14.621059,1785923894.621059,9.866360,0.6848070025444031,0.24282003939151764,-0.6791895031929016,0.10382425040006638,0.7058343291282654,0.1810406744480133,-0.6439455151557922,0.23314478993415833,17.099142,5.104524,0.013398,-0.676950
2026-08-05T11:58:14.637619,1785923894.637620,9.882921,0.6845170855522156,0.2424725443124771,-0.6795247793197632,0.10435399413108826,0.7057815790176392,0.1809929758310318,-0.6439808011054993,0.2332439124584198,17.054038,5.101175,-2.723610,-0.202265
2026-08-05T11:58:14.642994,1785923894.642994,9.888295,0.6842120885848999,0.2426237165927887,-0.679646372795105,0.10520734637975693,0.7057526707649231,0.18125608563423157,-0.6438384056091309,0.23351986706256866,17.003109,5.066895,-9.476602,-6.378474
2026-08-05T11:58:14.646379,1785923894.646379,9.890785,0.6839925050735474,0.2428298145532608,-0.6796855926513672,0.10590357333421707,0.7056833505630493,0.18135690689086914,-0.6438292264938354,0.23367637395858765,16.958358,5.016738,-17.966775,-20.137457
2026-08-05T11:58:14.653558,1785923894.653558,9.898859,0.6838324666023254,0.24286793172359467,-0.6797845959663391,0.10621403902769089,0.7055606842041016,0.18117932975292206,-0.6439778208732605,0.23377513885498047,16.946921,4.985099,-1.416513,-3.918799
2026-08-05T11:58:14.670925,1785923894.670926,9.916227,0.6836796402931213,0.24302102625370026,-0.6798520684242249,0.10641583055257797,0.7054167985916138,0.18091319501399994,-0.6441610455513,0.2339106798171997,16.957461,4.947675,0.606846,-2.154839
2026-08-05T11:58:14.687409,1785923894.687409,9.931692,0.6836082339286804,0.24305585026741028,-0.6799254417419434,0.10632556676864624,0.7052528262138367,0.18081699311733246,-0.6442770957946777,0.23416003584861755,16.994705,4.967472,2.408186,1.280096
2026-08-05T11:58:14.704293,1785923894.704293,9.949594,0.6836342215538025,0.24275493621826172,-0.6800403594970703,0.10611074417829514,0.7051774859428406,0.18075089156627655,-0.6443188190460205,0.23432296514511108,17.021206,5.021039,1.480362,2.992319
2026-08-05T11:58:14.737703,1785923894.737703,9.983004,0.6838107705116272,0.24211914837360382,-0.6801478862762451,0.10573562234640121,0.7051892280578613,0.1805112659931183,-0.6443786025047302,0.23430795967578888,17.036624,5.086355,0.461479,1.954962
2026-08-05T11:58:14.753171,1785923894.753172,9.998472,0.6840930581092834,0.2414129376411438,-0.6802230477333069,0.10503938794136047,0.7051869034767151,0.17991314828395844,-0.6446406245231628,0.23405368626117706,17.065654,5.133514,1.876742,3.048688
2026-08-05T11:58:14.769886,1785923894.769887,10.014490,0.6841557621955872,0.24102333188056946,-0.6803684830665588,0.10458248853683472,0.7051495313644409,0.17921240627765656,-0.6449625492095947,0.23381735384464264,17.095974,5.127904,1.892828,-0.350236
2026-08-05T11:58:14.787051,1785923894.787051,10.032352,0.6840273141860962,0.24114222824573517,-0.6804311275482178,0.10474123805761337,0.70500648021698,0.1787484735250473,-0.645197331905365,0.23395603895187378,17.116943,5.080896,1.173969,-2.631754
2026-08-05T11:58:14.792398,1785923894.792398,10.037699,0.6838533282279968,0.2413909137248993,-0.680496096611023,0.10488253831863403,0.7047452330589294,0.17855392396450043,-0.6453219056129456,0.23454712331295013,17.180005,5.085573,11.793473,0.874629
2026-08-05T11:58:14.836825,1785923894.836825,10.081166,0.6838782429695129,0.2416505068540573,-0.6804440021514893,0.10445845127105713,0.7043842673301697,0.17851147055625916,-0.645430862903595,0.23536303639411926,17.307611,5.165665,2.935718,1.842619
2026-08-05T11:58:14.855540,1785923894.855541,10.098827,0.6842002272605896,0.24159139394760132,-0.6803246736526489,0.1032574251294136,0.7039545178413391,0.17871379852294922,-0.645510196685791,0.23627550899982452,17.489715,5.363723,10.310759,11.214036
2026-08-05T11:58:14.870402,1785923894.870402,10.114677,0.6847332119941711,0.2419482320547104,-0.679801344871521,0.10233184695243835,0.703590989112854,0.17932724952697754,-0.6453519463539124,0.23732365667819977,17.653592,5.544778,10.339480,11.423326
2026-08-05T11:58:14.886811,1785923894.886812,10.132113,0.6851746439933777,0.2432963103055954,-0.6788683533668518,0.10237421840429306,0.7035549879074097,0.18025273084640503,-0.6447334885597229,0.23840796947479248,17.763828,5.583120,6.322520,2.199065
2026-08-05T11:58:14.902709,1785923894.902710,10.146828,0.6853625774383545,0.245433509349823,-0.6777638792991638,0.10332917422056198,0.7037584781646729,0.18107163906097412,-0.6440061926841736,0.23915134370326996,17.795492,5.437730,2.151676,-9.879935
2026-08-05T11:58:14.920129,1785923894.920130,10.165431,0.6852196455001831,0.24795840680599213,-0.676756739616394,0.10483850538730621,0.704091489315033,0.18169251084327698,-0.643391489982605,0.23935426771640778,17.753564,5.151439,-2.253894,-15.390043
2026-08-05T11:58:14.937260,1785923894.937260,10.182561,0.6851643323898315,0.2502586841583252,-0.6757182478904724,0.10642129927873611,0.7044566869735718,0.18250484764575958,-0.642802357673645,0.2392449826002121,17.654267,4.868036,-5.796433,-16.543655
2026-08-05T11:58:14.942286,1785923894.942287,10.187587,0.685267448425293,0.2518397867679596,-0.6748287677764893,0.10766433924436569,0.7047820091247559,0.18362613022327423,-0.6422063708305359,0.23902875185012817,17.529267,4.693353,-24.869121,-34.753470
2026-08-05T11:58:14.945021,1785923894.945022,10.190322,0.6851862668991089,0.2532201409339905,-0.6741845607757568,0.10897171497344971,0.7049127817153931,0.1850392073392868,-0.6416906118392944,0.23893871903419495,17.389703,4.570870,-51.030761,-44.785270
2026-08-05T11:58:14.953546,1785923894.953546,10.198847,0.6850284934043884,0.25434547662734985,-0.6737076640129089,0.1102832779288292,0.7047644853591919,0.18664534389972687,-0.6413286924362183,0.23909838497638702,17.248711,4.513014,-16.539293,-6.786854
2026-08-05T11:58:14.970869,1785923894.970869,10.216170,0.6847519874572754,0.25550195574760437,-0.67330402135849,0.11178246140480042,0.7043681144714355,0.18848825991153717,-0.6409316062927246,0.23988419771194458,17.141053,4.513769,-6.214828,0.043565
2026-08-05T11:58:14.987255,1785923894.987255,10.232556,0.6843423843383789,0.25690752267837524,-0.6729031801223755,0.11347048729658127,0.7037910223007202,0.19049252569675446,-0.6404120326042175,0.24137791991233826,17.091590,4.552656,-3.018622,2.373169
2026-08-05T11:58:15.004006,1785923895.004006,10.249307,0.6838679909706116,0.2585785388946533,-0.672407329082489,0.1154569685459137,0.703092634677887,0.19233761727809906,-0.6398921608924866,0.24332109093666077,17.075669,4.570000,-0.950415,1.035447
2026-08-05T11:58:15.037383,1785923895.037383,10.282684,0.6834172606468201,0.26011064648628235,-0.6719110012054443,0.11755473911762238,0.7024438381195068,0.19360502064228058,-0.6394780874252319,0.24527029693126678,17.069590,4.542924,-0.182124,-0.811219
2026-08-05T11:58:15.053735,1785923895.053736,10.299037,0.6828808188438416,0.26088908314704895,-0.6718717217445374,0.11916043609380722,0.7019517421722412,0.1940547525882721,-0.6392742991447449,0.24685023725032806,17.088743,4.523854,1.171237,-1.166197
2026-08-05T11:58:15.070594,1785923895.070594,10.315895,0.6826278567314148,0.26058027148246765,-0.6720908284187317,0.12004736065864563,0.7016183137893677,0.19358110427856445,-0.6393846273422241,0.24788212776184082,17.113075,4.535408,1.443338,0.685363
2026-08-05T11:58:15.086603,1785923895.086604,10.331905,0.682535707950592,0.25912296772003174,-0.672727644443512,0.1201581135392189,0.701453447341919,0.19234664738178253,-0.6397152543067932,0.24845637381076813,17.153950,4.609519,2.553161,4.629127
2026-08-05T11:58:15.090430,1785923895.090430,10.335731,0.6826434135437012,0.2569997310638428,-0.6734920740127563,0.11982376128435135,0.7014555335044861,0.1904587596654892,-0.6401717662811279,0.2487284541130066,17.208051,4.696989,14.138902,22.859885
2026-08-05T11:58:15.092971,1785923895.092971,10.338272,0.6827848553657532,0.25454699993133545,-0.6743901371955872,0.11920031905174255,0.7016381025314331,0.18798694014549255,-0.6406898498535156,0.24876034259796143,17.284073,4.766362,29.920067,27.303164
2026-08-05T11:58:15.120001,1785923895.120001,10.364593,0.6828587651252747,0.25191232562065125,-0.67542564868927,0.11850959807634354,0.7020687460899353,0.18489651381969452,-0.6412597894668579,0.2483922839164734,17.356283,4.770020,2.743433,0.138997
2026-08-05T11:58:15.136149,1785923895.136149,10.381450,0.6830042004585266,0.2488226592540741,-0.676577091217041,0.11762688308954239,0.7027970552444458,0.18118935823440552,-0.6419053077697754,0.24739541113376617,17.398407,4.722203,2.498852,-2.836579
2026-08-05T11:58:15.153602,1785923895.153602,10.398903,0.6831981539726257,0.24519957602024078,-0.6779672503471375,0.1160946786403656,0.7038504481315613,0.17676010727882385,-0.64267498254776,0.24559997022151947,17.443663,4.643547,2.593051,-4.506749
2026-08-05T11:58:15.170279,1785923895.170279,10.415580,0.6836966872215271,0.24074020981788635,-0.6795562505722046,0.11316543072462082,0.7051281332969666,0.17166827619075775,-0.6436609029769897,0.2429506778717041,17.532340,4.620819,5.317436,-1.362866
2026-08-05T11:58:15.187309,1785923895.187309,10.432610,0.6844063997268677,0.2363230586051941,-0.6810336112976074,0.10923750698566437,0.7063874006271362,0.166458860039711,-0.6448723673820496,0.23968303203582764,17.654073,4.610348,7.148114,-0.614883
2026-08-05T11:58:15.203062,1785923895.203063,10.448364,0.6853792667388916,0.23236146569252014,-0.68208909034729,0.10496624559164047,0.707460880279541,0.1622464805841446,-0.6459894180297852,0.2363746017217636,17.760991,4.663975,6.786828,3.404111
2026-08-05T11:58:15.219107,1785923895.219107,10.464408,0.6861144304275513,0.22985297441482544,-0.6826916337013245,0.10172008723020554,0.7083225846290588,0.1597428172826767,-0.6467466950416565,0.23340989649295807,17.786147,4.677621,1.567887,0.850510
2026-08-05T11:58:15.253271,1785923895.253272,10.498573,0.6862063407897949,0.2295645773410797,-0.6828916668891907,0.10040006041526794,0.7088425755500793,0.1592247039079666,-0.6471516489982605,0.23105116188526154,17.698566,4.560475,-2.563497,-3.428882
2026-08-05T11:58:15.259982,1785923895.259983,10.505284,0.6859679222106934,0.23066070675849915,-0.6827542185783386,0.10045124590396881,0.7090367674827576,0.1602483093738556,-0.6473543643951416,0.22917258739471436,17.513338,4.382741,-27.600741,-26.483943
2026-08-05T11:58:15.275413,1785923895.275413,10.520714,0.6854344606399536,0.2322404384613037,-0.6826958656311035,0.10084886103868484,0.708976686000824,0.1623208224773407,-0.6474308371543884,0.2276785522699356,17.308912,4.257754,-13.248423,-8.100146
2026-08-05T11:58:15.287084,1785923895.287084,10.532385,0.6850560307502747,0.23329412937164307,-0.6827353835105896,0.10072088986635208,0.7086784243583679,0.1647108942270279,-0.6475986242294312,0.22640995681285858,17.125803,4.269140,-15.688818,0.975540
2026-08-05T11:58:15.292949,1785923895.292949,10.538250,0.6847165822982788,0.23349197208881378,-0.6831658482551575,0.09964615106582642,0.7082951068878174,0.16686227917671204,-0.6478472948074341,0.22532020509243011,17.026552,4.429488,-16.922879,27.340490
2026-08-05T11:58:15.303894,1785923895.303894,10.549195,0.6843690872192383,0.23326748609542847,-0.6838241815567017,0.0980309396982193,0.7079238891601562,0.16824369132518768,-0.6483187675476074,0.22410015761852264,16.987872,4.596685,-3.534086,15.276301
2026-08-05T11:58:15.319291,1785923895.319292,10.564593,0.6840364933013916,0.23259921371936798,-0.684678316116333,0.09595625102519989,0.7076658010482788,0.1685425490140915,-0.649063766002655,0.22252804040908813,16.993075,4.720507,0.337864,8.041507
2026-08-05T11:58:15.335954,1785923895.335954,10.581255,0.6835952997207642,0.2319464087486267,-0.6856284141540527,0.09387348592281342,0.70753014087677,0.1678914576768875,-0.650040328502655,0.2205924540758133,17.012341,4.734332,1.156240,0.829710
2026-08-05T11:58:15.353765,1785923895.353765,10.599066,0.6832578182220459,0.23102298378944397,-0.6865537762641907,0.09182117879390717,0.7074864506721497,0.1667446792125702,-0.651094377040863,0.21848435699939728,17.019905,4.713250,0.424715,-1.183624
2026-08-05T11:58:15.371920,1785923895.371921,10.617221,0.6829351186752319,0.22989888489246368,-0.687535285949707,0.08967484533786774,0.7075099349021912,0.16563136875629425,-0.6520164012908936,0.216496542096138,17.043086,4.729389,1.276812,0.888961
2026-08-05T11:58:15.376314,1785923895.376315,10.621615,0.6827736496925354,0.2286541908979416,-0.6883809566497803,0.08757343143224716,0.7075393795967102,0.16481083631515503,-0.6527765989303589,0.2147284746170044,17.060795,4.793869,4.030213,14.674404
2026-08-05T11:58:15.420472,1785923895.420473,10.665773,0.6824898719787598,0.22799454629421234,-0.689067006111145,0.08609838783740997,0.7074710130691528,0.1645243614912033,-0.6533639430999756,0.2133830189704895,17.062037,4.836967,0.028118,0.975998
2026-08-05T11:58:15.454125,1785923895.454125,10.699426,0.6822693943977356,0.2278595268726349,-0.6894107460975647,0.0854480192065239,0.707336962223053,0.1647932231426239,-0.6537262201309204,0.21250829100608826,17.021370,4.852615,-1.208408,0.464967
2026-08-05T11:58:15.470285,1785923895.470286,10.715587,0.6818470358848572,0.22839771211147308,-0.6896279454231262,0.08563091605901718,0.707172155380249,0.16539853811264038,-0.6539000272750854,0.21205100417137146,16.961389,4.805563,-3.711622,-2.911513
2026-08-05T11:58:15.486614,1785923895.486614,10.731915,0.6813996434211731,0.22913360595703125,-0.6897810101509094,0.08599217236042023,0.7070156335830688,0.1661197543144226,-0.6539578437805176,0.21183063089847565,16.913442,4.755784,-2.936337,-3.048608
2026-08-05T11:58:15.503789,1785923895.503790,10.749091,0.6810060739517212,0.22966696321964264,-0.6899630427360535,0.08622510731220245,0.7069289684295654,0.16654852032661438,-0.6540201902389526,0.21159110963344574,16.881823,4.707597,-1.840990,-2.805571
2026-08-05T11:58:15.520028,1785923895.520028,10.765329,0.6807228326797485,0.22978907823562622,-0.6902158260345459,0.08611445128917694,0.7068637609481812,0.16652415692806244,-0.6542321443557739,0.21117249131202698,16.864513,4.670896,-1.065939,-2.260145
2026-08-05T11:58:15.525254,1785923895.525254,10.770555,0.6806474924087524,0.22950300574302673,-0.6904387474060059,0.08568476140499115,0.7068014740943909,0.1661834716796875,-0.6545502543449402,0.21066266298294067,16.856978,4.661715,-1.441958,-1.756803
2026-08-05T11:58:15.536490,1785923895.536491,10.781791,0.6805428862571716,0.22926995158195496,-0.690653920173645,0.08540506660938263,0.706712007522583,0.16581077873706818,-0.6548389196395874,0.2103591114282608,16.859817,4.651129,0.252655,-0.942119
2026-08-05T11:58:15.552579,1785923895.552580,10.797880,0.6803239583969116,0.2293919324874878,-0.690830647945404,0.08539266884326935,0.7065892815589905,0.16565831005573273,-0.6549882888793945,0.21042652428150177,16.883978,4.637514,1.501720,-0.846212
2026-08-05T11:58:15.571591,1785923895.571591,10.816892,0.6801435947418213,0.22960937023162842,-0.6909003853797913,0.08568114042282104,0.706421971321106,0.16561776399612427,-0.6550765037536621,0.21074587106704712,16.899594,4.622124,0.821381,-0.809535
2026-08-05T11:58:15.586587,1785923895.586587,10.831888,0.6797791719436646,0.23015955090522766,-0.6910091042518616,0.08621717244386673,0.7062292695045471,0.16554851830005646,-0.6551640033721924,0.2111734002828598,16.924184,4.565354,1.639800,-3.785615
2026-08-05T11:58:15.603619,1785923895.603619,10.848920,0.6796075105667114,0.2305152863264084,-0.6910099983215332,0.08661311864852905,0.7060427665710449,0.16550472378730774,-0.6552371978759766,0.21160396933555603,16.945382,4.538359,1.244569,-1.584964
2026-08-05T11:58:15.620308,1785923895.620308,10.865609,0.679452657699585,0.23075973987579346,-0.6910390853881836,0.0869440883398056,0.7058807015419006,0.16544322669506073,-0.655293345451355,0.21201807260513306,16.968057,4.523220,1.358694,-0.907181
2026-08-05T11:58:15.637262,1785923895.637262,10.882254,0.6793402433395386,0.23084677755832672,-0.6911054253578186,0.08706338703632355,0.7056824564933777,0.16543948650360107,-0.6553745269775391,0.21242953836917877,16.998883,4.543805,1.852012,1.236732
2026-08-05T11:58:15.653631,1785923895.653631,10.898932,0.6792710423469543,0.23093822598457336,-0.6911389231681824,0.08709509670734406,0.7054176926612854,0.16558219492435455,-0.6554797887802124,0.21287281811237335,17.030360,4.586289,1.887248,2.547285
2026-08-05T11:58:15.687171,1785923895.687171,10.932472,0.6791614890098572,0.2313472181558609,-0.6910820603370667,0.08731376379728317,0.7051411867141724,0.16597428917884827,-0.6554999947547913,0.21342045068740845,17.057765,4.614783,0.817098,0.849541
2026-08-05T11:58:15.691995,1785923895.691996,10.937296,0.6789253950119019,0.2320583015680313,-0.6910271644592285,0.08769797533750534,0.7047999501228333,0.1667168140411377,-0.6554602384567261,0.2140899896621704,17.081470,4.643303,4.913387,5.911350
2026-08-05T11:58:15.704856,1785923895.704857,10.950158,0.6787012219429016,0.23309653997421265,-0.6908007860183716,0.08845850825309753,0.7044839859008789,0.1676517128944397,-0.6553469896316528,0.21474570035934448,17.071535,4.626476,-0.772499,-1.308361
2026-08-05T11:58:15.709141,1785923895.709141,10.954442,0.6784698963165283,0.23415881395339966,-0.690563440322876,0.08927830308675766,0.7042117118835449,0.16865044832229614,-0.6551859974861145,0.21534700691699982,17.050547,4.602705,-4.898687,-5.548158
2026-08-05T11:58:15.737098,1785923895.737098,10.982399,0.6782618165016174,0.2350836843252182,-0.6903550028800964,0.09003784507513046,0.703974187374115,0.16951529681682587,-0.6550660133361816,0.2158091813325882,17.021617,4.572844,-1.034785,-1.068105
2026-08-05T11:58:15.754370,1785923895.754370,10.999671,0.6781861782073975,0.23576919734477997,-0.6901347637176514,0.09050286561250687,0.7037776112556458,0.17019198834896088,-0.6549717783927917,0.2162034511566162,17.009334,4.565638,-0.711210,-0.417217
2026-08-05T11:58:15.769942,1785923895.769942,11.015243,0.6781193017959595,0.23611770570278168,-0.6900836229324341,0.09048382937908173,0.7035993337631226,0.17071186006069183,-0.6549001932144165,0.21659012138843536,17.038546,4.613556,1.875961,3.077152
2026-08-05T11:58:15.786736,1785923895.786736,11.032037,0.6780700087547302,0.23645788431167603,-0.6900355815887451,0.09033232182264328,0.703443706035614,0.17119304835796356,-0.6548269391059875,0.21693766117095947,17.078742,4.665921,2.393411,3.118016
2026-08-05T11:58:15.804024,1785923895.804024,11.049325,0.6781770586967468,0.2367333620786667,-0.6898218393325806,0.09043965488672256,0.7033368945121765,0.17161723971366882,-0.6547529697418213,0.2171715945005417,17.075676,4.687757,-0.177355,1.263097
2026-08-05T11:58:15.810081,1785923895.810081,11.055382,0.6780783534049988,0.23709186911582947,-0.689769983291626,0.090635746717453,0.7033242583274841,0.1719651073217392,-0.6546376347541809,0.2172849327325821,17.071513,4.678334,-0.687391,-1.555696
2026-08-05T11:58:15.855436,1785923895.855437,11.098855,0.6781591176986694,0.23728203773498535,-0.6895902752876282,0.0909009501338005,0.7034136056900024,0.1721230149269104,-0.6545075178146362,0.21726281940937042,17.043874,4.649238,-0.635756,-0.669275
2026-08-05T11:58:15.872114,1785923895.872115,11.117416,0.6781164407730103,0.23738570511341095,-0.6895772814750671,0.09104595333337784,0.7035506963729858,0.17203406989574432,-0.6544406414031982,0.21709080040454865,17.027634,4.604790,-0.874965,-2.394744
2026-08-05T11:58:15.887042,1785923895.887042,11.132343,0.6781891584396362,0.23715735971927643,-0.6896129846572876,0.09082941710948944,0.7037417888641357,0.1717117577791214,-0.6544063687324524,0.21682888269424438,17.032205,4.591076,0.306227,-0.918730
2026-08-05T11:58:15.903292,1785923895.903292,11.148593,0.6783686280250549,0.23677027225494385,-0.6896169781684875,0.09046885371208191,0.7039668560028076,0.17123547196388245,-0.6543938517570496,0.21651309728622437,17.042440,4.585008,0.629824,-0.373442
2026-08-05T11:58:15.920453,1785923895.920453,11.164746,0.6785371899604797,0.23623082041740417,-0.689703106880188,0.08995651453733444,0.7041937708854675,0.17067870497703552,-0.6544188857078552,0.2161388248205185,17.059597,4.593297,1.062159,0.513149
2026-08-05T11:58:15.936722,1785923895.936723,11.182023,0.6787317395210266,0.2356746643781662,-0.6897628307342529,0.08948829770088196,0.7044591307640076,0.1700742393732071,-0.654434323310852,0.21570338308811188,17.067852,4.589832,0.477772,-0.200519
2026-08-05T11:58:15.953614,1785923895.953614,11.198915,0.6788578629493713,0.2351679503917694,-0.6898609399795532,0.08910703659057617,0.704719603061676,0.16941818594932556,-0.6545013189315796,0.21516473591327667,17.063621,4.562609,-0.250466,-1.611655
2026-08-05T11:58:15.958792,1785923895.958792,11.204093,0.6789643168449402,0.23457668721675873,-0.6900346279144287,0.08850836753845215,0.7049770355224609,0.16872580349445343,-0.6546145081520081,0.2145203948020935,17.068991,4.548617,1.036986,-2.702106
2026-08-05T11:58:15.962653,1785923895.962653,11.207954,0.679021954536438,0.23401151597499847,-0.6902757883071899,0.08767718821763992,0.7051618099212646,0.1680494248867035,-0.6548320055007935,0.21377873420715332,17.086563,4.545304,4.551743,-0.858113
2026-08-05T11:58:15.969910,1785923895.969911,11.215212,0.6790252327919006,0.23358336091041565,-0.6905434727668762,0.08668041974306107,0.7052687406539917,0.167562797665596,-0.6550887823104858,0.21301983296871185,17.115067,4.558280,3.927337,1.787887
2026-08-05T11:58:15.987112,1785923895.987112,11.232413,0.6789505481719971,0.2334258258342743,-0.6907743811607361,0.08584579825401306,0.7052721381187439,0.16742858290672302,-0.655356764793396,0.21228894591331482,17.124544,4.566983,0.550941,0.505917
2026-08-05T11:58:16.036384,1785923896.036384,11.281685,0.6788195371627808,0.23360805213451385,-0.6909126043319702,0.08527141809463501,0.7051849961280823,0.16761921346187592,-0.655624508857727,0.21159982681274414,17.110316,4.556036,-0.288760,-0.222158
2026-08-05T11:58:16.053463,1785923896.053464,11.298764,0.6785987019538879,0.23400729894638062,-0.6910532712936401,0.08479386568069458,0.7050456404685974,0.16813190281391144,-0.6558502316474915,0.21095745265483856,17.087858,4.549164,-1.314897,-0.402355
2026-08-05T11:58:16.056730,1785923896.056731,11.302031,0.6783744096755981,0.23448751866817474,-0.6911550760269165,0.08443105965852737,0.7048708200454712,0.16884440183639526,-0.6560360193252563,0.21039381623268127,17.055252,4.549228,-9.981097,0.019467
2026-08-05T11:58:16.070322,1785923896.070322,11.315623,0.6780943870544434,0.23503147065639496,-0.6912895441055298,0.08406701683998108,0.7046846151351929,0.169520765542984,-0.6562527418136597,0.2097964584827423,17.025521,4.538369,-2.187403,-0.798959
2026-08-05T11:58:16.086476,1785923896.086476,11.331777,0.6777622699737549,0.2354631870985031,-0.6915459036827087,0.08342545479536057,0.7044870257377625,0.16999201476573944,-0.6565796732902527,0.20905457437038422,17.014617,4.531350,-0.674984,-0.434498
2026-08-05T11:58:16.103579,1785923896.103579,11.348880,0.6774763464927673,0.23563429713249207,-0.6918790936470032,0.08249673992395401,0.7043225765228271,0.1702101081609726,-0.6569958329200745,0.20812231302261353,17.012165,4.533352,-0.143385,0.117086
2026-08-05T11:58:16.109277,1785923896.109277,11.354578,0.6771425604820251,0.23571228981018066,-0.6923039555549622,0.08144354820251465,0.7041398882865906,0.17030055820941925,-0.6575000286102295,0.20707128942012787,17.012755,4.533846,0.103523,0.086688
2026-08-05T11:58:16.111995,1785923896.111996,11.357296,0.6769005060195923,0.2355758547782898,-0.6927294135093689,0.08022435009479523,0.7039117217063904,0.17047150433063507,-0.6580322980880737,0.20601311326026917,17.010311,4.572968,-0.899275,14.392205
2026-08-05T11:58:16.136117,1785923896.136117,11.381418,0.6765977740287781,0.23562000691890717,-0.6931276321411133,0.07920124381780624,0.7036364078521729,0.17087459564208984,-0.6585066318511963,0.2051018625497818,17.001690,4.612364,-0.357376,1.633234
2026-08-05T11:58:16.169880,1785923896.169880,11.415181,0.676203727722168,0.23597444593906403,-0.6934838891029358,0.07839005440473557,0.7033122777938843,0.1715378314256668,-0.6588963866233826,0.20440785586833954,16.998237,4.647466,-0.102288,1.039671
2026-08-05T11:58:16.186073,1785923896.186073,11.431374,0.6758686304092407,0.23654207587242126,-0.6936765909194946,0.0778624564409256,0.7029301524162292,0.17229458689689636,-0.6592738032341003,0.2038678675889969,16.981656,4.662197,-1.023979,0.909683
2026-08-05T11:58:16.203603,1785923896.203603,11.448904,0.6755093932151794,0.23718133568763733,-0.6938663125038147,0.07734240591526031,0.7025598883628845,0.17309631407260895,-0.659593403339386,0.2034306675195694,16.977977,4.682023,-0.209833,1.131012
2026-08-05T11:58:16.220198,1785923896.220199,11.465499,0.6751036047935486,0.2378576248884201,-0.6940845847129822,0.0768473818898201,0.702197253704071,0.1738961935043335,-0.6598992347717285,0.20300787687301636,16.977489,4.697618,-0.029434,0.939720
2026-08-05T11:58:16.236372,1785923896.236372,11.481673,0.6748166680335999,0.23837687075138092,-0.6942317485809326,0.07642850279808044,0.7018769383430481,0.17467552423477173,-0.6601555347442627,0.20261311531066895,16.963364,4.720711,-0.873340,1.427771
2026-08-05T11:58:16.253899,1785923896.253899,11.499200,0.674572765827179,0.23881717026233673,-0.694351315498352,0.07612086832523346,0.701644241809845,0.17540691792964935,-0.6603068113327026,0.2022939771413803,16.947251,4.742762,-0.919310,1.258121
2026-08-05T11:58:16.269418,1785923896.269418,11.514719,0.6743824481964111,0.23917312920093536,-0.6944389343261719,0.07589028775691986,0.7014567255973816,0.1759355366230011,-0.6604494452476501,0.20201925933361053,16.933016,4.752688,-0.917253,0.639596
2026-08-05T11:58:16.286292,1785923896.286293,11.531593,0.6742676496505737,0.23937302827835083,-0.6945136189460754,0.07559660822153091,0.7013309597969055,0.17619748413562775,-0.6605780124664307,0.20180700719356537,16.936304,4.764068,0.194845,0.674436
2026-08-05T11:58:16.303887,1785923896.303887,11.548668,0.6742538213729858,0.23945719003677368,-0.6945361495018005,0.07524510473012924,0.7012853026390076,0.17617696523666382,-0.6606999039649963,0.20158448815345764,16.950833,4.765160,0.850880,0.063923
2026-08-05T11:58:16.319527,1785923896.319528,11.564829,0.674170732498169,0.2394251525402069,-0.6946649551391602,0.0748998150229454,0.7013126015663147,0.17593351006507874,-0.6608045101165771,0.20135919749736786,16.975989,4.756864,1.556678,-0.513330
2026-08-05T11:58:16.336212,1785923896.336212,11.581513,0.6741299629211426,0.2393527626991272,-0.6947608590126038,0.07460858672857285,0.7013992071151733,0.1756000518798828,-0.6608847379684448,0.20108503103256226,16.993653,4.735386,1.058670,-1.287309
2026-08-05T11:58:16.354885,1785923896.354886,11.598175,0.6741106510162354,0.23915572464466095,-0.6948573589324951,0.07451719045639038,0.7015177011489868,0.1752391904592514,-0.6609382629394531,0.2008102536201477,16.987838,4.706214,-0.348950,-1.750869
2026-08-05T11:58:16.369800,1785923896.369801,11.615102,0.674090564250946,0.23889069259166718,-0.6949780583381653,0.07442378252744675,0.7016099095344543,0.17491821944713593,-0.660983681678772,0.20061828196048737,16.985335,4.693844,-0.147868,-0.730773
2026-08-05T11:58:16.435395,1785923896.435396,11.679640,0.6742104291915894,0.2386958748102188,-0.6949465274810791,0.07425806671380997,0.7016732692718506,0.1746097356081009,-0.6610270738601685,0.20052215456962585,16.994617,4.690168,0.143808,-0.056957
2026-08-05T11:58:16.453206,1785923896.453207,11.698507,0.674309253692627,0.238514706492424,-0.694929301738739,0.0741022601723671,0.7016977667808533,0.17437194287776947,-0.6610491871833801,0.20057107508182526,17.014868,4.703026,1.073343,0.681455
2026-08-05T11:58:16.469662,1785923896.469662,11.714963,0.6742331385612488,0.23855826258659363,-0.6949809789657593,0.07416967302560806,0.7016754150390625,0.17420870065689087,-0.6610779762268066,0.2006959319114685,17.032522,4.691783,1.072821,-0.683178
2026-08-05T11:58:16.487157,1785923896.487158,11.732458,0.6741428971290588,0.23871806263923645,-0.6950026750564575,0.07427338510751724,0.7016070485115051,0.17410604655742645,-0.6611378192901611,0.20082712173461914,17.047764,4.673575,0.871220,-1.040745
2026-08-05T11:58:16.503286,1785923896.503287,11.748588,0.6740429997444153,0.2388468235731125,-0.6950337886810303,0.07447536289691925,0.7015179991722107,0.1741352677345276,-0.6611773371696472,0.20098289847373962,17.048230,4.663314,0.028902,-0.636198
2026-08-05T11:58:16.519920,1785923896.519920,11.765221,0.6738611459732056,0.23900362849235535,-0.6951248645782471,0.07476659119129181,0.701429545879364,0.1742660403251648,-0.6611747145652771,0.20118668675422668,17.045428,4.655801,-0.168493,-0.451662
2026-08-05T11:58:16.536347,1785923896.536347,11.781648,0.6738060712814331,0.23896563053131104,-0.6951817274093628,0.07485485076904297,0.7013365030288696,0.17428188025951385,-0.6612318754196167,0.2013094276189804,17.045289,4.665529,-0.008453,0.592179
2026-08-05T11:58:16.553489,1785923896.553489,11.797468,0.6736791133880615,0.23859135806560516,-0.6954503655433655,0.0746968537569046,0.7012423276901245,0.1740940809249878,-0.6613803505897522,0.20131248235702515,17.055587,4.698664,0.650953,2.094455
2026-08-05T11:58:16.557448,1785923896.557449,11.802749,0.673601508140564,0.23839469254016876,-0.695613443851471,0.07450617104768753,0.7011529803276062,0.17375358939170837,-0.6615778207778931,0.20126838982105255,17.075949,4.702249,3.855597,0.678824
2026-08-05T11:58:16.569637,1785923896.569637,11.814938,0.6735093593597412,0.2381611466407776,-0.6958001255989075,0.07434234023094177,0.701054573059082,0.17344917356967926,-0.6617704629898071,0.2012406587600708,17.092512,4.711431,1.358912,0.753343
2026-08-05T11:58:16.587984,1785923896.587985,11.832238,0.673397421836853,0.23805969953536987,-0.6959372162818909,0.074398934841156,0.7008669376373291,0.17311157286167145,-0.6620245575904846,0.20134954154491425,17.104759,4.701793,0.707893,-0.557093
2026-08-05T11:58:16.604530,1785923896.604530,11.848862,0.6732472777366638,0.23794880509376526,-0.6961296796798706,0.07431063055992126,0.7007614970207214,0.1730271279811859,-0.662138819694519,0.2014131098985672,17.121287,4.719589,0.994281,1.070540
2026-08-05T11:58:16.619736,1785923896.619737,11.865038,0.6732332110404968,0.23767322301864624,-0.6962557435035706,0.07413926720619202,0.7006703019142151,0.17288373410701752,-0.6622781157493591,0.2013952136039734,17.127734,4.746456,0.398544,1.660887
2026-08-05T11:58:16.636189,1785923896.636189,11.881490,0.6731369495391846,0.23747041821479797,-0.6964446902275085,0.07388730347156525,0.7006105184555054,0.17270022630691528,-0.6624096632003784,0.20132797956466675,17.147137,4.765608,1.179382,1.164125
2026-08-05T11:58:16.652888,1785923896.652888,11.898189,0.6731852889060974,0.23723475635051727,-0.6965136528015137,0.07355435192584991,0.7005902528762817,0.17250637710094452,-0.6625189781188965,0.20120540261268616,17.163170,4.787548,0.960127,1.313839
2026-08-05T11:58:16.669587,1785923896.669587,11.914888,0.6731628775596619,0.23707573115825653,-0.6966334581375122,0.07313666492700577,0.7005734443664551,0.17244873940944672,-0.6625918745994568,0.20107288658618927,17.187448,4.819621,1.453796,1.920658
2026-08-05T11:58:16.686203,1785923896.686203,11.931504,0.673241138458252,0.23697419464588165,-0.6966152191162109,0.07291898876428604,0.7005746364593506,0.17264871299266815,-0.6625638604164124,0.20098984241485596,17.184392,4.854739,-0.183920,2.113480
2026-08-05T11:58:16.703635,1785923896.703635,11.948936,0.6731857061386108,0.23725028336048126,-0.6965495944023132,0.073158860206604,0.7005907893180847,0.17301595211029053,-0.6624535918235779,0.20098058879375458,17.158101,4.839522,-1.508210,-0.872960
2026-08-05T11:58:16.707055,1785923896.707056,11.952357,0.6731774806976318,0.23756743967533112,-0.6964210867881775,0.0734279528260231,0.7006090879440308,0.17333737015724182,-0.6623659729957581,0.20092856884002686,17.125859,4.810920,-9.426503,-8.362090
2026-08-05T11:58:16.719082,1785923896.719083,11.964383,0.67320317029953,0.2377547323703766,-0.6963207721710205,0.07353689521551132,0.7006695866584778,0.17343445122241974,-0.662315845489502,0.20079965889453888,17.106413,4.781394,-1.616881,-2.455085
2026-08-05T11:58:16.736249,1785923896.736249,11.981550,0.673140823841095,0.23794378340244293,-0.6963171362876892,0.07353083044290543,0.7007325291633606,0.17332802712917328,-0.6623300909996033,0.20062510669231415,17.106768,4.741000,0.020696,-2.353038
2026-08-05T11:58:16.752180,1785923896.752181,11.997481,0.6732704043388367,0.23772799968719482,-0.6963143944740295,0.07306784391403198,0.7008059620857239,0.17319847643375397,-0.6623526215553284,0.20040568709373474,17.124488,4.766637,1.112255,1.609155
2026-08-05T11:58:16.770021,1785923896.770021,12.014967,0.6733399629592896,0.23744012415409088,-0.6963839530944824,0.07269804924726486,0.7009177207946777,0.17316459119319916,-0.6623115539550781,0.2001798450946808,17.129806,4.797792,0.304118,1.781784
2026-08-05T11:58:16.820122,1785923896.820122,12.065423,0.6733589768409729,0.237168550491333,-0.6964866518974304,0.07242441922426224,0.7010422945022583,0.17313386499881744,-0.6622859239578247,0.1998545080423355,17.118457,4.811655,-0.224918,0.274753
2026-08-05T11:58:16.836722,1785923896.836723,12.082024,0.6733116507530212,0.2371300905942917,-0.696555495262146,0.0723281055688858,0.7011380195617676,0.17300699651241302,-0.6623538732528687,0.19940276443958282,17.091054,4.773149,-1.650752,-2.319585
2026-08-05T11:58:16.853491,1785923896.853491,12.098792,0.6732847094535828,0.23712877929210663,-0.6965983510017395,0.07216940075159073,0.7011580467224121,0.17302800714969635,-0.6624391078948975,0.19903042912483215,17.068911,4.756100,-1.320526,-1.016784
2026-08-05T11:58:16.858182,1785923896.858182,12.103483,0.6731271743774414,0.23736195266246796,-0.6966743469238281,0.07213802635669708,0.701118528842926,0.17330056428909302,-0.662460446357727,0.1988615095615387,17.057481,4.746634,-2.436305,-2.017532
2026-08-05T11:58:16.869313,1785923896.869314,12.114614,0.6730528473854065,0.23778921365737915,-0.696582555770874,0.0723123624920845,0.7010306715965271,0.17379166185855865,-0.6624147891998291,0.19889535009860992,17.039051,4.738666,-1.655752,-0.715811
2026-08-05T11:58:16.886748,1785923896.886748,12.132049,0.6730022430419922,0.23805388808250427,-0.6965368986129761,0.07235275954008102,0.700899064540863,0.1742486208677292,-0.6624186635017395,0.1989460438489914,17.027493,4.755219,-0.662945,0.949392
2026-08-05T11:58:16.903576,1785923896.903577,12.148877,0.6728214025497437,0.2384280562400818,-0.6965727806091309,0.07245756685733795,0.7007620930671692,0.17448484897613525,-0.6625193357467651,0.1988866776227951,17.017471,4.730506,-0.595524,-1.468460
2026-08-05T11:58:16.920216,1785923896.922333,12.165517,0.6725279688835144,0.23875115811824799,-0.696747362613678,0.07243788242340088,0.7006476521492004,0.17452463507652283,-0.6626929044723511,0.19867661595344543,17.016819,4.691787,-0.039196,-2.326930
2026-08-05T11:58:16.936195,1785923896.936195,12.181496,0.6724247932434082,0.23864984512329102,-0.6969121694564819,0.07214277237653732,0.7005502581596375,0.1743697226047516,-0.662935733795166,0.19834554195404053,17.014041,4.686232,-0.173824,-0.347670
2026-08-05T11:58:16.953249,1785923896.953249,12.198550,0.6720927953720093,0.2386227399110794,-0.6972696185112,0.07187290489673615,0.7004415988922119,0.17411482334136963,-0.6632460951805115,0.19791506230831146,17.015837,4.656520,0.105304,-1.742206
2026-08-05T11:58:16.970206,1785923896.970207,12.215508,0.6718587279319763,0.2384919971227646,-0.6975829601287842,0.07145216315984726,0.700309157371521,0.17381054162979126,-0.6635950207710266,0.1974806934595108,17.024487,4.643976,0.510088,-0.739697
2026-08-05T11:58:16.987007,1785923896.987008,12.232309,0.6715690493583679,0.23844921588897705,-0.6979278922080994,0.07095004618167877,0.7000982165336609,0.1734798699617386,-0.664031445980072,0.19705229997634888,17.045447,4.630129,1.247574,-0.824189
2026-08-05T11:58:17.003520,1785923897.003520,12.248821,0.6711769104003906,0.23857547342777252,-0.698320209980011,0.07037371397018433,0.6997789144515991,0.1733424812555313,-0.6645193696022034,0.19666215777397156,17.075966,4.628089,1.848231,-0.123516
2026-08-05T11:58:17.008275,1785923897.008275,12.253576,0.6707029938697815,0.2389281988143921,-0.6987173557281494,0.06974969804286957,0.6993414759635925,0.1734778881072998,-0.6650541424751282,0.19629092514514923,17.108782,4.635513,6.901043,1.561020
2026-08-05T11:58:17.019784,1785923897.019784,12.265085,0.6701402068138123,0.23951788246631622,-0.6990959048271179,0.06934240460395813,0.6988158822059631,0.17397868633270264,-0.6655738353729248,0.19595733284950256,17.117620,4.638737,0.767966,0.280150
2026-08-05T11:58:17.036618,1785923897.036618,12.281919,0.6693928241729736,0.24051086604595184,-0.6994805335998535,0.06924555450677872,0.6982155442237854,0.1747419238090515,-0.6661067008972168,0.19560715556144714,17.103994,4.602714,-0.809431,-2.139878
2026-08-05T11:58:17.051644,1785923897.051644,12.296945,0.6686158180236816,0.24170039594173431,-0.6998186707496643,0.06919378787279129,0.6975169777870178,0.17561450600624084,-0.6667283773422241,0.19520050287246704,17.080054,4.551545,-1.593268,-3.405388
2026-08-05T11:58:17.069641,1785923897.069641,12.313919,0.6676952838897705,0.24302271008491516,-0.7002472281455994,0.0691160336136818,0.6967294216156006,0.17646415531635284,-0.6674577593803406,0.19475318491458893,17.063681,4.487417,-0.964578,-3.777977
2026-08-05T11:58:17.086758,1785923897.086759,12.332059,0.666731059551239,0.24433894455432892,-0.7007446885108948,0.0687403678894043,0.6958587765693665,0.17741255462169647,-0.668241024017334,0.1943173110485077,17.071697,4.458100,0.441865,-1.616142
2026-08-05T11:58:17.103489,1785923897.103489,12.348790,0.6658772230148315,0.24534298479557037,-0.7012807726860046,0.06796831637620926,0.6949082612991333,0.17852509021759033,-0.6690686345100403,0.19385185837745667,17.086397,4.499987,0.878618,2.503563
2026-08-05T11:58:17.120251,1785923897.120252,12.365552,0.6649455428123474,0.24626807868480682,-0.7019262909889221,0.06707508116960526,0.693925678730011,0.17979854345321655,-0.6698944568634033,0.19334207475185394,17.100167,4.568228,0.821524,4.071114
2026-08-05T11:58:17.136828,1785923897.136829,12.381233,0.6639281511306763,0.2474851906299591,-0.7025170922279358,0.06648542732000351,0.6929148435592651,0.18112210929393768,-0.6707471609115601,0.19277483224868774,17.090604,4.586155,-0.609902,1.143280
2026-08-05T11:58:17.153313,1785923897.153314,12.398232,0.6628870368003845,0.2489618957042694,-0.7030074000358582,0.06617791205644608,0.6919136643409729,0.18238548934459686,-0.6716231107711792,0.19212886691093445,17.060095,4.547058,-1.794689,-2.299962
2026-08-05T11:58:17.168684,1785923897.168684,12.413985,0.6617367267608643,0.250370591878891,-0.7036349177360535,0.0657055526971817,0.6909390687942505,0.18355311453342438,-0.6725133657455444,0.19140899181365967,17.046059,4.512841,-0.891065,-2.172107
2026-08-05T11:58:17.202619,1785923897.202619,12.447064,0.6606485843658447,0.25154736638069153,-0.7043066024780273,0.06496181339025497,0.6899484992027283,0.18466520309448242,-0.6734387874603271,0.19065740704536438,17.044764,4.514029,-0.039123,0.035920
2026-08-05T11:58:17.234905,1785923897.234905,12.480206,0.6595919132232666,0.25263211131095886,-0.7049787044525146,0.06419306993484497,0.6889496445655823,0.18576954305171967,-0.674359142780304,0.18994182348251343,17.044330,4.527852,-0.013098,0.417097
2026-08-05T11:58:17.237444,1785923897.237869,12.482745,0.658545732498169,0.25377413630485535,-0.7056196928024292,0.06338232755661011,0.6879435777664185,0.18695783615112305,-0.6752275824546814,0.18933677673339844,17.057496,4.556068,5.184651,11.111074
2026-08-05T11:58:17.251998,1785923897.251998,12.496836,0.6576277017593384,0.25479626655578613,-0.7061842679977417,0.06251910328865051,0.6869285106658936,0.18826080858707428,-0.676054835319519,0.1887778490781784,17.064335,4.612108,0.485352,3.977011
2026-08-05T11:58:17.268704,1785923897.268705,12.514005,0.6568936109542847,0.2557850480079651,-0.7065635919570923,0.061910249292850494,0.6860153079032898,0.18968410789966583,-0.6767129898071289,0.18831561505794525,17.045874,4.666019,-1.075241,3.140045
2026-08-05T11:58:17.285426,1785923897.285426,12.530257,0.6562514305114746,0.25675493478775024,-0.7068384289741516,0.061567582190036774,0.6853299140930176,0.19111153483390808,-0.6771135330200195,0.18792755901813507,17.014240,4.701714,-1.946521,2.196353
2026-08-05T11:58:17.302011,1785923897.302012,12.547313,0.6554952263832092,0.2576468884944916,-0.7072228789329529,0.061481498181819916,0.6847971677780151,0.19223494827747345,-0.6774558424949646,0.18748968839645386,16.974082,4.691946,-2.354530,-0.572754
2026-08-05T11:58:17.319024,1785923897.319025,12.564325,0.6550595164299011,0.258320689201355,-0.707381546497345,0.06147311255335808,0.6844605803489685,0.1929566115140915,-0.6777392625808716,0.1869523823261261,16.919306,4.651412,-3.219739,-2.382565
2026-08-05T11:58:17.322564,1785923897.322564,12.567865,0.6546658873558044,0.2586742341518402,-0.7076341509819031,0.06127353012561798,0.6843276023864746,0.19314296543598175,-0.677966833114624,0.1864205300807953,16.901961,4.608588,-4.900274,-12.098766
2026-08-05T11:58:17.335321,1785923897.335321,12.580622,0.6545788049697876,0.25836068391799927,-0.7078893184661865,0.06057403236627579,0.6843337416648865,0.19292056560516357,-0.678158700466156,0.18592989444732666,16.921320,4.633393,1.517442,1.944366
2026-08-05T11:58:17.369037,1785923897.369038,12.613537,0.6547732353210449,0.25774985551834106,-0.7080009579658508,0.05976482480764389,0.6844548583030701,0.19235973060131073,-0.6783032417297363,0.18553759157657623,16.957048,4.672960,1.085470,1.202104
2026-08-05T11:58:17.385915,1785923897.385915,12.631216,0.654887318611145,0.2572017014026642,-0.7081524133682251,0.05907746031880379,0.684660017490387,0.1916871815919876,-0.6783676147460938,0.1852409988641739,17.005683,4.694589,2.751028,1.223446
2026-08-05T11:58:17.402936,1785923897.402936,12.648237,0.6551488637924194,0.25661781430244446,-0.7081603407859802,0.05862156301736832,0.684917688369751,0.1910986751317978,-0.678320586681366,0.18506841361522675,17.034805,4.716686,1.710976,1.298235
2026-08-05T11:58:17.419580,1785923897.419580,12.664881,0.6552453637123108,0.2563377022743225,-0.7081600427627563,0.05877060443162918,0.6852449774742126,0.19065266847610474,-0.678126335144043,0.18502916395664215,17.034647,4.683906,-0.009518,-1.969483
2026-08-05T11:58:17.435939,1785923897.435939,12.681240,0.6553434133529663,0.2562168836593628,-0.708062469959259,0.05937713012099266,0.6855795383453369,0.190235897898674,-0.6779091358184814,0.18501493334770203,16.997486,4.604569,-2.271536,-4.849677
2026-08-05T11:58:17.453376,1785923897.453376,12.698677,0.6555429697036743,0.2558806836605072,-0.7079557776451111,0.05989419296383858,0.6859176158905029,0.1896856129169464,-0.6777241230010986,0.18500493466854095,16.962272,4.541310,-2.019547,-3.627869
2026-08-05T11:58:17.458585,1785923897.458586,12.703886,0.6557182669639587,0.25549769401550293,-0.707909882068634,0.06015129014849663,0.6862456798553467,0.18902261555194855,-0.6775698661804199,0.18503113090991974,16.960445,4.497630,-0.350721,-8.385212
2026-08-05T11:58:17.471734,1785923897.471735,12.715020,0.6559901833534241,0.25490206480026245,-0.7078893184661865,0.059955570846796036,0.6865290403366089,0.18832804262638092,-0.6774501800537109,0.18512645363807678,16.996409,4.513544,3.230165,1.429342
2026-08-05T11:58:17.503262,1785923897.503262,12.748563,0.6562297344207764,0.2542819380760193,-0.7079061269760132,0.05976727232336998,0.6867480874061584,0.1877991408109665,-0.677324116230011,0.1853126883506775,17.030970,4.552863,1.030357,1.172208
2026-08-05T11:58:17.520422,1785923897.520422,12.765723,0.6563735604286194,0.25398799777030945,-0.7078565359115601,0.06002730503678322,0.6869044303894043,0.187467560172081,-0.6771736145019531,0.18561916053295135,17.040103,4.554326,0.532233,0.085211
2026-08-05T11:58:17.536126,1785923897.536126,12.781427,0.6564584970474243,0.2538903057575226,-0.7077639698982239,0.060601163655519485,0.6870208978652954,0.18721140921115875,-0.6770287156105042,0.18597440421581268,17.029033,4.524150,-0.704942,-1.921513
2026-08-05T11:58:17.553287,1785923897.553287,12.798588,0.656495213508606,0.2537553906440735,-0.7077412605285645,0.06103052571415901,0.6870938539505005,0.18692854046821594,-0.6769495606422424,0.1862775683403015,17.026639,4.503292,-0.139469,-1.215411
2026-08-05T11:58:17.570482,1785923897.570482,12.815783,0.6563988924026489,0.25364693999290466,-0.7078448534011841,0.06131543591618538,0.6871007084846497,0.18651676177978516,-0.6769933700561523,0.1865052878856659,17.040691,4.476698,0.817219,-1.546658
2026-08-05T11:58:17.586733,1785923897.586733,12.830774,0.6563665866851807,0.25359421968460083,-0.7078784704208374,0.06149163469672203,0.6870309114456177,0.18610422313213348,-0.6771125793457031,0.18674179911613464,17.062321,4.456484,1.442838,-1.348388
2026-08-05T11:58:17.603275,1785923897.603276,12.848577,0.6562818288803101,0.253511905670166,-0.7079930305480957,0.0614161342382431,0.6868845224380493,0.18585443496704102,-0.6772474050521851,0.18703940510749817,17.105222,4.478591,2.409823,1.241779
2026-08-05T11:58:17.620185,1785923897.620186,12.865486,0.6562522053718567,0.25352394580841064,-0.7080116271972656,0.061467673629522324,0.6866708993911743,0.1859072744846344,-0.6773350238800049,0.18745380640029907,17.132290,4.517124,1.600724,2.278711
2026-08-05T11:58:17.635990,1785923897.635991,12.881291,0.6560026407241821,0.25374943017959595,-0.7081363797187805,0.061763934791088104,0.6864008903503418,0.18620577454566956,-0.677401602268219,0.18790581822395325,17.144490,4.540544,0.771886,1.481829
2026-08-05T11:58:17.654171,1785923897.654171,12.899472,0.6557205319404602,0.2540922462940216,-0.7082405090332031,0.062153302133083344,0.6861084699630737,0.186594158411026,-0.6774914860725403,0.18826380372047424,17.139178,4.545708,-0.292174,0.284016
2026-08-05T11:58:17.670327,1785923897.670328,12.915628,0.6554011106491089,0.2545672655105591,-0.7083253264427185,0.06261249631643295,0.6857984066009521,0.1869790256023407,-0.6776230335235596,0.18853797018527985,17.125037,4.526704,-0.875229,-1.176222
2026-08-05T11:58:17.686343,1785923897.686343,12.931644,0.6551342010498047,0.25501447916030884,-0.7083835601806641,0.06292631477117538,0.6854685544967651,0.18741865456104279,-0.6777658462524414,0.18878772854804993,17.115755,4.524543,-0.579563,-0.134972
2026-08-05T11:58:17.702895,1785923897.702896,12.948196,0.654887855052948,0.25550490617752075,-0.7084108591079712,0.063194140791893,0.6851356625556946,0.18786856532096863,-0.6779059767723083,0.189045712351799,17.112236,4.523930,-0.212622,-0.037014
2026-08-05T11:58:17.720068,1785923897.720069,12.965369,0.6546556353569031,0.25593113899230957,-0.7084566354751587,0.0633624941110611,0.6848355531692505,0.1883205622434616,-0.6780200004577637,0.18927346169948578,17.113472,4.533854,0.072000,0.577903
2026-08-05T11:58:17.737024,1785923897.737025,12.982326,0.6543834805488586,0.25629326701164246,-0.7085614800453186,0.06353507190942764,0.6845719218254089,0.18868829309940338,-0.6781468987464905,0.18940652906894684,17.109032,4.533598,-0.261901,-0.015106
2026-08-05T11:58:17.753531,1785923897.753532,12.998833,0.6541791558265686,0.25652068853378296,-0.7086663842201233,0.06355231255292892,0.6843463182449341,0.18901033699512482,-0.6782580018043518,0.1895027458667755,17.111127,4.550226,0.126950,1.007318
2026-08-05T11:58:17.769766,1785923897.769767,13.014070,0.6540525555610657,0.25666457414627075,-0.7087414860725403,0.06343703716993332,0.6841492652893066,0.18920990824699402,-0.6783851385116577,0.18956038355827332,17.122162,4.571570,0.724212,1.400781
2026-08-05T11:58:17.775137,1785923897.775137,13.020438,0.6539633274078369,0.25683024525642395,-0.7087786197662354,0.06327115744352341,0.6839599013328552,0.18933343887329102,-0.6785331964492798,0.18959054350852966,17.138488,4.586798,2.563683,2.391387
2026-08-05T11:58:17.785714,1785923897.785714,13.031015,0.653857409954071,0.25715434551239014,-0.7087739109992981,0.0631023719906807,0.6838067770004272,0.18953494727611542,-0.6786019206047058,0.1896955519914627,17.168663,4.600070,2.852921,1.254784
2026-08-05T11:58:17.803543,1785923897.803543,13.048844,0.6538100242614746,0.2574779987335205,-0.7087143659591675,0.06294212490320206,0.6836476922035217,0.18989846110343933,-0.6786184906959534,0.18984556198120117,17.192444,4.629263,1.333858,1.637374
2026-08-05T11:58:17.820259,1785923897.820259,13.065560,0.6536635756492615,0.2579718232154846,-0.7086547613143921,0.06311129778623581,0.6835331320762634,0.19034744799137115,-0.678577721118927,0.18995444476604462,17.189199,4.618973,-0.194153,-0.615548
2026-08-05T11:58:17.852809,1785923897.852810,13.098110,0.653597354888916,0.25828006863594055,-0.708594799041748,0.06320971995592117,0.6834474802017212,0.19071617722511292,-0.6785587072372437,0.18996116518974304,17.175753,4.615143,-0.413069,-0.117665
2026-08-05T11:58:17.870031,1785923897.870032,13.115332,0.6534226536750793,0.25859931111335754,-0.7086504101753235,0.06308861821889877,0.6833999752998352,0.19089491665363312,-0.6786271929740906,0.18970759212970734,17.172789,4.590398,-0.172095,-1.436807
2026-08-05T11:58:17.886192,1785923897.886192,13.131493,0.6533225774765015,0.2587789297103882,-0.7087051868438721,0.06277122348546982,0.6833293437957764,0.1909436583518982,-0.6787886023521423,0.18933504819869995,17.172464,4.574186,-0.020115,-1.003197
2026-08-05T11:58:17.903042,1785923897.903043,13.148343,0.6531750559806824,0.25904133915901184,-0.7087725400924683,0.06246262416243553,0.6832174062728882,0.1911407709121704,-0.6789262294769287,0.18904617428779602,17.176990,4.569487,0.268600,-0.278882
2026-08-05T11:58:17.918139,1785923897.918140,13.163440,0.6530251502990723,0.25932785868644714,-0.7088358402252197,0.06212254986166954,0.6830853223800659,0.19155725836753845,-0.6789836883544922,0.18889564275741577,17.189189,4.594368,0.808044,1.648066
2026-08-05T11:58:17.923036,1785923897.923036,13.168337,0.6528265476226807,0.2596954107284546,-0.7088865041732788,0.062095191329717636,0.6829172968864441,0.19206972420215607,-0.6790473461151123,0.1887543797492981,17.170997,4.595777,-3.715203,0.287704
2026-08-05T11:58:17.935728,1785923897.935729,13.181030,0.6525036692619324,0.26017799973487854,-0.7090046405792236,0.06212082877755165,0.6827424764633179,0.19250193238258362,-0.6791601181030273,0.18854080140590668,17.153920,4.570493,-1.345472,-1.992002
2026-08-05T11:58:17.951474,1785923897.951474,13.196775,0.6523346304893494,0.2605084180831909,-0.7090535163879395,0.06195490062236786,0.6825546026229858,0.192813441157341,-0.679331362247467,0.188284769654274,17.142913,4.561608,-0.699032,-0.564291
2026-08-05T11:58:17.985840,1785923897.985840,13.231141,0.6521092057228088,0.2608175277709961,-0.7091805338859558,0.06157025322318077,0.6823408007621765,0.19305899739265442,-0.6795505881309509,0.1880171149969101,17.155753,4.566701,0.373627,0.148198
2026-08-05T11:58:18.002910,1785923898.002911,13.248211,0.6519214510917664,0.261051744222641,-0.7093110084533691,0.06106237694621086,0.6821134686470032,0.19328619539737701,-0.6797931790351868,0.18773098289966583,17.174203,4.585705,1.080820,1.113281
2026-08-05T11:58:18.019772,1785923898.019773,13.265074,0.6516925692558289,0.2613120973110199,-0.7094593048095703,0.06066809967160225,0.6818704605102539,0.19361354410648346,-0.6800069212913513,0.18750286102294922,17.185071,4.606141,0.644506,1.211943
2026-08-05T11:58:18.052943,1785923898.052943,13.298244,0.6515184044837952,0.2615931034088135,-0.7095346450805664,0.060443002730607986,0.6816227436065674,0.1940498650074005,-0.6801788210868835,0.18732888996601105,17.178113,4.624278,-0.209778,0.546771
2026-08-05T11:58:18.074694,1785923898.074694,13.319995,0.6512497663497925,0.26191291213035583,-0.7096717953681946,0.060345444828271866,0.6813874840736389,0.19450409710407257,-0.6803129315376282,0.1872265487909317,17.171525,4.635650,-0.302865,0.522848
2026-08-05T11:58:18.086428,1785923898.086429,13.331729,0.6510493159294128,0.26219865679740906,-0.7097682952880859,0.060130778700113297,0.6811399459838867,0.19486404955387115,-0.6804936528205872,0.18709620833396912,17.172920,4.650271,0.118862,1.245970
2026-08-05T11:58:18.102275,1785923898.102276,13.347576,0.6508216261863708,0.2624806761741638,-0.7099055647850037,0.05974438413977623,0.6809254288673401,0.19509077072143555,-0.6806952953338623,0.1869068592786789,17.193842,4.663075,1.320285,0.807961
2026-08-05T11:58:18.120669,1785923898.120670,13.365970,0.6506778597831726,0.2625810205936432,-0.7100379467010498,0.05929414555430412,0.680728018283844,0.19532015919685364,-0.6808781623840332,0.18672001361846924,17.210511,4.697012,0.906196,1.845033
2026-08-05T11:58:18.136263,1785923898.136263,13.381564,0.6504805088043213,0.2628261148929596,-0.7101527452468872,0.058997951447963715,0.680555522441864,0.19557641446590424,-0.6810319423675537,0.18651996552944183,17.219022,4.706160,0.545827,0.586626
2026-08-05T11:58:18.153175,1785923898.153176,13.398477,0.6504147052764893,0.26294854283332825,-0.7101889848709106,0.05874045565724373,0.6804184913635254,0.19586306810379028,-0.681148111820221,0.18629425764083862,17.210264,4.722453,-0.517859,0.963379
2026-08-05T11:58:18.169841,1785923898.169842,13.415143,0.6502634286880493,0.2631244361400604,-0.7102758288383484,0.05857788026332855,0.6802940368652344,0.19615322351455688,-0.6812475919723511,0.1860799342393875,17.199675,4.727128,-0.635308,0.280465
2026-08-05T11:58:18.186917,1785923898.186917,13.430639,0.6501613259315491,0.2632952928543091,-0.7103090286254883,0.058541249483823776,0.6802177429199219,0.196444571018219,-0.6812772154808044,0.18594323098659515,17.184389,4.727674,-0.986428,0.035249
2026-08-05T11:58:18.203272,1785923898.203272,13.448573,0.6500442028045654,0.26360592246055603,-0.7102966904640198,0.05859460309147835,0.6801264882087708,0.19677628576755524,-0.6812688112258911,0.18595679104328156,17.179929,4.724969,-0.248715,-0.150815
2026-08-05T11:58:18.220059,1785923898.220060,13.465361,0.6499963998794556,0.26385197043418884,-0.7102468013763428,0.05862077698111534,0.6800171732902527,0.19701746106147766,-0.6812764406204224,0.18607328832149506,17.186309,4.732418,0.380061,0.443744
2026-08-05T11:58:18.268660,1785923898.268660,13.513961,0.6499557495117188,0.26410216093063354,-0.7101913094520569,0.05861608684062958,0.6799442172050476,0.1971372812986374,-0.6812744140625,0.1862204223871231,17.205906,4.734448,0.403232,0.041764
2026-08-05T11:58:18.284710,1785923898.284711,13.530012,0.6500197052955627,0.26412147283554077,-0.710151731967926,0.058298900723457336,0.6799067258834839,0.19721034169197083,-0.6812772750854492,0.18626922369003296,17.235686,4.769354,1.855349,2.174704
2026-08-05T11:58:18.289252,1785923898.289253,13.534553,0.6500524282455444,0.26402148604393005,-0.7101827263832092,0.058009665459394455,0.6799466609954834,0.1972334235906601,-0.6812609434127808,0.18615876138210297,17.248108,4.793060,2.735102,5.219704
2026-08-05T11:58:18.294196,1785923898.294196,13.537917,0.6500324010848999,0.2639416456222534,-0.7102304697036743,0.05801263824105263,0.6800140738487244,0.1972632259130478,-0.6812319159507751,0.18598732352256775,17.229137,4.785848,-5.639317,-2.143870
2026-08-05T11:58:18.301916,1785923898.301916,13.547217,0.6500172019004822,0.26404252648353577,-0.7101993560791016,0.05810518190264702,0.6800311207771301,0.1972702443599701,-0.6812435984611511,0.18587470054626465,17.213642,4.760177,-1.666182,-2.760332
2026-08-05T11:58:18.318387,1785923898.318387,13.563210,0.6500086784362793,0.26423409581184387,-0.7101327776908875,0.05814334750175476,0.6798723936080933,0.1975587159395218,-0.6812235116958618,0.18622203171253204,17.234489,4.795821,1.303527,2.228688
2026-08-05T11:58:18.334931,1785923898.334932,13.580232,0.6500109434127808,0.2644834518432617,-0.7100499868392944,0.057996965944767,0.6797229647636414,0.19793272018432617,-0.6811678409576416,0.1865742951631546,17.272979,4.848268,2.261139,3.081118
2026-08-05T11:58:18.351539,1785923898.351540,13.596841,0.6499475240707397,0.26489508152008057,-0.7099558115005493,0.05797981843352318,0.679580569267273,0.1983792781829834,-0.68110591173172,0.1868443340063095,17.296902,4.874459,1.440415,1.576959
2026-08-05T11:58:18.368238,1785923898.368239,13.613540,0.6499262452125549,0.26534169912338257,-0.7098003029823303,0.058081064373254776,0.6794522404670715,0.1988179087638855,-0.6810615658760071,0.1870063692331314,17.298425,4.878051,0.091209,0.215134
2026-08-05T11:58:18.385406,1785923898.385406,13.630707,0.6497910618782043,0.26591989398002625,-0.7096789479255676,0.058431606739759445,0.6793545484542847,0.19927100837230682,-0.6809949278831482,0.18712137639522552,17.281293,4.846094,-0.997925,-1.861505
2026-08-05T11:58:18.402549,1785923898.402549,13.647850,0.6497464776039124,0.266409307718277,-0.7095159292221069,0.05867664888501167,0.6792622208595276,0.1997053176164627,-0.68091881275177,0.1872711479663849,17.271770,4.832006,-0.555524,-0.821782
2026-08-05T11:58:18.419320,1785923898.419321,13.664622,0.6496574282646179,0.2669689357280731,-0.7093685269355774,0.05890054628252983,0.6791430711746216,0.20008932054042816,-0.6808822751045227,0.1874256134033203,17.270818,4.810599,-0.056728,-1.276368
2026-08-05T11:58:18.435725,1785923898.435725,13.681026,0.6495534777641296,0.267511785030365,-0.7092387080192566,0.05914447829127312,0.6789961457252502,0.20042358338832855,-0.6808756589889526,0.18762429058551788,17.273406,4.789540,0.157748,-1.283789
2026-08-05T11:58:18.453080,1785923898.453081,13.698382,0.6493987441062927,0.26810669898986816,-0.7091354727745056,0.05938948318362236,0.678831160068512,0.2008386254310608,-0.6808420419692993,0.18789979815483093,17.283877,4.776876,0.603320,-0.729659
2026-08-05T11:58:18.469702,1785923898.469702,13.715003,0.6493160724639893,0.26864948868751526,-0.708983838558197,0.05964914336800575,0.6786745190620422,0.2013034224510193,-0.680784285068512,0.18817731738090515,17.285951,4.771537,0.124768,-0.321237
2026-08-05T11:58:18.486444,1785923898.486445,13.731745,0.6492096781730652,0.2691214382648468,-0.7088753581047058,0.05996911972761154,0.6785510182380676,0.20164497196674347,-0.6807488799095154,0.1883847862482071,17.279679,4.751156,-0.374627,-1.217319
2026-08-05T11:58:18.503331,1785923898.503332,13.748632,0.6490963697433472,0.26933032274246216,-0.7088790535926819,0.06021549925208092,0.6784415245056152,0.20179100334644318,-0.6807898283004761,0.18847469985485077,17.266879,4.734174,-0.757967,-1.005590
2026-08-05T11:58:18.520081,1785923898.520082,13.765383,0.6489297151565552,0.26962435245513916,-0.708899736404419,0.06045176088809967,0.6783014535903931,0.2017858773469925,-0.6809262037277222,0.18849222362041473,17.259056,4.693461,-0.467019,-2.430615
2026-08-05T11:58:18.524276,1785923898.524276,13.769577,0.6488040089607239,0.26985201239585876,-0.708921492099762,0.06053008884191513,0.6781158447265625,0.20194454491138458,-0.6810316443443298,0.18860770761966705,17.263141,4.693429,0.973780,-0.007573
2026-08-05T11:58:18.535642,1785923898.535643,13.780943,0.6486969590187073,0.26999330520629883,-0.7089626789093018,0.060563601553440094,0.677890419960022,0.2023182511329651,-0.6810562610626221,0.18892993032932281,17.277078,4.739538,1.226185,4.056754
2026-08-05T11:58:18.552911,1785923898.552911,13.798212,0.6485441327095032,0.2701719105243683,-0.7090135216712952,0.06080899015069008,0.6776827573776245,0.20267772674560547,-0.6810612678527832,0.1892712116241455,17.276902,4.765154,-0.010148,1.483397
2026-08-05T11:58:18.569683,1785923898.569684,13.814985,0.6483628749847412,0.27036532759666443,-0.7090772986412048,0.06113738194108009,0.6775000095367432,0.20287670195102692,-0.6811214685440063,0.18949513137340546,17.266422,4.759780,-0.624844,-0.320437
2026-08-05T11:58:18.585994,1785923898.585994,13.831295,0.6482153534889221,0.2705203890800476,-0.7091245055198669,0.061467863619327545,0.6773964166641235,0.2028810977935791,-0.6811773180961609,0.18966004252433777,17.258771,4.735809,-0.469081,-1.469630
2026-08-05T11:58:18.603311,1785923898.603311,13.848612,0.64808189868927,0.27056121826171875,-0.7092016339302063,0.0618043914437294,0.6773898601531982,0.20274905860424042,-0.6811813116073608,0.18981041014194489,17.253896,4.707229,-0.281499,-1.650443
2026-08-05T11:58:18.627490,1785923898.627491,13.871794,0.6479736566543579,0.2704834043979645,-0.7093051075935364,0.062091559171676636,0.6774377226829529,0.20235541462898254,-0.6812375783920288,0.18985718488693237,17.251327,4.662834,-0.110848,-1.915093
2026-08-05T11:58:18.638303,1785923898.638304,13.882742,0.6479267477989197,0.27018505334854126,-0.7094365954399109,0.062377624213695526,0.6775165796279907,0.20177455246448517,-0.6813322901725769,0.1898547112941742,17.241550,4.618500,-0.892946,-4.049255
2026-08-05T11:58:18.652296,1785923898.652297,13.897597,0.647855281829834,0.26975390315055847,-0.7096613049507141,0.06243119761347771,0.677594780921936,0.20117896795272827,-0.6814289689064026,0.18986020982265472,17.251624,4.604071,0.678161,-0.971336
2026-08-05T11:58:18.658469,1785923898.658470,13.903770,0.6480460166931152,0.269065260887146,-0.7097727656364441,0.062153592705726624,0.6776968836784363,0.200633704662323,-0.6814613938331604,0.1899571567773819,17.280313,4.650682,4.647308,7.550638
2026-08-05T11:58:18.672493,1785923898.672494,13.917795,0.648138701915741,0.2684779167175293,-0.709926962852478,0.061967045068740845,0.677813708782196,0.20025882124900818,-0.6814162135124207,0.19009754061698914,17.306000,4.697263,1.831625,3.321485
2026-08-05T11:58:18.677062,1785923898.677063,13.922364,0.648332953453064,0.26791906356811523,-0.7099757790565491,0.06179264560341835,0.6779429912567139,0.19995586574077606,-0.681340754032135,0.19022582471370697,17.323533,4.744876,3.837479,10.421136
2026-08-05T11:58:18.706045,1785923898.706045,13.951346,0.6485418677330017,0.26756492257118225,-0.7099082469940186,0.0619102381169796,0.678118109703064,0.19968850910663605,-0.6812121868133545,0.1903430074453354,17.319578,4.751770,-0.136469,0.237877
2026-08-05T11:58:18.723891,1785923898.723892,13.969193,0.6485916376113892,0.2674435079097748,-0.7098748683929443,0.0622975155711174,0.6783308386802673,0.19945544004440308,-0.6810325980186462,0.19047200679779053,17.307004,4.718920,-0.704550,-1.840652
2026-08-05T11:58:18.734821,1785923898.734821,13.980122,0.6487524509429932,0.26734986901283264,-0.7097364068031311,0.06259889900684357,0.6785582900047302,0.19920626282691956,-0.6808715462684631,0.1904984414577484,17.290256,4.680671,-1.532352,-3.499677
2026-08-05T11:58:18.787431,1785923898.787432,14.032732,0.6488693356513977,0.26718688011169434,-0.7096782326698303,0.06274387985467911,0.6788052320480347,0.1989331841468811,-0.6807292699813843,0.1904125064611435,17.278295,4.649221,-0.227349,-0.597790
2026-08-05T11:58:18.805656,1785923898.805656,14.047859,0.6490633487701416,0.26683151721954346,-0.709643542766571,0.06264175474643707,0.6790868639945984,0.19863130152225494,-0.6805968284606934,0.19019678235054016,17.268616,4.640697,-0.639851,-0.563492
2026-08-05T11:58:18.818742,1785923898.818742,14.064043,0.6493272185325623,0.26633232831954956,-0.7096124887466431,0.062380313873291016,0.6793470978736877,0.19836726784706116,-0.6804934740066528,0.18991175293922424,17.255619,4.655299,-0.803111,0.902269
2026-08-05T11:58:18.834765,1785923898.834765,14.080066,0.6495053172111511,0.26603201031684875,-0.7095820903778076,0.06215576082468033,0.6795971393585205,0.1981896311044693,-0.6803699731826782,0.18964546918869019,17.248913,4.657942,-0.418511,0.164986
2026-08-05T11:58:18.852076,1785923898.852077,14.097377,0.6497097015380859,0.2657979428768158,-0.7094982266426086,0.06197679042816162,0.6798025965690613,0.19809715449810028,-0.6802571415901184,0.18941012024879456,17.236757,4.661427,-0.702177,0.201313
2026-08-05T11:58:18.868282,1785923898.868283,14.112984,0.6498590707778931,0.26573559641838074,-0.7093909382820129,0.06190640851855278,0.6799482703208923,0.1980520635843277,-0.6801774501800537,0.1892208606004715,17.223578,4.650029,-0.844495,-0.730383
2026-08-05T11:58:18.885259,1785923898.885260,14.130561,0.6500025391578674,0.2656559348106384,-0.7093092203140259,0.06167728453874588,0.68010014295578,0.19806529581546783,-0.6800801753997803,0.18901054561138153,17.221144,4.655572,-0.138457,0.315408
2026-08-05T11:58:18.894225,1785923898.894226,14.139526,0.6501785516738892,0.26550886034965515,-0.7092404961585999,0.06124502420425415,0.6802043914794922,0.19810649752616882,-0.680031955242157,0.1887660026550293,17.227614,4.683901,0.721592,3.159642
2026-08-05T11:58:18.911188,1785923898.911188,14.156489,0.6503167152404785,0.2653418481349945,-0.7092226147651672,0.06070858612656593,0.6803135275840759,0.198241725564003,-0.679957926273346,0.188496395945549,17.238709,4.727320,0.654123,2.559654
2026-08-05T11:58:18.918961,1785923898.918962,14.164263,0.6505274176597595,0.26520317792892456,-0.7091206908226013,0.0602441132068634,0.6803919076919556,0.19844597578048706,-0.6799017190933228,0.18820162117481232,17.233702,4.766529,-0.644235,5.044085
2026-08-05T11:58:18.935171,1785923898.935172,14.180473,0.6505758166313171,0.26528966426849365,-0.7090644836425781,0.060002755373716354,0.6804504990577698,0.19878865778446198,-0.6797993183135986,0.18799786269664764,17.225590,4.786534,-0.500416,1.234062
2026-08-05T11:58:18.968433,1785923898.968434,14.213735,0.6506161689758301,0.2654638886451721,-0.7089707255363464,0.05990081652998924,0.6804952621459961,0.1991446167230606,-0.6797130107879639,0.18777114152908325,17.204061,4.787009,-0.647254,0.014300
2026-08-05T11:58:18.984744,1785923898.984744,14.230045,0.6505600810050964,0.26581650972366333,-0.7088921666145325,0.05987684801220894,0.6804908514022827,0.1994112730026245,-0.6797120571136475,0.18750713765621185,17.184374,4.756570,-1.207058,-1.866276
2026-08-05T11:58:19.001619,1785923899.001620,14.246921,0.6505309343338013,0.2660537362098694,-0.7088421583175659,0.05973128229379654,0.6804425120353699,0.1996399611234665,-0.6797608137130737,0.18726244568824768,17.172457,4.745805,-0.706108,-0.637901
2026-08-05T11:58:19.004686,1785923899.004686,14.249987,0.6504720449447632,0.2662770748138428,-0.7088370323181152,0.059437915682792664,0.6803452372550964,0.1999586969614029,-0.6798006892204285,0.18713127076625824,17.181597,4.765832,2.980823,6.531729
2026-08-05T11:58:19.018006,1785923899.018006,14.263307,0.6504557728767395,0.2664206326007843,-0.7088251113891602,0.05911504104733467,0.6802635788917542,0.20028570294380188,-0.6798147559165955,0.1870267689228058,17.191608,4.797813,0.751608,2.400955
2026-08-05T11:58:19.034940,1785923899.034941,14.279511,0.6503925323486328,0.2666403651237488,-0.7088148593902588,0.05894152447581291,0.6801987886428833,0.20054863393306732,-0.6798537969589233,0.1868390589952469,17.186895,4.798573,-0.290860,0.046932
2026-08-05T11:58:19.037707,1785923899.037708,14.283008,0.6503336429595947,0.2667700946331024,-0.708839476108551,0.05870792269706726,0.6801427006721497,0.20060817897319794,-0.6799825429916382,0.1865103840827942,17.178887,4.784237,-2.289776,-4.098984
2026-08-05T11:58:19.051312,1785923899.051312,14.296613,0.650205671787262,0.26685383915901184,-0.7089396715164185,0.058535218238830566,0.6800938844680786,0.2005918323993683,-0.680122971534729,0.18619371950626373,17.170783,4.763729,-0.595619,-1.507421
2026-08-05T11:58:19.068029,1785923899.068029,14.313330,0.6501030325889587,0.266888827085495,-0.7090346813201904,0.05836377292871475,0.68002849817276,0.20054320991039276,-0.6802672743797302,0.18595755100250244,17.168464,4.752132,-0.138732,-0.693748
2026-08-05T11:58:19.118037,1785923899.118038,14.363338,0.6500370502471924,0.2667621970176697,-0.7091735005378723,0.057990800589323044,0.6798975467681885,0.20053666830062866,-0.6804280877113342,0.18585516512393951,17.186900,4.787088,0.368645,0.699017
2026-08-05T11:58:19.133291,1785923899.133291,14.378592,0.6498798131942749,0.26680147647857666,-0.7093324661254883,0.057627495378255844,0.6797365546226501,0.20068752765655518,-0.6805447936058044,0.18585368990898132,17.217587,4.827975,2.011884,2.680517
2026-08-05T11:58:19.151865,1785923899.151865,14.397166,0.649836003780365,0.2668694853782654,-0.7093650102615356,0.05740461125969887,0.6796078085899353,0.20091401040554047,-0.6806025505065918,0.18586856126785278,17.230438,4.861779,0.691841,1.819934
2026-08-05T11:58:19.169220,1785923899.169221,14.414521,0.6496015787124634,0.2670787274837494,-0.7094953656196594,0.05747392401099205,0.6794869303703308,0.20109829306602478,-0.6806830167770386,0.18581664562225342,17.223478,4.849967,-0.401041,-0.680586
2026-08-05T11:58:19.184654,1785923899.184654,14.429955,0.6494439840316772,0.26713043451309204,-0.7096124291419983,0.05756964534521103,0.6793674826622009,0.20106954872608185,-0.6808494329452515,0.1856749951839447,17.204024,4.825885,-1.260457,-1.560369
2026-08-05T11:58:19.201420,1785923899.201421,14.446722,0.649293839931488,0.2671891152858734,-0.7097219228744507,0.057640440762043,0.6792752742767334,0.20087695121765137,-0.6810396909713745,0.18552257120609283,17.194427,4.789094,-0.572378,-2.194308
2026-08-05T11:58:19.204964,1785923899.204965,14.450266,0.6491377353668213,0.26717379689216614,-0.7098804712295532,0.05751729756593704,0.6791593432426453,0.2006794661283493,-0.681225597858429,0.18547837436199188,17.211755,4.783770,4.889213,-1.502206
2026-08-05T11:58:19.222422,1785923899.222422,14.467723,0.6490467190742493,0.26703324913978577,-0.7100338339805603,0.0573032982647419,0.6790374517440796,0.2005864977836609,-0.6813493967056274,0.18557050824165344,17.239286,4.816565,1.577027,1.878572
2026-08-05T11:58:19.235640,1785923899.235641,14.480942,0.6489152908325195,0.2669336795806885,-0.710202157497406,0.05717014521360397,0.6789122819900513,0.20055623352527618,-0.6814465522766113,0.18570423126220703,17.263656,4.847542,1.843616,2.343430
2026-08-05T11:58:19.238610,1785923899.238610,14.483911,0.648882269859314,0.2667699158191681,-0.7103047966957092,0.057034846395254135,0.6787869334220886,0.20055943727493286,-0.6815437078475952,0.18580262362957,17.276163,4.884146,4.211910,12.326511
2026-08-05T11:58:19.251539,1785923899.251540,14.496840,0.6487951874732971,0.26667696237564087,-0.7104199528694153,0.05702484771609306,0.6787175536155701,0.2004876434803009,-0.6816362738609314,0.1857936829328537,17.276099,4.888095,-0.004936,0.305449
2026-08-05T11:58:19.267973,1785923899.267973,14.513274,0.6487272381782532,0.2665261924266815,-0.7105386853218079,0.05702358856797218,0.6786561608314514,0.20033228397369385,-0.6817574501037598,0.18574120104312897,17.271394,4.886098,-0.286293,-0.121542
2026-08-05T11:58:19.285866,1785923899.285867,14.531168,0.6486200094223022,0.26652514934539795,-0.7106274366378784,0.05714340880513191,0.678596019744873,0.20016296207904816,-0.6818675398826599,0.18573962152004242,17.268593,4.864422,-0.156566,-1.211350
2026-08-05T11:58:19.301466,1785923899.301467,14.546768,0.6484847664833069,0.26656097173690796,-0.7107316255569458,0.05721420794725418,0.678477942943573,0.2001720517873764,-0.6819438338279724,0.1858803927898407,17.277822,4.870586,0.591610,0.395096
2026-08-05T11:58:19.334629,1785923899.334629,14.579930,0.648407518863678,0.2665533125400543,-0.7108044624328613,0.05722003057599068,0.6783393621444702,0.20034171640872955,-0.6819645762443542,0.18612699210643768,17.292247,4.907743,0.434981,1.120462
2026-08-05T11:58:19.352403,1785923899.352404,14.597704,0.6483182907104492,0.2665828466415405,-0.7108713388442993,0.05726239085197449,0.6781870722770691,0.20061038434505463,-0.6819525361061096,0.18643631041049957,17.306753,4.951918,0.816090,2.485350
2026-08-05T11:58:19.367885,1785923899.367886,14.613186,0.64827960729599,0.26666897535324097,-0.71086186170578,0.057416945695877075,0.6780783534049988,0.20080161094665527,-0.6819394826889038,0.1866738349199295,17.308128,4.969191,0.088845,1.115651
2026-08-05T11:58:19.384627,1785923899.384627,14.629928,0.6482613682746887,0.26680195331573486,-0.7108083367347717,0.057667769491672516,0.6780305504798889,0.20080095529556274,-0.6819512844085693,0.18680523335933685,17.300978,4.949496,-0.427100,-1.176406
2026-08-05T11:58:19.418005,1785923899.418005,14.663306,0.6481489539146423,0.2670070230960846,-0.7108101844787598,0.05795888602733612,0.6780279874801636,0.2005765438079834,-0.6820123791694641,0.18683280050754547,17.297935,4.892957,-0.091156,-1.693886
2026-08-05T11:58:19.434258,1785923899.434259,14.679560,0.6480367183685303,0.26713791489601135,-0.7108412981033325,0.058229465037584305,0.6780485510826111,0.20029447972774506,-0.6820667386054993,0.18686127662658691,17.297673,4.839596,-0.016134,-3.283052
2026-08-05T11:58:19.438215,1785923899.438215,14.683516,0.6480032205581665,0.2670455574989319,-0.7109024524688721,0.05827779322862625,0.6780551075935364,0.20011626183986664,-0.6820821166038513,0.18697276711463928,17.310159,4.839156,3.155667,-0.111241
2026-08-05T11:58:19.454193,1785923899.454194,14.699495,0.6480531096458435,0.26672518253326416,-0.7109946012496948,0.05806669965386391,0.6780682802200317,0.20003388822078705,-0.6820728778839111,0.18704728782176971,17.327451,4.883819,1.082216,2.795229
2026-08-05T11:58:19.467835,1785923899.467836,14.713137,0.6481354832649231,0.26630714535713196,-0.7110996246337891,0.05777910724282265,0.6780762076377869,0.19989478588104248,-0.6821121573448181,0.18702417612075806,17.339052,4.930727,0.850430,3.438483
2026-08-05T11:58:19.484172,1785923899.484173,14.729474,0.6481199860572815,0.2660802900791168,-0.7112026810646057,0.05772905424237251,0.6780815124511719,0.19965079426765442,-0.6822042465209961,0.18692925572395325,17.336226,4.927443,-0.173000,-0.201017
2026-08-05T11:58:19.502449,1785923899.502449,14.747750,0.6481425762176514,0.26601749658584595,-0.7111942768096924,0.05786823481321335,0.6780477166175842,0.19942660629749298,-0.682319164276123,0.18687185645103455,17.321088,4.900360,-0.828302,-1.481854
2026-08-05T11:58:19.517935,1785923899.517936,14.763236,0.64801025390625,0.2661220133304596,-0.711266279220581,0.05798378214240074,0.6779372692108154,0.19936887919902802,-0.6824129819869995,0.18699117004871368,17.329707,4.889861,0.556567,-0.677960
2026-08-05T11:58:19.535632,1785923899.535632,14.780933,0.6478877663612366,0.2661707401275635,-0.7113717198371887,0.05783597007393837,0.677804172039032,0.19950704276561737,-0.6824470162391663,0.18720242381095886,17.361749,4.928991,1.810621,2.211135
2026-08-05T11:58:19.552293,1785923899.552294,14.797594,0.6479173898696899,0.26615744829177856,-0.7113631367683411,0.05766919627785683,0.6777157187461853,0.19975772500038147,-0.6824377775192261,0.1872885674238205,17.370617,4.972428,0.532273,2.607042
2026-08-05T11:58:19.568161,1785923899.568161,14.813462,0.6478751301765442,0.26609480381011963,-0.711439311504364,0.05749515816569328,0.6776746511459351,0.19982194900512695,-0.6825048327445984,0.18712465465068817,17.365451,4.983861,-0.325552,0.720515
2026-08-05T11:58:19.584528,1785923899.584528,14.829829,0.647809624671936,0.2660045325756073,-0.7115433216094971,0.05736234784126282,0.6776506304740906,0.19977635145187378,-0.6826213002204895,0.18683533370494843,17.348472,4.974781,-1.037428,-0.554718
2026-08-05T11:58:19.587462,1785923899.587462,14.832763,0.6476796269416809,0.26606348156929016,-0.711638331413269,0.05737852305173874,0.6775894165039062,0.199770987033844,-0.6827429533004761,0.18661826848983765,17.329752,4.950610,-6.380976,-8.238987
2026-08-05T11:58:19.632996,1785923899.632996,14.878297,0.6475454568862915,0.266194224357605,-0.7117161154747009,0.05732154846191406,0.6774949431419373,0.19991719722747803,-0.6827982068061829,0.18660229444503784,17.334402,4.955652,0.102125,0.110729
2026-08-05T11:58:19.636053,1785923899.636054,14.881354,0.6474125981330872,0.2664565145969391,-0.7117489576339722,0.05719617381691933,0.677367627620697,0.20031453669071198,-0.6827712655067444,0.18673670291900635,17.354597,4.987701,6.605852,10.482826
2026-08-05T11:58:19.652152,1785923899.652153,14.897453,0.6473394632339478,0.26679274439811707,-0.7116966247558594,0.05710919201374054,0.67726069688797,0.20073512196540833,-0.6827244162559509,0.18684469163417816,17.368664,5.009491,0.873743,1.353523
2026-08-05T11:58:19.668346,1785923899.668347,14.913648,0.6472750902175903,0.26707494258880615,-0.7116486430168152,0.05711781978607178,0.6771672368049622,0.20108145475387573,-0.6827220916748047,0.18681971728801727,17.360476,5.010893,-0.505568,0.086593
2026-08-05T11:58:19.685894,1785923899.685894,14.931195,0.6471689939498901,0.267363578081131,-0.7116321921348572,0.05717356130480766,0.6771177649497986,0.20129375159740448,-0.682739794254303,0.1867051124572754,17.348073,4.988845,-0.706870,-1.256536
2026-08-05T11:58:19.702889,1785923899.702889,14.948190,0.6471906900405884,0.2674740254878998,-0.7115795612335205,0.05706584453582764,0.6770820021629333,0.20143766701221466,-0.6827542781829834,0.18662667274475098,17.346497,4.993388,-0.092720,0.267351
2026-08-05T11:58:19.718175,1785923899.718175,14.963476,0.6471642851829529,0.2675768733024597,-0.7115792632102966,0.056886423379182816,0.6770617961883545,0.2015327662229538,-0.682757556438446,0.18658556044101715,17.360566,5.003316,0.920404,0.649452
2026-08-05T11:58:19.735571,1785923899.735571,14.980872,0.6471331119537354,0.26772385835647583,-0.7115720510482788,0.056640394032001495,0.6770573854446411,0.20166602730751038,-0.6827410459518433,0.18651790916919708,17.379634,5.015134,1.096099,0.679370
2026-08-05T11:58:19.751500,1785923899.751500,14.996801,0.6471909284591675,0.26775801181793213,-0.7115357518196106,0.056271784007549286,0.677087128162384,0.20184144377708435,-0.6826953291893005,0.1863870620727539,17.395569,5.043989,1.000401,1.811427
2026-08-05T11:58:19.769185,1785923899.769186,15.014487,0.6472512483596802,0.26778024435043335,-0.7114861011505127,0.056100815534591675,0.6771436929702759,0.20203649997711182,-0.6826211214065552,0.1862427443265915,17.390025,5.057507,-0.313477,0.764387
2026-08-05T11:58:19.784484,1785923899.784484,15.029785,0.6472800970077515,0.26784002780914307,-0.7114399075508118,0.05606844276189804,0.6771988272666931,0.20217177271842957,-0.6825560331344604,0.18613389134407043,17.379730,5.054874,-0.672992,-0.172112
2026-08-05T11:58:19.800749,1785923899.800750,15.046051,0.6473982930183411,0.26786085963249207,-0.7113280892372131,0.05602236092090607,0.6772558093070984,0.20225854218006134,-0.6824832558631897,0.1860986351966858,17.375274,5.059512,-0.273965,0.285121
2026-08-05T11:58:19.819235,1785923899.819236,15.064537,0.6474412083625793,0.2680201828479767,-0.7112314105033875,0.055992357432842255,0.6773138046264648,0.20234495401382446,-0.6823833584785461,0.18616001307964325,17.388332,5.058780,0.706397,-0.039607
2026-08-05T11:58:19.834355,1785923899.834355,15.079656,0.6475279331207275,0.26810890436172485,-0.7111279964447021,0.05587909370660782,0.6773630976676941,0.20238648355007172,-0.6822938323020935,0.1862637847661972,17.410951,5.071424,1.496011,0.836283
2026-08-05T11:58:19.851567,1785923899.851568,15.096869,0.6475344300270081,0.268268883228302,-0.711064338684082,0.055844567716121674,0.6774406433105469,0.20241709053516388,-0.6822035908699036,0.18627893924713135,17.424483,5.062200,0.786150,-0.535878
2026-08-05T11:58:19.867953,1785923899.867954,15.113255,0.6477186679840088,0.2682476043701172,-0.7109134793281555,0.05573175847530365,0.6775656938552856,0.20236723124980927,-0.6821302771568298,0.18614690005779266,17.420980,5.055805,-0.213782,-0.390238
2026-08-05T11:58:19.885148,1785923899.885149,15.130449,0.6477630734443665,0.2681869864463806,-0.7109044194221497,0.055620480328798294,0.677688717842102,0.20231448113918304,-0.68208247423172,0.18593154847621918,17.412943,5.044954,-0.467399,-0.631066
2026-08-05T11:58:19.887638,1785923899.887638,15.132939,0.6478855609893799,0.2679932713508606,-0.710879921913147,0.05544190853834152,0.6777871251106262,0.20225892961025238,-0.6820608973503113,0.18571199476718903,17.401405,5.051363,-4.633985,2.573933
2026-08-05T11:58:19.902434,1785923899.902435,15.147735,0.6479584574699402,0.26782694458961487,-0.7108879685401917,0.05529117211699486,0.6778521537780762,0.20222052931785583,-0.6820330023765564,0.18561884760856628,17.401332,5.065803,-0.004934,0.975917
2026-08-05T11:58:19.934010,1785923899.934011,15.179312,0.6480286717414856,0.26778894662857056,-0.7108418941497803,0.055243682116270065,0.6778967976570129,0.20214533805847168,-0.6820159554481506,0.18560023605823517,17.404820,5.064765,0.110452,-0.032864
2026-08-05T11:58:19.950993,1785923899.950993,15.196294,0.6480464935302734,0.26782920956611633,-0.7108133435249329,0.0552072636783123,0.6779163479804993,0.2021210491657257,-0.6820047497749329,0.18559645116329193,17.410912,5.061659,0.358753,-0.182905
2026-08-05T11:58:19.968191,1785923899.968191,15.213492,0.6480182409286499,0.2679995894432068,-0.7107841372489929,0.05508740246295929,0.6779494881629944,0.2021794468164444,-0.6819642782211304,0.1855609267950058,17.426444,5.057257,0.903134,-0.255941
2026-08-05T11:58:19.984131,1785923899.984131,15.229432,0.6481074094772339,0.2678988575935364,-0.7107498645782471,0.05497176572680473,0.6780214309692383,0.2022564858198166,-0.6818841695785522,0.18550845980644226,17.424451,5.075361,-0.125065,1.135758
2026-08-05T11:58:20.001323,1785923900.001323,15.246624,0.6480587124824524,0.2678905129432678,-0.7107890844345093,0.055077582597732544,0.6780946254730225,0.20223872363567352,-0.6818594336509705,0.18535096943378448,17.403093,5.050831,-1.242327,-1.426818
2026-08-05T11:58:20.018081,1785923900.018082,15.263383,0.6480985283851624,0.267839252948761,-0.7107706069946289,0.055095743387937546,0.678138017654419,0.20204992592334747,-0.6819431781768799,0.18508964776992798,17.380222,5.016277,-1.364688,-2.061883
2026-08-05T11:58:20.034731,1785923900.034732,15.280032,0.6481139063835144,0.26773080229759216,-0.7108048796653748,0.05500129237771034,0.6781748533248901,0.2019619196653366,-0.6819581389427185,0.18499606847763062,17.380198,5.017799,-0.001449,0.091428
2026-08-05T11:58:20.050804,1785923900.050804,15.296105,0.6480756998062134,0.2676473557949066,-0.71088045835495,0.0548815093934536,0.6781808733940125,0.2019897997379303,-0.6819261908531189,0.18506111204624176,17.396244,5.042087,0.998324,1.511154
2026-08-05T11:58:20.067685,1785923900.067686,15.312987,0.6481582522392273,0.26748400926589966,-0.7108827233314514,0.0546734482049942,0.6781809329986572,0.20198875665664673,-0.6819050908088684,0.1851399689912796,17.415135,5.079965,1.119055,2.243692
2026-08-05T11:58:20.084413,1785923900.084414,15.329715,0.6481214761734009,0.2675250768661499,-0.7108997106552124,0.05468585714697838,0.6781865954399109,0.20181269943714142,-0.681965708732605,0.18508735299110413,17.419507,5.057209,0.261360,-1.360318
2026-08-05T11:58:20.101114,1785923900.101115,15.346416,0.6480764150619507,0.26750823855400085,-0.7109479904174805,0.05467499792575836,0.6782091856002808,0.20156598091125488,-0.6820777058601379,0.18486055731773376,17.409812,5.020740,-0.580502,-2.183632
2026-08-05T11:58:20.118023,1785923900.118024,15.363324,0.6480503678321838,0.26744458079338074,-0.7110098004341125,0.05449029430747032,0.6782068610191345,0.20148323476314545,-0.6821637749671936,0.18464192748069763,17.407433,5.016349,-0.140725,-0.259669
2026-08-05T11:58:20.134054,1785923900.134054,15.379355,0.6481283903121948,0.2671688199043274,-0.7110715508460999,0.05411098897457123,0.6782062649726868,0.20162560045719147,-0.6821496486663818,0.1845410317182541,17.413946,5.073589,0.406324,3.570717
2026-08-05T11:58:20.151885,1785923900.151885,15.397186,0.6481097936630249,0.26700571179389954,-0.7111655473709106,0.05390221253037453,0.6781866550445557,0.2017739862203598,-0.6821486949920654,0.18445385992527008,17.412601,5.108996,-0.075464,1.985654
2026-08-05T11:58:20.168208,1785923900.168209,15.413510,0.6481238007545471,0.2669684588909149,-0.7111695408821106,0.05386478453874588,0.6781760454177856,0.20175299048423767,-0.682203471660614,0.18431349098682404,17.399949,5.102061,-0.775077,-0.424826
2026-08-05T11:58:20.185070,1785923900.185071,15.430372,0.6480383276939392,0.2671023905277252,-0.7111901044845581,0.05395876243710518,0.6781607270240784,0.20166468620300293,-0.6822696924209595,0.18422135710716248,17.393164,5.068390,-0.402377,-1.996858
2026-08-05T11:58:20.201109,1785923900.201110,15.446410,0.647966742515564,0.2672193944454193,-0.7112135887145996,0.05392834171652794,0.6781381964683533,0.2016168087720871,-0.6823166012763977,0.1841830611228943,17.401180,5.054159,0.499788,-0.887288
2026-08-05T11:58:20.217773,1785923900.217773,15.463074,0.6478970050811768,0.26723551750183105,-0.7112920880317688,0.053649961948394775,0.6780930757522583,0.20162442326545715,-0.6823791861534119,0.18410880863666534,17.422658,5.070529,1.288964,0.982362
2026-08-05T11:58:20.233033,1785923900.233033,15.478334,0.6479470133781433,0.2670828104019165,-0.7113394737243652,0.053176578134298325,0.6780741810798645,0.2017247974872589,-0.6824066638946533,0.18396665155887604,17.441707,5.118430,1.248260,3.138928
2026-08-05T11:58:20.251206,1785923900.251206,15.496507,0.6479699015617371,0.26698780059814453,-0.7113795280456543,0.05283958837389946,0.6780689358711243,0.20189595222473145,-0.6824154853820801,0.18376532196998596,17.442046,5.150248,0.018620,1.750886
2026-08-05T11:58:20.267978,1785923900.267978,15.513279,0.6479950547218323,0.26696476340293884,-0.711376965045929,0.052679114043712616,0.6780717968940735,0.20207034051418304,-0.6824093461036682,0.18358606100082397,17.430057,5.163445,-0.714768,0.786865
2026-08-05T11:58:20.283969,1785923900.283969,15.529270,0.6479518413543701,0.2670857608318329,-0.7113673090934753,0.052729129791259766,0.6780977845191956,0.2020905613899231,-0.6824229955673218,0.18341706693172455,17.414401,5.135401,-0.979085,-1.753674
2026-08-05T11:58:20.301084,1785923900.301085,15.546386,0.6479302048683167,0.26720044016838074,-0.7113416194915771,0.052760131657123566,0.6781289577484131,0.2019606977701187,-0.6824808120727539,0.18323008716106415,17.404284,5.096397,-0.591057,-2.278912
2026-08-05T11:58:20.317802,1785923900.317802,15.562603,0.6478232145309448,0.26725995540618896,-0.7114386558532715,0.052464451640844345,0.6781176328659058,0.20182567834854126,-0.682598888874054,0.18298058211803436,17.420199,5.083716,0.981299,-0.781901
2026-08-05T11:58:20.334283,1785923900.334284,15.579585,0.6478002071380615,0.2671496868133545,-0.7115499377250671,0.0517977774143219,0.6781079769134521,0.20184239745140076,-0.6826854348182678,0.1826746016740799,17.450410,5.122887,1.779064,2.306727
2026-08-05T11:58:20.336695,1785923900.336695,15.581996,0.6478301286697388,0.26703718304634094,-0.711616039276123,0.051088761538267136,0.6780569553375244,0.2021457999944687,-0.6827107071876526,0.18243417143821716,17.475389,5.194358,10.360210,29.642144
2026-08-05T11:58:20.352920,1785923900.352920,15.595958,0.6479588150978088,0.26696673035621643,-0.7115428447723389,0.05084376409649849,0.6780341267585754,0.2025996595621109,-0.6826394200325012,0.18228161334991455,17.455492,5.243152,-1.425087,3.494775
2026-08-05T11:58:20.385548,1785923900.385549,15.630850,0.647906482219696,0.2671721279621124,-0.7115043997764587,0.05096907168626785,0.6780314445495605,0.20292404294013977,-0.6825873851776123,0.1821252852678299,17.423185,5.226717,-0.925928,-0.471012
2026-08-05T11:58:20.401143,1785923900.401144,15.646444,0.6478955149650574,0.2674153447151184,-0.7114095091819763,0.051158323884010315,0.6780346632003784,0.20298141241073608,-0.6826076507568359,0.18197400867938995,17.396272,5.181880,-1.725774,-2.875138
2026-08-05T11:58:20.467916,1785923900.467916,15.713217,0.6478055119514465,0.26748213171958923,-0.711473286151886,0.051061201840639114,0.6780527234077454,0.20285142958164215,-0.6826539635658264,0.1818775236606598,17.408807,5.165112,0.187725,-0.251129
2026-08-05T11:58:20.484397,1785923900.484398,15.729699,0.6477737426757812,0.26744282245635986,-0.711532711982727,0.050842154771089554,0.6780483722686768,0.2027338743209839,-0.6826893091201782,0.18189240992069244,17.436962,5.178536,1.708256,0.814527
2026-08-05T11:58:20.501581,1785923900.501581,15.746882,0.6478832960128784,0.2672298550605774,-0.7115360498428345,0.05051977187395096,0.6780588626861572,0.2026512324810028,-0.682685911655426,0.1819579005241394,17.466934,5.222446,1.744315,2.555420
2026-08-05T11:58:20.517585,1785923900.517586,15.762887,0.6479033827781677,0.26695623993873596,-0.711634635925293,0.05031980574131012,0.6780784726142883,0.2025301456451416,-0.6826863884925842,0.1820182055234909,17.487469,5.257675,1.283030,2.201137
2026-08-05T11:58:20.534267,1785923900.534267,15.779568,0.6478087902069092,0.2667136490345001,-0.7117953896522522,0.050546254962682724,0.6781211495399475,0.2022344172000885,-0.6827369332313538,0.18199782073497772,17.471103,5.234421,-0.981082,-1.394020
2026-08-05T11:58:20.551070,1785923900.551071,15.796372,0.6477619409561157,0.26660922169685364,-0.7118695974349976,0.050654005259275436,0.6781399250030518,0.20189501345157623,-0.6828213334083557,0.18198876082897186,17.472252,5.207320,0.068406,-1.612816
2026-08-05T11:58:20.567517,1785923900.567518,15.812819,0.6476360559463501,0.26649850606918335,-0.7120212912559509,0.05071411654353142,0.6781460046768188,0.20154054462909698,-0.682917058467865,0.18199926614761353,17.483518,5.185146,0.684957,-1.348229
2026-08-05T11:58:20.584735,1785923900.584735,15.830036,0.6475458741188049,0.26629331707954407,-0.7121886014938354,0.05059434100985527,0.6781176924705505,0.2012704312801361,-0.6830219030380249,0.18201066553592682,17.502476,5.193221,1.101121,0.469050
2026-08-05T11:58:20.602352,1785923900.602353,15.846401,0.6475770473480225,0.2659280598163605,-0.7123083472251892,0.05043286830186844,0.6780783534049988,0.20105937123298645,-0.6831305027008057,0.1819830983877182,17.506816,5.220408,0.265150,1.661223
2026-08-05T11:58:20.617202,1785923900.617203,15.862504,0.6475414633750916,0.2655757963657379,-0.7124803066253662,0.050314631313085556,0.6780416965484619,0.2008918672800064,-0.6832333207130432,0.18191838264465332,17.504604,5.242812,-0.137349,1.391338
2026-08-05T11:58:20.634621,1785923900.634622,15.879922,0.647480309009552,0.2653120458126068,-0.7126424312591553,0.05019782483577728,0.6779869198799133,0.2006838470697403,-0.6833702325820923,0.18183761835098267,17.506165,5.253382,0.089615,0.606815
2026-08-05T11:58:20.637276,1785923900.637277,15.882577,0.6473511457443237,0.26524895429611206,-0.7127858996391296,0.05015933886170387,0.6778151988983154,0.2003919631242752,-0.6836419701576233,0.18177807331085205,17.511433,5.238351,1.984358,-5.661123
2026-08-05T11:58:20.650802,1785923900.650802,15.896103,0.6472506523132324,0.2653034031391144,-0.7128561735153198,0.0501679852604866,0.6777191162109375,0.2004150152206421,-0.6837093830108643,0.18185779452323914,17.520173,5.243466,0.646124,0.378182
2026-08-05T11:58:20.667570,1785923900.667570,15.912871,0.6471598744392395,0.26532799005508423,-0.712935745716095,0.05007926747202873,0.6776260137557983,0.2005167156457901,-0.6837617754936218,0.18189556896686554,17.529490,5.261477,0.555646,1.074089
2026-08-05T11:58:20.683913,1785923900.683914,15.929215,0.6471033096313477,0.26518335938453674,-0.7130510210990906,0.049935441464185715,0.677548885345459,0.20055969059467316,-0.6838375329971313,0.18185044825077057,17.530544,5.286739,0.064512,1.545720
2026-08-05T11:58:20.701509,1785923900.701509,15.946810,0.6470087170600891,0.2652025818824768,-0.7131320238113403,0.049900852143764496,0.6774795055389404,0.20048458874225616,-0.6839789748191833,0.18165937066078186,17.518866,5.267321,-0.663717,-1.103593
2026-08-05T11:58:20.718150,1785923900.718150,15.962792,0.6469315886497498,0.2652144134044647,-0.7132055759429932,0.04978686571121216,0.6774038672447205,0.2004147469997406,-0.6841300129890442,0.18144981563091278,17.511709,5.254052,-0.447828,-0.830295
2026-08-05T11:58:20.734866,1785923900.734867,15.980168,0.6468812227249146,0.2651399075984955,-0.713298499584198,0.04950790852308273,0.6773244738578796,0.20048072934150696,-0.6842120885848999,0.18136438727378845,17.523625,5.282691,0.685786,1.648242
2026-08-05T11:58:20.751212,1785923900.751213,15.996514,0.6467353701591492,0.265247642993927,-0.7133999466896057,0.04937181994318962,0.6772719621658325,0.2007148712873459,-0.6842026710510254,0.1813368797302246,17.532827,5.300748,0.562989,1.104678
2026-08-05T11:58:20.768185,1785923900.768186,16.012807,0.6466675400733948,0.26541852951049805,-0.7134020328521729,0.04931318014860153,0.6772171258926392,0.20092502236366272,-0.6842243075370789,0.18122781813144684,17.525787,5.298699,-0.432086,-0.125769
2026-08-05T11:58:20.784762,1785923900.784762,16.030063,0.6465879082679749,0.26559504866600037,-0.7134197950363159,0.049150120466947556,0.677186906337738,0.20114487409591675,-0.6842485070228577,0.18100471794605255,17.518724,5.295071,-0.409297,-0.210238
2026-08-05T11:58:20.787999,1785923900.787999,16.032877,0.6466724872589111,0.2656622529029846,-0.7133356332778931,0.048895642161369324,0.6771776676177979,0.20143938064575195,-0.6842238306999207,0.1808045357465744,17.509645,5.316029,-3.226898,7.448991
2026-08-05T11:58:20.801581,1785923900.801581,16.046882,0.6466573476791382,0.2657783031463623,-0.713322639465332,0.04865412041544914,0.6771619915962219,0.20181693136692047,-0.6841694712638855,0.18064801394939423,17.506365,5.341524,-0.234173,1.820379
2026-08-05T11:58:20.835389,1785923900.835389,16.080690,0.6467083692550659,0.26590701937675476,-0.7132480144500732,0.04836652800440788,0.6771422624588013,0.20224739611148834,-0.684083878993988,0.1805647909641266,17.510811,5.380292,0.131509,1.146707
2026-08-05T11:58:20.853469,1785923900.853469,16.098770,0.6467138528823853,0.2661285996437073,-0.7131755352020264,0.04814117029309273,0.6771414875984192,0.20268015563488007,-0.6839661598205566,0.18052801489830017,17.520338,5.409476,0.526927,1.614137
2026-08-05T11:58:20.867932,1785923900.867933,16.113233,0.6467360258102417,0.2665386497974396,-0.7130005955696106,0.04816504567861557,0.677167534828186,0.2030344307422638,-0.6838453412055969,0.18049000203609467,17.515739,5.395539,-0.317997,-0.963586
2026-08-05T11:58:20.885525,1785923900.885525,16.130826,0.6467607617378235,0.2669510543346405,-0.7128204107284546,0.048217590898275375,0.6772109270095825,0.2033306062221527,-0.683738648891449,0.18039831519126892,17.505756,5.369675,-0.567472,-1.470185
2026-08-05T11:58:20.901966,1785923900.901966,16.147267,0.6468644738197327,0.26720136404037476,-0.7126424908638,0.04807041957974434,0.6772559881210327,0.20360635221004486,-0.6836365461349487,0.1803053319454193,17.506930,5.372584,0.071399,0.176960
2026-08-05T11:58:20.918742,1785923900.918742,16.164043,0.6469552516937256,0.2673387825489044,-0.7125201225280762,0.04789580777287483,0.6773270964622498,0.20391544699668884,-0.6834880113601685,0.18025217950344086,17.510941,5.392619,0.239133,1.194238
2026-08-05T11:58:20.923798,1785923900.923799,16.169099,0.6469951868057251,0.26751428842544556,-0.7124245166778564,0.0477994866669178,0.6773867011070251,0.20423033833503723,-0.683341920375824,0.18022538721561432,17.512777,5.405768,0.363086,2.600620
2026-08-05T11:58:20.934438,1785923900.934439,16.179739,0.6470934152603149,0.26763397455215454,-0.7122959494590759,0.0477161779999733,0.6774346828460693,0.20443470776081085,-0.6832374930381775,0.18020878732204437,17.513721,5.415645,0.088702,0.928187
2026-08-05T11:58:20.943110,1785923900.943110,16.188411,0.6471959352493286,0.26775023341178894,-0.712166428565979,0.04760786145925522,0.6774913668632507,0.20457403361797333,-0.6831278800964355,0.18025323748588562,17.526381,5.427852,1.459963,1.407817
2026-08-05T11:58:20.951694,1785923900.951694,16.196995,0.6472885012626648,0.26791656017303467,-0.7120217680931091,0.047573789954185486,0.6775521039962769,0.20465387403964996,-0.6830215454101562,0.18033765256404877,17.540754,5.428423,1.674317,0.066489
2026-08-05T11:58:20.985070,1785923900.985070,16.230371,0.6473890542984009,0.2680310308933258,-0.7118948101997375,0.047461215406656265,0.6776131987571716,0.20472967624664307,-0.6829241514205933,0.18039074540138245,17.557584,5.436891,0.504274,0.253711
2026-08-05T11:58:21.002450,1785923901.002450,16.247751,0.6474679708480835,0.2680819630622864,-0.711819589138031,0.04722589999437332,0.677697479724884,0.20486007630825043,-0.682805061340332,0.18037725985050201,17.577033,5.458625,1.119033,1.250505
2026-08-05T11:58:21.020039,1785923901.020039,16.265340,0.6476058959960938,0.26805058121681213,-0.7117160558700562,0.04707421734929085,0.6777873635292053,0.20504961907863617,-0.682674765586853,0.18031734228134155,17.575237,5.481352,-0.102128,1.292097
2026-08-05T11:58:21.035064,1785923901.035064,16.280365,0.6476634740829468,0.26800698041915894,-0.7116870880126953,0.046968523412942886,0.6778836846351624,0.20516446232795715,-0.6825754046440125,0.18020054697990417,17.569062,5.490376,-0.411002,0.600603
2026-08-05T11:58:21.053388,1785923901.053388,16.298689,0.6478193402290344,0.2679866850376129,-0.7115492820739746,0.04702240601181984,0.6779435276985168,0.20516709983348846,-0.6825432777404785,0.18009406328201294,17.547467,5.478132,-1.178502,-0.668202
2026-08-05T11:58:21.069175,1785923901.069175,16.314476,0.6478317975997925,0.26809555292129517,-0.7114951610565186,0.04704747721552849,0.6779845952987671,0.20513777434825897,-0.682525098323822,0.1800416260957718,17.546116,5.459084,-0.085601,-1.206532
2026-08-05T11:58:21.085094,1785923901.085094,16.330395,0.6478584408760071,0.2682030200958252,-0.7114433646202087,0.046850066632032394,0.6779985427856445,0.20527426898479462,-0.6824578046798706,0.18008862435817719,17.569222,5.479996,1.451474,1.313641
2026-08-05T11:58:21.090231,1785923901.090232,16.335533,0.6479307413101196,0.26823705434799194,-0.7113791704177856,0.046630680561065674,0.6780515313148499,0.20545552670955658,-0.6823434829711914,0.18011587858200073,17.587603,5.509965,3.577869,5.833309
2026-08-05T11:58:21.101573,1785923901.101573,16.346874,0.6479329466819763,0.26826080679893494,-0.711374044418335,0.04654201865196228,0.6781119704246521,0.2055044025182724,-0.6823000907897949,0.17999674379825592,17.585522,5.507248,-0.183509,-0.239561
2026-08-05T11:58:21.134771,1785923901.134772,16.380073,0.6480035185813904,0.2682506740093231,-0.7113133668899536,0.04654497653245926,0.6781773567199707,0.20536726713180542,-0.6823519468307495,0.1797093003988266,17.559899,5.471793,-0.771800,-1.067969
2026-08-05T11:58:21.151660,1785923901.151660,16.396961,0.6479623317718506,0.26829585433006287,-0.7113428115844727,0.04640713334083557,0.6782110333442688,0.20522035658359528,-0.6824474334716797,0.1793878674507141,17.550901,5.439674,-0.532812,-1.901840
2026-08-05T11:58:21.201517,1785923901.201518,16.446819,0.6479352116584778,0.2682075798511505,-0.7114341855049133,0.045892488211393356,0.6782059073448181,0.2052280753850937,-0.6825183033943176,0.17912882566452026,17.572843,5.467686,0.440089,0.561844
2026-08-05T11:58:21.216952,1785923901.216953,16.462254,0.6479107737541199,0.2681533992290497,-0.7115103006362915,0.0453733429312706,0.6781612634658813,0.20543910562992096,-0.682547390460968,0.17894546687602997,17.594491,5.516042,1.402550,3.132877
2026-08-05T11:58:21.234112,1785923901.234113,16.479413,0.6478808522224426,0.2682463526725769,-0.7115265130996704,0.04499470442533493,0.6780778169631958,0.205794557929039,-0.6825773119926453,0.17873874306678772,17.597889,5.550357,0.198043,1.999709
2026-08-05T11:58:21.238488,1785923901.238489,16.483789,0.6478685736656189,0.2684575021266937,-0.7114670276641846,0.044852592051029205,0.6779724359512329,0.20624181628227234,-0.6825929284095764,0.17856307327747345,17.579764,5.565611,-4.141833,3.485837
2026-08-05T11:58:21.250783,1785923901.250783,16.496084,0.6477472186088562,0.26880213618278503,-0.7114489674568176,0.0448274165391922,0.6778607964515686,0.2066897749900818,-0.6826114058494568,0.1783980131149292,17.560347,5.560514,-1.579321,-0.414595
2026-08-05T11:58:21.267492,1785923901.267492,16.512793,0.6476407051086426,0.2690941393375397,-0.7114424109458923,0.04471922665834427,0.6777654886245728,0.20704612135887146,-0.6826400756835938,0.17823760211467743,17.551601,5.559726,-0.523427,-0.047188
2026-08-05T11:58:21.283666,1785923901.283666,16.528967,0.6474226117134094,0.2695067226886749,-0.7114874124526978,0.044675447046756744,0.6776890754699707,0.20729418098926544,-0.682689368724823,0.1780509352684021,17.548078,5.531856,-0.217851,-1.723123
2026-08-05T11:58:21.300903,1785923901.300903,16.546204,0.6473037004470825,0.2697591185569763,-0.7115153670310974,0.04443153366446495,0.6776191592216492,0.20746169984340668,-0.6827694773674011,0.17781409621238708,17.552743,5.523911,0.270653,-0.460910
2026-08-05T11:58:21.316731,1785923901.316732,16.562032,0.6472910046577454,0.2698006331920624,-0.711531400680542,0.04410386085510254,0.6775551438331604,0.20762822031974792,-0.6828386187553406,0.1775980293750763,17.555773,5.542915,0.191414,1.200633
2026-08-05T11:58:21.335000,1785923901.335001,16.580301,0.6472158432006836,0.2697637379169464,-0.7116342782974243,0.043771836906671524,0.6775078177452087,0.20779773592948914,-0.682868480682373,0.1774657964706421,17.568398,5.575567,0.691056,1.787310
2026-08-05T11:58:21.351188,1785923901.351188,16.596489,0.6471995115280151,0.2697390913963318,-0.7116696834564209,0.043590012937784195,0.6774816513061523,0.20789305865764618,-0.682906985282898,0.17730532586574554,17.564677,5.586716,-0.229855,0.688723
2026-08-05T11:58:21.368153,1785923901.368154,16.613454,0.6470301151275635,0.2698691785335541,-0.711778998374939,0.04351503401994705,0.6774464249610901,0.20784561336040497,-0.6830049157142639,0.17711813747882843,17.564975,5.562258,0.017567,-1.441656
2026-08-05T11:58:21.385225,1785923901.385226,16.630527,0.6469681859016418,0.269905686378479,-0.7118316888809204,0.04334638640284538,0.6774138808250427,0.20779266953468323,-0.6830816864967346,0.1770087480545044,17.575234,5.560050,0.600897,-0.129305
2026-08-05T11:58:21.401599,1785923901.401599,16.646900,0.646950364112854,0.2698517143726349,-0.7118772864341736,0.043200235813856125,0.6773922443389893,0.2078389823436737,-0.6830981373786926,0.17697392404079437,17.582271,5.577578,0.429798,1.070478
2026-08-05T11:58:21.405528,1785923901.405529,16.650830,0.6469690799713135,0.2697160542011261,-0.7119216918945312,0.04303309693932533,0.6774030327796936,0.20782727003097534,-0.6831017732620239,0.1769324392080307,17.589821,5.598184,1.921260,5.243508
2026-08-05T11:58:21.422159,1785923901.422160,16.667460,0.6470284461975098,0.2695353925228119,-0.7119457721710205,0.04287577047944069,0.6774409413337708,0.20766127109527588,-0.6831408739089966,0.1768314242362976,17.593978,5.604604,0.249957,0.386019
2026-08-05T11:58:21.434604,1785923901.434604,16.679135,0.6469801068305969,0.26941779255867004,-0.7120380401611328,0.04281040281057358,0.6774792671203613,0.20739634335041046,-0.6832098364830017,0.17672891914844513,17.599570,5.589947,0.479007,-1.255386
2026-08-05T11:58:21.452385,1785923901.452386,16.697687,0.6470471620559692,0.2692621946334839,-0.7120388746261597,0.04276329278945923,0.677524983882904,0.20721085369586945,-0.6832167506217957,0.17674458026885986,17.606637,5.593491,0.380921,0.191048
2026-08-05T11:58:21.468419,1785923901.468419,16.713720,0.647051990032196,0.26916006207466125,-0.7120805382728577,0.042638473212718964,0.6775878667831421,0.20708413422107697,-0.6831712126731873,0.17682786285877228,17.631866,5.608162,1.573539,0.915025
2026-08-05T11:58:21.485024,1785923901.485024,16.730325,0.647149920463562,0.26888275146484375,-0.7121111750602722,0.04239153489470482,0.6776662468910217,0.2069375216960907,-0.6831229329109192,0.1768854558467865,17.657638,5.644151,1.552023,2.167312
2026-08-05T11:58:21.501899,1785923901.501899,16.747200,0.6471925377845764,0.2687211036682129,-0.7121344804763794,0.04237236827611923,0.6777628064155579,0.20676130056381226,-0.6830814480781555,0.1768818199634552,17.662505,5.643581,0.288451,-0.033761
2026-08-05T11:58:21.517558,1785923901.517558,16.762859,0.647251307964325,0.26865682005882263,-0.7120961546897888,0.04252583160996437,0.6778585910797119,0.20657794177532196,-0.6830511093139648,0.176845982670784,17.649693,5.617509,-0.818209,-1.665005
2026-08-05T11:58:21.535885,1785923901.535885,16.781186,0.6473516821861267,0.26849451661109924,-0.7120646238327026,0.042550645768642426,0.6779618859291077,0.206362783908844,-0.683027446269989,0.17679275572299957,17.644213,5.606399,-0.299044,-0.606261
2026-08-05T11:58:21.537945,1785923901.537945,16.783246,0.6473762392997742,0.26837578415870667,-0.7120847105979919,0.04259037971496582,0.6780375838279724,0.20621435344219208,-0.682992696762085,0.17680993676185608,17.645691,5.601699,0.717536,-2.280986
2026-08-05T11:58:21.569824,1785923901.569824,16.815125,0.6474092602729797,0.26816070079803467,-0.7121422290802002,0.042481351643800735,0.678118884563446,0.20607654750347137,-0.6829437613487244,0.17684786021709442,17.660267,5.619782,0.457232,0.567214
2026-08-05T11:58:21.585212,1785923901.585212,16.830513,0.647487461566925,0.26797062158584595,-0.7121443152427673,0.04245194420218468,0.678189218044281,0.20590528845787048,-0.6829243302345276,0.17685313522815704,17.663163,5.624467,0.188181,0.304483
2026-08-05T11:58:21.602205,1785923901.602206,16.847507,0.6475208401679993,0.26772305369377136,-0.7122138142585754,0.04234180971980095,0.6782410740852356,0.2056424468755722,-0.682978093624115,0.17675207555294037,17.665547,5.624941,0.140294,0.027900
2026-08-05T11:58:21.618911,1785923901.618912,16.862552,0.6475869417190552,0.2675454616546631,-0.7122268080711365,0.04223362356424332,0.6782671809196472,0.20543833076953888,-0.6830512285232544,0.17660650610923767,17.660799,5.620775,-0.315544,-0.276935
2026-08-05T11:58:21.635464,1785923901.635465,16.880765,0.6475364565849304,0.26741501688957214,-0.7123321294784546,0.04205716401338577,0.6782474517822266,0.20536312460899353,-0.6831281781196594,0.17647208273410797,17.663779,5.629453,0.163616,0.476500
2026-08-05T11:58:21.669570,1785923901.669570,16.914871,0.6475355625152588,0.2672328054904938,-0.7124167084693909,0.041797734797000885,0.6781842708587646,0.20547974109649658,-0.6831684708595276,0.17642302811145782,17.670633,5.672461,0.200942,1.261032
2026-08-05T11:58:21.685454,1785923901.685454,16.930755,0.647482693195343,0.267189621925354,-0.7124871611595154,0.04169044643640518,0.6780881881713867,0.20570647716522217,-0.6832000613212585,0.17640626430511475,17.667180,5.702901,-0.217363,1.916380
2026-08-05T11:58:21.690553,1785923901.690554,16.935854,0.6474462747573853,0.26724982261657715,-0.7124952673912048,0.0417308546602726,0.6780027151107788,0.20592324435710907,-0.6832277178764343,0.17637436091899872,17.651186,5.710276,-3.136371,1.446117
2026-08-05T11:58:21.701594,1785923901.701594,16.946895,0.6473069787025452,0.2674415409564972,-0.7125449180603027,0.04181576147675514,0.6779208183288574,0.20601746439933777,-0.6833085417747498,0.17626628279685974,17.636886,5.686403,-1.295227,-2.162326
2026-08-05T11:58:21.718784,1785923901.718785,16.962647,0.647196888923645,0.2675686478614807,-0.7125965356826782,0.04182540625333786,0.6778589487075806,0.20600439608097076,-0.6834113001823425,0.17612065374851227,17.627720,5.662467,-0.581878,-1.519481
2026-08-05T11:58:21.736294,1785923901.736295,16.981596,0.6470933556556702,0.26762035489082336,-0.7126786112785339,0.0416993610560894,0.6777954697608948,0.20600466430187225,-0.6835113167762756,0.1759769171476364,17.628839,5.657243,0.059053,-0.275716
2026-08-05T11:58:21.740904,1785923901.740904,16.986205,0.647057056427002,0.267569363117218,-0.7127450108528137,0.041454169899225235,0.6777140498161316,0.20607906579971313,-0.6835874319076538,0.17590732872486115,17.639462,5.683182,2.304707,5.627640
2026-08-05T11:58:21.754828,1785923901.754829,17.000129,0.6470565795898438,0.26741310954093933,-0.7128276228904724,0.041050396859645844,0.6776400804519653,0.20625804364681244,-0.6836135983467102,0.17588071525096893,17.661585,5.742566,1.588797,4.264663
2026-08-05T11:58:21.769413,1785923901.769413,17.014714,0.6470412611961365,0.2673066556453705,-0.7128937840461731,0.04083171486854553,0.6775999069213867,0.20643283426761627,-0.6836047768592834,0.17586487531661987,17.670276,5.782312,0.595838,2.725174
2026-08-05T11:58:21.785350,1785923901.785350,17.030651,0.6469682455062866,0.26739346981048584,-0.7129265666007996,0.04084736853837967,0.6776013970375061,0.20649877190589905,-0.6836065053939819,0.17577530443668365,17.663005,5.770630,-0.456210,-0.733033
2026-08-05T11:58:21.801685,1785923901.801685,17.046986,0.6468770503997803,0.26754024624824524,-0.7129480242729187,0.04095788300037384,0.6776027679443359,0.20648624002933502,-0.6836364269256592,0.17566773295402527,17.650240,5.738552,-0.781461,-1.963774
2026-08-05T11:58:21.817702,1785923901.817703,17.063004,0.646852970123291,0.2676589787006378,-0.7129206657409668,0.041039057075977325,0.6776162981987,0.20650096237659454,-0.6836204528808594,0.17566031217575073,17.646690,5.721815,-0.221627,-1.044935
2026-08-05T11:58:21.835220,1785923901.835221,17.080522,0.6468878388404846,0.2676030695438385,-0.7129143476486206,0.04096377640962601,0.6776530742645264,0.20653368532657623,-0.683562159538269,0.17570753395557404,17.656148,5.738408,0.539915,0.947214
2026-08-05T11:58:21.852988,1785923901.852988,17.096274,0.6470397710800171,0.26737087965011597,-0.7128792405128479,0.04069109261035919,0.6777080297470093,0.20652621984481812,-0.6835017800331116,0.1757386475801468,17.674840,5.781823,1.186569,2.756066
2026-08-05T11:58:21.918093,1785923901.918094,17.163394,0.647104799747467,0.26719433069229126,-0.7128989100456238,0.04047057405114174,0.6778008341789246,0.20643456280231476,-0.683447003364563,0.17570191621780396,17.691776,5.802683,0.252326,0.310777
2026-08-05T11:58:21.934783,1785923901.934784,17.180084,0.6471949815750122,0.2670579254627228,-0.7128747701644897,0.04035315662622452,0.6779059767723083,0.20633549988269806,-0.6833896636962891,0.1756349503993988,17.696243,5.808440,0.267643,0.344974
2026-08-05T11:58:21.953122,1785923901.953123,17.198424,0.6472850441932678,0.26693543791770935,-0.7128389477729797,0.040351998060941696,0.6780306100845337,0.20627626776695251,-0.6832841634750366,0.17563430964946747,17.695758,5.811711,-0.026434,0.178329
2026-08-05T11:58:21.968705,1785923901.968706,17.214007,0.6474314332008362,0.26685869693756104,-0.7127310037612915,0.04041890799999237,0.6781629323959351,0.20621035993099213,-0.6831619739532471,0.1756761223077774,17.692730,5.808715,-0.194300,-0.192245
2026-08-05T11:58:21.985215,1785923901.985215,17.230516,0.6477296948432922,0.26656562089920044,-0.7125776410102844,0.04027828946709633,0.6782815456390381,0.20616893470287323,-0.6830372214317322,0.1757517158985138,17.698457,5.846912,0.346898,2.313666
2026-08-05T11:58:21.990460,1785923901.990460,17.235761,0.6478555798530579,0.26642701029777527,-0.7125144600868225,0.04028935357928276,0.6784168481826782,0.20615266263484955,-0.6828826665878296,0.1758490353822708,17.703893,5.862025,1.036314,2.881247
2026-08-05T11:58:22.000908,1785923902.000909,17.246209,0.6479618549346924,0.2662876546382904,-0.7124645709991455,0.040381137281656265,0.6785730719566345,0.20611904561519623,-0.6827185750007629,0.17592303454875946,17.701019,5.866741,-0.275091,0.451355
2026-08-05T11:58:22.017510,1785923902.017511,17.261971,0.648028552532196,0.2662351727485657,-0.7124156355857849,0.040520042181015015,0.6787411570549011,0.20595309138298035,-0.6826010346412659,0.17592567205429077,17.696195,5.843599,-0.306064,-1.468246
2026-08-05T11:58:22.036294,1785923902.036294,17.280567,0.6481503248214722,0.26613855361938477,-0.7123336791992188,0.04064705967903137,0.678891658782959,0.20569410920143127,-0.6825392842292786,0.17588752508163452,17.687052,5.815414,-0.491646,-1.515635
2026-08-05T11:58:22.052534,1785923902.052534,17.297835,0.6483031511306763,0.2659322917461395,-0.712273359298706,0.04061953350901604,0.6790279150009155,0.20545652508735657,-0.6824772357940674,0.1758798062801361,17.690119,5.813865,0.177568,-0.089698
2026-08-05T11:58:22.068441,1785923902.068441,17.313742,0.6484648585319519,0.2655949592590332,-0.7122562527656555,0.04054674506187439,0.6791532039642334,0.2053280472755432,-0.6823673248291016,0.1759723573923111,17.698627,5.844324,0.534882,1.914765
2026-08-05T11:58:22.084529,1785923902.084530,17.328814,0.6486343145370483,0.26526713371276855,-0.7122243642807007,0.04053984209895134,0.6792885661125183,0.2052067071199417,-0.6822484135627747,0.17605210840702057,17.699280,5.867874,0.043349,1.562501
2026-08-05T11:58:22.101366,1785923902.101366,17.346667,0.6487318873405457,0.2649811804294586,-0.7122392654418945,0.04058840498328209,0.6794279217720032,0.20493833720684052,-0.6822007298469543,0.176012322306633,17.691930,5.861606,-0.411748,-0.351055
2026-08-05T11:58:22.118704,1785923902.118705,17.364006,0.6488312482833862,0.2646583318710327,-0.7122689485549927,0.040584780275821686,0.6795681118965149,0.2045389860868454,-0.6822104454040527,0.1758979707956314,17.685566,5.846445,-0.367012,-0.874453
2026-08-05T11:58:22.135390,1785923902.135391,17.380692,0.6489893198013306,0.26434335112571716,-0.7122468948364258,0.0404970720410347,0.6796862483024597,0.20419074594974518,-0.6822071075439453,0.17585855722427368,17.690596,5.848471,0.301428,0.121439
2026-08-05T11:58:22.140190,1785923902.140190,17.385491,0.6491241455078125,0.26400211453437805,-0.7122541666030884,0.0404362678527832,0.6797654628753662,0.20402100682258606,-0.6821509003639221,0.17596736550331116,17.700188,5.877568,1.998664,6.062994
2026-08-05T11:58:22.154456,1785923902.154457,17.399758,0.6492489576339722,0.26366758346557617,-0.7122592926025391,0.04052308201789856,0.679831326007843,0.20393745601177216,-0.6820719242095947,0.17611627280712128,17.695812,5.904391,-0.306720,1.880035
2026-08-05T11:58:22.168222,1785923902.168222,17.413523,0.6492874622344971,0.26347336173057556,-0.7122846245765686,0.04072239622473717,0.679900586605072,0.2038404494524002,-0.6819919347763062,0.17627044022083282,17.690003,5.908999,-0.421941,0.334792
2026-08-05T11:58:22.184752,1785923902.184752,17.430053,0.6493252515792847,0.26328161358833313,-0.7123120427131653,0.04088062420487404,0.679961621761322,0.2036125808954239,-0.6819820404052734,0.17633694410324097,17.683718,5.899550,-0.380230,-0.571646
2026-08-05T11:58:22.202043,1785923902.202043,17.447344,0.6494840979576111,0.2629387676715851,-0.7122933864593506,0.04089093580842018,0.6800287365913391,0.20335102081298828,-0.6819812059402466,0.17638330161571503,17.681249,5.911173,-0.142786,0.672241
2026-08-05T11:58:22.235380,1785923902.235380,17.480681,0.6496483087539673,0.2625303864479065,-0.712299108505249,0.04080542176961899,0.6801297664642334,0.20310638844966888,-0.6819440126419067,0.17642006278038025,17.685875,5.935809,0.138740,0.738996
2026-08-05T11:58:22.251811,1785923902.251811,17.497112,0.6498347520828247,0.26215335726737976,-0.7122664451599121,0.040829628705978394,0.6802486777305603,0.20292069017887115,-0.6818529367446899,0.17652663588523865,17.685534,5.958917,-0.020748,1.406348
2026-08-05T11:58:22.268469,1785923902.268470,17.513770,0.6500114798545837,0.2618997097015381,-0.7121849060058594,0.04106587916612625,0.6803616881370544,0.20280537009239197,-0.6817188858985901,0.1767416149377823,17.677027,5.968907,-0.510625,0.599702
2026-08-05T11:58:22.284117,1785923902.284117,17.529418,0.6501201391220093,0.26177337765693665,-0.7121133208274841,0.04139374941587448,0.6805129051208496,0.2027072012424469,-0.6815275549888611,0.17700915038585663,17.673373,5.965043,-0.233572,-0.246904
2026-08-05T11:58:22.289950,1785923902.289950,17.534694,0.6502824425697327,0.2615881860256195,-0.7120117545127869,0.041757214814424515,0.6806788444519043,0.20249302685260773,-0.6813622713088989,0.17725291848182678,17.664082,5.952365,-1.760670,-2.402736
2026-08-05T11:58:22.336534,1785923902.336534,17.581835,0.6504597067832947,0.26144856214523315,-0.7118724584579468,0.04224449023604393,0.6808390617370605,0.20214766263961792,-0.6812252998352051,0.17755752801895142,17.654270,5.921097,-0.208147,-0.663289
2026-08-05T11:58:22.353590,1785923902.353590,17.598891,0.6506656408309937,0.26125648617744446,-0.7117288112640381,0.042679913341999054,0.68097984790802,0.20179370045661926,-0.6810709834098816,0.17801164090633392,17.662103,5.911095,0.459269,-0.586450
2026-08-05T11:58:22.368854,1785923902.368854,17.612138,0.6508104801177979,0.2610798180103302,-0.71163409948349,0.04312841594219208,0.6810789108276367,0.2014782875776291,-0.6808934211730957,0.17866802215576172,17.690125,5.919513,2.115339,0.635446
2026-08-05T11:58:22.400432,1785923902.400432,17.645733,0.6509076952934265,0.26100730895996094,-0.7115452289581299,0.04356472194194794,0.6811251640319824,0.20132297277450562,-0.6807023286819458,0.17939364910125732,17.724225,5.939159,1.015039,0.584795
2026-08-05T11:58:22.416956,1785923902.416957,17.662258,0.6511262059211731,0.26070672273635864,-0.7114267945289612,0.04403155669569969,0.6812344789505005,0.20114517211914062,-0.6804919838905334,0.17997494339942932,17.730010,5.960979,0.350052,1.320448
2026-08-05T11:58:22.434138,1785923902.434138,17.678647,0.6511650085449219,0.2605867087841034,-0.7113777995109558,0.044950053095817566,0.6813685297966003,0.20081709325313568,-0.6803434491157532,0.18039536476135254,17.693376,5.904344,-2.235219,-3.455565
2026-08-05T11:58:22.450090,1785923902.451176,17.695391,0.6513288021087646,0.2603585124015808,-0.7112535238265991,0.04585685953497887,0.6815124750137329,0.20021271705627441,-0.6803001165390015,0.1806860715150833,17.645767,5.826084,-2.843419,-4.674013
2026-08-05T11:58:22.467965,1785923902.467966,17.713266,0.6513818502426147,0.2601975202560425,-0.7112008929252625,0.04682294279336929,0.6816574931144714,0.1993299275636673,-0.6803362369537354,0.18097910284996033,17.610760,5.715644,-1.958349,-6.178248
2026-08-05T11:58:22.483569,1785923902.483570,17.728870,0.6513762474060059,0.26008644700050354,-0.711181104183197,0.047809138894081116,0.6819379329681396,0.19709573686122894,-0.6805199384689331,0.18167744576931,17.681993,5.526427,4.565008,-12.126160
2026-08-05T11:58:22.500018,1785923902.500018,17.745319,0.651213526725769,0.2600013315677643,-0.7112873196601868,0.048897262662649155,0.6820964813232422,0.19586357474327087,-0.6806401014328003,0.18196456134319305,17.663675,5.371188,-1.113656,-9.437896
2026-08-05T11:58:22.516919,1785923902.516919,17.762220,0.651081383228302,0.2595885992050171,-0.7114813923835754,0.050012312829494476,0.6822872161865234,0.19462285935878754,-0.6807377934455872,0.1822148561477661,17.627615,5.237612,-2.133588,-7.903418
2026-08-05T11:58:22.533695,1785923902.533696,17.778996,0.6509499549865723,0.2590528428554535,-0.7116945385932922,0.05144800990819931,0.6824555397033691,0.19345533847808838,-0.6807975172996521,0.18260464072227478,17.565916,5.106672,-3.677681,-7.804938
2026-08-05T11:58:22.550244,1785923902.550244,17.795545,0.6507707238197327,0.2573023736476898,-0.7122822999954224,0.05428759753704071,0.6825084686279297,0.19242723286151886,-0.6808517575263977,0.18328967690467834,17.336723,5.005197,-13.849835,-6.132023
2026-08-05T11:58:22.583536,1785923902.583536,17.828837,0.650762677192688,0.25614243745803833,-0.7125985622406006,0.05569944530725479,0.6824198961257935,0.19144892692565918,-0.6808980703353882,0.18446746468544006,17.309359,5.017693,-0.821956,0.375348
2026-08-05T11:58:22.587040,1785923902.587041,17.831772,0.6506763696670532,0.2553193271160126,-0.7128412127494812,0.05735740438103676,0.6822202801704407,0.19040027260780334,-0.6809541583061218,0.1860768049955368,17.317512,5.014701,2.777912,-1.019636
2026-08-05T11:58:22.602597,1785923902.602598,17.847898,0.6506190299987793,0.25468775629997253,-0.7129895091056824,0.05895073711872101,0.6819550395011902,0.18923942744731903,-0.6810346245765686,0.18793022632598877,17.365884,5.014047,2.999590,-0.040512
2026-08-05T11:58:22.617952,1785923902.617952,17.863253,0.6507197618484497,0.2539127767086029,-0.7130306959152222,0.06066014617681503,0.6816285848617554,0.18819230794906616,-0.6810939908027649,0.18994005024433136,17.398314,5.039963,2.112119,1.687807
2026-08-05T11:58:22.634717,1785923902.634717,17.880018,0.6506094336509705,0.25336185097694397,-0.7131240963935852,0.0630025863647461,0.6813583374023438,0.1872035264968872,-0.6810132265090942,0.19216367602348328,17.409044,5.016090,0.639996,-1.423914
2026-08-05T11:58:22.668515,1785923902.668516,17.913816,0.6506748795509338,0.25263258814811707,-0.7131057381629944,0.0654163509607315,0.6811566948890686,0.1861417144536972,-0.6808586120605469,0.19444358348846436,17.409791,4.999641,0.022080,-0.486692
2026-08-05T11:58:22.684042,1785923902.684042,17.929343,0.6508541703224182,0.25172266364097595,-0.7130811214447021,0.06738065928220749,0.6811057329177856,0.18482382595539093,-0.6806682348251343,0.19653475284576416,17.441525,4.996386,2.043907,-0.209609
2026-08-05T11:58:22.702977,1785923902.702977,17.948278,0.651181161403656,0.250264972448349,-0.7131761908531189,0.06863380968570709,0.6812451481819153,0.1832781583070755,-0.6804267764091492,0.1983271986246109,17.502633,5.051470,3.227204,2.909065
2026-08-05T11:58:22.718350,1785923902.718351,17.963651,0.6517353653907776,0.24847514927387238,-0.7131953239440918,0.06966955959796906,0.6815244555473328,0.1817009150981903,-0.6801401972770691,0.19979672133922577,17.535716,5.120038,2.151950,4.460190
2026-08-05T11:58:22.735099,1785923902.735099,17.980400,0.6523711085319519,0.2467174232006073,-0.713096022605896,0.0709695816040039,0.6820371150970459,0.18014425039291382,-0.6796729564666748,0.20104292035102844,17.526816,5.141873,-0.531392,1.303728
2026-08-05T11:58:22.754274,1785923902.754274,17.999575,0.6530805826187134,0.2450665682554245,-0.7128672003746033,0.07244781404733658,0.6833963990211487,0.17729677259922028,-0.6783533692359924,0.20340114831924438,17.715177,5.118527,9.823134,-1.217484
2026-08-05T11:58:22.769283,1785923902.769284,18.014585,0.6539828777313232,0.24348728358745575,-0.7124257683753967,0.07395952194929123,0.6842126846313477,0.17614196240901947,-0.6773742437362671,0.20491783320903778,17.706299,5.155844,-0.591463,2.486186
2026-08-05T11:58:22.784629,1785923902.784630,18.029930,0.65501469373703,0.24196898937225342,-0.7118344902992249,0.07548827677965164,0.6851120591163635,0.17497168481349945,-0.6762415766716003,0.20664864778518677,17.719872,5.201919,0.884420,3.002441
2026-08-05T11:58:22.803097,1785923902.803098,18.048399,0.6562030911445618,0.24063251912593842,-0.7110171318054199,0.07712529599666595,0.6861714124679565,0.17357628047466278,-0.675024151802063,0.20828476548194885,17.730489,5.194384,0.574883,-0.407954
2026-08-05T11:58:22.819635,1785923902.819636,18.064936,0.657498300075531,0.23915977776050568,-0.710153341293335,0.07861930876970291,0.6873425841331482,0.17164821922779083,-0.6738985776901245,0.20966118574142456,17.746072,5.144161,0.942287,-3.036912
2026-08-05T11:58:22.833972,1785923902.833973,18.079273,0.6590126156806946,0.2374279499053955,-0.7091770768165588,0.07999027520418167,0.6886237859725952,0.16934271156787872,-0.6727895140647888,0.21089008450508118,17.759574,5.081563,0.941752,-4.366199
2026-08-05T11:58:22.851038,1785923902.851039,18.096339,0.660639762878418,0.23553958535194397,-0.7081494331359863,0.08124514669179916,0.689969539642334,0.1667543351650238,-0.6716461777687073,0.21219424903392792,17.796863,5.024450,2.185014,-3.346568
2026-08-05T11:58:22.868353,1785923902.868353,18.113654,0.6624191999435425,0.2332463264465332,-0.7071426510810852,0.08213602006435394,0.6913629174232483,0.16401055455207825,-0.67043137550354,0.21363459527492523,17.870468,5.029911,4.251079,0.315380
2026-08-05T11:58:22.875865,1785923902.875865,18.121166,0.6659656763076782,0.22901400923728943,-0.7049689888954163,0.0840303897857666,0.6927738785743713,0.16125687956809998,-0.6691566705703735,0.21515104174613953,17.690260,5.120401,-23.989859,12.046335
2026-08-05T11:58:22.877898,1785923902.877898,18.123199,0.667876124382019,0.2267383635044098,-0.7037786841392517,0.08501201122999191,0.6942209005355835,0.15861056745052338,-0.6677955985069275,0.21667726337909698,17.757617,5.128503,33.132050,3.985423
2026-08-05T11:58:22.884677,1785923902.884677,18.129978,0.6694542169570923,0.22476860880851746,-0.7027925848960876,0.08598235249519348,0.6957952976226807,0.1560126096010208,-0.6663404703140259,0.21798938512802124,17.835363,5.095507,11.468261,-4.867282
2026-08-05T11:58:22.894313,1785923902.894313,18.139059,0.6713302731513977,0.22228914499282837,-0.7017130255699158,0.08661562949419022,0.6974034905433655,0.15357398986816406,-0.6649549603462219,0.2188112884759903,17.854786,5.102903,2.138829,0.814458
2026-08-05T11:58:22.917716,1785923902.917716,18.163017,0.6729766726493835,0.2200525850057602,-0.700704038143158,0.08771082013845444,0.6990692615509033,0.1512952744960785,-0.6635782122612,0.21926255524158478,17.804556,5.033151,-2.096608,-2.911464
2026-08-05T11:58:22.934077,1785923902.934077,18.178431,0.6744983196258545,0.2179177850484848,-0.6997509598731995,0.08895233273506165,0.7007313370704651,0.14935266971588135,-0.6621207594871521,0.21969430148601532,17.732683,4.968883,-4.662900,-4.169463
2026-08-05T11:58:22.951566,1785923902.951566,18.196289,0.6760872006416321,0.21599076688289642,-0.6986658573150635,0.09011295437812805,0.7023012638092041,0.14758862555027008,-0.6606787443161011,0.22021418809890747,17.671814,4.915481,-3.408498,-2.990445
2026-08-05T11:58:22.970322,1785923902.970322,18.213544,0.677608072757721,0.21427664160728455,-0.6976038217544556,0.09100430458784103,0.703719973564148,0.1460248827934265,-0.6592792868614197,0.22092026472091675,17.653783,4.899369,-1.044985,-0.933692
2026-08-05T11:58:23.034068,1785923903.034069,18.279369,0.67899489402771,0.21291352808475494,-0.6965646147727966,0.09182430803775787,0.7049869894981384,0.1445845365524292,-0.6579614281654358,0.22175513207912445,17.664833,4.881658,0.167872,-0.269061
2026-08-05T11:58:23.038803,1785923903.038803,18.284104,0.6802012324333191,0.21198518574237823,-0.6955623030662537,0.09263770282268524,0.7061226963996887,0.14327602088451385,-0.6567571759223938,0.22255952656269073,17.687851,4.836860,4.861731,-9.462114
2026-08-05T11:58:23.044793,1785923903.044793,18.290094,0.6812490224838257,0.21133175492286682,-0.6946308016777039,0.09341850876808167,0.7071533799171448,0.14223302900791168,-0.6556727886199951,0.22315245866775513,17.693776,4.776263,0.989171,-10.115936
2026-08-05T11:58:23.067652,1785923903.067653,18.312954,0.682302713394165,0.21063530445098877,-0.6936946511268616,0.09425202757120132,0.7080983519554138,0.14147543907165527,-0.6546879410743713,0.22352884709835052,17.652088,4.720996,-1.823656,-2.417678
2026-08-05T11:58:23.084402,1785923903.084402,18.329703,0.683192789554596,0.21012678742408752,-0.6928408145904541,0.09521599113941193,0.7089985013008118,0.1409607082605362,-0.6537562608718872,0.22372795641422272,17.581102,4.645287,-4.238188,-4.520132
2026-08-05T11:58:23.103213,1785923903.103213,18.348514,0.6841159462928772,0.2096906304359436,-0.6919413805007935,0.09608545899391174,0.7097707390785217,0.14056412875652313,-0.6529659628868103,0.22383661568164825,17.499661,4.573891,-4.329362,-3.795385
2026-08-05T11:58:23.106695,1785923903.106695,18.350857,0.6849715709686279,0.20959608256816864,-0.6910051703453064,0.0969296246767044,0.7104125618934631,0.14013439416885376,-0.6523098945617676,0.2239830046892166,17.437772,4.476568,-26.415208,-41.538892
2026-08-05T11:58:23.118788,1785923903.118788,18.364089,0.6857677698135376,0.2098461240530014,-0.6900251507759094,0.09773772954940796,0.7109259366989136,0.13983505964279175,-0.651681125164032,0.22437074780464172,17.410769,4.384186,-2.040789,-6.981849
2026-08-05T11:58:23.134301,1785923903.134302,18.379602,0.6865867376327515,0.21016556024551392,-0.689028263092041,0.0983322486281395,0.7113620042800903,0.13966597616672516,-0.6510452032089233,0.22493968904018402,17.416633,4.329017,0.377998,-3.556144
2026-08-05T11:58:23.151355,1785923903.151356,18.396657,0.6874721050262451,0.21033252775669098,-0.688023030757904,0.09882636368274689,0.7117815613746643,0.13925397396087646,-0.6505212187767029,0.22538265585899353,17.420354,4.264459,0.218199,-3.785456
2026-08-05T11:58:23.167693,1785923903.167693,18.412994,0.6883026361465454,0.2103094607591629,-0.6871225237846375,0.09935814142227173,0.7122597694396973,0.1382053643465042,-0.6502038240432739,0.22543422877788544,17.407152,4.128679,-0.808112,-8.311139
2026-08-05T11:58:23.175004,1785923903.175004,18.420305,0.6892169713973999,0.20981359481811523,-0.6863135099411011,0.09966021031141281,0.7128316760063171,0.13621026277542114,-0.6501585245132446,0.2249707281589508,17.389688,3.930843,-2.388836,-27.060430
2026-08-05T11:58:23.186094,1785923903.186095,18.429346,0.6901093125343323,0.2088630199432373,-0.6857923269271851,0.09906687587499619,0.713452935218811,0.13331271708011627,-0.6503714919090271,0.22411973774433136,17.450457,3.738185,6.721355,-21.308659
2026-08-05T11:58:23.206336,1785923903.206337,18.450594,0.6904582977294922,0.20805685222148895,-0.6858546733856201,0.09789399802684784,0.7140962481498718,0.12992767989635468,-0.65076744556427,0.22290614247322083,17.592070,3.513738,6.664625,-10.563061
2026-08-05T11:58:23.218358,1785923903.218358,18.463659,0.6910661458969116,0.20657894015312195,-0.6858857274055481,0.09650681912899017,0.7147136926651001,0.12677313387393951,-0.6511975526809692,0.2214832454919815,17.677472,3.365721,6.537021,-11.329768
2026-08-05T11:58:23.235656,1785923903.235657,18.480958,0.6915640234947205,0.20490097999572754,-0.6859385371208191,0.09614166617393494,0.7155029773712158,0.12418917566537857,-0.6512526869773865,0.22023294866085052,17.654590,3.215014,-1.322776,-8.712056
2026-08-05T11:58:23.253224,1785923903.253224,18.496322,0.6915211081504822,0.20411242544651031,-0.6861345171928406,0.09672892838716507,0.7162904143333435,0.12206190079450607,-0.6511962413787842,0.21902599930763245,17.592441,2.955787,-4.044877,-16.871639
2026-08-05T11:58:23.267589,1785923903.267590,18.512890,0.6917760968208313,0.2029915750026703,-0.6861540675163269,0.09712401032447815,0.716984212398529,0.1201007217168808,-0.651239812374115,0.21770654618740082,17.495674,2.743812,-5.840587,-12.794121
2026-08-05T11:58:23.284700,1785923903.284700,18.530001,0.6915305256843567,0.2022387534379959,-0.6865578293800354,0.09758926928043365,0.7175853252410889,0.11820396780967712,-0.6513978838920593,0.2162865400314331,17.420341,2.496922,-4.402602,-14.428883
2026-08-05T11:58:23.317430,1785923903.317430,18.562731,0.6914008259773254,0.20143772661685944,-0.6868578195571899,0.09805206954479218,0.7180399894714355,0.11618141829967499,-0.6518031358718872,0.21464668214321136,17.319965,2.226258,-3.066824,-8.269639
2026-08-05T11:58:23.334880,1785923903.334881,18.580182,0.6911514401435852,0.20082589983940125,-0.6872084736824036,0.09860711544752121,0.7183719277381897,0.11383657157421112,-0.652454674243927,0.21280516684055328,17.226754,1.890769,-5.341426,-19.225056
2026-08-05T11:58:23.351027,1785923903.351027,18.596328,0.6907358765602112,0.20042259991168976,-0.6877043843269348,0.09888158738613129,0.7185113430023193,0.11134140938520432,-0.6533545255661011,0.2108849138021469,17.178665,1.543967,-2.978323,-21.478923
2026-08-05T11:58:23.374739,1785923903.374739,18.620040,0.6902787089347839,0.19994047284126282,-0.6882914304733276,0.0989658311009407,0.7184924483299255,0.10905937850475311,-0.6543203592300415,0.20913998782634735,17.146477,1.253789,-1.357462,-12.237501
2026-08-05T11:58:23.383655,1785923903.383656,18.628957,0.6897211670875549,0.19954745471477509,-0.6889566779136658,0.09901737421751022,0.7183197140693665,0.1074267327785492,-0.6551750302314758,0.20789912343025208,17.128315,1.056296,-2.036821,-22.148892
2026-08-05T11:58:23.400437,1785923903.400438,18.645738,0.6893019080162048,0.1991731971502304,-0.6894533634185791,0.09923350811004639,0.718019962310791,0.10645158588886261,-0.6558482646942139,0.20731273293495178,17.102096,0.952195,-1.562387,-6.203231
2026-08-05T11:58:23.417459,1785923903.417459,18.662760,0.688677191734314,0.19912591576576233,-0.6900370121002197,0.09960761666297913,0.7175741791725159,0.106028713285923,-0.6563786864280701,0.20739445090293884,17.110018,0.910975,0.465429,-2.421559
2026-08-05T11:58:23.433950,1785923903.433950,18.679251,0.6882678866386414,0.19887590408325195,-0.6905354857444763,0.09948178380727768,0.717003583908081,0.10594109445810318,-0.6568487286567688,0.20792289078235626,17.149984,0.991362,2.423540,4.874661
2026-08-05T11:58:23.439729,1785923903.439729,18.685030,0.6878186464309692,0.19849064946174622,-0.6911994218826294,0.09874498844146729,0.716321587562561,0.10600167512893677,-0.6573693752288818,0.20859678089618683,17.234938,1.158593,14.700933,28.938870
2026-08-05T11:58:23.442067,1785923903.442067,18.687368,0.6874590516090393,0.198356494307518,-0.6916841268539429,0.09812258183956146,0.7155436873435974,0.10640086978673935,-0.6579099297523499,0.20935791730880737,17.303656,1.329113,29.389662,72.928708
2026-08-05T11:58:23.450747,1785923903.450747,18.696048,0.6872773170471191,0.19845618307590485,-0.6918616890907288,0.09794183075428009,0.714817225933075,0.1072685495018959,-0.658243715763092,0.21034561097621918,17.334034,1.497981,3.499690,19.454116
2026-08-05T11:58:23.467386,1785923903.467386,18.712687,0.6869028210639954,0.19895446300506592,-0.6920718550682068,0.09807335585355759,0.7142062187194824,0.10858234763145447,-0.6583245396614075,0.21149079501628876,17.363128,1.656810,1.748543,9.545555
2026-08-05T11:58:23.474202,1785923903.474202,18.719503,0.6866623163223267,0.19956831634044647,-0.6921035051345825,0.09828662872314453,0.7137018442153931,0.10996851325035095,-0.6583076119422913,0.21252721548080444,17.377298,1.792812,2.078990,19.954323
2026-08-05T11:58:23.517781,1785923903.517781,18.763082,0.6864107251167297,0.20008288323879242,-0.6922045350074768,0.09828587621450424,0.713306188583374,0.11125686019659042,-0.6582522988319397,0.21335498988628387,17.398050,1.928340,0.476204,3.109907
2026-08-05T11:58:23.534092,1785923903.534092,18.778333,0.6863138675689697,0.20045241713523865,-0.6922138333320618,0.0981438010931015,0.7130166292190552,0.11237118393182755,-0.6581581830978394,0.21402761340141296,17.418157,2.058052,1.318412,8.505486
2026-08-05T11:58:23.550664,1785923903.550664,18.795965,0.6863740682601929,0.20050430297851562,-0.6921915411949158,0.09777392446994781,0.7128373384475708,0.1132466197013855,-0.6580385565757751,0.21453052759170532,17.438031,2.197764,1.127128,7.923543
2026-08-05T11:58:23.566218,1785923903.566218,18.811519,0.6866195201873779,0.2002071738243103,-0.6921334862709045,0.09706852585077286,0.712780773639679,0.11382562667131424,-0.657905101776123,0.21482163667678833,17.464777,2.350197,1.719620,9.800406
2026-08-05T11:58:23.581898,1785923903.581898,18.827199,0.6869072914123535,0.1997109055519104,-0.69211745262146,0.09616304934024811,0.7128018736839294,0.11396462470293045,-0.6578390002250671,0.21488042175769806,17.505573,2.479783,2.601733,8.264265
2026-08-05T11:58:23.599696,1785923903.599696,18.844997,0.6869181394577026,0.199761763215065,-0.6921858191490173,0.09548553824424744,0.712922990322113,0.11385387927293777,-0.6577869653701782,0.21469642221927643,17.565396,2.503476,3.361219,1.331207
2026-08-05T11:58:23.616677,1785923903.616677,18.861978,0.6873327493667603,0.19939133524894714,-0.6920056343078613,0.09457772970199585,0.7132018208503723,0.11376887559890747,-0.6576195359230042,0.2143276482820511,17.592367,2.563414,1.588357,3.529781
2026-08-05T11:58:23.619862,1785923903.619863,18.865163,0.6875064373016357,0.1987064629793167,-0.6921439170837402,0.09374180436134338,0.7136972546577454,0.11361148953437805,-0.6573117971420288,0.21370531618595123,17.595653,2.618942,1.031438,17.431591
2026-08-05T11:58:23.633303,1785923903.633304,18.878605,0.6879526376724243,0.19790098071098328,-0.6920660138130188,0.09274297207593918,0.7142526507377625,0.11306566745042801,-0.6571621298789978,0.21259695291519165,17.573290,2.621976,-1.663731,0.225739
2026-08-05T11:58:23.666709,1785923903.666709,18.912010,0.688421368598938,0.19664183259010315,-0.6921634078025818,0.0912029892206192,0.7147690653800964,0.11211392283439636,-0.6572410464286804,0.21111637353897095,17.560526,2.644683,-0.382107,0.679730
2026-08-05T11:58:23.683109,1785923903.683109,18.928410,0.6888331174850464,0.19555453956127167,-0.6922500729560852,0.08976239711046219,0.7152334451675415,0.11113760620355606,-0.6573473215103149,0.20972399413585663,17.558359,2.650666,-0.132163,0.364827
2026-08-05T11:58:23.700509,1785923903.700510,18.945811,0.6893223524093628,0.19443291425704956,-0.692259669303894,0.0883587896823883,0.7156808972358704,0.11041829735040665,-0.657305121421814,0.20870773494243622,17.568391,2.708489,0.576538,3.322992
2026-08-05T11:58:23.717105,1785923903.717105,18.962406,0.6898487210273743,0.19331477582454681,-0.6922547817230225,0.08672776073217392,0.7159744501113892,0.10966262966394424,-0.657350480556488,0.20795492827892303,17.619213,2.804437,3.062451,5.781617
2026-08-05T11:58:23.734573,1785923903.734574,18.979875,0.6904293894767761,0.19223123788833618,-0.6921977400779724,0.08495213836431503,0.7160632610321045,0.10841413587331772,-0.6577146053314209,0.20715056359767914,17.697371,2.865933,4.474208,3.520399
2026-08-05T11:58:23.750913,1785923903.750913,18.996214,0.6909472346305847,0.19148816168308258,-0.692068338394165,0.083461232483387,0.7160298228263855,0.10651916265487671,-0.6583382487297058,0.2062666416168213,17.795363,2.817086,5.997266,-2.989452
2026-08-05T11:58:23.773236,1785923903.773236,19.018537,0.6914627552032471,0.19097280502319336,-0.6918279528617859,0.08235793560743332,0.7159475684165955,0.10384912043809891,-0.6591116189956665,0.20544229447841644,17.921758,2.659449,5.662129,-7.061695
2026-08-05T11:58:23.783933,1785923903.783933,19.029234,0.69157874584198,0.1903967410326004,-0.6920185685157776,0.08110696822404861,0.7157091498374939,0.10033169388771057,-0.6601152420043945,0.2047974318265915,18.141492,2.471589,20.542252,-17.562531
2026-08-05T11:58:23.817015,1785923903.817015,19.062316,0.6918471455574036,0.18893158435821533,-0.6923699975013733,0.07922422140836716,0.7154263854026794,0.09580270200967789,-0.6612265706062317,0.2043689489364624,18.447461,2.347987,9.248683,-3.736157
2026-08-05T11:58:23.833857,1785923903.833857,19.079158,0.6922942996025085,0.18659259378910065,-0.6928304433822632,0.07679696381092072,0.7151979804039001,0.08971258997917175,-0.6623730659484863,0.2042195349931717,18.876601,2.239142,25.480513,-6.462742
2026-08-05T11:58:23.850036,1785923903.850036,19.095337,0.6917376518249512,0.1842072308063507,-0.6943450570106506,0.07383722066879272,0.7147224545478821,0.08140616118907928,-0.663895845413208,0.20441921055316925,19.563262,2.043080,42.441912,-12.118446
2026-08-05T11:58:23.866062,1785923903.866062,19.111363,0.6917376518249512,0.1822413206100464,-0.6951916217803955,0.07068328559398651,0.7137423157691956,0.07098639011383057,-0.6659687757492065,0.20498453080654144,20.446497,1.683753,55.112530,-22.421466
2026-08-05T11:58:23.884281,1785923903.884282,19.129583,0.6914136409759521,0.17908106744289398,-0.6967678070068359,0.06627281755208969,0.7123384475708008,0.058983735740184784,-0.6682662963867188,0.2061919867992401,21.546553,1.469197,60.377283,-11.776035
2026-08-05T11:58:23.901097,1785923903.901097,19.146398,0.6910712718963623,0.17596162855625153,-0.6983238458633423,0.061661481857299805,0.7107340097427368,0.046125609427690506,-0.6701969504356384,0.20872418582439423,22.859324,1.314702,78.069426,-9.187730
2026-08-05T11:58:23.917120,1785923903.917120,19.162421,0.6907188892364502,0.17237155139446259,-0.6999737620353699,0.05685487017035484,0.7088157534599304,0.03269905224442482,-0.6717463135719299,0.21276308596134186,24.338063,1.306154,92.290343,-0.533454
2026-08-05T11:58:23.925965,1785923903.925966,19.171266,0.6901100873947144,0.168470099568367,-0.7019011974334717,0.05196814239025116,0.7066517472267151,0.018749071285128593,-0.6728029251098633,0.2182387411594391,25.980319,1.423717,185.658664,13.290626
2026-08-05T11:58:23.933588,1785923903.933589,19.178890,0.6897433400154114,0.16511724889278412,-0.7033661603927612,0.047610361129045486,0.7042836546897888,0.004632093477994204,-0.6733527779579163,0.22485382854938507,27.732161,1.534500,229.796978,14.531813
2026-08-05T11:58:23.950676,1785923903.950676,19.194834,0.6892030239105225,0.16059686243534088,-0.7052537798881531,0.04272003099322319,0.7019186615943909,-0.00950175803154707,-0.6732052564620972,0.23241031169891357,29.544214,1.881074,113.649373,21.736666
2026-08-05T11:58:23.967341,1785923903.967341,19.212642,0.6880604028701782,0.1556006669998169,-0.707739531993866,0.03829166293144226,0.6997175812721252,-0.02456553652882576,-0.6720874905586243,0.2410193681716919,31.473774,2.269407,108.355231,21.807001
2026-08-05T11:58:24.017133,1785923904.017133,19.262434,0.6862527132034302,0.15304461121559143,-0.7101916670799255,0.03553266450762749,0.6973313689231873,-0.041075561195611954,-0.6703170537948608,0.25043344497680664,33.642929,2.289413,43.564065,0.401782
2026-08-05T11:58:24.033931,1785923904.033931,19.278319,0.6849638819694519,0.149049773812294,-0.712460994720459,0.031749628484249115,0.6943058371543884,-0.05866381525993347,-0.6684276461601257,0.2601969242095947,35.902036,2.467640,142.213237,11.219556
2026-08-05T11:58:24.050545,1785923904.050546,19.295846,0.6836639642715454,0.14166875183582306,-0.7154552340507507,0.025640705600380898,0.690662682056427,-0.07669758051633835,-0.6661505103111267,0.2708248794078827,38.230961,3.201148,132.875625,41.849938
2026-08-05T11:58:24.067292,1785923904.067292,19.312593,0.6829546689987183,0.13611069321632385,-0.7173314690589905,0.021963411942124367,0.686407208442688,-0.09440917521715164,-0.6630617380142212,0.28333982825279236,40.631699,3.759858,143.359471,33.363240
2026-08-05T11:58:24.083510,1785923904.083510,19.328811,0.682516872882843,0.13108162581920624,-0.7187666296958923,0.01905093528330326,0.6819300651550293,-0.11093214154243469,-0.6583818197250366,0.2986622452735901,43.192647,4.560560,157.908282,49.371338
2026-08-05T11:58:24.099637,1785923904.099638,19.344938,0.6822936534881592,0.12616577744483948,-0.7199174761772156,0.01662522554397583,0.6775718927383423,-0.12623606622219086,-0.6514338254928589,0.31716734170913696,45.963949,5.706960,171.836094,71.083178
2026-08-05T11:58:24.117299,1785923904.117300,19.361497,0.6816176772117615,0.12175962328910828,-0.7213700413703918,0.01404862105846405,0.6738490462303162,-0.14138507843017578,-0.6417366862297058,0.3378043472766876,49.053477,7.075850,186.583647,82.670392
2026-08-05T11:58:24.133499,1785923904.133499,19.378800,0.681216299533844,0.11770284920930862,-0.7224674224853516,0.011451791040599346,0.6699005961418152,-0.1580350250005722,-0.6309817433357239,0.3579387068748474,52.282950,8.265956,186.639941,68.779393
2026-08-05T11:58:24.150327,1785923904.150327,19.394789,0.6816768050193787,0.11494041979312897,-0.7224961519241333,0.010237669572234154,0.6642268896102905,-0.17821037769317627,-0.6215176582336426,0.37517955899238586,55.450312,8.640774,198.092498,23.441833
2026-08-05T11:58:24.167241,1785923904.167242,19.412543,0.6835305690765381,0.11091499030590057,-0.7213684916496277,0.010551774874329567,0.6557160019874573,-0.20137691497802734,-0.6147353053092957,0.3893386125564575,58.281757,8.380911,159.487832,-14.637420
2026-08-05T11:58:24.184101,1785923904.184102,19.429403,0.6862049102783203,0.10774265974760056,-0.7192569971084595,0.01355796866118908,0.6455497741699219,-0.22506621479988098,-0.6076289415359497,0.4042247235774994,61.085093,7.772742,166.271341,-36.071689
2026-08-05T11:58:24.201346,1785923904.201347,19.446648,0.6886482238769531,0.10639222711324692,-0.7170381546020508,0.01734026148915291,0.6357556581497192,-0.2463178038597107,-0.5980199575424194,0.4213247299194336,64.072074,7.353026,173.207963,-24.338339
2026-08-05T11:58:24.207542,1785923904.207542,19.452843,0.6909401416778564,0.10401918739080429,-0.7151104211807251,0.019971521571278572,0.6278470754623413,-0.2640286982059479,-0.5843789577484131,0.44113293290138245,67.174120,7.698707,500.689824,55.795168
2026-08-05T11:58:24.210201,1785923904.210201,19.455502,0.6933534741401672,0.10233558714389801,-0.7128978371620178,0.023774517700076103,0.6215143203735352,-0.2793149948120117,-0.5673236846923828,0.4624359607696533,70.273017,8.241161,1165.609896,204.036842
2026-08-05T11:58:24.217412,1785923904.217412,19.462713,0.6968379616737366,0.1019032895565033,-0.7093410491943359,0.029461825266480446,0.6144070625305176,-0.29413512349128723,-0.5500215888023376,0.4831819534301758,73.250036,8.403610,412.845835,22.528098
2026-08-05T11:58:24.233716,1785923904.233717,19.478087,0.7006857395172119,0.10197189450263977,-0.7051826119422913,0.03686251491308212,0.6053889989852905,-0.3096639811992645,-0.5341408848762512,0.5023007392883301,76.040476,8.105125,181.504477,-19.414988
2026-08-05T11:58:24.250494,1785923904.250494,19.494787,0.7054088711738586,0.10001549124717712,-0.7003018856048584,0.04441501572728157,0.5943613052368164,-0.32594847679138184,-0.5197897553443909,0.5199146866798401,78.612818,7.636088,154.032173,-28.086024
2026-08-05T11:58:24.266064,1785923904.266064,19.511365,0.7111811637878418,0.0950380489230156,-0.6945825219154358,0.052386634051799774,0.5824971795082092,-0.3427512049674988,-0.5057650804519653,0.5361162424087524,80.883229,7.032275,136.953613,-36.422634
2026-08-05T11:58:24.283257,1785923904.283257,19.528558,0.7162278890609741,0.0931096076965332,-0.6888724565505981,0.0616680309176445,0.5711277723312378,-0.3582552969455719,-0.49045753479003906,0.5521936416625977,83.231434,6.182591,136.578516,-49.420128
2026-08-05T11:58:24.350393,1785923904.350393,19.595694,0.7199078798294067,0.0942915752530098,-0.6840099096298218,0.0705140084028244,0.5598734617233276,-0.3730880916118622,-0.47448089718818665,0.567639946937561,85.814905,5.226983,38.481122,-14.233899
2026-08-05T11:58:24.355249,1785923904.355249,19.600550,0.7247177362442017,0.0926520898938179,-0.6783344149589539,0.07786162942647934,0.5489123463630676,-0.3871251344680786,-0.45840245485305786,0.5819764733314514,88.187491,4.412400,488.577637,-167.744006
2026-08-05T11:58:24.367065,1785923904.367065,19.612366,0.7325748801231384,0.08678971230983734,-0.6697294116020203,0.08523130416870117,0.5370246171951294,-0.40168583393096924,-0.44344577193260193,0.5946502685546875,90.143630,3.177242,165.549665,-104.532390
2026-08-05T11:58:24.384222,1785923904.384222,19.629523,0.7410628795623779,0.08304376155138016,-0.6596105694770813,0.09403952956199646,0.5238739252090454,-0.4167541563510895,-0.42974868416786194,0.6059606075286865,92.094379,1.145630,113.700942,-118.414116
2026-08-05T11:58:24.400340,1785923904.400341,19.645642,0.7473843693733215,0.08233735710382462,-0.6513757109642029,0.10172101110219955,0.5091521739959717,-0.43202781677246094,-0.4179658889770508,0.6159713864326477,94.332993,-1.028155,138.882494,-134.860535
2026-08-05T11:58:24.417856,1785923904.417856,19.663157,0.7540457844734192,0.0824013203382492,-0.6426731944084167,0.10768593102693558,0.4931747019290924,-0.446738600730896,-0.40824824571609497,0.6249296069145203,96.676671,-3.418591,133.806528,-136.476110
2026-08-05T11:58:24.433564,1785923904.433564,19.678865,0.7616304755210876,0.08187749981880188,-0.6327914595603943,0.11309333145618439,0.47831860184669495,-0.4597296416759491,-0.3990657329559326,0.6329349279403687,98.801154,-5.968085,135.246693,-162.303282
2026-08-05T11:58:24.450993,1785923904.450994,19.696295,0.7677389979362488,0.07969743758440018,-0.6246579885482788,0.11843843013048172,0.4649841785430908,-0.4710221290588379,-0.3904819190502167,0.6398842334747314,100.542814,-8.093756,99.925476,-121.957608
2026-08-05T11:58:24.467667,1785923904.467668,19.711782,0.7718973755836487,0.07624396681785583,-0.6191216707229614,0.1226772591471672,0.4537769854068756,-0.4803066551685333,-0.382444828748703,0.6458545327186584,101.949877,-9.514317,90.853311,-91.724843
2026-08-05T11:58:24.483780,1785923904.483780,19.729081,0.7749443650245667,0.0744468942284584,-0.6146188378334045,0.12713228166103363,0.4435802400112152,-0.4881454110145569,-0.376051664352417,0.6507961750030518,103.181432,-10.872695,71.191529,-78.522705
2026-08-05T11:58:24.500967,1785923904.500968,19.746269,0.7780650854110718,0.07360576093196869,-0.609825849533081,0.13156543672084808,0.43491724133491516,-0.49441370368003845,-0.3707798719406128,0.6549233794212341,104.200967,-12.281814,59.318924,-81.985802
2026-08-05T11:58:24.507347,1785923904.507348,19.752649,0.780364453792572,0.07167235016822815,-0.6064974665641785,0.1343700885772705,0.4283648431301117,-0.49897247552871704,-0.36598944664001465,0.6584693789482117,104.970110,-13.096055,120.549243,-127.617528
2026-08-05T11:58:24.517319,1785923904.517320,19.762620,0.7819334268569946,0.06954971700906754,-0.604248583316803,0.13647976517677307,0.42396050691604614,-0.5021867752075195,-0.3616987466812134,0.6612414121627808,105.487062,-13.559996,51.842325,-46.526201
2026-08-05T11:58:24.533205,1785923904.533205,19.778506,0.7831674218177795,0.06826215982437134,-0.6024364829063416,0.13805659115314484,0.42140430212020874,-0.5043542385101318,-0.35834988951683044,0.6630464792251587,105.826619,-13.952646,21.375171,-24.717368
2026-08-05T11:58:24.550667,1785923904.550667,19.795968,0.7835825681686401,0.06891150772571564,-0.6014962792396545,0.13947032392024994,0.41997504234313965,-0.5055428147315979,-0.35655564069747925,0.6640147566795349,106.070357,-14.294424,13.958335,-19.572891
2026-08-05T11:58:24.567342,1785923904.567343,19.812643,0.7834247946739197,0.06947620958089828,-0.6015283465385437,0.13993750512599945,0.41959744691848755,-0.5058059096336365,-0.3565642237663269,0.6640485525131226,106.118297,-14.389279,2.874919,-5.688295
2026-08-05T11:58:24.583039,1785923904.584171,19.828340,0.7825024724006653,0.0695776417851448,-0.6028088927268982,0.13953690230846405,0.42029112577438354,-0.5049437880516052,-0.3582155406475067,0.6633766889572144,105.937999,-14.095758,-11.486343,18.699459
2026-08-05T11:58:24.601473,1785923904.601474,19.846775,0.7810380458831787,0.06947245448827744,-0.6049824357032776,0.13838231563568115,0.4221648871898651,-0.503048300743103,-0.361233115196228,0.6619893908500671,105.552960,-13.523778,-20.886848,31.027629
2026-08-05T11:58:24.616475,1785923904.616475,19.861776,0.7794668674468994,0.06921257823705673,-0.6074663400650024,0.13647761940956116,0.42544814944267273,-0.5000628232955933,-0.3649985194206238,0.6600812077522278,104.991170,-12.758244,-37.448802,51.030382
2026-08-05T11:58:24.622140,1785923904.622141,19.867442,0.7776275873184204,0.06875688582658768,-0.6105005145072937,0.133630633354187,0.43013742566108704,-0.4960271418094635,-0.36906227469444275,0.6578237414360046,104.299552,-11.727238,-122.074500,181.978470
2026-08-05T11:58:24.650656,1785923904.650657,19.895150,0.7755560874938965,0.0689520612359047,-0.6137773990631104,0.13052187860012054,0.436452180147171,-0.49082741141319275,-0.37283825874328613,0.6554311513900757,103.508285,-10.546190,-28.557047,42.624323
2026-08-05T11:58:24.683021,1785923904.683021,19.928322,0.7737062573432922,0.06999656558036804,-0.6165071725845337,0.1280553936958313,0.4440751373767853,-0.4845120310783386,-0.37644049525260925,0.6529455780982971,102.582630,-9.436273,-27.904797,33.459579
2026-08-05T11:58:24.700664,1785923904.700664,19.945965,0.7714512944221497,0.07185019552707672,-0.6196492910385132,0.12544040381908417,0.45273762941360474,-0.4773573577404022,-0.38029640913009644,0.6500257849693298,101.581177,-8.270367,-56.761395,66.082376
2026-08-05T11:58:24.705586,1785923904.705587,19.949479,0.7685828804969788,0.07321181893348694,-0.6238576769828796,0.12133441120386124,0.461495578289032,-0.4696754217147827,-0.38575080037117004,0.6462376713752747,100.509350,-6.876789,-305.052978,396.626894
2026-08-05T11:58:24.717627,1785923904.717628,19.962929,0.7655699849128723,0.07250373065471649,-0.6286490559577942,0.11595761030912399,0.4698246121406555,-0.4619811475276947,-0.3928647041320801,0.6414791941642761,99.286225,-5.310965,-90.939302,116.418919
2026-08-05T11:58:24.734117,1785923904.734117,19.979418,0.7628751397132874,0.06884189695119858,-0.6332937479019165,0.11054989695549011,0.47800418734550476,-0.4543343484401703,-0.4006795883178711,0.6360410451889038,97.789783,-3.659273,-90.751167,100.166308
2026-08-05T11:58:24.767457,1785923904.767457,20.012758,0.7603327035903931,0.06621330231428146,-0.6375887989997864,0.10483559966087341,0.4861788749694824,-0.44637900590896606,-0.4087308347225189,0.630329430103302,96.361243,-2.155970,-42.847378,45.089777
2026-08-05T11:58:24.783623,1785923904.783623,20.028924,0.7568339705467224,0.06697992980480194,-0.6425136923789978,0.0994596779346466,0.49498042464256287,-0.4376228451728821,-0.41636598110198975,0.624596118927002,95.099635,-0.757481,-78.042079,86.509469
2026-08-05T11:58:24.801648,1785923904.801649,20.046949,0.7525503039360046,0.0698428601026535,-0.6479513049125671,0.0946013405919075,0.5041360855102539,-0.4279879927635193,-0.4239707291126251,0.6188070178031921,93.882480,0.596798,-67.524451,75.131687
2026-08-05T11:58:24.810371,1785923904.810371,20.055672,0.7479290962219238,0.07256848365068436,-0.6536650061607361,0.08976750820875168,0.5138569474220276,-0.41729244589805603,-0.43171122670173645,0.6127345561981201,92.542625,2.051175,-153.608315,166.737749
2026-08-05T11:58:24.816746,1785923904.816746,20.062047,0.7429251670837402,0.07351035624742508,-0.6599001884460449,0.08479680120944977,0.5237663388252258,-0.40611138939857483,-0.4396902918815613,0.6061475872993469,91.014865,3.677736,-239.636905,255.134291
2026-08-05T11:58:24.825039,1785923904.825040,20.070341,0.7374839782714844,0.07387520372867584,-0.6666532754898071,0.07895177602767944,0.534080982208252,-0.39426952600479126,-0.4472300112247467,0.5994118452072144,89.494154,5.492448,-183.364124,218.814233
2026-08-05T11:58:24.850186,1785923904.850187,20.095487,0.7320994138717651,0.07474537938833237,-0.6731554269790649,0.07283933460712433,0.5436121225357056,-0.3825899064540863,-0.4554499089717865,0.5921792387962341,88.038939,7.118330,-57.869003,64.655805
2026-08-05T11:58:24.865759,1785923904.865759,20.111060,0.7261983752250671,0.07852457463741302,-0.6796320080757141,0.06760456413030624,0.5530912280082703,-0.370603084564209,-0.4634612500667572,0.5847625136375427,86.717675,8.421329,-84.844400,83.671574
2026-08-05T11:58:24.883015,1785923904.883015,20.128316,0.720650851726532,0.08452510833740234,-0.6851770877838135,0.06364262104034424,0.5625681281089783,-0.358149915933609,-0.4716147184371948,0.5769101977348328,85.385885,9.274680,-77.180421,49.453696
2026-08-05T11:58:24.900551,1785923904.900552,20.145853,0.7159452438354492,0.0905725434422493,-0.6896360516548157,0.06017778813838959,0.5725013613700867,-0.3444537818431854,-0.47973647713661194,0.5687238574028015,83.896386,9.971006,-84.934074,39.705852
2026-08-05T11:58:24.917039,1785923904.917039,20.162340,0.7138001918792725,0.09275490790605545,-0.6918185949325562,0.057211704552173615,0.5826596021652222,-0.3301509916782379,-0.48819005489349365,0.5596237778663635,81.943109,10.521606,-118.472896,33.395777
2026-08-05T11:58:24.934200,1785923904.934200,20.179501,0.7118494510650635,0.09316475689411163,-0.6939802765846252,0.054609522223472595,0.5926358699798584,-0.3161011338233948,-0.49680644273757935,0.5495874881744385,79.792976,11.025146,-125.292587,29.342272
2026-08-05T11:58:24.950516,1785923904.950516,20.195817,0.7076185345649719,0.09458451718091965,-0.6983241438865662,0.05170413479208946,0.6021652221679688,-0.30241405963897705,-0.505424976348877,0.5389698147773743,77.786536,11.634276,-122.974238,37.333449
2026-08-05T11:58:24.966949,1785923904.966950,20.212250,0.7031427025794983,0.0981171727180481,-0.7025775909423828,0.04846028983592987,0.6111552119255066,-0.28858625888824463,-0.5138523578643799,0.5283589959144592,75.994660,12.086764,-109.036572,27.534127
2026-08-05T11:58:24.983277,1785923904.983277,20.228578,0.7028046250343323,0.09948240220546722,-0.7028670907020569,0.04633317515254021,0.6203075051307678,-0.27375948429107666,-0.5208688378334045,0.518623411655426,73.958831,12.328774,-124.686195,14.822132
2026-08-05T11:58:25.000600,1785923905.000600,20.245901,0.7046093940734863,0.10296941548585892,-0.7006164789199829,0.04538223519921303,0.6295286417007446,-0.2583402693271637,-0.5262478590011597,0.5099188089370728,72.040387,12.212215,-110.745408,-6.728534
2026-08-05T11:58:25.005545,1785923905.005545,20.250846,0.7031189203262329,0.10974062234163284,-0.701059877872467,0.04578341916203499,0.6380694508552551,-0.24310822784900665,-0.5310074090957642,0.5017936825752258,70.388736,12.087174,-334.017547,-25.287460
2026-08-05T11:58:25.017469,1785923905.017470,20.262771,0.7014386653900146,0.11577426642179489,-0.701755702495575,0.046035151928663254,0.6452623605728149,-0.22945182025432587,-0.5364917516708374,0.4931177496910095,68.775534,11.857687,-135.281970,-19.244579
2026-08-05T11:58:25.034012,1785923905.034012,20.279313,0.701401948928833,0.11906014382839203,-0.7013092637062073,0.045005206018686295,0.6511259078979492,-0.21743305027484894,-0.5430310368537903,0.48360681533813477,67.098583,11.604466,-101.374119,-15.307601
2026-08-05T11:58:25.050735,1785923905.050735,20.296036,0.7016274333000183,0.1176343783736229,-0.7015100717544556,0.042011357843875885,0.6560933589935303,-0.20690295100212097,-0.5501147508621216,0.4733988642692566,65.340062,11.752075,-105.156382,8.826783
2026-08-05T11:58:25.067358,1785923905.067359,20.312660,0.6998985409736633,0.11855218559503555,-0.7032192945480347,0.03962578997015953,0.6606833934783936,-0.19663573801517487,-0.556820273399353,0.46344703435897827,63.787173,11.820179,-93.413946,4.096786
2026-08-05T11:58:25.100369,1785923905.100369,20.344653,0.6989251971244812,0.12239369750022888,-0.7035951018333435,0.03843708336353302,0.6652793884277344,-0.1857273429632187,-0.5627092123031616,0.45416662096977234,62.342347,11.570010,-45.159466,-7.819278
2026-08-05T11:58:25.106062,1785923905.106063,20.351363,0.7002416849136353,0.1256846785545349,-0.7017187476158142,0.03815717250108719,0.6703165769577026,-0.1732265055179596,-0.5674031972885132,0.44578251242637634,60.739939,11.333942,-238.807134,-35.181289
2026-08-05T11:58:25.116509,1785923905.116509,20.361810,0.7010399699211121,0.12832863628864288,-0.7004384398460388,0.03822045400738716,0.6760145425796509,-0.15997380018234253,-0.570720374584198,0.4378255009651184,59.112405,11.286741,-155.792740,-4.518268
2026-08-05T11:58:25.125291,1785923905.125292,20.370592,0.6995775699615479,0.12951381504535675,-0.7017183899879456,0.03753208369016647,0.681378960609436,-0.14735470712184906,-0.57382732629776,0.42980432510375977,57.580294,11.562495,-174.457387,31.399456
2026-08-05T11:58:25.133626,1785923905.133626,20.378927,0.6989407539367676,0.13075608015060425,-0.702129065990448,0.03740856796503067,0.6857331991195679,-0.13628727197647095,-0.5779747366905212,0.4208812415599823,55.981369,11.507117,-191.841029,-6.644366
2026-08-05T11:58:25.165700,1785923905.165700,20.411001,0.6998269557952881,0.13229891657829285,-0.7009204626083374,0.038078129291534424,0.6893765330314636,-0.12661868333816528,-0.5825335383415222,0.4115612208843231,54.335450,11.103247,-51.316333,-12.591815
2026-08-05T11:58:25.182561,1785923905.182561,20.427862,0.6997560858726501,0.1344909816980362,-0.7005677223205566,0.03819025680422783,0.6926045417785645,-0.11736273020505905,-0.5866537690162659,0.4029422402381897,52.919114,10.797914,-84.002091,-18.109161
2026-08-05T11:58:25.200068,1785923905.200068,20.445369,0.6993634700775146,0.13682745397090912,-0.7005131840705872,0.0380830317735672,0.695824921131134,-0.10827487707138062,-0.5896962881088257,0.39542728662490845,51.692139,10.615855,-70.083574,-10.399036
2026-08-05T11:58:25.250276,1785923905.250276,20.495577,0.6992915272712708,0.1385880559682846,-0.7002831101417542,0.037258684635162354,0.6988680362701416,-0.09942855685949326,-0.5922427773475647,0.3885177671909332,50.582949,10.568186,-22.091972,-0.949424
2026-08-05T11:58:25.257268,1785923905.257268,20.501689,0.6988229751586914,0.13905423879623413,-0.7007399797439575,0.03569220378994942,0.701579213142395,-0.09157166630029678,-0.5947825908660889,0.3816215991973877,49.551480,10.651304,-168.751917,13.598303
2026-08-05T11:58:25.267290,1785923905.267291,20.512592,0.6990245580673218,0.13971658051013947,-0.7004337906837463,0.03516426309943199,0.7037679553031921,-0.08500766009092331,-0.5974953174591064,0.37481197714805603,48.500619,10.498881,-96.388013,-13.980630
2026-08-05T11:58:25.283271,1785923905.283271,20.528572,0.6986784934997559,0.14078909158706665,-0.7006093263626099,0.03425561264157295,0.7055936455726624,-0.079521045088768,-0.59968501329422,0.3690420985221863,47.709405,10.385021,-49.511235,-7.124928
2026-08-05T11:58:25.300813,1785923905.300814,20.546115,0.698498010635376,0.1421644389629364,-0.7005977630615234,0.03244649991393089,0.7069843411445618,-0.07468864321708679,-0.6016547083854675,0.36415189504623413,47.148581,10.339562,-31.969307,-2.591392
2026-08-05T11:58:25.317841,1785923905.317841,20.563142,0.6989046335220337,0.1439274102449417,-0.6999015212059021,0.030909286811947823,0.7081599235534668,-0.06990747898817062,-0.6033656001091003,0.35996192693710327,46.643229,10.268107,-29.678748,-4.196450
2026-08-05T11:58:25.333653,1785923905.333654,20.578954,0.6995412111282349,0.14508262276649475,-0.6990623474121094,0.03008510358631611,0.7092535495758057,-0.06487210094928741,-0.6047883629798889,0.35634589195251465,46.075997,10.262020,-35.872646,-0.384922
2026-08-05T11:58:25.367479,1785923905.367480,20.612781,0.6997631788253784,0.14471736550331116,-0.6989468932151794,0.029358595609664917,0.7103810906410217,-0.06011953577399254,-0.6058674454689026,0.3530849516391754,45.490421,10.424212,-17.311361,4.794867
2026-08-05T11:58:25.376848,1785923905.376849,20.622149,0.6994010806083679,0.14487674832344055,-0.6992712020874023,0.02947399578988552,0.7115167379379272,-0.05630364269018173,-0.6065544486045837,0.35023656487464905,44.979695,10.459765,-54.512892,3.794787
2026-08-05T11:58:25.400078,1785923905.400078,20.645379,0.6990928053855896,0.14628708362579346,-0.6992790102958679,0.029639730229973793,0.7123761177062988,-0.05363328009843826,-0.6072611212730408,0.34767478704452515,44.626808,10.304655,-15.191423,-6.677330
2026-08-05T11:58:25.404446,1785923905.404446,20.648568,0.6989657878875732,0.14753521978855133,-0.6991600394248962,0.02924833633005619,0.7129852175712585,-0.051629286259412766,-0.6081803441047668,0.3451133668422699,44.347234,10.147995,-87.659270,-49.120086
2026-08-05T11:58:25.416751,1785923905.416752,20.662053,0.6993310451507568,0.1480974704027176,-0.6986860632896423,0.02900405041873455,0.7133965492248535,-0.0499337799847126,-0.6091955304145813,0.342713862657547,44.031238,10.012100,-23.434044,-10.077860
2026-08-05T11:58:25.433608,1785923905.433608,20.678909,0.6996091604232788,0.1480318009853363,-0.6984187960624695,0.029069090262055397,0.7137420773506165,-0.048230767250061035,-0.6100555062294006,0.34070295095443726,43.694647,9.952857,-19.968147,-3.514594
2026-08-05T11:58:25.450453,1785923905.450454,20.695449,0.6994019150733948,0.14806324243545532,-0.6986055970191956,0.029407048597931862,0.714198887348175,-0.04629930481314659,-0.610518753528595,0.3391803503036499,43.396847,9.948817,-18.004518,-0.244225
2026-08-05T11:58:25.466998,1785923905.466999,20.712299,0.6992769241333008,0.1480683535337448,-0.6987207531929016,0.029615962877869606,0.7147279381752014,-0.04416144639253616,-0.6106393933296204,0.33813244104385376,43.150901,10.013096,-14.596211,3.814784
2026-08-05T11:58:25.485851,1785923905.485851,20.729131,0.6992461085319519,0.14824959635734558,-0.69869464635849,0.030051467940211296,0.71530681848526,-0.04205423220992088,-0.6106826066970825,0.3370969295501709,42.895393,10.036100,-15.180211,1.366655
2026-08-05T11:58:25.500473,1785923905.500473,20.745774,0.6992632746696472,0.14824803173542023,-0.6986455321311951,0.030791781842708588,0.7157920002937317,-0.040331486612558365,-0.6109139323234558,0.3358564078807831,42.596706,10.000368,-17.946926,-2.146974
2026-08-05T11:58:25.516899,1785923905.516899,20.762200,0.6992769241333008,0.14776338636875153,-0.6987012624740601,0.03153694421052933,0.7160788178443909,-0.03950304165482521,-0.6114089488983154,0.334439754486084,42.299856,9.922239,-18.071580,-4.756317
2026-08-05T11:58:25.532605,1785923905.532605,20.777906,0.6988392472267151,0.1475982815027237,-0.699146032333374,0.03214817866683006,0.7161968946456909,-0.03931867331266403,-0.6119714975357056,0.3331770896911621,42.098675,9.808436,-12.809307,-7.245939
2026-08-05T11:58:25.548749,1785923905.548750,20.794051,0.698653519153595,0.1477832943201065,-0.6992789506912231,0.032441310584545135,0.7161587476730347,-0.0393318235874176,-0.6124727129936218,0.33233532309532166,41.992180,9.699091,-6.596295,-6.772781
2026-08-05T11:58:25.565793,1785923905.565793,20.811094,0.6987080574035645,0.14790624380111694,-0.699192464351654,0.03256910666823387,0.7161352038383484,-0.03892681747674942,-0.6127070188522339,0.3320019543170929,41.921734,9.678361,-4.133406,-1.216323
2026-08-05T11:58:25.582199,1785923905.582200,20.827501,0.6989496946334839,0.14764802157878876,-0.6990002393722534,0.032684773206710815,0.7162168025970459,-0.038157667964696884,-0.6126998066902161,0.331928551197052,41.836192,9.738372,-5.213787,3.657709
2026-08-05T11:58:25.599204,1785923905.599204,20.844505,0.6992424130439758,0.14703314006328583,-0.6988281607627869,0.032871995121240616,0.7162278890609741,-0.03729168325662613,-0.6127949953079224,0.3318271040916443,41.711407,9.830185,-7.338377,5.399344
2026-08-05T11:58:25.615460,1785923905.615461,20.860762,0.6992947459220886,0.14670565724372864,-0.6988222599029541,0.033346571028232574,0.7161364555358887,-0.03647000342607498,-0.6131186485290527,0.3315179646015167,41.557962,9.861826,-9.438929,1.946331
2026-08-05T11:58:25.632473,1785923905.632473,20.877774,0.6993110179901123,0.14676859974861145,-0.6987615823745728,0.03399161994457245,0.7160175442695618,-0.03552787005901337,-0.6136104464530945,0.33096691966056824,41.374738,9.833182,-10.770073,-1.683685
2026-08-05T11:58:25.650188,1785923905.650188,20.895489,0.6993175148963928,0.1471536010503769,-0.6986351013183594,0.034784991294145584,0.7159984707832336,-0.03427207097411156,-0.6140276789665222,0.3303663730621338,41.173829,9.783263,-11.341334,-2.817942
2026-08-05T11:58:25.666411,1785923905.666411,20.910909,0.6992785334587097,0.14796122908592224,-0.6984467506408691,0.03590894490480423,0.7160346508026123,-0.03262293338775635,-0.6144610643386841,0.32964804768562317,40.929922,9.690663,-15.817368,-6.005107
2026-08-05T11:58:25.683564,1785923905.683564,20.928865,0.6991414427757263,0.1490587592124939,-0.6982702612876892,0.0374373197555542,0.7161411643028259,-0.03048146516084671,-0.6149373650550842,0.32873237133026123,40.616298,9.565038,-17.466244,-6.996252
2026-08-05T11:58:25.700795,1785923905.700795,20.946096,0.6989311575889587,0.1501886248588562,-0.698147177696228,0.03910808265209198,0.7163032293319702,-0.027973422780632973,-0.615496039390564,0.32755446434020996,40.244076,9.434125,-21.601883,-7.597567
2026-08-05T11:58:25.706038,1785923905.706038,20.951339,0.6984819173812866,0.15108199417591095,-0.6983264088630676,0.040468137711286545,0.7165591716766357,-0.025207126513123512,-0.6161332726478577,0.3260175883769989,39.846278,9.348248,-75.871415,-16.379130
2026-08-05T11:58:25.716292,1785923905.716293,20.961593,0.6981142163276672,0.15143407881259918,-0.698565661907196,0.04135505482554436,0.716865599155426,-0.02237929217517376,-0.6168514490127563,0.32418733835220337,39.429749,9.324942,-40.619516,-2.272804
2026-08-05T11:58:25.732597,1785923905.732597,20.977898,0.697678804397583,0.15130077302455902,-0.6990089416503906,0.04170171916484833,0.7171391248703003,-0.019873961806297302,-0.6176210045814514,0.3222748637199402,39.052786,9.359083,-23.120531,2.094000
2026-08-05T11:58:25.751740,1785923905.751740,20.997041,0.6972352862358093,0.1519944667816162,-0.6992806792259216,0.04204147309064865,0.7172524333000183,-0.017617322504520416,-0.618540346622467,0.32038477063179016,38.732349,9.299803,-16.738621,-3.096594
2026-08-05T11:58:25.767422,1785923905.767422,21.012723,0.6970007419586182,0.1532379388809204,-0.6992136240005493,0.04253008961677551,0.717221736907959,-0.01528290007263422,-0.6194908022880554,0.31873267889022827,38.435609,9.197945,-18.922648,-6.495357
2026-08-05T11:58:25.784128,1785923905.784128,21.029429,0.6971255540847778,0.1544257253408432,-0.6988041400909424,0.042914021760225296,0.7171952724456787,-0.012511706911027431,-0.620268702507019,0.3173976540565491,38.143540,9.159423,-17.482884,-2.305835
2026-08-05T11:58:25.817054,1785923905.817054,21.062355,0.6971770524978638,0.15539498627185822,-0.6985263228416443,0.043099768459796906,0.7171544432640076,-0.00933792069554329,-0.6209552884101868,0.3162546455860138,37.859668,9.210848,-8.621503,1.561828
2026-08-05T11:58:25.833882,1785923905.833882,21.079183,0.6973559260368347,0.1562766581773758,-0.6981385350227356,0.04330279305577278,0.7172072529792786,-0.0059034815058112144,-0.6215465068817139,0.3150537610054016,37.548390,9.279317,-18.497549,4.068708
2026-08-05T11:58:25.850625,1785923905.850625,21.095926,0.6972776651382446,0.15732593834400177,-0.6979671120643616,0.04352441057562828,0.7173157930374146,-0.002257928252220154,-0.6221978664398193,0.3135647475719452,37.212233,9.331822,-20.077806,3.136035
2026-08-05T11:58:25.857060,1785923905.857060,21.102361,0.6970200538635254,0.1585509181022644,-0.6979351043701172,0.04371916502714157,0.717441201210022,0.0014775051968172193,-0.6229673624038696,0.31174948811531067,36.854689,9.354980,-55.561019,3.598617
2026-08-05T11:58:25.866351,1785923905.866351,21.111652,0.6968322992324829,0.16033142805099487,-0.6976613402366638,0.04458090290427208,0.7176016569137573,0.005330108571797609,-0.6238343715667725,0.3095967471599579,36.415532,9.249515,-47.267336,-11.351380
2026-08-05T11:58:25.882982,1785923905.882983,21.128284,0.6966062188148499,0.1623593419790268,-0.6973305344581604,0.045931246131658554,0.7177230715751648,0.00942294206470251,-0.6247543096542358,0.3073553144931793,35.918015,9.095812,-29.913521,-9.241522
2026-08-05T11:58:25.898826,1785923905.898827,21.144127,0.6962935924530029,0.16494856774806976,-0.6969108581542969,0.04777676984667778,0.7179005146026611,0.01409073080867529,-0.6255511045455933,0.30513307452201843,35.375942,8.901644,-34.213949,-12.255234
2026-08-05T11:58:25.917663,1785923905.917663,21.162964,0.6961028575897217,0.16743753850460052,-0.6963825225830078,0.049569353461265564,0.7181256413459778,0.019349856302142143,-0.6262451410293579,0.3028830885887146,34.796687,8.762127,-30.752092,-7.406841
2026-08-05T11:58:25.966869,1785923905.966870,21.212170,0.6959062814712524,0.16978584229946136,-0.6958840489387512,0.051311224699020386,0.7182385325431824,0.025007102638483047,-0.6270784139633179,0.30046769976615906,34.172474,8.659438,-12.685530,-2.086887
2026-08-05T11:58:25.999724,1785923905.999724,21.245025,0.6958897709846497,0.17148910462856293,-0.6953650116920471,0.05288295820355415,0.7182841897010803,0.031140513718128204,-0.6279750466346741,0.2979021370410919,33.483643,8.651252,-20.966059,-0.249158
2026-08-05T11:58:26.005265,1785923906.005265,21.250566,0.6957870721817017,0.17269925773143768,-0.6950637698173523,0.054239414632320404,0.7182546854019165,0.037463098764419556,-0.6288495063781738,0.2953898310661316,32.791760,8.730396,-124.858868,14.282438
2026-08-05T11:58:26.066363,1785923906.066364,21.311665,0.695551335811615,0.1744646281003952,-0.6947240233421326,0.05593964830040932,0.7180891036987305,0.04382413625717163,-0.629831850528717,0.29281309247016907,32.086833,8.734036,-11.537578,0.059582
2026-08-05T11:58:26.082564,1785923906.082565,21.327169,0.6953737735748291,0.17654499411582947,-0.6942006945610046,0.05807550624012947,0.7179173231124878,0.04995288327336311,-0.6307969689369202,0.2901632785797119,31.358054,8.646901,-47.003342,-5.619844
2026-08-05T11:58:26.099775,1785923906.099776,21.345077,0.6948180198669434,0.17936259508132935,-0.6937999129295349,0.06081736832857132,0.7177658081054688,0.055775970220565796,-0.6318087577819824,0.28726109862327576,30.607546,8.406995,-41.911089,-13.397241
2026-08-05T11:58:26.116569,1785923906.116569,21.360716,0.694036066532135,0.18141958117485046,-0.6938152313232422,0.06341356784105301,0.7175676822662354,0.06097877398133278,-0.6330894231796265,0.2838592529296875,29.821340,8.161395,-50.271123,-15.704018
2026-08-05T11:58:26.134462,1785923906.134463,21.379764,0.6937386989593506,0.18160440027713776,-0.6939153075218201,0.06502276659011841,0.7166652083396912,0.06573508679866791,-0.6374778747558594,0.275121808052063,28.439402,7.662280,-72.551337,-26.203355
2026-08-05T11:58:26.150485,1785923906.150485,21.395786,0.6933578848838806,0.1822677105665207,-0.6940362453460693,0.06593210995197296,0.714623212814331,0.05654958635568619,-0.6455185413360596,0.2634803056716919,27.577189,5.807402,-53.813633,-115.769222
2026-08-05T11:58:26.157534,1785923906.157535,21.401951,0.6921124458312988,0.18384990096092224,-0.6948487162590027,0.06606777757406235,0.7133768200874329,0.046932920813560486,-0.650512158870697,0.2563689947128296,27.515145,4.302736,-10.063813,-244.064723
2026-08-05T11:58:26.168592,1785923906.168592,21.413893,0.6895825862884521,0.18618769943714142,-0.6966663599014282,0.06682920455932617,0.7117478847503662,0.03468964621424675,-0.655876100063324,0.2490750104188919,27.741097,2.489308,18.920208,-151.848072
2026-08-05T11:58:26.182084,1785923906.182084,21.427385,0.6883689761161804,0.18825431168079376,-0.6971282958984375,0.06870822608470917,0.7094193696975708,0.020156022161245346,-0.6613001823425293,0.24289965629577637,28.216571,0.498493,35.242113,-147.559244
2026-08-05T11:58:26.199733,1785923906.199734,21.444015,0.6848679184913635,0.19134898483753204,-0.6997321844100952,0.06867831945419312,0.7065239548683167,0.0035138134844601154,-0.666430652141571,0.23807969689369202,29.420843,-1.417297,72.415904,-115.201331
2026-08-05T11:58:26.215718,1785923906.215719,21.461020,0.6828161478042603,0.19117945432662964,-0.7020359635353088,0.06601600348949432,0.7031897306442261,-0.015646478161215782,-0.671440064907074,0.2333400547504425,30.868171,-3.046353,85.113312,-95.800161
2026-08-05T11:58:26.232807,1785923906.232808,21.478109,0.6808314323425293,0.19002415239810944,-0.7045308947563171,0.06321246922016144,0.6987560391426086,-0.03970460966229439,-0.6777230501174927,0.22551071643829346,32.552309,-5.221937,98.550243,-127.308042
2026-08-05T11:58:26.250618,1785923906.250618,21.495919,0.6783732175827026,0.18956995010375977,-0.7071317434310913,0.06194988638162613,0.6914964914321899,-0.07068061828613281,-0.6867817044258118,0.21252717077732086,34.698476,-8.543478,120.501165,-186.495046
2026-08-05T11:58:26.266571,1785923906.266571,21.511872,0.6746615171432495,0.18984492123126984,-0.7106435298919678,0.06145466864109039,0.6798719763755798,-0.1074574887752533,-0.698323130607605,0.1963975727558136,37.613466,-12.648714,182.722844,-257.332152
2026-08-05T11:58:26.284313,1785923906.284313,21.529066,0.6710516810417175,0.19037967920303345,-0.7139174342155457,0.06137843430042267,0.6649367213249207,-0.14510776102542877,-0.7097511887550354,0.18181388080120087,41.074478,-16.733705,201.288708,-237.578590
2026-08-05T11:58:26.300236,1785923906.300236,21.545537,0.668129026889801,0.18986399471759796,-0.7167892456054688,0.06138766184449196,0.6500217318534851,-0.1783587485551834,-0.718295693397522,0.17236961424350739,44.396404,-19.983930,201.684447,-197.331286
2026-08-05T11:58:26.306629,1785923906.306630,21.551931,0.6653701066970825,0.18859662115573883,-0.7196962833404541,0.06124751642346382,0.635596752166748,-0.2076164335012436,-0.7245826125144958,0.16701024770736694,47.457845,-22.511938,478.841444,-395.406899
2026-08-05T11:58:26.316194,1785923906.316195,21.561496,0.6628409028053284,0.18640100955963135,-0.7225786447525024,0.06145617365837097,0.6186882257461548,-0.2365298867225647,-0.7312403321266174,0.1629912555217743,50.515400,-24.851512,319.664849,-244.600594
2026-08-05T11:58:26.350637,1785923906.350637,21.595938,0.6613328456878662,0.18297064304351807,-0.7247688174247742,0.06221773102879524,0.5989422798156738,-0.26545074582099915,-0.7383193373680115,0.16027632355690002,53.593016,-27.074749,89.355402,-64.549364
2026-08-05T11:58:26.383867,1785923906.383868,21.629169,0.6610828638076782,0.18003660440444946,-0.7256388664245605,0.0632825493812561,0.5781242251396179,-0.29220670461654663,-0.7445735931396484,0.1612386703491211,56.697148,-28.972038,93.412007,-57.094749
2026-08-05T11:58:26.400425,1785923906.400425,21.645726,0.6609966158866882,0.17673546075820923,-0.7265478372573853,0.06305917352437973,0.5592987537384033,-0.31486889719963074,-0.748390257358551,0.16719642281532288,59.469573,-30.002877,167.440293,-62.257395
2026-08-05T11:58:26.416573,1785923906.416573,21.661874,0.660984456539154,0.1730838268995285,-0.7274279594421387,0.06316935271024704,0.5411154627799988,-0.3355223834514618,-0.7509407997131348,0.1752341389656067,62.055016,-30.720997,160.110638,-44.471523
2026-08-05T11:58:26.433157,1785923906.433157,21.678458,0.6605267524719238,0.16956065595149994,-0.7285796999931335,0.06422878801822662,0.5207005143165588,-0.3567102253437042,-0.7538220882415771,0.1827051192522049,64.783109,-31.633383,164.502279,-55.016298
2026-08-05T11:58:26.450347,1785923906.450347,21.695648,0.6593798995018005,0.1662077009677887,-0.7302851676940918,0.06539838016033173,0.49858197569847107,-0.3777211308479309,-0.756502628326416,0.19091016054153442,67.612769,-32.473713,164.608730,-48.884241
2026-08-05T11:58:26.455438,1785923906.455438,21.700739,0.6597334742546082,0.16107498109340668,-0.7311047911643982,0.0655171349644661,0.47795820236206055,-0.39636823534965515,-0.7574093341827393,0.20193946361541748,70.138948,-32.746411,496.209725,-53.565169
2026-08-05T11:58:26.458381,1785923906.458381,21.703682,0.6630867719650269,0.15588240325450897,-0.7286467552185059,0.07134829461574554,0.45804867148399353,-0.41320493817329407,-0.7572313547134399,0.21460144221782684,72.512476,-33.546652,806.619272,-271.953723
2026-08-05T11:58:26.466288,1785923906.466288,21.711589,0.6640360951423645,0.15231555700302124,-0.7283294796943665,0.07343225181102753,0.43696627020835876,-0.4293639063835144,-0.7569814324378967,0.2273463010787964,75.106178,-33.906627,328.009881,-45.523918
2026-08-05T11:58:26.483885,1785923906.483885,21.729186,0.6669168472290039,0.14767958223819733,-0.7263669967651367,0.07618317753076553,0.4169653654098511,-0.44371557235717773,-0.7555102109909058,0.24178700149059296,77.524418,-34.139162,137.425580,-13.214675
2026-08-05T11:58:26.499475,1785923906.499476,21.744776,0.6703493595123291,0.14166416227817535,-0.7239722609519958,0.08017045259475708,0.3996242582798004,-0.4555271565914154,-0.7522963881492615,0.2585456371307373,79.520883,-34.011437,128.055185,8.192421
2026-08-05T11:58:26.516106,1785923906.516106,21.760618,0.6727873086929321,0.13556243479251862,-0.722292423248291,0.08528756350278854,0.3833838105201721,-0.4656909108161926,-0.7481744885444641,0.2763761878013611,81.286882,-33.652643,111.476033,22.648291
2026-08-05T11:58:26.532668,1785923906.532669,21.777970,0.6754240393638611,0.13000696897506714,-0.7201031446456909,0.09139084815979004,0.36595097184181213,-0.4757314622402191,-0.7439376711845398,0.29379621148109436,83.184875,-33.532884,109.387146,6.902109
2026-08-05T11:58:26.566609,1785923906.566610,21.811910,0.6787463426589966,0.12381815165281296,-0.7173526287078857,0.09683951735496521,0.3472035825252533,-0.4859004318714142,-0.7396247982978821,0.3103315532207489,85.195459,-33.536083,59.237958,-0.094270
2026-08-05T11:58:26.583471,1785923906.583472,21.828772,0.6826354265213013,0.11883290857076645,-0.7135634422302246,0.10351339727640152,0.3301140069961548,-0.4951314926147461,-0.7337714433670044,0.32779446244239807,87.223062,-33.698204,120.247546,-9.614590
2026-08-05T11:58:26.603672,1785923906.603673,21.848973,0.6871553063392639,0.11639191955327988,-0.7084214091300964,0.11139912158250809,0.3150121867656708,-0.5032244324684143,-0.7264044284820557,0.34622132778167725,89.357525,-34.105420,105.661416,-20.158251
2026-08-05T11:58:26.616437,1785923906.616437,21.860735,0.6920084357261658,0.1130119040608406,-0.7028518319129944,0.11980082839727402,0.2998667359352112,-0.5108360052108765,-0.7189357876777649,0.3636731505393982,91.361896,-34.645713,170.419026,-45.937708
2026-08-05T11:58:26.632319,1785923906.632320,21.877620,0.6968247294425964,0.1063697561621666,-0.6977875232696533,0.12733247876167297,0.28246158361434937,-0.5188121795654297,-0.7124869227409363,0.37869763374328613,93.209833,-35.215383,109.437577,-33.736694
2026-08-05T11:58:26.650273,1785923906.650273,21.895574,0.703718900680542,0.09948517382144928,-0.6906538009643555,0.13371542096138,0.2638993561267853,-0.5268620252609253,-0.7063251733779907,0.39227330684661865,95.312806,-36.258407,117.133561,-58.095423
2026-08-05T11:58:26.666149,1785923906.666149,21.911450,0.7113611698150635,0.0977354645729065,-0.6814494729042053,0.14156274497509003,0.247781440615654,-0.5342012047767639,-0.6986699104309082,0.4063177704811096,97.753775,-37.967356,153.753931,-107.644812
2026-08-05T11:58:26.672042,1785923906.672042,21.915322,0.7181708812713623,0.09802919626235962,-0.6726034879684448,0.14908280968666077,0.234244704246521,-0.5408114790916443,-0.6896676421165466,0.42072680592536926,100.146419,-39.620215,617.986120,-426.910143
2026-08-05T11:58:26.681876,1785923906.681876,21.927177,0.7242951989173889,0.09604005515575409,-0.6647487878799438,0.15582695603370667,0.2219673991203308,-0.5465313792228699,-0.6807295083999634,0.4343288540840149,102.124582,-40.927511,166.858099,-110.270401
2026-08-05T11:58:26.716333,1785923906.716334,21.961634,0.7299153804779053,0.09308658540248871,-0.6573950052261353,0.1624511182308197,0.20978401601314545,-0.5516323447227478,-0.6726769208908081,0.44631657004356384,103.878893,-42.225653,50.912369,-37.673791
2026-08-05T11:58:26.732561,1785923906.732562,21.976978,0.737150251865387,0.08923545479774475,-0.6481997966766357,0.16877152025699615,0.1969483345746994,-0.5562160015106201,-0.665622889995575,0.4569260776042938,105.669065,-43.945916,116.671768,-112.115499
2026-08-05T11:58:26.748381,1785923906.748382,21.993682,0.745247483253479,0.08440572023391724,-0.6379052400588989,0.1748114824295044,0.18316268920898438,-0.5603787302970886,-0.6595135927200317,0.46633580327033997,107.482860,-45.974716,108.582391,-121.453598
2026-08-05T11:58:26.765523,1785923906.765524,22.010824,0.7510889768600464,0.0851912871003151,-0.6293091773986816,0.18049278855323792,0.16930122673511505,-0.5643517374992371,-0.6529564261436462,0.47591203451156616,109.675671,-48.042434,127.919935,-120.622487
2026-08-05T11:58:26.782198,1785923906.782198,22.027499,0.7556244730949402,0.08645471930503845,-0.621986985206604,0.1862509846687317,0.15721093118190765,-0.567980945110321,-0.6450423002243042,0.4864185154438019,111.681972,-49.754651,120.321373,-102.684694
2026-08-05T11:58:26.798807,1785923906.798807,22.044108,0.7585566639900208,0.08668038249015808,-0.6164587736129761,0.1925017088651657,0.1454262137413025,-0.5712650418281555,-0.6368116140365601,0.4969694912433624,113.398733,-51.049933,103.362076,-77.985840
2026-08-05T11:58:26.815953,1785923906.815953,22.060422,0.761085569858551,0.08680231869220734,-0.6117243766784668,0.1975032240152359,0.13220737874507904,-0.5743168592453003,-0.6297537684440613,0.5060551166534424,115.182973,-52.343369,109.371661,-79.285974
2026-08-05T11:58:26.832053,1785923906.832053,22.077354,0.7633771300315857,0.08620453625917435,-0.6075934767723083,0.20162980258464813,0.11895578354597092,-0.5774495005607605,-0.6229822039604187,0.5140963196754456,116.904861,-53.604519,101.691388,-74.481072
2026-08-05T11:58:26.849601,1785923906.849601,22.094902,0.764824390411377,0.08586400002241135,-0.6042113900184631,0.2063974291086197,0.10808468610048294,-0.5803853869438171,-0.6157608032226562,0.5218325853347778,118.327516,-54.670991,81.074013,-60.775917
2026-08-05T11:58:26.865591,1785923906.865592,22.110892,0.7660181522369385,0.0864911675453186,-0.6008477807044983,0.21146559715270996,0.09835026413202286,-0.5830732583999634,-0.6085643768310547,0.5291525721549988,119.674309,-55.775556,84.224566,-69.076370
2026-08-05T11:58:26.883306,1785923906.883306,22.128607,0.7671266198158264,0.08767426759004593,-0.5975092053413391,0.21636326611042023,0.08835446089506149,-0.585364043712616,-0.6022043228149414,0.5356234908103943,121.033454,-56.968241,76.724982,-67.328136
2026-08-05T11:58:26.900081,1785923906.900081,22.145382,0.7672408819198608,0.08967441320419312,-0.595068097114563,0.2217969298362732,0.07879097759723663,-0.5873580574989319,-0.5962002873420715,0.5416159629821777,122.277633,-58.016101,74.167031,-62.464249
2026-08-05T11:58:26.905696,1785923906.905696,22.150997,0.7674781084060669,0.09228193759918213,-0.5926487445831299,0.22633808851242065,0.07124963402748108,-0.5891725420951843,-0.5903190970420837,0.5471039414405823,123.412153,-58.990827,202.060321,-173.600612
2026-08-05T11:58:26.908514,1785923906.908515,22.153816,0.76755291223526,0.09373779594898224,-0.5912368893623352,0.22916072607040405,0.06646519154310226,-0.5906992554664612,-0.5847181081771851,0.5520522594451904,124.209015,-59.466726,282.717318,-168.843310
2026-08-05T11:58:26.915965,1785923906.915966,22.161267,0.7679679989814758,0.09359391778707504,-0.5902013778686523,0.2304944545030594,0.06318306177854538,-0.5916739702224731,-0.580565869808197,0.555763840675354,124.722323,-59.679708,68.890533,-28.584087
2026-08-05T11:58:26.932578,1785923906.932579,22.177880,0.7681497931480408,0.09234297275543213,-0.5898851156234741,0.2312016636133194,0.06100909784436226,-0.592019259929657,-0.5784326195716858,0.5578591227531433,124.918151,-59.645958,11.787660,2.031514
2026-08-05T11:58:26.966656,1785923906.966656,22.211957,0.7680010795593262,0.09115327894687653,-0.5904171466827393,0.23080958425998688,0.06085551157593727,-0.5919702649116516,-0.5775550603866577,0.558836042881012,124.869271,-59.322636,-1.434375,9.487821
2026-08-05T11:58:26.983403,1785923906.983403,22.228704,0.7668988108634949,0.09008465707302094,-0.5926381945610046,0.22919721901416779,0.06347506493330002,-0.5915100574493408,-0.57773357629776,0.5588477253913879,124.467412,-58.438048,-23.996558,52.822141
2026-08-05T11:58:27.000741,1785923907.000741,22.246042,0.7658708095550537,0.08902816474437714,-0.5953510403633118,0.22599352896213531,0.06856442987918854,-0.5906398296356201,-0.5791382193565369,0.5577118992805481,123.833017,-57.319956,-36.589777,64.487836
2026-08-05T11:58:27.016925,1785923907.016925,22.262226,0.7638490200042725,0.08709266036748886,-0.5997230410575867,0.2219954878091812,0.0746261402964592,-0.5891895294189453,-0.582284688949585,0.555185854434967,122.871070,-55.742348,-59.437831,97.478912
2026-08-05T11:58:27.049998,1785923907.049999,22.295299,0.7621806859970093,0.08557393401861191,-0.6036974787712097,0.21750232577323914,0.08028784394264221,-0.5872828960418701,-0.5872718691825867,0.5511482954025269,121.929416,-54.410689,-28.471623,40.263721
2026-08-05T11:58:27.056648,1785923907.056649,22.301950,0.759638249874115,0.08502857387065887,-0.6082916855812073,0.21377886831760406,0.08540904521942139,-0.585161566734314,-0.5932318568229675,0.546230137348175,120.956374,-53.120615,-146.312180,193.983040
2026-08-05T11:58:27.066189,1785923907.066190,22.311490,0.7563105225563049,0.08413901925086975,-0.6138135194778442,0.21011468768119812,0.0912913829088211,-0.5830221176147461,-0.5991305112838745,0.5411043763160706,119.809634,-51.594668,-120.196397,159.943173
2026-08-05T11:58:27.083229,1785923907.083229,22.328530,0.7529436349868774,0.08341915905475616,-0.6192740797996521,0.2064388394355774,0.09808316081762314,-0.5807126760482788,-0.6047343611717224,0.5361426472663879,118.594336,-50.029015,-71.322216,91.883557
2026-08-05T11:58:27.100381,1785923907.100381,22.345249,0.7500285506248474,0.0821770578622818,-0.6243611574172974,0.2021813988685608,0.10531779378652573,-0.5779531002044678,-0.6107200980186462,0.5309419631958008,117.314925,-48.463501,-76.521734,93.633557
2026-08-05T11:58:27.117316,1785923907.117316,22.362617,0.7476404905319214,0.0815221443772316,-0.6288779377937317,0.1972326785326004,0.11167585849761963,-0.574898362159729,-0.6174558997154236,0.5251367688179016,116.191019,-47.119638,-64.713643,77.378615
2026-08-05T11:58:27.133264,1785923907.133264,22.378565,0.7451745867729187,0.08151864260435104,-0.6335695385932922,0.1914665400981903,0.1177627369761467,-0.5716540217399597,-0.6245251893997192,0.5189529657363892,115.149958,-45.775860,-65.277301,84.258404
2026-08-05T11:58:27.150308,1785923907.150309,22.395610,0.7415770292282104,0.08259095996618271,-0.6392822861671448,0.18590514361858368,0.12557411193847656,-0.5684325695037842,-0.6308901906013489,0.5129262208938599,113.971460,-44.208858,-69.142207,91.935712
2026-08-05T11:58:27.166212,1785923907.166213,22.411513,0.7369241714477539,0.08499963581562042,-0.645359218120575,0.1822892129421234,0.13551348447799683,-0.5651990175247192,-0.6365140676498413,0.506987452507019,112.575825,-42.685065,-87.755306,95.813691
2026-08-05T11:58:27.182941,1785923907.182941,22.428242,0.733751118183136,0.0867348164319992,-0.6497500538825989,0.17863768339157104,0.14466643333435059,-0.5617281794548035,-0.6431820392608643,0.4998500347137451,111.247172,-41.662672,-79.423894,61.116326
2026-08-05T11:58:27.200069,1785923907.200070,22.445370,0.7310917377471924,0.08854573220014572,-0.6540012359619141,0.173052579164505,0.15151213109493256,-0.5582435131072998,-0.6513611674308777,0.49105706810951233,110.177240,-40.847662,-62.465105,47.582169
2026-08-05T11:58:27.233396,1785923907.233397,22.478698,0.7271392345428467,0.090473473072052,-0.6598002910614014,0.16657371819019318,0.1596001386642456,-0.5546765327453613,-0.658839762210846,0.4824853241443634,108.966637,-39.602932,-36.324617,37.348617
2026-08-05T11:58:27.250235,1785923907.250236,22.495537,0.7232191562652588,0.09225894510746002,-0.6652320027351379,0.1609628051519394,0.1726011037826538,-0.550450325012207,-0.6644304990768433,0.47512707114219666,107.327566,-38.151589,-97.338999,86.190448
2026-08-05T11:58:27.266399,1785923907.266399,22.511700,0.7172104120254517,0.0924845039844513,-0.6726547479629517,0.15681740641593933,0.1883688122034073,-0.5457116961479187,-0.6692920923233032,0.46772241592407227,105.084020,-36.262716,-138.804529,116.861533
2026-08-05T11:58:27.283591,1785923907.283592,22.528893,0.7119683623313904,0.0948101207613945,-0.6791097521781921,0.15140070021152496,0.20228028297424316,-0.5403828620910645,-0.6763326525688171,0.45786821842193604,103.161801,-34.905821,-111.803468,78.922068
2026-08-05T11:58:27.300442,1785923907.300443,22.545743,0.7079167366027832,0.09701836109161377,-0.6850167512893677,0.14210385084152222,0.21477371454238892,-0.5349792242050171,-0.6843564510345459,0.44645920395851135,101.548393,-33.608158,-95.747161,77.009379
2026-08-05T11:58:27.316269,1785923907.316269,22.561570,0.7013667821884155,0.09597508609294891,-0.6938656568527222,0.13200028240680695,0.2307884246110916,-0.5288858413696289,-0.6904261112213135,0.4362664222717285,99.254503,-31.308588,-144.937987,145.296884
2026-08-05T11:58:27.332873,1785923907.332874,22.578175,0.6952899694442749,0.09563461691141129,-0.7018232941627502,0.1219431534409523,0.25083041191101074,-0.5212350487709045,-0.6947235465049744,0.4275014400482178,96.749503,-28.886080,-150.863423,145.895308
2026-08-05T11:58:27.339756,1785923907.339757,22.585057,0.6889927387237549,0.10084020346403122,-0.7084376811981201,0.11505019664764404,0.2717341482639313,-0.5132672786712646,-0.6983597278594971,0.418343186378479,94.571944,-27.344840,-316.372055,223.922902
2026-08-05T11:58:27.342292,1785923907.342293,22.587593,0.683745265007019,0.1105421632528305,-0.7126061320304871,0.1116490587592125,0.2879126965999603,-0.5057324171066284,-0.7044317126274109,0.4063461124897003,93.007898,-27.229034,-616.781113,45.668290
2026-08-05T11:58:27.349145,1785923907.349146,22.594446,0.6815887689590454,0.12012684345245361,-0.7140285968780518,0.1056864932179451,0.30162614583969116,-0.4987447261810303,-0.710953950881958,0.39347147941589355,91.961759,-27.549779,-152.651871,-46.802980
2026-08-05T11:58:27.354311,1785923907.354311,22.599612,0.6787348985671997,0.12552499771118164,-0.7168630361557007,0.0983356460928917,0.3191928267478943,-0.49054819345474243,-0.7153173089027405,0.3818373382091522,90.275632,-27.043380,-326.416030,98.033488
2026-08-05T11:58:27.382670,1785923907.382670,22.627971,0.6761870980262756,0.13322298228740692,-0.7182877063751221,0.09531883150339127,0.3393480181694031,-0.4807808995246887,-0.7185392379760742,0.37066712975502014,88.408152,-27.067753,-65.851001,-0.859441
2026-08-05T11:58:27.450101,1785923907.450102,22.695403,0.6744757890701294,0.14104755222797394,-0.7185255885124207,0.09438803046941757,0.3571867048740387,-0.4710315465927124,-0.723347544670105,0.3568126857280731,86.578996,-27.776163,-27.126148,-10.505640
2026-08-05T11:58:27.465712,1785923907.465712,22.711013,0.6727588772773743,0.14304542541503906,-0.7204965353012085,0.08842115104198456,0.3720681071281433,-0.4624426066875458,-0.7290511727333069,0.34087637066841125,84.608483,-27.824881,-126.230316,-3.120863
2026-08-05T11:58:27.483519,1785923907.483520,22.728820,0.6725012063980103,0.14409640431404114,-0.7211815714836121,0.08291959762573242,0.3898618221282959,-0.45287227630615234,-0.7322292327880859,0.32673385739326477,82.456854,-27.755999,-120.828856,3.868213
2026-08-05T11:58:27.500094,1785923907.500095,22.744371,0.6731422543525696,0.14795783162117004,-0.7199940085411072,0.08122088015079498,0.4121960997581482,-0.44057923555374146,-0.7325447201728821,0.3152185082435608,80.130940,-27.899822,-149.568294,-9.248560
2026-08-05T11:58:27.507851,1785923907.507852,22.753153,0.6747928261756897,0.15086734294891357,-0.7179275155067444,0.08046109229326248,0.43484577536582947,-0.42653900384902954,-0.7329021096229553,0.30303195118904114,77.546084,-28.063688,-294.354656,-18.660506
2026-08-05T11:58:27.516165,1785923907.516165,22.761466,0.6751391887664795,0.15161292254924774,-0.7176638841629028,0.07848233729600906,0.4539262354373932,-0.4134276509284973,-0.7349228262901306,0.2879534363746643,74.914179,-28.142401,-316.576147,-9.467857
2026-08-05T11:58:27.521151,1785923907.521152,22.766452,0.6731052994728088,0.14806494116783142,-0.7208551168441772,0.0733073279261589,0.4707737863063812,-0.4015399217605591,-0.7372669577598572,0.2712480425834656,72.047491,-27.579482,-574.941922,112.898798
2026-08-05T11:58:27.531631,1785923907.531632,22.776932,0.6698801517486572,0.14835527539253235,-0.7236990928649902,0.07423815131187439,0.4891219139099121,-0.38846826553344727,-0.7377548813819885,0.25606656074523926,69.238820,-27.614568,-267.998770,-3.347878
2026-08-05T11:58:27.565435,1785923907.565435,22.810736,0.6710504293441772,0.15515457093715668,-0.7208207249641418,0.07769125699996948,0.5087254643440247,-0.3732227385044098,-0.736919105052948,0.24259717762470245,67.078515,-28.510529,-63.907345,-26.504820
2026-08-05T11:58:27.583421,1785923907.583421,22.828722,0.6724829077720642,0.15981821715831757,-0.7182665467262268,0.07948650419712067,0.5279807448387146,-0.35650762915611267,-0.7360382080078125,0.2288813441991806,64.667683,-28.963841,-134.042469,-25.204186
2026-08-05T11:58:27.599728,1785923907.599728,22.845029,0.672389566898346,0.1598961055278778,-0.7185183167457581,0.07782822847366333,0.5445135831832886,-0.3404468894004822,-0.7362536787986755,0.21338163316249847,61.968751,-28.780182,-165.503996,11.262342
2026-08-05T11:58:27.616014,1785923907.616014,22.861315,0.6707791090011597,0.1597909778356552,-0.7203081250190735,0.07535620778799057,0.5593647956848145,-0.32507073879241943,-0.7364131212234497,0.19782814383506775,59.402979,-28.478574,-157.543302,18.519312
2026-08-05T11:58:27.625541,1785923907.625542,22.870843,0.6708429455757141,0.16446097195148468,-0.7191413044929504,0.07588434964418411,0.5744298696517944,-0.30860474705696106,-0.735507071018219,0.18391039967536926,57.318384,-28.769595,-218.799024,-30.545532
2026-08-05T11:58:27.635091,1785923907.635092,22.880392,0.6725485324859619,0.16938495635986328,-0.7163655757904053,0.07620922476053238,0.5894936323165894,-0.2908511757850647,-0.7339118719100952,0.17110399901866913,55.253820,-28.962309,-216.193277,-20.180311
2026-08-05T11:58:27.638291,1785923907.638292,22.883592,0.6717516779899597,0.1747353971004486,-0.7159250378608704,0.07529110461473465,0.6034106612205505,-0.27332615852355957,-0.7322463393211365,0.15812605619430542,53.310721,-28.980492,-607.208401,-5.682060
2026-08-05T11:58:27.651862,1785923907.651863,22.897163,0.6691449284553528,0.17917810380458832,-0.7174848914146423,0.07318321615457535,0.6153359413146973,-0.25742021203041077,-0.7310503721237183,0.14374245703220367,51.509573,-28.993644,-132.720107,-0.969129
2026-08-05T11:58:27.655892,1785923907.655892,22.900235,0.6684961915016174,0.18302957713603973,-0.7172867655754089,0.07150480151176453,0.6259152293205261,-0.2426709681749344,-0.7299461364746094,0.12852932512760162,49.872637,-29.269827,-532.935382,-89.916457
2026-08-05T11:58:27.698601,1785923907.698602,22.943902,0.667718768119812,0.18740233778953552,-0.7169533371925354,0.07078127562999725,0.6363207101821899,-0.22735445201396942,-0.7283032536506653,0.1139310747385025,48.293661,-29.580143,-36.159018,-7.106344
2026-08-05T11:58:27.715321,1785923907.715322,22.960623,0.667141318321228,0.19289152324199677,-0.7160201668739319,0.07092731446027756,0.6465190052986145,-0.21103614568710327,-0.726250410079956,0.10018791258335114,46.807629,-29.926452,-88.877228,-20.712160
2026-08-05T11:58:27.732469,1785923907.732469,22.976814,0.666638195514679,0.19800856709480286,-0.7151296138763428,0.070541612803936,0.655811071395874,-0.19494110345840454,-0.7240930199623108,0.08717377483844757,45.394028,-30.156481,-87.303925,-14.206584
2026-08-05T11:58:27.748454,1785923907.748454,22.993755,0.6655839085578918,0.20330281555652618,-0.7146292924880981,0.07050510495901108,0.6643730401992798,-0.17924097180366516,-0.7216981649398804,0.07505425065755844,44.119082,-30.378335,-75.259833,-13.096001
2026-08-05T11:58:27.764714,1785923907.764714,23.010015,0.6647694706916809,0.2083914428949356,-0.7139815092086792,0.06989336013793945,0.6719464659690857,-0.16423384845256805,-0.7193486094474792,0.06366200000047684,42.969329,-30.539204,-70.709873,-9.893432
2026-08-05T11:58:27.799565,1785923907.799566,23.044866,0.6640119552612305,0.21487809717655182,-0.7127465605735779,0.07005859911441803,0.6783187985420227,-0.15057647228240967,-0.7172295451164246,0.05284181609749794,42.197657,-30.953539,-22.141828,-11.888664
2026-08-05T11:58:27.808279,1785923907.808280,23.053581,0.6634374856948853,0.22060927748680115,-0.7115280628204346,0.0700729489326477,0.6838504672050476,-0.13836628198623657,-0.7151082754135132,0.04270503669977188,41.550485,-31.351634,-74.266439,-45.683478
2026-08-05T11:58:27.815401,1785923907.815401,23.060702,0.6625358462333679,0.22433635592460632,-0.7112593650817871,0.06949622184038162,0.6888490319252014,-0.127164825797081,-0.7128644585609436,0.0337725393474102,40.814492,-31.497397,-103.347104,-20.467801
2026-08-05T11:58:27.821435,1785923907.821435,23.066736,0.6619320511817932,0.22821201384067535,-0.7105739116668701,0.06964258849620819,0.6934987902641296,-0.11694096028804779,-0.7104301452636719,0.025950191542506218,40.237424,-31.713324,-95.633932,-35.784337
2026-08-05T11:58:27.832348,1785923907.832349,23.077649,0.6619885563850403,0.2327694445848465,-0.7089322805404663,0.070744089782238,0.6976432800292969,-0.10761599242687225,-0.708054780960083,0.01927352510392666,39.860506,-32.054717,-34.537950,-31.282763
2026-08-05T11:58:27.865328,1785923907.865329,23.110630,0.6624264717102051,0.23566220700740814,-0.7075437903404236,0.07096874713897705,0.7014880180358887,-0.09870275110006332,-0.7056729793548584,0.014072318561375141,39.316205,-32.088636,-16.503876,-1.028465
2026-08-05T11:58:27.882868,1785923907.882869,23.128170,0.6651908755302429,0.2332170307636261,-0.706074595451355,0.06774875521659851,0.7052392363548279,-0.08991264551877975,-0.7031719088554382,0.01013597846031189,38.067072,-31.292730,-71.216342,45.376722
2026-08-05T11:58:27.916050,1785923907.916050,23.160226,0.6672874093055725,0.23095357418060303,-0.7049712538719177,0.06635922193527222,0.7092788219451904,-0.08004443347454071,-0.7003298997879028,0.007385154254734516,36.751784,-30.473097,-41.029920,25.568135
2026-08-05T11:58:27.932367,1785923907.932367,23.176682,0.668122410774231,0.2311154305934906,-0.7040438055992126,0.06723477691411972,0.7138261795043945,-0.06859733909368515,-0.6969352960586548,0.005295110866427422,35.611694,-29.867898,-69.284594,36.778612
2026-08-05T11:58:27.946339,1785923907.946339,23.191640,0.6685643792152405,0.23387488722801208,-0.7023720145225525,0.0706949457526207,0.7182756662368774,-0.05698379501700401,-0.6934155225753784,0.0028189136646687984,34.845574,-29.716194,-51.215969,10.141602
2026-08-05T11:58:27.949608,1785923907.949608,23.194909,0.6676816344261169,0.2382465898990631,-0.7012547254562378,0.07537725567817688,0.722033679485321,-0.04739365354180336,-0.6902323365211487,-0.0008032186306081712,34.598273,-30.047967,-75.656571,-101.499368
2026-08-05T11:58:27.966884,1785923907.966885,23.211092,0.6657071113586426,0.24174536764621735,-0.7016260623931885,0.0781940296292305,0.7245514392852783,-0.04113836586475372,-0.6879696249961853,-0.005541574209928513,34.639591,-30.495152,2.553037,-27.631934
2026-08-05T11:58:27.999022,1785923907.999022,23.244323,0.6651097536087036,0.24176548421382904,-0.7023587226867676,0.07662125676870346,0.7258257269859314,-0.037069790065288544,-0.686798095703125,-0.010546816512942314,34.367562,-30.467002,-8.186038,0.847095
2026-08-05T11:58:28.032152,1785923908.032153,23.277453,0.6653697490692139,0.24142563343048096,-0.7024177312850952,0.074874147772789,0.726858913898468,-0.031665313988924026,-0.6859189867973328,-0.013740995898842812,33.821987,-30.133890,-16.467633,10.054647
2026-08-05T11:58:28.048623,1785923908.048623,23.293353,0.6651760339736938,0.24168016016483307,-0.7026191353797913,0.07387890666723251,0.7283408641815186,-0.02388671785593033,-0.6846412420272827,-0.014676871709525585,33.064565,-29.546182,-47.637626,36.963535
2026-08-05T11:58:28.064802,1785923908.065766,23.310103,0.6642082333564758,0.24326470494270325,-0.702941358089447,0.07431980222463608,0.7292978167533875,-0.016815142706036568,-0.6838178634643555,-0.015339273028075695,32.578191,-29.217939,-29.037077,19.596472
2026-08-05T11:58:28.083275,1785923908.083276,23.328577,0.6627138257026672,0.24493926763534546,-0.7037304043769836,0.07469115406274796,0.7293537259101868,-0.012516851536929607,-0.6838154792785645,-0.01682783104479313,32.417290,-29.170141,-8.709881,2.587431
2026-08-05T11:58:28.099877,1785923908.099877,23.345178,0.6615228652954102,0.2458622008562088,-0.7045486569404602,0.07450395822525024,0.7288908362388611,-0.009867483749985695,-0.6843083500862122,-0.018524691462516785,32.315169,-29.152838,-6.151272,1.042226
2026-08-05T11:58:28.115521,1785923908.115522,23.360823,0.6613762378692627,0.24581699073314667,-0.7047973871231079,0.0735965147614479,0.72856205701828,-0.006915852893143892,-0.6846733689308167,-0.01928739622235298,31.988273,-28.893120,-20.895199,16.601177
2026-08-05T11:58:28.132513,1785923908.132514,23.376856,0.6609188318252563,0.2460065484046936,-0.7051897644996643,0.07331349700689316,0.728370189666748,-0.0033910097554326057,-0.6849117279052734,-0.01901439018547535,31.625332,-28.577188,-22.636255,19.704348
2026-08-05T11:58:28.148606,1785923908.148607,23.393907,0.6607282757759094,0.24683116376399994,-0.7049940824508667,0.07413557916879654,0.7282155156135559,0.0002701928897295147,-0.6851087212562561,-0.018121568486094475,31.323074,-28.342934,-17.726682,13.738407
2026-08-05T11:58:28.165074,1785923908.165074,23.410375,0.6603013873100281,0.24718327820301056,-0.7051971554756165,0.07482949644327164,0.7280500531196594,0.0030147433280944824,-0.6853078007698059,-0.016956370323896408,31.061962,-28.110375,-15.856149,14.122271
2026-08-05T11:58:28.182581,1785923908.182582,23.426868,0.6597143411636353,0.2472369372844696,-0.7056445479393005,0.07560980319976807,0.7268486022949219,0.0016439554747194052,-0.6866010427474976,-0.016359670087695122,31.193411,-28.216060,7.970086,-6.407972
2026-08-05T11:58:28.199561,1785923908.199562,23.444863,0.6593500971794128,0.24608232080936432,-0.7064055800437927,0.07544754445552826,0.7259869575500488,-0.0008020450477488339,-0.6875187754631042,-0.016141191124916077,31.298427,-28.265313,5.835798,-2.736970
2026-08-05T11:58:28.215930,1785923908.215930,23.461231,0.6595757603645325,0.24439983069896698,-0.7067341804504395,0.07586614042520523,0.7252860069274902,-0.003190157236531377,-0.6882807612419128,-0.014835416339337826,31.308698,-28.222410,0.627471,2.621109
2026-08-05T11:58:28.232660,1785923908.232661,23.477962,0.6594560146331787,0.24318861961364746,-0.7071437239646912,0.07697416096925735,0.7244292497634888,-0.0069204592145979404,-0.6891886591911316,-0.013173296116292477,31.528584,-28.353029,13.142824,-7.807198
2026-08-05T11:58:28.249513,1785923908.249513,23.494814,0.6589383482933044,0.24200551211833954,-0.7078958749771118,0.07821311056613922,0.7231091260910034,-0.012897914275527,-0.6905137300491333,-0.011736862361431122,32.002112,-28.688384,28.098529,-19.899584
2026-08-05T11:58:28.254974,1785923908.254974,23.500275,0.6580729484558105,0.23921017348766327,-0.7097129225730896,0.07762832194566727,0.7212451696395874,-0.02051335573196411,-0.6922993659973145,-0.010312952101230621,32.414640,-28.860150,75.541118,-31.453398
2026-08-05T11:58:28.265430,1785923908.265430,23.510731,0.6580520272254944,0.23665864765644073,-0.7106168270111084,0.07735799998044968,0.7191007733345032,-0.028434930369257927,-0.6942723393440247,-0.00845643226057291,32.852872,-29.061366,41.910746,-19.243427
2026-08-05T11:58:28.282967,1785923908.282967,23.528268,0.6580753922462463,0.23405735194683075,-0.7115160226821899,0.07680506259202957,0.7170796990394592,-0.035052284598350525,-0.6960855722427368,-0.005750355310738087,33.119712,-29.063681,15.216126,-0.132011
2026-08-05T11:58:28.332523,1785923908.332524,23.577825,0.6592458486557007,0.23008199036121368,-0.7117242813110352,0.0768500342965126,0.7156387567520142,-0.040003422647714615,-0.6973212957382202,-0.00204217410646379,33.039752,-28.790188,-1.613495,5.518775
2026-08-05T11:58:28.348674,1785923908.348675,23.593975,0.6599783897399902,0.22748489677906036,-0.7117392420768738,0.0781436339020729,0.713843047618866,-0.0461406484246254,-0.698783278465271,0.0011281018378213048,33.303475,-28.873349,16.328858,-5.149062
2026-08-05T11:58:28.366896,1785923908.366896,23.612197,0.6609786748886108,0.2232484221458435,-0.7121441960334778,0.07821866124868393,0.7110099792480469,-0.05526300519704819,-0.7009997367858887,0.003206880297511816,33.691403,-29.032210,21.289425,-8.718233
2026-08-05T11:58:28.382687,1785923908.382688,23.627988,0.6610889434814453,0.21764500439167023,-0.7139288187026978,0.07679682970046997,0.7074211239814758,-0.06606528162956238,-0.7036782503128052,0.00527807604521513,34.091536,-29.073798,25.338649,-2.633616
2026-08-05T11:58:28.402707,1785923908.402708,23.645993,0.6614229679107666,0.21357743442058563,-0.7150329351425171,0.07504962384700775,0.7033849954605103,-0.07676149904727936,-0.7066017985343933,0.00844664592295885,34.616591,-29.121773,29.161774,-2.664537
2026-08-05T11:58:28.415929,1785923908.415929,23.661230,0.6623495221138,0.208543598651886,-0.7158812880516052,0.0729169175028801,0.6997551321983337,-0.08579079806804657,-0.7090829610824585,0.01357082836329937,34.815465,-28.771273,13.052206,23.003416
2026-08-05T11:58:28.432763,1785923908.432763,23.678064,0.6630495190620422,0.20309782028198242,-0.7170360684394836,0.07054167240858078,0.6961603164672852,-0.09442431479692459,-0.7113901376724243,0.019214287400245667,34.945847,-28.291412,7.745138,28.505421
2026-08-05T11:58:28.449060,1785923908.449060,23.694361,0.6647012233734131,0.1974584311246872,-0.7173666954040527,0.0675845518708229,0.6918666362762451,-0.10435108095407486,-0.7140401005744934,0.02404753305017948,35.221747,-27.925455,16.929373,22.455384
2026-08-05T11:58:28.465710,1785923908.465711,23.711011,0.6661220788955688,0.18753032386302948,-0.7190201878547668,0.06421828269958496,0.6871604919433594,-0.11600727587938309,-0.7166159749031067,0.02854217402637005,35.244987,-27.320763,1.395823,36.317362
2026-08-05T11:58:28.482678,1785923908.482679,23.727980,0.6644808053970337,0.18496958911418915,-0.7212061285972595,0.06413648277521133,0.6813957691192627,-0.1303616762161255,-0.7194980382919312,0.03207041695713997,36.527305,-27.876018,75.571599,-32.723155
2026-08-05T11:58:28.499256,1785923908.499257,23.744558,0.6654231548309326,0.17998816072940826,-0.7216431498527527,0.06362103670835495,0.674418032169342,-0.14579077064990997,-0.7229439616203308,0.0354648195207119,37.654326,-28.320434,67.983095,-26.807652
2026-08-05T11:58:28.515959,1785923908.515959,23.761260,0.666007399559021,0.17597781121730804,-0.7221532464027405,0.06293530762195587,0.6676635146141052,-0.15969382226467133,-0.726004421710968,0.04051076993346214,38.738057,-28.579165,64.884656,-15.490620
2026-08-05T11:58:28.531412,1785923908.531412,23.776713,0.6667977571487427,0.17020632326602936,-0.722956657409668,0.061192333698272705,0.6620684862136841,-0.17087861895561218,-0.7281325459480286,0.04784226790070534,39.316185,-28.206296,37.412417,24.129459
2026-08-05T11:58:28.549001,1785923908.549001,23.793289,0.6668252348899841,0.1651686728000641,-0.7242016792297363,0.059964247047901154,0.6567959785461426,-0.18164171278476715,-0.7297505736351013,0.05558434873819351,39.968697,-27.861631,39.363586,20.792340
2026-08-05T11:58:28.565569,1785923908.565569,23.810870,0.6655533313751221,0.16092398762702942,-0.7263490557670593,0.059660330414772034,0.6498979926109314,-0.19509069621562958,-0.7319505214691162,0.06181321293115616,41.060804,-27.966083,62.120338,-5.941341
2026-08-05T11:58:28.582384,1785923908.582385,23.827685,0.6637927293777466,0.15781857073307037,-0.7286272048950195,0.05979149043560028,0.6408389806747437,-0.2115461826324463,-0.7348795533180237,0.06727516651153564,42.668516,-28.490276,95.609352,-31.173385
2026-08-05T11:58:28.590529,1785923908.590529,23.835402,0.6618379354476929,0.15542662143707275,-0.7309756875038147,0.059059035032987595,0.6307653188705444,-0.22883383929729462,-0.7377504110336304,0.07412680238485336,44.496294,-28.943163,236.876033,-58.693162
2026-08-05T11:58:28.597850,1785923908.597851,23.843151,0.6618125438690186,0.15148214995861053,-0.7320257425308228,0.056532278656959534,0.6211962103843689,-0.24418053030967712,-0.7398990988731384,0.08390962332487106,46.002905,-28.772324,194.406490,22.044305
2026-08-05T11:58:28.614616,1785923908.614617,23.859917,0.6612834930419922,0.14770491421222687,-0.7334437370300293,0.054295942187309265,0.6037437915802002,-0.2704501152038574,-0.7421932220458984,0.10723723471164703,49.133331,-28.344608,186.711981,25.510809
2026-08-05T11:58:28.631120,1785923908.631120,23.876421,0.6597148180007935,0.14487960934638977,-0.7354720830917358,0.05354813486337662,0.5930314064025879,-0.28517216444015503,-0.7437384128570557,0.11765968799591064,50.832100,-28.255947,102.931901,5.372182
2026-08-05T11:58:28.646897,1785923908.646897,23.892198,0.6565508842468262,0.14393968880176544,-0.7384205460548401,0.05438229441642761,0.5817639231681824,-0.3003014326095581,-0.7449224591255188,0.1282988041639328,52.783591,-28.400979,123.693166,-9.192733
2026-08-05T11:58:28.664713,1785923908.664713,23.910014,0.6542378664016724,0.14250344038009644,-0.7407030463218689,0.05499769002199173,0.571074366569519,-0.3138931095600128,-0.7455108165740967,0.13985349237918854,54.559014,-28.309832,99.652942,5.116006
2026-08-05T11:58:28.682434,1785923908.682435,23.927735,0.6542616486549377,0.14025342464447021,-0.7411298155784607,0.05474884435534477,0.5620498061180115,-0.3250380754470825,-0.7451418042182922,0.15236184000968933,56.053522,-27.911523,84.334564,22.476486
2026-08-05T11:58:28.699133,1785923908.699134,23.944435,0.6558699607849121,0.13663817942142487,-0.7404327392578125,0.05407576262950897,0.5536742210388184,-0.3348543643951416,-0.7444295287132263,0.16474922001361847,57.317150,-27.354883,75.669431,33.333077
2026-08-05T11:58:28.715399,1785923908.715399,23.960700,0.6572982668876648,0.131768599152565,-0.740044116973877,0.05413713678717613,0.5438269972801208,-0.3461582064628601,-0.744013786315918,0.17569968104362488,58.625925,-27.012800,80.464978,21.031633
2026-08-05T11:58:28.732860,1785923908.732861,23.978162,0.6563549637794495,0.1298615038394928,-0.7410361170768738,0.056568045169115067,0.5324630737304688,-0.35913509130477905,-0.7435734868049622,0.18602126836776733,60.375045,-27.195482,100.167157,-10.461667
2026-08-05T11:58:28.738024,1785923908.738024,23.983325,0.6557179093360901,0.1295083910226822,-0.7414107918739319,0.05976465716958046,0.5219108462333679,-0.37041765451431274,-0.7426297664642334,0.19723324477672577,62.118269,-27.375791,337.625072,-34.922036
2026-08-05T11:58:28.748401,1785923908.748401,23.993702,0.6579952836036682,0.12906551361083984,-0.7392098307609558,0.06287612020969391,0.5136027932167053,-0.37934911251068115,-0.7404708862304688,0.20978400111198425,63.676448,-27.436421,150.161457,-5.842891
2026-08-05T11:58:28.782134,1785923908.782134,24.027435,0.6606855392456055,0.12656201422214508,-0.7371088862419128,0.06439948081970215,0.5053460597991943,-0.3878736197948456,-0.7382287979125977,0.22180567681789398,65.035735,-27.234581,40.295331,5.983427
2026-08-05T11:58:28.799394,1785923908.799394,24.044695,0.6636534333229065,0.11980752646923065,-0.7355200052261353,0.06496745347976685,0.4944286346435547,-0.39876627922058105,-0.73659348487854,0.23228415846824646,66.303717,-26.984999,73.463288,14.460083
2026-08-05T11:58:28.815148,1785923908.815148,24.060449,0.6621644496917725,0.11900816857814789,-0.7367262840270996,0.06789525598287582,0.48225700855255127,-0.41056087613105774,-0.7347721457481384,0.2428540140390396,68.153492,-27.178827,117.416345,-12.303398
2026-08-05T11:58:28.832397,1785923908.832398,24.077699,0.659957230091095,0.12213694304227829,-0.737708330154419,0.07297717779874802,0.47201451659202576,-0.41987550258636475,-0.7319597601890564,0.2552293539047241,70.065189,-27.436139,110.824119,-14.916817
2026-08-05T11:58:28.848708,1785923908.848708,24.094009,0.6639502644538879,0.12181446701288223,-0.733726441860199,0.0773111879825592,0.46374717354774475,-0.42688557505607605,-0.7285019755363464,0.2683139741420746,71.579420,-27.617582,92.838102,-11.124307
2026-08-05T11:58:28.865891,1785923908.865892,24.111193,0.6684772968292236,0.11983026564121246,-0.7296776175498962,0.0796852558851242,0.45397669076919556,-0.4343940019607544,-0.7261242270469666,0.2791968286037445,73.067992,-27.809843,86.627728,-11.188708
2026-08-05T11:58:28.882777,1785923908.882777,24.128078,0.6697198748588562,0.11677436530590057,-0.7288708686828613,0.08115843683481216,0.4397294223308563,-0.44460925459861755,-0.7255604863166809,0.28726810216903687,74.740401,-28.063545,99.043983,-15.024776
2026-08-05T11:58:28.889893,1785923908.889894,24.135195,0.6700740456581116,0.11636310070753098,-0.7280450463294983,0.0860859602689743,0.42463698983192444,-0.45544669032096863,-0.724289059638977,0.2960697412490845,76.680003,-28.801220,272.556947,-103.659684
2026-08-05T11:58:28.916014,1785923908.916015,24.161316,0.6698250770568848,0.11921612173318863,-0.7271530032157898,0.09148985147476196,0.4132629930973053,-0.4636633098125458,-0.7204285264015198,0.3085661232471466,78.638005,-29.180921,74.958547,-14.536182
2026-08-05T11:58:28.932767,1785923908.932767,24.178068,0.6722401976585388,0.12257109582424164,-0.7234547138214111,0.09840099513530731,0.4044190049171448,-0.46946948766708374,-0.7155995965003967,0.32242998480796814,80.407362,-29.673740,105.619074,-29.418072
2026-08-05T11:58:28.965438,1785923908.965438,24.210739,0.6761279106140137,0.12070603668689728,-0.7196227312088013,0.10210007429122925,0.39303070306777954,-0.47568538784980774,-0.7126423120498657,0.3337535858154297,81.908947,-29.898902,45.961184,-6.891841
2026-08-05T11:58:28.982051,1785923908.982052,24.227353,0.6798842549324036,0.11253901571035385,-0.7172075510025024,0.10346895456314087,0.3770085573196411,-0.48416829109191895,-0.7114527821540833,0.34246280789375305,83.246640,-29.900349,80.516164,-0.087134
2026-08-05T11:58:28.999338,1785923908.999338,24.244639,0.6815363168716431,0.10576408356428146,-0.7163551449775696,0.10562974959611893,0.36049848794937134,-0.49385225772857666,-0.7087885737419128,0.3518093526363373,84.815062,-29.957998,90.730822,-3.334883
2026-08-05T11:58:29.015817,1785923909.015817,24.261118,0.6804863214492798,0.10758526623249054,-0.7159165740013123,0.11325882375240326,0.34758129715919495,-0.5018251538276672,-0.7035629749298096,0.36381059885025024,86.656876,-30.468560,111.768894,-30.983020
2026-08-05T11:58:29.032765,1785923909.032765,24.278066,0.6833778619766235,0.11349521577358246,-0.7105551958084106,0.12338992953300476,0.3362773656845093,-0.5084828734397888,-0.6975170373916626,0.37660717964172363,88.846642,-31.900357,129.205065,-84.481814
2026-08-05T11:58:29.039993,1785923909.039993,24.284529,0.68891441822052,0.11130841076374054,-0.7044700384140015,0.12934255599975586,0.32279589772224426,-0.5152861475944519,-0.6927630305290222,0.3877662718296051,90.630034,-32.857945,275.916293,-148.152546
2026-08-05T11:58:29.048759,1785923909.048759,24.294060,0.6930120587348938,0.1048414558172226,-0.7009415626525879,0.1319979876279831,0.30742940306663513,-0.5225002765655518,-0.6889187693595886,0.39733099937438965,92.166705,-33.197863,161.240388,-35.667060
2026-08-05T11:58:29.065738,1785923909.065739,24.311039,0.6950384378433228,0.10327118635177612,-0.6982932686805725,0.13654109835624695,0.2941146194934845,-0.529438853263855,-0.6832655072212219,0.4078473150730133,93.913118,-33.719338,102.853060,-30.711702
2026-08-05T11:58:29.083020,1785923909.083021,24.328321,0.7000861763954163,0.10198569297790527,-0.6923449635505676,0.1419033706188202,0.2851397395133972,-0.534105658531189,-0.6760867834091187,0.41992056369781494,95.429098,-34.389935,87.720123,-38.803156
2026-08-05T11:58:29.099721,1785923909.099722,24.345023,0.7081838250160217,0.09941638261079788,-0.6831717491149902,0.14788047969341278,0.2783571481704712,-0.5374783277511597,-0.6686827540397644,0.4318540394306183,96.730184,-35.420361,77.903660,-61.697648
2026-08-05T11:58:29.115098,1785923909.115098,24.360399,0.7132031917572021,0.097308449447155,-0.677411675453186,0.1516108214855194,0.2697860598564148,-0.5416315793991089,-0.6621231436729431,0.44209033250808716,98.120892,-36.086344,90.443291,-43.311607
2026-08-05T11:58:29.132545,1785923909.132546,24.377846,0.7169352173805237,0.0958145260810852,-0.6728619337081909,0.15517927706241608,0.25687143206596375,-0.5469149351119995,-0.6581071615219116,0.44921746850013733,99.776258,-37.160519,94.878455,-61.567041
2026-08-05T11:58:29.148269,1785923909.148269,24.393570,0.7225708961486816,0.09471194446086884,-0.6663450002670288,0.15781445801258087,0.2428368180990219,-0.5530384182929993,-0.6540953516960144,0.45534414052963257,101.781598,-38.845003,127.536097,-107.130221
2026-08-05T11:58:29.165651,1785923909.165652,24.410952,0.7281455993652344,0.09468087553977966,-0.6595814228057861,0.1605992317199707,0.23195256292819977,-0.5581947565078735,-0.6481850743293762,0.4631125032901764,103.666681,-40.348440,108.449397,-86.493204
2026-08-05T11:58:29.182713,1785923909.182714,24.428015,0.7330251932144165,0.09522200375795364,-0.6529239416122437,0.16521909832954407,0.22361411154270172,-0.5621514916419983,-0.6410189867019653,0.4723106920719147,105.260429,-41.654187,93.408161,-76.528646
2026-08-05T11:58:29.189193,1785923909.189194,24.434494,0.7365401387214661,0.09475629776716232,-0.647955060005188,0.16936396062374115,0.21440044045448303,-0.5655559301376343,-0.6343160271644592,0.4814792573451996,106.706747,-42.535118,223.198002,-135.946629
2026-08-05T11:58:29.198677,1785923909.198678,24.443979,0.7397938370704651,0.09508637338876724,-0.6427381038665771,0.1747901439666748,0.20186656713485718,-0.5695083737373352,-0.6283871531486511,0.48993855714797974,108.434726,-43.866551,182.198319,-140.386483
2026-08-05T11:58:29.204179,1785923909.204180,24.449481,0.7431550025939941,0.09685163199901581,-0.6371414065361023,0.17997589707374573,0.18877092003822327,-0.5734561085700989,-0.6221702694892883,0.498415470123291,110.379700,-45.411707,353.488824,-280.824016
2026-08-05T11:58:29.265375,1785923909.265376,24.510677,0.7462531328201294,0.0992705225944519,-0.6313707232475281,0.18607154488563538,0.17850704491138458,-0.5766051411628723,-0.6144500970840454,0.5080484747886658,112.102572,-46.785382,28.153410,-22.447183
2026-08-05T11:58:29.283169,1785923909.283169,24.528470,0.7466901540756226,0.09930454194545746,-0.629143476486206,0.19175782799720764,0.1703195720911026,-0.5793987512588501,-0.6051441431045532,0.5187379717826843,113.288820,-47.026450,66.668699,-13.548363
2026-08-05T11:58:29.299003,1785923909.299004,24.544304,0.7474859356880188,0.10010110586881638,-0.6260900497436523,0.19813108444213867,0.1623433530330658,-0.582548975944519,-0.5945987701416016,0.5298431515693665,114.593742,-47.508033,82.409679,-30.413364
2026-08-05T11:58:29.315885,1785923909.318025,24.561187,0.748798131942749,0.10135522484779358,-0.6220178604125977,0.20523743331432343,0.15137723088264465,-0.5866444110870361,-0.5838463306427002,0.5404229164123535,116.263301,-48.583452,98.894738,-63.701433
2026-08-05T11:58:29.332564,1785923909.332565,24.577866,0.7483742833137512,0.10630103200674057,-0.6188989281654358,0.21354196965694427,0.13785088062286377,-0.5911645889282227,-0.5736383199691772,0.5499644875526428,118.300674,-50.013371,122.151632,-85.731495
2026-08-05T11:58:29.338907,1785923909.338907,24.584208,0.7476621866226196,0.11197613179683685,-0.6156543493270874,0.2223343402147293,0.12559911608695984,-0.5948734879493713,-0.5638661980628967,0.5589326620101929,120.170550,-51.413575,294.809901,-220.760084
2026-08-05T11:58:29.366176,1785923909.366177,24.610453,0.7475066781044006,0.11497838795185089,-0.6128326654434204,0.2290196269750595,0.11812211573123932,-0.5976648926734924,-0.55442875623703,0.5669680833816528,121.424326,-52.238373,47.773099,-31.427549
2026-08-05T11:58:29.382844,1785923909.382844,24.628145,0.7474362254142761,0.11336099356412888,-0.6115404367446899,0.23346714675426483,0.11471831053495407,-0.599274218082428,-0.5474358797073364,0.5727340579032898,121.804122,-52.246396,21.466396,-0.453464
2026-08-05T11:58:29.399274,1785923909.399275,24.644576,0.7482408881187439,0.1107197105884552,-0.6100203990936279,0.23611827194690704,0.11331575363874435,-0.5998761057853699,-0.5440678596496582,0.5755853652954102,121.821944,-52.308749,1.084683,-3.794979
2026-08-05T11:58:29.415015,1785923909.415015,24.660316,0.7484073638916016,0.10840173810720444,-0.6097972393035889,0.2372404783964157,0.11280692368745804,-0.6002660989761353,-0.5429536700248718,0.576330304145813,121.689715,-52.232784,-8.400595,4.826148
2026-08-05T11:58:29.433051,1785923909.433051,24.678020,0.7487669587135315,0.10577502101659775,-0.6099398136138916,0.2369241863489151,0.11383190006017685,-0.6001471281051636,-0.5430459380149841,0.5761658549308777,121.386406,-51.982388,-17.132916,14.144000
2026-08-05T11:58:29.449203,1785923909.449203,24.694504,0.7479960918426514,0.10608001053333282,-0.6110094785690308,0.23646660149097443,0.11670724302530289,-0.5991851687431335,-0.5439322590827942,0.5757557153701782,121.025533,-51.495209,-21.891684,29.553781
2026-08-05T11:58:29.465444,1785923909.465444,24.710745,0.7469697594642639,0.10705829411745071,-0.612633466720581,0.2350638061761856,0.12075786292552948,-0.5974694490432739,-0.5457940101623535,0.5749409794807434,120.560537,-50.778291,-28.631290,44.142953
2026-08-05T11:58:29.482444,1785923909.482444,24.727745,0.7456786036491394,0.10766276717185974,-0.6151096820831299,0.232405424118042,0.1252976953983307,-0.5953852534294128,-0.5489848256111145,0.5730906128883362,119.972721,-49.864330,-34.577465,53.762510
2026-08-05T11:58:29.487034,1785923909.487035,24.732335,0.7446288466453552,0.10769712179899216,-0.617871105670929,0.22839583456516266,0.13057425618171692,-0.5932220220565796,-0.5536078214645386,0.5696987509727478,119.268771,-48.973164,-153.348848,194.132252
2026-08-05T11:58:29.498171,1785923909.498171,24.743472,0.7431042194366455,0.10709676891565323,-0.621890127658844,0.2226637601852417,0.1375093162059784,-0.5908060669898987,-0.5591938495635986,0.56510329246521,118.339614,-47.749639,-83.433331,109.865888
2026-08-05T11:58:29.515408,1785923909.515409,24.760710,0.7418932318687439,0.10491547733545303,-0.6265760064125061,0.21445263922214508,0.14676061272621155,-0.5879099369049072,-0.5652458667755127,0.5597504377365112,117.146351,-46.136061,-69.223206,93.606404
2026-08-05T11:58:29.532143,1785923909.532144,24.777444,0.7400188446044922,0.10212939232587814,-0.6322051882743835,0.20556847751140594,0.15694257616996765,-0.5845890045166016,-0.5720786452293396,0.5534898638725281,115.733811,-44.262909,-84.408356,111.932852
2026-08-05T11:58:29.549206,1785923909.549207,24.794508,0.739156186580658,0.09864086657762527,-0.636369526386261,0.1973627656698227,0.16504988074302673,-0.5816642045974731,-0.5799380540847778,0.545983076095581,114.437477,-42.991984,-75.972769,74.483655
2026-08-05T11:58:29.565103,1785923909.565103,24.810404,0.7390846014022827,0.09700887650251389,-0.6387836933135986,0.19052241742610931,0.17212218046188354,-0.5793375372886658,-0.5875015258789062,0.5381303429603577,113.427240,-42.433618,-63.551596,35.125507
2026-08-05T11:58:29.583009,1785923909.583010,24.828310,0.7385600209236145,0.09653148055076599,-0.6417562365531921,0.1826471984386444,0.1821552962064743,-0.5767554640769958,-0.5930225253105164,0.5315044522285461,112.370276,-41.486782,-59.026305,52.876170
2026-08-05T11:58:29.599009,1785923909.599010,24.844311,0.737451434135437,0.09165266901254654,-0.646540641784668,0.1724834442138672,0.19712130725383759,-0.5730785131454468,-0.5965157151222229,0.5262065529823303,110.600393,-39.315912,-110.617437,135.679133
2026-08-05T11:58:29.615179,1785923909.615180,24.860480,0.7335382699966431,0.08830671012401581,-0.6536279320716858,0.1639949381351471,0.21282058954238892,-0.5680933594703674,-0.6023637056350708,0.5187827348709106,108.430055,-36.921107,-134.221803,148.103661
2026-08-05T11:58:29.632446,1785923909.632447,24.877748,0.7288349866867065,0.08455124497413635,-0.661619246006012,0.15463124215602875,0.22309492528438568,-0.5628585815429688,-0.6132779717445374,0.5072566866874695,106.374314,-34.893352,-119.054519,117.433736
2026-08-05T11:58:29.638231,1785923909.638231,24.883532,0.7250255942344666,0.08321160823106766,-0.6681405305862427,0.1449209302663803,0.23225459456443787,-0.5581130385398865,-0.6246886849403381,0.4942995607852936,104.681656,-33.562307,-292.630999,230.114454
2026-08-05T11:58:29.666098,1785923909.666099,24.911399,0.7204569578170776,0.08507310599088669,-0.6748909950256348,0.13500626385211945,0.24754706025123596,-0.5518416166305542,-0.6321716904640198,0.4843040406703949,102.865752,-31.722355,-65.161963,66.024875
2026-08-05T11:58:29.682768,1785923909.682768,24.928069,0.7149530053138733,0.08628639578819275,-0.6823728084564209,0.12555523216724396,0.27026572823524475,-0.5429956316947937,-0.6356315612792969,0.4775823950767517,100.405209,-28.986515,-147.605214,164.120084
2026-08-05T11:58:29.702448,1785923909.702448,24.947749,0.7084473967552185,0.08806449174880981,-0.6903872489929199,0.1171007826924324,0.2912037968635559,-0.5326411724090576,-0.6417089104652405,0.4687255918979645,97.809706,-26.460202,-131.886807,128.370924
2026-08-05T11:58:29.715417,1785923909.715418,24.960718,0.7002347707748413,0.08972281962633133,-0.6999492049217224,0.10813131928443909,0.30415505170822144,-0.5239400267601013,-0.6520772576332092,0.4558202922344208,95.606310,-24.466367,-169.890651,153.732718
2026-08-05T11:58:29.730793,1785923909.730793,24.976094,0.6913156509399414,0.09392502158880234,-0.7094023823738098,0.10004565119743347,0.31522974371910095,-0.5164767503738403,-0.6624657511711121,0.44161224365234375,93.756767,-23.093799,-120.290677,89.269132
2026-08-05T11:58:29.748658,1785923909.748659,24.993517,0.6821874380111694,0.1032344177365303,-0.7177355289459229,0.09390752017498016,0.3304389417171478,-0.5074495077133179,-0.6693354845046997,0.4304596781730652,92.126450,-21.890848,-93.571857,69.043271
2026-08-05T11:58:29.762745,1785923909.762745,25.008046,0.6784087419509888,0.10285904258489609,-0.7225305438041687,0.08444791287183762,0.35048556327819824,-0.4954525828361511,-0.6734042167663574,0.422153502702713,89.690239,-19.843237,-167.679311,140.932750
2026-08-05T11:58:29.779958,1785923909.779959,25.025259,0.6792524456977844,0.09648039191961288,-0.7236405611038208,0.07517965883016586,0.3695613741874695,-0.4821552634239197,-0.6783262491226196,0.41330909729003906,86.821843,-18.001891,-166.637905,106.972018
2026-08-05T11:58:29.798014,1785923909.798014,25.043315,0.6762051582336426,0.0983591079711914,-0.7265645265579224,0.07194589078426361,0.3852005898952484,-0.4701860547065735,-0.6838850378990173,0.4035432040691376,84.512076,-17.184256,-127.926401,45.284663
2026-08-05T11:58:29.807254,1785923909.807254,25.052555,0.6735630035400391,0.105801060795784,-0.7280562520027161,0.07108643651008606,0.4000033140182495,-0.4586847126483917,-0.688803493976593,0.3938983082771301,82.752282,-17.195966,-190.455751,-1.267293
2026-08-05T11:58:29.814752,1785923909.814753,25.060053,0.6730675101280212,0.11433550715446472,-0.727308988571167,0.07020965963602066,0.4166119396686554,-0.44642215967178345,-0.6919286251068115,0.385197252035141,81.132187,-17.441954,-216.055749,-32.804966
2026-08-05T11:58:29.831943,1785923909.831944,25.077245,0.6725438833236694,0.12081725895404816,-0.7270087003707886,0.06742822378873825,0.4352465271949768,-0.43245887756347656,-0.6942504048347473,0.37623992562294006,79.189989,-17.225821,-112.976466,12.572363
2026-08-05T11:58:29.849179,1785923909.849180,25.094481,0.6733788251876831,0.11749356985092163,-0.7273601293563843,0.06085670739412308,0.4512055814266205,-0.4195401668548584,-0.698110044002533,0.3647496700286865,76.648551,-16.350393,-147.447421,50.789952
2026-08-05T11:58:29.865136,1785923909.865136,25.110437,0.6682565808296204,0.11711481958627701,-0.7323898673057556,0.057640958577394485,0.46387431025505066,-0.40889009833335876,-0.7030181884765625,0.3512764871120453,74.266994,-15.827692,-149.256215,32.758559
2026-08-05T11:58:29.899563,1785923909.899564,25.144865,0.6626936793327332,0.12398063391447067,-0.7362543940544128,0.058272041380405426,0.47714340686798096,-0.39852890372276306,-0.7065733075141907,0.33802855014801025,72.449492,-16.303909,-52.791957,-13.832394
2026-08-05T11:58:29.915049,1785923909.915050,25.160350,0.6627123355865479,0.13080087304115295,-0.7348626852035522,0.060666102916002274,0.4923456609249115,-0.38550513982772827,-0.7086986303329468,0.3266926407814026,70.533193,-17.106390,-123.745827,-51.820574
2026-08-05T11:58:29.932535,1785923909.932535,25.177836,0.66547691822052,0.13397054374217987,-0.731780469417572,0.06074570491909981,0.507746696472168,-0.37143996357917786,-0.710597813129425,0.3150821030139923,68.360780,-17.564016,-124.241667,-26.171894
2026-08-05T11:58:29.937867,1785923909.937867,25.183168,0.6670815944671631,0.1307748556137085,-0.7311382293701172,0.05776785686612129,0.5194019079208374,-0.35991808772087097,-0.7138895988464355,0.30173251032829285,65.973295,-17.439653,-447.726002,23.321837
2026-08-05T11:58:29.949379,1785923909.949379,25.194680,0.6610468029975891,0.12833857536315918,-0.7372098565101624,0.05539028346538544,0.5290782451629639,-0.35048437118530273,-0.7170286178588867,0.28828269243240356,63.721525,-16.979618,-195.601295,39.961150
2026-08-05T11:58:29.964452,1785923909.964453,25.209754,0.6587540507316589,0.13548046350479126,-0.7377696633338928,0.05817324295639992,0.5392459034919739,-0.34036388993263245,-0.7190830111503601,0.2761994004249573,62.325095,-17.974292,-92.641181,-65.988060
2026-08-05T11:58:29.983277,1785923909.983277,25.228578,0.662039041519165,0.14353841543197632,-0.7329700589179993,0.06209762394428253,0.5507543087005615,-0.32752519845962524,-0.7202965021133423,0.2656506299972534,60.902609,-19.212535,-75.566314,-65.778859
2026-08-05T11:58:29.999534,1785923909.999535,25.244835,0.6655315160751343,0.14575982093811035,-0.7294836640357971,0.06062844768166542,0.5630261301994324,-0.3132832646369934,-0.7208549976348877,0.25538888573646545,58.993636,-19.296553,-117.422598,-5.167995
2026-08-05T11:58:30.015545,1785923910.015545,25.260846,0.6635379791259766,0.14301198720932007,-0.7322020530700684,0.05608312413096428,0.5751713514328003,-0.2990954518318176,-0.7210810780525208,0.2444629818201065,56.579807,-18.341916,-150.762887,59.624674
2026-08-05T11:58:30.049545,1785923910.049545,25.294846,0.6609134078025818,0.14274175465106964,-0.734672486782074,0.05545002222061157,0.5869086980819702,-0.2851707935333252,-0.7211513519287109,0.23271586000919342,54.277605,-18.040260,-67.711996,8.872261
2026-08-05T11:58:30.065281,1785923910.065281,25.310582,0.6615884900093079,0.15007992088794708,-0.7321622967720032,0.06095344200730324,0.5981787443161011,-0.2710593342781067,-0.7212572693824768,0.22022080421447754,52.578904,-19.223227,-107.949296,-75.175348
2026-08-05T11:58:30.082456,1785923910.082457,25.327758,0.6629795432090759,0.15727362036705017,-0.7289647459983826,0.06583001464605331,0.6094383597373962,-0.2562127411365509,-0.7210158705711365,0.20754875242710114,50.887496,-20.326781,-98.478288,-64.251856
2026-08-05T11:58:30.114597,1785923910.114597,25.359898,0.663258969783783,0.16184121370315552,-0.7275142669677734,0.06795720010995865,0.6205800771713257,-0.2413204312324524,-0.7203945517539978,0.19410490989685059,49.034148,-20.952119,-57.663952,-19.456377
2026-08-05T11:58:30.131305,1785923910.131305,25.376035,0.6623227596282959,0.16543251276016235,-0.7274200916290283,0.0694311112165451,0.6304529309272766,-0.22763268649578094,-0.7199611067771912,0.17991356551647186,47.271987,-21.530124,-109.197571,-35.817855
2026-08-05T11:58:30.149510,1785923910.149510,25.394293,0.6615129709243774,0.17003226280212402,-0.7269323468208313,0.07112672924995422,0.6398552060127258,-0.2137230634689331,-0.7193925380706787,0.16547663509845734,45.662389,-22.227936,-88.161546,-38.220828
2026-08-05T11:58:30.165082,1785923910.165082,25.410383,0.661963164806366,0.1762256771326065,-0.7247098088264465,0.07446611672639847,0.6492179036140442,-0.19869311153888702,-0.7182424068450928,0.15220096707344055,44.179940,-23.071453,-92.132514,-52.423608
2026-08-05T11:58:30.182867,1785923910.182867,25.428168,0.661975622177124,0.18304510414600372,-0.7226641178131104,0.07771454751491547,0.6580684185028076,-0.18299885094165802,-0.7169060111045837,0.13965462148189545,42.797609,-23.821416,-77.725314,-42.168667
2026-08-05T11:58:30.199285,1785923910.199286,25.444586,0.6621600985527039,0.18953728675842285,-0.720554530620575,0.0801309198141098,0.6660966277122498,-0.16776874661445618,-0.7155418992042542,0.12715691328048706,41.530726,-24.504248,-77.163183,-41.589948
2026-08-05T11:58:30.215947,1785923910.215947,25.461248,0.6614206433296204,0.19553326070308685,-0.7194879651069641,0.08140496909618378,0.673140823841095,-0.15375643968582153,-0.7142841219902039,0.11418766528367996,40.437892,-25.148375,-65.589863,-38.659239
2026-08-05T11:58:30.247452,1785923910.247452,25.492753,0.6608282923698425,0.20060566067695618,-0.7185375690460205,0.08226317912340164,0.6800111532211304,-0.13950598239898682,-0.7125089764595032,0.1022460088133812,39.301406,-25.575297,-36.072770,-13.550786
2026-08-05T11:58:30.265057,1785923910.265058,25.509558,0.6605380773544312,0.20572461187839508,-0.7171739935874939,0.08383579552173615,0.6870822310447693,-0.12384811043739319,-0.7100358605384827,0.09180949628353119,38.083406,-25.839249,-72.478739,-15.706810
2026-08-05T11:58:30.282070,1785923910.282071,25.527371,0.6619442105293274,0.21112358570098877,-0.7139753103256226,0.08657988160848618,0.6937738656997681,-0.10769640654325485,-0.7072949409484863,0.08254261314868927,36.885626,-26.120888,-67.241135,-15.810688
2026-08-05T11:58:30.314967,1785923910.314968,25.559316,0.6627152562141418,0.21577420830726624,-0.7116953730583191,0.08797609061002731,0.6998082399368286,-0.09192371368408203,-0.704498827457428,0.07416166365146637,35.703933,-26.156084,-36.992329,-1.101798
2026-08-05T11:58:30.332494,1785923910.332495,25.577796,0.6634035706520081,0.21893233060836792,-0.7100317478179932,0.08842657506465912,0.7053089737892151,-0.07677086442708969,-0.7015935778617859,0.06642463058233261,34.459713,-25.967320,-67.328563,10.214633
2026-08-05T11:58:30.348420,1785923910.348420,25.593721,0.6637099385261536,0.22283799946308136,-0.7084178924560547,0.0893113762140274,0.7104596495628357,-0.06162448599934578,-0.6985194683074951,0.05933299660682678,33.349337,-25.819504,-69.723511,9.281720
2026-08-05T11:58:30.365071,1785923910.365071,25.610372,0.6656160354614258,0.22499318420886993,-0.7059777975082397,0.0890434980392456,0.7158012986183167,-0.04565344378352165,-0.6947770714759827,0.05319195240736008,31.938065,-25.296515,-84.756431,31.409039
2026-08-05T11:58:30.382353,1785923910.382354,25.627655,0.6671388745307922,0.23168118298053741,-0.7021158337593079,0.09101077914237976,0.7211158871650696,-0.029112258926033974,-0.6905609965324402,0.047645632177591324,31.043211,-25.258013,-51.777363,2.227782
2026-08-05T11:58:30.387590,1785923910.387590,25.632891,0.6675572991371155,0.23610280454158783,-0.7000508904457092,0.09247512370347977,0.7258396744728088,-0.013690034858882427,-0.6864316463470459,0.04220351204276085,30.079074,-25.038893,-184.114244,41.843731
2026-08-05T11:58:30.398274,1785923910.398274,25.643575,0.6671566963195801,0.24049898982048035,-0.6987639665603638,0.09376094490289688,0.7296370267868042,-0.000954084622208029,-0.6828838586807251,0.036036547273397446,29.472879,-25.063012,-56.738539,-2.257456
2026-08-05T11:58:30.432648,1785923910.432648,25.677949,0.6669082045555115,0.24315403401851654,-0.6982834339141846,0.09224999696016312,0.732261598110199,0.008611495606601238,-0.6803318858146667,0.029454873874783516,28.963826,-24.983227,-14.809235,2.321086
2026-08-05T11:58:30.448382,1785923910.448383,25.692659,0.66743004322052,0.24417676031589508,-0.6978558897972107,0.08895091712474823,0.7341433167457581,0.01616874523460865,-0.678388774394989,0.023691346868872643,28.392238,-24.701807,-38.856581,19.130958
2026-08-05T11:58:30.465270,1785923910.465271,25.710572,0.6683642268180847,0.24373693764209747,-0.6974500417709351,0.08628540486097336,0.735724151134491,0.02356732077896595,-0.6765933632850647,0.01940031163394451,27.645404,-24.227985,-41.694273,26.452556
2026-08-05T11:58:30.482474,1785923910.482474,25.727775,0.6689126491546631,0.24379873275756836,-0.6970396637916565,0.08517017960548401,0.7375503182411194,0.03201548010110855,-0.6743183732032776,0.017016712576150894,26.868193,-23.687372,-45.177942,31.424867
2026-08-05T11:58:30.498919,1785923910.498920,25.744220,0.6693717837333679,0.24563980102539062,-0.6959035396575928,0.08556174486875534,0.7393896579742432,0.041674356907606125,-0.6717650890350342,0.01726367697119713,26.124973,-23.113344,-45.192560,34.904572
2026-08-05T11:58:30.514727,1785923910.514728,25.760028,0.6687400937080383,0.24690014123916626,-0.6959704160690308,0.08632740378379822,0.7407590746879578,0.0499294251203537,-0.6696768403053284,0.017784178256988525,25.515144,-22.605769,-38.577555,32.109024
2026-08-05T11:58:30.532375,1785923910.532375,25.777676,0.6680524349212646,0.24712558090686798,-0.6964157223701477,0.0874086245894432,0.7413925528526306,0.05412980169057846,-0.6686725616455078,0.016865765675902367,25.253952,-22.461156,-14.800288,8.194401
2026-08-05T11:58:30.539110,1785923910.539111,25.784411,0.6681250333786011,0.24799488484859467,-0.6958125233650208,0.08917621523141861,0.7413799166679382,0.05534486472606659,-0.6686255931854248,0.015264233574271202,25.335154,-22.704981,12.056113,-36.200796
2026-08-05T11:58:30.548276,1785923910.548277,25.793577,0.668031632900238,0.24795101583003998,-0.6957544684410095,0.09044213593006134,0.7411600947380066,0.056174151599407196,-0.6688059568405151,0.015000879764556885,25.298897,-22.749806,-3.955594,-4.890388
2026-08-05T11:58:30.553959,1785923910.553959,25.799260,0.6682023406028748,0.2463957667350769,-0.6960868835449219,0.09087266772985458,0.7398935556411743,0.05572120100259781,-0.6700503826141357,0.02203531004488468,24.868599,-22.090839,-75.720634,115.960015
2026-08-05T11:58:30.565633,1785923910.565634,25.810934,0.6680684685707092,0.24440716207027435,-0.6968550086021423,0.09133970737457275,0.7384305596351624,0.04906756058335304,-0.672151505947113,0.022920850664377213,25.261203,-22.389283,33.630163,-25.564485
2026-08-05T11:58:30.581777,1785923910.581777,25.827078,0.6680880784988403,0.2419384866952896,-0.6975768208503723,0.09225371479988098,0.7365974187850952,0.03949974849820137,-0.6747493147850037,0.024032823741436005,25.895436,-22.889985,39.287645,-31.016024
2026-08-05T11:58:30.598163,1785923910.598164,25.843464,0.6675308346748352,0.23928070068359375,-0.6989476084709167,0.09284297376871109,0.7343050241470337,0.027145477011799812,-0.6777946352958679,0.02557336911559105,26.796176,-23.533789,54.967587,-39.288075
2026-08-05T11:58:30.614759,1785923910.614759,25.860060,0.6646556258201599,0.23595182597637177,-0.7031470537185669,0.09024464339017868,0.7313336133956909,0.014371826313436031,-0.6812896132469177,0.028097884729504585,27.636525,-23.811169,50.636090,-16.713852
2026-08-05T11:58:30.632279,1785923910.632280,25.877580,0.6656866073608398,0.2294691652059555,-0.7045881152153015,0.08809686452150345,0.7290671467781067,0.00375602999702096,-0.683664083480835,0.03241775929927826,27.784357,-23.530478,8.437845,16.021018
2026-08-05T11:58:30.648441,1785923910.648441,25.893742,0.6651822924613953,0.22510705888271332,-0.7063553333282471,0.08900272101163864,0.7273597717285156,-0.005848566070199013,-0.6852176785469055,0.03729264810681343,28.216761,-23.561407,26.754898,-1.913727
2026-08-05T11:58:30.664473,1785923910.664474,25.909775,0.6647747159004211,0.2213275283575058,-0.7077144980430603,0.09071468561887741,0.7247313857078552,-0.018964732065796852,-0.6875659823417664,0.040723711252212524,29.122285,-24.094290,56.480679,-33.237787
2026-08-05T11:58:30.681994,1785923910.681994,25.927295,0.6647170186042786,0.2169615924358368,-0.7089518308639526,0.09201245754957199,0.7206615805625916,-0.03661258891224861,-0.6910019516944885,0.04270200431346893,30.447240,-25.009611,75.624469,-52.243781
2026-08-05T11:58:30.687414,1785923910.687414,25.932715,0.6640398502349854,0.21114405989646912,-0.7115796208381653,0.09013229608535767,0.7151350378990173,-0.05717483535408974,-0.6952139139175415,0.04462139308452606,31.889268,-25.760720,266.046614,-138.575711
2026-08-05T11:58:30.733155,1785923910.733155,25.978456,0.6638005375862122,0.20303703844547272,-0.7148016691207886,0.08487363159656525,0.7089012861251831,-0.07785511016845703,-0.6993362903594971,0.048236243426799774,33.031335,-25.903101,24.968196,-3.112773
2026-08-05T11:58:30.750792,1785923910.750792,25.994072,0.6650424599647522,0.19327297806739807,-0.7170531749725342,0.07873367518186569,0.7026911377906799,-0.0966474860906601,-0.7028202414512634,0.054115790873765945,33.781677,-25.511646,48.047570,25.066517
2026-08-05T11:58:30.764794,1785923910.764795,26.010096,0.6656448245048523,0.18302930891513824,-0.7198012471199036,0.07282556593418121,0.6963763236999512,-0.11431089788675308,-0.7058643102645874,0.06122896075248718,34.446673,-24.900103,41.502191,38.166200
2026-08-05T11:58:30.782242,1785923910.782242,26.027543,0.6649908423423767,0.1734204888343811,-0.7233738303184509,0.0666550025343895,0.6891476511955261,-0.13303455710411072,-0.7090526223182678,0.06798671185970306,35.405286,-24.410509,54.943546,28.061400
2026-08-05T11:58:30.798944,1785923910.798945,26.044245,0.664077639579773,0.16583126783370972,-0.7263469696044922,0.06261923164129257,0.6805829405784607,-0.15340861678123474,-0.7125518321990967,0.07445105165243149,36.848764,-24.417776,86.422067,-0.435068
2026-08-05T11:58:30.815302,1785923910.815302,26.060603,0.6617289781570435,0.1599058210849762,-0.7299622297286987,0.06082905828952789,0.6711423397064209,-0.17421887814998627,-0.7159040570259094,0.08183742314577103,38.594589,-24.672946,106.731429,-15.599897
2026-08-05T11:58:30.831631,1785923910.831632,26.076933,0.6602697968482971,0.15517155826091766,-0.7323073148727417,0.060760196298360825,0.6617687940597534,-0.1936742663383484,-0.7185285687446594,0.09093696624040604,40.363836,-24.947161,108.343314,-16.792076
2026-08-05T11:58:30.836857,1785923910.836858,26.082158,0.6588911414146423,0.15058563649654388,-0.7345207333564758,0.06054726243019104,0.6528418064117432,-0.21137313544750214,-0.7202991247177124,0.10143233835697174,42.013652,-24.968183,315.714425,-4.022840
2026-08-05T11:58:30.839969,1785923910.839970,26.084583,0.6576974987983704,0.14578865468502045,-0.7366196513175964,0.05976099148392677,0.6442674994468689,-0.2280292809009552,-0.7212008237838745,0.11310046911239624,43.596092,-24.746446,652.692888,91.457498
2026-08-05T11:58:30.864922,1785923910.864922,26.110223,0.6566975712776184,0.14149264991283417,-0.7384175658226013,0.058887630701065063,0.635213315486908,-0.24489544332027435,-0.7216922640800476,0.12526367604732513,45.328530,-24.541169,67.567744,8.006145
2026-08-05T11:58:30.883665,1785923910.883665,26.126947,0.6548188924789429,0.1388937085866928,-0.7405663728713989,0.0590122826397419,0.6249154210090637,-0.2628936469554901,-0.7221937775611877,0.1371295154094696,47.413149,-24.644508,124.649342,-6.179190
2026-08-05T11:58:30.899150,1785923910.899151,26.144452,0.6531879901885986,0.13703230023384094,-0.742284893989563,0.05984100326895714,0.6137626767158508,-0.2809981405735016,-0.7225546836853027,0.14916637539863586,49.630999,-24.872419,126.698576,-13.019814
2026-08-05T11:58:30.914881,1785923910.914882,26.160182,0.6537131071090698,0.13357549905776978,-0.7424420714378357,0.05997238680720329,0.6026127338409424,-0.29832687973976135,-0.7221785187721252,0.1622268259525299,51.686158,-24.861359,130.645072,0.703077
2026-08-05T11:58:30.931372,1785923910.931373,26.176674,0.6551446318626404,0.12975738942623138,-0.7418671250343323,0.059847865253686905,0.5918576717376709,-0.3147822916507721,-0.7206349968910217,0.17692434787750244,53.720604,-24.647608,123.365753,12.961575
2026-08-05T11:58:30.937056,1785923910.937056,26.182357,0.6555966734886169,0.128508061170578,-0.7415988445281982,0.06090836226940155,0.5807387232780457,-0.33110931515693665,-0.7184432148933411,0.19222116470336914,56.064187,-24.656455,412.371435,-1.556810
2026-08-05T11:58:30.947843,1785923910.947843,26.193144,0.6553201675415039,0.12798096239566803,-0.7418296337127686,0.06217055767774582,0.5683681964874268,-0.34788307547569275,-0.7162830233573914,0.20706045627593994,58.575576,-24.785386,232.810900,-11.952125
2026-08-05T11:58:30.964621,1785923910.964621,26.209922,0.655590295791626,0.12704400718212128,-0.7415919899940491,0.06405200809240341,0.5547135472297668,-0.3646446168422699,-0.7144467830657959,0.2211182862520218,61.067559,-25.045703,148.529035,-15.515612
2026-08-05T11:58:30.982120,1785923910.982121,26.227422,0.6580498218536377,0.12467128038406372,-0.7396089434623718,0.06637848913669586,0.5407812595367432,-0.38060101866722107,-0.7123020887374878,0.235212042927742,63.391778,-25.328705,132.813048,-16.171616
2026-08-05T11:58:31.015073,1785923911.015073,26.259120,0.6608661413192749,0.12083332985639572,-0.7375887632369995,0.06795860081911087,0.5276117324829102,-0.39500898122787476,-0.7091017365455627,0.25053709745407104,65.507876,-25.227395,66.757128,3.196046
2026-08-05T11:58:31.031151,1785923911.031151,26.276452,0.6626095175743103,0.11885195970535278,-0.7360474467277527,0.07111430913209915,0.514805018901825,-0.4081602096557617,-0.7051016092300415,0.26685789227485657,67.685441,-25.161213,125.639576,3.818574
2026-08-05T11:58:31.047949,1785923911.047949,26.293250,0.6638893485069275,0.11898081749677658,-0.7344193458557129,0.07565181702375412,0.5004200339317322,-0.4217153489589691,-0.7013201713562012,0.282642126083374,70.131650,-25.471358,145.624827,-18.463239
2026-08-05T11:58:31.064712,1785923911.064712,26.309049,0.665346622467041,0.11816009879112244,-0.7328198552131653,0.0795445665717125,0.4839573800563812,-0.4355728030204773,-0.6983132362365723,0.29735636711120605,72.601091,-25.806582,156.300874,-21.217631
2026-08-05T11:58:31.080877,1785923911.080877,26.326178,0.6679417490959167,0.11641825735569,-0.7304261326789856,0.08233147114515305,0.4679684638977051,-0.448383092880249,-0.6945195198059082,0.3124116361141205,74.992718,-25.971480,139.626793,-9.627024
2026-08-05T11:58:31.097575,1785923911.097575,26.342876,0.6711078882217407,0.11409780383110046,-0.7274797558784485,0.08584427088499069,0.4540134072303772,-0.4595975875854492,-0.6890279054641724,0.32845500111579895,77.166545,-25.996651,130.187660,-1.507444
2026-08-05T11:58:31.131168,1785923911.131168,26.376469,0.673976480960846,0.1128745973110199,-0.7244172692298889,0.09074629098176956,0.4398617148399353,-0.4705638885498047,-0.6831463575363159,0.3440971374511719,79.390947,-26.265629,66.215400,-8.006856
2026-08-05T11:58:31.164192,1785923911.164192,26.408967,0.6769598722457886,0.10965973138809204,-0.721545398235321,0.09524955600500107,0.42404618859291077,-0.4821716845035553,-0.6773520112037659,0.3590123951435089,81.577518,-26.515273,67.282505,-7.681739
2026-08-05T11:58:31.180919,1785923911.180920,26.426221,0.6791554093360901,0.10892102867364883,-0.7188693284988403,0.10055405646562576,0.40806475281715393,-0.4937290549278259,-0.671026885509491,0.3734142482280731,83.975024,-27.051839,138.960399,-31.099576
2026-08-05T11:58:31.198686,1785923911.200712,26.443987,0.6803420186042786,0.11008545756340027,-0.7166500687599182,0.10690567642450333,0.39278948307037354,-0.5038259029388428,-0.664574921131134,0.38757768273353577,86.316210,-27.619078,131.775513,-31.927517
2026-08-05T11:58:31.214732,1785923911.214732,26.460033,0.6851209402084351,0.10964139550924301,-0.7110980749130249,0.11370019614696503,0.3783545196056366,-0.5124213695526123,-0.6583017110824585,0.40113773941993713,88.424371,-28.518051,131.385820,-56.026241
2026-08-05T11:58:31.232228,1785923911.232228,26.477529,0.6941896080970764,0.10364916920661926,-0.7022904753684998,0.11893728375434875,0.3635295629501343,-0.5206330418586731,-0.6522305607795715,0.4139846861362457,90.229616,-29.521602,103.179842,-57.358540
2026-08-05T11:58:31.248195,1785923911.248195,26.492469,0.7029369473457336,0.09347687661647797,-0.6945088505744934,0.12165243178606033,0.3479216694831848,-0.5290758609771729,-0.6457912921905518,0.4265948235988617,91.863531,-30.054595,109.364898,-35.675477
2026-08-05T11:58:31.265100,1785923911.265100,26.510401,0.7099651098251343,0.09200111031532288,-0.686286449432373,0.12843790650367737,0.3325524628162384,-0.5375685095787048,-0.6383353471755981,0.43926939368247986,94.133910,-31.604319,126.610934,-86.422559
2026-08-05T11:58:31.282192,1785923911.282193,26.527494,0.7154766321182251,0.09710510820150375,-0.6782577633857727,0.13649322092533112,0.3186315596103668,-0.5451042056083679,-0.6300827264785767,0.45203039050102234,96.773608,-33.577192,154.432048,-115.420335
2026-08-05T11:58:31.289250,1785923911.289250,26.534551,0.7232979536056519,0.0994449108839035,-0.6683599352836609,0.1422882229089737,0.30672940611839294,-0.5510944128036499,-0.6218438148498535,0.46424418687820435,99.108915,-35.443657,330.900587,-264.468222
2026-08-05T11:58:31.297982,1785923911.297982,26.543283,0.7313365936279297,0.09546038508415222,-0.6591295003890991,0.146909698843956,0.2950023114681244,-0.5563780069351196,-0.6146401166915894,0.47501087188720703,100.782026,-36.829213,191.605051,-158.674168
2026-08-05T11:58:31.302459,1785923911.302459,26.547760,0.7376125454902649,0.08960051089525223,-0.6520466804504395,0.15078076720237732,0.2823316752910614,-0.5618172287940979,-0.6082477569580078,0.48444321751594543,102.258931,-37.909494,329.885425,-241.294394
2026-08-05T11:58:31.314810,1785923911.314810,26.560111,0.7432456016540527,0.08838438987731934,-0.6446242928504944,0.1556725949048996,0.2699054181575775,-0.567581832408905,-0.6009638905525208,0.4938066303730011,104.138524,-39.539461,152.186837,-131.975197
2026-08-05T11:58:31.330760,1785923911.330761,26.576062,0.7494997382164001,0.09114210307598114,-0.6355453133583069,0.16132499277591705,0.2589890956878662,-0.5726305246353149,-0.5929995775222778,0.5033596754074097,106.259654,-41.704916,132.978559,-135.757364
2026-08-05T11:58:31.347830,1785923911.347831,26.592251,0.7534829378128052,0.09444358199834824,-0.6289932131767273,0.16646835207939148,0.24997012317180634,-0.5762972235679626,-0.585411787033081,0.5125328302383423,108.045925,-43.253736,110.336280,-95.669158
2026-08-05T11:58:31.364670,1785923911.364671,26.609972,0.7548525929450989,0.09462741017341614,-0.6260544657707214,0.17117001116275787,0.2413710653781891,-0.5790073275566101,-0.579604983329773,0.5201433897018433,109.196419,-43.901888,64.923752,-36.576002
2026-08-05T11:58:31.381785,1785923911.381785,26.627086,0.7563169598579407,0.09258472919464111,-0.623333752155304,0.17569327354431152,0.23141790926456451,-0.5814638733863831,-0.5761622190475464,0.5257213115692139,110.122911,-44.573331,54.135215,-39.232592
2026-08-05T11:58:31.398682,1785923911.398683,26.643984,0.7586283683776855,0.09024715423583984,-0.6198240518569946,0.17932376265525818,0.2210501730442047,-0.5841560959815979,-0.5728543400764465,0.5307885408401489,111.163713,-45.468528,61.595244,-52.978270
2026-08-05T11:58:31.413902,1785923911.414917,26.659204,0.7610035538673401,0.08793475478887558,-0.6163942813873291,0.182206392288208,0.2125621736049652,-0.5871192812919617,-0.5674076080322266,0.5368030071258545,112.207890,-46.220914,68.605938,-49.434259
2026-08-05T11:58:31.432110,1785923911.432110,26.677411,0.7621062397956848,0.08931545168161392,-0.6134242415428162,0.1868891417980194,0.20550698041915894,-0.5903645157814026,-0.5597249269485474,0.5440083146095276,113.415818,-47.088151,66.342105,-47.630616
2026-08-05T11:58:31.437297,1785923911.437298,26.682599,0.7612522840499878,0.09313841909170151,-0.6121734380722046,0.19252033531665802,0.1966131031513214,-0.5937259793281555,-0.5530980825424194,0.5503777265548706,114.779134,-47.982062,262.807466,-172.319914
2026-08-05T11:58:31.464383,1785923911.464384,26.709684,0.7597701549530029,0.09483049809932709,-0.6122345924377441,0.19729572534561157,0.18475978076457977,-0.5972030758857727,-0.5481337904930115,0.5556637048721313,116.129813,-48.666915,49.866698,-25.284600
2026-08-05T11:58:31.480228,1785923911.480228,26.725529,0.7594627737998962,0.09505715221166611,-0.6111472249031067,0.20169156789779663,0.17363743484020233,-0.6004577279090881,-0.5432458519935608,0.5605220198631287,117.355751,-49.478850,77.372712,-51.243705
2026-08-05T11:58:31.497289,1785923911.497290,26.742590,0.7580924034118652,0.09706442058086395,-0.6108066439628601,0.2068571150302887,0.16629256308078766,-0.6027063727378845,-0.5375381112098694,0.5658136010169983,118.280541,-49.899414,54.203385,-24.649932
2026-08-05T11:58:31.513545,1785923911.513545,26.758846,0.7572209239006042,0.09769035130739212,-0.6103675961494446,0.21100877225399017,0.16243115067481995,-0.6036596298217773,-0.532603919506073,0.5705653429031372,118.738565,-49.910555,28.176786,-0.685344
2026-08-05T11:58:31.532271,1785923911.532272,26.777573,0.7571296095848083,0.09696564078330994,-0.6096948385238647,0.21359945833683014,0.15991690754890442,-0.60390305519104,-0.5295069217681885,0.5738909244537354,118.946550,-49.830677,11.106267,4.265421
2026-08-05T11:58:31.555831,1785923911.555832,26.799124,0.7572411894798279,0.09627106785774231,-0.6090951561927795,0.21522291004657745,0.15752466022968292,-0.604013204574585,-0.5282571315765381,0.5755854845046997,119.101747,-49.877954,7.201084,-2.193631
2026-08-05T11:58:31.563310,1785923911.563311,26.808611,0.7572956681251526,0.09607835114002228,-0.608689546585083,0.2162625938653946,0.15558654069900513,-0.6043365001678467,-0.5276123285293579,0.5763645172119141,119.263021,-50.025946,16.999661,-15.599587
2026-08-05T11:58:31.580265,1785923911.580266,26.825566,0.756592333316803,0.09751486033201218,-0.6090627312660217,0.21702982485294342,0.15513737499713898,-0.6044125556945801,-0.5274336934089661,0.5765690803527832,119.362621,-50.061087,5.874406,-2.072621
2026-08-05T11:58:31.598168,1785923911.598169,26.843469,0.7554416060447693,0.09998762607574463,-0.610162615776062,0.2168227881193161,0.15650741755962372,-0.6038142442703247,-0.5282891988754272,0.5760422945022583,119.324078,-49.874901,-2.152875,10.399681
2026-08-05T11:58:31.614818,1785923911.614819,26.859099,0.7542949318885803,0.1006978452205658,-0.6121267080307007,0.21494197845458984,0.15960517525672913,-0.6026421785354614,-0.5304301977157593,0.5744499564170837,118.956102,-49.292679,-23.544000,37.251938
2026-08-05T11:58:31.631361,1785923911.631361,26.876662,0.7534433603286743,0.09915090352296829,-0.6145549416542053,0.21169430017471313,0.16415400803089142,-0.6009268760681152,-0.5343737602233887,0.5713016390800476,118.213322,-48.459069,-42.292051,47.463735
2026-08-05T11:58:31.646859,1785923911.646859,26.892160,0.7526950240135193,0.09664639085531235,-0.6176419854164124,0.2064662128686905,0.16978874802589417,-0.5990139245986938,-0.5397948026657104,0.5665475130081177,117.298024,-47.478166,-59.057572,63.290575
2026-08-05T11:58:31.665083,1785923911.665083,26.909977,0.7514660358428955,0.0939055010676384,-0.6215111017227173,0.2005111128091812,0.17650200426578522,-0.5968490839004517,-0.5461784601211548,0.5606314539909363,116.197545,-46.338743,-61.764797,63.950512
2026-08-05T11:58:31.697543,1785923911.697543,26.942202,0.7500417232513428,0.0904553234577179,-0.6259462833404541,0.19351176917552948,0.1854088008403778,-0.5939163565635681,-0.5529618263244629,0.5541844367980957,114.808689,-44.856204,-43.099180,46.006369
2026-08-05T11:58:31.713953,1785923911.713953,26.959254,0.7486954927444458,0.08724445104598999,-0.6305700540542603,0.1850002408027649,0.19791941344738007,-0.5902891755104065,-0.5589743852615356,0.5476629137992859,113.201197,-43.080713,-94.270324,104.122542
2026-08-05T11:58:31.730116,1785923911.730116,26.975417,0.7463672161102295,0.08370432257652283,-0.6362953186035156,0.17623266577720642,0.21211370825767517,-0.5860459208488464,-0.565265417098999,0.5404013395309448,111.310369,-40.997920,-116.984182,128.860932
2026-08-05T11:58:31.733173,1785923911.733174,26.978474,0.7445812225341797,0.08214891701936722,-0.6409975290298462,0.16725048422813416,0.22506403923034668,-0.5814767479896545,-0.5734114050865173,0.5314421653747559,109.625587,-39.464899,-551.079046,501.439084
2026-08-05T11:58:31.746826,1785923911.746826,26.992127,0.7413497567176819,0.08254861831665039,-0.6472436189651489,0.15704192221164703,0.2380891889333725,-0.5765153169631958,-0.5821126699447632,0.5216214060783386,108.025986,-37.742784,-117.164892,126.138595
2026-08-05T11:58:31.796744,1785923911.796745,27.042046,0.7366691827774048,0.07980812340974808,-0.6556443572044373,0.1451890617609024,0.25446945428848267,-0.5702858567237854,-0.589360773563385,0.512516975402832,105.863045,-34.984125,-43.329123,55.262837
2026-08-05T11:58:31.814252,1785923911.814252,27.059553,0.7328782677650452,0.07653769850730896,-0.6626538038253784,0.13387122750282288,0.2742766737937927,-0.5626739263534546,-0.5953971743583679,0.503659725189209,103.380411,-32.266487,-141.805502,155.228699
2026-08-05T11:58:31.830537,1785923911.830538,27.075839,0.7285520434379578,0.07680874317884445,-0.6690138578414917,0.12543094158172607,0.29174524545669556,-0.5548978447914124,-0.6034078598022461,0.4928208887577057,101.095692,-30.403193,-140.292285,114.414834
2026-08-05T11:58:31.847835,1785923911.847836,27.093136,0.7201036810874939,0.07643964886665344,-0.6792888045310974,0.11905713379383087,0.302656888961792,-0.548437774181366,-0.615185022354126,0.4787093997001648,98.780443,-28.635361,-133.846875,102.200182
2026-08-05T11:58:31.864739,1785923911.864739,27.110040,0.713771402835846,0.07952897250652313,-0.6867012977600098,0.11245926469564438,0.3110106885433197,-0.5431761145591736,-0.6267666220664978,0.46410802006721497,97.188564,-27.888689,-94.172451,44.171640
2026-08-05T11:58:31.881707,1785923911.881708,27.127008,0.7098995447158813,0.08393829315900803,-0.6913424730300903,0.10508493334054947,0.3240373134613037,-0.5369078516960144,-0.6340773105621338,0.45241132378578186,95.731068,-27.185368,-85.895436,41.449214
2026-08-05T11:58:31.888402,1785923911.888403,27.132783,0.7061352729797363,0.08600499480962753,-0.6961979269981384,0.09635774046182632,0.3429434299468994,-0.5281723737716675,-0.6381826400756836,0.44288507103919983,93.730646,-25.644260,-346.394975,266.859673
2026-08-05T11:58:31.914521,1785923911.914521,27.159822,0.7007700800895691,0.08859804272651672,-0.702314555644989,0.08846594393253326,0.3632905185222626,-0.518285870552063,-0.6417726278305054,0.43304505944252014,91.514505,-23.957021,-81.962916,62.401739
2026-08-05T11:58:31.931377,1785923911.931378,27.176678,0.6927177906036377,0.09134846180677414,-0.7107442617416382,0.081488236784935,0.3801785409450531,-0.5087317824363708,-0.6480742692947388,0.42030489444732666,89.245141,-22.444493,-134.627089,89.728726
2026-08-05T11:58:31.947949,1785923911.947950,27.193251,0.6842789053916931,0.09439758956432343,-0.7191440463066101,0.07538878917694092,0.39435604214668274,-0.4998960793018341,-0.65557861328125,0.4059607982635498,87.108758,-21.374985,-128.913375,64.536136
2026-08-05T11:58:31.964477,1785923911.964478,27.209779,0.6788866519927979,0.10097135603427887,-0.7237920165061951,0.07101434469223022,0.411358118057251,-0.4894251525402069,-0.6612250208854675,0.39246582984924316,85.164378,-21.033980,-117.642353,20.632119
2026-08-05T11:58:31.981250,1785923911.981250,27.226551,0.6768848896026611,0.10834620893001556,-0.7248299717903137,0.06862614303827286,0.43249285221099854,-0.47606638073921204,-0.6645936965942383,0.3802976906299591,82.995195,-21.035870,-129.331514,-0.112693
2026-08-05T11:58:31.997658,1785923911.997658,27.242959,0.6772015690803528,0.11254711449146271,-0.7240912914276123,0.06650654971599579,0.4547979235649109,-0.46051573753356934,-0.6679831743240356,0.36726412177085876,80.316486,-20.984383,-163.256574,3.137904
2026-08-05T11:58:32.014171,1785923912.014171,27.259472,0.6789402961730957,0.10821773111820221,-0.7236175537109375,0.06088421121239662,0.4736516773700714,-0.4457484185695648,-0.6733258962631226,0.3515610098838806,77.115925,-20.370640,-193.816613,37.166483
2026-08-05T11:58:32.031230,1785923912.031231,27.276532,0.6774963140487671,0.10164375603199005,-0.7264410257339478,0.05432147532701492,0.48871350288391113,-0.43307027220726013,-0.6800030469894409,0.3334749639034271,73.896365,-19.561676,-188.724627,47.419979
2026-08-05T11:58:32.037520,1785923912.037521,27.282126,0.6713183522224426,0.10989458113908768,-0.7307678461074829,0.05686196684837341,0.5037357211112976,-0.4202987253665924,-0.6849535703659058,0.3169199526309967,71.702346,-20.266533,-392.158164,-125.985813
2026-08-05T11:58:32.047728,1785923912.047728,27.293029,0.6716797947883606,0.11940792202949524,-0.728676438331604,0.06015749275684357,0.5211948156356812,-0.4047378897666931,-0.6873681545257568,0.30342811346054077,69.656183,-21.296678,-187.675852,-94.485835
2026-08-05T11:58:32.065290,1785923912.065290,27.309746,0.6769765019416809,0.12083949893712997,-0.7236428260803223,0.05866667628288269,0.5374575257301331,-0.3891959488391876,-0.6900054812431335,0.28906533122062683,67.164698,-21.706437,-149.043659,-24.512267
2026-08-05T11:58:32.081224,1785923912.081224,27.326525,0.6740426421165466,0.11797772347927094,-0.7273286581039429,0.052354153245687485,0.548306941986084,-0.37781786918640137,-0.6943468451499939,0.27293944358825684,64.802586,-21.092347,-140.774338,36.597814
2026-08-05T11:58:32.098044,1785923912.098044,27.343345,0.6667253375053406,0.11706702411174774,-0.734346330165863,0.05008373409509659,0.5566022396087646,-0.3684196174144745,-0.6988649964332581,0.25699979066848755,62.689841,-20.841741,-125.607657,14.899089
2026-08-05T11:58:32.114491,1785923912.114491,27.359792,0.6661025285720825,0.12606236338615417,-0.7333117723464966,0.05166860669851303,0.5665113925933838,-0.3575511872768402,-0.7011448740959167,0.24416868388652802,61.578866,-21.970902,-67.548483,-68.654231
2026-08-05T11:58:32.131214,1785923912.131214,27.376515,0.6687800884246826,0.13400574028491974,-0.7294884324073792,0.05120920017361641,0.5783617496490479,-0.3439900875091553,-0.7016669511795044,0.23416292667388916,60.337454,-22.589313,-74.235275,-36.980408
2026-08-05T11:58:32.147241,1785923912.147241,27.392542,0.6689742803573608,0.13726301491260529,-0.7288951873779297,0.04841654747724533,0.5895546674728394,-0.3299632966518402,-0.702504575252533,0.2236901819705963,58.619161,-22.396074,-107.210922,12.056971
2026-08-05T11:58:32.163739,1785923912.163739,27.408587,0.6672839522361755,0.13967154920101166,-0.730082094669342,0.04694991931319237,0.599141001701355,-0.31705763936042786,-0.7040438652038574,0.21172448992729187,56.844643,-22.348652,-110.598985,2.955592
2026-08-05T11:58:32.181339,1785923912.181340,27.426640,0.6669728755950928,0.14262644946575165,-0.7297956347465515,0.046941131353378296,0.6088141798973083,-0.3038111925125122,-0.7053155303001404,0.19893263280391693,55.051016,-22.624077,-99.350481,-15.255998
2026-08-05T11:58:32.197496,1785923912.197497,27.442797,0.6667101383209229,0.14821812510490417,-0.728763222694397,0.049327552318573,0.6198190450668335,-0.2885493338108063,-0.7055075764656067,0.186609148979187,53.284403,-23.148139,-109.339370,-32.435272
2026-08-05T11:58:32.213284,1785923912.213285,27.458586,0.6668181419372559,0.15307670831680298,-0.7274616360664368,0.05216074734926224,0.6312747597694397,-0.27202755212783813,-0.7050593495368958,0.17431290447711945,51.341037,-23.564108,-123.088880,-26.346672
2026-08-05T11:58:32.231885,1785923912.231886,27.477186,0.66641765832901,0.15822768211364746,-0.7264693379402161,0.05562327057123184,0.6413953304290771,-0.25633081793785095,-0.7049802541732788,0.16096507012844086,49.545121,-24.191949,-96.550964,-33.753619
2026-08-05T11:58:32.247549,1785923912.247550,27.492850,0.6667171716690063,0.1630747765302658,-0.7248179316520691,0.05944658815860748,0.6505792140960693,-0.24124446511268616,-0.7051187753677368,0.14613670110702515,47.820582,-25.031078,-110.096719,-53.570976
2026-08-05T11:58:32.262043,1785923912.262044,27.507344,0.6665682792663574,0.16918355226516724,-0.7231958508491516,0.06365278363227844,0.6599746942520142,-0.22532765567302704,-0.7046160697937012,0.131063312292099,46.231371,-25.951101,-109.644718,-63.475341
2026-08-05T11:58:32.281045,1785923912.281046,27.526346,0.6671445965766907,0.17393676936626434,-0.7212554216384888,0.0667443573474884,0.6698349714279175,-0.20784635841846466,-0.7030854225158691,0.11744097620248795,44.461679,-26.432997,-93.132074,-25.360349
2026-08-05T11:58:32.296721,1785923912.297737,27.542022,0.6663432121276855,0.1795533150434494,-0.7203191518783569,0.06991389393806458,0.6790351271629333,-0.18945077061653137,-0.7014906406402588,0.10455168038606644,42.798582,-26.809977,-106.093432,-24.048532
2026-08-05T11:58:32.314168,1785923912.314169,27.559469,0.6662994623184204,0.18723063170909882,-0.7180261015892029,0.07367666065692902,0.6871763467788696,-0.17155615985393524,-0.6998739242553711,0.09237940609455109,41.518351,-27.429401,-73.377284,-35.502754
2026-08-05T11:58:32.331893,1785923912.331893,27.577194,0.6667194366455078,0.19380810856819153,-0.7157143354415894,0.07534386962652206,0.694373369216919,-0.15473483502864838,-0.6981784105300903,0.080312080681324,40.327780,-27.863885,-67.170873,-24.513142
2026-08-05T11:58:32.337270,1785923912.337270,27.582571,0.666151225566864,0.1968449354171753,-0.7156239748001099,0.07332862168550491,0.7005013823509216,-0.13987691700458527,-0.696534276008606,0.06762092560529709,39.041429,-27.857700,-239.219105,1.150209
2026-08-05T11:58:32.340385,1785923912.340385,27.585686,0.6657091975212097,0.19970206916332245,-0.715435802936554,0.0714295506477356,0.7056158781051636,-0.12669800221920013,-0.6950337886810303,0.05461026728153229,37.976375,-28.008183,-341.970398,-48.317574
2026-08-05T11:58:32.364096,1785923912.364096,27.608412,0.665729820728302,0.20473554730415344,-0.7139294743537903,0.07205582410097122,0.7107211351394653,-0.11277170479297638,-0.6930087208747864,0.04355926811695099,37.131965,-28.349121,-37.155247,-15.001745
2026-08-05T11:58:32.380163,1785923912.380163,27.625120,0.6671071648597717,0.20971781015396118,-0.7110980749130249,0.07298104465007782,0.7166105508804321,-0.09642396867275238,-0.6898621916770935,0.035530317574739456,36.025928,-28.293042,-66.199380,3.356479
2026-08-05T11:58:32.397424,1785923912.397425,27.641906,0.6676203608512878,0.21467545628547668,-0.7091636061668396,0.07269592583179474,0.7226864099502563,-0.07895610481500626,-0.6860207319259644,0.02943199872970581,34.826766,-27.881596,-71.438818,24.511489
2026-08-05T11:58:32.448319,1785923912.448319,27.693620,0.6692917943000793,0.2158735990524292,-0.7074980735778809,0.06995464116334915,0.7281428575515747,-0.0621369294822216,-0.6822032332420349,0.023372003808617592,33.241729,-26.990300,-30.649956,17.235027
2026-08-05T11:58:32.464461,1785923912.464462,27.708747,0.670850932598114,0.21835681796073914,-0.7053858041763306,0.06863193958997726,0.7326571345329285,-0.04706699028611183,-0.6787701845169067,0.01642375998198986,32.047205,-26.526594,-78.967869,30.654794
2026-08-05T11:58:32.482292,1785923912.482292,27.727593,0.6705639362335205,0.22289897501468658,-0.7042349576950073,0.06865324079990387,0.7364739775657654,-0.03401517868041992,-0.6755515933036804,0.008910929784178734,31.426323,-26.545431,-32.944957,-0.999529
2026-08-05T11:58:32.489107,1785923912.489108,27.734409,0.6713089346885681,0.22654253244400024,-0.7023358345031738,0.06890113651752472,0.7397827506065369,-0.022608483210206032,-0.6724646091461182,0.0013884122017771006,30.887464,-26.630782,-79.056272,-12.521863
2026-08-05T11:58:32.497511,1785923912.497511,27.742812,0.6708430647850037,0.23023131489753723,-0.7015921473503113,0.06878699362277985,0.7421713471412659,-0.013088302686810493,-0.6700540781021118,-0.006197339855134487,30.605271,-26.834076,-33.583125,-24.193550
2026-08-05T11:58:32.514221,1785923912.514221,27.758225,0.6710623502731323,0.2317105382680893,-0.7010607719421387,0.06707771867513657,0.7435663342475891,-0.005830727051943541,-0.6685039401054382,-0.013341459445655346,30.234098,-26.846074,-24.081006,-0.778376
2026-08-05T11:58:32.530530,1785923912.530530,27.775831,0.670778214931488,0.23339979350566864,-0.7009757161140442,0.06491782516241074,0.7444122433662415,0.0001168550516013056,-0.6674536466598511,-0.018884414806962013,29.964797,-26.811161,-15.296362,1.983082
2026-08-05T11:58:32.546499,1785923912.546500,27.791800,0.670398473739624,0.23433634638786316,-0.7011825442314148,0.06321096420288086,0.7450791001319885,0.005515148397535086,-0.6665829420089722,-0.022235555574297905,29.618236,-26.610155,-21.701067,12.586658
2026-08-05T11:58:32.563674,1785923912.563675,27.808362,0.6695955395698547,0.23454377055168152,-0.7020294070243835,0.061529092490673065,0.7453492283821106,0.009946826845407486,-0.6661730408668518,-0.023863554000854492,29.240504,-26.281583,-22.808168,19.839761
2026-08-05T11:58:32.580226,1785923912.580226,27.825527,0.669687807559967,0.23424547910690308,-0.7021399140357971,0.06039092689752579,0.7452820539474487,0.012837531976401806,-0.666182816028595,-0.024306513369083405,28.884854,-25.967108,-20.718968,18.320276
2026-08-05T11:58:32.597560,1785923912.597561,27.842861,0.6697773933410645,0.233846053481102,-0.7022094130516052,0.060135673731565475,0.7449027299880981,0.013627738691866398,-0.6666056513786316,-0.023910244926810265,28.716380,-25.807311,-9.719165,9.218562
2026-08-05T11:58:32.614386,1785923912.614386,27.859687,0.6694176197052002,0.2330666333436966,-0.7027857303619385,0.06043251231312752,0.7442290186882019,0.011667011305689812,-0.6674264073371887,-0.023014001548290253,28.798721,-25.835651,4.893812,-1.684322
2026-08-05T11:58:32.633652,1785923912.633653,27.878953,0.6689749360084534,0.2312106192111969,-0.7037922739982605,0.06075191870331764,0.7431766986846924,0.00677344249561429,-0.6687021255493164,-0.021928614005446434,29.055003,-25.985431,13.301891,-7.774059
2026-08-05T11:58:32.637032,1785923912.638358,27.882334,0.6683105230331421,0.22867153584957123,-0.7052196860313416,0.061121903359889984,0.7416176795959473,-0.0005657497094944119,-0.6705096364021301,-0.020504707470536232,29.473705,-26.239984,123.874237,-75.310410
2026-08-05T11:58:32.647602,1785923912.647602,27.892903,0.6674654483795166,0.22576598823070526,-0.706890344619751,0.061853401362895966,0.7394793629646301,-0.010011699050664902,-0.6728540658950806,-0.01839173212647438,30.050098,-26.593535,54.533190,-33.449854
2026-08-05T11:58:32.664670,1785923912.664670,27.909971,0.6664199233055115,0.22336485981941223,-0.7085750102996826,0.06256242841482162,0.7369257807731628,-0.02039790339767933,-0.6755005717277527,-0.014972205273807049,30.732542,-26.951720,39.984033,-20.985849
2026-08-05T11:58:32.714214,1785923912.714215,27.959515,0.6664171814918518,0.21935248374938965,-0.7098440527915955,0.06240303814411163,0.7342799305915833,-0.03125257045030594,-0.6780527830123901,-0.01007453165948391,31.199367,-27.013717,9.422375,-1.251351
2026-08-05T11:58:32.730197,1785923912.730198,27.975498,0.6662949919700623,0.21440105140209198,-0.7115729451179504,0.06121622771024704,0.7310903072357178,-0.043995048850774765,-0.680844247341156,-0.004831833299249411,31.748962,-27.028617,34.385982,-0.932234
2026-08-05T11:58:32.747721,1785923912.747721,27.993022,0.665608823299408,0.20772364735603333,-0.7144126296043396,0.05857193470001221,0.7267102003097534,-0.05977364256978035,-0.6843393445014954,7.707846816629171e-05,32.441366,-27.027836,39.512854,0.044550
2026-08-05T11:58:32.764794,1785923912.764795,28.010095,0.6649473309516907,0.20117376744747162,-0.7170975208282471,0.05608546361327171,0.7213007211685181,-0.07753181457519531,-0.6882480382919312,0.0054180556908249855,33.379444,-27.159601,54.943857,-7.717577
2026-08-05T11:58:32.780923,1785923912.780923,28.026224,0.6643150448799133,0.19596797227859497,-0.719256579875946,0.054332148283720016,0.7154619097709656,-0.09548507630825043,-0.6919853687286377,0.012412391602993011,34.519647,-27.344797,70.693686,-11.482315
2026-08-05T11:58:32.797644,1785923912.797644,28.041924,0.6641110777854919,0.18976753950119019,-0.7212537527084351,0.0523253008723259,0.7096324563026428,-0.11279480904340744,-0.6951537728309631,0.021474964916706085,35.507644,-27.206221,62.928342,8.826298
2026-08-05T11:58:32.814570,1785923912.814571,28.059569,0.6630859971046448,0.18212537467479706,-0.7244290709495544,0.04847809299826622,0.7035132050514221,-0.12994073331356049,-0.697981059551239,0.03174788877367973,36.389552,-26.663559,49.981666,30.755081
2026-08-05T11:58:32.830231,1785923912.830232,28.074906,0.6626515984535217,0.1742904782295227,-0.7270278334617615,0.04411865398287773,0.6964511275291443,-0.14806097745895386,-0.7009048461914062,0.0420350581407547,37.428605,-26.137527,67.747065,34.297730
2026-08-05T11:58:32.845793,1785923912.845793,28.090402,0.6619818210601807,0.16798493266105652,-0.7292875051498413,0.04124249145388603,0.6881533265113831,-0.16754622757434845,-0.7040199041366577,0.05224989727139473,38.881161,-25.969592,93.737401,10.837289
2026-08-05T11:58:32.863429,1785923912.863429,28.108730,0.6596829295158386,0.16446435451507568,-0.7322129607200623,0.040423840284347534,0.6791526079177856,-0.18737640976905823,-0.7068542242050171,0.06324344873428345,40.783349,-26.135891,103.787544,-9.073659
2026-08-05T11:58:32.880708,1785923912.880709,28.126010,0.657223105430603,0.1614498496055603,-0.7350456118583679,0.04123014956712723,0.6703503727912903,-0.20593684911727905,-0.7088737487792969,0.07562562078237534,42.662372,-26.252241,108.742093,-6.733322
2026-08-05T11:58:32.897488,1785923912.897488,28.142789,0.6563615798950195,0.15607400238513947,-0.7369906306266785,0.04093245416879654,0.661881148815155,-0.22327959537506104,-0.7099764943122864,0.0894089937210083,44.211652,-25.897207,92.334802,21.159484
2026-08-05T11:58:32.914236,1785923912.914236,28.159537,0.6547392010688782,0.15016217529773712,-0.739727795124054,0.03963237255811691,0.653248131275177,-0.24049155414104462,-0.7103515863418579,0.10407762229442596,45.799920,-25.295561,94.830826,35.922536
2026-08-05T11:58:32.930635,1785923912.930635,28.175936,0.653038740158081,0.14509525895118713,-0.7422903180122375,0.03863878920674324,0.6435995697975159,-0.25879842042922974,-0.7104616165161133,0.11852420121431351,47.675649,-24.889880,114.381400,24.738256
2026-08-05T11:58:32.936956,1785923912.936957,28.182257,0.6513093709945679,0.1414480209350586,-0.7445201277732849,0.038448940962553024,0.6323481798171997,-0.27868837118148804,-0.7105768918991089,0.13247577846050262,49.929836,-24.839204,356.594442,8.016634
2026-08-05T11:58:32.947293,1785923912.947294,28.192595,0.64902263879776,0.13816063106060028,-0.7470725774765015,0.039548005908727646,0.6201692819595337,-0.2990509271621704,-0.7101867198944092,0.14694944024085999,52.321918,-24.889755,231.407138,-4.890288
2026-08-05T11:58:32.964531,1785923912.964532,28.209833,0.6480693221092224,0.13461259007453918,-0.748420238494873,0.041868168860673904,0.6084091067314148,-0.31763917207717896,-0.7088047862052917,0.16291192173957825,54.544998,-24.809575,128.962853,4.651322
2026-08-05T11:58:32.981431,1785923912.981432,28.226732,0.6497707366943359,0.1299452930688858,-0.7476592063903809,0.04379725456237793,0.5980789661407471,-0.33384954929351807,-0.7058594822883606,0.1805799901485443,56.501911,-24.411424,115.794867,23.559499
2026-08-05T11:58:32.997958,1785923912.997958,28.243259,0.6518620848655701,0.1250363290309906,-0.7466841340065002,0.04364309832453728,0.5886695384979248,-0.34867700934410095,-0.701585590839386,0.19917553663253784,58.454691,-23.660161,118.159135,45.457504
2026-08-05T11:58:33.014546,1785923913.014546,28.259847,0.6523967385292053,0.12031611800193787,-0.746997058391571,0.043566424399614334,0.5779659152030945,-0.3642352819442749,-0.6973989009857178,0.2166178971529007,60.546356,-23.003424,126.098864,39.592301
2026-08-05T11:58:33.033373,1785923913.033374,28.278675,0.6529309749603271,0.11865648627281189,-0.7465937733650208,0.04689968004822731,0.5650677680969238,-0.3814684748649597,-0.693760871887207,0.23211416602134705,63.024211,-23.246996,131.603726,-12.936576
2026-08-05T11:58:33.048185,1785923913.048185,28.293486,0.6535912156105042,0.11686516553163528,-0.7460852861404419,0.05018173158168793,0.5513903498649597,-0.3983120620250702,-0.6902539134025574,0.24671083688735962,65.465179,-23.548539,164.807331,-20.359356
2026-08-05T11:58:33.064229,1785923913.064229,28.309530,0.6570257544517517,0.11361085623502731,-0.7433333396911621,0.0535300187766552,0.5388424396514893,-0.4136514365673065,-0.685663104057312,0.2615496814250946,67.655559,-23.829562,136.520095,-17.515359
2026-08-05T11:58:33.081558,1785923913.081558,28.326859,0.6605395674705505,0.11261496692895889,-0.7400457859039307,0.057773105800151825,0.5264430046081543,-0.4281480610370636,-0.6806585788726807,0.27613699436187744,69.992018,-24.393075,134.833306,-32.519415
2026-08-05T11:58:33.086944,1785923913.086944,28.332245,0.6621257662773132,0.11180873960256577,-0.7384529709815979,0.06144574657082558,0.5128180384635925,-0.44274845719337463,-0.6758579611778259,0.29018664360046387,72.398784,-24.841841,446.846467,-83.319110
2026-08-05T11:58:33.097418,1785923913.097419,28.342719,0.6632278561592102,0.11259486526250839,-0.7368838787078857,0.06673535704612732,0.49847447872161865,-0.4569876790046692,-0.6708841323852539,0.30430370569229126,74.912341,-25.517148,239.970479,-64.471814
2026-08-05T11:58:33.112974,1785923913.112975,28.358275,0.6644600033760071,0.11385513097047806,-0.7351083159446716,0.07173455506563187,0.48440349102020264,-0.47019466757774353,-0.6651707887649536,0.3190905451774597,77.443186,-26.084316,162.691488,-36.459581
2026-08-05T11:58:33.131953,1785923913.131954,28.376589,0.6665771007537842,0.11363334208726883,-0.7328223586082458,0.07572302967309952,0.47129929065704346,-0.4817548990249634,-0.658804178237915,0.33431562781333923,79.737410,-26.337101,125.272413,-13.802887
2026-08-05T11:58:33.147697,1785923913.147697,28.392998,0.6708730459213257,0.11233295500278473,-0.728765606880188,0.07881330698728561,0.45881161093711853,-0.49226176738739014,-0.6519520282745361,0.3494704067707062,81.919564,-26.595777,132.987777,-15.764578
2026-08-05T11:58:33.164257,1785923913.164257,28.409558,0.6785076260566711,0.10661875456571579,-0.7222649455070496,0.08119905740022659,0.4447627067565918,-0.502832293510437,-0.6462389826774597,0.36293482780456543,83.786714,-27.032373,112.751672,-26.364779
2026-08-05T11:58:33.181398,1785923913.181398,28.426699,0.6837979555130005,0.10074495524168015,-0.7178554534912109,0.08339398354291916,0.42807283997535706,-0.5144473314285278,-0.6413524746894836,0.3751870393753052,85.794809,-27.470385,117.152490,-25.553679
2026-08-05T11:58:33.198121,1785923913.198121,28.442403,0.6860256195068359,0.10051266849040985,-0.7151689529418945,0.08831502497196198,0.41244107484817505,-0.5250027775764465,-0.635716438293457,0.3874659240245819,88.049591,-28.207555,143.578710,-46.941075
2026-08-05T11:58:33.214361,1785923913.214361,28.458692,0.6890295147895813,0.10211413353681564,-0.7113505005836487,0.09376402944326401,0.39995744824409485,-0.5332354307174683,-0.628841757774353,0.40031594038009644,90.180290,-28.980473,130.804088,-47.449595
2026-08-05T11:58:33.231079,1785923913.231080,28.476380,0.6961694955825806,0.10086378455162048,-0.7039029598236084,0.09846475720405579,0.38855457305908203,-0.5403194427490234,-0.6222127079963684,0.41222870349884033,92.014368,-30.051243,103.688923,-60.535595
2026-08-05T11:58:33.235981,1785923913.235981,28.481282,0.7049863338470459,0.09391168504953384,-0.6956841945648193,0.10098803043365479,0.37532320618629456,-0.5480377078056335,-0.6169746518135071,0.422054648399353,93.533149,-31.052334,309.866217,-204.245589
2026-08-05T11:58:33.263416,1785923913.263417,28.508383,0.7114126682281494,0.08979687094688416,-0.689009428024292,0.10533113777637482,0.3601358234882355,-0.5565130710601807,-0.6124979853630066,0.4306301474571228,95.307796,-32.455725,65.482602,-51.783640
2026-08-05T11:58:33.281190,1785923913.281191,28.526492,0.7181794047355652,0.08954158425331116,-0.6810306310653687,0.11134661734104156,0.34729698300361633,-0.5638598799705505,-0.6065053939819336,0.43999868631362915,97.251690,-34.293062,107.345006,-101.460764
2026-08-05T11:58:33.313484,1785923913.313485,28.558786,0.7282304167747498,0.08749287575483322,-0.6698071360588074,0.11569014191627502,0.3393053114414215,-0.5691006779670715,-0.5982258319854736,0.45069172978401184,98.896239,-36.034001,50.924231,-53.909001
2026-08-05T11:58:33.331649,1785923913.331650,28.576951,0.7366623878479004,0.08257684856653214,-0.660686731338501,0.11833326518535614,0.3331238031387329,-0.5731987953186035,-0.5902309417724609,0.4605429768562317,100.039748,-37.055603,62.951674,-56.240516
2026-08-05T11:58:33.347756,1785923913.347757,28.593057,0.7415817379951477,0.07738585770130157,-0.6553819179534912,0.1205918937921524,0.32413235306739807,-0.57767254114151,-0.5850797295570374,0.4678837060928345,101.079850,-37.766724,64.575170,-44.150248
2026-08-05T11:58:33.364121,1785923913.364121,28.609422,0.7473036050796509,0.07188338041305542,-0.6488600969314575,0.12389835715293884,0.3116597831249237,-0.583375871181488,-0.5815192461013794,0.4736846089363098,102.344310,-39.167191,77.268135,-85.579174
2026-08-05T11:58:33.381377,1785923913.381377,28.626678,0.7542616724967957,0.06732011586427689,-0.6407819390296936,0.1263173222541809,0.29953113198280334,-0.5892562866210938,-0.5766589641571045,0.4801284372806549,103.890100,-40.891227,89.579762,-99.909255
2026-08-05T11:58:33.396925,1785923913.396925,28.642226,0.759140133857727,0.06672748178243637,-0.6345134973526001,0.12902197241783142,0.2910790741443634,-0.5943819880485535,-0.5687659382820129,0.4883533716201782,105.512686,-42.303637,104.358228,-90.840545
2026-08-05T11:58:33.404707,1785923913.404707,28.649368,0.7620730400085449,0.06856434047222137,-0.6300490498542786,0.13259713351726532,0.28526148200035095,-0.5984275341033936,-0.5595247745513916,0.4974365532398224,106.996728,-43.344815,207.809739,-145.795670
2026-08-05T11:58:33.414161,1785923913.414162,28.659462,0.7635699510574341,0.06676031649112701,-0.6279302835464478,0.13493570685386658,0.2785925269126892,-0.6019134521484375,-0.5513204336166382,0.5060956478118896,108.108085,-43.601663,110.091133,-25.443405
2026-08-05T11:58:33.430669,1785923913.430669,28.675970,0.7647722959518433,0.06439003348350525,-0.6260179877281189,0.13812647759914398,0.26908624172210693,-0.6056665778160095,-0.5450440049171448,0.5135060548782349,109.249832,-44.075328,69.165793,-28.694120
2026-08-05T11:58:33.446215,1785923913.447224,28.691517,0.7664012312889099,0.06248980760574341,-0.6233350038528442,0.14204880595207214,0.25874918699264526,-0.6099106669425964,-0.5379298329353333,0.5212388038635254,110.563116,-44.862267,84.472973,-50.617402
2026-08-05T11:58:33.464200,1785923913.464201,28.709502,0.7671931982040405,0.0653306394815445,-0.6209995150566101,0.1466510146856308,0.25133752822875977,-0.6140351891517639,-0.5275510549545288,0.5305476784706116,112.147804,-45.737114,88.112291,-48.643504
2026-08-05T11:58:33.481311,1785923913.481312,28.726613,0.7677754163742065,0.0706370398402214,-0.6186010241508484,0.15120930969715118,0.24663357436656952,-0.6176558136940002,-0.5156251192092896,0.5401896834373474,113.762313,-46.624838,94.353385,-51.879412
2026-08-05T11:58:33.497696,1785923913.497696,28.742997,0.7676107287406921,0.0758102685213089,-0.6172083616256714,0.1551792025566101,0.2406778484582901,-0.6209778189659119,-0.505933403968811,0.5481723546981812,115.311985,-47.443013,94.585139,-49.937774
2026-08-05T11:58:33.514019,1785923913.514019,28.759320,0.7671158313751221,0.07911308109760284,-0.6166108250617981,0.15832197666168213,0.23282042145729065,-0.6240025162696838,-0.49986279010772705,0.5536726713180542,116.648359,-48.190132,81.867764,-45.769356
2026-08-05T11:58:33.531444,1785923913.531444,28.776745,0.7672895193099976,0.08224665373563766,-0.6151422262191772,0.16156268119812012,0.2258910983800888,-0.6267586946487427,-0.49492383003234863,0.5578511357307434,117.824358,-49.178607,67.489882,-56.727970
2026-08-05T11:58:33.537176,1785923913.537176,28.782477,0.7667025327682495,0.08697272837162018,-0.6143361330032349,0.16490676999092102,0.22182385623455048,-0.6291632652282715,-0.48949724435806274,0.5615522265434265,118.849140,-50.039853,178.780708,-150.250817
2026-08-05T11:58:33.564062,1785923913.564063,28.808347,0.7647351622581482,0.09040095657110214,-0.6155182719230652,0.16776545345783234,0.219809889793396,-0.6313725113868713,-0.48369985818862915,0.5648784637451172,119.534670,-50.255274,26.499431,-8.327178
2026-08-05T11:58:33.581751,1785923913.581752,28.826310,0.7632156014442444,0.09314821660518646,-0.6165658831596375,0.16932828724384308,0.21840035915374756,-0.6330161094665527,-0.4793573319911957,0.5672821402549744,120.088061,-50.382022,30.806569,-7.055920
2026-08-05T11:58:33.584174,1785923913.584174,28.829475,0.7614839673042297,0.09580158442258835,-0.617975115776062,0.17050296068191528,0.2162364274263382,-0.6340872645378113,-0.4780040383338928,0.5680563449859619,120.506976,-50.502534,132.368340,-38.079007
2026-08-05T11:58:33.614172,1785923913.614172,28.859473,0.760002851486206,0.0977625921368599,-0.6192841529846191,0.1712467223405838,0.2153540551662445,-0.6343240141868591,-0.478874534368515,0.5673935413360596,120.610371,-50.525167,3.446706,-0.754489
2026-08-05T11:58:33.631281,1785923913.631281,28.876582,0.7592126131057739,0.09805431216955185,-0.6206193566322327,0.16974492371082306,0.218294158577919,-0.6333529949188232,-0.4809821844100952,0.5655692219734192,120.246250,-50.115162,-21.282850,23.964749
2026-08-05T11:58:33.664198,1785923913.664199,28.909499,0.7595874071121216,0.09658728539943695,-0.6215626001358032,0.1654021292924881,0.224844291806221,-0.6315326690673828,-0.483890175819397,0.5625500679016113,119.522324,-49.430970,-21.992116,20.785055
2026-08-05T11:58:33.681430,1785923913.681431,28.925708,0.7599634528160095,0.09588787704706192,-0.6226648688316345,0.15984301269054413,0.23143726587295532,-0.6295187473297119,-0.48874667286872864,0.5579161643981934,118.802218,-48.879737,-44.428611,34.009527
2026-08-05T11:58:33.696902,1785923913.696902,28.942203,0.7594267129898071,0.09649680554866791,-0.6246553659439087,0.1541597694158554,0.23558036983013153,-0.627505898475647,-0.4963274300098419,0.5517226457595825,118.213446,-48.475232,-35.693462,24.522580
2026-08-05T11:58:33.714680,1785923913.714681,28.959982,0.7589890956878662,0.09761933237314224,-0.6264427900314331,0.1482418030500412,0.23982514441013336,-0.6252388954162598,-0.5046672821044922,0.5448595881462097,117.616324,-48.159472,-33.586064,17.760396
2026-08-05T11:58:33.730979,1785923913.730979,28.976280,0.7574545741081238,0.09737328439950943,-0.6298590302467346,0.1416287124156952,0.24778452515602112,-0.6221408247947693,-0.5121095180511475,0.5378552079200745,116.550658,-47.089134,-65.384135,65.670810
2026-08-05T11:58:33.748545,1785923913.748545,28.993846,0.7552189230918884,0.09478836506605148,-0.6345275640487671,0.1342925876379013,0.2583954930305481,-0.6180196404457092,-0.5197699666023254,0.5302107334136963,114.962499,-45.350663,-90.412388,98.969492
2026-08-05T11:58:33.764414,1785923913.764414,29.009715,0.7530438899993896,0.09104270488023758,-0.639005720615387,0.12770414352416992,0.2680593729019165,-0.6132256388664246,-0.5295429229736328,0.5212326049804688,113.132152,-43.666413,-115.340037,106.133693
2026-08-05T11:58:33.781206,1785923913.781207,29.026507,0.7508535385131836,0.08672461658716202,-0.6434620022773743,0.12105716019868851,0.27582207322120667,-0.6083136200904846,-0.540691077709198,0.5114007592201233,111.310824,-42.088195,-108.462083,93.984618
2026-08-05T11:58:33.797509,1785923913.797510,29.042811,0.7490638494491577,0.08370992541313171,-0.6470929980278015,0.11474643647670746,0.2853465974330902,-0.6029800772666931,-0.55009925365448,0.5023784637451172,109.537402,-40.634815,-108.776870,89.146358
2026-08-05T11:58:33.813499,1785923913.813499,29.058800,0.7468196153640747,0.08275411278009415,-0.6509248614311218,0.10820838809013367,0.2996867299079895,-0.596500039100647,-0.556549072265625,0.49460023641586304,107.651859,-38.920412,-117.923493,107.220293
2026-08-05T11:58:33.830712,1785923913.830713,29.076013,0.7418185472488403,0.0839257687330246,-0.6572484970092773,0.10337430238723755,0.3144373297691345,-0.5893160104751587,-0.5636885166168213,0.4858928620815277,105.613017,-37.035395,-118.447075,109.510578
2026-08-05T11:58:33.836618,1785923913.836618,29.081919,0.7349418997764587,0.0844954401254654,-0.6652776598930359,0.10063153505325317,0.3228241205215454,-0.5831209421157837,-0.5757429599761963,0.4735770523548126,103.561646,-35.613620,-347.344663,240.739400
2026-08-05T11:58:33.846660,1785923913.846661,29.091961,0.7294678092002869,0.08176852017641068,-0.67239910364151,0.09523878246545792,0.3279178738594055,-0.5775595307350159,-0.5896100997924805,0.4596255123615265,101.573803,-34.321532,-197.949163,128.665901
2026-08-05T11:58:33.863288,1785923913.863289,29.108589,0.7243063449859619,0.07832108438014984,-0.6795222759246826,0.08657702058553696,0.33981749415397644,-0.5702477097511292,-0.5984673500061035,0.4485298991203308,99.372373,-32.189695,-132.392730,128.207486
2026-08-05T11:58:33.879369,1785923913.879370,29.124671,0.7179727554321289,0.078121118247509,-0.6869841814041138,0.08040715754032135,0.3607448935508728,-0.559533953666687,-0.6024106740951538,0.44032591581344604,96.705111,-29.643936,-165.863200,158.307523
2026-08-05T11:58:33.896857,1785923913.896857,29.142158,0.7122966647148132,0.08044853806495667,-0.6931540369987488,0.07549358904361725,0.3820377588272095,-0.5474813580513,-0.6068905591964722,0.43127232789993286,94.108316,-27.637535,-148.496174,114.734881
2026-08-05T11:58:33.947006,1785923913.947007,29.192307,0.7076287865638733,0.08176574856042862,-0.6982107162475586,0.07125920802354813,0.3950417637825012,-0.5376788377761841,-0.6166403889656067,0.4178503155708313,91.802126,-26.672959,-45.986136,19.233934
2026-08-05T11:58:33.964233,1785923913.964233,29.209534,0.6994907855987549,0.08503100275993347,-0.7063601613044739,0.06736381351947784,0.4024874269962311,-0.5303170084953308,-0.6287473440170288,0.4018024206161499,89.914922,-26.052832,-109.554158,35.999034
2026-08-05T11:58:33.981162,1785923913.981163,29.226464,0.6905269026756287,0.09205248951911926,-0.7145195603370667,0.0645056888461113,0.41268110275268555,-0.522034227848053,-0.6376218795776367,0.38808974623680115,88.296533,-25.490393,-95.593733,33.221692
2026-08-05T11:58:33.987829,1785923913.987829,29.233130,0.6852210760116577,0.09939579665660858,-0.7188665270805359,0.06183657422661781,0.43003663420677185,-0.5103750228881836,-0.6418440937995911,0.37765443325042725,86.446013,-24.868404,-277.588186,93.301784
2026-08-05T11:58:33.997071,1785923913.997072,29.242372,0.6837891340255737,0.10357130318880081,-0.7199652791023254,0.05792844295501709,0.4498433768749237,-0.4962407648563385,-0.6450061798095703,0.36790475249290466,84.213733,-24.104257,-241.528745,82.679351
2026-08-05T11:58:34.013545,1785923914.013545,29.258846,0.6852354407310486,0.10133138298988342,-0.7193842530250549,0.051680877804756165,0.4663938879966736,-0.4833084046840668,-0.6498915553092957,0.3557123839855194,81.683231,-23.322369,-153.607931,47.462620
2026-08-05T11:58:34.031023,1785923914.031024,29.276325,0.6799270510673523,0.10027753561735153,-0.7248978614807129,0.046548452228307724,0.47764864563941956,-0.4729912579059601,-0.6574764251708984,0.3403770327568054,79.331220,-22.534870,-134.564374,45.054754
2026-08-05T11:58:34.047710,1785923914.047710,29.293011,0.6722251772880554,0.1052301749587059,-0.7313673496246338,0.04628061130642891,0.4881531894207001,-0.4627784490585327,-0.6646915674209595,0.32515913248062134,77.362952,-22.518892,-117.959538,0.957554
2026-08-05T11:58:34.083144,1785923914.083144,29.326379,0.6716912388801575,0.11344350129365921,-0.7304703593254089,0.048731327056884766,0.503051221370697,-0.4490736722946167,-0.6684795022010803,0.3137008249759674,75.527667,-23.180316,-55.001565,-19.822181
2026-08-05T11:58:34.096950,1785923914.096951,29.342251,0.6746663451194763,0.11857619881629944,-0.7268754243850708,0.0491652674973011,0.5213404893875122,-0.43179887533187866,-0.670440673828125,0.3037499487400055,73.205240,-23.271697,-146.315600,-5.757118
2026-08-05T11:58:34.113868,1785923914.113868,29.359169,0.6763649582862854,0.11519406735897064,-0.7261263728141785,0.044739026576280594,0.536800742149353,-0.4156751334667206,-0.6733905673027039,0.2925833463668823,70.379895,-22.243383,-167.007587,60.784182
2026-08-05T11:58:34.117257,1785923914.117257,29.362558,0.6706661581993103,0.11391221731901169,-0.7318440079689026,0.040442537516355515,0.5481353998184204,-0.40231603384017944,-0.6779097318649292,0.27951523661613464,67.963615,-21.190710,-712.952020,310.603680
2026-08-05T11:58:34.131338,1785923914.131338,29.376639,0.6664214730262756,0.11913273483514786,-0.7347235083580017,0.043259136378765106,0.5580080151557922,-0.3894476592540741,-0.6825771927833557,0.2665460705757141,66.034157,-21.566936,-137.023343,-26.718243
2026-08-05T11:58:34.138476,1785923914.138477,29.382712,0.6692681312561035,0.12637580931186676,-0.730770468711853,0.04565000906586647,0.5697513222694397,-0.374112069606781,-0.6855527758598328,0.25581616163253784,64.291573,-22.280950,-286.962052,-117.581211
2026-08-05T11:58:34.146801,1785923914.146802,29.392102,0.6712806224822998,0.1320621371269226,-0.7278468012809753,0.046701960265636444,0.583159327507019,-0.35702767968177795,-0.6870245933532715,0.24587514996528625,62.293627,-22.444198,-212.755007,-17.383747
2026-08-05T11:58:34.164586,1785923914.164586,29.409887,0.6702569127082825,0.13281242549419403,-0.7287886142730713,0.0445404015481472,0.5951143503189087,-0.3406972885131836,-0.6889926791191101,0.23463620245456696,59.957434,-21.835086,-131.362226,34.249865
2026-08-05T11:58:34.179917,1785923914.179918,29.425219,0.6674226522445679,0.1363757699728012,-0.7307097911834717,0.044857002794742584,0.6057347655296326,-0.32495197653770447,-0.6914929151535034,0.2221035361289978,57.860659,-21.758868,-136.760384,4.971232
2026-08-05T11:58:34.196011,1785923914.196011,29.441312,0.6667357087135315,0.14316050708293915,-0.729939341545105,0.046448152512311935,0.6169793009757996,-0.3080753982067108,-0.6934244632720947,0.2087811529636383,55.959702,-22.235324,-118.121325,-29.605936
2026-08-05T11:58:34.213798,1785923914.213798,29.458151,0.6682190299034119,0.14981864392757416,-0.7269773483276367,0.05041730776429176,0.6289904713630676,-0.2891950309276581,-0.6945406794548035,0.19583472609519958,53.808256,-22.839281,-127.767308,-35.866989
2026-08-05T11:58:34.231094,1785923914.231094,29.476395,0.66953444480896,0.15353244543075562,-0.7248654365539551,0.05216965079307556,0.6408622860908508,-0.27005842328071594,-0.6949791312217712,0.1826714724302292,51.443474,-22.970484,-129.616122,-7.191356
2026-08-05T11:58:34.264976,1785923914.264977,29.509009,0.6676989197731018,0.15810246765613556,-0.7254126667976379,0.054390743374824524,0.6509329676628113,-0.25287550687789917,-0.6957592964172363,0.16810746490955353,49.401518,-23.341026,-62.610720,-11.361631
2026-08-05T11:58:34.270611,1785923914.270612,29.515913,0.6662468910217285,0.16444575786590576,-0.7251520156860352,0.056809231638908386,0.659619927406311,-0.2370823323726654,-0.6967039704322815,0.15263693034648895,47.767291,-24.115799,-236.702975,-112.218788
2026-08-05T11:58:34.280804,1785923914.280804,29.526105,0.6675936579704285,0.17102983593940735,-0.7221308946609497,0.05995521694421768,0.6687746644020081,-0.2202901691198349,-0.6965771913528442,0.13781732320785522,46.125635,-24.965574,-161.066797,-83.373476
2026-08-05T11:58:34.296697,1785923914.296697,29.541998,0.6684393286705017,0.17636282742023468,-0.7198988199234009,0.0618937723338604,0.678225040435791,-0.20209713280200958,-0.6954980492591858,0.12430083006620407,44.333056,-25.348487,-112.790590,-24.093215
2026-08-05T11:58:34.313665,1785923914.313665,29.558966,0.6681926846504211,0.18194709718227386,-0.7186528444290161,0.06286533921957016,0.6873367428779602,-0.1833767592906952,-0.6938422322273254,0.11191502213478088,42.636553,-25.498413,-99.985232,-8.836006
2026-08-05T11:58:34.330346,1785923914.330347,29.575648,0.6684269309043884,0.18827737867832184,-0.7166966199874878,0.06405706703662872,0.6955201625823975,-0.16566598415374756,-0.6919769048690796,0.09987548738718033,41.203742,-25.805604,-85.888863,-18.414410
2026-08-05T11:58:34.346638,1785923914.346639,29.591939,0.6684998869895935,0.1934228390455246,-0.7152813673019409,0.06378347426652908,0.7026268839836121,-0.14947767555713654,-0.6901554465293884,0.08751080930233002,39.886751,-26.026892,-80.838583,-13.582922
2026-08-05T11:58:34.365200,1785923914.365200,29.610501,0.6686245799064636,0.19828741252422333,-0.713860273361206,0.0634603500366211,0.70890873670578,-0.13442327082157135,-0.6882229447364807,0.07568921148777008,38.725979,-26.262778,-62.536199,-12.708264
2026-08-05T11:58:34.380444,1785923914.380444,29.625745,0.6690840125083923,0.2032175064086914,-0.7120293378829956,0.06358904391527176,0.7146913409233093,-0.11938612908124924,-0.6861047148704529,0.06499404460191727,37.622337,-26.451434,-72.400677,-12.376126
2026-08-05T11:58:34.397426,1785923914.397426,29.642727,0.6691238284111023,0.2096654325723648,-0.7100186347961426,0.06471017748117447,0.7201886773109436,-0.10400654375553131,-0.6836671233177185,0.05577637255191803,36.713484,-26.699314,-53.518349,-14.596558
2026-08-05T11:58:34.414144,1785923914.414145,29.659446,0.6720821261405945,0.21286308765411377,-0.7063723802566528,0.06350749731063843,0.7257844805717468,-0.08813223242759705,-0.6806043386459351,0.04741322994232178,35.348717,-26.397741,-81.629223,18.037633
2026-08-05T11:58:34.446862,1785923914.446862,29.692163,0.6743485927581787,0.21239732205867767,-0.7046589851379395,0.05997653305530548,0.7314801812171936,-0.07246541976928711,-0.6769031286239624,0.03857818990945816,33.655073,-25.620385,-51.766113,23.759826
2026-08-05T11:58:34.453818,1785923914.453819,29.699119,0.6764317154884338,0.21109603345394135,-0.7032498121261597,0.057604946196079254,0.7365466356277466,-0.05839771404862404,-0.6732663512229919,0.028317080810666084,32.108086,-25.091443,-222.385185,76.037466
2026-08-05T11:58:34.463466,1785923914.463466,29.708767,0.6764498949050903,0.21445544064044952,-0.7021412253379822,0.0584988035261631,0.7405378222465515,-0.04683048650622368,-0.6701664924621582,0.016978632658720016,31.507250,-25.499524,-62.278291,-42.298740
2026-08-05T11:58:34.479727,1785923914.479727,29.725028,0.6769236326217651,0.2205008715391159,-0.6995624899864197,0.06136908382177353,0.7440758347511292,-0.035729650408029556,-0.6671001315116882,0.007263277657330036,31.299948,-26.203775,-12.748323,-43.308933
2026-08-05T11:58:34.496804,1785923914.496804,29.741090,0.6782611012458801,0.22556646168231964,-0.6965465545654297,0.0624869279563427,0.747814953327179,-0.022367306053638458,-0.6635302901268005,0.0009248896967619658,30.665865,-26.227758,-39.478354,-1.493196
2026-08-05T11:58:34.513980,1785923914.513980,29.759281,0.6797143220901489,0.22672410309314728,-0.6949378252029419,0.0603833943605423,0.7511913180351257,-0.006990145891904831,-0.6600410342216492,-0.003075024578720331,29.289508,-25.289357,-75.659001,51.584360
2026-08-05T11:58:34.530757,1785923914.530758,29.776059,0.6823636889457703,0.2251991480588913,-0.6932181119918823,0.055803216993808746,0.7538362741470337,0.00892732385545969,-0.6569798588752747,-0.005421260371804237,27.410084,-23.727497,-112.020391,93.092476
2026-08-05T11:58:34.547465,1785923914.547466,29.792341,0.6848722100257874,0.22501659393310547,-0.6910513639450073,0.05259047821164131,0.7559162378311157,0.02312380261719227,-0.6542220115661621,-0.007090331520885229,25.863703,-22.465508,-94.973023,77.506688
2026-08-05T11:58:34.563084,1785923914.563084,29.808385,0.6850423216819763,0.22619391977787018,-0.6906381249427795,0.050720348954200745,0.7572550177574158,0.0337754487991333,-0.6521739959716797,-0.009687540121376514,24.989445,-21.789705,-54.490827,42.121472
2026-08-05T11:58:34.596989,1785923914.596990,29.842290,0.6851957440376282,0.2252488136291504,-0.6909659504890442,0.04833212122321129,0.7581167221069336,0.041213929653167725,-0.6506824493408203,-0.01318409200757742,24.243629,-21.212636,-21.997054,17.020067
2026-08-05T11:58:34.612451,1785923914.612451,29.857024,0.6844727993011475,0.22610023617744446,-0.6913734674453735,0.048770010471343994,0.7586079835891724,0.04680437222123146,-0.6496647000312805,-0.016117660328745842,23.969184,-21.114731,-18.627214,6.644990
2026-08-05T11:58:34.628941,1785923914.628941,29.873739,0.6838709115982056,0.22891740500926971,-0.6908385753631592,0.051571376621723175,0.7586137652397156,0.05081796646118164,-0.6493258476257324,-0.017309611663222313,24.019001,-21.347424,2.980358,-13.920937
2026-08-05T11:58:34.646095,1785923914.646096,29.891397,0.6842375993728638,0.23029552400112152,-0.6899082660675049,0.05300687626004219,0.7583436369895935,0.05332420766353607,-0.649470329284668,-0.016150495037436485,23.868385,-21.270765,-8.529884,4.341403
2026-08-05T11:58:34.662425,1785923914.662425,29.907726,0.6839099526405334,0.2282978743314743,-0.6909865736961365,0.051817700266838074,0.7579268217086792,0.05295448750257492,-0.6500385999679565,-0.013906938023865223,23.587394,-20.850956,-17.208030,25.709378
2026-08-05T11:58:34.678980,1785923914.678981,29.924282,0.6832209825515747,0.22531895339488983,-0.692774772644043,0.0500391349196434,0.7569830417633057,0.048737987875938416,-0.6515036225318909,-0.012054684571921825,23.576279,-20.635977,-0.671373,12.985090
2026-08-05T11:58:34.696189,1785923914.696190,29.941490,0.6826031804084778,0.2223961055278778,-0.6943454742431641,0.049773652106523514,0.7556543946266174,0.041197292506694794,-0.653588593006134,-0.010593085549771786,23.936515,-20.831166,20.933257,-11.342395
2026-08-05T11:58:34.713594,1785923914.713594,29.958895,0.6815997362136841,0.22014574706554413,-0.6959213614463806,0.051490847021341324,0.7541604042053223,0.032210756093263626,-0.655846118927002,-0.008445230312645435,24.566114,-21.297051,36.174339,-26.767956
2026-08-05T11:58:34.730333,1785923914.730333,29.975634,0.6806507706642151,0.2182895839214325,-0.6972452402114868,0.05397563800215721,0.7523723244667053,0.02162659354507923,-0.6583621501922607,-0.005342564079910517,25.379120,-21.902971,48.569908,-36.198365
2026-08-05T11:58:34.737756,1785923914.737757,29.983058,0.6793838739395142,0.21470031142234802,-0.6994582414627075,0.0556744821369648,0.750130832195282,0.008728167973458767,-0.6612316370010376,-0.0011691453400999308,26.218708,-22.389790,113.092837,-65.574666
2026-08-05T11:58:34.764292,1785923914.764293,30.009593,0.677466094493866,0.21092474460601807,-0.7023212313652039,0.05740540847182274,0.7470632195472717,-0.007266201078891754,-0.6647029519081116,0.0038755573332309723,27.358802,-23.028428,42.964484,-24.067106
2026-08-05T11:58:34.812966,1785923914.812967,30.058268,0.6758726239204407,0.20548047125339508,-0.705498218536377,0.056977421045303345,0.7427175641059875,-0.02638259343802929,-0.6690182685852051,0.009492797777056694,28.564192,-23.533467,24.764502,-10.375913
2026-08-05T11:58:34.829777,1785923914.829777,30.075078,0.6743504405021667,0.19866572320461273,-0.709077000617981,0.054711222648620605,0.7370978593826294,-0.04766737297177315,-0.6739166975021362,0.015871329233050346,29.825422,-23.863796,75.027743,-19.650579
2026-08-05T11:58:34.846848,1785923914.846848,30.092149,0.6728189587593079,0.1914895474910736,-0.7127281427383423,0.051625337451696396,0.7304742336273193,-0.06900876760482788,-0.6790205240249634,0.02403438650071621,31.073201,-23.936661,73.092446,-4.268264
2026-08-05T11:58:34.863063,1785923914.863063,30.108364,0.6713298559188843,0.18391300737857819,-0.7163657546043396,0.04808574169874191,0.723578929901123,-0.08889897912740707,-0.6836148500442505,0.034679852426052094,32.193169,-23.607311,69.069483,20.311349
2026-08-05T11:58:34.880532,1785923914.880533,30.125833,0.669717013835907,0.17685531079769135,-0.7198275327682495,0.04527412727475166,0.7165347337722778,-0.10738945007324219,-0.6876159906387329,0.04723377525806427,33.334806,-23.099913,65.351551,29.045334
2026-08-05T11:58:34.886011,1785923914.887246,30.131313,0.6681305766105652,0.1701280027627945,-0.7230266332626343,0.04348045960068703,0.7090747952461243,-0.1257609874010086,-0.6912041902542114,0.060292623937129974,34.608395,-22.639600,232.434894,84.008905
2026-08-05T11:58:34.896362,1785923914.896363,30.141663,0.6636496782302856,0.16183015704154968,-0.7289009094238281,0.04564691707491875,0.7007731199264526,-0.14496082067489624,-0.6946918368339539,0.07285504788160324,35.911335,-22.383098,125.879368,24.781123
2026-08-05T11:58:34.912723,1785923914.912724,30.158025,0.6611613035202026,0.1598445326089859,-0.7314310669898987,0.04820891469717026,0.6916523575782776,-0.16452021896839142,-0.6980778574943542,0.08508066087961197,37.938574,-22.808024,123.905017,-25.971502
2026-08-05T11:58:34.930912,1785923914.930912,30.176213,0.6613385081291199,0.15630361437797546,-0.731896698474884,0.05027813836932182,0.682468593120575,-0.18294310569763184,-0.7008348703384399,0.09798096120357513,39.690675,-22.978294,96.330236,-9.361416
2026-08-05T11:58:34.947503,1785923914.947503,30.192804,0.6625043749809265,0.1533554345369339,-0.7312822341918945,0.05288440361618996,0.6739672422409058,-0.19927352666854858,-0.7025706171989441,0.11159756034612656,41.341303,-23.066632,99.488967,-5.324449
2026-08-05T11:58:34.963396,1785923914.963397,30.208698,0.6631305813789368,0.1516604721546173,-0.7308261394500732,0.056125458329916,0.666008710861206,-0.21390771865844727,-0.7036026120185852,0.12498200684785843,42.994650,-23.201763,104.026875,-8.502317
2026-08-05T11:58:34.996961,1785923914.996961,30.242262,0.6625842452049255,0.14919808506965637,-0.731644332408905,0.05846996232867241,0.6576910614967346,-0.228957861661911,-0.7044795751571655,0.13685955107212067,44.649508,-23.319289,49.304055,-3.501517
2026-08-05T11:58:35.013784,1785923915.013785,30.259085,0.6610113978385925,0.14722959697246552,-0.7332942485809326,0.06055678799748421,0.648139476776123,-0.24565459787845612,-0.7055104970932007,0.14773325622081757,46.569282,-23.636048,114.112472,-18.828317
2026-08-05T11:58:35.030926,1785923915.030926,30.276227,0.6582435965538025,0.14745353162288666,-0.7355653643608093,0.06258213520050049,0.637843132019043,-0.26320046186447144,-0.706159770488739,0.15881216526031494,48.875533,-24.140200,134.543155,-29.411496
2026-08-05T11:58:35.037108,1785923915.037108,30.282409,0.6570545434951782,0.1472989320755005,-0.7365821599960327,0.0634765625,0.6268538236618042,-0.28104671835899353,-0.7064317464828491,0.17035964131355286,51.251695,-24.571730,384.355947,-69.802019
2026-08-05T11:58:35.047098,1785923915.047099,30.292400,0.6568248271942139,0.14486339688301086,-0.7372978329658508,0.06314845383167267,0.615180492401123,-0.2988697290420532,-0.7063454985618591,0.1825021505355835,53.473828,-24.691232,222.420252,-11.961285
2026-08-05T11:58:35.051338,1785923915.051338,30.296639,0.6555452346801758,0.1417517215013504,-0.7391123175621033,0.0622890330851078,0.6023187041282654,-0.31692755222320557,-0.7061967253684998,0.19508109986782074,55.734825,-24.623674,533.309542,15.935049
2026-08-05T11:58:35.063549,1785923915.063549,30.308850,0.6568841338157654,0.13796307146549225,-0.7387314438819885,0.061198972165584564,0.5887506604194641,-0.33447524905204773,-0.70549476146698,0.20923039317131042,58.011506,-24.457417,186.447455,13.615487
2026-08-05T11:58:35.080943,1785923915.080944,30.326245,0.658432126045227,0.136134535074234,-0.7376576066017151,0.06161011755466461,0.5755444765090942,-0.35075345635414124,-0.7036081552505493,0.22507211565971375,60.440866,-24.374393,139.662193,4.773002
2026-08-05T11:58:35.130152,1785923915.130153,30.375453,0.6588994860649109,0.13445334136486053,-0.7374555468559265,0.06271527707576752,0.5623041987419128,-0.3662080764770508,-0.7008625864982605,0.2418646216392517,62.857978,-24.143418,49.119428,4.693772
2026-08-05T11:58:35.146890,1785923915.146891,30.392191,0.6590397953987122,0.13240009546279907,-0.7375110983848572,0.06491852551698685,0.5478427410125732,-0.38177984952926636,-0.698188841342926,0.258158802986145,65.257236,-24.007975,143.342474,8.091956
2026-08-05T11:58:35.162481,1785923915.162482,30.407782,0.6592229008674622,0.13295170664787292,-0.7368036508560181,0.06978099048137665,0.5322043895721436,-0.3973347544670105,-0.695590078830719,0.2739328444004059,67.875811,-24.402454,167.955279,-25.301870
2026-08-05T11:58:35.180216,1785923915.180216,30.425517,0.6616690158843994,0.13436700403690338,-0.7337538003921509,0.0757974311709404,0.5164186358451843,-0.4119803309440613,-0.6926327347755432,0.2895606458187103,70.525959,-25.133942,149.432379,-41.245992
2026-08-05T11:58:35.185318,1785923915.185318,30.430619,0.6649293899536133,0.1349344700574875,-0.7300517559051514,0.08176896721124649,0.5009155869483948,-0.42552322149276733,-0.6891290545463562,0.3051491379737854,73.028908,-25.804718,490.589700,-131.475154
2026-08-05T11:58:35.196629,1785923915.196630,30.440902,0.6665206551551819,0.13499309122562408,-0.7280086278915405,0.08677971363067627,0.4861293435096741,-0.4379824697971344,-0.684853732585907,0.3206651210784912,75.386276,-26.116496,229.243912,-30.319098
2026-08-05T11:58:35.212508,1785923915.212508,30.456854,0.6677444577217102,0.1356016844511032,-0.7260164022445679,0.09289701282978058,0.4717761278152466,-0.44979915022850037,-0.6798315644264221,0.3360632658004761,77.694697,-26.514431,144.713733,-24.946305
2026-08-05T11:58:35.215567,1785923915.215568,30.460868,0.6695392727851868,0.13524216413497925,-0.7236820459365845,0.098545141518116,0.4568716883659363,-0.4611722528934479,-0.6750560402870178,0.350555419921875,79.901888,-26.908240,549.805953,-98.096922
2026-08-05T11:58:35.229831,1785923915.229832,30.475132,0.6729375720024109,0.1328965276479721,-0.7203043699264526,0.10322456806898117,0.4409036934375763,-0.4725111126899719,-0.6702027320861816,0.36492016911506653,82.067373,-27.257772,151.813555,-24.504290
2026-08-05T11:58:35.247325,1785923915.247325,30.492626,0.6782192587852478,0.13014225661754608,-0.7152256965637207,0.10739640146493912,0.4270138144493103,-0.4822019040584564,-0.6635554432868958,0.3805733621120453,84.141553,-27.505047,118.567104,-14.135109
2026-08-05T11:58:35.263609,1785923915.263610,30.508910,0.6845422387123108,0.12790276110172272,-0.7088071703910828,0.11240681260824203,0.4151592552661896,-0.4904424846172333,-0.6551125049591064,0.39741402864456177,86.145852,-27.800133,123.082237,-18.120960
2026-08-05T11:58:35.296983,1785923915.296983,30.542284,0.6905259490013123,0.12611976265907288,-0.7024160027503967,0.11781220883131027,0.4019470810890198,-0.49882248044013977,-0.6471297144889832,0.41332679986953735,88.238541,-28.310118,62.704918,-15.281089
2026-08-05T11:58:35.330434,1785923915.330435,30.575736,0.6972430944442749,0.12439112365245819,-0.6951471567153931,0.12308414280414581,0.38553386926651,-0.5083319544792175,-0.6404914259910583,0.42747440934181213,90.594414,-29.327326,70.426424,-30.408382
2026-08-05T11:58:35.346448,1785923915.346448,30.591749,0.70504230260849,0.12226179242134094,-0.6866247653961182,0.1285068243741989,0.36806678771972656,-0.5178086757659912,-0.6336579322814941,0.44145187735557556,93.054611,-30.627437,153.636072,-81.190240
2026-08-05T11:58:35.363922,1785923915.363922,30.609223,0.7143311500549316,0.12208858877420425,-0.6758795380592346,0.1342107355594635,0.3518281579017639,-0.5264224410057068,-0.6254969835281372,0.45590701699256897,95.711519,-32.378086,152.047707,-100.184908
2026-08-05T11:58:35.380770,1785923915.380770,30.626071,0.7236944437026978,0.1226629763841629,-0.6644155979156494,0.14061442017555237,0.33687904477119446,-0.5342142581939697,-0.6165655851364136,0.470080703496933,98.308546,-34.375208,154.143733,-118.537017
2026-08-05T11:58:35.397293,1785923915.397294,30.642595,0.7313032150268555,0.12118314951658249,-0.6550564169883728,0.14632654190063477,0.32160165905952454,-0.541374683380127,-0.608974814414978,0.4823245704174042,100.554678,-36.063866,135.934766,-102.196767
2026-08-05T11:58:35.412657,1785923915.412658,30.657959,0.73700350522995,0.12049572914838791,-0.6474059820175171,0.15222419798374176,0.30480581521987915,-0.5479568839073181,-0.603854238986969,0.492136150598526,102.713414,-37.813022,140.504540,-113.846461
2026-08-05T11:58:35.431218,1785923915.431219,30.676127,0.7418961524963379,0.11973149329423904,-0.6406170129776001,0.15768475830554962,0.2884035110473633,-0.5536987781524658,-0.5994706749916077,0.5008764266967773,104.722401,-39.453149,110.577070,-90.274504
2026-08-05T11:58:35.446849,1785923915.446849,30.692150,0.7465060949325562,0.11881021410226822,-0.6339417695999146,0.16349519789218903,0.27478209137916565,-0.5585973858833313,-0.5941047668457031,0.5094159841537476,106.450037,-41.000222,107.822752,-96.553749
2026-08-05T11:58:35.464101,1785923915.464102,30.709403,0.7486593127250671,0.1198013499379158,-0.62959223985672,0.16961868107318878,0.26386281847953796,-0.5631253123283386,-0.5877267718315125,0.5175372958183289,107.984879,-42.234489,88.962533,-71.540624
2026-08-05T11:58:35.480840,1785923915.480841,30.726141,0.7506206631660461,0.12085467576980591,-0.6258227229118347,0.17409443855285645,0.25250253081321716,-0.567521870136261,-0.5827525854110718,0.5239866971969604,109.538819,-43.481764,92.834071,-74.513569
2026-08-05T11:58:35.488371,1785923915.488371,30.733672,0.7517194747924805,0.12219226360321045,-0.6231693625450134,0.17789635062217712,0.23975235223770142,-0.5716412663459778,-0.5795027017593384,0.529077410697937,111.108562,-44.672187,208.446236,-158.076188
2026-08-05T11:58:35.496488,1785923915.496488,30.741789,0.7515349984169006,0.12355194985866547,-0.6221559047698975,0.1812516450881958,0.2274416983127594,-0.5750003457069397,-0.5769113898277283,0.5336849093437195,112.503112,-45.465618,171.806839,-97.749793
2026-08-05T11:58:35.503095,1785923915.503096,30.748397,0.7526177763938904,0.12227464467287064,-0.6202414035797119,0.18416348099708557,0.21828432381153107,-0.5775883793830872,-0.5727553963661194,0.539162278175354,113.512704,-45.958604,152.794195,-74.609780
2026-08-05T11:58:35.545850,1785923915.545851,30.791151,0.7542757391929626,0.1215846911072731,-0.6174460053443909,0.1872054934501648,0.21188031136989594,-0.5794943571090698,-0.5672052502632141,0.5455019474029541,114.401426,-46.409609,20.786550,-10.548666
2026-08-05T11:58:35.562386,1785923915.562386,30.807261,0.7549283504486084,0.12431204319000244,-0.6149715185165405,0.19089283049106598,0.2040155678987503,-0.5813246965408325,-0.5626754760742188,0.5512139201164246,115.582807,-47.161427,73.335640,-46.670016
2026-08-05T11:58:35.578903,1785923915.578903,30.824204,0.754451334476471,0.12674148380756378,-0.6136838793754578,0.1952737718820572,0.19302210211753845,-0.5832523703575134,-0.5596820116043091,0.5561622977256775,116.828385,-47.869029,73.514870,-41.763134
2026-08-05T11:58:35.596772,1785923915.596772,30.842073,0.754983127117157,0.126205176115036,-0.6120385527610779,0.19869939982891083,0.18280965089797974,-0.5853748321533203,-0.5558315515518188,0.5612215399742126,117.892061,-48.426541,59.525540,-31.199550
2026-08-05T11:58:35.613563,1785923915.613563,30.858864,0.7557923197746277,0.12406156212091446,-0.6104617714881897,0.20180031657218933,0.17644788324832916,-0.5876860618591309,-0.5495026707649231,0.5670443177223206,118.628582,-48.668557,43.863799,-14.413341
2026-08-05T11:58:35.622649,1785923915.622649,30.867950,0.7565267086029053,0.12099640816450119,-0.6091536283493042,0.20483936369419098,0.17218545079231262,-0.5901648998260498,-0.5423133373260498,0.5726736187934875,119.136326,-48.759769,55.881180,-10.038644
2026-08-05T11:58:35.629997,1785923915.629997,30.875298,0.7572464942932129,0.11773383617401123,-0.6076791882514954,0.20842885971069336,0.16593720018863678,-0.592542827129364,-0.5372148752212524,0.5768527388572693,119.658350,-49.118535,71.044750,-48.826165
2026-08-05T11:58:35.646880,1785923915.646881,30.892182,0.7572148442268372,0.11548401415348053,-0.607051432132721,0.21160811185836792,0.15867117047309875,-0.5947586297988892,-0.5339181423187256,0.579670786857605,120.232547,-49.515710,34.009136,-23.524293
2026-08-05T11:58:35.663677,1785923915.663678,30.908640,0.7576724886894226,0.11254732310771942,-0.6065502166748047,0.21298514306545258,0.15487302839756012,-0.5968121290206909,-0.5296249389648438,0.5825190544128418,120.596523,-49.628096,22.115403,-6.828645
2026-08-05T11:58:35.679970,1785923915.679971,30.925272,0.7584388852119446,0.10867132991552353,-0.6063921451568604,0.21272003650665283,0.15532733500003815,-0.5986596345901489,-0.5245835781097412,0.5850585103034973,120.620167,-49.385780,1.421584,14.569417
2026-08-05T11:58:35.696329,1785923915.696330,30.940314,0.759583592414856,0.10303901135921478,-0.6064884066581726,0.2111583650112152,0.15674042701721191,-0.6002026200294495,-0.5215777158737183,0.585787832736969,120.365186,-49.059522,-16.950656,21.689033
2026-08-05T11:58:35.712070,1785923915.712070,30.957371,0.7603074312210083,0.0989789292216301,-0.6066763997077942,0.20995143055915833,0.1570102572441101,-0.6011887788772583,-0.5214502811431885,0.5848169326782227,120.131560,-48.981663,-13.697002,4.564704
2026-08-05T11:58:35.727789,1785923915.727790,30.973091,0.7598111033439636,0.09753962606191635,-0.6076727509498596,0.20954038202762604,0.15749646723270416,-0.6020064353942871,-0.5214885473251343,0.583810031414032,119.976996,-48.874400,-9.832417,6.823367
2026-08-05T11:58:35.745658,1785923915.745658,30.990480,0.758734405040741,0.09781529754400253,-0.6089866757392883,0.2094990760087967,0.15916740894317627,-0.6027073264122009,-0.5202507376670837,0.5837380886077881,119.876943,-48.635811,-5.753550,13.720088
2026-08-05T11:58:35.762315,1785923915.762316,31.007617,0.7571243643760681,0.09954904764890671,-0.6105761528015137,0.20988070964813232,0.1602284163236618,-0.6030266880989075,-0.5195790529251099,0.583716094493866,119.863001,-48.397912,-0.813613,13.882935
2026-08-05T11:58:35.765100,1785923915.765101,31.010060,0.7553618550300598,0.10127896070480347,-0.6123133897781372,0.21034111082553864,0.15921230614185333,-0.6029316186904907,-0.521081268787384,0.582752525806427,119.888803,-48.256663,10.561371,57.816094
2026-08-05T11:58:35.779102,1785923915.779103,31.023975,0.7551681399345398,0.09915842115879059,-0.6134214401245117,0.20881326496601105,0.15830788016319275,-0.6025921702384949,-0.5236305594444275,0.5810624957084656,119.690611,-48.001152,-14.242512,18.361531
2026-08-05T11:58:35.795379,1785923915.795380,31.040680,0.7553853988647461,0.09781334549188614,-0.6141524910926819,0.20650042593479156,0.159783273935318,-0.6020667552947998,-0.5254300832748413,0.5795770287513733,119.445538,-47.714529,-14.670362,17.157614
2026-08-05T11:58:35.812395,1785923915.812395,31.057190,0.7548551559448242,0.09793604165315628,-0.6153764128684998,0.2047293782234192,0.16370588541030884,-0.6016013026237488,-0.5256760120391846,0.5787418484687805,119.120827,-47.255192,-19.668370,27.822976
2026-08-05T11:58:35.828601,1785923915.828601,31.073902,0.7543985247612,0.0987192839384079,-0.6164379715919495,0.20283399522304535,0.16774964332580566,-0.6011593341827393,-0.5257731676101685,0.5779543519020081,118.866862,-46.872264,-15.196396,22.913091
2026-08-05T11:58:35.845853,1785923915.845853,31.090467,0.7533367872238159,0.10024534165859222,-0.6182191371917725,0.20059847831726074,0.1702776700258255,-0.6006707549095154,-0.5274103879928589,0.5762287974357605,118.711306,-46.528696,-9.390734,20.740791
2026-08-05T11:58:35.863296,1785923915.863297,31.107583,0.7523439526557922,0.0989629328250885,-0.6208840608596802,0.19669261574745178,0.17250865697860718,-0.6002835631370544,-0.5304791927337646,0.573143482208252,118.341827,-45.932315,-21.586088,34.842329
2026-08-05T11:58:35.880194,1785923915.880195,31.125496,0.7529951930046082,0.09529515355825424,-0.6221603751182556,0.19192098081111908,0.17600864171981812,-0.5995340347290039,-0.5340694189071655,0.5695181488990784,117.740220,-45.424329,-33.586060,28.359481
2026-08-05T11:58:35.897011,1785923915.897012,31.142313,0.7524954080581665,0.09395960718393326,-0.62408447265625,0.18825767934322357,0.18081553280353546,-0.598642885684967,-0.5372598767280579,0.5659378170967102,117.113753,-44.876235,-37.251845,32.591502
2026-08-05T11:58:35.913189,1785923915.913189,31.158490,0.7514190077781677,0.09385862946510315,-0.6262085437774658,0.1855345517396927,0.18543554842472076,-0.5979039669036865,-0.539882242679596,0.5627191662788391,116.568742,-44.387393,-33.690069,30.218009
2026-08-05T11:58:35.919068,1785923915.919068,31.164369,0.7509132027626038,0.09200457483530045,-0.6281920075416565,0.18176767230033875,0.18913914263248444,-0.596738874912262,-0.5430790185928345,0.5596386790275574,115.988261,-43.724260,-98.735392,112.793763
2026-08-05T11:58:35.929519,1785923915.929520,31.174820,0.7495561242103577,0.08983756601810455,-0.6308768391609192,0.1791353076696396,0.1922445297241211,-0.5951868891716003,-0.5469720363616943,0.5564326643943787,115.261131,-42.897650,-69.573014,79.091502
2026-08-05T11:58:35.963932,1785923915.963933,31.209233,0.7486505508422852,0.08656192570924759,-0.6332505345344543,0.1761343628168106,0.19482702016830444,-0.5935317277908325,-0.5519458055496216,0.552376389503479,114.456712,-42.157434,-23.375539,21.509870
2026-08-05T11:58:35.997298,1785923915.997298,31.242599,0.7474998235702515,0.08337514102458954,-0.6360365748405457,0.17248262465000153,0.1959180384874344,-0.5920491218566895,-0.5582047700881958,0.5472683310508728,113.742935,-41.505787,-21.392359,19.530287
2026-08-05T11:58:36.013750,1785923916.013750,31.259051,0.7465330958366394,0.07931067049503326,-0.6390264630317688,0.1674620360136032,0.19690704345703125,-0.5906991362571716,-0.5645487308502197,0.5418376922607422,113.039802,-40.750574,-42.739542,45.905101
2026-08-05T11:58:36.030600,1785923916.030600,31.275901,0.746086835861206,0.0764847919344902,-0.6412158608436584,0.16231746971607208,0.20186984539031982,-0.5890913009643555,-0.5684587955474854,0.5376577377319336,112.257088,-39.930471,-46.451205,48.670159
2026-08-05T11:58:36.046759,1785923916.046760,31.291154,0.7449892163276672,0.07493579387664795,-0.6436738967895508,0.1583022177219391,0.21058809757232666,-0.5869382619857788,-0.5708025693893433,0.5341740846633911,111.212854,-38.916337,-68.462729,66.489286
2026-08-05T11:58:36.062957,1785923916.062958,31.308258,0.7442743182182312,0.07450123131275177,-0.6455721855163574,0.1540840119123459,0.21707166731357574,-0.5844292044639587,-0.5752699375152588,0.5295170545578003,110.361678,-38.240075,-49.762899,39.536807
2026-08-05T11:58:36.068771,1785923916.068772,31.314073,0.7439857721328735,0.075727179646492,-0.6469645500183105,0.14895504713058472,0.21951086819171906,-0.5819774270057678,-0.5827181935310364,0.5230276584625244,109.920207,-38.058806,-75.928332,31.176240
2026-08-05T11:58:36.079314,1785923916.079314,31.324615,0.743247389793396,0.0777091309428215,-0.6490686535835266,0.1423187404870987,0.22324199974536896,-0.5791440010070801,-0.5897002816200256,0.5167302489280701,109.490176,-37.569215,-40.791583,46.441289
2026-08-05T11:58:36.085547,1785923916.085548,31.330848,0.7403039932250977,0.0759596899151802,-0.6543363332748413,0.1342548280954361,0.23345182836055756,-0.5752390623092651,-0.5935043096542358,0.512205183506012,108.217683,-35.580061,-204.131441,319.097200
2026-08-05T11:58:36.112783,1785923916.112784,31.356980,0.7378081679344177,0.07562927901744843,-0.658481240272522,0.12775692343711853,0.24786053597927094,-0.5702140927314758,-0.5962780117988586,0.5078138709068298,106.651772,-33.762128,-59.924549,69.568937
2026-08-05T11:58:36.129708,1785923916.129708,31.373985,0.7345024347305298,0.07727009057998657,-0.6633381843566895,0.12049110233783722,0.2601962685585022,-0.5646572113037109,-0.6018924713134766,0.5011854767799377,105.235473,-32.143463,-83.286185,95.186484
2026-08-05T11:58:36.182517,1785923916.182518,31.427818,0.7288191318511963,0.08014696836471558,-0.6706502437591553,0.11237199604511261,0.2689984440803528,-0.559211015701294,-0.6101790070533752,0.492550253868103,103.980251,-30.409124,-23.316862,32.216875
2026-08-05T11:58:36.196487,1785923916.196487,31.441788,0.7228546142578125,0.07956366240978241,-0.6785710453987122,0.10340319573879242,0.2790430784225464,-0.5531641244888306,-0.6184350848197937,0.4834083318710327,102.292662,-28.269545,-120.801768,153.156379
2026-08-05T11:58:36.213435,1785923916.213435,31.458736,0.7176793217658997,0.0791429951786995,-0.6851813793182373,0.09591391682624817,0.29415014386177063,-0.5455472469329834,-0.62408846616745,0.4757820665836334,100.240758,-26.108951,-121.070710,127.483820
2026-08-05T11:58:36.218527,1785923916.218528,31.463829,0.7089619636535645,0.08457700163125992,-0.6941810250282288,0.09128236770629883,0.3127351701259613,-0.5366334319114685,-0.6284568905830383,0.4682568609714508,98.109662,-23.986404,-418.467360,416.788746
2026-08-05T11:58:36.229718,1785923916.229719,31.475019,0.7003540992736816,0.09012798964977264,-0.7026990056037903,0.08715043216943741,0.32809704542160034,-0.5282631516456604,-0.6354395151138306,0.45772069692611694,96.084001,-22.547957,-181.013689,128.540048
2026-08-05T11:58:36.246888,1785923916.246888,31.492189,0.6925442814826965,0.09699308127164841,-0.7101783752441406,0.08137324452400208,0.3369324505329132,-0.5212036967277527,-0.6460965871810913,0.4442788064479828,94.658680,-21.828358,-83.014828,41.911525
2026-08-05T11:58:36.263338,1785923916.263339,31.507623,0.6857718825340271,0.10269059985876083,-0.7166086435317993,0.0751250684261322,0.3468473255634308,-0.5142490863800049,-0.6550357341766357,0.43147918581962585,93.234572,-21.157995,-92.269194,43.433425
2026-08-05T11:58:36.280266,1785923916.280267,31.525567,0.6808486580848694,0.10243388265371323,-0.7221279740333557,0.06696052104234695,0.3633652627468109,-0.5049751400947571,-0.6604244709014893,0.42048379778862,91.027756,-19.691058,-122.982888,81.750376
2026-08-05T11:58:36.296521,1785923916.296521,31.540931,0.6755067110061646,0.10099982470273972,-0.7278993725776672,0.06043459102511406,0.38540270924568176,-0.49307212233543396,-0.6630810499191284,0.4106942117214203,88.217876,-17.907381,-182.896539,116.100528
2026-08-05T11:58:36.313750,1785923916.313750,31.559051,0.6710361838340759,0.10230059921741486,-0.7319566607475281,0.05903066694736481,0.40816614031791687,-0.47949880361557007,-0.6664484739303589,0.39916014671325684,85.180058,-17.100706,-167.645120,44.517192
2026-08-05T11:58:36.330794,1785923916.330794,31.575703,0.6666619181632996,0.11039171367883682,-0.7346566319465637,0.060460031032562256,0.42670881748199463,-0.4663783013820648,-0.6728625893592834,0.3842758238315582,82.725299,-17.630142,-147.418542,-31.794873
2026-08-05T11:58:36.379372,1785923916.379373,31.624673,0.6643930077552795,0.11910360306501389,-0.7352480888366699,0.06169945001602173,0.4432605803012848,-0.45458418130874634,-0.6788890361785889,0.3687605559825897,80.672289,-18.709505,-41.923241,-22.040994
2026-08-05T11:58:36.396642,1785923916.396642,31.641943,0.6642445921897888,0.12454117089509964,-0.7345461249351501,0.06091447174549103,0.4620629847049713,-0.4410881996154785,-0.6839163303375244,0.352418452501297,78.240370,-19.502589,-140.818775,-45.923069
2026-08-05T11:58:36.414101,1785923916.414102,31.659402,0.6662899255752563,0.1214236319065094,-0.7337498664855957,0.05408724024891853,0.4827313721179962,-0.42555391788482666,-0.688069760799408,0.33531421422958374,75.071484,-19.089669,-181.502836,23.650653
2026-08-05T11:58:36.430026,1785923916.430027,31.675328,0.6675972938537598,0.11354609578847885,-0.7341493368148804,0.049458060413599014,0.5048841834068298,-0.4078510105609894,-0.6911699175834656,0.31786006689071655,71.044201,-18.209696,-252.887892,55.256772
2026-08-05T11:58:36.446406,1785923916.446407,31.691708,0.6634718775749207,0.11984534561634064,-0.7364910840988159,0.05498282238841057,0.5473033785820007,-0.36820125579833984,-0.6952161192893982,0.28559160232543945,64.287528,-18.483613,-412.493489,-16.722621
2026-08-05T11:58:36.463594,1785923916.463595,31.708896,0.6654175519943237,0.12713350355625153,-0.7331717014312744,0.05929521471261978,0.5659662485122681,-0.3491639494895935,-0.696161150932312,0.2704213261604309,61.668607,-19.469296,-152.368553,-57.346905
2026-08-05T11:58:36.480313,1785923916.480313,31.725614,0.6675394177436829,0.13292792439460754,-0.7302591800689697,0.05867602676153183,0.5825287699699402,-0.3314201235771179,-0.6972107291221619,0.2544001638889313,59.343184,-20.076130,-139.095680,-36.297906
2026-08-05T11:58:36.496229,1785923916.496230,31.741531,0.6664483547210693,0.139709010720253,-0.7299385070800781,0.059311605989933014,0.597762405872345,-0.31419849395751953,-0.6980313658714294,0.23814454674720764,57.165862,-20.713391,-136.793800,-40.036970
2026-08-05T11:58:36.515132,1785923916.515133,31.760433,0.6664010882377625,0.1450289785861969,-0.7289341688156128,0.05942453444004059,0.6126534342765808,-0.2961934208869934,-0.6982529163360596,0.22219231724739075,54.878548,-21.159420,-121.004099,-23.595907
2026-08-05T11:58:36.518406,1785923916.518407,31.763708,0.6680248975753784,0.1509743332862854,-0.7262231111526489,0.05958007648587227,0.6277256011962891,-0.2760176658630371,-0.6978969573974609,0.20667774975299835,52.517051,-21.546800,-721.243489,-118.312944
2026-08-05T11:58:36.529484,1785923916.529485,31.774786,0.6704058051109314,0.1575068235397339,-0.7225940823554993,0.06004653871059418,0.6428365111351013,-0.25423869490623474,-0.6966184973716736,0.19195741415023804,50.133388,-21.846819,-215.173178,-27.082703
2026-08-05T11:58:36.534881,1785923916.534881,31.778860,0.6716042757034302,0.17008869349956512,-0.7184283137321472,0.06227649003267288,0.657231867313385,-0.23225636780261993,-0.6950737833976746,0.176002636551857,48.373059,-22.881870,-432.002452,-254.012077
2026-08-05T11:58:36.537047,1785923916.537047,31.782348,0.6713158488273621,0.17968682944774628,-0.715986967086792,0.06641276180744171,0.6704367995262146,-0.21128056943416595,-0.6930978298187256,0.15966084599494934,46.450291,-23.843483,-551.317692,-275.724354
2026-08-05T11:58:36.562587,1785923916.562587,31.807888,0.6713879704475403,0.1908530741930008,-0.7125474810600281,0.07134093344211578,0.6825912594795227,-0.1911662220954895,-0.6907790899276733,0.14265412092208862,44.907479,-25.161457,-60.407969,-51.604565
2026-08-05T11:58:36.578537,1785923916.578538,31.823838,0.6744312047958374,0.1972108781337738,-0.7077327966690063,0.07324449717998505,0.6934270858764648,-0.17135880887508392,-0.6884739398956299,0.1256987303495407,43.025293,-25.883221,-118.000352,-45.249686
2026-08-05T11:58:36.613495,1785923916.613495,31.858796,0.6771008372306824,0.20018865168094635,-0.7043951749801636,0.07271022349596024,0.7037981152534485,-0.15076646208763123,-0.6855742335319519,0.10920928418636322,40.821780,-25.944833,-63.033790,-1.762494
2026-08-05T11:58:36.630195,1785923916.630196,31.875496,0.6776509284973145,0.2035723179578781,-0.7031192183494568,0.07050464302301407,0.7134986519813538,-0.13001371920108795,-0.6821640729904175,0.09311006963253021,38.793112,-25.794138,-121.475152,9.023519
2026-08-05T11:58:36.646624,1785923916.646625,31.891926,0.6796724796295166,0.20668672025203705,-0.7003811001777649,0.06922785192728043,0.722250759601593,-0.10956491529941559,-0.678475558757782,0.07759878039360046,36.823568,-25.692300,-119.880860,6.198624
2026-08-05T11:58:36.663224,1785923916.663224,31.908525,0.6806161999702454,0.2131311595439911,-0.6973834037780762,0.07066353410482407,0.729931116104126,-0.09044458717107773,-0.6745997667312622,0.06274332851171494,35.493149,-26.132504,-80.148536,-26.519246
2026-08-05T11:58:36.668444,1785923916.668444,31.913745,0.6802964806556702,0.21978691220283508,-0.6955369710922241,0.07154656946659088,0.736395537853241,-0.07278376072645187,-0.6708592772483826,0.048715684562921524,34.483528,-26.567200,-193.407476,-83.272414
2026-08-05T11:58:36.679281,1785923916.679282,31.924582,0.6821090579032898,0.2231302112340927,-0.6928603053092957,0.06989196687936783,0.7419007420539856,-0.05616801232099533,-0.6671832799911499,0.03600352257490158,33.207092,-26.487254,-117.781521,7.376915
2026-08-05T11:58:36.696168,1785923916.696168,31.941469,0.6832587122917175,0.22491097450256348,-0.6915184259414673,0.06614335626363754,0.7470413446426392,-0.03994239866733551,-0.6631004214286804,0.02515747770667076,31.838778,-25.972554,-81.031333,30.480474
2026-08-05T11:58:36.713430,1785923916.713431,31.958732,0.6848151683807373,0.22548656165599823,-0.6902227401733398,0.061454739421606064,0.7515870332717896,-0.024542197585105896,-0.6589938998222351,0.015577408485114574,30.418740,-25.237183,-82.259352,42.598256
2026-08-05T11:58:36.730238,1785923916.730238,31.974520,0.6860991716384888,0.22660037875175476,-0.6889007091522217,0.05775899067521095,0.7551549077033997,-0.011039608158171177,-0.6554189324378967,0.006815355271100998,29.285352,-24.701740,-71.785405,33.913381
2026-08-05T11:58:36.763637,1785923916.763637,32.008938,0.6867524981498718,0.2287215292453766,-0.6877648830413818,0.05511059984564781,0.7579811811447144,-2.304260851815343e-05,-0.6522763967514038,-0.0010757563868537545,28.564107,-24.461466,-20.955682,6.981130
2026-08-05T11:58:36.780178,1785923916.781178,32.025479,0.6873405575752258,0.22896172106266022,-0.6873717904090881,0.051571495831012726,0.7601068019866943,0.008217718452215195,-0.6496955156326294,-0.008190587162971497,27.906358,-24.139814,-39.765326,19.446004
2026-08-05T11:58:36.796129,1785923916.796129,32.041430,0.6883031725883484,0.22848765552043915,-0.68679279088974,0.0484560951590538,0.7616789937019348,0.014394366182386875,-0.6476392149925232,-0.014236058108508587,27.347079,-23.859294,-35.060939,17.585661
2026-08-05T11:58:36.812922,1785923916.812922,32.058223,0.6888304352760315,0.2279730588197708,-0.6866134405136108,0.04585825279355049,0.763031005859375,0.019492505118250847,-0.6457892656326294,-0.018999667838215828,26.897423,-23.600150,-26.776407,15.431648
2026-08-05T11:58:36.817833,1785923916.817833,32.063134,0.6898689270019531,0.22645129263401031,-0.686247706413269,0.04318559914827347,0.764275848865509,0.023812420666217804,-0.6440508961677551,-0.02269638702273369,26.369290,-23.219550,-107.547223,77.504023
2026-08-05T11:58:36.829880,1785923916.829880,32.075181,0.6908766627311707,0.22438618540763855,-0.6860403418540955,0.041097745299339294,0.76518714427948,0.027104558423161507,-0.6427217721939087,-0.025772076100111008,25.880081,-22.862319,-40.608979,29.653617
2026-08-05T11:58:36.846398,1785923916.846399,32.091700,0.6911640763282776,0.22282429039478302,-0.6863206028938293,0.04007221385836601,0.7656411528587341,0.02924972213804722,-0.6419809460639954,-0.02828720398247242,25.588522,-22.675483,-17.649842,11.310283
2026-08-05T11:58:36.863203,1785923916.863204,32.108504,0.6915051937103271,0.2219512164592743,-0.6862743496894836,0.03982154652476311,0.7657694220542908,0.030170243233442307,-0.6417125463485718,-0.029893793165683746,25.454710,-22.629336,-7.962891,2.746149
2026-08-05T11:58:36.896860,1785923916.896861,32.142162,0.6912798881530762,0.22184568643569946,-0.6865341663360596,0.039844829589128494,0.7656498551368713,0.029538700357079506,-0.6418569684028625,-0.03048209473490715,25.536162,-22.719672,2.420051,-2.683997
2026-08-05T11:58:36.913020,1785923916.913020,32.158321,0.6907174587249756,0.22005099058151245,-0.6877184510231018,0.03912334889173508,0.7652215957641602,0.027207642793655396,-0.6424608826637268,-0.03068051114678383,25.589371,-22.709743,3.292719,0.614439
2026-08-05T11:58:36.930194,1785923916.930195,32.175495,0.6907823085784912,0.21749639511108398,-0.6884838342666626,0.03880107402801514,0.764562726020813,0.024333851411938667,-0.6433642506599426,-0.03058955818414688,25.575372,-22.672320,-0.815123,2.179020
2026-08-05T11:58:36.935858,1785923916.935859,32.181159,0.6905216574668884,0.2162684202194214,-0.6890649199485779,0.039968352764844894,0.7639360427856445,0.021375402808189392,-0.6442354917526245,-0.03012283518910408,25.753185,-22.844701,31.392866,-30.433928
2026-08-05T11:58:36.937873,1785923916.937874,32.183175,0.6901845335960388,0.2144758403301239,-0.6899102330207825,0.04085743799805641,0.7632084488868713,0.017745306715369225,-0.6452423930168152,-0.029360122978687286,25.923785,-22.976584,84.660310,-65.446951
2026-08-05T11:58:36.945818,1785923916.945819,32.191119,0.6892539858818054,0.21261529624462128,-0.6913917660713196,0.04124714434146881,0.7622150778770447,0.012699635699391365,-0.646580696105957,-0.0283234640955925,26.222634,-23.159121,37.615550,-22.975625
2026-08-05T11:58:36.962961,1785923916.962961,32.208262,0.6882563233375549,0.21088248491287231,-0.6929043531417847,0.04141874611377716,0.7608723044395447,0.0068191164173185825,-0.6483079791069031,-0.026928400620818138,26.583260,-23.369454,21.036947,-12.269659
2026-08-05T11:58:36.979173,1785923916.979173,32.224474,0.6880812048912048,0.20924554765224457,-0.6934875249862671,0.042844850569963455,0.7595487236976624,0.0023187960032373667,-0.6499802470207214,-0.024656571447849274,26.782024,-23.493064,12.260285,-7.624552
2026-08-05T11:58:37.011665,1785923917.011666,32.256967,0.6877231001853943,0.20883968472480774,-0.6937882900238037,0.045618221163749695,0.7586716413497925,-0.00016589579172432423,-0.6511098742485046,-0.021804124116897583,26.956775,-23.625682,5.378163,-4.081482
2026-08-05T11:58:37.030120,1785923917.030120,32.275421,0.6874509453773499,0.20827710628509521,-0.6940380930900574,0.048406682908535004,0.7578930854797363,-0.001826245104894042,-0.6520949006080627,-0.019206931814551353,27.043194,-23.699681,4.682875,-4.009868
2026-08-05T11:58:37.096007,1785923917.096008,32.341309,0.6870917081832886,0.20763838291168213,-0.6944575905799866,0.05020012706518173,0.7570961713790894,-0.004369650036096573,-0.653070867061615,-0.016938235610723495,27.197658,-23.791663,2.344356,-1.396044
2026-08-05T11:58:37.113545,1785923917.113545,32.358520,0.6866165399551392,0.20534993708133698,-0.695562481880188,0.05081600323319435,0.7559694051742554,-0.008443978615105152,-0.6543870568275452,-0.014783620834350586,27.306598,-23.776734,6.329696,0.867418
2026-08-05T11:58:37.119031,1785923917.119032,32.364332,0.6854182481765747,0.2043616771697998,-0.6968742609024048,0.052958060055971146,0.7544742226600647,-0.014399939216673374,-0.6560612320899963,-0.012132829986512661,27.790647,-24.103641,83.271756,-56.238276
2026-08-05T11:58:37.129532,1785923917.129533,32.374833,0.6841351985931396,0.20301081240177155,-0.6984114646911621,0.054472360759973526,0.7526541948318481,-0.02229887619614601,-0.6579869389533997,-0.008360008709132671,28.384109,-24.414013,56.515290,-29.556731
2026-08-05T11:58:37.145673,1785923917.145674,32.390361,0.6810246706008911,0.1938261091709137,-0.7042459845542908,0.051717597991228104,0.7501472234725952,-0.03285437449812889,-0.6604463458061218,-0.003589213825762272,28.406968,-23.818767,1.472138,38.334979
2026-08-05T11:58:37.163966,1785923917.163967,32.409267,0.6793345212936401,0.1876530647277832,-0.7077162265777588,0.04928366839885712,0.746783435344696,-0.04631051421165466,-0.6634522676467896,0.0018028761260211468,28.953564,-23.683898,28.910368,7.133458
2026-08-05T11:58:37.196193,1785923917.196193,32.441494,0.6774755716323853,0.18120060861110687,-0.7113021016120911,0.04735761508345604,0.7425418496131897,-0.06232631951570511,-0.666856050491333,0.007231750059872866,29.772490,-23.748874,25.411522,-2.016234
2026-08-05T11:58:37.212191,1785923917.212191,32.457492,0.6752415299415588,0.17584194242954254,-0.7147865891456604,0.04699859023094177,0.7372758984565735,-0.07991974800825119,-0.6707335114479065,0.012488264590501785,30.925893,-24.152766,72.096139,-25.246204
2026-08-05T11:58:37.229511,1785923917.229512,32.474813,0.6727308630943298,0.1716414839029312,-0.7180699110031128,0.0484575517475605,0.7314441204071045,-0.09773238003253937,-0.6746149659156799,0.018300281837582588,32.275435,-24.759256,77.916362,-35.015959
2026-08-05T11:58:37.245272,1785923917.245272,32.490573,0.6709056496620178,0.16847914457321167,-0.7202995419502258,0.051663823425769806,0.7255620360374451,-0.1143331229686737,-0.6781143546104431,0.025510376319289207,33.614386,-25.385684,84.956515,-39.746872
2026-08-05T11:58:37.262871,1785923917.262871,32.508172,0.6695685982704163,0.1663038730621338,-0.7217591404914856,0.0555419884622097,0.7198278903961182,-0.1292622834444046,-0.6811357140541077,0.034577853977680206,34.887194,-25.872639,72.323316,-27.669686
2026-08-05T11:58:37.267898,1785923917.267898,32.513199,0.6678913235664368,0.16569223999977112,-0.7230542302131653,0.06049768999218941,0.7142090201377869,-0.14314736425876617,-0.6836499571800232,0.045161496847867966,36.263840,-26.371390,273.834367,-99.208678
2026-08-05T11:58:37.279028,1785923917.279028,32.524329,0.6660141944885254,0.16405540704727173,-0.7248004078865051,0.06461700052022934,0.7082427144050598,-0.1572417914867401,-0.6859285831451416,0.05631817877292633,37.581045,-26.672008,118.346223,-27.009472
2026-08-05T11:58:37.296451,1785923917.296452,32.540737,0.6655619144439697,0.1608077883720398,-0.7256528735160828,0.06779492646455765,0.6956074833869934,-0.18714448809623718,-0.6890259385108948,0.07970336079597473,40.473406,-27.003636,176.280410,-20.211719
2026-08-05T11:58:37.313187,1785923917.313187,32.558488,0.6647853851318359,0.15834742784500122,-0.7265706658363342,0.07128645479679108,0.6893218755722046,-0.20181134343147278,-0.6896294951438904,0.09230879694223404,41.885322,-27.137649,79.540208,-7.549577
2026-08-05T11:58:37.329771,1785923917.329771,32.575072,0.6632619500160217,0.15602444112300873,-0.7282130718231201,0.07379597425460815,0.6825110912322998,-0.21709929406642914,-0.6898804903030396,0.10542100667953491,43.450544,-27.186243,94.380539,-2.930149
2026-08-05T11:58:37.346519,1785923917.346520,32.591820,0.6626906991004944,0.15090283751487732,-0.7297816872596741,0.07408186048269272,0.6740862131118774,-0.2342851310968399,-0.6904786825180054,0.11815275996923447,44.961875,-27.008398,90.237147,10.618614
2026-08-05T11:58:37.363268,1785923917.363268,32.608569,0.661781370639801,0.1451512575149536,-0.731918215751648,0.07261203974485397,0.6636576056480408,-0.2539956569671631,-0.6914239525794983,0.13030746579170227,46.771047,-26.869393,108.018860,8.299471
2026-08-05T11:58:37.379956,1785923917.379956,32.625257,0.6595725417137146,0.14014267921447754,-0.7349249124526978,0.07217700779438019,0.6516704559326172,-0.2753388285636902,-0.692173421382904,0.14287251234054565,48.921905,-26.923900,128.885676,-3.266217
2026-08-05T11:58:37.395708,1785923917.395709,32.641009,0.6585575938224792,0.13623574376106262,-0.7364392876625061,0.07347752153873444,0.6389768123626709,-0.2962830066680908,-0.6922959685325623,0.15701445937156677,51.206332,-27.108361,145.023904,-11.710272
2026-08-05T11:58:37.413398,1785923917.413398,32.658699,0.6587782502174377,0.1329372078180313,-0.7366735339164734,0.07517368346452713,0.6263318657875061,-0.31554165482521057,-0.6913729906082153,0.17363111674785614,53.485954,-27.096991,128.868888,0.642756
2026-08-05T11:58:37.420142,1785923917.420143,32.664170,0.6588101983070374,0.1291407346725464,-0.7372395992279053,0.07595741748809814,0.6131452918052673,-0.33383020758628845,-0.6900164484977722,0.1910233497619629,55.729990,-26.810264,410.187677,52.410795
2026-08-05T11:58:37.429092,1785923917.429092,32.674393,0.6586823463439941,0.12401027232408524,-0.7382314205169678,0.07598268240690231,0.5980561971664429,-0.35276490449905396,-0.6889194250106812,0.20803411304950714,58.011635,-26.420473,223.178998,38.127448
2026-08-05T11:58:37.446006,1785923917.446007,32.691307,0.6588916182518005,0.12010819464921951,-0.7385427951812744,0.0773993656039238,0.5818386673927307,-0.37158018350601196,-0.6875817775726318,0.2250012904405594,60.471404,-26.289272,145.424838,7.756758
2026-08-05T11:58:37.461546,1785923917.461546,32.706847,0.6595555543899536,0.11843397468328476,-0.73777836561203,0.08150505274534225,0.565961480140686,-0.38907888531684875,-0.6851632595062256,0.2426081746816635,63.036365,-26.470721,165.059105,-11.676541
2026-08-05T11:58:37.479067,1785923917.479068,32.724369,0.660656213760376,0.11778923124074936,-0.7362539768218994,0.08711735159158707,0.5505527257919312,-0.40493902564048767,-0.681877851486206,0.2606932818889618,65.556174,-26.740766,143.811463,-15.412074
2026-08-05T11:58:37.512600,1785923917.512601,32.757901,0.6620447635650635,0.11656152456998825,-0.7345807552337646,0.09220198541879654,0.534369170665741,-0.4202108085155487,-0.6786988973617554,0.2779255509376526,68.011923,-26.984748,73.234097,-7.275907
2026-08-05T11:58:37.530423,1785923917.530423,32.775724,0.6634906530380249,0.11451934278011322,-0.7329623699188232,0.0971171110868454,0.5169883966445923,-0.4355054795742035,-0.675835371017456,0.2937803864479065,70.421814,-27.306285,135.214406,-18.040862
2026-08-05T11:58:37.548379,1785923917.548380,32.793680,0.6643486618995667,0.11252572387456894,-0.7319110035896301,0.10141625255346298,0.499318927526474,-0.45017024874687195,-0.6727830171585083,0.3088572025299072,72.817043,-27.566685,133.392414,-14.501896
2026-08-05T11:58:37.561711,1785923917.561711,32.807012,0.6664856672286987,0.111269012093544,-0.7294638156890869,0.10629553347826004,0.48302799463272095,-0.463060587644577,-0.6687833666801453,0.3240213692188263,75.122651,-27.925576,172.942420,-26.920242
2026-08-05T11:58:37.579691,1785923917.579692,32.824993,0.6698837876319885,0.11056540906429291,-0.7255750298500061,0.11212532967329025,0.4681171178817749,-0.4742036461830139,-0.6641484498977661,0.3389785587787628,77.286345,-28.440818,120.335073,-28.655456
2026-08-05T11:58:37.595243,1785923917.595243,32.840544,0.6742268204689026,0.1076192781329155,-0.7211280465126038,0.11751917749643326,0.4527512490749359,-0.4846484661102295,-0.6598635315895081,0.3531494736671448,79.211992,-28.876885,123.823368,-28.040066
2026-08-05T11:58:37.612769,1785923917.612770,32.858070,0.6798994541168213,0.1013166755437851,-0.716123640537262,0.12099099904298782,0.43686020374298096,-0.4948553144931793,-0.6558519601821899,0.3662402033805847,80.918828,-29.143726,97.387935,-15.225285
2026-08-05T11:58:37.628675,1785923917.628675,32.873976,0.6858717799186707,0.09476474672555923,-0.7107215523719788,0.1243973895907402,0.4216592311859131,-0.5047418475151062,-0.6509615182876587,0.37906548380851746,82.614855,-29.492217,106.632296,-21.910312
2026-08-05T11:58:37.644733,1785923917.644733,32.890034,0.6883567571640015,0.09347928315401077,-0.7076249718666077,0.12920384109020233,0.40849822759628296,-0.5135889053344727,-0.644783616065979,0.39193397760391235,84.522521,-29.910279,118.798691,-26.034500
2026-08-05T11:58:37.661328,1785923917.661329,32.906629,0.6907446980476379,0.09322373569011688,-0.7043741345405579,0.13430754840373993,0.3966994285583496,-0.5218048095703125,-0.6377121806144714,0.40456730127334595,86.412005,-30.408984,113.854543,-30.050453
2026-08-05T11:58:37.678259,1785923917.678259,32.923560,0.6963275074958801,0.09009307622909546,-0.6984113454818726,0.13868339359760284,0.3836727440357208,-0.5299530625343323,-0.6317813396453857,0.4156917929649353,88.169969,-31.248126,103.833616,-49.563677
2026-08-05T11:58:37.711824,1785923917.711824,32.957125,0.7020801305770874,0.08721840381622314,-0.6922542452812195,0.14234009385108948,0.3692113161087036,-0.5383745431900024,-0.6268671751022339,0.4252949357032776,90.058317,-32.350802,56.258989,-32.851686
2026-08-05T11:58:37.715063,1785923917.715063,32.959631,0.7076315879821777,0.08510299026966095,-0.6862167716026306,0.14533326029777527,0.35655084252357483,-0.546137273311615,-0.6209278106689453,0.4348062574863434,91.927912,-33.420291,746.112942,-426.808813
2026-08-05T11:58:37.728628,1785923917.728628,32.973397,0.7151726484298706,0.08103495091199875,-0.6783768534660339,0.14753460884094238,0.34812265634536743,-0.5520291924476624,-0.6128769516944885,0.44548696279525757,93.415558,-34.240245,108.064467,-59.562517
2026-08-05T11:58:37.744704,1785923917.744704,32.990005,0.7249516844749451,0.07538571208715439,-0.6680324077606201,0.1499832570552826,0.3421589732170105,-0.5565783381462097,-0.6035985350608826,0.4569673240184784,94.648188,-35.126233,74.219023,-53.347072
2026-08-05T11:58:37.761999,1785923917.762000,33.007300,0.7317438125610352,0.07405880093574524,-0.6599763631820679,0.153288796544075,0.33446741104125977,-0.5610285997390747,-0.5962710976600647,0.46673479676246643,96.133452,-36.237861,85.877602,-64.274027
2026-08-05T11:58:37.780004,1785923917.780004,33.024790,0.736629068851471,0.07313670963048935,-0.6540567874908447,0.15568698942661285,0.32335853576660156,-0.5662041902542114,-0.5914421677589417,0.4743947982788086,97.784358,-37.397849,94.391950,-66.323296
2026-08-05T11:58:37.796645,1785923917.796645,33.040924,0.743050754070282,0.07130471616983414,-0.6463053822517395,0.1583687961101532,0.31174007058143616,-0.5713556408882141,-0.587043821811676,0.4814070165157318,99.436474,-38.945450,102.399468,-95.921558
2026-08-05T11:58:37.802654,1785923917.802655,33.047956,0.7489810585975647,0.06982314586639404,-0.6389402747154236,0.16095829010009766,0.3024914562702179,-0.5759495496749878,-0.5807831287384033,0.48936113715171814,100.982294,-40.277822,219.851496,-189.494187
2026-08-05T11:58:37.807924,1785923917.807924,33.052347,0.7532139420509338,0.06917506456375122,-0.6332743167877197,0.16385187208652496,0.2956544756889343,-0.5798434019088745,-0.5727038979530334,0.498380184173584,102.353691,-41.165036,312.306178,-202.043973
2026-08-05T11:58:37.817069,1785923917.817070,33.062370,0.7564934492111206,0.0716804713010788,-0.6282183527946472,0.1670975685119629,0.2883774936199188,-0.5837105512619019,-0.564579427242279,0.5073192715644836,103.984918,-42.244130,162.738721,-107.655432
2026-08-05T11:58:37.819070,1785923917.819772,33.064372,0.7588144540786743,0.07425832003355026,-0.6246234774589539,0.16891466081142426,0.2782318890094757,-0.5879142880439758,-0.5582941174507141,0.5150278806686401,105.802950,-43.292816,908.432320,-524.006113
2026-08-05T11:58:37.845563,1785923917.845563,33.090864,0.758784294128418,0.07773341983556747,-0.6236380338668823,0.17111308872699738,0.26738375425338745,-0.5921173691749573,-0.5531983971595764,0.5214179754257202,107.533257,-44.124459,65.312831,-31.391534
2026-08-05T11:58:37.861452,1785923917.861453,33.106753,0.7595969438552856,0.08053579926490784,-0.6215477585792542,0.17379571497440338,0.25849050283432007,-0.5958608984947205,-0.5477948188781738,0.5273095965385437,109.030731,-45.074672,94.244973,-59.802563
2026-08-05T11:58:37.895295,1785923917.895295,33.140596,0.7617839574813843,0.08057066053152084,-0.6180087327957153,0.1768021136522293,0.25159746408462524,-0.5990310311317444,-0.5422653555870056,0.5327391624450684,110.120877,-46.023340,32.212055,-28.031608
2026-08-05T11:58:37.912308,1785923917.912308,33.157609,0.7641400098800659,0.0779866874217987,-0.6145751476287842,0.17973752319812775,0.24489079415798187,-0.6022903919219971,-0.5366274118423462,0.5378736853599548,110.968396,-46.802757,49.815751,-45.812802
2026-08-05T11:58:37.929061,1785923917.929062,33.174363,0.7654571533203125,0.07929302752017975,-0.6117757558822632,0.1830802857875824,0.23757141828536987,-0.6058573126792908,-0.530189573764801,0.5435054302215576,112.210084,-47.805641,74.115409,-59.861380
2026-08-05T11:58:37.945523,1785923917.945523,33.190824,0.7649012804031372,0.08433230221271515,-0.6108452677726746,0.18623220920562744,0.23052622377872467,-0.609589695930481,-0.5222964286804199,0.5499697327613831,113.761224,-48.658518,94.229082,-51.810803
2026-08-05T11:58:37.959692,1785923917.959692,33.204993,0.7639688849449158,0.08849697560071945,-0.6106747388839722,0.18866956233978271,0.22349311411380768,-0.6133672595024109,-0.5140218734741211,0.5564308762550354,115.265819,-49.280507,106.189395,-43.897936
2026-08-05T11:58:37.963661,1785923917.963662,33.208963,0.763558030128479,0.09038950502872467,-0.6102475523948669,0.19080643355846405,0.21658402681350708,-0.6168410778045654,-0.5066940784454346,0.5620158910751343,116.520351,-49.816480,316.029327,-135.017203
2026-08-05T11:58:37.978872,1785923917.978873,33.224174,0.7637953758239746,0.08976905047893524,-0.6094744205474854,0.19261212646961212,0.20925596356391907,-0.619797945022583,-0.5016142129898071,0.5660812854766846,117.477045,-50.326099,62.895446,-33.503624
2026-08-05T11:58:38.063155,1785923918.063156,33.308456,0.7650566697120667,0.08512448519468307,-0.6081644296646118,0.19385112822055817,0.20279204845428467,-0.6221175193786621,-0.49812811613082886,0.5689604878425598,117.948034,-50.621345,5.588188,-3.503034
2026-08-05T11:58:38.080262,1785923918.080263,33.325046,0.7663669586181641,0.08289726078510284,-0.606350302696228,0.19531850516796112,0.19876877963542938,-0.6240103244781494,-0.4941704273223877,0.5717517137527466,118.417126,-51.066740,28.277034,-26.848560
2026-08-05T11:58:38.095845,1785923918.095845,33.340128,0.7649732828140259,0.084250308573246,-0.6069910526275635,0.1981913447380066,0.1965477019548416,-0.6257588267326355,-0.48883551359176636,0.5751844644546509,118.892284,-51.097148,31.504747,-2.016117
2026-08-05T11:58:38.112980,1785923918.112980,33.358281,0.764324963092804,0.08539542555809021,-0.6069134473800659,0.20042799413204193,0.19391494989395142,-0.6272758841514587,-0.48366156220436096,0.578788161277771,119.444415,-51.218107,30.414660,-6.663184
2026-08-05T11:58:38.129679,1785923918.129679,33.374980,0.7638069987297058,0.0868164449930191,-0.6065266132354736,0.2029467523097992,0.18941861391067505,-0.6284071207046509,-0.4804927110671997,0.5816821455955505,120.052298,-51.528679,36.402743,-18.598408
2026-08-05T11:58:38.145447,1785923918.145448,33.390749,0.76285320520401,0.0877387672662735,-0.6067180633544922,0.20554818212985992,0.1840006560087204,-0.6292447447776794,-0.47920116782188416,0.5835780501365662,120.548476,-51.767315,31.466315,-15.133692
2026-08-05T11:58:38.163179,1785923918.163179,33.408480,0.7627272009849548,0.08699590712785721,-0.6064199209213257,0.20720504224300385,0.17950832843780518,-0.6296462416648865,-0.47862446308135986,0.5850156545639038,120.844491,-51.911052,16.694404,-8.106359
2026-08-05T11:58:38.169706,1785923918.169707,33.415008,0.7634990215301514,0.08494506031274796,-0.6056272983551025,0.20753176510334015,0.1745293289422989,-0.6298146843910217,-0.47873473167419434,0.5862494111061096,121.140917,-52.064639,45.410737,-23.528577
2026-08-05T11:58:38.171953,1785923918.171953,33.417254,0.7632207274436951,0.08491846919059753,-0.6057589054107666,0.20818088948726654,0.1738332211971283,-0.6298671960830688,-0.4787474572658539,0.586389422416687,121.152381,-52.063709,5.102546,0.414054
2026-08-05T11:58:38.180237,1785923918.180238,33.425539,0.761919379234314,0.08815274387598038,-0.6065980792045593,0.20915737748146057,0.17415261268615723,-0.6295455694198608,-0.4793075621128082,0.5861825942993164,121.247195,-52.081764,11.444972,-2.179417
2026-08-05T11:58:38.183880,1785923918.183881,33.428318,0.761105477809906,0.09003936499357224,-0.6078869700431824,0.20756931602954865,0.1753501147031784,-0.6286837458610535,-0.48080021142959595,0.5855274796485901,121.231693,-51.780074,-5.576634,108.532503
2026-08-05T11:58:38.212661,1785923918.212662,33.457963,0.7597904205322266,0.09158019721508026,-0.6102845072746277,0.2046578824520111,0.178074911236763,-0.6274325847625732,-0.48321831226348877,0.5840548276901245,121.020137,-51.128670,-7.136520,21.974032
2026-08-05T11:58:38.229155,1785923918.229156,33.474457,0.7593660354614258,0.09085230529308319,-0.6122239828109741,0.2007262408733368,0.18179216980934143,-0.6258634924888611,-0.48716023564338684,0.5813121199607849,120.512630,-50.439953,-30.769076,41.755519
2026-08-05T11:58:38.246042,1785923918.246042,33.491343,0.7600337266921997,0.08911450952291489,-0.6132684946060181,0.1957278698682785,0.18552841246128082,-0.6242751479148865,-0.49299392104148865,0.5769047737121582,119.916729,-50.047188,-35.288672,23.259146
2026-08-05T11:58:38.263433,1785923918.263433,33.508308,0.7604936361312866,0.08774226158857346,-0.6146808862686157,0.19004805386066437,0.1885736584663391,-0.6227836012840271,-0.5002207159996033,0.5712811946868896,119.362389,-49.753944,-32.674756,17.284866
2026-08-05T11:58:38.279777,1785923918.279778,33.523950,0.7610102891921997,0.08473332971334457,-0.6167325377464294,0.1825508028268814,0.19292938709259033,-0.6210067272186279,-0.5075798630714417,0.5652378797531128,118.615542,-49.071293,-47.747194,43.642989
2026-08-05T11:58:38.295714,1785923918.295714,33.541015,0.7599400281906128,0.0805554986000061,-0.6206051707267761,0.17564606666564941,0.20113104581832886,-0.6184978485107422,-0.5137567520141602,0.559520423412323,117.316570,-47.565268,-76.119942,88.253280
2026-08-05T11:58:38.312949,1785923918.312950,33.558250,0.7585552930831909,0.07548367232084274,-0.6244261264801025,0.17025935649871826,0.21177709102630615,-0.6151180267333984,-0.5201013684272766,0.5534230470657349,115.555754,-45.860724,-102.162051,98.897204
2026-08-05T11:58:38.318931,1785923918.318931,33.564232,0.7583261132240295,0.06962434202432632,-0.6270212531089783,0.1641298234462738,0.22031791508197784,-0.6114550232887268,-0.5293828248977661,0.5452876687049866,113.823208,-44.617777,-289.653405,207.800417
2026-08-05T11:58:38.344884,1785923918.344885,33.590185,0.7574208974838257,0.06583739817142487,-0.6303886771202087,0.15680977702140808,0.22604085505008698,-0.6080084443092346,-0.5411303043365479,0.5351743698120117,112.410336,-43.673550,-54.438553,36.381419
2026-08-05T11:58:38.363043,1785923918.363044,33.607326,0.7552996277809143,0.062494415789842606,-0.6352792382240295,0.14845016598701477,0.2337663322687149,-0.6042526364326477,-0.5520288348197937,0.5248796343803406,110.860180,-42.298124,-90.440029,80.245884
2026-08-05T11:58:38.379258,1785923918.379258,33.624559,0.7523672580718994,0.059245381504297256,-0.6406537890434265,0.141408309340477,0.2478291243314743,-0.5990648865699768,-0.559403121471405,0.5165001749992371,108.762766,-40.283670,-121.706547,116.892636
2026-08-05T11:58:38.397270,1785923918.397270,33.642571,0.7489997148513794,0.05887915939092636,-0.6454746127128601,0.1374606490135193,0.26559561491012573,-0.5926592946052551,-0.5648832321166992,0.5090413093566895,106.456894,-38.425912,-128.016614,103.138359
2026-08-05T11:58:38.412890,1785923918.412891,33.658191,0.7426637411117554,0.061267293989658356,-0.653355598449707,0.13350459933280945,0.278408408164978,-0.586492657661438,-0.5739220380783081,0.49912992119789124,104.467478,-36.699502,-127.361464,110.523978
2026-08-05T11:58:38.429276,1785923918.429276,33.674577,0.7335264086723328,0.06600075215101242,-0.6643414497375488,0.12741029262542725,0.2831651270389557,-0.5819665193557739,-0.587603747844696,0.4856506884098053,103.141969,-35.307178,-80.894982,84.972625
2026-08-05T11:58:38.445357,1785923918.445357,33.690658,0.7278685569763184,0.06442289799451828,-0.6722018718719482,0.11917074024677277,0.2871708273887634,-0.5778549313545227,-0.6005609035491943,0.47217121720314026,101.639533,-34.021312,-93.428712,79.961357
2026-08-05T11:58:38.469326,1785923918.469327,33.714628,0.7257335782051086,0.06368613243103027,-0.6757439374923706,0.11236254125833511,0.2990715801715851,-0.5719855427742004,-0.6078378558158875,0.4625193476676941,99.918767,-32.892869,-71.790071,47.078449
2026-08-05T11:58:38.478655,1785923918.478656,33.723956,0.7198007702827454,0.0677739754319191,-0.6823010444641113,0.10843855887651443,0.31905072927474976,-0.5636438131332397,-0.6106080412864685,0.4557109475135803,97.783018,-31.045068,-228.940439,198.073998
2026-08-05T11:58:38.495412,1785923918.495413,33.739806,0.7100711464881897,0.0734531357884407,-0.6922564506530762,0.10575775802135468,0.33809128403663635,-0.5552828311920166,-0.6137635111808777,0.44794219732284546,95.628580,-29.043557,-135.928193,126.279666
2026-08-05T11:58:38.512186,1785923918.512186,33.757487,0.7011716961860657,0.08087819069623947,-0.700684130191803,0.10420555621385574,0.3508623242378235,-0.5483728051185608,-0.6203953623771667,0.43737274408340454,94.009092,-28.164799,-91.596646,49.701714
2026-08-05T11:58:38.529174,1785923918.529175,33.774476,0.6951473951339722,0.08753231912851334,-0.7062572240829468,0.10153374075889587,0.36208173632621765,-0.5417550802230835,-0.6279357075691223,0.4255550503730774,92.586015,-27.878228,-83.765786,16.868251
2026-08-05T11:58:38.546739,1785923918.546739,33.791017,0.6929810643196106,0.09090317040681839,-0.7085576057434082,0.09726350009441376,0.3770841062068939,-0.5331169962882996,-0.6337955594062805,0.41460731625556946,90.783415,-27.461346,-108.972986,25.201884
2026-08-05T11:58:38.562438,1785923918.562439,33.807739,0.6938358545303345,0.09236064553260803,-0.7079034447669983,0.09452032297849655,0.39653533697128296,-0.5214278101921082,-0.6374690532684326,0.4055961072444916,88.455344,-26.925313,-139.220372,32.055153
2026-08-05T11:58:38.579536,1785923918.579536,33.824837,0.69156414270401,0.08999007940292358,-0.7107937932014465,0.09172280132770538,0.4156472980976105,-0.5092760324478149,-0.6416656970977783,0.39514875411987305,85.562477,-25.724267,-169.200826,70.247997
2026-08-05T11:58:38.595762,1785923918.595763,33.841063,0.685157299041748,0.09331630170345306,-0.7164915204048157,0.09214980900287628,0.42764922976493835,-0.5003170967102051,-0.6495398283004761,0.3806561529636383,83.374609,-25.622602,-134.830793,6.265219
2026-08-05T11:58:38.599859,1785923918.600876,33.845160,0.6825668215751648,0.10214148461818695,-0.7174171805381775,0.09477560967206955,0.4361940324306488,-0.4932241439819336,-0.6577929258346558,0.36575329303741455,82.136347,-27.022209,-302.237522,-341.618586
2026-08-05T11:58:38.612115,1785923918.612116,33.857416,0.6839227676391602,0.10833471268415451,-0.7151979207992554,0.09489745646715164,0.44958972930908203,-0.48333823680877686,-0.6630551218986511,0.3530062735080719,80.570223,-27.933289,-127.785191,-74.338106
2026-08-05T11:58:38.629142,1785923918.629143,33.873273,0.6878557205200195,0.10732316970825195,-0.7120857238769531,0.09094119817018509,0.4687744379043579,-0.4690449833869934,-0.66506028175354,0.34343069791793823,78.041009,-27.327847,-159.504016,38.182030
2026-08-05T11:58:38.661530,1785923918.661530,33.906378,0.6902340650558472,0.10031605511903763,-0.7113744616508484,0.08637247234582901,0.48820456862449646,-0.453055739402771,-0.6675593852996826,0.3328118622303009,74.660000,-25.865561,-102.129449,44.170959
2026-08-05T11:58:38.677664,1785923918.677664,33.922965,0.6835318207740784,0.10323575884103775,-0.7175148725509644,0.08543536812067032,0.5002457499504089,-0.4414745569229126,-0.6740083694458008,0.3171270191669464,72.380311,-25.611582,-137.440089,15.312153
2026-08-05T11:58:38.695743,1785923918.695744,33.940032,0.6794495582580566,0.11145472526550293,-0.7199030518531799,0.08755535632371902,0.5068629384040833,-0.43354707956314087,-0.682138979434967,0.2996924817562103,71.145105,-26.968780,-72.373155,-79.520852
2026-08-05T11:58:38.712698,1785923918.712698,33.957999,0.6819814443588257,0.11687048524618149,-0.7162451148033142,0.09075062721967697,0.5165873765945435,-0.4238725006580353,-0.687580406665802,0.28408631682395935,69.625748,-28.481237,-84.564911,-84.180930
2026-08-05T11:58:38.728957,1785923918.728958,33.974258,0.6822601556777954,0.12186148762702942,-0.7151180505752563,0.0909784659743309,0.5317125916481018,-0.4095190167427063,-0.6899767518043518,0.2711275517940521,67.608667,-28.764889,-124.056103,-17.445357
2026-08-05T11:58:38.745340,1785923918.745340,33.990641,0.6795909404754639,0.12414693832397461,-0.7171433568000793,0.0919194445014,0.5493669509887695,-0.3917796313762665,-0.6909351348876953,0.2594527006149292,64.858600,-28.185413,-167.866594,35.371722
2026-08-05T11:58:38.759688,1785923918.759688,34.004989,0.6768391728401184,0.1256764829158783,-0.7192890644073486,0.09336788952350616,0.5654816031455994,-0.37415561079978943,-0.6927242875099182,0.24571087956428528,62.053478,-27.823148,-195.502457,25.247984
2026-08-05T11:58:38.777864,1785923918.777865,34.023165,0.6767008304595947,0.12803801894187927,-0.7187910676002502,0.09498415142297745,0.5795497894287109,-0.35757172107696533,-0.6953734159469604,0.2296140044927597,59.537632,-28.093510,-138.413376,-14.874386
2026-08-05T11:58:38.795521,1785923918.795521,34.040822,0.6784060001373291,0.1312730759382248,-0.716318666934967,0.09705936163663864,0.5936511158943176,-0.3404007852077484,-0.6975865960121155,0.2123221457004547,57.111567,-28.672010,-137.403043,-32.764033
2026-08-05T11:58:38.811488,1785923918.811489,34.056790,0.6770622730255127,0.13560427725315094,-0.716388463973999,0.09993034601211548,0.6083937287330627,-0.32138049602508545,-0.6988527774810791,0.19539383053779602,54.625653,-29.020347,-155.682440,-21.814910
2026-08-05T11:58:38.826941,1785923918.826941,34.072242,0.6734853386878967,0.1413736790418625,-0.7182568311691284,0.10265529900789261,0.6229483485221863,-0.3019300699234009,-0.6991466879844666,0.17880158126354218,52.367825,-29.320595,-146.115226,-19.430542
2026-08-05T11:58:38.845417,1785923918.845418,34.090719,0.6718375086784363,0.14734214544296265,-0.7187918424606323,0.10130736976861954,0.6350436806678772,-0.2838575839996338,-0.6996912360191345,0.1630300134420395,50.549885,-29.488096,-98.393343,-9.065747
2026-08-05T11:58:38.862205,1785923918.862206,34.107507,0.6730355620384216,0.15335851907730103,-0.716880202293396,0.09791411459445953,0.6457043290138245,-0.26637086272239685,-0.7000977396965027,0.1482497751712799,48.952644,-29.612446,-95.141816,-7.407019
2026-08-05T11:58:38.878740,1785923918.878741,34.124041,0.6751667857170105,0.15526585280895233,-0.7151030898094177,0.09311392158269882,0.6566929817199707,-0.24814654886722565,-0.6993353962898254,0.13457302749156952,46.880633,-29.130039,-125.312080,29.175227
2026-08-05T11:58:38.895034,1785923918.895035,34.140336,0.6755969524383545,0.15720637142658234,-0.7148025035858154,0.08895209431648254,0.6675330996513367,-0.22930772602558136,-0.6978963613510132,0.12149276584386826,44.784175,-28.532322,-128.662494,36.682726
2026-08-05T11:58:38.913210,1785923918.913210,34.157327,0.6760632991790771,0.16306069493293762,-0.7131025195121765,0.08851391077041626,0.6774733066558838,-0.21065950393676758,-0.6963159441947937,0.10862335562705994,43.185637,-28.606174,-94.079351,-4.346436
2026-08-05T11:58:38.918645,1785923918.918646,34.162691,0.6780231595039368,0.16942660510540009,-0.7096421718597412,0.0893707200884819,0.6867255568504333,-0.19179396331310272,-0.694553554058075,0.09602493047714233,41.677246,-28.841239,-281.184466,-43.819442
2026-08-05T11:58:38.928353,1785923918.928354,34.173654,0.679358959197998,0.1760411113500595,-0.706602156162262,0.09052330255508423,0.6959876418113708,-0.17215032875537872,-0.692021369934082,0.08410812169313431,40.192647,-28.978852,-135.419504,-12.552497
2026-08-05T11:58:38.962890,1785923918.962890,34.208191,0.6802904605865479,0.1806780993938446,-0.7045873403549194,0.09009502083063126,0.7054732441902161,-0.1519598662853241,-0.6884268522262573,0.07270968705415726,38.504083,-28.712956,-48.891700,7.698896
2026-08-05T11:58:38.979238,1785923918.979239,34.224539,0.6800302267074585,0.18714994192123413,-0.7031906247138977,0.08976021409034729,0.7143911719322205,-0.1323295682668686,-0.6843580603599548,0.06156794726848602,37.188140,-28.625954,-80.495025,5.321855
2026-08-05T11:58:38.996034,1785923918.996035,34.241336,0.6813271641731262,0.192918062210083,-0.7004895210266113,0.08882841467857361,0.722057044506073,-0.1142120361328125,-0.680465579032898,0.05057705193758011,35.993485,-28.566460,-71.125884,3.542088
2026-08-05T11:58:39.012569,1785923919.012569,34.257870,0.6833171844482422,0.19755306839942932,-0.69742351770401,0.0874701514840126,0.7286871075630188,-0.09707974642515182,-0.6767494678497314,0.04003792628645897,34.804733,-28.411910,-71.895983,9.347236
2026-08-05T11:58:39.029375,1785923919.029375,34.274676,0.6843346953392029,0.20092828571796417,-0.6957518458366394,0.08510749787092209,0.7351220846176147,-0.0793658196926117,-0.6725689172744751,0.03082304447889328,33.454445,-27.891477,-80.344981,30.966867
2026-08-05T11:58:39.045188,1785923919.045189,34.290490,0.6854205131530762,0.2031722366809845,-0.6944043040275574,0.08199146389961243,0.7416466474533081,-0.061654891818761826,-0.667563796043396,0.022801198065280914,32.008725,-27.120467,-91.422643,48.756116
2026-08-05T11:58:39.063091,1785923919.063092,34.308393,0.686515212059021,0.20622852444648743,-0.6928061246871948,0.07865463942289352,0.7470226883888245,-0.04586487263441086,-0.6630481481552124,0.01493434514850378,30.875159,-26.542343,-63.317616,32.292319
2026-08-05T11:58:39.069014,1785923919.069015,34.314315,0.688255786895752,0.2081451117992401,-0.690917432308197,0.07491946220397949,0.7507363557815552,-0.0329943485558033,-0.6597450375556946,0.006715894676744938,29.895127,-26.079017,-165.467864,78.227583
2026-08-05T11:58:39.078744,1785923919.078744,34.324045,0.6893647313117981,0.20981541275978088,-0.6896716952323914,0.07146211713552475,0.7537481188774109,-0.02144179865717888,-0.6568149328231812,-0.0007127320859581232,29.047810,-25.647707,-87.086292,44.329533
2026-08-05T11:58:39.112559,1785923919.112559,34.357860,0.6904745101928711,0.21125689148902893,-0.6884076595306396,0.06863462179899216,0.7566420435905457,-0.010349184274673462,-0.653715968132019,-0.006596106570214033,28.222222,-25.157036,-24.414752,14.510410
2026-08-05T11:58:39.129200,1785923919.129201,34.374501,0.6909341216087341,0.21244700253009796,-0.6878747940063477,0.06561072170734406,0.7590656280517578,-0.0009440247667953372,-0.6509105563163757,-0.01167681161314249,27.548510,-24.699910,-40.484095,27.469215
2026-08-05T11:58:39.145958,1785923919.145958,34.391259,0.6908940672874451,0.21287521719932556,-0.6880752444267273,0.06246626377105713,0.7607584595680237,0.00572106521576643,-0.6488014459609985,-0.016528481617569923,27.077508,-24.365665,-28.106591,19.945745
2026-08-05T11:58:39.163170,1785923919.163171,34.408472,0.6910709738731384,0.21286262571811676,-0.6881564259529114,0.05959061160683632,0.7618659138679504,0.010290226899087429,-0.6473276615142822,-0.02058311738073826,26.724244,-24.112430,-20.523795,14.712365
2026-08-05T11:58:39.195426,1785923919.195427,34.439760,0.6915786862373352,0.21348707377910614,-0.6876102089881897,0.05774360150098801,0.7625916600227356,0.013999570161104202,-0.6463189125061035,-0.023072877898812294,26.458179,-23.931449,-8.503712,5.784337
2026-08-05T11:58:39.214422,1785923919.214422,34.459723,0.6917414665222168,0.21388448774814606,-0.6874192357063293,0.05658695101737976,0.763149619102478,0.017646953463554382,-0.6455487012863159,-0.023679092526435852,26.138231,-23.636731,-16.026814,14.763007
2026-08-05T11:58:39.218134,1785923919.218135,34.463435,0.69227534532547,0.2131434828042984,-0.6871945858001709,0.055572912096977234,0.7635963559150696,0.020518625155091286,-0.6449522376060486,-0.023213161155581474,25.724182,-23.225331,-111.531083,110.817336
2026-08-05T11:58:39.228618,1785923919.228618,34.473919,0.6925570964813232,0.21167609095573425,-0.6874423027038574,0.05459977313876152,0.7636938691139221,0.021381381899118423,-0.64481520652771,-0.023037519305944443,25.448468,-22.936316,-26.299148,27.567899
2026-08-05T11:58:39.232620,1785923919.232621,34.477921,0.6927569508552551,0.21022316813468933,-0.6876954436302185,0.0544872060418129,0.7633075714111328,0.020139114931225777,-0.6453099250793457,-0.023108026012778282,25.398934,-22.897383,-12.376330,9.727638
2026-08-05T11:58:39.262453,1785923919.262454,34.507754,0.6927951574325562,0.20925994217395782,-0.6878190636634827,0.05612710118293762,0.7627124786376953,0.01826132833957672,-0.6460939645767212,-0.022397460415959358,25.489759,-23.020604,3.044454,-4.130390
2026-08-05T11:58:39.278883,1785923919.278884,34.524184,0.6920754909515381,0.20884767174720764,-0.6885054707527161,0.05808985233306885,0.7621182799339294,0.016149647533893585,-0.6469260454177856,-0.020109590142965317,25.646809,-23.117005,9.558650,-5.867329
2026-08-05T11:58:39.295919,1785923919.295920,34.541220,0.6917073130607605,0.20642726123332977,-0.6896858215332031,0.057115890085697174,0.761173665523529,0.012629270553588867,-0.6482011079788208,-0.01713092066347599,25.578122,-22.867217,-4.031835,14.662400
2026-08-05T11:58:39.312437,1785923919.312437,34.557738,0.6924858689308167,0.20174504816532135,-0.6903438568115234,0.05646074563264847,0.7596867084503174,0.008199336938560009,-0.6500856876373291,-0.014161478728055954,25.309439,-22.498307,-16.266470,22.334289
2026-08-05T11:58:39.345311,1785923919.345311,34.590612,0.6925495862960815,0.19957055151462555,-0.6906537413597107,0.05953345447778702,0.7585756182670593,0.005474729463458061,-0.6514820456504822,-0.010361718945205212,25.274963,-22.437337,-1.048737,1.854673
2026-08-05T11:58:39.362918,1785923919.362918,34.608219,0.6926593780517578,0.19889794290065765,-0.6903731822967529,0.06362098455429077,0.7580492496490479,0.004535869229584932,-0.6521586775779724,-0.005722222849726677,25.240608,-22.383317,-1.951178,3.068024
2026-08-05T11:58:39.412067,1785923919.412067,34.657368,0.6928287744522095,0.19785349071025848,-0.6901811361312866,0.06702595204114914,0.757466733455658,0.002982598962262273,-0.65286785364151,-0.001393843675032258,25.215682,-22.319874,-0.507154,1.290848
2026-08-05T11:58:39.429155,1785923919.429155,34.674456,0.6926309466362,0.19682170450687408,-0.6903377175331116,0.07040981948375702,0.7565908432006836,0.000137371476739645,-0.653886616230011,0.002366903005167842,25.348641,-22.404927,7.780858,-4.977373
2026-08-05T11:58:39.445592,1785923919.445593,34.690893,0.6921275854110718,0.19661031663417816,-0.6905680298805237,0.07361946254968643,0.7556645274162292,-0.0034386180341243744,-0.6549211740493774,0.006381366401910782,25.637938,-22.590942,17.599800,-11.316497
2026-08-05T11:58:39.451341,1785923919.451342,34.696642,0.6913503408432007,0.19613204896450043,-0.691159188747406,0.07659024745225906,0.7546171545982361,-0.00772048719227314,-0.6560379862785339,0.010518210940063,25.973907,-22.781965,58.439661,-33.227217
2026-08-05T11:58:39.454615,1785923919.454615,34.699916,0.6913333535194397,0.1943540871143341,-0.6913397312164307,0.07958969473838806,0.7533947825431824,-0.012287559919059277,-0.6572927236557007,0.014641283079981804,26.170087,-22.880428,59.930127,-30.078896
2026-08-05T11:58:39.461968,1785923919.461968,34.707269,0.6909081935882568,0.193686842918396,-0.691554844379425,0.08296597003936768,0.7509108185768127,-0.023153021931648254,-0.6596031188964844,0.022877439856529236,26.997827,-23.283859,112.566997,-54.863875
2026-08-05T11:58:39.478535,1785923919.478536,34.723836,0.6902505159378052,0.1935194730758667,-0.6919311285018921,0.08565007150173187,0.7485618591308594,-0.03364294767379761,-0.6616790890693665,0.02658906951546669,27.999462,-24.013009,60.458806,-44.011603
2026-08-05T11:58:39.494537,1785923919.494538,34.739403,0.6880148649215698,0.1929725557565689,-0.6941220760345459,0.08713150024414062,0.7451437711715698,-0.04785466566681862,-0.6644566059112549,0.031158050522208214,29.357056,-24.833424,87.210721,-52.702762
2026-08-05T11:58:39.511241,1785923919.511241,34.756542,0.68565833568573,0.19053827226161957,-0.6971243619918823,0.08709613233804703,0.7405126094818115,-0.06464675068855286,-0.6679087281227112,0.0369119718670845,30.733280,-25.463122,80.298024,-36.740741
2026-08-05T11:58:39.519048,1785923919.519048,34.762897,0.6842285394668579,0.1862291693687439,-0.6999005675315857,0.0853767991065979,0.7343569993972778,-0.08378994464874268,-0.672177255153656,0.043353088200092316,32.099841,-25.916909,215.035578,-71.405785
2026-08-05T11:58:39.544777,1785923919.544777,34.790078,0.6832066178321838,0.17999525368213654,-0.7029717564582825,0.08161622285842896,0.7266689538955688,-0.10517606884241104,-0.6770409345626831,0.05008642375469208,33.504133,-26.185286,51.665085,-9.873817
2026-08-05T11:58:39.560794,1785923919.560795,34.806096,0.681723952293396,0.17231708765029907,-0.7069165110588074,0.07634560018777847,0.7173572182655334,-0.12824639678001404,-0.6824069619178772,0.057227686047554016,35.001545,-26.285337,93.484950,-6.246323
2026-08-05T11:58:39.579136,1785923919.579136,34.824437,0.6792076230049133,0.1632310301065445,-0.7120810747146606,0.07052242010831833,0.7067357301712036,-0.1518118679523468,-0.687870442867279,0.0656871497631073,36.503194,-26.109383,81.871496,9.593198
2026-08-05T11:58:39.631026,1785923919.631027,34.874304,0.6763114333152771,0.1561620831489563,-0.7167763113975525,0.0666937604546547,0.6952635049819946,-0.17442171275615692,-0.6930989027023315,0.07617305219173431,38.233775,-26.003092,34.703995,2.131499
2026-08-05T11:58:39.645144,1785923919.645144,34.889476,0.6734375357627869,0.14983947575092316,-0.7210775017738342,0.06385640054941177,0.6834133267402649,-0.1956923007965088,-0.6977049112319946,0.08866526186466217,40.006453,-25.752831,116.836896,16.494696
2026-08-05T11:58:39.662788,1785923919.662789,34.908089,0.6700793504714966,0.14456026256084442,-0.7254258990287781,0.06207596883177757,0.6710323095321655,-0.21592967212200165,-0.7017989158630371,0.1028159037232399,41.893156,-25.424192,101.364239,17.656279
2026-08-05T11:58:39.669217,1785923919.669218,34.914518,0.6662544012069702,0.1404026597738266,-0.7298001646995544,0.06151503697037697,0.6581031084060669,-0.235305517911911,-0.7053552269935608,0.11835677176713943,43.911068,-25.067061,313.878674,55.550496
2026-08-05T11:58:39.678600,1785923919.678600,34.923901,0.6633515954017639,0.1361922174692154,-0.7332349419593811,0.06150626018643379,0.6447725296020508,-0.2537212669849396,-0.7083125710487366,0.13487035036087036,45.910556,-24.602870,213.108498,49.474117
2026-08-05T11:58:39.694917,1785923919.694918,34.939398,0.662243127822876,0.13257522881031036,-0.734789252281189,0.06279144436120987,0.6309069395065308,-0.271646648645401,-0.7107729315757751,0.15155532956123352,47.989260,-24.314183,134.132043,18.628086
2026-08-05T11:58:39.713080,1785923919.713081,34.958382,0.66021728515625,0.13054488599300385,-0.7367668151855469,0.06516094505786896,0.6172669529914856,-0.288626492023468,-0.7120952010154724,0.1691138744354248,50.213721,-24.056473,117.179466,13.575530
2026-08-05T11:58:39.728880,1785923919.728881,34.974182,0.6580474972724915,0.129025399684906,-0.7387295961380005,0.06785741448402405,0.6049392223358154,-0.3037543296813965,-0.7116503119468689,0.18798574805259705,52.373950,-23.586433,136.723384,29.749382
2026-08-05T11:58:39.744787,1785923919.744787,34.990088,0.6563796997070312,0.1266428530216217,-0.7403973340988159,0.07027865201234818,0.5930878520011902,-0.3180229365825653,-0.7102892398834229,0.20639833807945251,54.400127,-23.000193,127.381798,36.855744
2026-08-05T11:58:39.762547,1785923919.762547,35.007848,0.6551352739334106,0.12559407949447632,-0.7413709163665771,0.07343839854001999,0.5794800519943237,-0.33321741223335266,-0.7096749544143677,0.22256098687648773,56.651731,-22.888354,126.777499,6.297161
2026-08-05T11:58:39.778944,1785923919.778944,35.024245,0.6548530459403992,0.12359927594661713,-0.7416976094245911,0.07599788904190063,0.5644055008888245,-0.3491523265838623,-0.7094535231590271,0.23710215091705322,58.927833,-22.914459,138.812095,-1.592043
2026-08-05T11:58:39.795750,1785923919.795751,35.040034,0.655508279800415,0.12033722549676895,-0.7415038347244263,0.0774608924984932,0.5500388145446777,-0.36398836970329285,-0.7081101536750793,0.25209659337997437,61.063835,-22.675921,135.285999,15.108028
2026-08-05T11:58:39.812319,1785923919.812320,35.057620,0.6552358865737915,0.11912890523672104,-0.7417538166046143,0.07921893894672394,0.5376131534576416,-0.376919686794281,-0.7045971751213074,0.2691640555858612,63.288788,-22.220456,126.516766,25.899000
2026-08-05T11:58:39.828461,1785923919.828462,35.073763,0.654262125492096,0.12270788848400116,-0.741523027420044,0.08383159339427948,0.5253447890281677,-0.38945069909095764,-0.700131356716156,0.28663554787635803,65.906255,-22.303186,162.148846,-5.125025
2026-08-05T11:58:39.831478,1785923919.831479,35.076780,0.6523229479789734,0.12689939141273499,-0.7420603036880493,0.08785166591405869,0.5104225873947144,-0.40332740545272827,-0.6961087584495544,0.303695946931839,68.820579,-22.441247,965.984081,-45.761890
2026-08-05T11:58:39.845911,1785923919.845911,35.091212,0.6502688527107239,0.12911924719810486,-0.7432253956794739,0.08997169137001038,0.49348655343055725,-0.41822218894958496,-0.6920931935310364,0.3202672302722931,71.789892,-22.333359,205.738951,7.475345
2026-08-05T11:58:39.862290,1785923919.862290,35.107591,0.6528318524360657,0.12809845805168152,-0.7408831119537354,0.09216137230396271,0.4755597710609436,-0.43356794118881226,-0.6873011589050293,0.33687037229537964,74.656184,-22.438425,174.996680,-6.414591
2026-08-05T11:58:39.878880,1785923919.878881,35.124181,0.6584899425506592,0.12415184825658798,-0.7363379001617432,0.09372290223836899,0.45786258578300476,-0.44872570037841797,-0.6808069348335266,0.3542766869068146,77.424932,-22.507806,166.891444,-4.182079
2026-08-05T11:58:39.895556,1785923919.895556,35.140857,0.6623017191886902,0.12376824021339417,-0.7323901653289795,0.0981963500380516,0.43987372517585754,-0.4636503756046295,-0.6732845902442932,0.3717931807041168,80.442147,-22.998168,180.932138,-29.405325
2026-08-05T11:58:39.912452,1785923919.912453,35.157753,0.6656279563903809,0.1240619570016861,-0.7282965183258057,0.10550932586193085,0.4193904399871826,-0.4788309335708618,-0.6667231321334839,0.38770580291748047,83.470129,-24.017317,179.210301,-60.318055
2026-08-05T11:58:39.944626,1785923919.944626,35.189927,0.6707967519760132,0.1205541342496872,-0.7233778834342957,0.11055716127157211,0.39667266607284546,-0.4944196343421936,-0.6604655981063843,0.4024772644042969,86.437537,-24.968930,92.232419,-29.577860
2026-08-05T11:58:39.962913,1785923919.962914,35.208214,0.6774051189422607,0.11735595017671585,-0.7167153358459473,0.1169159859418869,0.37491241097450256,-0.5088421702384949,-0.6532353162765503,0.416901558637619,89.338482,-26.317372,158.628558,-73.735088
2026-08-05T11:58:39.967819,1785923919.967819,35.213120,0.6865136623382568,0.11720327287912369,-0.7064537405967712,0.12603816390037537,0.3560643196105957,-0.5214253664016724,-0.6445106267929077,0.4312107563018799,92.264654,-28.546815,596.454900,-454.437628
2026-08-05T11:58:39.977979,1785923919.977979,35.223280,0.6972158551216125,0.11355989426374435,-0.6953244805335999,0.1323564499616623,0.3392440974712372,-0.5324373841285706,-0.6351373195648193,0.44500264525413513,94.844931,-30.489350,253.971077,-191.199465
2026-08-05T11:58:39.995290,1785923919.995290,35.240591,0.706409752368927,0.10826438665390015,-0.6859344840049744,0.13695977628231049,0.3238065540790558,-0.5422046780586243,-0.6258909702301025,0.4576316177845001,97.089476,-32.008990,129.659297,-87.784136
2026-08-05T11:58:40.012712,1785923920.012713,35.258013,0.7163888812065125,0.10334815084934235,-0.6749269366264343,0.14345669746398926,0.30835816264152527,-0.5510006546974182,-0.617584764957428,0.4689406752586365,99.209643,-34.091204,121.691760,-119.513349
2026-08-05T11:58:40.045582,1785923920.045582,35.290883,0.7275702357292175,0.09981828182935715,-0.6620069742202759,0.14974910020828247,0.29326745867729187,-0.5583490133285522,-0.6101890206336975,0.4794921875,101.398471,-36.597592,66.591292,-76.252540
2026-08-05T11:58:40.062198,1785923920.062199,35.307499,0.7368470430374146,0.09754056483507156,-0.650819718837738,0.1548418402671814,0.28124117851257324,-0.5640762448310852,-0.6018268465995789,0.4904371201992035,103.392335,-38.601639,119.994153,-120.606933
2026-08-05T11:58:40.079175,1785923920.079176,35.324476,0.7446385025978088,0.09214464575052261,-0.6416392922401428,0.15912847220897675,0.27152276039123535,-0.568507730960846,-0.5927438735961914,0.5017289519309998,104.825679,-39.790038,84.428244,-70.000234
2026-08-05T11:58:40.094953,1785923920.094954,35.340255,0.7517039775848389,0.08694769442081451,-0.6327605247497559,0.164303258061409,0.2604158818721771,-0.5726069808006287,-0.5844205617904663,0.5126016139984131,106.261893,-41.069504,91.024618,-81.090232
2026-08-05T11:58:40.112734,1785923920.112735,35.358036,0.7582476735115051,0.08163046836853027,-0.6240978240966797,0.1699972003698349,0.24586538970470428,-0.5774767398834229,-0.5768616795539856,0.5227850675582886,107.944588,-42.670270,94.634307,-90.026675
2026-08-05T11:58:40.117886,1785923920.117887,35.363187,0.7621367573738098,0.08316583931446075,-0.6171393394470215,0.17711617052555084,0.22938257455825806,-0.5829929709434509,-0.5685617327690125,0.5331447124481201,110.269925,-44.707188,451.389535,-395.402049
2026-08-05T11:58:40.128677,1785923920.128677,35.373978,0.7633790969848633,0.08955471217632294,-0.6129967570304871,0.18294131755828857,0.2142452895641327,-0.5881145596504211,-0.5589336156845093,0.5438898205757141,112.853097,-46.395022,239.391247,-156.417279
2026-08-05T11:58:40.144933,1785923920.144933,35.390234,0.7623781561851501,0.09630046784877777,-0.6115906238555908,0.18831564486026764,0.20089901983737946,-0.5922662019729614,-0.5496311187744141,0.5538671016693115,115.098316,-47.418091,138.113446,-62.933562
2026-08-05T11:58:40.162620,1785923920.162620,35.406703,0.7621733546257019,0.09884126484394073,-0.6101810932159424,0.1923574060201645,0.18872150778770447,-0.5952239036560059,-0.542050302028656,0.5623850226402283,116.807141,-48.028780,103.764597,-37.082743
2026-08-05T11:58:40.195771,1785923920.195771,35.441072,0.763822615146637,0.09638521075248718,-0.6071903705596924,0.19648148119449615,0.18009637296199799,-0.597597062587738,-0.533972978591919,0.570367157459259,117.837750,-48.473530,29.985969,-12.940175
2026-08-05T11:58:40.212219,1785923920.212219,35.457520,0.7645260691642761,0.09607832878828049,-0.6049180030822754,0.20085665583610535,0.17595314979553223,-0.5999172329902649,-0.5245394110679626,0.5779282450675964,118.637037,-48.771846,48.594753,-18.136872
2026-08-05T11:58:40.229545,1785923920.229545,35.474846,0.7645441293716431,0.09605882316827774,-0.6036530137062073,0.20456834137439728,0.17222687602043152,-0.6021966338157654,-0.5169931650161743,0.5834535956382751,119.301634,-49.045477,38.359169,-15.793410
2026-08-05T11:58:40.245057,1785923920.245058,35.490358,0.7647726535797119,0.095511294901371,-0.6025023460388184,0.20734401047229767,0.16653098165988922,-0.6043975949287415,-0.5125671029090881,0.58672696352005,119.985703,-49.566575,44.098029,-33.592259
2026-08-05T11:58:40.262115,1785923920.262115,35.507416,0.7642812132835388,0.09523559361696243,-0.602254331111908,0.20998615026474,0.1612459272146225,-0.6064071655273438,-0.5096620917320251,0.5886573195457458,120.523154,-50.002740,31.507434,-25.569639
2026-08-05T11:58:40.312357,1785923920.312358,35.557658,0.7639618515968323,0.09501674026250839,-0.6020317077636719,0.21187704801559448,0.15812434256076813,-0.6075692772865295,-0.5072886943817139,0.5903534293174744,120.850680,-50.210686,6.518936,-4.138875
2026-08-05T11:58:40.328902,1785923920.328902,35.574203,0.7630607485771179,0.09468492865562439,-0.6024230718612671,0.2141486406326294,0.1565546989440918,-0.6077874898910522,-0.506463348865509,0.5912551879882812,120.840649,-50.131391,-0.606268,4.792818
2026-08-05T11:58:40.345615,1785923920.345616,35.590916,0.7622055411338806,0.0943949818611145,-0.6028836369514465,0.2160177081823349,0.15420004725456238,-0.6072645783424377,-0.5086079239845276,0.5905698537826538,120.737811,-50.131358,-6.153034,0.001965
2026-08-05T11:58:40.363018,1785923920.363018,35.608319,0.7606961131095886,0.0950610563158989,-0.6043537855148315,0.21693655848503113,0.15200680494308472,-0.6063290238380432,-0.512851357460022,0.5884259343147278,120.583096,-50.042649,-8.890413,5.097486
2026-08-05T11:58:40.378955,1785923920.378955,35.624256,0.759303629398346,0.09611959755420685,-0.6060965657234192,0.216485857963562,0.1526304930448532,-0.605265200138092,-0.5169602632522583,0.5857580900192261,120.284208,-49.808450,-18.754296,14.695266
2026-08-05T11:58:40.395205,1785923920.395206,35.640507,0.758230447769165,0.09666796773672104,-0.6080894470214844,0.2144049108028412,0.16030792891979218,-0.6026374101638794,-0.5238480567932129,0.5802720189094543,119.170811,-49.220897,-68.513112,36.155201
2026-08-05T11:58:40.414441,1785923920.414442,35.659742,0.7576345205307007,0.09779238700866699,-0.6098008155822754,0.211115300655365,0.16338151693344116,-0.6011704206466675,-0.5283103585243225,0.5768810510635376,118.812795,-48.861347,-18.612148,18.691892
2026-08-05T11:58:40.418379,1785923920.418379,35.663680,0.7569013833999634,0.09982982277870178,-0.6113834381103516,0.2081940472126007,0.16644036769866943,-0.599614143371582,-0.5336407423019409,0.5727046728134155,118.457515,-48.678361,-90.230339,46.472734
2026-08-05T11:58:40.430186,1785923920.430186,35.675487,0.7558902502059937,0.10226715356111526,-0.6131955981254578,0.20533551275730133,0.17017973959445953,-0.5978109240531921,-0.5401744842529297,0.5673403143882751,117.974632,-48.539957,-40.898112,11.722252
2026-08-05T11:58:40.444616,1785923920.444616,35.689917,0.7530517578125,0.10252444446086884,-0.619529128074646,0.19643215835094452,0.17527027428150177,-0.5956673622131348,-0.5475116968154907,0.560976505279541,117.293960,-47.057047,-47.171252,102.767149
2026-08-05T11:58:40.461610,1785923920.461611,35.706911,0.7524335980415344,0.09998723864555359,-0.622844934463501,0.1895008385181427,0.1832917481660843,-0.5930215120315552,-0.5550184845924377,0.5537931323051453,116.089839,-46.023838,-70.852700,60.795892
2026-08-05T11:58:40.478782,1785923920.478783,35.724083,0.7513380646705627,0.09824158251285553,-0.6269596219062805,0.18100109696388245,0.19417622685432434,-0.5897665619850159,-0.5626225471496582,0.5458292365074158,114.702286,-44.700295,-80.802725,77.075231
2026-08-05T11:58:40.495695,1785923920.495696,35.740996,0.7492770552635193,0.09681469947099686,-0.6324301362037659,0.17100602388381958,0.20743632316589355,-0.5855553150177002,-0.5709525942802429,0.5367598533630371,113.044532,-42.948352,-98.016972,103.585943
2026-08-05T11:58:40.512023,1785923920.512023,35.757324,0.74456787109375,0.09406474232673645,-0.6409404873847961,0.16113941371440887,0.22173354029655457,-0.5803706645965576,-0.5807037353515625,0.5261085033416748,110.851220,-40.499912,-134.333322,149.959135
2026-08-05T11:58:40.531124,1785923920.531125,35.774404,0.7395281791687012,0.09099975228309631,-0.6495541930198669,0.1513163447380066,0.23660136759281158,-0.5743298530578613,-0.5915035605430603,0.514092743396759,108.434581,-38.088236,-141.490829,141.200264
2026-08-05T11:58:40.545054,1785923920.545055,35.790355,0.7348761558532715,0.08712860941886902,-0.6577296257019043,0.14056137204170227,0.25333407521247864,-0.5674098134040833,-0.6018731594085693,0.5016170144081116,105.814308,-35.614315,-164.261123,155.086518
2026-08-05T11:58:40.562644,1785923920.562644,35.807945,0.7290604114532471,0.08532412350177765,-0.6664980053901672,0.13027460873126984,0.27279821038246155,-0.5591242909431458,-0.6108847856521606,0.48967719078063965,103.057099,-32.973508,-156.752513,150.134825
2026-08-05T11:58:40.569042,1785923920.569042,35.814343,0.7220923900604248,0.08796108514070511,-0.6753082871437073,0.12167323380708694,0.2932153344154358,-0.5498568415641785,-0.618918776512146,0.4781469702720642,100.490868,-30.650088,-401.101308,363.150112
2026-08-05T11:58:40.572485,1785923920.572486,35.817787,0.7139199376106262,0.0935121551156044,-0.684484601020813,0.11425776779651642,0.31099867820739746,-0.5400125980377197,-0.6282721161842346,0.4657716453075409,98.192539,-28.710931,-667.397715,563.099662
2026-08-05T11:58:40.578352,1785923920.578353,35.823654,0.7057039737701416,0.10146816819906235,-0.6930623054504395,0.10654114186763763,0.3262483775615692,-0.5305718183517456,-0.638175368309021,0.4525381922721863,96.342456,-27.288166,-315.336905,242.502884
2026-08-05T11:58:40.587195,1785923920.587196,35.832497,0.6975737810134888,0.10973821580410004,-0.7011929750442505,0.09837166219949722,0.3420233428478241,-0.5208402276039124,-0.6476740837097168,0.4384821355342865,94.514450,-26.066888,-206.719095,138.107535
2026-08-05T11:58:40.611732,1785923920.611732,35.857033,0.6893009543418884,0.11740221083164215,-0.7090722322463989,0.0910913497209549,0.35942742228507996,-0.5102255344390869,-0.6563969254493713,0.4238252341747284,92.440087,-24.964826,-84.543204,44.915892
2026-08-05T11:58:40.628693,1785923920.628694,35.873995,0.6811375021934509,0.12358776479959488,-0.7166181802749634,0.08506607264280319,0.37782132625579834,-0.49845993518829346,-0.6655998229980469,0.40714648365974426,89.959111,-24.110215,-146.268285,50.384423
2026-08-05T11:58:40.678651,1785923920.678652,35.923952,0.674298882484436,0.13010254502296448,-0.722293496131897,0.08177118748426437,0.3959656059741974,-0.4852791726589203,-0.6762351989746094,0.3878454566001892,87.225739,-24.000434,-54.713686,2.197466
2026-08-05T11:58:40.694762,1785923920.694762,35.940063,0.6702957153320312,0.13544169068336487,-0.7252588272094727,0.07974393665790558,0.414397269487381,-0.46992215514183044,-0.6875621676445007,0.3670276403427124,84.187455,-24.298978,-188.588420,-18.530815
2026-08-05T11:58:40.712477,1785923920.712477,35.957778,0.670796811580658,0.1390671581029892,-0.724221408367157,0.07871206849813461,0.43500542640686035,-0.4523169994354248,-0.6968106031417847,0.3473290503025055,80.916189,-24.788693,-184.661017,-27.644092
2026-08-05T11:58:40.717920,1785923920.717921,35.963221,0.6743393540382385,0.1380390077829361,-0.7214251160621643,0.07587940245866776,0.4577854573726654,-0.4333890676498413,-0.7034574151039124,0.328263521194458,77.244667,-24.831999,-674.498776,-7.955884
2026-08-05T11:58:40.728320,1785923920.728320,35.972617,0.6713370084762573,0.13955271244049072,-0.7241522669792175,0.07372348755598068,0.47905874252319336,-0.41478222608566284,-0.7089524865150452,0.30959299206733704,73.751541,-24.459319,-371.783193,39.665334
2026-08-05T11:58:40.744826,1785923920.744826,35.990127,0.6648380756378174,0.14751119911670685,-0.728266716003418,0.07654149830341339,0.49875929951667786,-0.3965018689632416,-0.7135624885559082,0.2913021147251129,70.812434,-24.860302,-167.853639,-22.900264
2026-08-05T11:58:40.778510,1785923920.778510,36.023811,0.6603040099143982,0.15680569410324097,-0.7299500703811646,0.08113954961299896,0.5173978209495544,-0.3781086504459381,-0.7169046401977539,0.27456164360046387,68.226357,-25.659077,-76.774602,-23.713794
2026-08-05T11:58:40.793470,1785923920.793470,36.038771,0.661226749420166,0.15933848917484283,-0.7284924387931824,0.08178770542144775,0.5345311760902405,-0.3591795563697815,-0.7199000716209412,0.2588692307472229,65.332679,-25.820768,-193.427033,-10.808155
2026-08-05T11:58:40.812432,1785923920.812432,36.057733,0.6623839139938354,0.16040796041488647,-0.7275064587593079,0.07906563580036163,0.5494664311408997,-0.3414711058139801,-0.7225616574287415,0.2437041699886322,62.675005,-25.613511,-140.156853,10.930038
2026-08-05T11:58:40.828299,1785923920.828299,36.073600,0.6602033972740173,0.16404137015342712,-0.7289326190948486,0.07667770981788635,0.5627627968788147,-0.32472145557403564,-0.7252175211906433,0.22785168886184692,60.377252,-25.579409,-144.813361,2.149262
2026-08-05T11:58:40.844835,1785923920.844835,36.090136,0.6605485677719116,0.1669292151927948,-0.7281612157821655,0.07477610558271408,0.5762007832527161,-0.3078036308288574,-0.7267049551010132,0.21249116957187653,58.081779,-25.660562,-138.816709,-4.907683
2026-08-05T11:58:40.862407,1785923920.862407,36.107708,0.6610406041145325,0.16963228583335876,-0.7272358536720276,0.0733354464173317,0.5906150341033936,-0.28975754976272583,-0.7264580130577087,0.1986856907606125,55.707241,-25.555599,-135.130668,5.973279
2026-08-05T11:58:40.867239,1785923920.867239,36.112540,0.6580423712730408,0.17199045419692993,-0.7294028401374817,0.07328823953866959,0.6040599942207336,-0.2725377380847931,-0.7257652282714844,0.18466836214065552,53.359261,-25.443949,-485.968034,23.108379
2026-08-05T11:58:40.878038,1785923920.878039,36.123339,0.6546615362167358,0.17529630661010742,-0.7315772175788879,0.07405728101730347,0.6146520972251892,-0.2583825886249542,-0.7257164120674133,0.16964580118656158,51.532412,-25.833291,-169.158210,-36.051293
2026-08-05T11:58:40.894489,1785923920.894490,36.139790,0.6541010141372681,0.18192826211452484,-0.7301987409591675,0.0765761211514473,0.6239901185035706,-0.24578717350959778,-0.7254554629325867,0.15473279356956482,50.350449,-26.950155,-71.847981,-67.890830
2026-08-05T11:58:40.912826,1785923920.912826,36.157382,0.6553323268890381,0.1877787560224533,-0.7273906469345093,0.07862425595521927,0.6341070532798767,-0.2319677770137787,-0.7238863110542297,0.1417415738105774,49.076763,-27.773546,-72.401629,-46.804984
2026-08-05T11:58:40.928717,1785923920.928718,36.174019,0.6569211483001709,0.19010479748249054,-0.7254297137260437,0.07788927853107452,0.6447986364364624,-0.21672163903713226,-0.7212864756584167,0.13044244050979614,47.365581,-27.784458,-102.857880,-0.655935
2026-08-05T11:58:40.944799,1785923920.944800,36.190100,0.6581091284751892,0.19298337399959564,-0.7235856056213379,0.0779355838894844,0.6551051735877991,-0.2009739726781845,-0.7183868288993835,0.11987395584583282,45.706830,-27.786774,-103.144574,-0.144036
2026-08-05T11:58:40.962152,1785923920.962152,36.207453,0.6591284275054932,0.19704903662204742,-0.7214224934577942,0.07919128984212875,0.6646429896354675,-0.1853589564561844,-0.7154865264892578,0.10942474752664566,44.241496,-27.986667,-84.444681,-11.519491
2026-08-05T11:58:40.978512,1785923920.978512,36.223813,0.6607564091682434,0.2007397711277008,-0.7187395095825195,0.08073496073484421,0.673731803894043,-0.17017726600170135,-0.7122284770011902,0.09929021447896957,42.838602,-28.199296,-85.751294,-12.996804
2026-08-05T11:58:40.995367,1785923920.995368,36.240315,0.6621026992797852,0.20389489829540253,-0.7165355682373047,0.08138787746429443,0.6821215152740479,-0.15625789761543274,-0.7087896466255188,0.08895935863256454,41.580515,-28.390934,-76.239965,-11.613293
2026-08-05T11:58:41.017153,1785923921.017154,36.262455,0.6616402268409729,0.20817114412784576,-0.7155960202217102,0.08258040994405746,0.6890658140182495,-0.14463745057582855,-0.7058469653129578,0.07779064774513245,40.784847,-28.925976,-35.938374,-24.166541
2026-08-05T11:58:41.020278,1785923921.020278,36.264773,0.6612468957901001,0.21312156319618225,-0.7143064737319946,0.0842500776052475,0.6949573159217834,-0.13431794941425323,-0.7031914591789246,0.06721288710832596,40.275415,-29.611534,-219.713388,-295.674946
2026-08-05T11:58:41.044401,1785923921.044402,36.289702,0.6618025302886963,0.21836146712303162,-0.712054431438446,0.08552377671003342,0.7009214162826538,-0.1229645237326622,-0.7000845074653625,0.05893682688474655,39.708991,-30.036135,-22.721232,-17.032182
2026-08-05T11:58:41.061532,1785923921.061532,36.306833,0.6636624336242676,0.22096528112888336,-0.7096467018127441,0.08442915976047516,0.7070741653442383,-0.11048949509859085,-0.6964554786682129,0.05282757058739662,38.690259,-29.779784,-59.468517,14.964487
2026-08-05T11:58:41.080498,1785923921.080499,36.323774,0.665794849395752,0.22272002696990967,-0.7073721289634705,0.08208420127630234,0.7130256295204163,-0.09854450821876526,-0.6925185322761536,0.048004399985075,37.621696,-29.283334,-63.074374,29.304106
2026-08-05T11:58:41.095315,1785923921.095316,36.340616,0.6655773520469666,0.22627097368240356,-0.7067022919654846,0.07987603545188904,0.7179385423660278,-0.08949915319681168,-0.6890332698822021,0.04231199994683266,37.148299,-29.227112,-28.107951,3.338187
2026-08-05T11:58:41.111835,1785923921.111836,36.357136,0.666608452796936,0.22666387259960175,-0.7059915065765381,0.07637353241443634,0.7213704586029053,-0.08379816263914108,-0.6865631937980652,0.035162825137376785,36.656913,-29.167580,-29.744868,3.603617
2026-08-05T11:58:41.128556,1785923921.128556,36.373857,0.6691656708717346,0.22585919499397278,-0.7042261362075806,0.07259881496429443,0.7249017953872681,-0.0777425467967987,-0.6838505864143372,0.028715280815958977,35.950713,-28.907210,-42.234858,15.571637
2026-08-05T11:58:41.135061,1785923921.135062,36.380362,0.6733859181404114,0.2264416515827179,-0.7000882625579834,0.0717785432934761,0.7296361327171326,-0.06867600977420807,-0.6799541711807251,0.024082103744149208,35.070927,-28.640587,-135.247462,40.987313
2026-08-05T11:58:41.144583,1785923921.144583,36.389884,0.6749855279922485,0.22719518840312958,-0.6983579397201538,0.07122738659381866,0.7349331378936768,-0.05770305544137955,-0.6753908395767212,0.01983979530632496,34.105327,-28.203736,-101.410215,45.879451
2026-08-05T11:58:41.160962,1785923921.160962,36.406263,0.6776276230812073,0.22661596536636353,-0.6959811449050903,0.07124889642000198,0.7397176623344421,-0.04741335287690163,-0.6710867285728455,0.014669934287667274,33.082107,-27.814732,-62.471925,23.750322
2026-08-05T11:58:41.167358,1785923921.167358,36.412659,0.6791506409645081,0.2276812493801117,-0.693986177444458,0.07279348373413086,0.7434517741203308,-0.039673030376434326,-0.6675622463226318,0.008302304893732071,32.616481,-27.971883,-72.798917,-24.570024
2026-08-05T11:58:41.178246,1785923921.178247,36.423548,0.6795579791069031,0.2298581749200821,-0.6926835179328918,0.07453669607639313,0.7461732625961304,-0.033758923411369324,-0.664895236492157,0.0017760765040293336,32.519948,-28.384968,-8.865336,-37.936592
2026-08-05T11:58:41.211758,1785923921.211758,36.457059,0.6805886626243591,0.23077677190303802,-0.6913447380065918,0.07472440600395203,0.7483522891998291,-0.028140399605035782,-0.6626964807510376,-0.003643627045676112,32.231074,-28.489341,-8.620237,-3.114592
2026-08-05T11:58:41.228535,1785923921.228535,36.473836,0.6814451217651367,0.23129308223724365,-0.6903643012046814,0.07438763231039047,0.7502981424331665,-0.021913938224315643,-0.6606970429420471,-0.0073905326426029205,31.780094,-28.327361,-26.881142,9.655037
2026-08-05T11:58:41.244939,1785923921.244940,36.490240,0.6818287372589111,0.2316160351037979,-0.6899275183677673,0.07391896098852158,0.7518980503082275,-0.015554331243038177,-0.659026026725769,-0.00974529329687357,31.260137,-28.009693,-31.695778,19.364515
2026-08-05T11:58:41.261805,1785923921.261806,36.506181,0.6822391748428345,0.2314603328704834,-0.6896478533744812,0.07322364300489426,0.7529261708259583,-0.010028361342847347,-0.6579367518424988,-0.011106854304671288,30.718205,-27.611127,-33.996318,25.002744
2026-08-05T11:58:41.278451,1785923921.278451,36.523752,0.6820891499519348,0.231375053524971,-0.6899010539054871,0.07250296324491501,0.7533455491065979,-0.006115795113146305,-0.6574944853782654,-0.011687402613461018,30.323525,-27.279136,-22.462020,18.894284
2026-08-05T11:58:41.295161,1785923921.295162,36.540463,0.6818879842758179,0.2314208447933197,-0.6901289224624634,0.07207998633384705,0.7533048987388611,-0.003992998041212559,-0.6575515866279602,-0.012012832798063755,30.111479,-27.101169,-12.689399,10.649963
2026-08-05T11:58:41.311925,1785923921.311925,36.557226,0.6814883947372437,0.23103651404380798,-0.6907106041908264,0.07151727378368378,0.7527779936790466,-0.0037336931563913822,-0.6581482291221619,-0.012437494471669197,30.035296,-27.027361,-4.544707,4.403036
2026-08-05T11:58:41.318624,1785923921.318624,36.562402,0.6812147498130798,0.23011521995067596,-0.6913506984710693,0.07090677320957184,0.7520649433135986,-0.004370769951492548,-0.6589582562446594,-0.012469175271689892,29.968066,-26.940362,-12.988051,16.807215
2026-08-05T11:58:41.330559,1785923921.330560,36.575861,0.680963397026062,0.22896131873130798,-0.6920152902603149,0.07057221233844757,0.751422107219696,-0.004660385195165873,-0.6597061157226562,-0.011544674634933472,29.818417,-26.749776,-11.119328,14.161013
2026-08-05T11:58:41.361511,1785923921.361512,36.606812,0.6809720993041992,0.22741109132766724,-0.6924904584884644,0.0708395391702652,0.750811755657196,-0.005043385084718466,-0.6604263186454773,-0.009794255718588829,29.620016,-26.510957,-6.409949,7.715799
2026-08-05T11:58:41.378482,1785923921.378483,36.623783,0.680611252784729,0.2261108160018921,-0.6931485533714294,0.07202352583408356,0.749884843826294,-0.007395716849714518,-0.6614811420440674,-0.007939042523503304,29.682354,-26.513719,3.673266,-0.162761
2026-08-05T11:58:41.428466,1785923921.428466,36.673767,0.6802324056625366,0.22417514026165009,-0.6940376162528992,0.07308316975831985,0.748202383518219,-0.012964065186679363,-0.6633142232894897,-0.0064478544518351555,29.994600,-26.730384,6.247003,-4.334748
2026-08-05T11:58:41.444969,1785923921.444969,36.690270,0.6791914105415344,0.2215386927127838,-0.6959350109100342,0.07276064157485962,0.7457454800605774,-0.021726345643401146,-0.665860652923584,-0.0048483810387551785,30.523847,-27.020032,32.068626,-17.550593
2026-08-05T11:58:41.462792,1785923921.462792,36.708093,0.6774535179138184,0.21907541155815125,-0.6984434723854065,0.07238365709781647,0.7425234317779541,-0.0330338180065155,-0.6690027117729187,-0.002296487335115671,31.319536,-27.439411,44.644571,-23.530556
2026-08-05T11:58:41.468565,1785923921.468565,36.713866,0.6755281686782837,0.21625925600528717,-0.7012615203857422,0.07159704715013504,0.7382793426513672,-0.04643497243523598,-0.6728947758674622,0.0014658874133601785,32.246916,-27.849025,160.639026,-70.952728
2026-08-05T11:58:41.477670,1785923921.477671,36.722972,0.6721490025520325,0.21546734869480133,-0.7049264907836914,0.06977250427007675,0.733146071434021,-0.059915825724601746,-0.6773963570594788,0.0065586199052631855,33.391096,-28.232349,125.655608,-42.097156
2026-08-05T11:58:41.494290,1785923921.494290,36.738971,0.6720724701881409,0.21122007071971893,-0.7064914703369141,0.06763594597578049,0.7284305691719055,-0.07125088572502136,-0.6812875866889954,0.012711435556411743,33.848271,-28.035382,28.574261,12.310734
2026-08-05T11:58:41.512919,1785923921.512919,36.758220,0.6709508895874023,0.2079363763332367,-0.70843905210495,0.06856773048639297,0.7242373824119568,-0.08100723475217819,-0.6845224499702454,0.018692180514335632,34.389158,-28.051508,28.100231,-0.837749
2026-08-05T11:58:41.528537,1785923921.528537,36.773838,0.6684642434120178,0.20467326045036316,-0.7116498947143555,0.0694199800491333,0.7190272212028503,-0.0933973416686058,-0.688323974609375,0.022114289924502373,35.307064,-28.458899,58.771990,-26.084548
2026-08-05T11:58:41.545026,1785923921.545026,36.790327,0.6668899655342102,0.2026882916688919,-0.7134544849395752,0.07181962579488754,0.7120634913444519,-0.10971909761428833,-0.6931129693984985,0.022885045036673546,36.836161,-29.630636,92.734193,-71.061621
2026-08-05T11:58:41.561670,1785923921.561671,36.806971,0.6631748676300049,0.20245520770549774,-0.7166263461112976,0.07521888613700867,0.7042461037635803,-0.12688139081001282,-0.6981409192085266,0.023233668878674507,38.737648,-31.107935,114.241322,-88.756126
2026-08-05T11:58:41.578933,1785923921.578933,36.824234,0.6603163480758667,0.19943088293075562,-0.7200208306312561,0.07602613419294357,0.6965041756629944,-0.1410834640264511,-0.7030805349349976,0.025637200102210045,39.911235,-31.721405,67.983058,-35.536851
2026-08-05T11:58:41.595278,1785923921.595279,36.840579,0.6603983044624329,0.19389520585536957,-0.7213853001594543,0.07669496536254883,0.6905302405357361,-0.15018732845783234,-0.7068353891372681,0.03158979490399361,40.155837,-31.455536,14.964898,16.266061
2026-08-05T11:58:41.612015,1785923921.612016,36.857316,0.6589886546134949,0.19099071621894836,-0.7233215570449829,0.07786392420530319,0.6861791610717773,-0.15526866912841797,-0.7095538973808289,0.03981431573629379,40.276715,-30.938097,7.222148,30.915495
2026-08-05T11:58:41.617733,1785923921.617734,36.863035,0.6591203212738037,0.18736205995082855,-0.724143385887146,0.07792622596025467,0.6817672252655029,-0.15989840030670166,-0.7122374176979065,0.048436086624860764,40.250400,-30.223924,-4.602027,124.894026
2026-08-05T11:58:41.621098,1785923921.621099,36.866400,0.6578966379165649,0.18443207442760468,-0.7260321378707886,0.07768134772777557,0.6760534048080444,-0.16648690402507782,-0.715610921382904,0.05601143091917038,40.571865,-29.750330,95.530748,140.739521
2026-08-05T11:58:41.630088,1785923921.630088,36.875389,0.6566615104675293,0.18212543427944183,-0.7277066111564636,0.07790584117174149,0.6697528958320618,-0.17403168976306915,-0.7191073298454285,0.06348918378353119,41.105443,-29.449585,59.356868,33.455687
2026-08-05T11:58:41.678327,1785923921.678327,36.923628,0.655288815498352,0.1810968518257141,-0.7291335463523865,0.07851731777191162,0.6639848351478577,-0.18131773173809052,-0.7218296527862549,0.07219535112380981,41.787480,-29.170666,14.138691,5.782024
2026-08-05T11:58:41.695538,1785923921.695539,36.940840,0.6538870930671692,0.17995212972164154,-0.7307003140449524,0.0782696008682251,0.6587696075439453,-0.18854011595249176,-0.7237234115600586,0.08186407387256622,42.482221,-28.724408,40.365096,25.928017
2026-08-05T11:58:41.710984,1785923921.710984,36.956285,0.651794970035553,0.17783355712890625,-0.733288586139679,0.0763314887881279,0.6526902914047241,-0.1980019211769104,-0.7256029844284058,0.09106555581092834,43.368108,-28.238028,57.356667,31.490597
2026-08-05T11:58:41.728555,1785923921.728555,36.973856,0.6494195461273193,0.17504803836345673,-0.7364047169685364,0.07294264435768127,0.6448010206222534,-0.21066047251224518,-0.7279773354530334,0.09952376782894135,44.598374,-27.860814,70.016941,21.468058
2026-08-05T11:58:41.745078,1785923921.745079,36.990380,0.6478692889213562,0.17096106708049774,-0.7392004132270813,0.06797515600919724,0.635582685470581,-0.22528940439224243,-0.730431318283081,0.1084040030837059,45.983327,-27.368025,83.815488,29.822911
2026-08-05T11:58:41.777756,1785923921.777756,37.023057,0.6448357701301575,0.1678142547607422,-0.7429232001304626,0.06395858526229858,0.6257050633430481,-0.2405397891998291,-0.7324525713920593,0.11895017325878143,47.624392,-26.874984,50.219794,15.088010
2026-08-05T11:58:41.784007,1785923921.784007,37.029308,0.6417993903160095,0.16527803242206573,-0.7463229894638062,0.061472222208976746,0.6160722374916077,-0.2549964189529419,-0.7334578633308411,0.1321873813867569,49.327938,-26.251996,272.550625,99.671952
2026-08-05T11:58:41.786980,1785923921.786980,37.032281,0.6408395767211914,0.16234618425369263,-0.7479929327964783,0.05894939973950386,0.6072149276733398,-0.2681831419467926,-0.733087956905365,0.1481626182794571,50.978384,-25.328346,555.041123,310.621344
2026-08-05T11:58:41.810990,1785923921.810990,37.056291,0.6393384337425232,0.1613418608903885,-0.7495554089546204,0.05815596505999565,0.5973665714263916,-0.28200843930244446,-0.7326194643974304,0.1639973372220993,52.958745,-24.746331,82.481693,24.240833
2026-08-05T11:58:41.828280,1785923921.828280,37.073581,0.636579155921936,0.1568962186574936,-0.7528396844863892,0.05816376954317093,0.5854904651641846,-0.2978415787220001,-0.7325668931007385,0.1784350425004959,54.787950,-24.125356,105.796297,35.915535
2026-08-05T11:58:41.845010,1785923921.845011,37.090311,0.6344075202941895,0.15397685766220093,-0.755207359790802,0.05899418145418167,0.5725288391113281,-0.3144572079181671,-0.732283353805542,0.19258952140808105,56.911873,-23.816513,126.948794,18.459821
2026-08-05T11:58:41.861211,1785923921.861211,37.106512,0.633453369140625,0.15256506204605103,-0.7560962438583374,0.061475541442632675,0.5601503252983093,-0.3297494351863861,-0.730732798576355,0.2086348831653595,59.117518,-23.573874,136.148384,14.977445
2026-08-05T11:58:41.878343,1785923921.878343,37.123644,0.6340380311012268,0.15242210030555725,-0.7553377151489258,0.06502526998519897,0.5479400753974915,-0.3438093960285187,-0.7282382845878601,0.22633570432662964,61.413267,-23.380269,134.001395,11.300576
2026-08-05T11:58:41.896338,1785923921.896338,37.141106,0.6362050771713257,0.1525210589170456,-0.7531912326812744,0.0684373527765274,0.5343707799911499,-0.35776054859161377,-0.7257832288742065,0.24432742595672607,63.842176,-23.268415,139.092879,6.405393
2026-08-05T11:58:41.911802,1785923921.911803,37.157103,0.6383818984031677,0.15321843326091766,-0.7508312463760376,0.07242555171251297,0.5189039707183838,-0.3723694682121277,-0.7236790060997009,0.2614775002002716,66.454781,-23.409905,163.319124,-8.844834
2026-08-05T11:58:41.917455,1785923921.917455,37.162756,0.6409191489219666,0.15494398772716522,-0.7476927638053894,0.07855319231748581,0.5021668672561646,-0.38746288418769836,-0.7213907837867737,0.27802610397338867,69.221285,-23.998501,489.415804,-104.127113
2026-08-05T11:58:41.927550,1785923921.927551,37.172852,0.6441966891288757,0.15635962784290314,-0.7439100742340088,0.08461760729551315,0.48617228865623474,-0.40180322527885437,-0.7177655696868896,0.29496678709983826,71.949429,-24.561325,270.231143,-55.749439
2026-08-05T11:58:41.961059,1785923921.961059,37.206360,0.6475910544395447,0.156623974442482,-0.7402344346046448,0.09026581794023514,0.4713286757469177,-0.41518810391426086,-0.7124871611595154,0.31278160214424133,74.530682,-24.868396,77.032671,-9.163968
2026-08-05T11:58:41.978120,1785923921.978121,37.223421,0.6513545513153076,0.15423671901226044,-0.7369617819786072,0.09399820119142532,0.45604750514030457,-0.42834892868995667,-0.7070032954216003,0.32967618107795715,76.927106,-24.896279,140.460216,-1.634281
2026-08-05T11:58:41.995038,1785923921.995039,37.240340,0.6572782397270203,0.14952945709228516,-0.73210608959198,0.09821916371583939,0.4398000240325928,-0.44137459993362427,-0.7015383839607239,0.34584712982177734,79.177022,-25.103375,132.988025,-12.241044
2026-08-05T11:58:42.012116,1785923922.012117,37.257418,0.6639265418052673,0.1453728973865509,-0.7261422276496887,0.10385540872812271,0.42374923825263977,-0.45385825634002686,-0.6950978636741638,0.36233988404273987,81.471077,-25.579496,134.326797,-27.878913
2026-08-05T11:58:42.028260,1785923922.028260,37.273561,0.6705040335655212,0.140936017036438,-0.7198712825775146,0.11111632734537125,0.4073300063610077,-0.46609261631965637,-0.6881624460220337,0.37851613759994507,83.703434,-26.283144,138.281613,-43.586923
2026-08-05T11:58:42.048187,1785923922.048187,37.293488,0.6758878827095032,0.13661935925483704,-0.7147446274757385,0.1168377697467804,0.3898228406906128,-0.4783394932746887,-0.681484043598175,0.3934602439403534,86.028616,-26.913878,116.684853,-31.652200
2026-08-05T11:58:42.061139,1785923922.061139,37.305419,0.6820729374885559,0.13120295107364655,-0.7089785933494568,0.12211398780345917,0.37179455161094666,-0.4904671013355255,-0.6746876835823059,0.40744245052337646,88.330544,-27.696645,192.937614,-65.608144
2026-08-05T11:58:42.077790,1785923922.077790,37.323091,0.690364420413971,0.12966793775558472,-0.6998429298400879,0.12962698936462402,0.35525962710380554,-0.5015410780906677,-0.666663646697998,0.4216737449169159,90.914024,-29.339384,146.192049,-92.958122
2026-08-05T11:58:42.094488,1785923922.094488,37.339789,0.696736752986908,0.1307699829339981,-0.6916030645370483,0.13835647702217102,0.3396134078502655,-0.5113949775695801,-0.6583340764045715,0.43558716773986816,93.478846,-31.076800,153.599454,-104.048561
2026-08-05T11:58:42.141638,1785923922.141639,37.386940,0.7057868242263794,0.12583044171333313,-0.6820068359375,0.14456310868263245,0.3223671019077301,-0.5206410884857178,-0.6513117551803589,0.4481152296066284,95.713077,-32.655375,47.384985,-33.479415
2026-08-05T11:58:42.143755,1785923922.143756,37.389056,0.7173334360122681,0.11955222487449646,-0.6697572469711304,0.15021803975105286,0.30455902218818665,-0.5291843414306641,-0.644775390625,0.4598636329174042,97.989643,-34.681352,1075.536101,-957.148549
2026-08-05T11:58:42.177762,1785923922.177763,37.423063,0.726410448551178,0.11621186882257462,-0.6588796973228455,0.15716351568698883,0.2893548607826233,-0.536411464214325,-0.636660099029541,0.47244325280189514,100.179702,-36.579626,64.400549,-55.820372
2026-08-05T11:58:42.194494,1785923922.194494,37.439795,0.7356147170066833,0.11242175847291946,-0.6475934982299805,0.16387546062469482,0.2770562469959259,-0.5419632196426392,-0.627392590045929,0.48569175601005554,102.081758,-38.261302,113.677880,-100.506690
2026-08-05T11:58:42.211173,1785923922.211173,37.456474,0.7420451045036316,0.10995126515626907,-0.6390129327774048,0.17012445628643036,0.2652883231639862,-0.5469040274620056,-0.6187753081321716,0.49763166904449463,103.836208,-39.635307,105.190386,-82.380247
2026-08-05T11:58:42.215965,1785923922.215966,37.461267,0.7462124228477478,0.10824277251958847,-0.6332561373710632,0.17446261644363403,0.2515229284763336,-0.552033007144928,-0.6122258901596069,0.5071265697479248,105.670963,-40.827292,382.842546,-248.721533
2026-08-05T11:58:42.227324,1785923922.227324,37.472625,0.7491325736045837,0.10794931650161743,-0.6287320256233215,0.17844806611537933,0.2377595454454422,-0.5570105314254761,-0.6066892743110657,0.5149173736572266,107.499271,-42.079945,160.967313,-110.285551
2026-08-05T11:58:42.243767,1785923922.243767,37.489068,0.7506699562072754,0.10846159607172012,-0.6257017254829407,0.18228627741336823,0.22774675488471985,-0.5613715648651123,-0.5997183918952942,0.5228128433227539,109.011511,-42.929774,91.967201,-51.682541
2026-08-05T11:58:42.260655,1785923922.260655,37.505956,0.75106281042099,0.10801047086715698,-0.624437689781189,0.18524599075317383,0.22258082032203674,-0.5642923712730408,-0.5912176966667175,0.5315030217170715,109.960394,-42.903295,56.187126,1.567911
2026-08-05T11:58:42.277788,1785923922.277789,37.523089,0.7502995133399963,0.10678687691688538,-0.6247941851615906,0.1878286600112915,0.2183612436056137,-0.5663129687309265,-0.5840946435928345,0.5389280915260315,110.565644,-42.453896,35.325590,26.229322
2026-08-05T11:58:42.294552,1785923922.294553,37.539854,0.7501658201217651,0.10597120970487595,-0.6241672039031982,0.19088485836982727,0.21098843216896057,-0.5684038996696472,-0.5799877047538757,0.544074535369873,111.347273,-42.602683,46.625004,-8.875322
2026-08-05T11:58:42.344819,1785923922.344819,37.590120,0.7502313852310181,0.10465436428785324,-0.6231401562690735,0.19467104971408844,0.20180611312389374,-0.5706873536109924,-0.5773075222969055,0.5480039715766907,112.151032,-43.058227,15.989946,-9.062582
2026-08-05T11:58:42.361602,1785923922.361602,37.606903,0.7490359544754028,0.10540161281824112,-0.6228057146072388,0.19987203180789948,0.19360867142677307,-0.5731323957443237,-0.5734590888023376,0.5524327158927917,112.966664,-43.493921,48.598686,-25.960441
2026-08-05T11:58:42.367215,1785923922.367215,37.612516,0.7480602860450745,0.10671541839838028,-0.6222169399261475,0.2046065330505371,0.1867230087518692,-0.5758995413780212,-0.5674811601638794,0.5580695867538452,113.881896,-43.856536,163.060193,-64.604333
2026-08-05T11:58:42.377390,1785923922.377390,37.622691,0.7477929592132568,0.1075679212808609,-0.620582640171051,0.21002891659736633,0.17948822677135468,-0.5790233016014099,-0.5605793595314026,0.5641533732414246,114.862747,-44.445714,96.395980,-57.903179
2026-08-05T11:58:42.394272,1785923922.394273,37.638553,0.7465137839317322,0.10916436463594437,-0.6192351579666138,0.21759666502475739,0.17072302103042603,-0.5823777914047241,-0.5534161329269409,0.5704580545425415,115.895002,-45.136682,65.077247,-43.561284
2026-08-05T11:58:42.396882,1785923922.396882,37.642183,0.7460029721260071,0.11097116768360138,-0.6167674660682678,0.2253064662218094,0.16164244711399078,-0.5856824517250061,-0.5456321239471436,0.5771787762641907,117.045284,-46.030340,316.930441,-246.224294
2026-08-05T11:58:42.412484,1785923922.412485,37.657786,0.7462254762649536,0.11209139972925186,-0.6144839525222778,0.23020125925540924,0.1538960486650467,-0.5885079503059387,-0.5377740263938904,0.5837599039077759,118.177506,-46.648280,72.564102,-39.603766
2026-08-05T11:58:42.444887,1785923922.444888,37.690189,0.746749222278595,0.11160960048437119,-0.6129466891288757,0.23282085359096527,0.14824041724205017,-0.5910620093345642,-0.5310406684875488,0.5887855291366577,119.030265,-47.014832,26.317280,-11.312271
2026-08-05T11:58:42.461172,1785923922.461173,37.706473,0.7470188140869141,0.11040244996547699,-0.6124014258384705,0.23396331071853638,0.14515505731105804,-0.5931188464164734,-0.526267409324646,0.5917640924453735,119.511243,-47.156024,29.535570,-8.670260
2026-08-05T11:58:42.478148,1785923922.478149,37.723449,0.74806147813797,0.10712908208370209,-0.6122270822525024,0.23260599374771118,0.14553804695606232,-0.5945598483085632,-0.5230199694633484,0.5931016802787781,119.557275,-47.008364,2.711609,8.698098
2026-08-05T11:58:42.494643,1785923922.494643,37.739944,0.7484467625617981,0.10482534021139145,-0.6131637096405029,0.22993355989456177,0.14869330823421478,-0.5948940515518188,-0.5217021703720093,0.5931444764137268,119.310588,-46.508375,-14.955494,30.312046
2026-08-05T11:58:42.511761,1785923922.511762,37.757062,0.7479331493377686,0.10467884689569473,-0.6147966980934143,0.22729627788066864,0.15197362005710602,-0.5940769910812378,-0.523382306098938,0.5916501879692078,118.974281,-45.987941,-19.646170,30.402343
2026-08-05T11:58:42.517715,1785923922.517716,37.763016,0.7467586398124695,0.10568522661924362,-0.6169928908348083,0.22472642362117767,0.15502412617206573,-0.5925298929214478,-0.5266861915588379,0.5894737839698792,118.595665,-45.388770,-63.589863,100.632785
2026-08-05T11:58:42.527417,1785923922.527417,37.772718,0.7454955577850342,0.1082615777850151,-0.618834376335144,0.2226208597421646,0.1589353084564209,-0.5908177495002747,-0.5296598672866821,0.5874830484390259,118.261607,-44.903192,-34.432814,50.050669
2026-08-05T11:58:42.543937,1785923922.543937,37.789238,0.7438539862632751,0.1115340143442154,-0.6208475232124329,0.22088466584682465,0.16256065666675568,-0.5889078378677368,-0.533034086227417,0.5853532552719116,117.942790,-44.430184,-19.299149,28.632857
2026-08-05T11:58:42.562032,1785923922.562032,37.807333,0.7419666647911072,0.11419820040464401,-0.6235122680664062,0.21835032105445862,0.16479703783988953,-0.586848258972168,-0.5378831624984741,0.5823529958724976,117.631752,-43.882587,-17.188921,30.261926
2026-08-05T11:58:42.577470,1785923922.577471,37.822772,0.7401105761528015,0.11456337571144104,-0.6271829009056091,0.2139001041650772,0.16675052046775818,-0.5849453210830688,-0.5442227125167847,0.5778034329414368,117.158410,-43.132228,-30.660157,48.603662
2026-08-05T11:58:42.594365,1785923922.594365,37.839666,0.7395231127738953,0.11159896105527878,-0.6305485367774963,0.20750901103019714,0.169429749250412,-0.5829358696937561,-0.5519189238548279,0.5717228055000305,116.408754,-42.336499,-44.372576,47.099656
2026-08-05T11:58:42.611506,1785923922.611506,37.856807,0.7399101257324219,0.10962352901697159,-0.6328431367874146,0.20006392896175385,0.17365047335624695,-0.581088662147522,-0.5597246289253235,0.5647051334381104,115.721450,-41.885922,-40.097394,26.286684
2026-08-05T11:58:42.628009,1785923922.628010,37.873311,0.7400769591331482,0.10955869406461716,-0.6350002884864807,0.19250382483005524,0.18028347194194794,-0.5794378519058228,-0.566163182258606,0.5578627586364746,115.061739,-41.487522,-39.973869,24.140255
2026-08-05T11:58:42.661976,1785923922.661977,37.907277,0.7405738234519958,0.11178501695394516,-0.6362612843513489,0.18500351905822754,0.18919800221920013,-0.5777103304862976,-0.5710209012031555,0.5517172813415527,114.506975,-41.250344,-16.332550,6.982633
2026-08-05T11:58:42.667763,1785923922.667764,37.913064,0.7390117645263672,0.11532457917928696,-0.6394319534301758,0.17801342904567719,0.19905923306941986,-0.5756943821907043,-0.5753865242004395,0.5457873344421387,113.842285,-40.588715,-114.856468,114.327604
2026-08-05T11:58:42.670941,1785923922.670942,37.916243,0.7364180684089661,0.11709672212600708,-0.6441712975502014,0.17035336792469025,0.20820336043834686,-0.5729483962059021,-0.5810369849205017,0.5392398238182068,112.938782,-39.426940,-284.267290,365.526932
2026-08-05T11:58:42.679723,1785923922.679724,37.925025,0.734967052936554,0.11485820263624191,-0.6486244797706604,0.16098925471305847,0.21828021109104156,-0.5692591071128845,-0.5874334573745728,0.5321858525276184,111.647018,-37.893367,-147.097740,174.633305
2026-08-05T11:58:42.694534,1785923922.694534,37.939835,0.7324849963188171,0.1097206249833107,-0.6546514630317688,0.15119118988513947,0.23148418962955475,-0.5643971562385559,-0.5936775803565979,0.5248044729232788,109.712502,-35.634492,-130.617318,152.517899
2026-08-05T11:58:42.711054,1785923922.711055,37.956355,0.7289516925811768,0.10801286995410919,-0.660811722278595,0.14244575798511505,0.24629968404769897,-0.5583916306495667,-0.600741446018219,0.5163787603378296,107.720134,-33.587346,-120.601473,123.917287
2026-08-05T11:58:42.727976,1785923922.727976,37.973277,0.7255798578262329,0.10849472880363464,-0.6663541793823242,0.13317354023456573,0.2602308690547943,-0.5518571734428406,-0.6092305183410645,0.5065312385559082,105.921240,-31.917198,-106.308068,98.699610
2026-08-05T11:58:42.744511,1785923922.744512,37.989813,0.7208011150360107,0.10908715426921844,-0.6733788251876831,0.1229100376367569,0.27491265535354614,-0.5448355674743652,-0.6182490587234497,0.49532565474510193,103.962636,-30.020778,-118.446573,114.685999
2026-08-05T11:58:42.761160,1785923922.761161,38.006461,0.7134673595428467,0.10499228537082672,-0.6837491989135742,0.11148131638765335,0.29332104325294495,-0.5365491509437561,-0.6255355477333069,0.48454636335372925,101.209262,-26.942565,-165.380038,184.891309
2026-08-05T11:58:42.778116,1785923922.778117,38.023417,0.7064728736877441,0.10592396557331085,-0.6919979453086853,0.10399513691663742,0.3149069547653198,-0.52671217918396,-0.6315357089042664,0.47389090061187744,98.465941,-24.739896,-161.789679,129.904300
2026-08-05T11:58:42.794401,1785923922.794402,38.039702,0.6995993852615356,0.11373218148946762,-0.6983472108840942,0.09968458861112595,0.33338844776153564,-0.5167044401168823,-0.6400203108787537,0.46070030331611633,96.273841,-23.938240,-134.609029,49.226830
2026-08-05T11:58:42.810883,1785923922.810884,38.056184,0.6916157007217407,0.12128852307796478,-0.7057937383651733,0.09387360513210297,0.34706130623817444,-0.5078486800193787,-0.6503519415855408,0.44573837518692017,94.423096,-23.255536,-112.289690,41.421498
2026-08-05T11:58:42.817456,1785923922.817457,38.062758,0.6847115159034729,0.1283082664012909,-0.71201491355896,0.08799002319574356,0.361740380525589,-0.4987511932849884,-0.6591264009475708,0.43121421337127686,92.590331,-22.730150,-278.813678,79.925670
2026-08-05T11:58:42.827373,1785923922.827373,38.072674,0.6812413334846497,0.13085046410560608,-0.7157698273658752,0.08038739860057831,0.3793989419937134,-0.4882412254810333,-0.666041910648346,0.4172137677669525,90.365753,-22.024843,-224.340801,71.127668
2026-08-05T11:58:42.894096,1785923922.894097,38.139398,0.6817334294319153,0.12183824181556702,-0.7181825637817383,0.06788995862007141,0.39833518862724304,-0.4763382077217102,-0.6729543805122375,0.40195196866989136,87.209616,-20.398662,-47.301502,24.371820
2026-08-05T11:58:42.911005,1785923922.911006,38.156307,0.6775660514831543,0.11786194145679474,-0.7235500812530518,0.0590614415705204,0.41731366515159607,-0.4637205898761749,-0.6799835562705994,0.38527554273605347,84.048987,-19.070416,-186.921210,78.553139
2026-08-05T11:58:42.927824,1785923922.927824,38.173125,0.6697319149971008,0.12802594900131226,-0.7289522290229797,0.06080707907676697,0.4380553662776947,-0.4499666094779968,-0.6848085522651672,0.3696986734867096,81.521189,-19.416977,-150.300563,-20.606192
2026-08-05T11:58:42.944292,1785923922.944293,38.189594,0.6676076054573059,0.1384887993335724,-0.7286717891693115,0.06448722630739212,0.4607793688774109,-0.4345106780529022,-0.6870642304420471,0.3561287224292755,79.102713,-20.395196,-146.852299,-59.398491
2026-08-05T11:58:42.960536,1785923922.960537,38.205837,0.6703273057937622,0.14432106912136078,-0.7250485420227051,0.06432332843542099,0.48374342918395996,-0.41738495230674744,-0.6889881491661072,0.342168927192688,76.449927,-21.032102,-163.309362,-39.208807
2026-08-05T11:58:42.965731,1785923922.965732,38.211032,0.6716260313987732,0.146415576338768,-0.7236520051956177,0.061716608703136444,0.5052653551101685,-0.3997783958911896,-0.6918474435806274,0.3259345591068268,73.436158,-21.103643,-580.139698,-13.771468
2026-08-05T11:58:42.967837,1785923922.968545,38.213139,0.6693997979164124,0.14381925761699677,-0.7265142798423767,0.05828506499528885,0.5253868699073792,-0.3822018504142761,-0.695146381855011,0.3076753318309784,69.892147,-20.522764,-1682.664522,275.796168
2026-08-05T11:58:42.977550,1785923922.977550,38.222851,0.6641035676002502,0.1435522437095642,-0.731352686882019,0.05901322886347771,0.5440335273742676,-0.3644871115684509,-0.6984937787055969,0.2885916233062744,66.382736,-20.365495,-361.339770,16.192867
2026-08-05T11:58:42.993821,1785923922.993821,38.239122,0.6627055406570435,0.1549166887998581,-0.729918360710144,0.06357350200414658,0.5618914365768433,-0.34626880288124084,-0.7006300091743469,0.27110061049461365,64.148140,-21.800568,-137.335137,-88.197579
2026-08-05T11:58:43.010632,1785923923.010632,38.255933,0.6650203466415405,0.1669112890958786,-0.7247024178504944,0.068521648645401,0.5803847908973694,-0.3266699016094208,-0.7012065052986145,0.2544638216495514,62.027403,-23.434187,-126.150738,-97.174805
2026-08-05T11:58:43.027325,1785923923.027325,38.272626,0.666769802570343,0.1719249188899994,-0.7217416763305664,0.07034882158041,0.5983777642250061,-0.30578017234802246,-0.7014138698577881,0.23762010037899017,59.230393,-23.976684,-167.557100,-32.498735
2026-08-05T11:58:43.078321,1785923923.078321,38.323622,0.6630858182907104,0.17356882989406586,-0.7245991826057434,0.071744404733181,0.6158448457717896,-0.28392043709754944,-0.7010126113891602,0.22069832682609558,56.020335,-23.735629,-62.947166,4.726936
2026-08-05T11:58:43.094010,1785923923.094011,38.339311,0.6605466604232788,0.17614634335041046,-0.7262616753578186,0.07207489758729935,0.6316023468971252,-0.2623305022716522,-0.7009243965148926,0.20240595936775208,53.076528,-23.741828,-187.630675,-0.395088
2026-08-05T11:58:43.111596,1785923923.111597,38.356898,0.6656721234321594,0.18331867456436157,-0.7195248603820801,0.07455815374851227,0.6449235081672668,-0.24163292348384857,-0.7015228271484375,0.18318019807338715,50.774290,-24.914173,-130.911404,-66.662692
2026-08-05T11:58:43.118824,1785923923.118824,38.363316,0.6673910021781921,0.19162218272686005,-0.7157071232795715,0.07505659759044647,0.6578118801116943,-0.22036351263523102,-0.700831413269043,0.16601505875587463,48.756407,-25.595892,-314.375313,-106.208221
2026-08-05T11:58:43.127142,1785923923.127142,38.372443,0.6652270555496216,0.19802317023277283,-0.7160300612449646,0.07457201182842255,0.671044111251831,-0.19827723503112793,-0.6982464790344238,0.15112900733947754,46.622830,-25.598832,-233.774095,-0.322027
2026-08-05T11:58:43.131637,1785923923.131637,38.376938,0.6656836867332458,0.20424996316432953,-0.7137618660926819,0.07544176280498505,0.6822255849838257,-0.17820057272911072,-0.6959827542304993,0.13573051989078522,44.737528,-26.011790,-419.408581,-91.867743
2026-08-05T11:58:43.143197,1785923923.143198,38.388498,0.6681694984436035,0.212433323264122,-0.7087749242782593,0.07784546166658401,0.6910228133201599,-0.1605408638715744,-0.6945956945419312,0.11938604712486267,43.372668,-27.050325,-118.065434,-89.837045
2026-08-05T11:58:43.161124,1785923923.161124,38.406425,0.6712592840194702,0.2172868549823761,-0.7043829560279846,0.07773187756538391,0.6994462013244629,-0.14255492389202118,-0.6925534605979919,0.10404174774885178,41.723091,-27.449418,-92.016664,-22.262227
2026-08-05T11:58:43.177890,1785923923.177890,38.423191,0.6732031106948853,0.2193530797958374,-0.7021316289901733,0.07545356452465057,0.7083531618118286,-0.12250786274671555,-0.6891599297523499,0.09103956818580627,39.646830,-27.008919,-123.838809,26.273588
2026-08-05T11:58:43.211082,1785923923.211083,38.456384,0.6743075847625732,0.22197847068309784,-0.7003974914550781,0.07401661574840546,0.7170121669769287,-0.10182041674852371,-0.6849942803382874,0.07944434881210327,37.641669,-26.499871,-60.409827,15.336179
2026-08-05T11:58:43.228034,1785923923.228034,38.473335,0.6745101809501648,0.22760720551013947,-0.6983110308647156,0.0747847929596901,0.7245288491249084,-0.08276880532503128,-0.6809006333351135,0.06770502775907516,36.240500,-26.567057,-82.659570,-3.963530
2026-08-05T11:58:43.244304,1785923923.244304,38.489605,0.6756194829940796,0.2345277965068817,-0.6947100758552551,0.07689587771892548,0.7304995059967041,-0.0663454681634903,-0.6773866415023804,0.0558389388024807,35.325090,-27.077470,-56.262290,-31.370612
2026-08-05T11:58:43.261129,1785923923.261130,38.506430,0.6784876585006714,0.2391253262758255,-0.690262496471405,0.07753217965364456,0.7357472777366638,-0.05087106302380562,-0.6737998723983765,0.045647431164979935,34.248714,-27.198079,-63.974025,-7.168364
2026-08-05T11:58:43.277240,1785923923.277241,38.522541,0.6801905035972595,0.24171476066112518,-0.6878314018249512,0.07617687433958054,0.7410243153572083,-0.034644629806280136,-0.669508159160614,0.037994589656591415,32.900657,-26.694456,-83.673649,31.259737
2026-08-05T11:58:43.294248,1785923923.294248,38.539549,0.6809484362602234,0.24162322282791138,-0.6876171231269836,0.07148592174053192,0.7461351752281189,-0.018236026167869568,-0.6647691130638123,0.03215229883790016,31.236277,-25.521748,-97.859648,68.951089
2026-08-05T11:58:43.310873,1785923923.310873,38.556174,0.682930588722229,0.2408471256494522,-0.6863760352134705,0.06698032468557358,0.7502894401550293,-0.003718045772984624,-0.6605688333511353,0.026508601382374763,29.667220,-24.433076,-94.381117,65.485254
2026-08-05T11:58:43.327849,1785923923.327849,38.573150,0.6833463907241821,0.2419905662536621,-0.6858766078948975,0.06365194171667099,0.7530982494354248,0.006448701955378056,-0.657594621181488,0.019304463639855385,28.864007,-24.068294,-47.314933,21.488278
2026-08-05T11:58:43.344543,1785923923.344543,38.589844,0.6841393113136292,0.24245192110538483,-0.6851937770843506,0.06066456064581871,0.7548835277557373,0.012815858237445354,-0.6556387543678284,0.011242086067795753,28.386959,-24.029179,-28.575903,2.343023
2026-08-05T11:58:43.361130,1785923923.361130,38.606431,0.6851751804351807,0.2435230165719986,-0.6839028000831604,0.05923176556825638,0.7564738392829895,0.018875885754823685,-0.653735876083374,0.0047404225915670395,28.004873,-24.059283,-23.034936,-1.814866
2026-08-05T11:58:43.377837,1785923923.377838,38.623139,0.6864883303642273,0.2440020591020584,-0.6825496554374695,0.05764399841427803,0.7581565380096436,0.025991180911660194,-0.651555597782135,0.0006330912001430988,27.393741,-23.747462,-36.577931,18.663367
2026-08-05T11:58:43.395113,1785923923.395114,38.640415,0.6875893473625183,0.243972510099411,-0.6815666556358337,0.05626051872968674,0.7597412467002869,0.03302008658647537,-0.6493846774101257,-0.0020860068034380674,26.725363,-23.301115,-38.688161,25.836153
2026-08-05T11:58:43.411193,1785923923.411194,38.656495,0.6877131462097168,0.24236108362674713,-0.6822063326835632,0.05391205847263336,0.7609851956367493,0.037749458104372025,-0.6476547122001648,-0.004671863280236721,26.152554,-22.819087,-35.622658,29.977071
2026-08-05T11:58:43.416452,1785923923.416452,38.661753,0.688576340675354,0.24010993540287018,-0.6823413372039795,0.051189154386520386,0.7617132663726807,0.03983527421951294,-0.6466478109359741,-0.007362865377217531,25.718688,-22.462341,-82.510368,67.844021
2026-08-05T11:58:43.419296,1785923923.419297,38.664598,0.6895787119865417,0.2389499396085739,-0.6817923784255981,0.05043404921889305,0.7621169090270996,0.04027792811393738,-0.6461180448532104,-0.00941409170627594,25.570366,-22.427305,-52.142150,12.316867
2026-08-05T11:58:43.426897,1785923923.426898,38.672198,0.6899559497833252,0.23839552700519562,-0.6815828084945679,0.05072873830795288,0.7623010277748108,0.040287453681230545,-0.6458902359008789,-0.010073216632008553,25.535297,-22.451308,-4.613782,-3.157938
2026-08-05T11:58:43.460507,1785923923.460507,38.705808,0.690499484539032,0.23698362708091736,-0.6815251708030701,0.050722427666187286,0.7621491551399231,0.0394318588078022,-0.6461291313171387,-0.009631086140871048,25.432516,-22.352224,-3.058068,2.948049
2026-08-05T11:58:43.479932,1785923923.479932,38.723063,0.6906988024711609,0.23470322787761688,-0.6821370124816895,0.05038883909583092,0.7616185545921326,0.0369047112762928,-0.6469209790229797,-0.008369793184101582,25.378008,-22.219285,-3.159108,7.704690
2026-08-05T11:58:43.493659,1785923923.493660,38.738961,0.6894930005073547,0.2330860048532486,-0.6839070916175842,0.0504138246178627,0.7605546116828918,0.03179299831390381,-0.6484618782997131,-0.006665112916380167,25.698518,-22.349804,20.160459,-8.209784
2026-08-05T11:58:43.510773,1785923923.510773,38.756074,0.6872392296791077,0.23154982924461365,-0.6866892576217651,0.05044874921441078,0.7587241530418396,0.023731855675578117,-0.6509639024734497,-0.004690627567470074,26.342936,-22.698572,37.655096,-20.379490
2026-08-05T11:58:43.527867,1785923923.527867,38.773168,0.6855633854866028,0.22963088750839233,-0.6888664960861206,0.05230331793427467,0.7562934160232544,0.014637731947004795,-0.6540671586990356,-0.001892058877274394,27.027652,-23.150126,40.057317,-26.416827
2026-08-05T11:58:43.544086,1785923923.544086,38.789387,0.6838474273681641,0.22667334973812103,-0.6913616061210632,0.05469334498047829,0.7538414001464844,0.006165658589452505,-0.6570241451263428,0.0024303365498781204,27.528278,-23.374057,30.865446,-13.806203
2026-08-05T11:58:43.560896,1785923923.560896,38.806197,0.6825791597366333,0.22366388142108917,-0.6934024095535278,0.05703914165496826,0.7512869238853455,-0.002280476037412882,-0.659928023815155,0.007680555339902639,27.981005,-23.508839,26.932487,-8.018079
2026-08-05T11:58:43.567522,1785923923.567522,38.812823,0.6807820200920105,0.22083939611911774,-0.6959049105644226,0.05900981277227402,0.7480308413505554,-0.013027363456785679,-0.6634132862091064,0.012809502892196178,28.701349,-23.815802,108.716505,-46.327818
2026-08-05T11:58:43.610346,1785923923.610347,38.855647,0.6787437200546265,0.21581792831420898,-0.6995067596435547,0.0584811307489872,0.7435581088066101,-0.026985712349414825,-0.6678990125656128,0.017477110028266907,29.483504,-24.007230,18.264195,-4.470064
2026-08-05T11:58:43.643559,1785923923.643559,38.888860,0.676681637763977,0.2113640308380127,-0.7029195427894592,0.05771910399198532,0.7379760146141052,-0.043509092181921005,-0.6730459332466125,0.02255532518029213,30.591535,-24.384946,33.361474,-11.372577
2026-08-05T11:58:43.659480,1785923923.659480,38.904781,0.6739739775657654,0.2075134515762329,-0.7066914439201355,0.0573115237057209,0.7314891815185547,-0.06100810691714287,-0.678501307964325,0.028962241485714912,31.902893,-24.792244,82.368400,-25.582999
2026-08-05T11:58:43.678073,1785923923.678073,38.923374,0.6713030338287354,0.20211386680603027,-0.7108640670776367,0.056344423443078995,0.7242624163627625,-0.07856805622577667,-0.6840342879295349,0.03700205683708191,33.064579,-24.867200,62.479493,-4.031397
2026-08-05T11:58:43.693908,1785923923.693909,38.939209,0.6689203977584839,0.19536122679710388,-0.715154230594635,0.05416685715317726,0.716589629650116,-0.09562571346759796,-0.6893033981323242,0.047087106853723526,34.053574,-24.502072,62.454250,23.057508
2026-08-05T11:58:43.710984,1785923923.710984,38.956285,0.6654176712036133,0.18756306171417236,-0.720761775970459,0.05042033642530441,0.7081547975540161,-0.1137591227889061,-0.6943939328193665,0.058260492980480194,35.154399,-23.874379,64.468836,36.760315
2026-08-05T11:58:43.716371,1785923923.716372,38.961672,0.6604373455047607,0.1783280372619629,-0.7280188202857971,0.04483739286661148,0.697494387626648,-0.13616572320461273,-0.7001835107803345,0.06859402358531952,36.685593,-23.307408,284.209967,105.237261
2026-08-05T11:58:43.727149,1785923923.727149,38.972450,0.6537196040153503,0.17107436060905457,-0.7360835075378418,0.039563845843076706,0.6818564534187317,-0.16647610068321228,-0.7081682085990906,0.0765279084444046,39.369159,-23.653784,248.992220,-32.138181
2026-08-05T11:58:43.743455,1785923923.743455,38.988756,0.6453606486320496,0.1673094481229782,-0.7444331049919128,0.03656044602394104,0.6607813835144043,-0.20232729613780975,-0.7177492380142212,0.08525903522968292,43.122980,-24.731998,230.208691,-66.123082
2026-08-05T11:58:43.760676,1785923923.760676,39.005977,0.6378811001777649,0.16605262458324432,-0.7511762976646423,0.03561735525727272,0.6381385922431946,-0.23634128272533417,-0.7258910536766052,0.10002625733613968,47.118949,-25.502773,232.040842,-44.757886
2026-08-05T11:58:43.777345,1785923923.777345,39.022646,0.6338039636611938,0.1664917767047882,-0.7544586062431335,0.036950282752513885,0.6183366179466248,-0.2633131444454193,-0.7300415635108948,0.12396233528852463,50.774514,-25.362653,219.305876,8.406088
2026-08-05T11:58:43.794172,1785923923.794173,39.039473,0.6308664083480835,0.1658487468957901,-0.7568875551223755,0.040287602692842484,0.6006331443786621,-0.2855818271636963,-0.7307599782943726,0.153863325715065,54.037674,-24.418591,193.920100,56.102856
2026-08-05T11:58:43.810582,1785923923.810583,39.055032,0.6293900012969971,0.1637261062860489,-0.7583115696907043,0.045008812099695206,0.5799268484115601,-0.3092714846134186,-0.7311921715736389,0.18274332582950592,57.420487,-23.688582,217.429000,46.921058
2026-08-05T11:58:43.827133,1785923923.827134,39.072434,0.629099428653717,0.16152025759220123,-0.7586081027984619,0.051566459238529205,0.5545574426651001,-0.33602336049079895,-0.7321322560310364,0.2086576521396637,61.196467,-23.677374,216.974309,0.644003
2026-08-05T11:58:43.866980,1785923923.866980,39.112281,0.6297025084495544,0.1605989933013916,-0.7576313614845276,0.06064428761601448,0.5296138525009155,-0.3618597090244293,-0.7304757833480835,0.23446349799633026,65.076101,-24.050593,97.364105,-9.366376
2026-08-05T11:58:43.876920,1785923923.876920,39.122221,0.630291223526001,0.16005423665046692,-0.7563840746879578,0.07070347666740417,0.5077365040779114,-0.3844800889492035,-0.7249799966812134,0.2622669041156769,68.743877,-24.138334,369.003773,-8.827353
2026-08-05T11:58:43.879934,1785923923.879935,39.125235,0.631322979927063,0.1597563773393631,-0.7544648051261902,0.08180587738752365,0.4880131781101227,-0.4043603539466858,-0.7170665860176086,0.2900907099246979,72.153901,-24.169267,1131.183080,-10.261123
2026-08-05T11:58:43.910029,1785923923.910029,39.154626,0.6365167498588562,0.15749193727970123,-0.749180018901825,0.0936606377363205,0.4672492444515228,-0.42352280020713806,-0.70945143699646,0.31462135910987854,75.313604,-24.778425,107.505611,-20.725960
2026-08-05T11:58:43.926217,1785923923.926217,39.171518,0.6456075310707092,0.15097574889659882,-0.7413859963417053,0.10365457832813263,0.4441310167312622,-0.44241729378700256,-0.7035675644874573,0.33467674255371094,78.163839,-25.757951,168.735655,-57.988532
2026-08-05T11:58:43.943632,1785923923.943632,39.187928,0.6550488471984863,0.14424236118793488,-0.7331505417823792,0.11222966760396957,0.4211972951889038,-0.4597174823284149,-0.6979923844337463,0.3522222340106964,80.920409,-26.904536,167.977474,-69.869637
2026-08-05T11:58:43.960410,1785923923.960411,39.204695,0.663672149181366,0.13926322758197784,-0.7247812747955322,0.12180853635072708,0.40068745613098145,-0.474624902009964,-0.691680371761322,0.36845648288726807,83.505582,-28.288110,154.188572,-82.521110
2026-08-05T11:58:43.976659,1785923923.976660,39.221961,0.6690913438796997,0.1328151375055313,-0.7196884155273438,0.129327654838562,0.3812068700790405,-0.48777514696121216,-0.6855432987213135,0.3831295669078827,85.688546,-29.044270,126.432831,-43.795230
2026-08-05T11:58:43.993971,1785923923.993971,39.239272,0.6767575144767761,0.12370798736810684,-0.7130593061447144,0.13506384193897247,0.3616510033607483,-0.49973443150520325,-0.6803255081176758,0.3957682251930237,87.643939,-29.895537,112.952940,-49.173298
2026-08-05T11:58:44.011068,1785923924.011069,39.256369,0.6862208843231201,0.11640768498182297,-0.7037393450737,0.14248274266719818,0.3428175747394562,-0.5107108354568481,-0.674980103969574,0.4074966311454773,89.714107,-31.477066,121.082044,-92.502029
2026-08-05T11:58:44.016485,1785923924.016485,39.261786,0.6924724578857422,0.11338474601507187,-0.6963351964950562,0.15080858767032623,0.32523438334465027,-0.5204772353172302,-0.6695029139518738,0.418441504240036,91.865189,-33.131149,397.125520,-305.371153
2026-08-05T11:58:44.027089,1785923924.027090,39.272390,0.698696494102478,0.11021609604358673,-0.6891205310821533,0.15744410455226898,0.30772706866264343,-0.5291710495948792,-0.6647147536277771,0.4282960593700409,93.970677,-34.703633,198.548791,-148.286247
2026-08-05T11:58:44.043832,1785923924.043832,39.289133,0.7069810628890991,0.10667034238576889,-0.6800711154937744,0.1621808558702469,0.29031550884246826,-0.5368325114250183,-0.6602640748023987,0.4376990497112274,96.174850,-36.444602,131.649783,-103.983762
2026-08-05T11:58:44.049184,1785923924.049184,39.294485,0.7134609818458557,0.10365283489227295,-0.6725106239318848,0.1672096848487854,0.2752157151699066,-0.5430108904838562,-0.6550069451332092,0.447618693113327,98.097603,-37.806255,359.257386,-254.418460
2026-08-05T11:58:44.060880,1785923924.060881,39.306182,0.7202272415161133,0.10185391455888748,-0.6640626788139343,0.17297230660915375,0.26272350549697876,-0.5475447773933411,-0.6490681171417236,0.45812979340553284,99.861012,-39.190960,150.762813,-118.385433
2026-08-05T11:58:44.077060,1785923924.077061,39.322361,0.726836621761322,0.09976271539926529,-0.6555911302566528,0.17876413464546204,0.25115278363227844,-0.55094313621521,-0.6436255574226379,0.46811461448669434,101.423783,-40.509435,96.587788,-81.488971
2026-08-05T11:58:44.093717,1785923924.093718,39.339018,0.7316697239875793,0.09803639352321625,-0.6489362716674805,0.18420074880123138,0.2388889342546463,-0.5540593266487122,-0.6393907070159912,0.4765828549861908,102.902518,-41.694539,88.776284,-71.148047
2026-08-05T11:58:44.110990,1785923924.110990,39.356291,0.736055314540863,0.0960458368062973,-0.6431208252906799,0.18813098967075348,0.22577296197414398,-0.5573767423629761,-0.6359092593193054,0.48371315002441406,104.442314,-42.866706,89.146136,-67.862356
2026-08-05T11:58:44.127507,1785923924.127507,39.372808,0.7397270202636719,0.09438882023096085,-0.6380894780158997,0.19166812300682068,0.2129964828491211,-0.5605490803718567,-0.6325799822807312,0.49016427993774414,105.938900,-43.985818,90.607967,-67.754498
2026-08-05T11:58:44.144104,1785923924.144104,39.389405,0.7422001957893372,0.09487513452768326,-0.6338697075843811,0.1958237737417221,0.20239152014255524,-0.5633213520050049,-0.6283287405967712,0.4969015121459961,107.351667,-45.001514,85.122848,-61.198312
2026-08-05T11:58:44.161169,1785923924.161169,39.406470,0.7434360980987549,0.09447240829467773,-0.6310941576957703,0.20024512708187103,0.1937056928873062,-0.5652647018432617,-0.623906672000885,0.5036821365356445,108.364461,-45.533748,59.349843,-31.188986
2026-08-05T11:58:44.167138,1785923924.167138,39.412439,0.7441852688789368,0.09242794662714005,-0.629034698009491,0.20484380424022675,0.1845392882823944,-0.566524088382721,-0.6208322048187256,0.5094744563102722,109.119165,-45.868912,126.436291,-56.150382
2026-08-05T11:58:44.211686,1785923924.211686,39.456441,0.7452303171157837,0.09102422744035721,-0.6267251372337341,0.20871515572071075,0.17409935593605042,-0.5677523016929626,-0.6187384128570557,0.5143059492111206,110.054478,-46.416336,21.255893,-12.440734
2026-08-05T11:58:44.227670,1785923924.227670,39.472971,0.7458783984184265,0.08901697397232056,-0.6249836087226868,0.21245482563972473,0.1639482080936432,-0.5691324472427368,-0.616527795791626,0.5187522172927856,110.896024,-46.875015,50.910846,-27.748593
2026-08-05T11:58:44.243838,1785923924.243839,39.489139,0.745121955871582,0.08942075073719025,-0.6243740916252136,0.21668954193592072,0.15537700057029724,-0.5707895159721375,-0.6133755445480347,0.5232867002487183,111.736115,-47.242551,51.959709,-22.732188
2026-08-05T11:58:44.261003,1785923924.261003,39.506304,0.745001494884491,0.09186556190252304,-0.6231859922409058,0.21948300302028656,0.14819714426994324,-0.572877824306488,-0.6088767647743225,0.5283169746398926,112.829228,-47.743201,63.682910,-29.166981
2026-08-05T11:58:44.277280,1785923924.277281,39.522581,0.7446230053901672,0.09518115222454071,-0.6223623156547546,0.2216806411743164,0.14094102382659912,-0.5750359296798706,-0.6042681336402893,0.5332266092300415,114.019717,-48.222777,73.139009,-29.463258
2026-08-05T11:58:44.293229,1785923924.293229,39.538530,0.744219958782196,0.09733037650585175,-0.6215350031852722,0.22440524399280548,0.13209040462970734,-0.576626181602478,-0.6009669303894043,0.5374888777732849,115.133314,-48.711421,69.823337,-30.638376
2026-08-05T11:58:44.310834,1785923924.310834,39.556135,0.7441574335098267,0.09879374504089355,-0.6200752258300781,0.2279829978942871,0.12365657836198807,-0.5775307416915894,-0.5982414484024048,0.5415493249893188,116.072590,-49.237166,53.353293,-29.863706
2026-08-05T11:58:44.315650,1785923924.315650,39.560951,0.7443498969078064,0.09955598413944244,-0.6186738014221191,0.23081332445144653,0.11818648129701614,-0.5781455636024475,-0.5948202610015869,0.545866072177887,116.743373,-49.487956,139.280741,-52.073667
2026-08-05T11:58:44.326857,1785923924.326858,39.572158,0.7445666790008545,0.09918033331632614,-0.6177555918693542,0.23272739350795746,0.11494649946689606,-0.5788918137550354,-0.5909488201141357,0.5499564409255981,117.171463,-49.487022,38.197286,0.083342
2026-08-05T11:58:44.360804,1785923924.360805,39.606106,0.7444652915000916,0.10018181800842285,-0.6168498992919922,0.23501355946063995,0.11152820289134979,-0.5799185633659363,-0.5878018736839294,0.5529433488845825,117.675159,-49.756421,14.837614,-7.935808
2026-08-05T11:58:44.377373,1785923924.377374,39.622675,0.744311511516571,0.1028384119272232,-0.6155660152435303,0.23770447075366974,0.10724148154258728,-0.5812825560569763,-0.5850098729133606,0.555314838886261,118.384972,-50.383161,42.839444,-37.825788
2026-08-05T11:58:44.394360,1785923924.394361,39.639661,0.7438491582870483,0.10519936680793762,-0.6147430539131165,0.24023455381393433,0.10362359881401062,-0.5827440619468689,-0.5818694829940796,0.5577638745307922,119.009081,-50.857816,36.741269,-27.942875
2026-08-05T11:58:44.410599,1785923924.410599,39.655900,0.7435903549194336,0.1073581650853157,-0.6137610077857971,0.24258044362068176,0.10096912086009979,-0.583969235420227,-0.578616738319397,0.5603473782539368,119.543356,-51.256236,32.901326,-24.535225
2026-08-05T11:58:44.427343,1785923924.427344,39.672645,0.7433207631111145,0.1092638149857521,-0.6130785942077637,0.24427562952041626,0.09923429787158966,-0.5847853422164917,-0.5761755108833313,0.5623181462287903,119.938046,-51.523934,23.571193,-15.987096
2026-08-05T11:58:44.444339,1785923924.444339,39.689640,0.7431085705757141,0.1100577786564827,-0.6133001446723938,0.2440081238746643,0.09918184578418732,-0.585204005241394,-0.5745169520378113,0.563587486743927,120.110122,-51.416976,10.124972,6.293400
2026-08-05T11:58:44.460761,1785923924.460761,39.706062,0.7434064149856567,0.10843206942081451,-0.6141612529754639,0.24165169894695282,0.10124404728412628,-0.5851285457611084,-0.5740674734115601,0.5637570023536682,119.917778,-50.938229,-11.712385,29.152293
2026-08-05T11:58:44.465554,1785923924.465554,39.710855,0.7431407570838928,0.10677818953990936,-0.6161162257194519,0.23820412158966064,0.10460477322340012,-0.5847194194793701,-0.5751093626022339,0.5625046491622925,119.519685,-50.238785,-83.054261,145.925221
2026-08-05T11:58:44.477043,1785923924.477043,39.722344,0.7423725724220276,0.10480847209692001,-0.6189919114112854,0.23398154973983765,0.10887806862592697,-0.5841670632362366,-0.5773753523826599,0.5599404573440552,118.937466,-49.385021,-50.677623,74.313518
2026-08-05T11:58:44.483443,1785923924.483444,39.728745,0.741438090801239,0.10342402011156082,-0.6219634413719177,0.22963963449001312,0.11389625072479248,-0.5834850668907166,-0.5804059505462646,0.5565098524093628,118.287178,-48.595357,-101.598257,123.373718
2026-08-05T11:58:44.508202,1785923924.508203,39.753503,0.7399733662605286,0.1023290827870369,-0.6255839467048645,0.2249734103679657,0.11977256834506989,-0.5825013518333435,-0.5839823484420776,0.5525510907173157,117.515104,-47.645930,-31.183826,38.347060
2026-08-05T11:58:44.526621,1785923924.526621,39.771922,0.738300621509552,0.10203055292367935,-0.6292855739593506,0.22023117542266846,0.12589241564273834,-0.5810036659240723,-0.5882868766784668,0.5481839776039124,116.718223,-46.686432,-43.264526,52.093388
2026-08-05T11:58:44.543944,1785923924.543945,39.789246,0.7370249032974243,0.10306008905172348,-0.6323978304862976,0.21504895389080048,0.13165925443172455,-0.5790135860443115,-0.5937666893005371,0.5430023670196533,116.038891,-45.962645,-39.213975,41.780139
2026-08-05T11:58:44.560362,1785923924.560362,39.805663,0.7352685332298279,0.1063673198223114,-0.6358309984207153,0.20924928784370422,0.1374724805355072,-0.5768195390701294,-0.6002536416053772,0.5367282629013062,115.489233,-45.367989,-33.480989,36.221885
2026-08-05T11:58:44.577296,1785923924.577297,39.822598,0.7323436737060547,0.11178858578205109,-0.6408655047416687,0.20116543769836426,0.1451011598110199,-0.5743918418884277,-0.6071441769599915,0.5295251607894897,114.949257,-44.442828,-31.885411,54.630514
2026-08-05T11:58:44.593857,1785923924.593858,39.839159,0.727774441242218,0.11629034578800201,-0.64853835105896,0.19031333923339844,0.15605492889881134,-0.5715520977973938,-0.6137374639511108,0.5218261480331421,114.025939,-42.639245,-55.753273,108.906805
2026-08-05T11:58:44.609734,1785923924.609734,39.855035,0.7233996391296387,0.1148831695318222,-0.6571891903877258,0.1777559220790863,0.17108961939811707,-0.5681926608085632,-0.6195417642593384,0.5138624310493469,112.304450,-40.069161,-108.429764,161.879470
2026-08-05T11:58:44.626744,1785923924.626745,39.872045,0.7211267948150635,0.10469924658536911,-0.6645129323005676,0.16564074158668518,0.1889531910419464,-0.5637573599815369,-0.6255873441696167,0.5050901770591736,109.575328,-37.245935,-160.440238,165.972421
2026-08-05T11:58:44.643438,1785923924.643438,39.888739,0.7216917276382446,0.09872827678918839,-0.6669859290122986,0.1566644161939621,0.2072126567363739,-0.5581099987030029,-0.6328882575035095,0.4950050413608551,107.100267,-35.858564,-148.262018,83.106767
2026-08-05T11:58:44.660201,1785923924.660202,39.905502,0.7193965911865234,0.09485190361738205,-0.6723740100860596,0.1462361365556717,0.22560903429985046,-0.5515255928039551,-0.6409485936164856,0.4838453233242035,104.574729,-33.923550,-150.659569,115.432223
2026-08-05T11:58:44.677279,1785923924.677279,39.922580,0.7145044207572937,0.08741530776023865,-0.6810592412948608,0.13416604697704315,0.24467383325099945,-0.5441564917564392,-0.6482303142547607,0.47310349345207214,101.573247,-30.936358,-175.752143,174.915422
2026-08-05T11:58:44.693744,1785923924.693745,39.939045,0.7135267853736877,0.08515781164169312,-0.6841726899147034,0.12464194744825363,0.26657068729400635,-0.5356827974319458,-0.6531254649162292,0.4641254246234894,99.024211,-29.144241,-154.813662,108.842743
2026-08-05T11:58:44.710631,1785923924.710631,39.954904,0.7107429504394531,0.0881708487868309,-0.6877366900444031,0.11869636178016663,0.2899886965751648,-0.5264694094657898,-0.6559725403785706,0.45654982328414917,96.633066,-27.646314,-150.776367,94.453466
2026-08-05T11:58:44.743794,1785923924.743795,39.989096,0.7031513452529907,0.09388147294521332,-0.6955128312110901,0.11413455754518509,0.30835020542144775,-0.5175657868385315,-0.6614758968353271,0.44665059447288513,94.426797,-26.144038,-64.527069,43.937294
2026-08-05T11:58:44.760843,1785923924.760843,40.006144,0.6958481669425964,0.09908688068389893,-0.7031760215759277,0.10733447223901749,0.3181804418563843,-0.5104926228523254,-0.6715200543403625,0.43268972635269165,92.825074,-25.272833,-93.953070,51.102706
2026-08-05T11:58:44.767510,1785923924.767510,40.012811,0.6882727146148682,0.10560733079910278,-0.7107926607131958,0.09950694441795349,0.3258666694164276,-0.5045323967933655,-0.6817643642425537,0.41767972707748413,91.601204,-24.697483,-183.567540,86.296485
2026-08-05T11:58:44.770612,1785923924.770613,40.015307,0.680455207824707,0.11387573927640915,-0.7178241610527039,0.09349675476551056,0.3401983678340912,-0.49696722626686096,-0.686988890171051,0.4066152572631836,90.170929,-23.872845,-572.971043,330.351341
2026-08-05T11:58:44.776820,1785923924.776820,40.022121,0.6778442859649658,0.1116858497262001,-0.7216737866401672,0.08509185165166855,0.3624288737773895,-0.4861563444137573,-0.6872551441192627,0.3999735713005066,87.662677,-21.942346,-368.115480,283.323464
2026-08-05T11:58:44.844209,1785923924.844209,40.089510,0.6773839592933655,0.10554157197475433,-0.7239748239517212,0.07663299888372421,0.38552725315093994,-0.4735606908798218,-0.6874264478683472,0.3931349813938141,84.711539,-19.884155,-43.792566,30.541944
2026-08-05T11:58:44.876309,1785923924.876309,40.121610,0.6706470251083374,0.10990078002214432,-0.7299534678459167,0.07295473664999008,0.40297234058380127,-0.4622746407985687,-0.6914493441581726,0.3818567395210266,82.466690,-19.025190,-69.932572,26.758860
2026-08-05T11:58:44.893601,1785923924.893601,40.138902,0.6638809442520142,0.11888466775417328,-0.7348624467849731,0.0714566707611084,0.4163110852241516,-0.45345231890678406,-0.6974231004714966,0.366971880197525,80.859003,-19.484512,-92.975281,-26.563366
2026-08-05T11:58:44.910744,1785923924.910745,40.156046,0.6617939472198486,0.12676195800304413,-0.7354526519775391,0.07120218873023987,0.43259453773498535,-0.4437671899795532,-0.7013716101646423,0.3521532714366913,79.124198,-20.508389,-101.190439,-59.722345
2026-08-05T11:58:44.915178,1785923924.915179,40.160479,0.6653043031692505,0.12958241999149323,-0.7319326400756836,0.06966634839773178,0.4536356031894684,-0.4307575225830078,-0.7029162645339966,0.3384861946105957,76.733294,-21.179741,-539.265343,-151.422556
2026-08-05T11:58:44.926720,1785923924.926721,40.172022,0.6715304255485535,0.12451458722352982,-0.7274208068847656,0.06634855270385742,0.4756607115268707,-0.41537490487098694,-0.704168975353241,0.32458892464637756,73.459932,-21.031645,-283.596550,12.830685
2026-08-05T11:58:44.943413,1785923924.943413,40.188714,0.6679195165634155,0.1250571608543396,-0.7306272387504578,0.06654645502567291,0.5086334943771362,-0.3891361355781555,-0.7109608054161072,0.2905184030532837,67.835052,-21.636008,-336.967664,-36.205311
2026-08-05T11:58:44.960438,1785923924.960438,40.205739,0.6636354327201843,0.13520267605781555,-0.7321906089782715,0.07214683294296265,0.5248996615409851,-0.3767886161804199,-0.712221086025238,0.2743229568004608,65.999747,-23.120171,-107.802158,-87.176789
2026-08-05T11:58:44.977180,1785923924.977181,40.222481,0.6642617583274841,0.142304927110672,-0.7299410700798035,0.07544460892677307,0.543510377407074,-0.3613727390766144,-0.7114152312278748,0.26056814193725586,63.889847,-24.064187,-126.020844,-56.384537
2026-08-05T11:58:44.993458,1785923924.993459,40.238760,0.6634843945503235,0.1481800079345703,-0.7294718027114868,0.07551290839910507,0.5598924160003662,-0.34594446420669556,-0.7117818593978882,0.24537865817546844,61.820885,-24.622617,-127.099663,-34.305257
2026-08-05T11:58:45.008687,1785923925.008687,40.253988,0.6622933149337769,0.14838506281375885,-0.7307054400444031,0.07361587882041931,0.5709769129753113,-0.3336537480354309,-0.7148184776306152,0.22736850380897522,59.614185,-24.977114,-144.910337,-23.279182
2026-08-05T11:58:45.026810,1785923925.026811,40.271090,0.6619230508804321,0.15076220035552979,-0.7305500507354736,0.07365735620260239,0.5796699523925781,-0.3231353759765625,-0.718372106552124,0.20858803391456604,57.874405,-25.971146,-101.729632,-58.123733
2026-08-05T11:58:45.043659,1785923925.043660,40.288960,0.6622117161750793,0.1596335917711258,-0.7281433939933777,0.07615943253040314,0.5911974906921387,-0.3099419176578522,-0.7190410494804382,0.19339771568775177,56.639432,-27.272798,-69.106167,-72.837356
2026-08-05T11:58:45.060270,1785923925.060270,40.304546,0.6650340557098389,0.16531705856323242,-0.7242745161056519,0.0763322189450264,0.6066153049468994,-0.29240748286247253,-0.7164892554283142,0.1820988953113556,54.775384,-27.533489,-119.603810,-16.726838
2026-08-05T11:58:45.077356,1785923925.077356,40.322657,0.6671814322471619,0.1689690798521042,-0.7213916182518005,0.07689350843429565,0.6220327615737915,-0.2731257379055023,-0.7137093544006348,0.17058105766773224,52.508800,-27.463516,-125.146354,3.863475
2026-08-05T11:58:45.093571,1785923925.093572,40.338873,0.6681066155433655,0.173812136054039,-0.7191572785377502,0.0789666548371315,0.6352580189704895,-0.2548407018184662,-0.7120490670204163,0.1564951092004776,50.472277,-27.860175,-125.590659,-24.461667
2026-08-05T11:58:45.110663,1785923925.110663,40.355964,0.6700087785720825,0.17941907048225403,-0.7156482338905334,0.08212686330080032,0.6475726366043091,-0.23703044652938843,-0.710361659526825,0.14090372622013092,48.630993,-28.625509,-107.733876,-44.779861
2026-08-05T11:58:45.126723,1785923925.126723,40.372024,0.6720711588859558,0.18431109189987183,-0.7121614217758179,0.08471246808767319,0.6603220701217651,-0.21823088824748993,-0.7075484395027161,0.12540581822395325,46.708222,-29.183659,-119.721597,-34.753266
2026-08-05T11:58:45.142197,1785923925.142198,40.387498,0.6720889210700989,0.19077950716018677,-0.7100738286972046,0.08772112429141998,0.6731952428817749,-0.19827409088611603,-0.7037333846092224,0.11070768535137177,44.953783,-29.677755,-113.377502,-31.930071
2026-08-05T11:58:45.192353,1785923925.192354,40.437654,0.67284095287323,0.19771628081798553,-0.706940233707428,0.0918097272515297,0.6853554844856262,-0.1777808517217636,-0.6995666027069092,0.09638262540102005,43.321684,-30.251360,-32.540378,-11.436380
2026-08-05T11:58:45.210446,1785923925.210446,40.455235,0.6739109754562378,0.20520161092281342,-0.703316330909729,0.09530200809240341,0.6964298486709595,-0.15726250410079956,-0.6952739953994751,0.08276104927062988,41.883141,-30.764833,-81.826019,-29.206978
2026-08-05T11:58:45.228474,1785923925.228475,40.471756,0.6743298172950745,0.21334341168403625,-0.7000964283943176,0.09812676161527634,0.7062957882881165,-0.137008935213089,-0.6910032629966736,0.06993330270051956,40.669954,-31.212961,-73.435229,-27.125570
2026-08-05T11:58:45.233052,1785923925.233053,40.478354,0.6765446066856384,0.2188814878463745,-0.6961289048194885,0.09891004115343094,0.7151398062705994,-0.11678341776132584,-0.6866940259933472,0.05821837857365608,39.203442,-31.189721,-222.266296,3.522295
2026-08-05T11:58:45.242796,1785923925.242797,40.488098,0.6775099039077759,0.2235378473997116,-0.6938939690589905,0.09758298099040985,0.7232926487922668,-0.09673794358968735,-0.6820662617683411,0.04771088808774948,37.706212,-30.800847,-153.653971,39.908403
2026-08-05T11:58:45.259192,1785923925.259192,40.503350,0.6808054447174072,0.2277297079563141,-0.6901441812515259,0.09134700894355774,0.7303244471549988,-0.07695023715496063,-0.6776939034461975,0.03791027143597603,36.075101,-29.962416,-106.943283,54.971453
2026-08-05T11:58:45.276690,1785923925.276690,40.520971,0.6821336150169373,0.23132476210594177,-0.6879743337631226,0.08873654156923294,0.7366862893104553,-0.05797324702143669,-0.6731470823287964,0.02840164490044117,34.609827,-29.364300,-83.154786,33.943271
2026-08-05T11:58:45.293116,1785923925.293116,40.538417,0.6830710768699646,0.23437252640724182,-0.6863852143287659,0.08578335493803024,0.7425037026405334,-0.039888374507427216,-0.6683767437934875,0.01925775036215782,33.229336,-28.727027,-79.129165,36.528269
2026-08-05T11:58:45.310341,1785923925.310341,40.555642,0.6841055750846863,0.23620210587978363,-0.6851494312286377,0.0823318287730217,0.7473517060279846,-0.023186687380075455,-0.6639453172683716,0.010275736451148987,31.884985,-28.030643,-78.046410,40.428570
2026-08-05T11:58:45.326776,1785923925.326777,40.572077,0.6855278611183167,0.23701989650726318,-0.6839017271995544,0.07843277603387833,0.7510334849357605,-0.008128647692501545,-0.6602137088775635,0.0013116503832861781,30.602687,-27.325443,-78.020572,42.907471
2026-08-05T11:58:45.331933,1785923925.331933,40.577234,0.6867243051528931,0.23789598047733307,-0.6828729510307312,0.07416142523288727,0.7541764974594116,0.005508723668754101,-0.6566137075424194,-0.006877349689602852,29.478004,-26.646303,-218.098886,131.699051
2026-08-05T11:58:45.343896,1785923925.343897,40.589197,0.686756432056427,0.23894624412059784,-0.6828938126564026,0.07018948346376419,0.7570558786392212,0.017493177205324173,-0.6529737710952759,-0.013668735511600971,28.586613,-26.036660,-74.510059,50.959126
2026-08-05T11:58:45.360474,1785923925.360475,40.605776,0.6862055659294128,0.2404084950685501,-0.6832744479179382,0.0667978823184967,0.7593255639076233,0.027235642075538635,-0.6498687267303467,-0.01883266493678093,27.959506,-25.563105,-37.827170,28.564961
2026-08-05T11:58:45.376988,1785923925.376988,40.622289,0.6862872242927551,0.2416861206293106,-0.6830850839614868,0.06318653374910355,0.7605611085891724,0.03416069597005844,-0.6479641795158386,-0.02287910506129265,27.477883,-25.178982,-29.165278,23.261023
2026-08-05T11:58:45.382726,1785923925.382726,40.628027,0.6858422160148621,0.2415267378091812,-0.683951199054718,0.059129245579242706,0.7612475156784058,0.03837078809738159,-0.6468058228492737,-0.025944892317056656,27.077325,-24.775338,-69.807784,70.345403
2026-08-05T11:58:45.427043,1785923925.427043,40.672344,0.6858255863189697,0.2394435554742813,-0.6850301623344421,0.055173080414533615,0.7616086602210999,0.04020005092024803,-0.6461471319198608,-0.0288318432867527,26.691367,-24.380143,-8.709013,8.917473
2026-08-05T11:58:45.444576,1785923925.444577,40.689878,0.6863293051719666,0.237577885389328,-0.6853564381599426,0.05287234112620354,0.7615507245063782,0.04023704305291176,-0.6460755467414856,-0.0317639522254467,26.516605,-24.264540,-9.967444,6.593309
2026-08-05T11:58:45.460528,1785923925.460529,40.705830,0.6863999366760254,0.2364170253276825,-0.6856893301010132,0.052843812853097916,0.7613921165466309,0.03982153162360191,-0.6461858749389648,-0.03377855569124222,26.524003,-24.348179,0.463735,-5.243136
2026-08-05T11:58:45.477118,1785923925.477118,40.722419,0.686244010925293,0.23604290187358856,-0.685889482498169,0.053933221846818924,0.7612080574035645,0.03910277783870697,-0.6464173197746277,-0.034332215785980225,26.627775,-24.496552,6.255245,-8.943717
2026-08-05T11:58:45.494325,1785923925.494326,40.739627,0.685438871383667,0.23489022254943848,-0.6870413422584534,0.05453898757696152,0.7608184814453125,0.03698120638728142,-0.6470299959182739,-0.033775072544813156,26.751022,-24.569927,7.162328,-4.264088
2026-08-05T11:58:45.512443,1785923925.512443,40.755719,0.6850243210792542,0.23201367259025574,-0.6884850263595581,0.0538511723279953,0.7597818374633789,0.03208266943693161,-0.6485209465026855,-0.03352317959070206,26.884971,-24.627458,8.323917,-3.575103
2026-08-05T11:58:45.526697,1785923925.526697,40.771998,0.6849506497383118,0.22957023978233337,-0.6892929077148438,0.05491504445672035,0.7583317160606384,0.025961723178625107,-0.650515615940094,-0.033000398427248,27.199023,-24.921194,19.292164,-18.044172
2026-08-05T11:58:45.531713,1785923925.531714,40.777014,0.6848761439323425,0.2265898585319519,-0.6901627779006958,0.057247769087553024,0.7570167779922485,0.021138714626431465,-0.6523208022117615,-0.030935510993003845,27.332414,-25.037213,26.588827,-23.126056
2026-08-05T11:58:45.543397,1785923925.543397,40.788698,0.6853280067443848,0.22333402931690216,-0.6905718445777893,0.05964934825897217,0.755696713924408,0.016582932323217392,-0.6541250944137573,-0.027723807841539383,27.341496,-25.017685,0.777353,1.671382
2026-08-05T11:58:45.560052,1785923925.560052,40.805353,0.683414101600647,0.22067111730575562,-0.6931470632553101,0.06161700561642647,0.7537863850593567,0.009665810503065586,-0.6565933227539062,-0.02446882799267769,27.717687,-25.214780,22.587295,-11.833982
2026-08-05T11:58:45.577057,1785923925.577057,40.822358,0.6812084317207336,0.21766041219234467,-0.6961511373519897,0.06287205219268799,0.7508686184883118,-0.0011959527619183064,-0.6600971817970276,-0.021618742495775223,28.418656,-25.662605,41.221441,-26.334958
2026-08-05T11:58:45.593638,1785923925.593639,40.838939,0.679125189781189,0.21487341821193695,-0.6989946961402893,0.06344176828861237,0.747087836265564,-0.015157969668507576,-0.6643028259277344,-0.018235746771097183,29.387259,-26.269418,58.415370,-36.596251
2026-08-05T11:58:45.610403,1785923925.610403,40.855704,0.6754509806632996,0.21190254390239716,-0.7035039663314819,0.06281549483537674,0.7425608038902283,-0.03082912787795067,-0.6689299941062927,-0.013646118342876434,30.508439,-26.794730,66.877705,-31.334481
2026-08-05T11:58:45.627023,1785923925.627024,40.872325,0.6750928163528442,0.20495674014091492,-0.7059646844863892,0.06210092455148697,0.7373583912849426,-0.04647441208362579,-0.6738561391830444,-0.007828045636415482,31.059231,-26.838061,33.139004,-2.607084
2026-08-05T11:58:45.643838,1785923925.643838,40.889139,0.6736426949501038,0.19977891445159912,-0.708861231803894,0.061724379658699036,0.731844425201416,-0.062185607850551605,-0.6786282062530518,-0.0011180427391082048,31.874919,-26.991851,48.511120,-9.146274
2026-08-05T11:58:45.660154,1785923925.660155,40.905456,0.672278642654419,0.19258539378643036,-0.7123389840126038,0.05937690660357475,0.7255626916885376,-0.07870397716760635,-0.6836144328117371,0.006047949194908142,32.542124,-26.826519,40.891622,10.132841
2026-08-05T11:58:45.676733,1785923925.676733,40.922034,0.6703640222549438,0.18532276153564453,-0.716285228729248,0.05659737065434456,0.7184313535690308,-0.09632311761379242,-0.6887557506561279,0.013938678428530693,33.371568,-26.631082,50.031523,11.788659
2026-08-05T11:58:45.693143,1785923925.693143,40.938444,0.6682668328285217,0.17664289474487305,-0.7206878662109375,0.0531596913933754,0.7105636596679688,-0.1140570268034935,-0.6939608454704285,0.02256900630891323,34.108606,-26.187205,44.913629,27.048971
2026-08-05T11:58:45.697276,1785923925.697276,40.942577,0.6673693060874939,0.16947931051254272,-0.723332941532135,0.051811911165714264,0.7020096182823181,-0.13253271579742432,-0.6989718079566956,0.03250565752387047,35.154250,-26.004302,252.999733,44.254541
2026-08-05T11:58:45.726727,1785923925.726727,40.972028,0.6662503480911255,0.16173820197582245,-0.7262782454490662,0.049712877720594406,0.6929790377616882,-0.15051797032356262,-0.7036635875701904,0.044525738805532455,36.160899,-25.488886,34.180574,17.500835
2026-08-05T11:58:45.744552,1785923925.744552,40.989853,0.6654854416847229,0.15425477921962738,-0.7288267612457275,0.046329300850629807,0.6834843158721924,-0.16782784461975098,-0.7080231308937073,0.058197516947984695,37.230811,-24.701062,60.023510,44.197997
2026-08-05T11:58:45.760141,1785923925.760142,41.005443,0.662543773651123,0.14880120754241943,-0.7327309846878052,0.0447157584130764,0.6729610562324524,-0.1858421266078949,-0.7123013138771057,0.07220611721277237,38.750469,-24.196413,97.478242,32.370611
2026-08-05T11:58:45.776029,1785923925.776029,41.021330,0.6592760682106018,0.14531788229942322,-0.736306369304657,0.045726679265499115,0.6609340906143188,-0.20509448647499084,-0.7166551351547241,0.08665113896131516,40.703978,-24.109942,122.960708,5.442796
2026-08-05T11:58:45.793621,1785923925.793621,41.038922,0.6557876467704773,0.14407183229923248,-0.7394771575927734,0.04857294261455536,0.6482329964637756,-0.22417059540748596,-0.7204492092132568,0.10244542360305786,42.962303,-24.217492,128.372601,-6.113583
2026-08-05T11:58:45.810513,1785923925.810513,41.055299,0.652837872505188,0.14255762100219727,-0.7422389388084412,0.05061180517077446,0.6349139213562012,-0.24296754598617554,-0.7235242128372192,0.11985139548778534,45.276820,-24.072580,141.327539,8.848542
2026-08-05T11:58:45.826329,1785923925.826329,41.071630,0.6492958664894104,0.14070141315460205,-0.7455913424491882,0.0520751066505909,0.620596706867218,-0.2619701325893402,-0.7261181473731995,0.13778479397296906,47.686905,-23.769851,147.575516,18.536811
2026-08-05T11:58:45.832811,1785923925.832812,41.076776,0.6458637714385986,0.14020322263240814,-0.7484647035598755,0.05480610951781273,0.6052230596542358,-0.28138431906700134,-0.7281935811042786,0.15576453506946564,50.352246,-23.703110,517.917719,12.968879
2026-08-05T11:58:45.834830,1785923925.834830,41.080131,0.6433274745941162,0.1401268094778061,-0.7503361701965332,0.059074852615594864,0.5894850492477417,-0.30017730593681335,-0.7293922901153564,0.17432287335395813,53.045713,-23.732324,802.929352,-8.708693
2026-08-05T11:58:45.860069,1785923925.860069,41.105370,0.6426642537117004,0.13867981731891632,-0.7508213520050049,0.06338723003864288,0.5739014744758606,-0.31746426224708557,-0.7296395897865295,0.19359835982322693,55.521473,-23.555097,98.091751,7.021899
2026-08-05T11:58:45.876745,1785923925.876746,41.122047,0.6439381837844849,0.13743436336517334,-0.7495874166488647,0.06763280928134918,0.5580030083656311,-0.333895206451416,-0.7292125821113586,0.2130640149116516,58.040301,-23.427074,151.039061,7.676743
2026-08-05T11:58:45.893195,1785923925.893196,41.138497,0.6448493599891663,0.13752642273902893,-0.7483479380607605,0.0723278820514679,0.5414740443229675,-0.3504660129547119,-0.7281025648117065,0.23204924166202545,60.774074,-23.505898,166.187589,-4.791768
2026-08-05T11:58:45.910878,1785923925.910879,41.154967,0.6438440680503845,0.13782817125320435,-0.7487207055091858,0.07671744376420975,0.5239336490631104,-0.36757129430770874,-0.7264189720153809,0.25040143728256226,63.627821,-23.547603,173.267341,-2.532141
2026-08-05T11:58:45.926930,1785923925.926930,41.172231,0.6455748677253723,0.13845235109329224,-0.7464389801025391,0.08302436023950577,0.5060519576072693,-0.38460612297058105,-0.7237725257873535,0.268595427274704,66.560520,-24.034120,169.872408,-28.180768
2026-08-05T11:58:45.943423,1785923925.943423,41.188724,0.6488999724388123,0.1385115534067154,-0.7426620721817017,0.09053575992584229,0.48926642537117004,-0.4003458023071289,-0.7195367217063904,0.2874179482460022,69.343157,-24.589999,168.717856,-33.704272
2026-08-05T11:58:45.960181,1785923925.960181,41.205482,0.6519299149513245,0.13696764409542084,-0.7394844889640808,0.09690280258655548,0.4733377695083618,-0.4145894944667816,-0.714184045791626,0.3066082298755646,71.879114,-24.743214,151.328420,-9.142832
2026-08-05T11:58:45.976707,1785923925.976708,41.222008,0.6565675139427185,0.13346265256404877,-0.7350387573242188,0.10404158383607864,0.4568709433078766,-0.42857956886291504,-0.7084476351737976,0.32510149478912354,74.248670,-25.047822,143.377463,-18.431231
2026-08-05T11:58:45.982255,1785923925.982256,41.227556,0.6594197750091553,0.13067378103733063,-0.7321473360061646,0.10977393388748169,0.4387574791908264,-0.4433290660381317,-0.703056275844574,0.3415606617927551,76.811922,-25.425066,462.013670,-67.996528
2026-08-05T11:58:46.009288,1785923926.009289,41.254590,0.6614057421684265,0.12536205351352692,-0.7306223511695862,0.1140967532992363,0.4191417992115021,-0.45895877480506897,-0.6976813077926636,0.35625651478767395,79.278647,-25.665034,91.247543,-8.876743
2026-08-05T11:58:46.026753,1785923926.026753,41.272054,0.6682323813438416,0.11994617432355881,-0.7243491411209106,0.11998641490936279,0.40090540051460266,-0.4736189842224121,-0.6909327507019043,0.3709075450897217,81.762205,-26.611959,142.210769,-54.221749
2026-08-05T11:58:46.043163,1785923926.043163,41.288464,0.6771681904792786,0.11504960805177689,-0.7155798673629761,0.12709185481071472,0.3862403631210327,-0.4857470989227295,-0.6820541024208069,0.3868734836578369,84.042428,-27.707748,138.952333,-66.775262
2026-08-05T11:58:46.059714,1785923926.059714,41.305015,0.6840278506278992,0.10958364605903625,-0.7087079286575317,0.13353107869625092,0.3737933337688446,-0.49597907066345215,-0.6720324754714966,0.4033067524433136,85.981755,-28.259668,117.170967,-33.346126
2026-08-05T11:58:46.076897,1785923926.076897,41.322198,0.6929934620857239,0.09984958916902542,-0.7002601623535156,0.13937675952911377,0.360172301530838,-0.5053859353065491,-0.6634729504585266,0.4179297983646393,87.562354,-28.893840,91.985865,-36.906799
2026-08-05T11:58:46.093693,1785923926.093693,41.338994,0.6990345120429993,0.0956096351146698,-0.6937006115913391,0.1448756903409958,0.3440801501274109,-0.5152100324630737,-0.6566663980484009,0.4300667345523834,89.676410,-29.976083,125.865797,-64.434127
2026-08-05T11:58:46.111484,1785923926.111484,41.356785,0.7029126882553101,0.09664653241634369,-0.6882028579711914,0.15149332582950592,0.328471302986145,-0.5245587825775146,-0.6497257351875305,0.44136369228363037,92.073587,-31.402467,134.746180,-80.177521
2026-08-05T11:58:46.126092,1785923926.126092,41.371393,0.7099123001098633,0.0957239642739296,-0.6797053813934326,0.15767773985862732,0.3157348036766052,-0.5323135256767273,-0.6420202851295471,0.4525090157985687,94.168249,-33.012360,143.385313,-110.201589
2026-08-05T11:58:46.131907,1785923926.131907,41.377208,0.7164660096168518,0.095396026968956,-0.6715147495269775,0.16323082149028778,0.30497267842292786,-0.538756787776947,-0.6341699957847595,0.46320846676826477,96.086213,-34.494036,329.855897,-254.821944
2026-08-05T11:58:46.159705,1785923926.159706,41.405006,0.7205062508583069,0.09563805162906647,-0.6654861569404602,0.1698591709136963,0.2937223017215729,-0.5445090532302856,-0.627760112285614,0.47239261865615845,97.772092,-35.845371,60.646048,-48.611527
2026-08-05T11:58:46.176124,1785923926.176124,41.421425,0.7265199422836304,0.09363077580928802,-0.6575005650520325,0.17633861303329468,0.2802024483680725,-0.5497106313705444,-0.6237630844116211,0.47981777787208557,99.392827,-37.587745,98.712807,-106.121386
2026-08-05T11:58:46.193262,1785923926.193262,41.438563,0.7318823933601379,0.09408233314752579,-0.6500547528266907,0.18145446479320526,0.26640790700912476,-0.5543776750564575,-0.6204631328582764,0.48653724789619446,101.242903,-39.392084,107.953140,-105.284369
2026-08-05T11:58:46.209836,1785923926.209836,41.455137,0.7362575531005859,0.09223714470863342,-0.6440587043762207,0.18602579832077026,0.25493380427360535,-0.5585336685180664,-0.6159497499465942,0.49361467361450195,102.677893,-40.651082,86.581264,-75.962634
2026-08-05T11:58:46.260245,1785923926.260246,41.505546,0.7399580478668213,0.09182319790124893,-0.6384161710739136,0.1909332275390625,0.24621576070785522,-0.5618001222610474,-0.6099199652671814,0.5017534494400024,103.981739,-41.685790,25.865059,-20.526037
2026-08-05T11:58:46.276245,1785923926.276246,41.521547,0.7420929074287415,0.09076929837465286,-0.6345615983009338,0.19593599438667297,0.23739871382713318,-0.5646359324455261,-0.6045303344726562,0.5092856287956238,105.063872,-42.381240,67.632193,-43.464866
2026-08-05T11:58:46.291753,1785923926.291754,41.537054,0.7447783350944519,0.08928772807121277,-0.6302443146705627,0.2003127485513687,0.22593796253204346,-0.5676993131637573,-0.6007026433944702,0.5155838131904602,106.338642,-43.369817,82.202388,-63.747538
2026-08-05T11:58:46.308799,1785923926.308800,41.554101,0.7466444373130798,0.08919025957584381,-0.6266895532608032,0.20451754331588745,0.21436646580696106,-0.570900022983551,-0.5963790416717529,0.5219702124595642,107.738037,-44.335094,82.093032,-56.626262
2026-08-05T11:58:46.326262,1785923926.326263,41.570687,0.7473598122596741,0.08940748870372772,-0.6247619986534119,0.2076827883720398,0.20598267018795013,-0.574119508266449,-0.5894733667373657,0.5296033024787903,108.974734,-44.735090,74.560279,-24.115670
2026-08-05T11:58:46.341454,1785923926.341455,41.586756,0.7480027079582214,0.09198444336652756,-0.622338056564331,0.21148629486560822,0.19981251657009125,-0.5774117112159729,-0.5804415345191956,0.5382928252220154,110.301459,-45.230997,82.568275,-30.862610
2026-08-05T11:58:46.359834,1785923926.359834,41.603839,0.7489718794822693,0.09551122784614563,-0.6193430423736572,0.2152511179447174,0.19243690371513367,-0.5808373689651489,-0.5726001262664795,0.5456424951553345,111.786134,-46.121835,86.908656,-52.147114
2026-08-05T11:58:46.376574,1785923926.376574,41.621875,0.7484498620033264,0.09986869245767593,-0.617757260799408,0.21960224211215973,0.18269990384578705,-0.5839875936508179,-0.5675522685050964,0.5508759021759033,113.265623,-47.089610,82.028095,-53.656906
2026-08-05T11:58:46.391892,1785923926.391892,41.637193,0.7487713694572449,0.10346641391515732,-0.6157075762748718,0.22257684171199799,0.1739024966955185,-0.5862300992012024,-0.5641291737556458,0.5548432469367981,114.579377,-48.051008,85.765803,-62.762950
2026-08-05T11:58:46.408702,1785923926.408702,41.654003,0.7481924295425415,0.10237812995910645,-0.6163265705108643,0.22331289947032928,0.16864332556724548,-0.5875322818756104,-0.5606893301010132,0.5585635304450989,115.131806,-47.824240,32.863697,13.490312
2026-08-05T11:58:46.425372,1785923926.425372,41.670673,0.7495898604393005,0.0994289368391037,-0.6149092316627502,0.2238655835390091,0.1670008897781372,-0.5883435606956482,-0.5562821626663208,0.5625951886177063,115.353907,-47.668345,13.323413,9.351850
2026-08-05T11:58:46.429234,1785923926.429235,41.674223,0.7489717602729797,0.09906787425279617,-0.6146861910820007,0.22668936848640442,0.16697949171066284,-0.5893862247467041,-0.5510347485542297,0.5666595697402954,115.469096,-47.441608,32.440721,63.855578
2026-08-05T11:58:46.442140,1785923926.442141,41.687441,0.7476122975349426,0.10177584737539291,-0.6145071983337402,0.2304309457540512,0.16477493941783905,-0.5905919671058655,-0.5467523336410522,0.5701867938041687,115.928067,-47.591250,34.723393,-11.321122
2026-08-05T11:58:46.458550,1785923926.458550,41.703851,0.7463662624359131,0.10468152165412903,-0.6139821410179138,0.23453201353549957,0.15825039148330688,-0.5916927456855774,-0.5447446703910828,0.5728092789649963,116.666362,-48.093791,44.990900,-30.624323
2026-08-05T11:58:46.475340,1785923926.475341,41.720642,0.745143473148346,0.10558731853961945,-0.6140633821487427,0.23777896165847778,0.15071772038936615,-0.5926239490509033,-0.5431731939315796,0.5753647089004517,117.324102,-48.329035,39.173561,-14.010635
2026-08-05T11:58:46.493020,1785923926.493021,41.738321,0.7453811764717102,0.10329540818929672,-0.613372802734375,0.23981429636478424,0.14551205933094025,-0.593379020690918,-0.5408411622047424,0.5781168937683105,117.664381,-48.368660,19.246921,-2.241274
2026-08-05T11:58:46.509719,1785923926.509720,41.755020,0.7451682090759277,0.10176219791173935,-0.6127200722694397,0.24278205633163452,0.14239495992660522,-0.5941564440727234,-0.5374031066894531,0.5812919735908508,117.864640,-48.329264,11.992191,2.359193
2026-08-05T11:58:46.526990,1785923926.526990,41.772291,0.7448210716247559,0.10122358798980713,-0.6119275093078613,0.24604929983615875,0.14036673307418823,-0.5950953364372253,-0.5326548218727112,0.5851821303367615,118.106660,-48.271934,14.013427,3.319534
2026-08-05T11:58:46.559967,1785923926.559968,41.805269,0.7442479133605957,0.10196994245052338,-0.6107240915298462,0.25042644143104553,0.13712726533412933,-0.5961602926254272,-0.5275596976280212,0.5894661545753479,118.528757,-48.418701,12.799531,-4.450502
2026-08-05T11:58:46.578464,1785923926.578465,41.823766,0.7429856657981873,0.10442180931568146,-0.6097930073738098,0.25538432598114014,0.13171154260635376,-0.5975193977355957,-0.5225193500518799,0.5937985181808472,119.238891,-48.731691,38.391829,-16.921133
2026-08-05T11:58:46.582187,1785923926.582187,41.827488,0.7417351603507996,0.10637830197811127,-0.6093830466270447,0.2591622769832611,0.12585324048995972,-0.5994408130645752,-0.5172110795974731,0.5977667570114136,120.042296,-49.013200,215.828380,-75.625110
2026-08-05T11:58:46.592998,1785923926.592998,41.838299,0.7410141229629517,0.10779459029436111,-0.6092993021011353,0.260831356048584,0.1220739409327507,-0.6012157797813416,-0.5118358731269836,0.6013838052749634,120.743381,-49.086386,64.850095,-6.769678
2026-08-05T11:58:46.609469,1785923926.609470,41.854771,0.7407875657081604,0.10834094136953354,-0.6094717979431152,0.260845810174942,0.12142730504274368,-0.6024150252342224,-0.5073564648628235,0.6041038632392883,121.123820,-48.921385,23.096283,10.017116
2026-08-05T11:58:46.625791,1785923926.625791,41.871092,0.7406808733940125,0.10809527337551117,-0.6099213361740112,0.2601984441280365,0.12313522398471832,-0.6026949882507324,-0.5051835775375366,0.6052988171577454,121.098490,-48.595801,-1.551980,19.948551
2026-08-05T11:58:46.643038,1785923926.643039,41.888339,0.7402089834213257,0.10828164219856262,-0.6111447811126709,0.2585887312889099,0.1257019191980362,-0.6020373106002808,-0.5061889886856079,0.6045852899551392,120.851693,-48.175769,-14.309205,24.353335
2026-08-05T11:58:46.660018,1785923926.660019,41.905320,0.7394394874572754,0.10911320894956589,-0.6132495999336243,0.25543829798698425,0.12901827692985535,-0.6006388068199158,-0.5097801685333252,0.6022558808326721,120.485672,-47.637166,-21.555497,31.719053
2026-08-05T11:58:46.676629,1785923926.676630,41.921930,0.7383474111557007,0.10997459292411804,-0.6163825988769531,0.2506418526172638,0.13396230340003967,-0.5989197492599487,-0.514324963092804,0.5990157127380371,119.973018,-46.833597,-30.862985,48.376817
2026-08-05T11:58:46.693671,1785923926.693672,41.938973,0.736598014831543,0.11126355826854706,-0.6208034157752991,0.24422752857208252,0.1402079313993454,-0.5970143675804138,-0.5195779204368591,0.5949411988258362,119.376126,-45.745359,-35.023964,63.854771
2026-08-05T11:58:46.710123,1785923926.710124,41.955424,0.7347673177719116,0.11236926913261414,-0.6260856986045837,0.2355988770723343,0.14674556255340576,-0.5948094725608826,-0.5265415906906128,0.5894250273704529,118.737147,-44.521340,-38.839912,74.401211
2026-08-05T11:58:46.726178,1785923926.726179,41.971479,0.7332119345664978,0.1119539737701416,-0.6321666240692139,0.22412541508674622,0.15475304424762726,-0.5920708179473877,-0.535498321056366,0.5820187926292419,117.851130,-43.039791,-55.186030,92.279002
2026-08-05T11:58:46.731434,1785923926.731435,41.976735,0.7317306995391846,0.10703862458467484,-0.639406144618988,0.21041107177734375,0.1661338061094284,-0.588200032711029,-0.5458025932312012,0.5731670260429382,116.232827,-40.820787,-307.899815,422.189925
2026-08-05T11:58:46.742906,1785923926.742906,41.988207,0.73224937915802,0.1013164073228836,-0.6439529061317444,0.19715701043605804,0.18084657192230225,-0.5830076336860657,-0.5562433004379272,0.563906729221344,114.260801,-38.920639,-171.906460,165.640587
2026-08-05T11:58:46.759620,1785923926.759620,42.004921,0.7313680052757263,0.10065122693777084,-0.6485402584075928,0.18538016080856323,0.19728635251522064,-0.5769967436790466,-0.5669696927070618,0.5538040399551392,112.360748,-37.289630,-113.678048,97.581461
2026-08-05T11:58:46.776860,1785923926.776860,42.022161,0.7268153429031372,0.10457384586334229,-0.6563151478767395,0.17336194217205048,0.21397912502288818,-0.5706514120101929,-0.5778998732566833,0.5427727699279785,110.607119,-35.295214,-101.718355,115.685076
2026-08-05T11:58:46.793381,1785923926.793381,42.038682,0.7211012840270996,0.10605576634407043,-0.6656515598297119,0.16022889316082,0.23076105117797852,-0.563567578792572,-0.5893490314483643,0.5308572053909302,108.536378,-32.808919,-125.340080,150.493218
2026-08-05T11:58:46.809771,1785923926.809772,42.055073,0.7170206904411316,0.10187356173992157,-0.6735364198684692,0.14782434701919556,0.24810117483139038,-0.5556204915046692,-0.6008704900741577,0.5183503031730652,105.883980,-30.334932,-161.827071,150.941900
2026-08-05T11:58:46.825900,1785923926.825900,42.071201,0.7161485552787781,0.0941191092133522,-0.6778477430343628,0.1370970606803894,0.2655813992023468,-0.5476737022399902,-0.6116601228713989,0.5053637027740479,102.995522,-28.569634,-179.092478,109.453472
2026-08-05T11:58:46.843274,1785923926.843275,42.088576,0.713172197341919,0.09442310780286789,-0.6824856996536255,0.12916293740272522,0.2807409167289734,-0.5406154990196228,-0.6226919889450073,0.4910951256752014,100.776862,-27.721859,-127.694479,48.793482
2026-08-05T11:58:46.859823,1785923926.859824,42.105125,0.7045007348060608,0.1023375540971756,-0.6915041208267212,0.12258803844451904,0.29317012429237366,-0.5343787670135498,-0.6334894895553589,0.47663646936416626,99.166598,-26.813017,-97.302172,54.917872
2026-08-05T11:58:46.876219,1785923926.876220,42.121520,0.6992123126983643,0.10995399951934814,-0.6969146728515625,0.11542228609323502,0.3069535493850708,-0.5275390148162842,-0.6414450407028198,0.4647914469242096,97.811418,-26.162128,-82.655247,39.699085
2026-08-05T11:58:46.909716,1785923926.909716,42.155017,0.6954014897346497,0.11481795459985733,-0.7011710405349731,0.10767048597335815,0.3276527225971222,-0.5186068415641785,-0.644163191318512,0.4568862020969391,95.994496,-24.822307,-54.241581,39.998396
2026-08-05T11:58:46.926634,1785923926.926635,42.171936,0.6917012333869934,0.11530744284391403,-0.705934464931488,0.09955066442489624,0.3519173264503479,-0.5073334574699402,-0.6456882953643799,0.4492822289466858,93.456113,-22.864782,-150.034527,115.702163
2026-08-05T11:58:46.943112,1785923926.943113,42.188414,0.6872426271438599,0.10908066481351852,-0.7125673890113831,0.08970373123884201,0.37176942825317383,-0.4962436258792877,-0.6512354612350464,0.4375188946723938,90.395643,-20.629987,-185.732662,135.624425
2026-08-05T11:58:46.958907,1785923926.958908,42.204209,0.6817534565925598,0.10710262507200241,-0.719048261642456,0.08192002028226852,0.3855045437812805,-0.48690658807754517,-0.6613726019859314,0.42058899998664856,87.778148,-19.678888,-165.716757,60.215217
2026-08-05T11:58:46.976632,1785923926.976633,42.221933,0.6747052669525146,0.11557173728942871,-0.7243912220001221,0.0816916674375534,0.4005773663520813,-0.47811195254325867,-0.6694477200508118,0.403469055891037,85.736976,-20.313096,-115.159419,-35.780939
2026-08-05T11:58:46.993171,1785923926.993171,42.238472,0.6694117188453674,0.12582889199256897,-0.7275165319442749,0.08231014013290405,0.42251208424568176,-0.4659018814563751,-0.6726052761077881,0.38989949226379395,83.572748,-20.784943,-130.857152,-28.529599
2026-08-05T11:58:47.010045,1785923927.010419,42.255346,0.6694515943527222,0.131425678730011,-0.7265520691871643,0.08175579458475113,0.44952869415283203,-0.4494069814682007,-0.6721664667129517,0.3796708881855011,80.845990,-20.700664,-161.596763,4.994632
2026-08-05T11:58:47.026265,1785923927.026265,42.271566,0.6737081408500671,0.13091415166854858,-0.7229816913604736,0.07922396808862686,0.4753487706184387,-0.43074536323547363,-0.6739242672920227,0.3665086030960083,77.455664,-20.467080,-209.023232,14.401119
2026-08-05T11:58:47.031387,1785923927.031388,42.276689,0.675327718257904,0.12767061591148376,-0.7225519418716431,0.07450792193412781,0.4951119124889374,-0.4141370952129364,-0.6799087524414062,0.34796464443206787,73.990596,-20.180261,-676.419361,55.990223
2026-08-05T11:58:47.042415,1785923927.042416,42.287717,0.6725269556045532,0.12821553647518158,-0.7252371311187744,0.0727970078587532,0.5125837326049805,-0.3992360234260559,-0.6865829229354858,0.32630228996276855,70.780364,-20.518471,-291.096942,-30.668131
2026-08-05T11:58:47.060020,1785923927.060020,42.305321,0.6679770350456238,0.13585591316223145,-0.7277091145515442,0.0760883316397667,0.5325350165367126,-0.3828725516796112,-0.6898986101150513,0.3063589036464691,67.995175,-21.533207,-158.208113,-57.640437
2026-08-05T11:58:47.076585,1785923927.076586,42.321887,0.6664682626724243,0.14264696836471558,-0.7270724773406982,0.08268897980451584,0.5552091002464294,-0.36257031559944153,-0.690061628818512,0.29000189900398254,64.867049,-22.390754,-188.833098,-51.766847
2026-08-05T11:58:47.092264,1785923927.092264,42.337565,0.6683974862098694,0.14367815852165222,-0.7250100374221802,0.08343832194805145,0.5764689445495605,-0.340946227312088,-0.6900333762168884,0.2743972837924957,61.479047,-22.292523,-216.100100,6.265595
2026-08-05T11:58:47.109477,1785923927.109477,42.354778,0.6671020984649658,0.14384089410305023,-0.7263496518135071,0.08185940980911255,0.5928254723548889,-0.3218047618865967,-0.69215327501297,0.2567569315433502,58.393597,-22.054246,-179.250070,13.842723
2026-08-05T11:58:47.126364,1785923927.126364,42.371665,0.6679968237876892,0.14688482880592346,-0.7250157594680786,0.08097837120294571,0.6063240766525269,-0.30453628301620483,-0.6949059963226318,0.23819123208522797,55.890320,-22.543727,-148.233168,-28.984931
2026-08-05T11:58:47.143208,1785923927.143208,42.388509,0.6703462600708008,0.15163719654083252,-0.7218409180641174,0.08116497844457626,0.6203832030296326,-0.2858608067035675,-0.6960651278495789,0.2211386263370514,53.514718,-23.111032,-141.037199,-33.680350
2026-08-05T11:58:47.159828,1785923927.159828,42.405129,0.6727715730667114,0.1539066731929779,-0.7192356586456299,0.07994713634252548,0.635712742805481,-0.2642733156681061,-0.6952698230743408,0.20646929740905762,50.733245,-22.864088,-167.355382,14.858090
2026-08-05T11:58:47.176091,1785923927.176091,42.421392,0.6737302541732788,0.1586911380290985,-0.7171638607978821,0.08112301677465439,0.6507325172424316,-0.2415512204170227,-0.6936455368995667,0.19250090420246124,48.108610,-22.811629,-161.386816,3.225679
2026-08-05T11:58:47.181410,1785923927.181410,42.426711,0.6729052066802979,0.168187215924263,-0.7152308225631714,0.0857715830206871,0.6639799475669861,-0.21976272761821747,-0.6922967433929443,0.17765380442142487,46.082453,-23.555078,-380.953923,-139.781793
2026-08-05T11:58:47.209804,1785923927.209805,42.455106,0.6730768084526062,0.1776922047138214,-0.712178111076355,0.09053003787994385,0.6758412718772888,-0.19863973557949066,-0.691061794757843,0.16191062331199646,44.235266,-24.488205,-65.053934,-32.862695
2026-08-05T11:58:47.226496,1785923927.226496,42.471797,0.6744738221168518,0.18418055772781372,-0.7088305950164795,0.0933912917971611,0.6868158578872681,-0.1778283268213272,-0.6895368099212646,0.145605206489563,42.233141,-25.095777,-119.947457,-36.399679
2026-08-05T11:58:47.243009,1785923927.243010,42.488310,0.6746784448623657,0.18992048501968384,-0.7070083022117615,0.09422695636749268,0.6973516941070557,-0.15669608116149902,-0.6871932744979858,0.13005001842975616,40.286855,-25.329269,-117.863052,-14.139823
2026-08-05T11:58:47.259826,1785923927.259826,42.505127,0.676414966583252,0.1950349062681198,-0.7038317918777466,0.09510598331689835,0.7072693705558777,-0.13493454456329346,-0.684259831905365,0.11555135995149612,38.292812,-25.407929,-118.574088,-4.677465
2026-08-05T11:58:47.276564,1785923927.276564,42.521865,0.678962767124176,0.199458047747612,-0.7001974582672119,0.09460341930389404,0.7162644863128662,-0.11302035301923752,-0.6810356974601746,0.10189470648765564,36.289509,-25.231238,-119.688057,10.556511
2026-08-05T11:58:47.293827,1785923927.293828,42.539129,0.6802811026573181,0.20422407984733582,-0.6976473927497864,0.09380023181438446,0.7241908311843872,-0.09145258367061615,-0.6777063608169556,0.08887530863285065,34.464141,-24.992290,-105.734758,13.841108
2026-08-05T11:58:47.309869,1785923927.309870,42.555171,0.6817396283149719,0.2097347378730774,-0.6945399045944214,0.0941113755106926,0.7312651872634888,-0.07050306349992752,-0.6740953922271729,0.07665912061929703,32.868213,-24.885653,-99.484417,6.647311
2026-08-05T11:58:47.325970,1785923927.325971,42.571271,0.6831845045089722,0.21550413966178894,-0.69142746925354,0.09351478517055511,0.7377735376358032,-0.05019574984908104,-0.6699671149253845,0.06568917632102966,31.441194,-24.672626,-88.629821,13.230773
2026-08-05T11:58:47.332284,1785923927.332284,42.576100,0.6838316917419434,0.22102880477905273,-0.6891759037971497,0.09250564128160477,0.7435845136642456,-0.0306736808270216,-0.6655860543251038,0.056008294224739075,30.146797,-24.346862,-268.050499,67.461052
2026-08-05T11:58:47.359900,1785923927.359901,42.605201,0.6840019226074219,0.2260158210992813,-0.6877087354660034,0.09008485823869705,0.748263418674469,-0.012392737902700901,-0.6615738868713379,0.04763355478644371,28.942408,-23.844019,-41.386327,17.279150
2026-08-05T11:58:47.392270,1785923927.392270,42.637571,0.6861998438835144,0.22769570350646973,-0.685528039932251,0.08565040677785873,0.7519619464874268,0.0040382081642746925,-0.6579527258872986,0.040445733815431595,27.460270,-22.936117,-45.787946,28.047965
2026-08-05T11:58:47.409365,1785923927.409366,42.654666,0.6870297789573669,0.22832752764225006,-0.6851247549057007,0.08038002997636795,0.7551994323730469,0.017915941774845123,-0.6543852686882019,0.03366626799106598,26.199782,-22.038093,-73.732884,52.530383
2026-08-05T11:58:47.426523,1785923927.426523,42.671824,0.687834620475769,0.22725161910057068,-0.6853293180465698,0.0745941624045372,0.7577225565910339,0.028416302055120468,-0.6514242887496948,0.026384130120277405,25.128212,-21.256155,-62.455575,45.574631
2026-08-05T11:58:47.443222,1785923927.443223,42.688523,0.6893097162246704,0.22661523520946503,-0.6846215128898621,0.06921787559986115,0.7594518065452576,0.03554742783308029,-0.6493254899978638,0.018607880920171738,24.417827,-20.847899,-42.539177,24.447113
2026-08-05T11:58:47.461681,1785923927.461681,42.704960,0.6899611353874207,0.22627989947795868,-0.6844168305397034,0.06576161086559296,0.760871171951294,0.04104446992278099,-0.6474993824958801,0.011640111915767193,23.980046,-20.679203,-26.634545,10.263450
2026-08-05T11:58:47.476230,1785923927.476230,42.721531,0.6903822422027588,0.22642739117145538,-0.6841354370117188,0.06373241543769836,0.7622836828231812,0.0460025854408741,-0.6455740332603455,0.006493905559182167,23.661817,-20.562990,-19.203946,7.012974
2026-08-05T11:58:47.481475,1785923927.481476,42.726777,0.6910768747329712,0.2257688343524933,-0.6838574409484863,0.06148486211895943,0.7634095549583435,0.04993974789977074,-0.6439757347106934,0.0027281225193291903,23.297045,-20.326126,-69.537600,45.154048
2026-08-05T11:58:47.494354,1785923927.494354,42.739655,0.6915407180786133,0.22468043863773346,-0.6839335560798645,0.059374112635850906,0.7641608119010925,0.05212213471531868,-0.6429167985916138,-0.0002215886488556862,23.038324,-20.135635,-20.089493,14.791518
2026-08-05T11:58:47.509735,1785923927.509736,42.754019,0.6919163465499878,0.22271734476089478,-0.6843793392181396,0.05721745267510414,0.7645940184593201,0.052624352276325226,-0.6423554420471191,-0.0025767064653337,22.828204,-19.949470,-14.627988,12.960331
2026-08-05T11:58:47.526448,1785923927.526448,42.771749,0.692571759223938,0.22048477828502655,-0.6845264434814453,0.05616581439971924,0.7647733092308044,0.05211832374334335,-0.6421735882759094,-0.004325458779931068,22.670827,-19.848853,-8.876561,5.675113
2026-08-05T11:58:47.593448,1785923927.593448,42.838749,0.6928462386131287,0.2186412215232849,-0.6848346590995789,0.05622965097427368,0.7648068070411682,0.05115681141614914,-0.6422045826911926,-0.0051978593692183495,22.614418,-19.834555,-0.841918,0.213398
2026-08-05T11:58:47.610216,1785923927.610216,42.855141,0.693211555480957,0.21709831058979034,-0.6848694086074829,0.05727189779281616,0.7645798921585083,0.04965132847428322,-0.6425933837890625,-0.005139457061886787,22.612768,-19.885229,-0.100616,-3.091411
2026-08-05T11:58:47.625921,1785923927.625921,42.871222,0.6930069327354431,0.2154872864484787,-0.6854709982872009,0.058620527386665344,0.7640554904937744,0.04707687348127365,-0.6434175968170166,-0.0041288044303655624,22.700728,-19.964731,5.469770,-4.943769
2026-08-05T11:58:47.631059,1785923927.631059,42.876360,0.6916725635528564,0.2144332081079483,-0.6870019435882568,0.06029960513114929,0.7631515860557556,0.04278109222650528,-0.6447977423667908,-0.0023212607484310865,23.036088,-20.198899,65.271455,-45.576421
2026-08-05T11:58:47.644827,1785923927.644828,42.888035,0.6902377605438232,0.21309050917625427,-0.6887046694755554,0.062050964683294296,0.7616235613822937,0.036525651812553406,-0.6469895243644714,-3.466196358203888e-05,23.487843,-20.523729,38.693792,-27.822471
2026-08-05T11:58:47.659512,1785923927.659513,42.904814,0.6885824203491211,0.21182630956172943,-0.6904846429824829,0.06492368131875992,0.759637176990509,0.029328010976314545,-0.6496796607971191,0.0027744099497795105,24.048778,-20.966893,33.432316,-26.413026
2026-08-05T11:58:47.676176,1785923927.676176,42.921477,0.6870083808898926,0.2094513177871704,-0.6925373673439026,0.06739260256290436,0.7576064467430115,0.022391241043806076,-0.6522942185401917,0.006590975448489189,24.433513,-21.175887,23.089124,-12.542353
2026-08-05T11:58:47.693012,1785923927.693013,42.938313,0.6859887838363647,0.20720571279525757,-0.6939372420310974,0.07026178389787674,0.755580723285675,0.015312310308218002,-0.6547846794128418,0.010977255180478096,24.815534,-21.389429,22.689510,-12.682944
2026-08-05T11:58:47.709676,1785923927.709676,42.954977,0.6847508549690247,0.20440611243247986,-0.6956987380981445,0.07305967062711716,0.7533277273178101,0.006350365467369556,-0.6574333310127258,0.015442794188857079,25.343096,-21.691864,31.660089,-18.149786
2026-08-05T11:58:47.726426,1785923927.726427,42.971727,0.6828320026397705,0.20026129484176636,-0.69865882396698,0.0742419883608818,0.7503608465194702,-0.00591011717915535,-0.660710871219635,0.019615277647972107,26.058783,-22.031285,42.726134,-20.263219
2026-08-05T11:58:47.742986,1785923927.742986,42.987273,0.681104302406311,0.19627812504768372,-0.701438844203949,0.07453659176826477,0.7464673519134521,-0.021205563098192215,-0.6646473407745361,0.024095820263028145,27.051298,-22.522855,63.847328,-31.622167
2026-08-05T11:58:47.759523,1785923927.759524,43.004824,0.6795486211776733,0.19052094221115112,-0.7046713829040527,0.07316949218511581,0.741812527179718,-0.038302943110466,-0.6688674688339233,0.029381290078163147,28.006617,-22.794661,54.428254,-15.485819
2026-08-05T11:58:47.775716,1785923927.775716,43.021017,0.678460955619812,0.18355858325958252,-0.7078106999397278,0.07071829587221146,0.7364773154258728,-0.056490492075681686,-0.6731604337692261,0.035568468272686005,28.936059,-22.879750,57.399743,-5.254878
2026-08-05T11:58:47.780185,1785923927.780185,43.025486,0.6773752570152283,0.1768994778394699,-0.7107563614845276,0.06851837784051895,0.7302911281585693,-0.07494720071554184,-0.6776474118232727,0.0430348701775074,29.961034,-22.915894,229.331983,-8.086924
2026-08-05T11:58:47.792547,1785923927.792548,43.037848,0.6771884560585022,0.169601172208786,-0.7128193974494934,0.06737909466028214,0.7237938642501831,-0.09210535138845444,-0.6817916631698608,0.052905358374118805,30.805477,-22.681456,68.308203,18.964002
2026-08-05T11:58:47.809241,1785923927.809241,43.054542,0.6758811473846436,0.16345612704753876,-0.7154665589332581,0.06763546913862228,0.7177296280860901,-0.10728761553764343,-0.6848788857460022,0.06553106755018234,31.690252,-22.260816,53.000860,25.197706
2026-08-05T11:58:47.825772,1785923927.825773,43.071074,0.6741843223571777,0.1587478518486023,-0.717969536781311,0.06924320757389069,0.711098313331604,-0.1236766129732132,-0.6877371072769165,0.0778515487909317,32.950294,-22.183329,76.220842,4.687247
2026-08-05T11:58:47.842479,1785923927.842479,43.087780,0.6720532178878784,0.1550973355770111,-0.7205348014831543,0.07154739648103714,0.7018280625343323,-0.14418648183345795,-0.6920797228813171,0.08759869635105133,34.801019,-22.770358,110.780560,-35.138355
2026-08-05T11:58:47.858718,1785923927.858718,43.104019,0.6691507697105408,0.1523619443178177,-0.7236749529838562,0.07292324304580688,0.6908408999443054,-0.1663360893726349,-0.6967511177062988,0.09802653640508652,37.007450,-23.405520,135.868926,-39.112375
2026-08-05T11:58:47.876038,1785923927.876038,43.121339,0.6661890149116516,0.1482427716255188,-0.7273507714271545,0.07195401191711426,0.6796088218688965,-0.18737506866455078,-0.700446367263794,0.11134333908557892,39.064788,-23.378546,118.784537,1.557406
2026-08-05T11:58:47.892655,1785923927.892656,43.137957,0.6637601852416992,0.14253193140029907,-0.7309829592704773,0.06907418370246887,0.6676434874534607,-0.20804762840270996,-0.703529417514801,0.12654872238636017,41.052730,-22.860108,119.629150,31.198220
2026-08-05T11:58:47.909464,1785923927.909464,43.154765,0.660412609577179,0.1360529214143753,-0.7355721592903137,0.06541088223457336,0.6540775895118713,-0.22976894676685333,-0.7064720392227173,0.14242905378341675,43.230704,-22.173891,129.577547,40.826187
2026-08-05T11:58:47.925597,1785923927.925598,43.170898,0.6579992175102234,0.12828877568244934,-0.7394792437553406,0.06123512238264084,0.6390123963356018,-0.25291314721107483,-0.7088905572891235,0.15865768492221832,45.574638,-21.433076,145.283219,45.917645
2026-08-05T11:58:47.930624,1785923927.930624,43.175925,0.6539695858955383,0.12205977737903595,-0.7444129586219788,0.05722452327609062,0.6223706007003784,-0.27807679772377014,-0.7103880047798157,0.17514853179454803,48.457521,-20.887682,573.527915,108.502093
2026-08-05T11:58:47.941307,1785923927.941308,43.186608,0.6482289433479309,0.1198948472738266,-0.7498437166213989,0.05620388314127922,0.6036099791526794,-0.3048713207244873,-0.7111278772354126,0.1923680156469345,52.005861,-20.894083,332.138955,-0.599201
2026-08-05T11:58:48.026291,1785923928.026291,43.271592,0.6470046043395996,0.11914683133363724,-0.7509554028511047,0.05705410987138748,0.5839993953704834,-0.3305278420448303,-0.7104876637458801,0.21190421283245087,55.717220,-21.122959,43.671475,-2.693172
2026-08-05T11:58:48.042797,1785923928.042797,43.288098,0.6510826945304871,0.11815712600946426,-0.7474520206451416,0.05870164930820465,0.5666199326515198,-0.35182374715805054,-0.7069388031959534,0.235370934009552,59.183661,-21.053772,210.011575,4.191594
2026-08-05T11:58:48.059670,1785923928.059670,43.304971,0.6555295586585999,0.1194167360663414,-0.743042528629303,0.06251721829175949,0.5538843274116516,-0.3675844371318817,-0.6991812586784363,0.26313430070877075,62.444383,-20.585321,193.246736,27.762788
2026-08-05T11:58:48.075435,1785923928.075436,43.320736,0.6566001772880554,0.12377151846885681,-0.7407410740852356,0.06971094012260437,0.5453830361366272,-0.3795146942138672,-0.6877425909042358,0.29246532917022705,65.518283,-19.961904,194.980168,39.543880
2026-08-05T11:58:48.079864,1785923928.079865,43.325166,0.6544569730758667,0.1277465969324112,-0.7410796880722046,0.07853593677282333,0.5165699124336243,-0.41168513894081116,-0.6713963150978088,0.33600306510925293,71.919880,-19.508086,1445.348853,102.462887
2026-08-05T11:58:48.092396,1785923928.092396,43.337697,0.6533569693565369,0.12814971804618835,-0.7412662506103516,0.0850105881690979,0.4787706434726715,-0.447314977645874,-0.6588935256004333,0.36952322721481323,78.333040,-19.856593,511.762394,-27.810432
2026-08-05T11:58:48.108903,1785923928.108903,43.354204,0.6576173305511475,0.12741833925247192,-0.736871063709259,0.09124332666397095,0.46735450625419617,-0.45902466773986816,-0.6476417779922485,0.3891478478908539,80.791239,-19.921893,148.921545,-3.956028
2026-08-05T11:58:48.125933,1785923928.125933,43.371234,0.6696601510047913,0.12178105115890503,-0.7251095771789551,0.10459902137517929,0.4543570280075073,-0.4703413248062134,-0.6384971737861633,0.40578335523605347,82.400680,-21.499999,94.504860,-92.664902
2026-08-05T11:58:48.142534,1785923928.142535,43.387836,0.6749757528305054,0.11698856949806213,-0.7201519012451172,0.1100132167339325,0.43571966886520386,-0.4836488366127014,-0.6337011456489563,0.41791751980781555,84.561655,-22.352506,130.167015,-51.351005
2026-08-05T11:58:48.159180,1785923928.159180,43.404481,0.6809530854225159,0.11591266840696335,-0.7135624289512634,0.11703021079301834,0.4145089089870453,-0.49772027134895325,-0.6300038695335388,0.428429514169693,87.186136,-24.158002,157.671978,-108.469526
2026-08-05T11:58:48.176444,1785923928.176444,43.421745,0.6881489157676697,0.11523652076721191,-0.7054224014282227,0.12470293790102005,0.39688289165496826,-0.5097104907035828,-0.6236501336097717,0.440158486366272,89.659758,-26.005068,143.283026,-106.990128
2026-08-05T11:58:48.225478,1785923928.225478,43.470779,0.6956572532653809,0.11402559280395508,-0.6971766352653503,0.13039946556091309,0.38252997398376465,-0.5195749402046204,-0.6152095794677734,0.453023225069046,91.969702,-27.409999,47.108457,-28.651838
2026-08-05T11:58:48.242220,1785923928.242220,43.487521,0.7016515135765076,0.11397088319063187,-0.6899675726890564,0.13653114438056946,0.3670705556869507,-0.5285847187042236,-0.6075891852378845,0.46550264954566956,94.299470,-28.780183,139.161083,-81.843502
2026-08-05T11:58:48.258609,1785923928.258610,43.503911,0.7094390988349915,0.11436479538679123,-0.6805629730224609,0.14300663769245148,0.34903308749198914,-0.5371993780136108,-0.6020045280456543,0.47663745284080505,96.781744,-30.772350,151.451953,-121.548813
2026-08-05T11:58:48.277503,1785923928.277503,43.522804,0.7188367247581482,0.11162874847650528,-0.6699414253234863,0.148294597864151,0.3312588036060333,-0.5448209047317505,-0.5967115163803101,0.4872095286846161,99.019954,-32.734789,118.466183,-103.869889
2026-08-05T11:58:48.290996,1785923928.290996,43.535405,0.7363156080245972,0.10354477167129517,-0.6502794623374939,0.15573856234550476,0.31596383452415466,-0.551642656326294,-0.5900353193283081,0.49771028757095337,100.903186,-36.041323,149.446518,-262.394712
2026-08-05T11:58:48.306394,1785923928.306395,43.551696,0.746500551700592,0.09552983939647675,-0.6388792991638184,0.15951275825500488,0.3022889792919159,-0.5579280257225037,-0.5825071930885315,0.5079596638679504,102.556638,-37.733432,101.498397,-103.871411
2026-08-05T11:58:48.323201,1785923928.323202,43.568503,0.7556805610656738,0.08103818446397781,-0.6293617486953735,0.16212180256843567,0.28859445452690125,-0.5639139413833618,-0.5752829313278198,0.5174590349197388,103.610100,-38.696323,62.679682,-57.290790
2026-08-05T11:58:48.341973,1785923928.341973,43.587274,0.7574605345726013,0.06504860520362854,-0.6281288266181946,0.16575990617275238,0.27502861618995667,-0.5699558258056641,-0.5681613087654114,0.5260251760482788,104.049526,-38.250230,23.409603,23.764824
2026-08-05T11:58:48.359056,1785923928.359057,43.604358,0.757137656211853,0.060999516397714615,-0.6272413730621338,0.17201784253120422,0.2622373402118683,-0.5757400393486023,-0.5611118078231812,0.5337681770324707,105.225357,-38.766696,68.826929,-30.231233
2026-08-05T11:58:48.375352,1785923928.375352,43.620653,0.7575049996376038,0.06295299530029297,-0.6258034706115723,0.17490974068641663,0.2510571777820587,-0.581279993057251,-0.5542948246002197,0.5402234196662903,106.981358,-39.737821,107.760282,-59.594888
2026-08-05T11:58:48.380718,1785923928.380719,43.625057,0.7559249997138977,0.06530258059501648,-0.6268427968025208,0.17714762687683105,0.24142390489578247,-0.5869498252868652,-0.5474985241889954,0.5453892946243286,108.538216,-40.349516,353.523733,-138.900756
2026-08-05T11:58:48.392026,1785923928.392027,43.637327,0.757212221622467,0.06432906538248062,-0.6247407793998718,0.1794174760580063,0.23118528723716736,-0.5928912162780762,-0.5412907004356384,0.5495798587799072,109.984583,-41.541564,117.873956,-97.147872
2026-08-05T11:58:48.406946,1785923928.406946,43.652247,0.7579634785652161,0.06479468941688538,-0.6222045421600342,0.1848098784685135,0.21973474323749542,-0.5988134741783142,-0.5356958508491516,0.5533254146575928,111.428118,-43.165034,96.756386,-108.816853
2026-08-05T11:58:48.425634,1785923928.425635,43.669783,0.7583501935005188,0.06999004632234573,-0.6193529367446899,0.19081002473831177,0.20838402211666107,-0.6041588187217712,-0.5286945104598999,0.5586147308349609,113.296063,-44.986240,106.519598,-103.854330
2026-08-05T11:58:48.442557,1785923928.442558,43.687859,0.7582908272743225,0.07648010551929474,-0.6168130040168762,0.1966920793056488,0.19962666928768158,-0.6090405583381653,-0.5181913375854492,0.5663006901741028,115.202340,-46.412927,105.460718,-78.928418
2026-08-05T11:58:48.458641,1785923928.458641,43.703942,0.7585265040397644,0.08256501704454422,-0.6140503883361816,0.2018987536430359,0.19274534285068512,-0.6135357022285461,-0.5060198307037354,0.5747756361961365,117.024812,-47.628052,113.313309,-75.551135
2026-08-05T11:58:48.475374,1785923928.475375,43.720675,0.7582321166992188,0.08601333200931549,-0.6125435829162598,0.20609810948371887,0.1845296025276184,-0.617141604423523,-0.49710431694984436,0.5813541412353516,118.519376,-48.481503,89.316142,-51.002817
2026-08-05T11:58:48.492510,1785923928.492511,43.737812,0.7587723135948181,0.08349798619747162,-0.6108445525169373,0.210146963596344,0.17505168914794922,-0.6193987131118774,-0.49247997999191284,0.5858033895492554,119.332077,-49.018360,47.426245,-31.329020
2026-08-05T11:58:48.509148,1785923928.509149,43.754449,0.7592160701751709,0.0808616504073143,-0.6096749901771545,0.21295282244682312,0.16842244565486908,-0.6207820773124695,-0.4897127151489258,0.5885958075523376,119.790794,-49.335690,27.570783,-19.072849
2026-08-05T11:58:48.524998,1785923928.524998,43.770299,0.7588015794754028,0.0793338492512703,-0.6097727417945862,0.21471728384494781,0.16651514172554016,-0.6218711733818054,-0.4861759543418884,0.5909162759780884,119.953251,-49.213864,10.249800,7.686257
2026-08-05T11:58:48.529233,1785923928.529233,43.774534,0.7580734491348267,0.07889065146446228,-0.6101904511451721,0.21626067161560059,0.1669173389673233,-0.6229167580604553,-0.4825839400291443,0.5926432609558105,119.996454,-49.047087,10.201159,39.380582
2026-08-05T11:58:48.542360,1785923928.542360,43.787661,0.7569317817687988,0.07983144372701645,-0.6108081340789795,0.21816255152225494,0.1657446175813675,-0.6231266260147095,-0.4817383885383606,0.5934393405914307,120.075656,-48.983493,6.033703,4.844665
2026-08-05T11:58:48.559002,1785923928.559002,43.804303,0.7552011013031006,0.08176834136247635,-0.6119735240936279,0.2201678603887558,0.16290855407714844,-0.6224781274795532,-0.48350757360458374,0.5934662222862244,120.173832,-48.889587,5.899290,5.642666
2026-08-05T11:58:48.566066,1785923928.566066,43.810611,0.7534025311470032,0.08413904905319214,-0.6135935187339783,0.22092612087726593,0.1608828604221344,-0.6214285492897034,-0.4862217307090759,0.5929009914398193,120.231032,-48.670934,9.067646,34.662361
2026-08-05T11:58:48.575147,1785923928.575147,43.820448,0.7518823146820068,0.08611207455396652,-0.6154150366783142,0.22027713060379028,0.1605292409658432,-0.6200847029685974,-0.4892953932285309,0.5918745398521423,120.158923,-48.288597,-7.330360,38.867548
2026-08-05T11:58:48.592050,1785923928.592050,43.837351,0.7505563497543335,0.0876811295747757,-0.6175042390823364,0.21832479536533356,0.16177012026309967,-0.6185228824615479,-0.4930688738822937,0.5900362730026245,119.936939,-47.788340,-13.133097,29.596301
2026-08-05T11:58:48.607857,1785923928.607857,43.853158,0.7493314743041992,0.08893312513828278,-0.6199262142181396,0.2151392251253128,0.16370588541030884,-0.616895318031311,-0.49824681878089905,0.5868480205535889,119.610890,-47.291762,-20.626062,31.413841
2026-08-05T11:58:48.625600,1785923928.625601,43.870901,0.7481141686439514,0.08932836353778839,-0.6229943037033081,0.21029476821422577,0.16517126560211182,-0.6153853535652161,-0.5053978562355042,0.5818867683410645,119.227958,-46.802684,-21.582009,27.564400
2026-08-05T11:58:48.641828,1785923928.641828,43.887129,0.7472565770149231,0.08833391219377518,-0.6262668967247009,0.20394769310951233,0.1666381061077118,-0.6139064431190491,-0.5135095119476318,0.5758982300758362,118.760285,-46.252655,-28.819819,33.894889
2026-08-05T11:58:48.659187,1785923928.659188,43.904489,0.7466201782226562,0.08677870780229568,-0.6296842098236084,0.19627976417541504,0.17131860554218292,-0.6124739646911621,-0.5200314521789551,0.5701690912246704,118.121566,-45.425190,-36.793120,47.665784
2026-08-05T11:58:48.675153,1785923928.675154,43.920455,0.7465662956237793,0.08348183333873749,-0.6329951882362366,0.18704749643802643,0.18045629560947418,-0.6104388236999512,-0.5249863266944885,0.564968466758728,117.100342,-44.107867,-63.962632,82.508301
2026-08-05T11:58:48.679712,1785923928.679713,43.925014,0.7458999156951904,0.07810623198747635,-0.6369357705116272,0.17845354974269867,0.19217628240585327,-0.607253909111023,-0.5303191542625427,0.5595288872718811,115.509679,-42.262990,-348.903134,404.663486
2026-08-05T11:58:48.708434,1785923928.708434,43.953735,0.7456415891647339,0.07425084710121155,-0.6398454308509827,0.17059729993343353,0.20341366529464722,-0.6031574606895447,-0.5382171869277954,0.5524004697799683,113.881980,-40.862698,-56.672117,48.754420
2026-08-05T11:58:48.724799,1785923928.724799,43.970100,0.7454655170440674,0.07354963570833206,-0.6425780653953552,0.16113734245300293,0.21049121022224426,-0.5989119410514832,-0.5501042604446411,0.542570948600769,112.746893,-40.071127,-69.359425,48.368910
2026-08-05T11:58:48.777169,1785923928.777169,44.021448,0.7442662119865417,0.07549034059047699,-0.6461814641952515,0.15105827152729034,0.2151421755552292,-0.5950366258621216,-0.5636324286460876,0.5310026407241821,111.940310,-39.535962,-15.708177,10.422314
2026-08-05T11:58:48.792511,1785923928.792512,44.037812,0.7407532334327698,0.07422436028718948,-0.6527899503707886,0.14014527201652527,0.22197705507278442,-0.5911837816238403,-0.577061653137207,0.5179072022438049,110.522943,-38.175421,-86.613156,83.140622
2026-08-05T11:58:48.809138,1785923928.809138,44.054439,0.7371720671653748,0.06731543689966202,-0.6600201725959778,0.128138467669487,0.2330557107925415,-0.5867826342582703,-0.5886190533638,0.5048748850822449,108.323786,-36.036402,-132.269347,128.652300
2026-08-05T11:58:48.825355,1785923928.825356,44.070657,0.7347956299781799,0.06499927490949631,-0.6646817326545715,0.11852741241455078,0.2486145943403244,-0.5810878872871399,-0.5990355014801025,0.4916137158870697,106.066955,-34.613366,-139.158415,87.745828
2026-08-05T11:58:48.831600,1785923928.831600,44.076901,0.7285885810852051,0.06888814270496368,-0.6721307039260864,0.11248822510242462,0.2647545039653778,-0.5740026235580444,-0.6097267866134644,0.47818318009376526,103.810875,-33.150794,-361.295351,234.220582
2026-08-05T11:58:48.834853,1785923928.834854,44.080155,0.7203034162521362,0.07635509967803955,-0.6808866858482361,0.1082892045378685,0.2791159749031067,-0.5668061971664429,-0.6203505396842957,0.46474751830101013,101.828159,-31.921474,-609.373020,377.822437
2026-08-05T11:58:48.841210,1785923928.841210,44.086511,0.7130938768386841,0.08167894929647446,-0.6886733174324036,0.10273630917072296,0.2924349308013916,-0.5598248243331909,-0.6309226155281067,0.45057153701782227,99.878833,-30.856139,-306.667650,167.598210
2026-08-05T11:58:48.859797,1785923928.859797,44.104794,0.7089604139328003,0.08300717920064926,-0.6939421892166138,0.09449499100446701,0.30668821930885315,-0.5527198910713196,-0.6405772566795349,0.4360089898109436,97.815350,-29.863974,-112.862664,54.266732
2026-08-05T11:58:48.874543,1785923928.874544,44.119844,0.7054314017295837,0.08322398364543915,-0.6986066102981567,0.08596056699752808,0.3240610957145691,-0.544283390045166,-0.6490542888641357,0.4212699830532074,95.409426,-28.740998,-159.860243,74.615472
2026-08-05T11:58:48.893011,1785923928.893011,44.138001,0.6977263689041138,0.08582882583141327,-0.7068686485290527,0.07840974628925323,0.3437733054161072,-0.5343124270439148,-0.6566600799560547,0.4063589870929718,92.734206,-27.140151,-147.338195,88.166905
2026-08-05T11:58:48.909350,1785923928.909351,44.154651,0.6885910034179688,0.09249653667211533,-0.7153070569038391,0.07498558610677719,0.36417457461357117,-0.5231307744979858,-0.663371741771698,0.3919808566570282,90.132793,-26.031650,-156.241372,66.576781
2026-08-05T11:58:48.934577,1785923928.934577,44.179878,0.6798660755157471,0.10257842391729355,-0.7224822044372559,0.07265932112932205,0.3843727111816406,-0.5115019679069519,-0.6695026755332947,0.37734514474868774,87.895278,-25.543615,-88.695813,19.345877
2026-08-05T11:58:48.937617,1785923928.937617,44.182918,0.675202488899231,0.10995642840862274,-0.7261472344398499,0.06871344894170761,0.40386131405830383,-0.49959057569503784,-0.6755533218383789,0.3618466854095459,85.694414,-25.425375,-724.121079,38.902777
2026-08-05T11:58:48.954548,1785923928.954548,44.199849,0.6768761277198792,0.10865432769060135,-0.7253371477127075,0.06260306388139725,0.4237116873264313,-0.48664718866348267,-0.681414008140564,0.34542423486709595,82.853293,-25.192228,-167.805285,13.770386
2026-08-05T11:58:48.974707,1785923928.974708,44.220008,0.6819466352462769,0.10555313527584076,-0.7213143706321716,0.059272028505802155,0.44440558552742004,-0.4717506170272827,-0.6866308450698853,0.32938316464424133,79.638955,-25.206144,-159.443576,-0.690292
2026-08-05T11:58:48.977103,1785923928.977104,44.222404,0.6760773658752441,0.11437416821718216,-0.7253642678260803,0.060702744871377945,0.46585342288017273,-0.4556638300418854,-0.6904740333557129,0.3140011429786682,76.975247,-25.273934,-1111.681800,-28.291826
2026-08-05T11:58:49.007662,1785923929.007662,44.252963,0.6656811833381653,0.1285499632358551,-0.7325230240821838,0.06126780807971954,0.48619893193244934,-0.440201997756958,-0.6931426525115967,0.2989751994609833,75.042804,-25.435401,-63.237810,-5.283874
2026-08-05T11:58:49.041677,1785923929.041677,44.286128,0.6650667190551758,0.13577952980995178,-0.7317640781402588,0.06141344830393791,0.5052377581596375,-0.4252646565437317,-0.6952967047691345,0.2836323082447052,72.878609,-26.114730,-65.254958,-20.483190
2026-08-05T11:58:49.058005,1785923929.058006,44.303306,0.6688370108604431,0.13745859265327454,-0.7281758189201355,0.05935002490878105,0.5233917832374573,-0.4097837805747986,-0.6977660059928894,0.26694735884666443,70.294539,-26.568257,-150.426416,-26.401168
2026-08-05T11:58:49.074635,1785923929.074635,44.319936,0.6705731153488159,0.1371748000383377,-0.7268509864807129,0.05658950284123421,0.5408275723457336,-0.39327067136764526,-0.7006697058677673,0.24880830943584442,67.373983,-26.601729,-175.625437,-2.012807
2026-08-05T11:58:49.091320,1785923929.091321,44.336621,0.6647836565971375,0.14031589031219482,-0.7314525842666626,0.05789127200841904,0.5574233531951904,-0.3768092393875122,-0.7029013633728027,0.23070266842842102,64.615784,-26.710625,-165.305299,-6.526348
2026-08-05T11:58:49.108320,1785923929.108321,44.353622,0.6616402268409729,0.1498001366853714,-0.7322887778282166,0.0595436654984951,0.5733434557914734,-0.36081796884536743,-0.7040379643440247,0.21311581134796143,62.801235,-27.704618,-106.735435,-58.468718
2026-08-05T11:58:49.125701,1785923929.125701,44.371002,0.6646670699119568,0.15854696929454803,-0.7274875044822693,0.061988893896341324,0.5890710949897766,-0.3446120619773865,-0.7039448022842407,0.19672228395938873,61.095819,-29.031031,-98.123894,-76.317298
2026-08-05T11:58:49.130151,1785923929.130152,44.375452,0.666465699672699,0.16322165727615356,-0.7246629595756531,0.06360768526792526,0.6048251986503601,-0.32687926292419434,-0.7032467126846313,0.18105371296405792,58.879118,-29.601025,-498.098932,-128.079330
2026-08-05T11:58:49.142083,1785923929.142083,44.387384,0.6672346591949463,0.1660529226064682,-0.7233116626739502,0.06359846144914627,0.6199988722801208,-0.30794626474380493,-0.7024635076522827,0.1652745008468628,56.434664,-29.690300,-204.871291,-7.482152
2026-08-05T11:58:49.158506,1785923929.158506,44.402961,0.6682115793228149,0.16957035660743713,-0.7217131853103638,0.062205567955970764,0.6346563696861267,-0.2879951298236847,-0.7013381123542786,0.1496496945619583,54.071483,-29.641402,-151.704222,3.138996
2026-08-05T11:58:49.175284,1785923929.175284,44.420585,0.6683153510093689,0.17476706206798553,-0.7204479575157166,0.061366572976112366,0.6489465832710266,-0.2670547068119049,-0.6996898651123047,0.1341056078672409,51.854938,-29.670810,-125.770993,-1.668649
2026-08-05T11:58:49.192138,1785923929.192138,44.437439,0.6713026165962219,0.1774393618106842,-0.7169718146324158,0.061803121119737625,0.6625857353210449,-0.24583342671394348,-0.6975381374359131,0.11826514452695847,49.375012,-29.700462,-147.143314,-1.759373
2026-08-05T11:58:49.209176,1785923929.209177,44.454477,0.6710338592529297,0.18347246944904327,-0.7155275940895081,0.06381121277809143,0.6756588220596313,-0.22446177899837494,-0.6947437524795532,0.10214344412088394,47.351259,-30.050818,-118.776418,-20.562815
2026-08-05T11:58:49.225835,1785923929.225836,44.471137,0.6705287098884583,0.19096606969833374,-0.7138627171516418,0.06575194746255875,0.6875843405723572,-0.20341040194034576,-0.6917014718055725,0.08602963387966156,45.666827,-30.557634,-101.110831,-30.422472
2026-08-05T11:58:49.242230,1785923929.242230,44.487531,0.6745046377182007,0.19868865609169006,-0.7077763080596924,0.06796614825725555,0.6981046795845032,-0.18308797478675842,-0.6886308193206787,0.07011523842811584,44.160199,-31.274427,-91.899065,-43.721885
2026-08-05T11:58:49.259041,1785923929.259041,44.504342,0.6802856922149658,0.20327359437942505,-0.7008320093154907,0.06874660402536392,0.7078177332878113,-0.1623523235321045,-0.6852364540100098,0.05555816739797592,42.321513,-31.441374,-109.374696,-9.930890
2026-08-05T11:58:49.275581,1785923929.275582,44.520882,0.6815179586410522,0.2047850787639618,-0.6995025873184204,0.06551844626665115,0.717182457447052,-0.1409812867641449,-0.6811224818229675,0.042962510138750076,40.176890,-30.667776,-129.658662,46.769835
2026-08-05T11:58:49.281563,1785923929.281563,44.525747,0.6825547814369202,0.20611077547073364,-0.6984272003173828,0.061941612511873245,0.7258440256118774,-0.11992789059877396,-0.6765702366828918,0.03194519504904747,38.103667,-29.749445,-426.177721,188.774897
2026-08-05T11:58:49.307573,1785923929.307574,44.552874,0.6843356490135193,0.20906797051429749,-0.6960374712944031,0.0592208094894886,0.7331477403640747,-0.10077599436044693,-0.6722192168235779,0.021446002647280693,36.459435,-29.168082,-60.611769,21.430949
2026-08-05T11:58:49.325984,1785923929.325984,44.571285,0.6858000755310059,0.21251380443572998,-0.6937166452407837,0.05721452832221985,0.7389582395553589,-0.08436746895313263,-0.6683550477027893,0.011157735250890255,35.220846,-28.875972,-67.275565,15.866302
2026-08-05T11:58:49.344558,1785923929.344559,44.589860,0.6878080368041992,0.21431267261505127,-0.6913528442382812,0.05497115105390549,0.7440713047981262,-0.06984121352434158,-0.6644377708435059,0.0016316995024681091,34.017240,-28.504360,-64.798095,20.006348
2026-08-05T11:58:49.357844,1785923929.357844,44.603145,0.6887156367301941,0.2156263142824173,-0.6902748346328735,0.05193256214261055,0.7490051984786987,-0.05625898018479347,-0.6601361036300659,-0.00682299816980958,32.910404,-28.014402,-83.313702,36.880123
2026-08-05T11:58:49.374020,1785923929.374020,44.619321,0.6906169652938843,0.21579425036907196,-0.688572883605957,0.04846186190843582,0.7532462477684021,-0.043485790491104126,-0.6561393737792969,-0.01450086198747158,31.726177,-27.385450,-73.208952,38.881782
2026-08-05T11:58:49.390693,1785923929.390693,44.635285,0.6923937201499939,0.21641534566879272,-0.686773419380188,0.045801613479852676,0.7566959261894226,-0.03205961361527443,-0.65262770652771,-0.02146267145872116,30.747266,-26.899039,-61.318880,30.468737
2026-08-05T11:58:49.407431,1785923929.407431,44.652732,0.6929849982261658,0.21693900227546692,-0.6861744523048401,0.04329001531004906,0.7592824101448059,-0.02287299931049347,-0.649764895439148,-0.027794303372502327,30.029966,-26.538136,-41.113085,20.685691
2026-08-05T11:58:49.424702,1785923929.424702,44.670003,0.6938468813896179,0.21726858615875244,-0.685348629951477,0.04084504023194313,0.7609944939613342,-0.0163344107568264,-0.6476912498474121,-0.033418189734220505,29.523425,-26.312985,-29.329321,13.036510
2026-08-05T11:58:49.428961,1785923929.428962,44.673616,0.6946538686752319,0.21744762361049652,-0.6845842599868774,0.03894903510808945,0.7622244954109192,-0.011557353660464287,-0.6461067199707031,-0.03776812553405762,29.153013,-26.152364,-102.522075,44.456515
2026-08-05T11:58:49.491847,1785923929.491848,44.737148,0.6951971054077148,0.21692542731761932,-0.6843008399009705,0.037107519805431366,0.7633118033409119,-0.007619413547217846,-0.6447169780731201,-0.04045840725302696,28.756118,-25.870953,-6.247146,4.429410
2026-08-05T11:58:49.508668,1785923929.508668,44.753969,0.6956573724746704,0.21567992866039276,-0.6843327879905701,0.03509681299328804,0.7640794515609741,-0.005152339115738869,-0.6437247395515442,-0.04212284833192825,28.388567,-25.548455,-21.851422,19.172972
2026-08-05T11:58:49.513559,1785923929.513559,44.758860,0.6956053972244263,0.2139882892370224,-0.6850088238716125,0.03324560448527336,0.7643003463745117,-0.004691449925303459,-0.6433894634246826,-0.04327767714858055,28.169841,-25.317418,-44.718804,47.235738
2026-08-05T11:58:49.517871,1785923929.517872,44.763172,0.6954347491264343,0.21243485808372498,-0.6857296228408813,0.0318913497030735,0.7640063166618347,-0.006140471436083317,-0.6436792612075806,-0.04397094249725342,28.139866,-25.248514,-6.950571,15.977767
2026-08-05T11:58:49.526924,1785923929.526925,44.771670,0.6956208944320679,0.21111661195755005,-0.6859251260757446,0.03237578645348549,0.7632492780685425,-0.0084339939057827,-0.6445610523223877,-0.043823547661304474,28.208799,-25.328410,8.111918,-9.402048
2026-08-05T11:58:49.558860,1785923929.558860,44.803140,0.6948685646057129,0.2102993279695511,-0.6868593096733093,0.03400588780641556,0.7624845504760742,-0.010698283091187477,-0.6455247402191162,-0.04243464767932892,28.365940,-25.444063,4.993307,-3.674995
2026-08-05T11:58:49.575432,1785923929.575433,44.820734,0.6942492127418518,0.20886492729187012,-0.6878455877304077,0.0355256050825119,0.761619508266449,-0.013039489276707172,-0.6466488838195801,-0.040135305374860764,28.421659,-25.427475,3.167105,0.942864
2026-08-05T11:58:49.582173,1785923929.582174,44.827474,0.693051278591156,0.2070688158273697,-0.6894941329956055,0.037424542009830475,0.7604333162307739,-0.01675313524901867,-0.6481006741523743,-0.037763744592666626,28.608060,-25.511651,27.652642,-12.487609
2026-08-05T11:58:49.608605,1785923929.608605,44.852885,0.6913453936576843,0.20518775284290314,-0.6916309595108032,0.03982854261994362,0.7587876915931702,-0.022097494453191757,-0.6499988436698914,-0.03542225435376167,28.976702,-25.756303,14.507101,-9.627715
2026-08-05T11:58:49.625742,1785923929.625743,44.871044,0.6897006034851074,0.20354001224040985,-0.69359290599823,0.042586490511894226,0.7567339539527893,-0.028975944966077805,-0.6522690057754517,-0.03254709392786026,29.500389,-26.124020,28.840276,-20.250768
2026-08-05T11:58:49.642551,1785923929.642552,44.887852,0.6875277161598206,0.2016669362783432,-0.6961703896522522,0.0445304811000824,0.7542279958724976,-0.037274837493896484,-0.6549251079559326,-0.028704272583127022,30.101277,-26.442218,35.748489,-18.930496
2026-08-05T11:58:49.658800,1785923929.658800,44.904101,0.6861541867256165,0.1988203227519989,-0.6983011960983276,0.04514942690730095,0.7511246204376221,-0.047555066645145416,-0.6580081582069397,-0.023997250944375992,30.695741,-26.653494,36.585335,-13.002658
2026-08-05T11:58:49.675285,1785923929.675286,44.920586,0.6845595836639404,0.19473709166049957,-0.7010684013366699,0.04425954818725586,0.7471185326576233,-0.05993558093905449,-0.6617146134376526,-0.01886017993092537,31.333889,-26.760343,38.710336,-6.481469
2026-08-05T11:58:49.692432,1785923929.692433,44.937734,0.6834593415260315,0.189882293343544,-0.7035542130470276,0.04289033263921738,0.7423677444458008,-0.07373425364494324,-0.6657958030700684,-0.013018721714615822,32.008062,-26.808144,39.316525,-2.787674
2026-08-05T11:58:49.708584,1785923929.708585,44.953886,0.6821597814559937,0.18423832952976227,-0.7064146995544434,0.041143450886011124,0.7373492121696472,-0.08779966086149216,-0.6697543263435364,-0.0060370988212525845,32.647145,-26.679262,39.567064,7.979324
2026-08-05T11:58:49.725250,1785923929.725250,44.970551,0.6805270910263062,0.17946407198905945,-0.7092775106430054,0.040014032274484634,0.7320542931556702,-0.10201986879110336,-0.6735609173774719,0.002042830688878894,33.449956,-26.590668,48.172135,5.316053
2026-08-05T11:58:49.730377,1785923929.730377,44.975678,0.6788190007209778,0.17498114705085754,-0.712049126625061,0.03965369239449501,0.7260698080062866,-0.11695252358913422,-0.6775192618370056,0.010615055449306965,34.409720,-26.592443,187.199696,-0.346174
2026-08-05T11:58:49.733764,1785923929.733764,44.979065,0.6765033006668091,0.17172972857952118,-0.7150077223777771,0.040201980620622635,0.7194817066192627,-0.13246802985668182,-0.6814673542976379,0.020008249208331108,35.632777,-26.737732,361.080680,-42.893572
2026-08-05T11:58:49.758263,1785923929.758263,45.003564,0.6746978163719177,0.16845561563968658,-0.7174577116966248,0.04074236750602722,0.7126328945159912,-0.14757831394672394,-0.6851518750190735,0.03069302998483181,36.838678,-26.740877,49.223059,-0.128358
2026-08-05T11:58:49.774605,1785923929.774605,45.019906,0.6724863052368164,0.16583330929279327,-0.7201244235038757,0.04101686552166939,0.7057465314865112,-0.16219621896743774,-0.688309371471405,0.042945243418216705,38.133995,-26.599589,79.263438,8.645719
2026-08-05T11:58:49.792227,1785923929.792227,45.037528,0.6702773571014404,0.16299177706241608,-0.7228469252586365,0.040674567222595215,0.6985298991203308,-0.17686685919761658,-0.6910992860794067,0.05617856606841087,39.483448,-26.301178,76.576708,16.933817
2026-08-05T11:58:49.808846,1785923929.808847,45.054148,0.6687405109405518,0.15774711966514587,-0.7255226373672485,0.03897522762417793,0.6905385851860046,-0.192402645945549,-0.6937727928161621,0.06940434128046036,40.730573,-25.749924,75.039047,33.168749
2026-08-05T11:58:49.842176,1785923929.842176,45.087477,0.6662511229515076,0.15329007804393768,-0.7288128137588501,0.03799658641219139,0.681308388710022,-0.20953725278377533,-0.6965354681015015,0.08216758072376251,42.322435,-25.453789,47.761375,8.885054
2026-08-05T11:58:49.859349,1785923929.859349,45.104650,0.6639365553855896,0.14959268271923065,-0.7317016124725342,0.03772592917084694,0.6705008745193481,-0.22868883609771729,-0.6994248032569885,0.09452494978904724,44.270787,-25.471739,113.455592,-1.045254
2026-08-05T11:58:49.874202,1785923929.874203,45.119504,0.6615985035896301,0.14635081589221954,-0.7344844341278076,0.037439823150634766,0.6586365699768066,-0.24841029942035675,-0.7020007371902466,0.10809885710477829,46.423795,-25.460275,144.947438,0.771813
2026-08-05T11:58:49.880012,1785923929.880012,45.125313,0.6598310470581055,0.14393536746501923,-0.7365315556526184,0.03777732327580452,0.6473223567008972,-0.26622921228408813,-0.7033113837242126,0.12429395318031311,48.570290,-25.213773,369.507698,42.433962
2026-08-05T11:58:49.891687,1785923929.891688,45.136989,0.6586888432502747,0.14045798778533936,-0.7382408976554871,0.037428807467222214,0.6367846131324768,-0.28171858191490173,-0.7034096121788025,0.14267107844352722,50.488217,-24.454328,164.264668,65.044209
2026-08-05T11:58:49.907970,1785923929.907970,45.153271,0.6591225862503052,0.13603436946868896,-0.7386971116065979,0.03713023290038109,0.6259151697158813,-0.2968079447746277,-0.7029573917388916,0.16120296716690063,52.353689,-23.638571,114.572058,50.101522
2026-08-05T11:58:49.925566,1785923929.925566,45.170867,0.6584989428520203,0.13118597865104675,-0.7401681542396545,0.03633920103311539,0.6134617924690247,-0.31305980682373047,-0.7026411890983582,0.17875570058822632,54.388233,-22.862389,115.623741,44.110659
2026-08-05T11:58:49.942242,1785923929.942242,45.187543,0.6562768816947937,0.12727691233158112,-0.7428409457206726,0.03589904308319092,0.5998479127883911,-0.33014631271362305,-0.7019912004470825,0.1959444135427475,56.679489,-22.197646,137.396909,39.861800
2026-08-05T11:58:49.959454,1785923929.959455,45.204756,0.6563974618911743,0.1255585253238678,-0.7429407835006714,0.03763759136199951,0.5860793590545654,-0.34706050157546997,-0.7005316019058228,0.21287459135055542,59.177927,-22.073485,145.151458,7.213366
2026-08-05T11:58:49.975939,1785923929.975939,45.221240,0.6568121910095215,0.12544800341129303,-0.7424115538597107,0.041057173162698746,0.571479082107544,-0.3640938997268677,-0.6987853050231934,0.22923031449317932,61.841846,-22.332490,161.606086,-15.712465
2026-08-05T11:58:49.992064,1785923929.992064,45.237365,0.6565233469009399,0.12553098797798157,-0.7424589991569519,0.044427741318941116,0.5549649000167847,-0.38192006945610046,-0.6972923278808594,0.24481545388698578,64.657833,-22.700698,174.632680,-22.834330
2026-08-05T11:58:50.025273,1785923930.025274,45.269561,0.6562624573707581,0.12586158514022827,-0.7423862218856812,0.04838548228144646,0.536281943321228,-0.4004000723361969,-0.6959410309791565,0.2602839469909668,67.638477,-23.222337,92.578647,-16.202098
2026-08-05T11:58:50.030785,1785923930.030786,45.275242,0.656806468963623,0.12429038435220718,-0.7419106364250183,0.052210111171007156,0.5160452723503113,-0.4193807542324066,-0.6939536929130554,0.27612581849098206,70.610437,-23.663649,523.136720,-77.681440
2026-08-05T11:58:50.041571,1785923930.041572,45.286873,0.6573338508605957,0.12112179398536682,-0.7415540814399719,0.05778869241476059,0.49479585886001587,-0.4383126497268677,-0.691100001335144,0.29230108857154846,73.445853,-24.117219,243.785688,-38.997443
2026-08-05T11:58:50.057219,1785923930.057220,45.302520,0.657340943813324,0.11776065081357956,-0.7415822148323059,0.06396376341581345,0.4717474579811096,-0.4572604298591614,-0.6878039240837097,0.3086957037448883,76.362352,-24.573801,186.385770,-29.178948
2026-08-05T11:58:50.074120,1785923930.074120,45.319421,0.6601890921592712,0.11580183357000351,-0.7384834289550781,0.07336711883544922,0.44689080119132996,-0.476168692111969,-0.6840135455131531,0.3250809907913208,79.494236,-25.818924,185.310063,-73.672543
2026-08-05T11:58:50.091135,1785923930.091136,45.335857,0.665261447429657,0.11482501775026321,-0.733063280582428,0.0828305035829544,0.42132338881492615,-0.4941520392894745,-0.6794302463531494,0.3415774703025818,82.835286,-27.427497,203.275068,-97.868278
2026-08-05T11:58:50.107930,1785923930.107930,45.353231,0.6709182262420654,0.11390417814254761,-0.7267590165138245,0.09335947036743164,0.3969719409942627,-0.5103514790534973,-0.6729614734649658,0.35927364230155945,86.088476,-29.049689,187.244368,-93.368762
2026-08-05T11:58:50.125198,1785923930.125198,45.370499,0.6791624426841736,0.11253412812948227,-0.7178592681884766,0.10369478911161423,0.37596574425697327,-0.5238210558891296,-0.6644753217697144,0.3778015673160553,89.111228,-30.723513,175.049876,-96.932450
2026-08-05T11:58:50.141698,1785923930.141698,45.386999,0.6888248324394226,0.11103709787130356,-0.7073482871055603,0.11335599422454834,0.3580826222896576,-0.5347051620483398,-0.654444694519043,0.3969501852989197,91.913518,-32.325087,169.835811,-97.065072
2026-08-05T11:58:50.158857,1785923930.158857,45.404158,0.6976057291030884,0.11096633225679398,-0.6970193982124329,0.12327549606561661,0.34117287397384644,-0.5440623760223389,-0.6450307965278625,0.4141649305820465,94.580174,-34.133150,155.410869,-105.372705
2026-08-05T11:58:50.175276,1785923930.175276,45.420577,0.7060832381248474,0.10930255055427551,-0.6873817443847656,0.13040640950202942,0.3229401409626007,-0.5528081059455872,-0.6375371217727661,0.4285550117492676,97.138107,-35.871491,155.791675,-105.874172
2026-08-05T11:58:50.181229,1785923930.181230,45.426530,0.7157222628593445,0.10514869540929794,-0.6770381927490234,0.13529494404792786,0.3046417832374573,-0.5607456564903259,-0.6317732930183411,0.4400230944156647,99.466853,-37.742996,391.152508,-314.351100
2026-08-05T11:58:50.242136,1785923930.242136,45.487437,0.7257841229438782,0.09895619004964828,-0.6663755178451538,0.13924410939216614,0.290362685918808,-0.5670199990272522,-0.6254827380180359,0.4504989981651306,101.283675,-39.415408,29.829612,-27.458605
2026-08-05T11:58:50.258792,1785923930.258793,45.504093,0.7340364456176758,0.09364050626754761,-0.6573929786682129,0.1423252820968628,0.28037092089653015,-0.5714952349662781,-0.6187253594398499,0.46039584279060364,102.700346,-40.619409,85.052658,-72.284576
2026-08-05T11:58:50.275163,1785923930.275163,45.520464,0.7400405406951904,0.09183770418167114,-0.6499782204627991,0.1464047133922577,0.2708399295806885,-0.5752401351928711,-0.6133337020874023,0.46857914328575134,104.116585,-41.964355,86.511463,-82.156492
2026-08-05T11:58:50.308311,1785923930.308312,45.552580,0.742468535900116,0.09460534900426865,-0.6461580395698547,0.149232879281044,0.25961267948150635,-0.5789123773574829,-0.6100264191627502,0.47468897700309753,105.830086,-43.192244,53.352812,-38.232472
2026-08-05T11:58:50.325014,1785923930.325014,45.570315,0.7455568313598633,0.09500192105770111,-0.6422649025917053,0.15038470923900604,0.24796077609062195,-0.582439661026001,-0.607393741607666,0.4799504280090332,107.427352,-44.295129,90.064140,-62.187733
2026-08-05T11:58:50.330727,1785923930.330727,45.576028,0.7493484616279602,0.09298257529735565,-0.6374585032463074,0.1532251089811325,0.23765012621879578,-0.5852250456809998,-0.6044362187385559,0.4854802191257477,108.625891,-45.358578,209.800847,-186.153642
2026-08-05T11:58:50.341328,1785923930.341329,45.586629,0.7524749636650085,0.08998005837202072,-0.6333885788917542,0.15653780102729797,0.22998462617397308,-0.5872096419334412,-0.5999163389205933,0.4923337399959564,109.482569,-45.930891,80.807064,-53.984022
2026-08-05T11:58:50.357193,1785923930.357193,45.601713,0.7553853988647461,0.08945663273334503,-0.6289919018745422,0.16049806773662567,0.22408106923103333,-0.5890530943870544,-0.5935441851615906,0.5005091428756714,110.466339,-46.578100,65.221369,-42.908288
2026-08-05T11:58:50.375985,1785923930.375986,45.621287,0.7571302056312561,0.09095858782529831,-0.6255696415901184,0.16475191712379456,0.20874477922916412,-0.5951507091522217,-0.5792126655578613,0.5164629817008972,113.082160,-47.385296,133.639648,-41.238836
2026-08-05T11:58:50.391849,1785923930.391850,45.637150,0.7582053542137146,0.0938015952706337,-0.6227309703826904,0.16891402006149292,0.19939567148685455,-0.598847508430481,-0.5720595717430115,0.5238043665885925,114.669871,-48.511182,100.084842,-70.972642
2026-08-05T11:58:50.407570,1785923930.407571,45.652871,0.7592718601226807,0.09569241106510162,-0.6198740005493164,0.17350980639457703,0.19181305170059204,-0.602005660533905,-0.5646915435791016,0.5309619903564453,115.962673,-49.476376,82.233656,-61.394905
2026-08-05T11:58:50.425420,1785923930.425421,45.670721,0.7596760392189026,0.09456859529018402,-0.6183465123176575,0.1777551919221878,0.18640251457691193,-0.6042941212654114,-0.5575265288352966,0.5378168225288391,116.690100,-49.734666,40.752337,-14.470100
2026-08-05T11:58:50.441664,1785923930.441665,45.686965,0.7600485682487488,0.08995534479618073,-0.6176378130912781,0.18099141120910645,0.18168076872825623,-0.6061674952507019,-0.5507561564445496,0.5442617535591125,117.035733,-49.469739,21.277402,16.309085
2026-08-05T11:58:50.458753,1785923930.458754,45.704055,0.7614865899085999,0.08823391050100327,-0.6150513887405396,0.1845667064189911,0.17734353244304657,-0.6080237627029419,-0.5440874695777893,0.5502955913543701,117.656613,-49.863015,36.331834,-23.013236
2026-08-05T11:58:50.475304,1785923930.475304,45.720605,0.7604202628135681,0.09122875332832336,-0.6145483255386353,0.18912716209888458,0.17372041940689087,-0.609612226486206,-0.5376318097114563,0.5560091137886047,118.399924,-50.115070,44.911629,-15.229431
2026-08-05T11:58:50.480737,1785923930.480738,45.726038,0.759698748588562,0.09446531534194946,-0.613749086856842,0.19299344718456268,0.17120175063610077,-0.6103516221046448,-0.5321869254112244,0.5611936450004578,119.026318,-50.288278,115.287373,-31.878769
2026-08-05T11:58:50.483071,1785923930.483072,45.728372,0.7593445777893066,0.09763137996196747,-0.6127315759658813,0.19602040946483612,0.16983310878276825,-0.610116183757782,-0.5285096168518066,0.5653250813484192,119.464023,-50.379516,187.544195,-39.092890
2026-08-05T11:58:50.493574,1785923930.493575,45.736853,0.7584643959999084,0.09910248219966888,-0.6128705739974976,0.1982429027557373,0.169209823012352,-0.6093950867652893,-0.5270001292228699,0.5676939487457275,119.540158,-50.140548,8.977520,28.178340
2026-08-05T11:58:50.509512,1785923930.509513,45.754813,0.7584236860275269,0.09887614101171494,-0.6126882433891296,0.19907353818416595,0.16937802731990814,-0.6086512804031372,-0.5272696614265442,0.5681915283203125,119.411237,-49.995990,-7.177962,8.048658
2026-08-05T11:58:50.524919,1785923930.524919,45.770220,0.758671224117279,0.09697625041007996,-0.6130787134170532,0.19785918295383453,0.17047418653964996,-0.608038604259491,-0.5283401608467102,0.5675247311592102,119.128400,-49.667749,-18.358165,21.305216
2026-08-05T11:58:50.541951,1785923930.541951,45.787252,0.7586963176727295,0.09548119455575943,-0.6136166453361511,0.19681982696056366,0.17178449034690857,-0.6075130701065063,-0.5295277237892151,0.5665850043296814,118.836361,-49.375528,-17.146376,17.157009
2026-08-05T11:58:50.558770,1785923930.558771,45.804071,0.758705735206604,0.09493529796600342,-0.6138947010040283,0.19617915153503418,0.17239932715892792,-0.6072244048118591,-0.5298413038253784,0.5664145946502686,118.733780,-49.202088,-6.099030,10.312035
2026-08-05T11:58:50.574985,1785923930.574986,45.820287,0.7579359412193298,0.09653265029191971,-0.6143730878829956,0.1968766152858734,0.1717713177204132,-0.6072193384170532,-0.5295737385749817,0.5668606758117676,118.867731,-49.197621,8.260906,0.275474
2026-08-05T11:58:50.591824,1785923930.591824,45.837125,0.7571534514427185,0.09922868758440018,-0.6144196391105652,0.19839638471603394,0.1699737012386322,-0.6072409152984619,-0.5294768810272217,0.5674695372581482,119.158610,-49.424253,17.274560,-13.459137
2026-08-05T11:58:50.609205,1785923930.609205,45.854506,0.7559795379638672,0.10213202983140945,-0.6147924661636353,0.20023605227470398,0.16825133562088013,-0.6072421669960022,-0.5295688509941101,0.5678956508636475,119.408484,-49.609790,14.376545,-10.674905
2026-08-05T11:58:50.624995,1785923930.624995,45.870296,0.7551038861274719,0.10295804589986801,-0.6154869198799133,0.200982466340065,0.1677263230085373,-0.607132613658905,-0.5299232602119446,0.5678375959396362,119.413264,-49.533947,0.302733,4.803169
2026-08-05T11:58:50.631171,1785923930.631171,45.876472,0.7546728253364563,0.10256257653236389,-0.6163414716720581,0.2001829594373703,0.16890250146389008,-0.6068645119667053,-0.5306829214096069,0.567065417766571,119.227975,-49.284438,-30.000377,40.398255
2026-08-05T11:58:50.658076,1785923930.658076,45.902356,0.7542325854301453,0.10137587785720825,-0.6176730990409851,0.19833360612392426,0.17117151618003845,-0.6064634323120117,-0.5325192213058472,0.5650891661643982,118.855924,-48.916233,-14.373976,14.225385
2026-08-05T11:58:50.675527,1785923930.675528,45.920828,0.7542086243629456,0.09924231469631195,-0.618956983089447,0.1954808384180069,0.17317716777324677,-0.6058692932128906,-0.5358076691627502,0.5619985461235046,118.407640,-48.573068,-24.267744,18.577138
2026-08-05T11:58:50.691974,1785923930.691974,45.937275,0.7539964318275452,0.09701871126890182,-0.6205058693885803,0.19248193502426147,0.1748763471841812,-0.6052325367927551,-0.5397452712059021,0.5583789944648743,117.934203,-48.221373,-28.786286,21.384101
2026-08-05T11:58:50.708496,1785923930.708496,45.953797,0.7535631060600281,0.09600792080163956,-0.6220091581344604,0.18981538712978363,0.1770443469285965,-0.6045140027999878,-0.5434693098068237,0.5548506379127502,117.504727,-47.929319,-25.993949,17.676484
2026-08-05T11:58:50.758120,1785923930.758121,46.003421,0.7527421712875366,0.09583746641874313,-0.6238177418708801,0.18720580637454987,0.17997495830059052,-0.6035151481628418,-0.5469154119491577,0.551599383354187,117.057117,-47.520237,-9.019988,8.243592
2026-08-05T11:58:50.775035,1785923930.775036,46.020337,0.7514249086380005,0.09625988453626633,-0.626092791557312,0.18466942012310028,0.18281282484531403,-0.6020771861076355,-0.5511131882667542,0.5480482578277588,116.573302,-47.016538,-28.602180,29.777689
2026-08-05T11:58:50.779376,1785923930.779377,46.024678,0.7500517964363098,0.09657435119152069,-0.6284891963005066,0.18192614614963531,0.18484103679656982,-0.6002588272094727,-0.5570019483566284,0.5433892011642456,116.043518,-46.566142,-122.038413,103.750965
2026-08-05T11:58:50.791619,1785923930.791619,46.036920,0.7484361529350281,0.0951710119843483,-0.6317316293716431,0.1780480295419693,0.18718793988227844,-0.5982730984687805,-0.5640552639961243,0.5374679565429688,115.286874,-45.873715,-61.806836,56.561206
2026-08-05T11:58:50.808328,1785923930.808328,46.053629,0.7469297647476196,0.09266579151153564,-0.6354379653930664,0.17241767048835754,0.19177968800067902,-0.5960934162139893,-0.5709444880485535,0.5309574007987976,114.311857,-44.893751,-58.351631,58.647759
2026-08-05T11:58:50.824744,1785923930.824745,46.070045,0.7453820109367371,0.08977726101875305,-0.6392641663551331,0.16639472544193268,0.19866707921028137,-0.5938887596130371,-0.5772226452827454,0.5240627527236938,113.133644,-43.810002,-71.770921,66.016566
2026-08-05T11:58:50.841473,1785923930.841474,46.086775,0.7448065280914307,0.08885493129491806,-0.6416571736335754,0.1601380705833435,0.20582334697246552,-0.5918540954589844,-0.5837225317955017,0.5163465142250061,112.172289,-43.263470,-57.465948,32.669503
2026-08-05T11:58:50.858100,1785923930.858101,46.103402,0.7433667182922363,0.09053241461515427,-0.6445283889770508,0.15424980223178864,0.21269120275974274,-0.5897084474563599,-0.59115070104599,0.5074911117553711,111.332351,-42.920242,-50.516296,20.642710
2026-08-05T11:58:50.874311,1785923930.874311,46.118879,0.7415645122528076,0.0879090428352356,-0.6488125324249268,0.1462753862142563,0.22130843997001648,-0.5871517658233643,-0.5981859564781189,0.49844658374786377,110.007965,-41.793304,-85.567591,72.810679
2026-08-05T11:58:50.891266,1785923930.891266,46.136567,0.7397775650024414,0.08039028197526932,-0.6538769006729126,0.13679085671901703,0.23485276103019714,-0.5834736824035645,-0.6032086610794067,0.490450918674469,107.920483,-39.689928,-118.018213,118.916734
2026-08-05T11:58:50.907988,1785923930.907989,46.153290,0.737642765045166,0.07651058584451675,-0.6584517955780029,0.12833799421787262,0.25179845094680786,-0.5783871412277222,-0.6074463725090027,0.4827781319618225,105.769900,-37.695374,-128.602769,119.272397
2026-08-05T11:58:50.958244,1785923930.958245,46.203546,0.733774721622467,0.07786428928375244,-0.6637725830078125,0.12213977426290512,0.26590749621391296,-0.5727941989898682,-0.6143212914466858,0.4730848968029022,103.940872,-36.310340,-36.394391,27.559714
2026-08-05T11:58:50.974956,1785923930.974956,46.219953,0.7280028462409973,0.0828930214047432,-0.6702558398246765,0.11788925528526306,0.2749054431915283,-0.5674762725830078,-0.6242758631706238,0.4611695408821106,102.505867,-35.509799,-87.459054,48.790491
2026-08-05T11:58:50.991208,1785923930.991209,46.236509,0.7220298647880554,0.08837714791297913,-0.676999568939209,0.11195634305477142,0.2852761745452881,-0.561992347240448,-0.6325023174285889,0.45024770498275757,101.171541,-34.472609,-80.594628,62.647241
2026-08-05T11:58:51.008402,1785923931.008403,46.253704,0.7183529138565063,0.09118130803108215,-0.6819657683372498,0.1028483510017395,0.30414527654647827,-0.5546274781227112,-0.6353752017021179,0.4429249167442322,99.402946,-32.650500,-102.858106,105.970412
2026-08-05T11:58:51.024769,1785923931.024770,46.270071,0.7136004567146301,0.09529432654380798,-0.6874494552612305,0.09542899578809738,0.32977432012557983,-0.5447299480438232,-0.6351346373558044,0.4371754229068756,97.131595,-30.468251,-138.778618,133.334516
2026-08-05T11:58:51.041705,1785923931.041705,46.287006,0.7056035399436951,0.10201665014028549,-0.6951885223388672,0.09181170165538788,0.3509511947631836,-0.5342984199523926,-0.6393404006958008,0.4273199141025543,94.808702,-28.904629,-137.162426,92.328883
2026-08-05T11:58:51.058616,1785923931.058616,46.303917,0.6976728439331055,0.10711336880922318,-0.7027838230133057,0.08873718231916428,0.3627983629703522,-0.5261313915252686,-0.6498904228210449,0.4113461673259735,92.740895,-28.386744,-122.275617,30.624129
2026-08-05T11:58:51.074564,1785923931.074565,46.319865,0.693220317363739,0.10828210413455963,-0.7077336311340332,0.08266621083021164,0.3744603097438812,-0.5190711617469788,-0.6595487594604492,0.394132137298584,90.704923,-28.114526,-127.658899,17.068516
2026-08-05T11:58:51.082037,1785923931.082037,46.325939,0.6886709332466125,0.10905104875564575,-0.7127389311790466,0.0764441266655922,0.39446985721588135,-0.5091331601142883,-0.6635311245918274,0.3806617558002472,88.194096,-27.096183,-413.376149,167.657429
2026-08-05T11:58:51.085658,1785923931.085658,46.330959,0.6847618222236633,0.11233007907867432,-0.7163951396942139,0.07253661751747131,0.42074692249298096,-0.4950887858867645,-0.6637957692146301,0.37045150995254517,85.400897,-25.907173,-556.477805,236.881554
2026-08-05T11:58:51.123795,1785923931.123796,46.369096,0.6869626641273499,0.11066865175962448,-0.715009868144989,0.06779171526432037,0.44391366839408875,-0.4810177683830261,-0.6658554077148438,0.3580493628978729,82.457484,-25.285375,-77.179086,16.304152
2026-08-05T11:58:51.140252,1785923931.140252,46.385553,0.6858327984809875,0.10966921597719193,-0.7167429327964783,0.06233617663383484,0.4596490263938904,-0.47026166319847107,-0.6721018552780151,0.3403761386871338,79.898937,-25.129718,-155.470120,9.458478
2026-08-05T11:58:51.157215,1785923931.157215,46.402516,0.6804839968681335,0.11329774558544159,-0.7214748859405518,0.05982675030827522,0.47422704100608826,-0.46072477102279663,-0.677857518196106,0.32148227095603943,77.699223,-25.448757,-129.678952,-18.808166
2026-08-05T11:58:51.174466,1785923931.174466,46.419767,0.677706241607666,0.11686476320028305,-0.723649263381958,0.05821409076452255,0.49373430013656616,-0.44719576835632324,-0.680004358291626,0.3063275218009949,75.205101,-25.418659,-144.576267,1.744658
2026-08-05T11:58:51.178486,1785923931.178486,46.423787,0.6783537864685059,0.11796357482671738,-0.7230260968208313,0.05616065114736557,0.5162311792373657,-0.429764062166214,-0.6800134181976318,0.29392209649086,72.263148,-24.871516,-731.833653,136.106088
2026-08-05T11:58:51.182184,1785923931.182184,46.426702,0.6823638677597046,0.11341173946857452,-0.7202538251876831,0.052457358688116074,0.5348908305168152,-0.4132441282272339,-0.682158887386322,0.278891384601593,69.009170,-24.318266,-1116.323609,189.800296
2026-08-05T11:58:51.193475,1785923931.193475,46.438776,0.6815705299377441,0.11106088012456894,-0.7217289805412292,0.04726853221654892,0.5492154359817505,-0.39957889914512634,-0.6861131191253662,0.2606683373451233,66.254144,-23.951487,-228.182998,30.378204
2026-08-05T11:58:51.207977,1785923931.207977,46.453278,0.678124189376831,0.11558205634355545,-0.724198043346405,0.04822608828544617,0.5642597079277039,-0.38556021451950073,-0.6887610554695129,0.24199700355529785,63.892641,-24.551771,-162.836587,-41.392371
2026-08-05T11:58:51.224523,1785923931.224524,46.469825,0.6760525703430176,0.12140421569347382,-0.7248474955558777,0.05301184952259064,0.58195960521698,-0.3682495355606079,-0.6892520785331726,0.22504913806915283,61.308208,-25.292528,-156.192262,-44.768250
2026-08-05T11:58:51.241935,1785923931.241935,46.485712,0.6775513887405396,0.1273549646139145,-0.7222875952720642,0.054822176694869995,0.6003808975219727,-0.34810951352119446,-0.6888723373413086,0.2093263864517212,58.734314,-25.712052,-162.007511,-26.405908
2026-08-05T11:58:51.305579,1785923931.305579,46.550880,0.6775141358375549,0.13300707936286926,-0.7212452292442322,0.055580124258995056,0.6169280409812927,-0.32783448696136475,-0.6891307234764099,0.19241465628147125,56.206611,-26.005343,-38.787688,-4.500553
2026-08-05T11:58:51.322346,1785923931.322346,46.567647,0.6770658493041992,0.13747161626815796,-0.7208260893821716,0.05561869964003563,0.6307840943336487,-0.3091733753681183,-0.6903810501098633,0.172908216714859,53.788919,-26.476407,-144.191191,-28.094284
2026-08-05T11:58:51.340136,1785923931.340136,46.585437,0.6774929761886597,0.14321689307689667,-0.7192867994308472,0.0558476597070694,0.6442793011665344,-0.2911269962787628,-0.6906944513320923,0.15195555984973907,51.659146,-27.323429,-119.718522,-47.612667
2026-08-05T11:58:51.357105,1785923931.357106,46.602407,0.6781888604164124,0.15026645362377167,-0.7170201539993286,0.057983506470918655,0.6587872505187988,-0.2710401713848114,-0.6894047260284424,0.1313696801662445,49.542428,-28.261551,-124.733499,-55.281461
2026-08-05T11:58:51.374909,1785923931.374910,46.620211,0.6788071990013123,0.15639761090278625,-0.7148534059524536,0.06119989976286888,0.6734995245933533,-0.24851025640964508,-0.6871546506881714,0.11162204295396805,47.201948,-28.917806,-131.458819,-36.860178
2026-08-05T11:58:51.390965,1785923931.390965,46.636266,0.6820102334022522,0.1748063713312149,-0.7065651416778564,0.07120919227600098,0.6872563362121582,-0.22471974790096283,-0.6845902800559998,0.09228233247995377,46.231910,-31.217947,-60.417465,-143.261156
2026-08-05T11:58:51.397154,1785923931.397154,46.642455,0.6837937235832214,0.1824035495519638,-0.7026426196098328,0.07381445169448853,0.6997236013412476,-0.2004096359014511,-0.6817905902862549,0.07337836921215057,44.244440,-31.748633,-321.136130,-85.748355
2026-08-05T11:58:51.407620,1785923931.407620,46.652921,0.6845978498458862,0.1872711479663849,-0.700558602809906,0.07398105412721634,0.7108893394470215,-0.1764068901538849,-0.6786052584648132,0.0548810213804245,42.153305,-31.783278,-199.805347,-3.310256
2026-08-05T11:58:51.423891,1785923931.423892,46.669193,0.6840974688529968,0.19230195879936218,-0.6997039318084717,0.07379163801670074,0.7204713225364685,-0.15405453741550446,-0.6751516461372375,0.0368613600730896,40.439566,-31.874763,-105.320953,-5.622403
2026-08-05T11:58:51.440687,1785923931.440687,46.685988,0.6841506958007812,0.19767165184020996,-0.6981369853019714,0.07395081222057343,0.7284109592437744,-0.13373565673828125,-0.6716629862785339,0.020029472187161446,39.116742,-32.108717,-78.761085,-13.929625
2026-08-05T11:58:51.457462,1785923931.457463,46.702764,0.6850173473358154,0.2025892585515976,-0.6959118247032166,0.07359156757593155,0.7351117134094238,-0.114969402551651,-0.6681046485900879,0.00538628688082099,37.967480,-32.218307,-68.507942,-6.532730
2026-08-05T11:58:51.474648,1785923931.474648,46.719949,0.6843634843826294,0.2074098140001297,-0.6953446269035339,0.07158132642507553,0.7408171892166138,-0.09754183888435364,-0.6645553112030029,-0.0064676739275455475,36.976420,-32.058901,-57.668566,9.275618
2026-08-05T11:58:51.491274,1785923931.491274,46.736575,0.6840999722480774,0.21104077994823456,-0.6949292421340942,0.06739886850118637,0.7454431653022766,-0.08224999904632568,-0.6612929105758667,-0.015534630976617336,35.982353,-31.579541,-59.791159,28.832611
2026-08-05T11:58:51.508119,1785923931.508120,46.753421,0.6838439106941223,0.21402277052402496,-0.6947183012962341,0.06259801238775253,0.7489185929298401,-0.07051175832748413,-0.6585074663162231,-0.022739281877875328,35.232125,-31.134332,-44.534676,26.428222
2026-08-05T11:58:51.524118,1785923931.524118,46.769419,0.6839105486869812,0.2151307612657547,-0.6947188973426819,0.057887159287929535,0.7510372400283813,-0.06262174248695374,-0.656653881072998,-0.02876358851790428,34.625295,-30.736001,-37.930730,24.898282
2026-08-05T11:58:51.541960,1785923931.541960,46.787261,0.6848807334899902,0.21341930329799652,-0.6946321725845337,0.05363726243376732,0.7522101402282715,-0.05766312777996063,-0.6555274128913879,-0.033742506057024,33.959381,-30.263546,-37.322728,26.479831
2026-08-05T11:58:51.548037,1785923931.548037,46.793338,0.6850730776786804,0.2120891660451889,-0.6950045228004456,0.05159372091293335,0.7532041072845459,-0.053891729563474655,-0.6545218229293823,-0.03715856000781059,33.509182,-29.964987,-74.081756,49.128932
2026-08-05T11:58:51.559691,1785923931.559692,46.802973,0.6853382587432861,0.21230193972587585,-0.694654107093811,0.05191558972001076,0.7542037963867188,-0.050835732370615005,-0.6535162925720215,-0.03884395211935043,33.311856,-29.906511,-20.479697,6.068989
2026-08-05T11:58:51.574509,1785923931.574510,46.819810,0.685309886932373,0.21219584345817566,-0.6946718692779541,0.05248187482357025,0.7547438740730286,-0.04896850511431694,-0.6530031561851501,-0.039382196962833405,33.169566,-29.836900,-8.450968,4.134356
2026-08-05T11:58:51.591218,1785923931.591219,46.836519,0.6863998174667358,0.21024571359157562,-0.6941998600959778,0.05233163386583328,0.7547450065612793,-0.048405423760414124,-0.6530636548995972,-0.03905044123530388,32.849132,-29.573462,-19.177242,15.766159
2026-08-05T11:58:51.607850,1785923931.607850,46.853151,0.6870672702789307,0.20669950544834137,-0.6945828795433044,0.05261945351958275,0.7547340393066406,-0.04815555736422539,-0.6531617045402527,-0.03791423887014389,32.406019,-29.161873,-26.643192,24.747765
2026-08-05T11:58:51.625110,1785923931.625111,46.870411,0.6875320076942444,0.2038830816745758,-0.6947502493858337,0.055260442197322845,0.754899263381958,-0.0474291555583477,-0.6531186103820801,-0.03624730557203293,32.067783,-28.914790,-19.595914,14.314883
2026-08-05T11:58:51.641735,1785923931.641736,46.887037,0.6882772445678711,0.20275092124938965,-0.6939895749092102,0.05954178422689438,0.7550086975097656,-0.04667118564248085,-0.6531469821929932,-0.03439372405409813,31.933383,-28.923930,-8.084024,-0.549768
2026-08-05T11:58:51.658126,1785923931.658127,46.903427,0.6891242265701294,0.20182056725025177,-0.6930713057518005,0.06347053498029709,0.7547416687011719,-0.04675712063908577,-0.6535536050796509,-0.03234907612204552,31.867311,-28.973627,-4.031091,-3.032016
2026-08-05T11:58:51.674920,1785923931.674921,46.920221,0.6892908215522766,0.19951562583446503,-0.6933844089508057,0.06549686193466187,0.7540836930274963,-0.04850952699780464,-0.6543050408363342,-0.029825402423739433,31.760394,-28.852139,-6.366405,7.234043
2026-08-05T11:58:51.691745,1785923931.691745,46.937046,0.688740074634552,0.19675427675247192,-0.6947106122970581,0.06559155881404877,0.7529117465019226,-0.05244002491235733,-0.6554802656173706,-0.026831427589058876,31.753837,-28.680221,-0.389698,10.218143
2026-08-05T11:58:51.707439,1785923931.707440,46.952741,0.6886460781097412,0.1934497058391571,-0.6957616806030273,0.0652661919593811,0.750909686088562,-0.05913973227143288,-0.657326877117157,-0.023640919476747513,31.913259,-28.629493,10.157741,3.232216
2026-08-05T11:58:51.724621,1785923931.724621,46.969922,0.6883628368377686,0.19034165143966675,-0.6969346404075623,0.06487654149532318,0.7479888200759888,-0.06879372894763947,-0.6598246693611145,-0.020301736891269684,32.384847,-28.812708,27.447969,-10.663698
2026-08-05T11:58:51.741745,1785923931.741746,46.987047,0.6870545148849487,0.18603646755218506,-0.6996008157730103,0.062492579221725464,0.7438827157020569,-0.08162388205528259,-0.6630964279174805,-0.016719389706850052,33.023809,-28.961060,37.311909,-8.662987
2026-08-05T11:58:51.774678,1785923931.774678,47.019979,0.685922384262085,0.17992675304412842,-0.7027013301849365,0.05786002427339554,0.738379955291748,-0.09738466143608093,-0.6671984791755676,-0.012575922533869743,33.701753,-28.952925,20.585843,0.247019
2026-08-05T11:58:51.791372,1785923931.791372,47.036673,0.6846950650215149,0.1721450835466385,-0.706238865852356,0.05277831107378006,0.7318229079246521,-0.11502942442893982,-0.6716750264167786,-0.007513049058616161,34.414847,-28.826070,42.716012,7.598926
2026-08-05T11:58:51.808212,1785923931.808213,47.053514,0.6822819113731384,0.16490676999092102,-0.7105405330657959,0.04928971081972122,0.7248564958572388,-0.13281451165676117,-0.6759751439094543,-0.0011277737794443965,35.307577,-28.755523,53.011008,4.189169
2026-08-05T11:58:51.824784,1785923931.824784,47.070085,0.6800410151481628,0.1600647121667862,-0.7138983607292175,0.04767678305506706,0.7174729108810425,-0.14999906718730927,-0.6802126169204712,0.006645183078944683,36.455556,-28.874848,69.274227,-7.200650
2026-08-05T11:58:51.841731,1785923931.841731,47.087032,0.6778770685195923,0.15708701312541962,-0.7165808081626892,0.048150304704904556,0.7099784016609192,-0.16587159037590027,-0.6842171549797058,0.016268614679574966,37.723385,-29.059703,74.812336,-10.907956
2026-08-05T11:58:51.848326,1785923931.848327,47.092397,0.6758977770805359,0.15465790033340454,-0.7188566327095032,0.049885936081409454,0.7026199698448181,-0.18032978475093842,-0.6877652406692505,0.028030797839164734,38.941270,-29.100451,226.999990,-7.594994
2026-08-05T11:58:51.851259,1785923931.851259,47.095768,0.6738367676734924,0.1528921127319336,-0.7209856510162354,0.05242129787802696,0.69576495885849,-0.19334052503108978,-0.690484344959259,0.041981808841228485,40.130862,-28.961663,352.864835,41.168282
2026-08-05T11:58:51.859846,1785923931.859846,47.103132,0.6719406843185425,0.15126526355743408,-0.7228990197181702,0.05506134033203125,0.689189076423645,-0.20529280602931976,-0.6925565004348755,0.05691371485590935,41.277168,-28.674376,155.657733,39.010951
2026-08-05T11:58:51.874331,1785923931.874332,47.119633,0.6711615920066833,0.14852309226989746,-0.7240041494369507,0.05745554342865944,0.6824911832809448,-0.2168506383895874,-0.6942765712738037,0.07184843719005585,42.299239,-28.259580,61.942802,25.138771
2026-08-05T11:58:51.891372,1785923931.891373,47.136674,0.6699624061584473,0.14596392214298248,-0.7254809737205505,0.05935008078813553,0.6754055023193359,-0.2288609743118286,-0.6957481503486633,0.08593633770942688,43.458738,-27.912771,68.041865,20.351500
2026-08-05T11:58:51.908214,1785923931.908214,47.153515,0.6681602001190186,0.14318333566188812,-0.7275989651679993,0.060501474887132645,0.6678139567375183,-0.24168504774570465,-0.6969772577285767,0.0991763323545456,44.747233,-27.597462,76.508656,18.722498
2026-08-05T11:58:51.924664,1785923931.924664,47.169965,0.6664305329322815,0.14022265374660492,-0.7297102212905884,0.06108320876955986,0.6596299409866333,-0.25542929768562317,-0.6980182528495789,0.11142335087060928,46.166132,-27.375865,86.253128,13.470630
2026-08-05T11:58:51.941352,1785923931.941352,47.186653,0.6645581722259521,0.13700060546398163,-0.7320827841758728,0.06040108576416969,0.651091992855072,-0.26935049891471863,-0.698708176612854,0.12384190410375595,47.651150,-27.014224,88.989124,21.671211
2026-08-05T11:58:51.958311,1785923931.958311,47.203612,0.6632463932037354,0.1311340481042862,-0.7345447540283203,0.057897649705410004,0.6418920755386353,-0.2835756838321686,-0.6992971897125244,0.13617384433746338,48.962989,-26.311117,77.352674,41.458729
2026-08-05T11:58:51.974813,1785923931.974813,47.220114,0.6626833081245422,0.1274452805519104,-0.735826313495636,0.05628717690706253,0.6314379572868347,-0.29881444573402405,-0.6999651789665222,0.14847637712955475,50.683534,-25.998482,104.263445,18.945386
2026-08-05T11:58:51.991536,1785923931.991537,47.236837,0.6614429950714111,0.12706731259822845,-0.737072765827179,0.05541584640741348,0.6199727654457092,-0.314660906791687,-0.7003477811813354,0.16166554391384125,52.916471,-25.984524,133.521755,0.834677
2026-08-05T11:58:52.007423,1785923932.007423,47.252724,0.6597931981086731,0.12665598094463348,-0.7387112379074097,0.05419548973441124,0.6078733205795288,-0.33038657903671265,-0.7001298666000366,0.1765025407075882,55.254170,-25.753235,147.147376,14.558552
2026-08-05T11:58:52.023888,1785923932.023889,47.268462,0.6598535180091858,0.12344202399253845,-0.7393537759780884,0.05207151547074318,0.5952416062355042,-0.34574609994888306,-0.6993223428726196,0.19260285794734955,57.394753,-25.145543,136.013603,38.613023
2026-08-05T11:58:52.042280,1785923932.042281,47.286701,0.6609131097793579,0.12007955461740494,-0.7390390038490295,0.05095215141773224,0.5814506411552429,-0.36133354902267456,-0.6982311606407166,0.20934882760047913,59.641317,-24.641027,123.173503,27.661333
2026-08-05T11:58:52.057983,1785923932.057983,47.303284,0.6608633995056152,0.11820954829454422,-0.7392992973327637,0.05218058079481125,0.5657814741134644,-0.377867192029953,-0.6970087289810181,0.2264663577079773,62.181229,-24.450289,153.166136,11.502203
2026-08-05T11:58:52.091231,1785923932.091232,47.336533,0.6581317186355591,0.11864511668682098,-0.7414409518241882,0.05524037778377533,0.5476358532905579,-0.3954593241214752,-0.695701539516449,0.24434956908226013,65.122517,-24.435749,88.462685,0.437308
2026-08-05T11:58:52.108129,1785923932.108129,47.353430,0.6548738479614258,0.11943703889846802,-0.7439247369766235,0.0587468147277832,0.5283714532852173,-0.41342392563819885,-0.693044900894165,0.26380568742752075,68.271723,-24.314428,186.374431,7.179972
2026-08-05T11:58:52.124748,1785923932.124749,47.370049,0.65293949842453,0.11948808282613754,-0.7451950907707214,0.0638514831662178,0.5090281963348389,-0.43097350001335144,-0.6888536214828491,0.28395983576774597,71.351622,-24.261062,185.319016,3.211055
2026-08-05T11:58:52.141459,1785923932.141460,47.386760,0.6540232300758362,0.1176183819770813,-0.7441419959068298,0.06835594773292542,0.48970508575439453,-0.44758009910583496,-0.6832484602928162,0.3050128221511841,74.326429,-24.091771,178.014928,10.130520
2026-08-05T11:58:52.147388,1785923932.147389,47.392689,0.6576787829399109,0.11659466475248337,-0.7405369281768799,0.07395623624324799,0.4711992144584656,-0.4627889096736908,-0.6761264204978943,0.32657527923583984,77.334519,-24.211514,507.352644,-20.196130
2026-08-05T11:58:52.157215,1785923932.157216,47.402517,0.6630597710609436,0.11304091662168503,-0.735536515712738,0.08099199086427689,0.45226114988327026,-0.47732338309288025,-0.6685126423835754,0.3474387228488922,80.048196,-24.491761,276.141145,-28.517718
2026-08-05T11:58:52.173322,1785923932.173322,47.418623,0.6697227954864502,0.10639485716819763,-0.7296867370605469,0.08780176937580109,0.4313298165798187,-0.49162358045578003,-0.6615084409713745,0.366971492767334,82.562603,-24.832959,156.114894,-21.184379
2026-08-05T11:58:52.190957,1785923932.190957,47.436258,0.6766006946563721,0.1043747216463089,-0.7223591804504395,0.09754385054111481,0.40981635451316833,-0.5057777166366577,-0.6539974212646484,0.38539257645606995,85.469180,-26.120192,164.815424,-72.991643
2026-08-05T11:58:52.206454,1785923932.206454,47.451755,0.6848372220993042,0.10228119045495987,-0.7133298516273499,0.10815337300300598,0.3889394700527191,-0.5188609957695007,-0.6452428102493286,0.40394511818885803,88.344325,-27.687709,185.529507,-101.149894
2026-08-05T11:58:52.226403,1785923932.226404,47.471705,0.6962500810623169,0.09688784182071686,-0.7014734148979187,0.11740294843912125,0.36886537075042725,-0.5302053093910217,-0.6360546946525574,0.4222031533718109,90.954026,-29.315780,130.814222,-81.608876
2026-08-05T11:58:52.240703,1785923932.240703,47.486004,0.7111005187034607,0.08981173485517502,-0.6861258149147034,0.1245047077536583,0.3490922152996063,-0.5405449271202087,-0.6265872716903687,0.4396984875202179,93.630294,-31.352746,187.165824,-142.456003
2026-08-05T11:58:52.257750,1785923932.257751,47.503052,0.7242041230201721,0.08652496337890625,-0.6712736487388611,0.1320367306470871,0.32846957445144653,-0.549971878528595,-0.6179774403572083,0.4557885527610779,96.588506,-33.833792,173.523691,-145.533974
2026-08-05T11:58:52.274484,1785923932.274485,47.519785,0.7335596084594727,0.0878162607550621,-0.6591922640800476,0.1401585340499878,0.3081161081790924,-0.558645486831665,-0.6094496846199036,0.47069236636161804,99.716747,-36.406474,186.940548,-153.740873
2026-08-05T11:58:52.290811,1785923932.290811,47.536112,0.7413941025733948,0.0912628024816513,-0.648304283618927,0.14733484387397766,0.28945615887641907,-0.5661435723304749,-0.6005106568336487,0.48485472798347473,102.828874,-38.908082,190.618984,-153.224449
2026-08-05T11:58:52.307594,1785923932.307595,47.552895,0.7462916970252991,0.09643235802650452,-0.640451192855835,0.1535322666168213,0.27263498306274414,-0.5724673271179199,-0.5918259024620056,0.4976883828639984,105.728220,-40.986785,172.750031,-123.854129
2026-08-05T11:58:52.323109,1785923932.323110,47.568410,0.747238278388977,0.1011650338768959,-0.6367762088775635,0.16098634898662567,0.2569926381111145,-0.5773074626922607,-0.5842589139938354,0.5092276334762573,108.018847,-42.271680,147.638678,-82.815865
2026-08-05T11:58:52.340894,1785923932.340894,47.586195,0.7497907280921936,0.1048399806022644,-0.6312198638916016,0.1684759110212326,0.24179786443710327,-0.5808226466178894,-0.5779615044593811,0.5197497010231018,110.109940,-43.779588,117.578864,-84.787295
2026-08-05T11:58:52.357784,1785923932.357785,47.603086,0.753124475479126,0.10857568681240082,-0.6237270832061768,0.17882822453975677,0.22593848407268524,-0.5838644504547119,-0.572506308555603,0.529425323009491,112.091603,-45.884415,117.323951,-124.615840
2026-08-05T11:58:52.389661,1785923932.389661,47.634962,0.7542787194252014,0.11435055732727051,-0.6180577278137207,0.18971604108810425,0.2093871533870697,-0.5873746275901794,-0.5666846632957458,0.5385320782661438,114.199023,-47.967058,66.112375,-65.335088
2026-08-05T11:58:52.405282,1785923932.405282,47.650583,0.7539036273956299,0.12071806937456131,-0.6143916249275208,0.19894595444202423,0.1908034086227417,-0.5915557146072388,-0.560851514339447,0.546902060508728,116.552778,-49.889240,150.677126,-123.049735
2026-08-05T11:58:52.440205,1785923932.440205,47.685506,0.756675124168396,0.12080157548189163,-0.6081305146217346,0.20742982625961304,0.16911710798740387,-0.5958907008171082,-0.5557885766029358,0.5544485449790955,118.807752,-52.215790,64.569743,-66.619253
2026-08-05T11:58:52.443833,1785923932.443833,47.688416,0.7575019598007202,0.11932870745658875,-0.6034139394760132,0.21873117983341217,0.14886818826198578,-0.5997264981269836,-0.5497267842292786,0.5621094703674316,120.546137,-54.084192,597.354843,-642.032271
2026-08-05T11:58:52.457370,1785923932.457370,47.702671,0.7580753564834595,0.11555436253547668,-0.600111722946167,0.22767259180545807,0.13533271849155426,-0.6026953458786011,-0.5414502024650574,0.5703290700912476,121.617388,-54.934219,75.151412,-59.631939
2026-08-05T11:58:52.474163,1785923932.474164,47.719464,0.7596158981323242,0.10883080214262009,-0.5973016023635864,0.2331750988960266,0.12742450833320618,-0.604793131351471,-0.5327329635620117,0.5780866742134094,122.109836,-55.049668,29.323748,-6.874631
2026-08-05T11:58:52.491156,1785923932.491156,47.736457,0.7608582377433777,0.10480952262878418,-0.5950055718421936,0.2368084341287613,0.12219788879156113,-0.6058605909347534,-0.5261074304580688,0.5841336250305176,122.519473,-55.092965,24.106525,-2.547949
2026-08-05T11:58:52.524697,1785923932.524698,47.769998,0.7607598304748535,0.10422779619693756,-0.5946388244628906,0.23829787969589233,0.11806642264127731,-0.6064059138298035,-0.5223088264465332,0.5878146886825562,122.984739,-55.020510,13.871454,2.160175
2026-08-05T11:58:52.541030,1785923932.541030,47.786331,0.7603984475135803,0.10546194761991501,-0.5951154232025146,0.23771782219409943,0.11579778790473938,-0.6069791316986084,-0.5199395418167114,0.589771568775177,123.455414,-54.962285,28.817693,3.564926
2026-08-05T11:58:52.557952,1785923932.557952,47.803253,0.7601388096809387,0.10564463585615158,-0.596341073513031,0.23538410663604736,0.11772170662879944,-0.6071745157241821,-0.518683910369873,0.5902950763702393,123.463720,-54.524278,0.490849,25.884249
2026-08-05T11:58:52.574414,1785923932.574415,47.819715,0.7601460814476013,0.10579142719507217,-0.5978397130966187,0.2314605563879013,0.12195680290460587,-0.6065245270729065,-0.5196507573127747,0.5892521142959595,123.203646,-53.927501,-15.797919,36.250505
2026-08-05T11:58:52.591641,1785923932.591641,47.836942,0.7586939930915833,0.10695105791091919,-0.6011302471160889,0.22712908685207367,0.12586653232574463,-0.6050240993499756,-0.5233343243598938,0.5867069959640503,122.807245,-53.005266,-23.011175,53.535997
2026-08-05T11:58:52.602065,1785923932.602065,47.847366,0.7573144435882568,0.10875764489173889,-0.604371190071106,0.22222082316875458,0.12994161248207092,-0.6034302711486816,-0.5280562043190002,0.5832189321517944,122.430005,-52.216623,-36.189915,75.657188
2026-08-05T11:58:52.607108,1785923932.607109,47.851746,0.7556371092796326,0.1115201860666275,-0.6078611016273499,0.2169814258813858,0.13546611368656158,-0.6021116375923157,-0.53175288438797,0.5799566507339478,122.068436,-51.373246,-82.554568,192.562864
2026-08-05T11:58:52.613704,1785923932.613704,47.858276,0.7542176246643066,0.11352960020303726,-0.6113241910934448,0.21106842160224915,0.14284470677375793,-0.600973904132843,-0.5342864990234375,0.5770303606987,121.591731,-50.381069,-72.996556,151.929151
2026-08-05T11:58:52.625020,1785923932.625020,47.870321,0.7527787685394287,0.11410785466432571,-0.6152763962745667,0.20430003106594086,0.15112371742725372,-0.5997135043144226,-0.5370842218399048,0.5736258625984192,120.927050,-49.157916,-55.185756,101.553436
2026-08-05T11:58:52.641206,1785923932.641206,47.886507,0.7518906593322754,0.11195142567157745,-0.619191586971283,0.19679777324199677,0.159339040517807,-0.5978842377662659,-0.5419228672981262,0.56874018907547,119.953380,-47.827985,-60.153269,82.163100
2026-08-05T11:58:52.657951,1785923932.657952,47.903253,0.7523811459541321,0.10907628387212753,-0.6216973066329956,0.18846113979816437,0.16630704700946808,-0.5957974791526794,-0.548562228679657,0.562536358833313,119.045702,-46.910226,-54.204115,54.806090
2026-08-05T11:58:52.674686,1785923932.674686,47.919987,0.7511174082756042,0.10850447416305542,-0.6254958510398865,0.18112017214298248,0.1732589453458786,-0.5943756103515625,-0.5548237562179565,0.55576092004776,118.226252,-46.039128,-48.968809,52.055207
2026-08-05T11:58:52.707742,1785923932.707743,47.953044,0.7489269971847534,0.10901463031768799,-0.6300647258758545,0.17390504479408264,0.18129341304302216,-0.5935261845588684,-0.5596649050712585,0.5492131114006042,117.441676,-45.093583,-23.734054,28.603467
2026-08-05T11:58:52.724335,1785923932.724336,47.969637,0.7461901307106018,0.10906091332435608,-0.6350699663162231,0.16730952262878418,0.19057437777519226,-0.5924168229103088,-0.5637617707252502,0.5430440902709961,116.464195,-43.921367,-58.909280,70.645349
2026-08-05T11:58:52.741321,1785923932.741322,47.986623,0.7433170676231384,0.10705583542585373,-0.6399279236793518,0.1628226935863495,0.1998874843120575,-0.5904449820518494,-0.5684948563575745,0.5368742346763611,115.097744,-42.615962,-80.445106,76.851188
2026-08-05T11:58:52.746607,1785923932.746608,47.991909,0.7420753836631775,0.10231626778841019,-0.6433502435684204,0.15797528624534607,0.2069932222366333,-0.5881262421607971,-0.5753592252731323,0.5293616056442261,113.647954,-41.613467,-274.283345,189.660411
2026-08-05T11:58:52.824832,1785923932.824832,48.070133,0.7418889999389648,0.09782020002603531,-0.6456223726272583,0.15232926607131958,0.211294487118721,-0.5863980650901794,-0.5834837555885315,0.5206142067909241,112.522062,-41.147124,-14.393048,5.961576
2026-08-05T11:58:52.841126,1785923932.841126,48.086427,0.7405766248703003,0.09664712101221085,-0.6484801173210144,0.14723873138427734,0.21786528825759888,-0.5851646661758423,-0.5891455411911011,0.5128596425056458,111.562602,-40.700387,-58.884266,27.417305
2026-08-05T11:58:52.858029,1785923932.858029,48.103330,0.737133800983429,0.09814254194498062,-0.6535288691520691,0.1410743147134781,0.23081356287002563,-0.5831673741340637,-0.5906516909599304,0.5077122449874878,110.424229,-39.357852,-67.348633,79.427312
2026-08-05T11:58:52.874685,1785923932.874686,48.119987,0.7321859002113342,0.10019910335540771,-0.6601453423500061,0.13443313539028168,0.24841070175170898,-0.5796753168106079,-0.5902724862098694,0.5038328170776367,108.930427,-37.284177,-89.680833,124.493645
2026-08-05T11:58:52.891251,1785923932.891252,48.136553,0.7268844246864319,0.10067103803157806,-0.666869044303894,0.12957608699798584,0.280897319316864,-0.5687591433525085,-0.5978947877883911,0.49003279209136963,104.945855,-35.055704,-240.529962,134.522484
2026-08-05T11:58:52.899308,1785923932.899308,48.143631,0.7221927642822266,0.09781462699174881,-0.6732780933380127,0.1247660294175148,0.30569565296173096,-0.5583853125572205,-0.6144645810127258,0.4660361111164093,100.713740,-34.163914,-597.850529,125.978822
2026-08-05T11:58:52.907476,1785923932.907477,48.152777,0.7192407846450806,0.09167560189962387,-0.6786066889762878,0.11739422380924225,0.3237556517124176,-0.5522329211235046,-0.6192443370819092,0.45470649003982544,98.034005,-32.474108,-292.996101,184.759596
2026-08-05T11:58:52.913025,1785923932.913025,48.157383,0.715484082698822,0.09018967300653458,-0.6839509606361389,0.11027100682258606,0.34413424134254456,-0.5447416305541992,-0.6229950189590454,0.44351547956466675,95.541737,-30.961628,-541.146476,328.405122
2026-08-05T11:58:52.924243,1785923932.924244,48.169545,0.7095389366149902,0.0933191329240799,-0.6905655860900879,0.10471560806035995,0.36301326751708984,-0.5366299152374268,-0.6283349394798279,0.43063342571258545,93.293475,-29.860729,-184.863713,90.521527
2026-08-05T11:58:52.941238,1785923932.941239,48.186539,0.7044273018836975,0.09747493267059326,-0.6957862377166748,0.1008090004324913,0.3785288333892822,-0.5290527939796448,-0.6360333561897278,0.4150673747062683,91.232240,-29.613794,-121.286768,14.530137
2026-08-05T11:58:52.956956,1785923932.956956,48.202257,0.700258731842041,0.0992126613855362,-0.7003920674324036,0.09615428745746613,0.39276695251464844,-0.5218173861503601,-0.6443547010421753,0.39780429005622864,89.070535,-29.506543,-137.534871,6.823616
2026-08-05T11:58:52.973655,1785923932.973656,48.217941,0.6961316466331482,0.09591937065124512,-0.7058568596839905,0.08925551921129227,0.4085044860839844,-0.5139929056167603,-0.6511583924293518,0.38069483637809753,86.449223,-28.696962,-167.134045,51.618653
2026-08-05T11:58:52.991366,1785923932.991366,48.236667,0.6920344829559326,0.09638071805238724,-0.7104067206382751,0.0843878909945488,0.4264410138130188,-0.5047852993011475,-0.6559195518493652,0.36484217643737793,83.987453,-28.187141,-131.460252,27.224792
2026-08-05T11:58:53.008013,1785923933.008014,48.252292,0.687044084072113,0.09892238676548004,-0.7152462005615234,0.0812886580824852,0.4458481967449188,-0.4941052198410034,-0.6590160131454468,0.3503964841365814,81.549833,-27.674353,-156.007650,32.818435
2026-08-05T11:58:53.024086,1785923933.024087,48.269387,0.6807518601417542,0.10279206931591034,-0.7209118008613586,0.07935433834791183,0.4671638309955597,-0.4813922345638275,-0.6603244543075562,0.3376263678073883,79.046416,-26.935563,-146.438708,43.215926
2026-08-05T11:58:53.041132,1785923933.041132,48.286433,0.6756227612495422,0.10830247402191162,-0.7248656749725342,0.07984035462141037,0.4896183907985687,-0.4660029411315918,-0.6610636115074158,0.3257458508014679,76.462814,-26.439412,-151.573046,29.107858
2026-08-05T11:58:53.046480,1785923933.046480,48.291781,0.672997236251831,0.11403851211071014,-0.726111650466919,0.08265555649995804,0.5083478689193726,-0.45094460248947144,-0.6641833186149597,0.3115962743759155,73.984312,-26.775423,-463.406100,-62.824029
2026-08-05T11:58:53.057319,1785923933.057319,48.302620,0.6723082065582275,0.11745426803827286,-0.725827693939209,0.08590934425592422,0.5206045508384705,-0.4391743838787079,-0.6705762147903442,0.2939808666706085,71.729531,-27.811030,-208.029676,-95.546788
2026-08-05T11:58:53.072892,1785923933.072892,48.318193,0.673075795173645,0.11529308557510376,-0.7254910469055176,0.08566998690366745,0.5310020446777344,-0.42919233441352844,-0.6767374873161316,0.2754221260547638,69.331544,-28.418222,-153.981023,-38.989357
2026-08-05T11:58:53.091134,1785923933.091134,48.336435,0.6721915602684021,0.11755921691656113,-0.7259973287582397,0.08524322509765625,0.5464797019958496,-0.41576912999153137,-0.6788997054100037,0.25998374819755554,67.079536,-28.649970,-123.455855,-12.704544
2026-08-05T11:58:53.107142,1785923933.107142,48.352443,0.6704887747764587,0.12052453309297562,-0.7269834280014038,0.0861048772931099,0.5670672059059143,-0.39674538373947144,-0.6779748797416687,0.24774648249149323,64.311806,-28.196962,-172.890001,28.297805
2026-08-05T11:58:53.123971,1785923933.123972,48.369273,0.6713870763778687,0.12411747872829437,-0.7252963781356812,0.08820268511772156,0.5882605910301208,-0.3743981719017029,-0.6768245100975037,0.2359759509563446,61.323503,-27.806080,-177.563497,23.225982
2026-08-05T11:58:53.140817,1785923933.140817,48.386118,0.6725641489028931,0.1280619353055954,-0.7230710387229919,0.09179440885782242,0.6069106459617615,-0.3514794707298279,-0.6773686408996582,0.22202223539352417,58.301552,-27.753673,-179.392537,3.111050
2026-08-05T11:58:53.157281,1785923933.157281,48.402582,0.6754478812217712,0.12859228253364563,-0.7200294137001038,0.09376540780067444,0.6228193044662476,-0.32951486110687256,-0.6793209314346313,0.2050359696149826,55.085783,-27.714407,-195.321341,2.384976
2026-08-05T11:58:53.191262,1785923933.191262,48.436563,0.678919792175293,0.12918974459171295,-0.7166390419006348,0.09384270757436752,0.6376603841781616,-0.3081691563129425,-0.681119978427887,0.18573319911956787,52.036412,-27.802549,-89.738572,-2.593899
2026-08-05T11:58:53.197095,1785923933.197095,48.442396,0.6813692450523376,0.13131844997406006,-0.7141979932785034,0.09172157943248749,0.6531632542610168,-0.28569141030311584,-0.6812276244163513,0.1663961261510849,49.176360,-27.686296,-490.290029,19.928881
2026-08-05T11:58:53.207247,1785923933.207247,48.452548,0.683735191822052,0.1331828385591507,-0.7119218707084656,0.08908426016569138,0.6694211959838867,-0.26097744703292847,-0.6795644164085388,0.14818452298641205,46.163478,-27.209298,-296.781139,46.986229
2026-08-05T11:58:53.241976,1785923933.241976,48.486742,0.6854349970817566,0.13499988615512848,-0.7100939750671387,0.08786644041538239,0.6845394372940063,-0.2355305403470993,-0.6774852275848389,0.1301744133234024,43.153256,-26.730719,-88.034886,13.996209
2026-08-05T11:58:53.257625,1785923933.257625,48.502926,0.6861086487770081,0.141190305352211,-0.7080554962158203,0.08931887894868851,0.69753497838974,-0.21060670912265778,-0.6757241487503052,0.11174628138542175,40.800646,-26.906984,-145.363437,-10.891109
2026-08-05T11:58:53.274489,1785923933.274490,48.519790,0.6872686147689819,0.1511426568031311,-0.7045049071311951,0.09214458614587784,0.7089056372642517,-0.18626520037651062,-0.673789918422699,0.09362462908029556,39.092716,-27.579196,-101.273473,-39.859506
2026-08-05T11:58:53.290429,1785923933.290430,48.535730,0.6897583603858948,0.16109485924243927,-0.6996331214904785,0.0937843769788742,0.7188122272491455,-0.16283461451530457,-0.6715627908706665,0.07614243775606155,37.630586,-28.207232,-91.727361,-39.400105
2026-08-05T11:58:53.307730,1785923933.307730,48.553031,0.6903037428855896,0.16951733827590942,-0.6972972750663757,0.09231118857860565,0.7271437048912048,-0.1407206654548645,-0.6692870855331421,0.05928848311305046,36.294176,-28.444376,-77.246468,-13.707242
2026-08-05T11:58:53.324306,1785923933.324307,48.569607,0.690614640712738,0.17601871490478516,-0.6958686113357544,0.08852097392082214,0.73418128490448,-0.11994742602109909,-0.6668694019317627,0.043316200375556946,34.964217,-28.355429,-80.231414,5.365819
2026-08-05T11:58:53.340982,1785923933.340983,48.586283,0.6911231875419617,0.18109340965747833,-0.6946312189102173,0.08391474187374115,0.7403307557106018,-0.1003352701663971,-0.6640924215316772,0.028721172362565994,33.647820,-28.060068,-78.939870,17.711772
2026-08-05T11:58:53.347459,1785923933.349135,48.592760,0.6916163563728333,0.18382422626018524,-0.6939260363578796,0.07963790744543076,0.746058464050293,-0.08196114748716354,-0.6606285572052002,0.01579766534268856,32.271903,-27.547194,-212.443056,79.188400
2026-08-05T11:58:53.356933,1785923933.356934,48.602234,0.6925674676895142,0.18621830642223358,-0.6927505731582642,0.07595861703157425,0.7510149478912354,-0.06554790586233139,-0.6570110321044922,0.004101714119315147,31.107865,-27.115420,-122.862943,45.573277
2026-08-05T11:58:53.373031,1785923933.373032,48.618332,0.692768931388855,0.18749360740184784,-0.6926901340484619,0.07139888405799866,0.7546528577804565,-0.052339956164360046,-0.6539933085441589,-0.007277611643075943,30.196136,-26.741298,-56.636111,23.240197
2026-08-05T11:58:53.390453,1785923933.390454,48.634998,0.6926779747009277,0.18826988339424133,-0.6930380463600159,0.06670961529016495,0.7572293877601624,-0.04191148653626442,-0.6515609622001648,-0.017771709710359573,29.522416,-26.463964,-40.424952,16.640803
2026-08-05T11:58:53.408035,1785923933.408035,48.653336,0.6926403641700745,0.1897258311510086,-0.6930270791053772,0.06298501044511795,0.7595394849777222,-0.032692406326532364,-0.6491167545318604,-0.026054883375763893,29.022153,-26.245572,-27.280541,11.909453
2026-08-05T11:58:53.424316,1785923933.424316,48.669617,0.6938586831092834,0.1914050132036209,-0.691479504108429,0.061485156416893005,0.7614132165908813,-0.02440784126520157,-0.6470276713371277,-0.03177475929260254,28.563705,-26.078021,-28.158235,10.291119
2026-08-05T11:58:53.440877,1785923933.440877,48.686178,0.6944262385368347,0.19237244129180908,-0.6907511949539185,0.06023335084319115,0.762594997882843,-0.01879856362938881,-0.6456242799758911,-0.03557034581899643,28.246758,-25.924280,-19.138712,9.283530
2026-08-05T11:58:53.457446,1785923933.457446,48.702747,0.6957027912139893,0.19285066425800323,-0.6894465684890747,0.05890519917011261,0.7630629539489746,-0.016197454184293747,-0.6450167894363403,-0.03776736184954643,28.035392,-25.827931,-12.756372,5.814918
2026-08-05T11:58:53.474714,1785923933.474714,48.720015,0.696554958820343,0.19246281683444977,-0.6888526082038879,0.057022422552108765,0.7629214525222778,-0.016523120924830437,-0.6451317667961121,-0.03851260989904404,27.931122,-25.732566,-6.038403,5.522656
2026-08-05T11:58:53.490991,1785923933.490991,48.736292,0.6964940428733826,0.18977120518684387,-0.6898833513259888,0.054260313510894775,0.7621963620185852,-0.019611744210124016,-0.6459370255470276,-0.03791692852973938,27.804504,-25.484362,-7.779013,15.248889
2026-08-05T11:58:53.507284,1785923933.507285,48.752585,0.6968474388122559,0.18625487387180328,-0.6906470060348511,0.05214964598417282,0.7608251571655273,-0.025424908846616745,-0.6474597454071045,-0.035989005118608475,27.792362,-25.319222,-0.745190,10.135316
2026-08-05T11:58:53.540773,1785923933.540773,48.786074,0.6969285011291504,0.18437397480010986,-0.691044807434082,0.05247826874256134,0.7586126923561096,-0.03421295806765556,-0.6498080492019653,-0.03295811638236046,28.277285,-25.631077,14.480179,-9.312220
2026-08-05T11:58:53.557591,1785923933.557591,48.802892,0.6967208385467529,0.18234795331954956,-0.691688060760498,0.05382519215345383,0.755564272403717,-0.04579852893948555,-0.6528341770172119,-0.028867950662970543,29.035768,-26.145422,45.100611,-30.583812
2026-08-05T11:58:53.574374,1785923933.574375,48.819675,0.6958076357841492,0.17905530333518982,-0.693362295627594,0.055136602371931076,0.7514583468437195,-0.05930563434958458,-0.656668484210968,-0.02408951334655285,29.864168,-26.635881,49.357369,-29.222328
2026-08-05T11:58:53.591024,1785923933.591025,48.836326,0.693152666091919,0.17547421157360077,-0.696941077709198,0.0549677349627018,0.7467739582061768,-0.07408308982849121,-0.6606841087341309,-0.018375389277935028,30.808337,-27.006635,56.706182,-22.267222
2026-08-05T11:58:53.607457,1785923933.607457,48.852758,0.6917242407798767,0.16936646401882172,-0.6999179124832153,0.05429153889417648,0.7418813109397888,-0.08938700705766678,-0.6644516587257385,-0.011270827613770962,31.486447,-27.041742,41.267495,-2.136524
2026-08-05T11:58:53.623983,1785923933.623983,48.868269,0.690644383430481,0.16342858970165253,-0.7024303674697876,0.053788233548402786,0.7363845109939575,-0.10605927556753159,-0.6681915521621704,-0.00316640455275774,32.342310,-27.133151,55.175176,-5.892863
2026-08-05T11:58:53.646393,1785923933.646393,48.891694,0.6892982125282288,0.15711233019828796,-0.7052558064460754,0.052896518260240555,0.7297725081443787,-0.12491893023252487,-0.6721576452255249,0.0056850844994187355,33.429727,-27.268294,46.421950,-5.769292
2026-08-05T11:58:53.657204,1785923933.657204,48.902505,0.6876335144042969,0.15156151354312897,-0.7081815004348755,0.05165592581033707,0.7220854759216309,-0.14538007974624634,-0.6761749386787415,0.01566622592508793,34.830938,-27.472920,129.614375,-18.928243
2026-08-05T11:58:53.661488,1785923933.661489,48.906790,0.6849274039268494,0.1465430110692978,-0.7119658589363098,0.05004453286528587,0.7136171460151672,-0.16661491990089417,-0.6799011826515198,0.02693011797964573,36.472841,-27.629573,383.165940,-36.557571
2026-08-05T11:58:53.674169,1785923933.674170,48.919471,0.6824421882629395,0.14119970798492432,-0.7155689001083374,0.04792175814509392,0.7049968242645264,-0.18732255697250366,-0.6828652024269104,0.039819397032260895,38.106834,-27.536612,128.855993,7.330904
2026-08-05T11:58:53.690874,1785923933.690875,48.936175,0.6800124049186707,0.1362990289926529,-0.7189021706581116,0.046749867498874664,0.6967126727104187,-0.20697538554668427,-0.6847149729728699,0.05402762070298195,39.785545,-27.359590,100.492722,10.597066
2026-08-05T11:58:53.724421,1785923933.724421,48.969722,0.6775823831558228,0.13207630813121796,-0.7220056653022766,0.04632337763905525,0.6882396936416626,-0.22624723613262177,-0.6859219074249268,0.06819166988134384,41.590464,-27.266620,53.803211,2.771367
2026-08-05T11:58:53.741000,1785923933.741000,48.985019,0.6753749251365662,0.12745517492294312,-0.7249366641044617,0.04572531208395958,0.6784437894821167,-0.24630993604660034,-0.6872963905334473,0.08166885375976562,43.505806,-27.240395,125.212792,1.714430
2026-08-05T11:58:53.757716,1785923933.757716,49.003017,0.6726426482200623,0.12177951633930206,-0.7284887433052063,0.045010797679424286,0.6671285629272461,-0.2673027217388153,-0.6888877749443054,0.09446173906326294,45.474940,-27.212962,109.405668,1.524153
2026-08-05T11:58:53.774185,1785923933.774185,49.019486,0.6694946885108948,0.11714082211256027,-0.7321357131004333,0.045082103461027145,0.6545169353485107,-0.2888489067554474,-0.6903743743896484,0.10750706493854523,47.686838,-27.340701,134.308692,-7.756430
2026-08-05T11:58:53.791214,1785923933.791215,49.036516,0.6678053140640259,0.1122322529554367,-0.7344295978546143,0.04531450569629669,0.6406186819076538,-0.3108886480331421,-0.691515326499939,0.12150481343269348,50.004402,-27.481133,136.089067,-8.246255
2026-08-05T11:58:53.797387,1785923933.797387,49.042688,0.6656070947647095,0.10938560962677002,-0.7367912530899048,0.046269290149211884,0.6244174242019653,-0.3341621458530426,-0.6927080750465393,0.1363637000322342,52.789036,-27.875400,451.141449,-63.875616
2026-08-05T11:58:53.800027,1785923933.800027,49.045328,0.6624188423156738,0.11030101031064987,-0.7393390536308289,0.04912231117486954,0.6049724817276001,-0.35883986949920654,-0.6942470073699951,0.15252582728862762,56.245288,-28.717351,1309.181851,-318.919845
2026-08-05T11:58:53.856626,1785923933.856626,49.101927,0.6592060327529907,0.11010467261075974,-0.7421309351921082,0.05065814033150673,0.5838472843170166,-0.3834194839000702,-0.6950289607048035,0.17043276131153107,59.754349,-29.187710,61.999013,-8.310424
2026-08-05T11:58:53.873341,1785923933.873341,49.118642,0.6568973660469055,0.10466831177473068,-0.7451446056365967,0.0478542298078537,0.5640205144882202,-0.40568792819976807,-0.6935576796531677,0.19046476483345032,62.710869,-28.489793,176.877736,41.753815
2026-08-05T11:58:53.890502,1785923933.890502,49.135803,0.6560038924217224,0.0999705120921135,-0.7467659711837769,0.044783320277929306,0.5457855463027954,-0.42542004585266113,-0.6899009346961975,0.2125403732061386,65.673202,-27.527932,172.618734,56.048786
2026-08-05T11:58:53.907405,1785923933.907406,49.151688,0.6555560827255249,0.09733031690120697,-0.7475864887237549,0.0434471070766449,0.5263053774833679,-0.4444664418697357,-0.6858861446380615,0.23454910516738892,68.881413,-26.875984,201.960342,41.040819
2026-08-05T11:58:53.923781,1785923933.923781,49.169082,0.6542903184890747,0.09448574483394623,-0.7490448951721191,0.04368958622217178,0.5042726993560791,-0.4633025825023651,-0.6827709674835205,0.2547238767147064,72.057939,-26.417156,182.626226,26.379181
2026-08-05T11:58:53.940994,1785923933.940995,49.186295,0.6533110737800598,0.09240418672561646,-0.7499933242797852,0.046436939388513565,0.4821349084377289,-0.4804267883300781,-0.678959846496582,0.27522793412208557,75.144272,-26.074943,179.298845,19.880642
2026-08-05T11:58:53.945637,1785923933.945637,49.190938,0.6545140147209167,0.09078672528266907,-0.7488848567008972,0.050406862050294876,0.46360594034194946,-0.494217187166214,-0.672778308391571,0.2969660758972168,77.959100,-25.665350,606.288036,88.222700
2026-08-05T11:58:53.956573,1785923933.956574,49.201874,0.6555690765380859,0.08954828232526779,-0.7477593421936035,0.05537523329257965,0.4474721848964691,-0.5062907934188843,-0.6645827293395996,0.31901252269744873,80.607786,-25.166932,242.187709,45.573801
2026-08-05T11:58:53.972552,1785923933.972553,49.217854,0.6603925228118896,0.08770015090703964,-0.7430964112281799,0.06323236972093582,0.4299396872520447,-0.5184623003005981,-0.6569052338600159,0.3388581871986389,83.159941,-25.582435,159.716448,-26.002586
2026-08-05T11:58:53.990386,1785923933.990386,49.235687,0.6647233366966248,0.084340400993824,-0.7389875054359436,0.07019372284412384,0.4096921682357788,-0.5316603183746338,-0.6502310633659363,0.355935275554657,85.725004,-26.199890,143.834184,-34.623414
2026-08-05T11:58:54.006937,1785923934.006938,49.252238,0.6669073104858398,0.08434224128723145,-0.7361776828765869,0.07850880175828934,0.3882426619529724,-0.5442461967468262,-0.644477903842926,0.37109658122062683,88.450517,-27.161709,164.673457,-58.112371
2026-08-05T11:58:54.023814,1785923934.023814,49.269115,0.6708506941795349,0.08548624813556671,-0.731361448764801,0.08810221403837204,0.3679829239845276,-0.5553032159805298,-0.6381530165672302,0.38599005341529846,91.127117,-28.515403,158.597359,-80.210816
2026-08-05T11:58:54.040746,1785923934.040747,49.286047,0.6795762181282043,0.08034931868314743,-0.7229009866714478,0.09557494521141052,0.3507096767425537,-0.5645461678504944,-0.6299265623092651,0.4018503427505493,93.252581,-29.614080,125.525828,-64.885766
2026-08-05T11:58:54.056872,1785923934.056872,49.302173,0.688397228717804,0.07768312096595764,-0.7137471437454224,0.10314851254224777,0.3358844816684723,-0.5721065402030945,-0.6203428506851196,0.41839128732681274,95.447940,-30.799621,136.142525,-73.519906
2026-08-05T11:58:54.073789,1785923934.073789,49.319090,0.6952193379402161,0.07725738734006882,-0.7059616446495056,0.11099398881196976,0.32181665301322937,-0.5790063142776489,-0.6104965806007385,0.4341435134410858,97.678361,-31.990862,131.845061,-70.416818
2026-08-05T11:58:54.090360,1785923934.090360,49.335661,0.7079138159751892,0.0711367279291153,-0.6927888989448547,0.11764904856681824,0.3070422112941742,-0.5858237743377686,-0.6012963056564331,0.4483069181442261,99.668675,-33.921716,120.107898,-116.519748
2026-08-05T11:58:54.096144,1785923934.096145,49.341446,0.7215957641601562,0.06635450571775436,-0.6781102418899536,0.12273294478654861,0.2929421365261078,-0.5922170281410217,-0.5919261574745178,0.46161457896232605,101.879723,-36.272670,382.220262,-406.405417
2026-08-05T11:58:54.098965,1785923934.098965,49.344266,0.7295650839805603,0.06466937065124512,-0.6687588095664978,0.12772823870182037,0.2819625735282898,-0.5977463722229004,-0.5804612040519714,0.4756699502468109,103.950922,-37.709792,734.463725,-509.615077
2026-08-05T11:58:54.122911,1785923934.122911,49.368212,0.7415875792503357,0.05591660737991333,-0.655184268951416,0.13287170231342316,0.2753486931324005,-0.6022056937217712,-0.5668194890022278,0.49015092849731445,105.251324,-39.201629,54.304409,-62.298706
2026-08-05T11:58:54.139560,1785923934.139561,49.384862,0.752626359462738,0.04505165293812752,-0.6422570943832397,0.1379489302635193,0.26890361309051514,-0.6065517067909241,-0.5534358024597168,0.5034830570220947,106.265847,-40.544450,60.934218,-80.652422
2026-08-05T11:58:54.155764,1785923934.155764,49.401065,0.7538029551506042,0.03835584595799446,-0.6401423215866089,0.14327502250671387,0.2571004629135132,-0.6115793585777283,-0.5439518690109253,0.5137966871261597,107.378255,-40.745365,68.654722,-12.399918
2026-08-05T11:58:54.173018,1785923934.173018,49.418319,0.7548698782920837,0.038186099380254745,-0.637521505355835,0.14926393330097198,0.24162134528160095,-0.6170685291290283,-0.5361912846565247,0.5228242874145508,109.281503,-41.933128,110.305426,-68.838465
2026-08-05T11:58:54.190172,1785923934.190173,49.435473,0.7578774094581604,0.03986227512359619,-0.632832407951355,0.15348009765148163,0.2286156415939331,-0.6220069527626038,-0.5271002650260925,0.5319851636886597,111.378220,-43.477774,122.225814,-90.043430
2026-08-05T11:58:54.206933,1785923934.206934,49.452235,0.7587634921073914,0.04241503030061722,-0.6305909752845764,0.15758854150772095,0.21824084222316742,-0.625977635383606,-0.5174106359481812,0.5411192178726196,113.184906,-44.372654,107.790603,-53.390373
2026-08-05T11:58:54.246465,1785923934.246466,49.491766,0.7602695822715759,0.044157885015010834,-0.6274745464324951,0.16222314536571503,0.2081688642501831,-0.629186749458313,-0.5087223052978516,0.5495381355285645,114.790765,-45.372477,40.621806,-25.291513
2026-08-05T11:58:54.258628,1785923934.258628,49.501912,0.7617049217224121,0.04459301754832268,-0.6244766712188721,0.16687127947807312,0.19706441462039948,-0.6321893334388733,-0.5013610124588013,0.5569024682044983,116.268234,-46.390319,145.632514,-100.327648
2026-08-05T11:58:54.273215,1785923934.273216,49.518516,0.7636796236038208,0.045736875385046005,-0.6205286383628845,0.17217984795570374,0.18539667129516602,-0.6351203918457031,-0.4945143163204193,0.5636545419692993,117.811783,-47.806017,92.958795,-85.259026
2026-08-05T11:58:54.290377,1785923934.290377,49.535678,0.7643604278564453,0.04687584191560745,-0.6177820563316345,0.17860954999923706,0.17486175894737244,-0.6373722553253174,-0.48788952827453613,0.5702144503593445,119.066941,-48.847043,73.137521,-60.660204
2026-08-05T11:58:54.295151,1785923934.295152,49.539577,0.7657024264335632,0.04840964451432228,-0.6141827702522278,0.1847599446773529,0.166289284825325,-0.6388087272644043,-0.4816446602344513,0.576446533203125,120.168588,-49.919367,282.504379,-274.984851
2026-08-05T11:58:54.307447,1785923934.307448,49.552749,0.7664170265197754,0.049753621220588684,-0.6114702820777893,0.19035111367702484,0.1599380075931549,-0.6395873427391052,-0.4766668975353241,0.5814957022666931,120.935515,-50.659984,58.227647,-56.230027
2026-08-05T11:58:54.324235,1785923934.324235,49.569536,0.7675665616989136,0.049478672444820404,-0.6086496114730835,0.19477979838848114,0.15564073622226715,-0.6401544213294983,-0.47279322147369385,0.5851885080337524,121.379462,-51.281848,26.445042,-37.043244
2026-08-05T11:58:54.340757,1785923934.340758,49.586058,0.7680684328079224,0.04776456207036972,-0.6070534586906433,0.19818101823329926,0.152690127491951,-0.6406520009040833,-0.47059598565101624,0.5871890783309937,121.486714,-51.582518,6.491371,-18.197946
2026-08-05T11:58:54.357123,1785923934.357124,49.602425,0.7683484554290771,0.04548352584242821,-0.6059859991073608,0.20088057219982147,0.1503685712814331,-0.640910804271698,-0.47007814049720764,0.587920069694519,121.404681,-51.767059,-5.012339,-11.275685
2026-08-05T11:58:54.374045,1785923934.374045,49.619346,0.7681570053100586,0.04431786388158798,-0.6057350039482117,0.2026231735944748,0.14880746603012085,-0.6408469676971436,-0.4704648554325104,0.5880773067474365,121.313391,-51.804267,-5.394898,-2.198860
2026-08-05T11:58:54.390781,1785923934.390781,49.636082,0.7676212787628174,0.04462932422757149,-0.6060482859611511,0.20364509522914886,0.14871379733085632,-0.6403628587722778,-0.4714581072330475,0.5878328680992126,121.185708,-51.710316,-7.629208,5.613666
2026-08-05T11:58:54.397562,1785923934.397562,49.642863,0.7664587497711182,0.04682198911905289,-0.6070087552070618,0.20466817915439606,0.15010827779769897,-0.6394286751747131,-0.47315558791160583,0.5871312022209167,120.991391,-51.504081,-28.657647,30.415309
2026-08-05T11:58:54.423486,1785923934.423487,49.668788,0.7653418779373169,0.049231186509132385,-0.6081067323684692,0.20502272248268127,0.1525903344154358,-0.6381498575210571,-0.4757896363735199,0.5857524275779724,120.688173,-51.237458,-11.696027,10.284448
2026-08-05T11:58:54.441048,1785923934.441048,49.686349,0.7641048431396484,0.051264092326164246,-0.6097213625907898,0.20434226095676422,0.15543319284915924,-0.6367565393447876,-0.479130357503891,0.5837948322296143,120.323352,-50.840411,-20.773985,22.609038
2026-08-05T11:58:54.457332,1785923934.457332,49.702633,0.7630832195281982,0.052469514310359955,-0.6115402579307556,0.20241008698940277,0.15887616574764252,-0.6356667280197144,-0.4825214743614197,0.5812572836875916,119.918481,-50.406676,-24.863119,26.635658
2026-08-05T11:58:54.474033,1785923934.474034,49.719334,0.762142539024353,0.05392639711499214,-0.6134633421897888,0.19973333179950714,0.1629807949066162,-0.6349337100982666,-0.4858393669128418,0.5781498551368713,119.536981,-50.052294,-22.842657,21.218913
2026-08-05T11:58:54.490648,1785923934.490649,49.735949,0.760700523853302,0.0556001141667366,-0.6161157488822937,0.19658291339874268,0.1675165593624115,-0.6341240406036377,-0.489874005317688,0.574324905872345,119.085691,-49.585972,-27.161748,28.066467
2026-08-05T11:58:54.506940,1785923934.506940,49.752241,0.7590446472167969,0.057276200503110886,-0.6192556023597717,0.19259653985500336,0.17269989848136902,-0.6329618692398071,-0.49530187249183655,0.5693951845169067,118.510410,-49.028943,-35.311951,34.191663
2026-08-05T11:58:54.523139,1785923934.523139,49.768440,0.7567393183708191,0.0591823048889637,-0.6234648823738098,0.1874425858259201,0.17858858406543732,-0.6313515305519104,-0.5024152398109436,0.5630995631217957,117.795492,-48.267879,-44.133183,46.981828
2026-08-05T11:58:54.541398,1785923934.541398,49.786699,0.7552569508552551,0.058786772191524506,-0.6273482441902161,0.18045887351036072,0.18512442708015442,-0.6295129656791687,-0.5104854106903076,0.5557408332824707,116.885576,-47.413020,-49.833040,46.817785
2026-08-05T11:58:54.546404,1785923934.546405,49.791706,0.754069983959198,0.05562491714954376,-0.6310832500457764,0.17325805127620697,0.19125284254550934,-0.6275514960289001,-0.5189375877380371,0.5480018258094788,115.752612,-46.404290,-226.296281,201.481829
2026-08-05T11:58:54.573133,1785923934.573133,49.818434,0.753345251083374,0.05354764685034752,-0.6339234113693237,0.16656799614429474,0.19739791750907898,-0.6256434917449951,-0.5270880460739136,0.5401695370674133,114.725929,-45.700772,-38.411350,26.320774
2026-08-05T11:58:54.590431,1785923934.590431,49.835732,0.7518408298492432,0.053867410868406296,-0.6371873021125793,0.16070514917373657,0.2049528807401657,-0.6235374808311462,-0.5342785716056824,0.5326747894287109,113.739732,-44.982734,-57.012245,41.509949
2026-08-05T11:58:54.607222,1785923934.607223,49.852523,0.7498155832290649,0.05689254030585289,-0.6407573819160461,0.15482257306575775,0.21575435996055603,-0.6208558082580566,-0.5402600765228271,0.5254598259925842,112.718708,-44.165434,-60.807481,48.674588
2026-08-05T11:58:54.623952,1785923934.623952,49.869253,0.7479488849639893,0.05956028774380684,-0.6442809104919434,0.14807875454425812,0.22817401587963104,-0.617292046546936,-0.5468572378158569,0.5175278186798096,111.492267,-43.197401,-73.308608,57.862674
2026-08-05T11:58:54.657297,1785923934.657297,49.902598,0.7437023520469666,0.05903484672307968,-0.6506065130233765,0.14189063012599945,0.23910707235336304,-0.6134247779846191,-0.5557888150215149,0.5075799822807312,109.768313,-41.676136,-51.701291,45.622655
2026-08-05T11:58:54.674427,1785923934.674428,49.919728,0.7404524087905884,0.05409839004278183,-0.6563727855682373,0.13408364355564117,0.24861107766628265,-0.6097588539123535,-0.5658572912216187,0.49617844820022583,107.822149,-40.128417,-113.607339,90.348124
2026-08-05T11:58:54.690473,1785923934.690473,49.935774,0.7399948239326477,0.04896993562579155,-0.659075915813446,0.1250150054693222,0.2607184648513794,-0.6055890321731567,-0.5735905766487122,0.48608914017677307,105.961621,-38.835735,-115.951045,80.561981
2026-08-05T11:58:54.697593,1785923934.698455,49.942894,0.7377685308456421,0.04309568554162979,-0.6635616421699524,0.11630351841449738,0.2792346477508545,-0.6003405451774597,-0.5767521262168884,0.4785153567790985,103.586384,-36.591656,-333.616902,315.194903
2026-08-05T11:58:54.706601,1785923934.706601,49.951902,0.7360686659812927,0.03866829723119736,-0.6671594381332397,0.10773162543773651,0.3007394075393677,-0.5937191247940063,-0.5783857703208923,0.47172459959983826,101.144954,-34.341565,-271.023981,249.783379
2026-08-05T11:58:54.725153,1785923934.725153,49.970454,0.734348475933075,0.03815807029604912,-0.669806182384491,0.103131964802742,0.3181247115135193,-0.5879881381988525,-0.5824073553085327,0.4624597430229187,99.071718,-33.324271,-111.750886,54.833854
2026-08-05T11:58:54.740725,1785923934.740726,49.986026,0.7318147420883179,0.03431291505694389,-0.6734461784362793,0.09869253635406494,0.32930418848991394,-0.5855981707572937,-0.5884500741958618,0.449845552444458,97.158794,-32.841993,-122.843219,30.970673
2026-08-05T11:58:54.759022,1785923934.759022,50.002307,0.732807993888855,0.02825900912284851,-0.6738963723182678,0.08976393193006516,0.34030047059059143,-0.5847051739692688,-0.5924635529518127,0.4373821020126343,95.653964,-32.631751,-92.429207,12.913440
2026-08-05T11:58:54.773896,1785923934.773896,50.019197,0.7322942614555359,0.02587149851024151,-0.6756591796875,0.08099735528230667,0.3553326725959778,-0.5827256441116333,-0.592440128326416,0.42800119519233704,94.299218,-31.955010,-80.210893,40.068000
2026-08-05T11:58:54.790397,1785923934.790398,50.035699,0.7286738753318787,0.03120393492281437,-0.6798672080039978,0.07643019407987595,0.37469783425331116,-0.5778559446334839,-0.590383768081665,0.42087024450302124,92.969036,-31.122942,-80.608919,50.423248
2026-08-05T11:58:54.807189,1785923934.807190,50.052491,0.724436342716217,0.03965839743614197,-0.684482991695404,0.07143079489469528,0.3948959410190582,-0.5705828666687012,-0.5897364616394043,0.41316351294517517,91.686231,-30.256695,-76.393557,51.586741
2026-08-05T11:58:54.823692,1785923934.823693,50.068993,0.7184953093528748,0.047450628131628036,-0.6906591057777405,0.06710467487573624,0.41384437680244446,-0.5618542432785034,-0.5918052792549133,0.4035094380378723,90.098665,-29.249102,-96.200870,61.056540
2026-08-05T11:58:54.840618,1785923934.840619,50.085920,0.7136693596839905,0.04883452132344246,-0.6960165500640869,0.0620681457221508,0.43221980333328247,-0.552222728729248,-0.5957333445549011,0.3915848135948181,87.818471,-28.001864,-134.713161,73.686435
2026-08-05T11:58:54.849037,1785923934.849037,50.093898,0.7139541506767273,0.03960463032126427,-0.6969896554946899,0.05391142517328262,0.45067116618156433,-0.5418731570243835,-0.6001450419425964,0.37827998399734497,84.709776,-26.413376,-389.660264,199.109513
2026-08-05T11:58:54.906234,1785923934.906234,50.151535,0.7119057178497314,0.03862878307700157,-0.6994318962097168,0.049932487308979034,0.46918630599975586,-0.5308089256286621,-0.6046867370605469,0.36395132541656494,82.015324,-25.628650,-46.748277,13.614862
2026-08-05T11:58:54.923838,1785923934.923839,50.169139,0.7053723335266113,0.04802467301487923,-0.7053746581077576,0.05089400336146355,0.4878748655319214,-0.5180929899215698,-0.6095413565635681,0.3493104577064514,79.832229,-25.493569,-124.008863,7.673124
2026-08-05T11:58:54.942527,1785923934.942528,50.185774,0.6981788277626038,0.06022881343960762,-0.711393415927887,0.05327736213803291,0.5062564611434937,-0.5034867525100708,-0.614980936050415,0.33467113971710205,77.761061,-25.576995,-124.507101,-5.015082
2026-08-05T11:58:54.957148,1785923934.957149,50.202450,0.6993752717971802,0.06581912189722061,-0.7097035050392151,0.0535091757774353,0.5238337516784668,-0.48769068717956543,-0.6209148168563843,0.31972119212150574,75.248748,-25.865329,-150.661302,-17.291155
2026-08-05T11:58:54.975397,1785923934.975397,50.220698,0.7036935091018677,0.06723279505968094,-0.70534747838974,0.05272997170686722,0.5390954613685608,-0.4724760353565216,-0.627528190612793,0.3038942813873291,72.539376,-26.178876,-148.470486,-17.182016
2026-08-05T11:58:54.990009,1785923934.990009,50.235310,0.6993304491043091,0.0722113773226738,-0.7093858122825623,0.049943916499614716,0.5531244277954102,-0.45744624733924866,-0.6343141198158264,0.2871285378932953,70.210456,-25.863050,-159.384501,21.614209
2026-08-05T11:58:55.006686,1785923935.006687,50.250967,0.6926355361938477,0.07926040887832642,-0.7153476476669312,0.04745252802968025,0.5674722790718079,-0.44098538160324097,-0.6409949064254761,0.2695060968399048,67.921331,-25.548300,-146.209524,20.103542
2026-08-05T11:58:55.023685,1785923935.023685,50.267967,0.6896932721138,0.08822415769100189,-0.7172259092330933,0.04611720144748688,0.5829257369041443,-0.42265260219573975,-0.6466537117958069,0.25179797410964966,65.685880,-25.765280,-131.497407,-12.763575
2026-08-05T11:58:55.039676,1785923935.039677,50.284977,0.690044641494751,0.09449335187673569,-0.7162319421768188,0.043833713978528976,0.5994263887405396,-0.40248095989227295,-0.6510334610939026,0.23420830070972443,63.106135,-25.798917,-151.652239,-1.977376
2026-08-05T11:58:55.055487,1785923935.055488,50.299961,0.6904374957084656,0.09807886183261871,-0.715456485748291,0.04241335764527321,0.6147131323814392,-0.3823174834251404,-0.6554098725318909,0.21540622413158417,60.239934,-25.779210,-191.291572,1.315236
2026-08-05T11:58:55.072177,1785923935.072177,50.317478,0.6855732798576355,0.1030241847038269,-0.7193348407745361,0.043961916118860245,0.6287890076637268,-0.3622944951057434,-0.6597350239753723,0.19523708522319794,57.456585,-25.909644,-158.891155,-7.445979
2026-08-05T11:58:55.123229,1785923935.123229,50.368530,0.6831052899360657,0.11067286133766174,-0.7205021977424622,0.04467073455452919,0.643364667892456,-0.34099364280700684,-0.662831723690033,0.1745285987854004,54.974239,-26.391128,-48.624011,-9.431282
2026-08-05T11:58:55.140017,1785923935.140018,50.385318,0.6832447052001953,0.118921659886837,-0.7188780307769775,0.0474221296608448,0.6587952971458435,-0.317435085773468,-0.66450035572052,0.1538306027650833,52.374210,-27.087015,-154.872045,-41.450844
2026-08-05T11:58:55.146205,1785923935.146205,50.391506,0.6840739846229553,0.12371986359357834,-0.7171428203582764,0.04942408576607704,0.6739153265953064,-0.2925030291080475,-0.6652688384056091,0.13303442299365997,49.405834,-27.338164,-479.723713,-40.588522
2026-08-05T11:58:55.156390,1785923935.156391,50.401691,0.6843385100364685,0.12839148938655853,-0.7160186767578125,0.05013952776789665,0.6875046491622925,-0.2674884796142578,-0.6657694578170776,0.1119791567325592,46.596053,-27.473952,-275.861422,-13.331488
2026-08-05T11:58:55.172337,1785923935.172337,50.417638,0.6875180602073669,0.1413097381591797,-0.7103347778320312,0.052680060267448425,0.6997730731964111,-0.24222861230373383,-0.6658997535705566,0.09067021310329437,44.764139,-28.646590,-114.877864,-73.535223
2026-08-05T11:58:55.189981,1785923935.189982,50.435282,0.6895316243171692,0.14812886714935303,-0.7069992423057556,0.05250124633312225,0.7115709185600281,-0.21644258499145508,-0.6647977232933044,0.0697423443198204,42.419617,-28.901322,-132.876221,-14.436977
2026-08-05T11:58:55.206479,1785923935.206479,50.451780,0.6909081935882568,0.1556655317544937,-0.7040647864341736,0.05203041434288025,0.7223990559577942,-0.19070854783058167,-0.6627920269966125,0.049768444150686264,40.343752,-29.103554,-125.828181,-12.258227
2026-08-05T11:58:55.223422,1785923935.223423,50.468724,0.6919183731079102,0.1630813330411911,-0.7014257907867432,0.05153215676546097,0.7316054701805115,-0.16592556238174438,-0.6604946851730347,0.031141046434640884,38.515592,-29.246203,-107.897749,-8.419135
2026-08-05T11:58:55.240430,1785923935.240431,50.485731,0.6939036846160889,0.17117173969745636,-0.6975482702255249,0.05123201385140419,0.7393137216567993,-0.14192095398902893,-0.6580778360366821,0.014419407583773136,36.936648,-29.383195,-92.836310,-8.054671
2026-08-05T11:58:55.256327,1785923935.256327,50.501628,0.6951043605804443,0.17840978503227234,-0.6947102546691895,0.048761963844299316,0.7462357878684998,-0.11803694814443588,-0.6551336646080017,0.000406031496822834,35.347687,-29.049176,-99.957784,21.012353
2026-08-05T11:58:55.273949,1785923935.273950,50.519251,0.6960978507995605,0.18211470544338226,-0.6931424140930176,0.042847178876399994,0.7525317668914795,-0.09466531127691269,-0.6516211628913879,-0.011175006628036499,33.415813,-27.978286,-109.622600,60.766805
2026-08-05T11:58:55.290379,1785923935.290379,50.535680,0.6975500583648682,0.18400204181671143,-0.6915493011474609,0.03642761707305908,0.7578026056289673,-0.07292480766773224,-0.6480437517166138,-0.02138786017894745,31.455128,-26.731131,-119.341596,75.910954
2026-08-05T11:58:55.299107,1785923935.299107,50.543947,0.6981070041656494,0.18625307083129883,-0.6906496286392212,0.03097883239388466,0.7618547081947327,-0.053216926753520966,-0.6448391675949097,-0.03047148324549198,29.808136,-25.658534,-199.220922,129.741773
2026-08-05T11:58:55.306354,1785923935.306355,50.551655,0.699032187461853,0.1897631287574768,-0.688963770866394,0.025942282751202583,0.7650223970413208,-0.03534958139061928,-0.6418869495391846,-0.03838092088699341,28.464116,-24.784476,-174.359805,113.391653
2026-08-05T11:58:55.312871,1785923935.312871,50.556970,0.7000879645347595,0.19198231399059296,-0.6874552965164185,0.020616231486201286,0.7676469683647156,-0.019098840653896332,-0.6389691233634949,-0.045527826994657516,27.143263,-23.841540,-248.544745,177.432142
2026-08-05T11:58:55.317097,1785923935.317098,50.561681,0.7014682292938232,0.19275830686092377,-0.6859762072563171,0.014943881891667843,0.7697827219963074,-0.004568224772810936,-0.636151909828186,-0.052204620093107224,25.830363,-22.841761,-278.693324,212.225989
2026-08-05T11:58:55.322948,1785923935.322949,50.568249,0.7031241059303284,0.19095517694950104,-0.6848999261856079,0.008051975630223751,0.7712407112121582,0.008036581799387932,-0.6337767243385315,-0.05874647945165634,24.401753,-21.657548,-217.480557,180.275462
2026-08-05T11:58:55.373788,1785923935.373788,50.618061,0.7057580351829529,0.18814602494239807,-0.6830105185508728,0.0018876629183068871,0.7726411819458008,0.019396984949707985,-0.6312773823738098,-0.06433645635843277,22.959999,-20.454929,-28.944001,24.143253
2026-08-05T11:58:55.390366,1785923935.390367,50.635668,0.7065065503120422,0.18720021843910217,-0.6824982166290283,-0.0010131027083843946,0.7744048237800598,0.03099129907786846,-0.6283309459686279,-0.0673636645078659,21.880239,-19.466390,-61.327374,56.146247
2026-08-05T11:58:55.440264,1785923935.440265,50.685565,0.7064188122749329,0.18780431151390076,-0.68242347240448,-0.0005369927384890616,0.775744616985321,0.04160706698894501,-0.6260307431221008,-0.06764248013496399,21.116885,-18.729060,-15.298390,14.776839
2026-08-05T11:58:55.456549,1785923935.456549,50.701850,0.7067915201187134,0.19049488008022308,-0.6812892556190491,0.0016410228563472629,0.7762696743011475,0.047970183193683624,-0.6250264644622803,-0.06668638437986374,20.837280,-18.528780,-17.169750,12.298677
2026-08-05T11:58:55.473466,1785923935.473466,50.718767,0.7061917185783386,0.19196581840515137,-0.6814935207366943,0.003038407303392887,0.7758799195289612,0.04886186867952347,-0.6255368590354919,-0.0657859519124031,20.909547,-18.614992,4.271877,-5.096300
2026-08-05T11:58:55.490379,1785923935.490380,50.734425,0.7049744129180908,0.19126099348068237,-0.682949960231781,0.0031408085487782955,0.7748022079467773,0.04565521702170372,-0.6272376775741577,-0.06458276510238647,21.086944,-18.723590,11.329226,-6.935429
2026-08-05T11:58:55.506821,1785923935.506821,50.752122,0.7038124799728394,0.1892285794019699,-0.6847123503684998,0.0031455906573683023,0.7733091115951538,0.040651585906744,-0.6296167969703674,-0.06264201551675797,21.243286,-18.786484,8.834556,-3.553983
2026-08-05T11:58:55.523935,1785923935.523936,50.769237,0.702890932559967,0.18577156960964203,-0.6866006851196289,0.0035771739203482866,0.7716661095619202,0.035473328083753586,-0.6322233080863953,-0.05973102152347565,21.248253,-18.684405,0.290233,5.964386
2026-08-05T11:58:55.540113,1785923935.540114,50.785415,0.7024251818656921,0.18280434608459473,-0.687856137752533,0.005944029428064823,0.7700076699256897,0.029949983581900597,-0.6348819732666016,-0.05582987144589424,21.331911,-18.710441,5.171041,-1.609305
2026-08-05T11:58:55.556544,1785923935.556545,50.801846,0.7006887197494507,0.17856727540493011,-0.6906177401542664,0.014007664285600185,0.7681821584701538,0.02355276234447956,-0.6377571225166321,-0.05107131972908974,21.657674,-19.057932,19.826009,-21.148368
2026-08-05T11:58:55.574784,1785923935.574785,50.820085,0.699237585067749,0.17742012441158295,-0.6922580599784851,0.01917412504553795,0.7633587718009949,0.0021585964132100344,-0.6448330283164978,-0.03834420070052147,23.067440,-20.007654,77.291976,-52.069558
2026-08-05T11:58:55.579663,1785923935.579664,50.824965,0.6966434717178345,0.1761522889137268,-0.6951215863227844,0.021545901894569397,0.7599226236343384,-0.014498268254101276,-0.6491502523422241,-0.030208328738808632,24.393360,-20.749580,271.747286,-152.057780
2026-08-05T11:58:55.592714,1785923935.592715,50.838015,0.6929966807365417,0.17220652103424072,-0.6997894048690796,0.01988830789923668,0.75523841381073,-0.033949896693229675,-0.654244601726532,-0.020682891830801964,25.701572,-21.042348,100.240053,-22.432925
2026-08-05T11:58:55.596107,1785923935.596107,50.841408,0.689802348613739,0.16600535809993744,-0.7045255303382874,0.016092421486973763,0.749350905418396,-0.05487794056534767,-0.659822940826416,-0.009807992726564407,26.937201,-20.947300,364.202685,28.015329
2026-08-05T11:58:55.606160,1785923935.606161,50.851462,0.6878712177276611,0.15974411368370056,-0.7079259157180786,0.012493278831243515,0.7426798939704895,-0.07618124037981033,-0.665295422077179,0.0024553562980145216,28.276776,-20.758865,133.242804,18.742999
2026-08-05T11:58:55.639574,1785923935.639575,50.884040,0.6851483583450317,0.15388017892837524,-0.711899995803833,0.009547515772283077,0.7353675961494446,-0.09784523397684097,-0.670376181602478,0.016049101948738098,29.890394,-20.552762,49.530215,6.326359
2026-08-05T11:58:55.655386,1785923935.655387,50.900687,0.6816114187240601,0.14745065569877625,-0.7166775465011597,0.006147966254502535,0.7270529270172119,-0.12030413746833801,-0.6752682328224182,0.030574051663279533,31.706064,-20.210693,109.066686,20.547941
2026-08-05T11:58:55.673386,1785923935.673386,50.918687,0.677197277545929,0.1425286829471588,-0.7218495011329651,0.0047890967689454556,0.718019425868988,-0.14250655472278595,-0.6796379685401917,0.04725905507802963,33.824461,-19.916716,117.691009,16.332367
2026-08-05T11:58:55.690499,1785923935.690499,50.935800,0.6739034056663513,0.13902942836284637,-0.7255940437316895,0.006209965795278549,0.7091661691665649,-0.16314825415611267,-0.6826193332672119,0.06706646829843521,36.040421,-19.583605,129.491856,19.465708
2026-08-05T11:58:55.706908,1785923935.706909,50.952209,0.6705209016799927,0.13534007966518402,-0.7293965816497803,0.008105870336294174,0.7007557153701782,-0.18196538090705872,-0.6838694214820862,0.09029894322156906,38.256528,-18.814506,135.049141,46.868703
2026-08-05T11:58:55.745860,1785923935.745861,50.991162,0.6680595874786377,0.13242597877979279,-0.7321583032608032,0.01021511573344469,0.6922683119773865,-0.19984474778175354,-0.6837571263313293,0.1153433620929718,40.626793,-17.902634,60.850756,23.410092
2026-08-05T11:58:55.790319,1785923935.790319,51.034600,0.6645234227180481,0.12807537615299225,-0.7361260056495667,0.011128238402307034,0.6823899745941162,-0.21887269616127014,-0.6835752725601196,0.13843727111816406,43.077535,-16.943150,56.418111,22.088128
2026-08-05T11:58:55.806250,1785923935.806251,51.051552,0.6641176342964172,0.11771437525749207,-0.7382513284683228,0.008716600015759468,0.6707935333251953,-0.24018782377243042,-0.6831449866294861,0.16018757224082947,45.280302,-15.568775,129.946659,81.077708
2026-08-05T11:58:55.823059,1785923935.823060,51.068361,0.6624952554702759,0.11033806204795837,-0.7408552765846252,0.007681835908442736,0.6569539308547974,-0.2644253075122833,-0.6824288964271545,0.1810600310564041,48.146678,-14.823373,170.528783,44.346122
2026-08-05T11:58:55.839460,1785923935.839461,51.084761,0.6568570733070374,0.1064932718873024,-0.7464210391044617,0.00733759393915534,0.6394968628883362,-0.2924358546733856,-0.6822117567062378,0.20028327405452728,51.788469,-14.657531,222.049434,10.111763
2026-08-05T11:58:55.856044,1785923935.856044,51.101345,0.6465479731559753,0.11562667787075043,-0.753756582736969,0.021381128579378128,0.6186140179634094,-0.3226480484008789,-0.6821775436401367,0.2187463790178299,56.345221,-16.757626,274.773224,-126.636223
2026-08-05T11:58:55.872661,1785923935.872662,51.117962,0.648074746131897,0.11711273342370987,-0.7519688010215759,0.028751619160175323,0.5751551985740662,-0.37752044200897217,-0.6775551438331604,0.25999054312705994,64.547607,-18.274952,493.605273,-91.310047
2026-08-05T11:58:55.890460,1785923935.890461,51.135761,0.6545774936676025,0.11421450972557068,-0.7464802861213684,0.03536425903439522,0.5532470345497131,-0.4013420641422272,-0.673308253288269,0.2819560766220093,68.031047,-19.070823,195.708390,-44.713989
2026-08-05T11:58:55.896799,1785923935.896800,51.141469,0.6613708734512329,0.11081742495298386,-0.7405917048454285,0.04280409589409828,0.4995195269584656,-0.4501524865627289,-0.6670519113540649,0.3207584321498871,75.960068,-20.716760,1389.343843,-288.405499
2026-08-05T11:58:55.899628,1785923935.899629,51.144930,0.6626044511795044,0.1088394895195961,-0.7393307685852051,0.049993567168712616,0.47172439098358154,-0.4725320637226105,-0.6623964309692383,0.3397376537322998,79.677428,-21.586418,1074.033001,-251.264697
2026-08-05T11:58:55.906491,1785923935.906491,51.151792,0.6658636331558228,0.10812211781740189,-0.7356586456298828,0.061171237379312515,0.44736796617507935,-0.4909292459487915,-0.6551098823547363,0.3601146638393402,83.031922,-22.717027,488.839167,-164.759753
2026-08-05T11:58:55.913212,1785923935.913212,51.158513,0.6740647554397583,0.10698236525058746,-0.727017879486084,0.07507605105638504,0.42531871795654297,-0.5058080554008484,-0.6469591856002808,0.38040420413017273,85.977182,-24.445753,438.216218,-257.211926
2026-08-05T11:58:55.923062,1785923935.923062,51.168363,0.6829966306686401,0.10361076891422272,-0.7175989747047424,0.08849984407424927,0.40310174226760864,-0.5186276435852051,-0.6396856904029846,0.3991713225841522,88.558493,-26.131344,262.055038,-171.121419
2026-08-05T11:58:55.938534,1785923935.938534,51.183835,0.6911863088607788,0.09748880565166473,-0.709195613861084,0.09899082034826279,0.3799019753932953,-0.5302414298057556,-0.633443295955658,0.4162564277648926,90.932274,-27.409797,153.424902,-82.630435
2026-08-05T11:58:55.955001,1785923935.955002,51.200302,0.699336588382721,0.09085328876972198,-0.7005022764205933,0.10941031575202942,0.35834816098213196,-0.5404675602912903,-0.6262140870094299,0.43282613158226013,93.131399,-28.693427,133.544695,-77.950093
2026-08-05T11:58:55.972562,1785923935.972563,51.217864,0.7074395418167114,0.08871198445558548,-0.6905546188354492,0.12163098156452179,0.33853042125701904,-0.54959636926651,-0.6187561750411987,0.4477532207965851,95.482611,-30.747414,133.886787,-116.961664
2026-08-05T11:58:55.989040,1785923935.989041,51.233747,0.7154946327209473,0.0891047790646553,-0.6797415018081665,0.13445965945720673,0.319288432598114,-0.5575163960456848,-0.6122539043426514,0.46084362268447876,97.870643,-33.293750,150.351732,-160.318654
2026-08-05T11:58:56.004978,1785923936.004978,51.249591,0.7242918610572815,0.08427973091602325,-0.6688633561134338,0.1446373015642166,0.299385666847229,-0.5644069910049438,-0.607525646686554,0.4719395041465759,99.835620,-35.520299,124.017557,-140.526420
2026-08-05T11:58:56.041599,1785923936.041600,51.286901,0.7334446907043457,0.07368572801351547,-0.6583766937255859,0.15221500396728516,0.28007349371910095,-0.570253312587738,-0.6035627126693726,0.4817504286766052,101.293513,-37.230264,39.075262,-45.831415
2026-08-05T11:58:56.089511,1785923936.091536,51.334813,0.7425054907798767,0.06688956171274185,-0.6466763019561768,0.16131126880645752,0.262555330991745,-0.5754612684249878,-0.5991885662078857,0.49079859256744385,102.913035,-39.564251,33.802082,-48.714147
2026-08-05T11:58:56.106538,1785923936.106539,51.351839,0.7475444078445435,0.06637918204069138,-0.6386939287185669,0.16982723772525787,0.24611443281173706,-0.5806325674057007,-0.5933919548988342,0.5001804828643799,104.910724,-41.635453,117.327110,-121.644654
2026-08-05T11:58:56.123371,1785923936.123372,51.368673,0.7545773983001709,0.06292708218097687,-0.628807783126831,0.17678777873516083,0.2314145863056183,-0.5852944850921631,-0.58693927526474,0.5092944502830505,106.703878,-43.762976,106.524165,-126.387711
2026-08-05T11:58:56.140076,1785923936.140077,51.385377,0.7589357495307922,0.06239212304353714,-0.6216004490852356,0.18367552757263184,0.21532750129699707,-0.5899412631988525,-0.5812755227088928,0.5174198150634766,108.680556,-45.807265,118.329976,-122.377385
2026-08-05T11:58:56.156784,1785923936.156785,51.402086,0.7592813372612,0.0618215873837471,-0.6192048192024231,0.19040894508361816,0.19708576798439026,-0.5944416522979736,-0.5771963596343994,0.5240627527236938,110.487994,-47.178146,108.175570,-82.047542
2026-08-05T11:58:56.175074,1785923936.175074,51.420375,0.759484589099884,0.05726276710629463,-0.6175721287727356,0.19623687863349915,0.18018460273742676,-0.5988021492958069,-0.5718997120857239,0.5309436321258545,111.896964,-48.022211,77.038841,-46.151279
2026-08-05T11:58:56.188282,1785923936.188283,51.433584,0.757601261138916,0.052926357835531235,-0.6183421015739441,0.20221829414367676,0.1670181155204773,-0.6028112769126892,-0.5640184283256531,0.5390805602073669,112.936843,-48.052961,78.725872,-2.327932
2026-08-05T11:58:56.205347,1785923936.205347,51.450648,0.752822756767273,0.04954630136489868,-0.6223692893981934,0.20847000181674957,0.15839599072933197,-0.6063051819801331,-0.5531672835350037,0.5489187240600586,113.552368,-46.953957,36.070827,64.403578
2026-08-05T11:58:56.222975,1785923936.222975,51.468276,0.7509377598762512,0.051445119082927704,-0.6220666170120239,0.21558988094329834,0.15237866342067719,-0.6096721291542053,-0.5398232936859131,0.5600647330284119,114.685500,-46.824433,64.280412,7.347620
2026-08-05T11:58:56.238927,1785923936.238928,51.484229,0.7498859763145447,0.05800045281648636,-0.6197335720062256,0.22413696348667145,0.1461859941482544,-0.613248348236084,-0.5248575806617737,0.5719107389450073,116.324993,-47.398390,102.772868,-35.978915
2026-08-05T11:58:56.253922,1785923936.253922,51.499223,0.7472952604293823,0.062200162559747696,-0.6170678734779358,0.23855453729629517,0.13632795214653015,-0.6169973611831665,-0.5101870894432068,0.5834716558456421,117.669322,-48.150422,89.655491,-50.154243
2026-08-05T11:58:56.270812,1785923936.270813,51.516114,0.7449732422828674,0.06974373012781143,-0.6127655506134033,0.25430163741111755,0.12138112634420395,-0.6188047528266907,-0.4995879828929901,0.5939365029335022,119.412048,-49.502249,103.177711,-80.034625
2026-08-05T11:58:56.289153,1785923936.289153,51.534454,0.7424829602241516,0.07541701942682266,-0.6084927320480347,0.26975536346435547,0.10390815138816833,-0.6182968020439148,-0.4929518699645996,0.6032510995864868,120.896765,-50.538366,80.952554,-56.493159
2026-08-05T11:58:56.306541,1785923936.306541,51.551842,0.7419137954711914,0.07746747136116028,-0.6038349866867065,0.280973881483078,0.09138134121894836,-0.6176562309265137,-0.4876309335231781,0.6102192401885986,121.863288,-51.407906,55.586802,-50.009077
2026-08-05T11:58:56.323242,1785923936.323242,51.568543,0.7418993711471558,0.07772361487150192,-0.6012040972709656,0.2865276634693146,0.08707831054925919,-0.6178730726242065,-0.48339998722076416,0.6139836311340332,122.220593,-51.790903,21.393661,-22.931993
2026-08-05T11:58:56.339535,1785923936.339536,51.584836,0.7427946925163269,0.07590853422880173,-0.6001436114311218,0.2869177758693695,0.08920840173959732,-0.6183546185493469,-0.48185595870018005,0.6144066452980042,122.002343,-51.838369,-13.395109,-2.913198
2026-08-05T11:58:56.345253,1785923936.345253,51.590554,0.7441728115081787,0.07352291792631149,-0.6005937457084656,0.2829993963241577,0.09543836116790771,-0.6188554167747498,-0.48282602429389954,0.6122005581855774,121.482177,-51.644355,-90.973822,33.931796
2026-08-05T11:58:56.355985,1785923936.355985,51.601286,0.7447429299354553,0.072389617562294,-0.6028249859809875,0.2769836485385895,0.10277814418077469,-0.6189303994178772,-0.48586559295654297,0.6085207462310791,120.900241,-51.169099,-54.225869,44.285284
2026-08-05T11:58:56.371680,1785923936.371680,51.616981,0.7441464066505432,0.07306210696697235,-0.6063518524169922,0.27063924074172974,0.10986912250518799,-0.6182506084442139,-0.490153044462204,0.6045215129852295,120.343717,-50.426262,-35.457983,47.328513
2026-08-05T11:58:56.389551,1785923936.389551,51.634852,0.7430483102798462,0.07617343217134476,-0.6098345518112183,0.2649126350879669,0.11626684665679932,-0.6170107126235962,-0.49472957849502563,0.6008524894714355,119.964491,-49.752451,-21.220548,37.704902
2026-08-05T11:58:56.394050,1785923936.394050,51.639351,0.7412041425704956,0.08133269101381302,-0.6134897470474243,0.260061115026474,0.12276653945446014,-0.615285336971283,-0.499225378036499,0.5976014733314514,119.651098,-49.033942,-69.659186,159.705553
2026-08-05T11:58:56.422470,1785923936.422471,51.667772,0.7391548752784729,0.08546725660562515,-0.6177051663398743,0.25453096628189087,0.13053247332572937,-0.6133980751037598,-0.5037776231765747,0.594065248966217,119.144440,-48.063275,-17.827080,34.153549
2026-08-05T11:58:56.438942,1785923936.438942,51.684243,0.7380416393280029,0.08691056072711945,-0.6219626069068909,0.24678651988506317,0.13988716900348663,-0.6113882660865784,-0.5084804892539978,0.5899871587753296,118.410673,-46.871167,-44.547988,72.374478
2026-08-05T11:58:56.488761,1785923936.488762,51.734063,0.7380861043930054,0.08529932796955109,-0.6260941028594971,0.23655730485916138,0.15078434348106384,-0.6092533469200134,-0.5134528875350952,0.5851852893829346,117.439812,-45.480309,-19.487470,27.917827
2026-08-05T11:58:56.492233,1785923936.492234,51.737535,0.7387866377830505,0.08326097577810287,-0.6291177272796631,0.2268768846988678,0.1622093915939331,-0.6070098280906677,-0.5186647176742554,0.5798407793045044,116.373661,-44.346849,-307.063234,326.448778
2026-08-05T11:58:56.505511,1785923936.505512,51.750813,0.7381114959716797,0.07999266684055328,-0.6332226991653442,0.2186819165945053,0.17272324860095978,-0.6050703525543213,-0.5237541794776917,0.5742294192314148,115.133858,-43.016010,-93.374364,100.230641
2026-08-05T11:58:56.522810,1785923936.522810,51.768111,0.7385953068733215,0.07818835973739624,-0.635378360748291,0.21132434904575348,0.18186211585998535,-0.6035552620887756,-0.5289943814277649,0.5681666731834412,114.181473,-42.410064,-55.055313,35.028416
2026-08-05T11:58:56.539159,1785923936.539160,51.784460,0.7379392981529236,0.07709718495607376,-0.6381973624229431,0.20544038712978363,0.18908533453941345,-0.6025040149688721,-0.5340870022773743,0.5621280670166016,113.345740,-41.865709,-51.118027,33.295756
2026-08-05T11:58:56.555013,1785923936.555013,51.800314,0.7395101189613342,0.07733365893363953,-0.6382691860198975,0.1993907243013382,0.19620299339294434,-0.6016640067100525,-0.5382838249206543,0.5565575957298279,112.839094,-41.979564,-31.957718,-7.181610
2026-08-05T11:58:56.572789,1785923936.572790,51.818090,0.7402905821800232,0.07971019297838211,-0.6388368606567383,0.19365864992141724,0.20479214191436768,-0.6006807684898376,-0.5413181185722351,0.5515602231025696,112.392040,-41.984220,-25.148621,-0.261907
2026-08-05T11:58:56.589389,1785923936.589390,51.834691,0.7384666800498962,0.08182640373706818,-0.6423786878585815,0.1879390925168991,0.2141742706298828,-0.5989242196083069,-0.5446341037750244,0.5466206073760986,111.646862,-41.179454,-44.889896,48.479441
2026-08-05T11:58:56.606036,1785923936.606037,51.850327,0.7366083860397339,0.07948628813028336,-0.6468108296394348,0.18090218305587769,0.22387909889221191,-0.5964685082435608,-0.5492632985115051,0.5407536625862122,110.416850,-39.836361,-78.661956,85.893779
2026-08-05T11:58:56.622366,1785923936.622366,51.867667,0.7359132766723633,0.07320848107337952,-0.6505162715911865,0.17291852831840515,0.23396554589271545,-0.5934352874755859,-0.5548153519630432,0.5341121554374695,108.816231,-38.339881,-92.309417,86.303627
2026-08-05T11:58:56.638914,1785923936.638915,51.884215,0.7363494038581848,0.06954000145196915,-0.6523580551147461,0.16547760367393494,0.24538293480873108,-0.5901397466659546,-0.5597650408744812,0.5274340510368347,107.388423,-37.357036,-86.280780,59.392191
2026-08-05T11:58:56.644178,1785923936.644179,51.888424,0.7352938055992126,0.06916297227144241,-0.655209481716156,0.1589348316192627,0.2584662437438965,-0.586631715297699,-0.5637858510017395,0.5207737684249878,106.024842,-36.366018,-324.019796,235.489798
2026-08-05T11:58:56.655924,1785923936.655924,51.901225,0.7329924702644348,0.06763545423746109,-0.6597353219985962,0.15131695568561554,0.272146999835968,-0.5828227400779724,-0.5676940083503723,0.5137880444526672,104.483004,-34.911574,-120.442798,113.615908
2026-08-05T11:58:56.671826,1785923936.671827,51.917127,0.7312316298484802,0.06629651039838791,-0.6634247303009033,0.14412711560726166,0.2850337028503418,-0.5784741044044495,-0.5728830099105835,0.5058949589729309,102.921231,-33.722892,-98.210667,74.749181
2026-08-05T11:58:56.688321,1785923936.688322,51.933622,0.7288557887077332,0.06561824679374695,-0.6673440933227539,0.1382591873407364,0.2970760762691498,-0.573525607585907,-0.5794488191604614,0.49704569578170776,101.263191,-32.673379,-100.517817,63.626147
2026-08-05T11:58:56.706000,1785923936.706001,51.951302,0.7255682945251465,0.06301417946815491,-0.6726536750793457,0.1308317333459854,0.3104574680328369,-0.5681589245796204,-0.5848802924156189,0.48859766125679016,99.398219,-31.047892,-105.489518,91.943367
2026-08-05T11:58:56.722323,1785923936.722323,51.967624,0.7241951823234558,0.0559796579182148,-0.676501452922821,0.12146445363759995,0.32762229442596436,-0.561647891998291,-0.5874524116516113,0.48178431391716003,97.132554,-28.897484,-138.809302,131.747958
2026-08-05T11:58:56.738819,1785923936.738819,51.984120,0.7240778803825378,0.05357363075017929,-0.678291380405426,0.11296885460615158,0.34830009937286377,-0.5537803769111633,-0.5872117877006531,0.47665274143218994,95.142079,-27.111046,-120.662790,108.294041
2026-08-05T11:58:56.755382,1785923936.755383,52.000684,0.7194955348968506,0.05751390382647514,-0.6836555600166321,0.10785900801420212,0.36875924468040466,-0.5449010133743286,-0.5875172019004822,0.4710884988307953,93.300303,-25.379472,-111.193845,104.540583
2026-08-05T11:58:56.772566,1785923936.772566,52.017867,0.7137605547904968,0.0626932755112648,-0.6898419857025146,0.1036025881767273,0.3846198320388794,-0.535760223865509,-0.5912600755691528,0.4641565978527069,91.642159,-23.913131,-96.496039,85.334042
2026-08-05T11:58:56.789680,1785923936.789681,52.034981,0.7105051875114441,0.06569637358188629,-0.6937209367752075,0.09806989133358002,0.3959154784679413,-0.5274832844734192,-0.5982263088226318,0.45512524247169495,90.133593,-23.005158,-88.146022,53.053140
2026-08-05T11:58:56.793846,1785923936.793846,52.038396,0.7060890793800354,0.06919509917497635,-0.6986818313598633,0.09216278046369553,0.4040031433105469,-0.5211356282234192,-0.6070630550384521,0.4434802532196045,88.841696,-22.492800,-378.341480,150.047967
2026-08-05T11:58:56.805889,1785923936.805890,52.051190,0.7000653147697449,0.07210084050893784,-0.7051015496253967,0.08684371411800385,0.4124252200126648,-0.5154436230659485,-0.615041196346283,0.4312175512313843,87.448385,-21.918516,-108.901333,44.886047
2026-08-05T11:58:56.822136,1785923936.822136,52.067437,0.6932594180107117,0.07984673231840134,-0.7111520767211914,0.08531534671783447,0.4244493842124939,-0.5084874629974365,-0.6209024786949158,0.41924288868904114,86.063459,-21.870705,-85.242984,2.942796
2026-08-05T11:58:56.839375,1785923936.839376,52.084677,0.686958909034729,0.08742333948612213,-0.71651691198349,0.08395402133464813,0.439248651266098,-0.49917149543762207,-0.6250946521759033,0.4088355302810669,84.482594,-21.544553,-91.701073,18.919105
2026-08-05T11:58:56.856007,1785923936.856007,52.101308,0.684763491153717,0.08957304805517197,-0.7186914086341858,0.0809841975569725,0.4555847644805908,-0.48730313777923584,-0.6288073062896729,0.3994755744934082,82.369935,-20.828505,-127.026764,43.053440
2026-08-05T11:58:56.922468,1785923936.922469,52.166759,0.685601532459259,0.090326689183712,-0.7181063294410706,0.07819981127977371,0.47110942006111145,-0.4745609760284424,-0.6337330937385559,0.38888466358184814,80.074615,-20.465646,-35.069206,5.543972
2026-08-05T11:58:56.938670,1785923936.938670,52.183971,0.6863793134689331,0.0908065065741539,-0.7177571058273315,0.07390930503606796,0.4833213984966278,-0.46325570344924927,-0.6408351063728333,0.37566760182380676,77.953020,-20.358064,-123.263188,6.250441
2026-08-05T11:58:56.943734,1785923936.943734,52.189035,0.6844998002052307,0.09460553526878357,-0.719291627407074,0.07162216305732727,0.4944412112236023,-0.453244149684906,-0.6484874486923218,0.3599485754966736,76.039827,-20.796145,-377.819784,-86.512856
2026-08-05T11:58:56.955679,1785923936.955679,52.200980,0.6804782748222351,0.10253039747476578,-0.7220005393028259,0.07177788019180298,0.5077342987060547,-0.4420895576477051,-0.6539513468742371,0.34512534737586975,74.291947,-21.404922,-146.327212,-50.964971
2026-08-05T11:58:56.971491,1785923936.971492,52.216792,0.6807283163070679,0.10256442427635193,-0.7218846678733826,0.07051488012075424,0.5236662030220032,-0.4276212155818939,-0.6574701070785522,0.3326382040977478,71.673480,-21.107398,-165.595834,18.815876
2026-08-05T11:58:56.988893,1785923936.988894,52.234194,0.6844069361686707,0.1001892164349556,-0.7189195156097412,0.06858628988265991,0.5393638014793396,-0.41187968850135803,-0.6605616807937622,0.3210938572883606,68.865340,-20.668116,-161.369404,25.243274
2026-08-05T11:58:57.005904,1785923937.005904,52.250189,0.6844778656959534,0.10616651922464371,-0.7180998921394348,0.0674634724855423,0.5521348714828491,-0.39747560024261475,-0.6649832725524902,0.3081536889076233,66.968295,-20.957284,-118.607527,-18.079428
2026-08-05T11:58:57.021559,1785923937.021560,52.266860,0.6825300455093384,0.11498801410198212,-0.7186473608016968,0.06690583378076553,0.5631153583526611,-0.3841479420661926,-0.6700096130371094,0.29397252202033997,65.436353,-21.601951,-91.887667,-38.667857
2026-08-05T11:58:57.038788,1785923937.038789,52.284089,0.6814731359481812,0.12314094603061676,-0.7183294892311096,0.06658364832401276,0.5746827125549316,-0.37053534388542175,-0.6742405295372009,0.27900582551956177,63.814169,-22.356360,-94.155155,-43.787567
2026-08-05T11:58:57.055398,1785923937.055398,52.300699,0.6796379089355469,0.12938787043094635,-0.7187228202819824,0.06920071691274643,0.5872378349304199,-0.3550669848918915,-0.6773574352264404,0.265080064535141,61.737905,-22.874463,-125.001547,-31.192419
2026-08-05T11:58:57.072121,1785923937.072121,52.317422,0.6804317235946655,0.13326837122440338,-0.7172550559043884,0.06926572322845459,0.6005683541297913,-0.3376999795436859,-0.6793280243873596,0.25256863236427307,59.456709,-22.878488,-136.411321,-0.240729
2026-08-05T11:58:57.088792,1785923937.088793,52.334093,0.6813090443611145,0.1372777372598648,-0.7154476046562195,0.07146872580051422,0.6139870882034302,-0.3191111385822296,-0.6806493401527405,0.2406357228755951,57.034273,-22.926669,-145.306840,-2.890063
2026-08-05T11:58:57.105806,1785923937.105807,52.351107,0.6815117597579956,0.142156183719635,-0.714246928691864,0.07200596481561661,0.626510739326477,-0.3011471629142761,-0.6819126605987549,0.227576345205307,54.852421,-23.033275,-128.238401,-6.265752
2026-08-05T11:58:57.122522,1785923937.122523,52.367823,0.680686354637146,0.14667671918869019,-0.7139161825180054,0.07399771362543106,0.638750433921814,-0.28316810727119446,-0.6826696991920471,0.2139558643102646,52.608088,-23.223549,-134.262525,-11.382741
2026-08-05T11:58:57.139241,1785923937.139241,52.384542,0.6813461780548096,0.15175750851631165,-0.7118911147117615,0.07712534815073013,0.6508802771568298,-0.2639826834201813,-0.6828978657722473,0.20079752802848816,50.340417,-23.513577,-135.637409,-17.347591
2026-08-05T11:58:57.155779,1785923937.155780,52.401080,0.6824002861976624,0.15824849903583527,-0.7089956402778625,0.08131883293390274,0.6626160144805908,-0.24336977303028107,-0.6826791763305664,0.18884232640266418,48.145351,-23.818553,-132.725550,-18.440529
2026-08-05T11:58:57.171447,1785923937.171448,52.416748,0.6844964623451233,0.16496272385120392,-0.7049496173858643,0.08542925119400024,0.6741750240325928,-0.22152061760425568,-0.6818140149116516,0.1776164323091507,45.929449,-24.020178,-141.429299,-12.868627
2026-08-05T11:58:57.189177,1785923937.189177,52.434478,0.6858999133110046,0.17138561606407166,-0.7016689777374268,0.08848170191049576,0.6852506995201111,-0.199448361992836,-0.680510401725769,0.1660078912973404,43.746000,-24.084897,-123.151666,-3.650316
2026-08-05T11:58:57.205368,1785923937.205369,52.450670,0.6867219805717468,0.17593136429786682,-0.6995837092399597,0.08968745917081833,0.6960339546203613,-0.17724590003490448,-0.6783132553100586,0.15496164560317993,41.468351,-23.743183,-140.669568,21.104537
2026-08-05T11:58:57.222120,1785923937.222121,52.467422,0.686750590801239,0.18184591829776764,-0.6978392004966736,0.09124890714883804,0.7065140604972839,-0.15374642610549927,-0.6753121614456177,0.14544691145420074,39.297670,-23.301218,-129.577357,26.382848
2026-08-05T11:58:57.239190,1785923937.239191,52.484492,0.6876260042190552,0.18982967734336853,-0.6944042444229126,0.09454043954610825,0.7157219648361206,-0.1294015645980835,-0.6723021864891052,0.1378706693649292,37.307761,-22.988647,-116.573082,18.311058
2026-08-05T11:58:57.254785,1785923937.254786,52.500087,0.6896272301673889,0.1981540322303772,-0.6896203756332397,0.0978417843580246,0.7235510349273682,-0.10416052490472794,-0.6694491505622864,0.13214938342571259,35.296528,-22.502648,-128.966912,31.163855
2026-08-05T11:58:57.272419,1785923937.272419,52.517720,0.6917687058448792,0.20499417185783386,-0.6851193308830261,0.10022591054439545,0.7302035689353943,-0.07769624888896942,-0.6663897633552551,0.1291971206665039,33.044484,-21.464532,-127.716133,58.872809
2026-08-05T11:58:57.287933,1785923937.287933,52.533234,0.6933901906013489,0.2123088240623474,-0.6809946894645691,0.10189010947942734,0.7358753681182861,-0.050111934542655945,-0.6628473997116089,0.12888307869434357,30.782376,-20.085921,-145.807210,88.860218
2026-08-05T11:58:57.305298,1785923937.305298,52.549899,0.6947101354598999,0.21714772284030914,-0.6782296299934387,0.10113957524299622,0.7405509352684021,-0.021363548934459686,-0.6587905287742615,0.13085977733135223,28.198628,-17.990092,-155.038338,125.760643
2026-08-05T11:58:57.321642,1785923937.321642,52.566943,0.6960588097572327,0.21904760599136353,-0.6764540076255798,0.09965197741985321,0.7438356876373291,0.008142843842506409,-0.6545575857162476,0.13489921391010284,25.283586,-15.320957,-171.034520,156.606432
2026-08-05T11:58:57.338428,1785923937.338429,52.583730,0.6972796320915222,0.22262850403785706,-0.6739169955253601,0.10036753118038177,0.7456859350204468,0.03781149163842201,-0.6501611471176147,0.14076393842697144,22.578352,-12.804597,-161.152322,149.900934
2026-08-05T11:58:57.355012,1785923937.355013,52.600313,0.696678876876831,0.23213699460029602,-0.6706932783126831,0.10450664162635803,0.746510922908783,0.06637690961360931,-0.6453933119773865,0.14759461581707,20.672408,-11.090022,-114.928876,103.389334
2026-08-05T11:58:57.372053,1785923937.372053,52.617354,0.6957702040672302,0.2398284673690796,-0.668476402759552,0.10735717415809631,0.746584415435791,0.09225452691316605,-0.640600860118866,0.15405391156673431,18.961416,-9.349671,-100.407398,102.130329
2026-08-05T11:58:57.388477,1785923937.388478,52.633779,0.694948136806488,0.24535474181175232,-0.6671709418296814,0.10831044614315033,0.7463482618331909,0.11446397751569748,-0.6360490322113037,0.15907524526119232,17.516192,-7.679464,-87.991142,101.689005
2026-08-05T11:58:57.405246,1785923937.405247,52.649900,0.6932929754257202,0.24900029599666595,-0.6677837371826172,0.10681174695491791,0.7450934648513794,0.13274845480918884,-0.6332352757453918,0.16195058822631836,16.393618,-6.128322,-69.632615,96.216413
2026-08-05T11:58:57.421661,1785923937.421661,52.666490,0.693481981754303,0.24998259544372559,-0.6675705313682556,0.10460053384304047,0.7428613901138306,0.1486937552690506,-0.6316986083984375,0.16433285176753998,15.192879,-4.501489,-72.378822,98.063143
2026-08-05T11:58:57.438518,1785923937.438519,52.683819,0.6932544708251953,0.2520983815193176,-0.6671423316001892,0.10375795513391495,0.7398988604545593,0.1650005280971527,-0.6298907399177551,0.16900700330734253,14.232745,-2.856918,-55.403966,94.899034
2026-08-05T11:58:57.455474,1785923937.455475,52.700775,0.6916749477386475,0.2567480504512787,-0.6668880581855774,0.10453065484762192,0.7365206480026245,0.18106554448604584,-0.6275019645690918,0.17605458199977875,13.762075,-1.390342,-27.758190,86.492572
2026-08-05T11:58:57.471329,1785923937.471329,52.716630,0.6895759701728821,0.262199729681015,-0.6668208837509155,0.10529202967882156,0.7331528067588806,0.19570618867874146,-0.6247167587280273,0.18416382372379303,13.717976,-0.029038,-2.781432,85.860490
2026-08-05T11:58:57.488361,1785923937.488361,52.733662,0.6886960864067078,0.26570841670036316,-0.6664109230041504,0.10484928637742996,0.7306651473045349,0.20537762343883514,-0.6228662729263306,0.18970297276973724,13.805801,0.970951,5.156498,58.712721
2026-08-05T11:58:57.505200,1785923937.505200,52.750501,0.6870738863945007,0.2683226466178894,-0.6672165989875793,0.10370512306690216,0.7287000417709351,0.20917034149169922,-0.6233946681022644,0.19137433171272278,13.967182,1.296156,9.583897,19.312844
2026-08-05T11:58:57.522373,1785923937.522374,52.766675,0.6865332722663879,0.2672105133533478,-0.6688091158866882,0.09982623159885406,0.727070152759552,0.20790737867355347,-0.6263176202774048,0.18939641118049622,14.037906,1.454869,4.372630,9.812621
2026-08-05T11:58:57.539056,1785923937.539056,52.784357,0.68586665391922,0.2644425630569458,-0.6712456345558167,0.09532227367162704,0.7256205677986145,0.20524920523166656,-0.6296990513801575,0.1866225004196167,14.111625,1.631864,4.169235,10.010131
2026-08-05T11:58:57.555575,1785923937.555576,52.800877,0.6849936842918396,0.2619524598121643,-0.6734476685523987,0.09291335940361023,0.7239318490028381,0.20465347170829773,-0.6319007873535156,0.1863928586244583,14.166483,2.004913,3.320733,22.581956
2026-08-05T11:58:57.571591,1785923937.571591,52.816892,0.684493362903595,0.26175063848495483,-0.6739940643310547,0.09320642054080963,0.7219805121421814,0.20678897202014923,-0.6323149800300598,0.19016163051128387,14.305024,2.517144,8.650402,31.983441
2026-08-05T11:58:57.588155,1785923937.588156,52.833456,0.6839538216590881,0.2623920738697052,-0.6742071509361267,0.09382106363773346,0.7201101183891296,0.21075822412967682,-0.6313305497169495,0.1960744559764862,14.625395,3.252531,19.341265,44.396330
2026-08-05T11:58:57.621174,1785923937.621175,52.866475,0.6833696365356445,0.26164695620536804,-0.6751646995544434,0.09327156096696854,0.7184258103370667,0.21365049481391907,-0.6306352019309998,0.20129157602787018,15.032232,4.056822,12.321273,24.358377
2026-08-05T11:58:57.639050,1785923937.639050,52.883338,0.6831763386726379,0.2605403661727905,-0.6758533716201782,0.09279657155275345,0.7168834209442139,0.21414102613925934,-0.6311561465263367,0.2046089917421341,15.295010,4.534043,15.583466,28.300495
2026-08-05T11:58:57.654583,1785923937.654584,52.899884,0.6826618313789368,0.26012134552001953,-0.6764604449272156,0.09333203732967377,0.7156426310539246,0.2132401168346405,-0.6321787238121033,0.20672623813152313,15.430368,4.652641,8.180482,7.167579
2026-08-05T11:58:57.671618,1785923937.671618,52.916488,0.6820997595787048,0.2593974173069,-0.6772247552871704,0.09391403198242188,0.7148913741111755,0.2119886428117752,-0.6328296661376953,0.2086120992898941,15.576813,4.739534,8.820020,5.233369
2026-08-05T11:58:57.687814,1785923937.687814,52.933115,0.6817663311958313,0.2579825520515442,-0.6781705617904663,0.09340633451938629,0.7143117785453796,0.21119685471057892,-0.6330836415290833,0.21062038838863373,15.816242,5.018902,14.400154,16.802192
2026-08-05T11:58:57.690507,1785923937.690508,52.935809,0.6818464994430542,0.2560211718082428,-0.678893506526947,0.09296368807554245,0.7127148509025574,0.2116452008485794,-0.6331372261047363,0.21536529064178467,16.218359,5.689097,149.283116,248.805321
2026-08-05T11:58:57.705257,1785923937.705258,52.950558,0.6818234920501709,0.2547680139541626,-0.6793348789215088,0.09334881603717804,0.7120217680931091,0.2126396745443344,-0.6325494647026062,0.21838468313217163,16.424898,6.117829,14.002811,29.067072
2026-08-05T11:58:57.722217,1785923937.722218,52.966517,0.6817868947982788,0.2540641725063324,-0.6795661449432373,0.0938512310385704,0.7115084528923035,0.2134837955236435,-0.6319219470024109,0.22103485465049744,16.610849,6.441610,11.651831,20.288265
2026-08-05T11:58:57.755530,1785923937.755531,53.000832,0.6818372011184692,0.25318753719329834,-0.6798487901687622,0.09380784630775452,0.7112254500389099,0.21385478973388672,-0.6315968632698059,0.22251111268997192,16.740342,6.683160,3.773725,7.039315
2026-08-05T11:58:57.772192,1785923937.772192,53.017493,0.6819261312484741,0.25200068950653076,-0.6802407503128052,0.0935153067111969,0.7110806107521057,0.213782399892807,-0.6316199898719788,0.2229774445295334,16.792034,6.849511,3.102525,9.984349
2026-08-05T11:58:57.788803,1785923937.788804,53.034104,0.6817634105682373,0.2511260211467743,-0.6807041168212891,0.09368269890546799,0.7109615206718445,0.2132129818201065,-0.631966233253479,0.2229212075471878,16.765667,6.867255,-1.587296,1.068166
2026-08-05T11:58:57.805575,1785923937.805576,53.050876,0.6816258430480957,0.2514398694038391,-0.6805822849273682,0.09472083300352097,0.7107515931129456,0.21280667185783386,-0.6322178840637207,0.22326497733592987,16.700950,6.757077,-3.858639,-6.569119
2026-08-05T11:58:57.822492,1785923937.822493,53.067793,0.6812195777893066,0.25233787298202515,-0.6804633140563965,0.09610076248645782,0.7104440927505493,0.2129032015800476,-0.6321396231651306,0.22437125444412231,16.698627,6.673948,-0.137290,-4.913967
2026-08-05T11:58:57.838684,1785923937.838684,53.083254,0.6812599897384644,0.2522319257259369,-0.6805111169815063,0.09575240314006805,0.7102811932563782,0.21313734352588654,-0.6318569183349609,0.22545769810676575,16.841509,6.823145,9.241762,9.650222
2026-08-05T11:58:57.844566,1785923937.844566,53.089428,0.6813979744911194,0.25150033831596375,-0.6807485222816467,0.09500590711832047,0.7101796269416809,0.21352067589759827,-0.6315246820449829,0.22634445130825043,16.990441,7.054898,24.121036,37.535006
2026-08-05T11:58:57.855691,1785923937.855691,53.100992,0.6816410422325134,0.25077390670776367,-0.68079674243927,0.0948358029127121,0.7101067900657654,0.21413131058216095,-0.6311355829238892,0.22707988321781158,17.053958,7.246877,5.492784,16.601744
2026-08-05T11:58:57.871576,1785923937.871576,53.116877,0.6815894842147827,0.2508118152618408,-0.6807336807250977,0.09555646777153015,0.7102248072624207,0.2141321748495102,-0.6309558749198914,0.2272094041109085,17.002874,7.196680,-3.215907,-3.160087
2026-08-05T11:58:57.888792,1785923937.888792,53.134093,0.6814814805984497,0.25147080421447754,-0.6804261207580566,0.0967782661318779,0.7101415395736694,0.2143631875514984,-0.6307421922683716,0.22784438729286194,16.952217,7.115325,-2.942375,-4.725433
2026-08-05T11:58:57.892126,1785923937.892126,53.137427,0.6812467575073242,0.252163290977478,-0.680296003818512,0.09754035621881485,0.7099604606628418,0.2145691066980362,-0.6305319666862488,0.22879433631896973,16.989755,7.092623,11.258862,-6.809350
2026-08-05T11:58:57.904806,1785923937.904807,53.150107,0.6815069913864136,0.25213122367858887,-0.6800328493118286,0.09764053672552109,0.7097550630569458,0.21496431529521942,-0.630192756652832,0.22999289631843567,17.082067,7.223274,7.280000,10.303507
2026-08-05T11:58:57.921533,1785923937.921534,53.166834,0.6816635727882385,0.251930296421051,-0.6799229383468628,0.09783091396093369,0.7097397446632385,0.2149406224489212,-0.6299894452095032,0.23061804473400116,17.121284,7.277162,2.344552,3.221613
2026-08-05T11:58:57.938039,1785923937.938039,53.183340,0.6819064617156982,0.2516135275363922,-0.6797356009483337,0.09825503081083298,0.7097481489181519,0.2148948609828949,-0.6297580003738403,0.23126576840877533,17.133118,7.323018,0.716925,2.778241
2026-08-05T11:58:57.955259,1785923937.955260,53.200560,0.682039737701416,0.2513345181941986,-0.6796404123306274,0.09870056062936783,0.7098780870437622,0.2144734412431717,-0.6296276450157166,0.2316131442785263,17.128389,7.306002,-0.274593,-0.988152
2026-08-05T11:58:57.972379,1785923937.972379,53.217680,0.6823368072509766,0.25075727701187134,-0.6795459985733032,0.09876587986946106,0.7099827527999878,0.21379218995571136,-0.6296483874320984,0.23186513781547546,17.141910,7.316357,0.789812,0.604865
2026-08-05T11:58:57.988324,1785923937.988325,53.232605,0.6823563575744629,0.25062066316604614,-0.6795434355735779,0.09899558871984482,0.7100499272346497,0.2132609337568283,-0.629594624042511,0.23229430615901947,17.176558,7.302096,2.321516,-0.955547
2026-08-05T11:58:57.991798,1785923937.991798,53.237099,0.6824027299880981,0.25059249997138977,-0.6794399619102478,0.09945519268512726,0.7102314829826355,0.21254397928714752,-0.6295251846313477,0.23258458077907562,17.180753,7.231250,0.933433,-15.763924
2026-08-05T11:58:58.038145,1785923938.038146,53.283446,0.6823492050170898,0.25078585743904114,-0.679326593875885,0.10010813921689987,0.710344672203064,0.21197426319122314,-0.6294256448745728,0.23302781581878662,17.184888,7.151385,0.089216,-1.723173
2026-08-05T11:58:58.055536,1785923938.055536,53.300837,0.682455837726593,0.25086066126823425,-0.6791197657585144,0.10059570521116257,0.710380494594574,0.21146272122859955,-0.6294377446174622,0.23334993422031403,17.175737,7.090558,-0.526189,-3.497764
2026-08-05T11:58:58.072339,1785923938.072339,53.317640,0.6827970147132874,0.250644326210022,-0.678820013999939,0.10084252804517746,0.7104915976524353,0.2108684480190277,-0.6294651627540588,0.23347622156143188,17.157591,7.049965,-1.079926,-2.415773
2026-08-05T11:58:58.089158,1785923938.089158,53.334459,0.6829797625541687,0.25031256675720215,-0.6787504553794861,0.10089835524559021,0.7106357216835022,0.20996777713298798,-0.6296489834785461,0.23335370421409607,17.146532,6.988666,-0.657539,-3.644646
2026-08-05T11:58:58.105760,1785923938.105761,53.351062,0.6829602122306824,0.25053009390830994,-0.6786156296730042,0.10139568150043488,0.7108585834503174,0.20853759348392487,-0.630060613155365,0.2328454554080963,17.081223,6.766095,-3.933586,-13.405456
2026-08-05T11:58:58.122487,1785923938.122487,53.367788,0.6829443573951721,0.2511654496192932,-0.678297758102417,0.10205493867397308,0.7111687064170837,0.20653687417507172,-0.6307171583175659,0.2319023460149765,16.978394,6.407745,-6.147811,-21.424704
2026-08-05T11:58:58.139027,1785923938.139028,53.384328,0.6827262043952942,0.25172287225723267,-0.6782382726669312,0.10253534466028214,0.7116793394088745,0.2039540708065033,-0.6315139532089233,0.23044916987419128,16.882126,5.977548,-5.820128,-26.008682
2026-08-05T11:58:58.143096,1785923938.143096,53.388397,0.6829688549041748,0.25139057636260986,-0.6781664490699768,0.10220952332019806,0.7124214172363281,0.20096032321453094,-0.6322957277297974,0.2286352664232254,16.816820,5.622795,-16.051353,-87.192640
2026-08-05T11:58:58.155651,1785923938.155652,53.400952,0.6830057501792908,0.2506861388683319,-0.6784560680389404,0.10176965594291687,0.7132659554481506,0.19778525829315186,-0.63314288854599,0.22641552984714508,16.740559,5.261812,-6.073974,-28.751307
2026-08-05T11:58:58.170977,1785923938.170977,53.416278,0.6830158829689026,0.2500635087490082,-0.6787571310997009,0.10122490674257278,0.7140083909034729,0.19507181644439697,-0.6338986158370972,0.22430559992790222,16.678137,4.950645,-4.072975,-20.303477
2026-08-05T11:58:58.187924,1785923938.187925,53.433225,0.6834467649459839,0.2491660714149475,-0.678751528263092,0.10056564211845398,0.7146449089050293,0.19305497407913208,-0.6344018578529358,0.22259338200092316,16.612302,4.764313,-3.884726,-10.994801
2026-08-05T11:58:58.205452,1785923938.205453,53.450754,0.6837179064750671,0.2486705631017685,-0.6787306070327759,0.10008781403303146,0.7152135372161865,0.1919344663619995,-0.6344690918922424,0.22154223918914795,16.589194,4.657497,-1.318304,-6.093925
2026-08-05T11:58:58.211051,1785923938.211051,53.455771,0.6838180422782898,0.2484668791294098,-0.6787757873535156,0.0996033176779747,0.7157015800476074,0.19151756167411804,-0.6342617273330688,0.22092022001743317,16.604221,4.619940,2.995126,-7.485465
2026-08-05T11:58:58.255199,1785923938.255199,53.500500,0.6840425729751587,0.248489648103714,-0.6786029934883118,0.09918064624071121,0.7161024212837219,0.19127029180526733,-0.6341050863265991,0.22028371691703796,16.599790,4.570369,-0.099081,-1.108252
2026-08-05T11:58:58.272070,1785923938.272071,53.516526,0.6841971278190613,0.2486511915922165,-0.6784899830818176,0.09847988188266754,0.7164561152458191,0.19104759395122528,-0.6341031193733215,0.21933035552501678,16.594209,4.506326,-0.348198,-3.996143
2026-08-05T11:58:58.288278,1785923938.288279,53.533579,0.6846311092376709,0.2482469081878662,-0.678345263004303,0.097476527094841,0.7167935967445374,0.19113825261592865,-0.6340838670730591,0.21820168197155,16.552710,4.528239,-2.433549,1.284968
2026-08-05T11:58:58.307617,1785923938.307617,53.552918,0.6847736835479736,0.248061865568161,-0.6783323884010315,0.09703471511602402,0.717123806476593,0.19151347875595093,-0.6339578628540039,0.21715132892131805,16.477668,4.517635,-3.880426,-0.548319
2026-08-05T11:58:58.322157,1785923938.322157,53.567458,0.6846842765808105,0.24826842546463013,-0.6783475279808044,0.09703035652637482,0.7173287868499756,0.19228358566761017,-0.6336913108825684,0.2165716588497162,16.414741,4.511478,-4.327817,-0.423470
2026-08-05T11:58:58.338575,1785923938.338575,53.583876,0.6844966411590576,0.24877941608428955,-0.6783708930015564,0.09688398987054825,0.7174292206764221,0.1931031048297882,-0.633461594581604,0.21618108451366425,16.394171,4.510027,-1.252926,-0.088399
2026-08-05T11:58:58.353195,1785923938.354432,53.598496,0.6843960285186768,0.24900540709495544,-0.6784653067588806,0.09635099768638611,0.7174341678619385,0.19376833736896515,-0.633388340473175,0.21578361093997955,16.396456,4.552569,0.156326,2.909794
2026-08-05T11:58:58.372463,1785923938.372463,53.617764,0.6842530965805054,0.24910925328731537,-0.6786380410194397,0.09587986767292023,0.7173621654510498,0.19439835846424103,-0.6333981156349182,0.21542717516422272,16.392023,4.603367,-0.230074,2.636443
2026-08-05T11:58:58.388051,1785923938.388052,53.633353,0.6841025352478027,0.24924162030220032,-0.6787912845611572,0.09552432596683502,0.7172081470489502,0.19475296139717102,-0.6336437463760376,0.2148968130350113,16.362008,4.606833,-1.925463,0.222386
2026-08-05T11:58:58.405693,1785923938.405693,53.650994,0.6838778853416443,0.24957095086574554,-0.678904116153717,0.09547238796949387,0.716921329498291,0.19494585692882538,-0.6340861916542053,0.21437300741672516,16.309051,4.558315,-3.001838,-2.750230
2026-08-05T11:58:58.421266,1785923938.421266,53.665297,0.6836374998092651,0.24971403181552887,-0.679127037525177,0.09523335099220276,0.7164976596832275,0.19523511826992035,-0.6345406770706177,0.21418160200119019,16.293936,4.579055,-1.056755,1.450056
2026-08-05T11:58:58.430920,1785923938.430920,53.676221,0.6834270358085632,0.2497876137495041,-0.6793544888496399,0.0949288159608841,0.716052234172821,0.19559742510318756,-0.6349135637283325,0.21423538029193878,16.304307,4.637844,0.949434,5.381786
2026-08-05T11:58:58.439829,1785923938.439830,53.685131,0.683383047580719,0.24966275691986084,-0.6794881224632263,0.09461593627929688,0.7157548666000366,0.19588075578212738,-0.6351118087768555,0.21438264846801758,16.321967,4.713906,1.982040,8.536810
2026-08-05T11:58:58.455683,1785923938.455683,53.700984,0.6833208203315735,0.24923016130924225,-0.6797102093696594,0.09461044520139694,0.7156527638435364,0.19583362340927124,-0.6352555155754089,0.21434052288532257,16.303510,4.748415,-1.164250,2.176805
2026-08-05T11:58:58.472444,1785923938.472445,53.717745,0.6832396984100342,0.24878664314746857,-0.6798911094665527,0.09506360441446304,0.7156103253364563,0.1956007331609726,-0.6353887915611267,0.21429964900016785,16.249369,4.732310,-3.230092,-0.960864
2026-08-05T11:58:58.488712,1785923938.488712,53.733077,0.6832934021949768,0.24807175993919373,-0.6800347566604614,0.09551647305488586,0.7156005501747131,0.19517889618873596,-0.6354731321334839,0.21446731686592102,16.209655,4.741929,-2.590365,0.627401
2026-08-05T11:58:58.504980,1785923938.504981,53.750282,0.6833545565605164,0.2469611018896103,-0.6803774833679199,0.09551680088043213,0.7156947255134583,0.19437742233276367,-0.6355092525482178,0.2147732377052307,16.237972,4.801462,1.645880,3.460256
2026-08-05T11:58:58.520837,1785923938.520837,53.766138,0.6835929751396179,0.24534977972507477,-0.6808146834373474,0.09484675526618958,0.716025173664093,0.19272729754447937,-0.635662853717804,0.21470461785793304,16.310583,4.853769,4.579364,3.298850
2026-08-05T11:58:58.537835,1785923938.537836,53.783137,0.6840512752532959,0.2434893548488617,-0.6811549663543701,0.09388838708400726,0.7166048884391785,0.19008950889110565,-0.636043906211853,0.21399268507957458,16.369352,4.812112,3.457215,-2.450590
2026-08-05T11:58:58.554526,1785923938.554527,53.799424,0.684485673904419,0.24178698658943176,-0.6814586520195007,0.09291133284568787,0.7174062132835388,0.18669141829013824,-0.636587381362915,0.21267929673194885,16.411857,4.641742,2.609706,-10.460131
2026-08-05T11:58:58.571074,1785923938.571075,53.816375,0.6849688291549683,0.2403620332479477,-0.6816108226776123,0.09192725270986557,0.7183481454849243,0.18312987685203552,-0.637084424495697,0.21110223233699799,16.451108,4.408999,2.315460,-13.730112
2026-08-05T11:58:58.588401,1785923938.588401,53.833702,0.6852653622627258,0.23946985602378845,-0.6817418932914734,0.09106922894716263,0.7191526293754578,0.1800815761089325,-0.6375930309295654,0.20944377779960632,16.475917,4.156034,1.431849,-14.599764
2026-08-05T11:58:58.593627,1785923938.593628,53.838928,0.6855033040046692,0.239031583070755,-0.6817367672920227,0.09046722948551178,0.7198672294616699,0.1778920292854309,-0.6378615498542786,0.2080371081829071,16.487775,3.934728,2.268936,-42.344186
2026-08-05T11:58:58.605002,1785923938.605002,53.850303,0.6857904195785522,0.23887626826763153,-0.6815348267555237,0.09022164344787598,0.7204572558403015,0.17666760087013245,-0.6379283666610718,0.20682980120182037,16.449394,3.757362,-3.374320,-15.593351
2026-08-05T11:58:58.655556,1785923938.655556,53.900857,0.6859259605407715,0.23903882503509521,-0.6813217401504517,0.09036992490291595,0.7208409309387207,0.17633125185966492,-0.6379173994064331,0.20581144094467163,16.365587,3.612738,-1.657766,-2.860770
2026-08-05T11:58:58.672581,1785923938.672582,53.917882,0.6860833168029785,0.23914125561714172,-0.6811072826385498,0.09052112698554993,0.7211036086082458,0.17676101624965668,-0.6377458572387695,0.20505258440971375,16.266021,3.559558,-5.848091,-3.123559
2026-08-05T11:58:58.689154,1785923938.689155,53.934456,0.6861655116081238,0.23932170867919922,-0.6809285879135132,0.09076621383428574,0.7211974263191223,0.17785519361495972,-0.6374467611312866,0.20470651984214783,16.169771,3.583564,-5.807545,1.448469
2026-08-05T11:58:58.706340,1785923938.706341,53.951642,0.6861541867256165,0.2396598756313324,-0.6807838082313538,0.09104514867067337,0.7211188077926636,0.17917026579380035,-0.6371662616729736,0.20471031963825226,16.098463,3.640590,-4.149229,3.318172
2026-08-05T11:58:58.722417,1785923938.722418,53.967719,0.6859709024429321,0.24004140496253967,-0.6808165311813354,0.09117629379034042,0.7209452986717224,0.1802544742822647,-0.6370154023170471,0.20483869314193726,16.070445,3.698466,-1.742694,3.599961
2026-08-05T11:58:58.739242,1785923938.739243,53.984543,0.6858426928520203,0.24018961191177368,-0.6809089183807373,0.09106016904115677,0.7207331657409668,0.18108032643795013,-0.6369927525520325,0.20492678880691528,16.058196,3.772668,-0.728074,4.410261
2026-08-05T11:58:58.745911,1785923938.745912,53.991213,0.6857694387435913,0.23984692990779877,-0.6811723709106445,0.09054340422153473,0.7205039858818054,0.181596577167511,-0.6371132135391235,0.2049017995595932,16.063590,3.888053,0.808860,17.300968
2026-08-05T11:58:58.748996,1785923938.748996,53.994297,0.6858224272727966,0.23921607434749603,-0.6814060807228088,0.0900513082742691,0.7203611731529236,0.1817951798439026,-0.6372525691986084,0.20479431748390198,16.058230,3.993230,-1.737832,34.099541
2026-08-05T11:58:58.755568,1785923938.755569,54.000870,0.6855939030647278,0.238939568400383,-0.6817368268966675,0.09002197533845901,0.7202004194259644,0.18170389533042908,-0.637507975101471,0.20464520156383514,16.042896,4.004164,-2.333054,1.663567
2026-08-05T11:58:58.788942,1785923938.788942,54.034243,0.6855736970901489,0.23864635825157166,-0.6818221807479858,0.09030736237764359,0.7199158072471619,0.18150775134563446,-0.6379311084747314,0.2045026570558548,15.978296,3.985479,-1.935687,-0.559883
2026-08-05T11:58:58.805717,1785923938.805718,54.051018,0.6855678558349609,0.23842686414718628,-0.6817762851715088,0.09127180278301239,0.7195802330970764,0.18147441744804382,-0.6382545232772827,0.20470409095287323,15.875010,3.949996,-6.156862,-2.115129
2026-08-05T11:58:58.823214,1785923938.823214,54.068515,0.6854243874549866,0.23806113004684448,-0.6818751692771912,0.09255585074424744,0.7192933559417725,0.18145842850208282,-0.6383799314498901,0.20533469319343567,15.791990,3.939609,-4.744972,-0.593651
2026-08-05T11:58:58.838955,1785923938.838955,54.084256,0.6854776740074158,0.23717212677001953,-0.6819211840629578,0.09409243613481522,0.7190922498703003,0.18110869824886322,-0.638473629951477,0.2060546576976776,15.680827,3.935356,-7.061951,-0.270188
2026-08-05T11:58:58.855896,1785923938.855897,54.101198,0.6854367256164551,0.23583991825580597,-0.6822165846824646,0.09558714181184769,0.7191615104675293,0.17991957068443298,-0.6385412812232971,0.20664450526237488,15.600584,3.891266,-4.736461,-2.602489
2026-08-05T11:58:58.872331,1785923938.872331,54.117632,0.6856991648674011,0.23358947038650513,-0.682619571685791,0.0963495671749115,0.7193111777305603,0.17756490409374237,-0.6389802694320679,0.20680351555347443,15.544449,3.853898,-3.415669,-2.273755
2026-08-05T11:58:58.888518,1785923938.888518,54.133819,0.686069130897522,0.23115971684455872,-0.6830703020095825,0.09638163447380066,0.7196242213249207,0.17426139116287231,-0.6395220160484314,0.20684944093227386,15.582522,3.799372,2.352043,-3.368530
2026-08-05T11:58:58.896250,1785923938.896251,54.139954,0.6863192915916443,0.2289532870054245,-0.6836596131324768,0.09568692743778229,0.7199398875236511,0.17028746008872986,-0.6402228474617004,0.2068926990032196,15.735009,3.726160,24.854356,-11.932993
2026-08-05T11:58:58.905372,1785923938.905373,54.150673,0.6863736510276794,0.22751814126968384,-0.6842148303985596,0.09474682807922363,0.7201603055000305,0.16634322702884674,-0.64096999168396,0.2070213258266449,15.957008,3.613776,20.710694,-10.484549
2026-08-05T11:58:58.938352,1785923938.938352,54.183653,0.6865605115890503,0.2268686592578888,-0.6843619346618652,0.0938832238316536,0.7204080820083618,0.1633044332265854,-0.6414055228233337,0.2072296142578125,16.169893,3.503942,6.455019,-3.330340
2026-08-05T11:58:58.954853,1785923938.954854,54.200155,0.6866520643234253,0.22697420418262482,-0.6842864751815796,0.0935082957148552,0.7206896543502808,0.1618604063987732,-0.6413399577140808,0.20758579671382904,16.323050,3.430377,9.281493,-4.458095
2026-08-05T11:58:58.972457,1785923938.972457,54.217758,0.6870524287223816,0.2274857759475708,-0.6836286783218384,0.09413459151983261,0.7210181951522827,0.1620706170797348,-0.6407541036605835,0.208089217543602,16.323154,3.387223,0.005908,-2.451433
2026-08-05T11:58:58.988882,1785923938.988882,54.234183,0.687447726726532,0.22902771830558777,-0.6824899315834045,0.0957578718662262,0.7214381694793701,0.16351352632045746,-0.6397305727005005,0.20865362882614136,16.227862,3.277433,-5.801898,-6.684573
2026-08-05T11:58:59.005587,1785923939.005587,54.250888,0.687853217124939,0.22981350123882294,-0.6816860437393188,0.09668506681919098,0.7217972278594971,0.16563184559345245,-0.6386545300483704,0.20903712511062622,16.115803,3.332317,-6.707881,3.285401
2026-08-05T11:58:59.022285,1785923939.022285,54.267586,0.6883947253227234,0.23003272712230682,-0.6810087561607361,0.09708089381456375,0.7220401167869568,0.16766536235809326,-0.6378290057182312,0.20909850299358368,15.987751,3.447755,-7.668873,6.913413
2026-08-05T11:58:59.038931,1785923939.038932,54.284232,0.6888671517372131,0.22997824847698212,-0.680555522441864,0.09703779965639114,0.7224271297454834,0.16931362450122833,-0.6369833946228027,0.20901080965995789,15.908790,3.576898,-4.743333,7.757901
2026-08-05T11:58:59.072917,1785923939.072918,54.317175,0.689201295375824,0.22984886169433594,-0.6802904009819031,0.09683056175708771,0.7228671908378601,0.17005473375320435,-0.6364559531211853,0.20849311351776123,15.848960,3.615376,-1.816194,1.168036
2026-08-05T11:58:59.088863,1785923939.088863,54.334164,0.6893600821495056,0.2299818992614746,-0.680099368095398,0.09672658145427704,0.723239541053772,0.16998133063316345,-0.6363012194633484,0.2077326625585556,15.803096,3.536436,-2.699674,-4.646609
2026-08-05T11:58:59.105312,1785923939.105313,54.350613,0.6895856857299805,0.23018547892570496,-0.6798234581947327,0.09657327085733414,0.723639190196991,0.16958923637866974,-0.6361675262451172,0.2070702463388443,15.785770,3.435987,-1.053267,-6.106547
2026-08-05T11:58:59.122204,1785923939.122205,54.367506,0.6897464394569397,0.23029734194278717,-0.6796656250953674,0.09627021104097366,0.7239216566085815,0.16959154605865479,-0.635857343673706,0.2070336788892746,15.824893,3.441695,2.316008,0.337911
2026-08-05T11:58:59.139080,1785923939.139081,54.384381,0.6899779438972473,0.23049423098564148,-0.6794068813323975,0.09596388041973114,0.7241096496582031,0.1699991524219513,-0.635425329208374,0.20736801624298096,15.878510,3.504856,3.177211,3.742721
2026-08-05T11:58:59.155983,1785923939.155983,54.401284,0.690193772315979,0.23084937036037445,-0.6791211366653442,0.09558092057704926,0.7242063283920288,0.17064452171325684,-0.6350411176681519,0.20767663419246674,15.928248,3.578246,2.942527,4.341864
2026-08-05T11:58:59.172262,1785923939.172262,54.417563,0.6906447410583496,0.23096920549869537,-0.6786493062973022,0.09538553655147552,0.7242832183837891,0.17153479158878326,-0.6346396803855896,0.2079019993543625,15.916178,3.671197,-0.741460,5.709838
2026-08-05T11:58:59.188332,1785923939.188333,54.433634,0.6908081769943237,0.23164869844913483,-0.6781510710716248,0.09609513729810715,0.7243950963020325,0.17260460555553436,-0.6341877579689026,0.2080053985118866,15.837424,3.648728,-4.900541,-1.398157
2026-08-05T11:58:59.193834,1785923939.193835,54.439136,0.6909321546554565,0.23233826458454132,-0.6776571869850159,0.09701845794916153,0.724449634552002,0.17397890985012054,-0.633621871471405,0.20839545130729675,15.754953,3.658729,-14.989277,1.817731
2026-08-05T11:58:59.205344,1785923939.205344,54.450645,0.6910609602928162,0.23294639587402344,-0.6771488189697266,0.09818585962057114,0.7245742082595825,0.17514705657958984,-0.6329296827316284,0.20908644795417786,15.690020,3.664258,-5.641790,0.480414
2026-08-05T11:58:59.222404,1785923939.222404,54.467705,0.6908774375915527,0.23393337428569794,-0.6767979860305786,0.09953942894935608,0.7246900796890259,0.1756809502840042,-0.6323767304420471,0.20990805327892303,15.678661,3.580488,-0.665805,-4.910330
2026-08-05T11:58:59.254668,1785923939.254668,54.499969,0.6910368800163269,0.23392927646636963,-0.6765918731689453,0.09984374046325684,0.7247488498687744,0.1754331886768341,-0.6321452260017395,0.21060806512832642,15.725391,3.593060,1.448374,0.389688
2026-08-05T11:58:59.271173,1785923939.271173,54.516474,0.691268265247345,0.23311980068683624,-0.6767740249633789,0.09889695048332214,0.7247877717018127,0.1744345873594284,-0.6322329640388489,0.21104049682617188,15.860955,3.691747,8.213381,5.979096
2026-08-05T11:58:59.287644,1785923939.287644,54.532945,0.6917126774787903,0.23130597174167633,-0.6772834658622742,0.09653264284133911,0.7249360084533691,0.1730930656194687,-0.6324121952056885,0.21109843254089355,16.068772,3.930146,12.617402,14.474179
2026-08-05T11:58:59.304616,1785923939.304617,54.549918,0.6920351386070251,0.22972537577152252,-0.677859902381897,0.09391346573829651,0.7252168655395508,0.17147895693778992,-0.6327438950538635,0.21045586466789246,16.264350,4.085035,11.523014,9.125724
2026-08-05T11:58:59.321626,1785923939.321627,54.566928,0.6923197507858276,0.2289256602525711,-0.6781308650970459,0.0917886346578598,0.7255300879478455,0.1699676215648651,-0.6332262754440308,0.2091474086046219,16.368206,4.083329,6.105602,-0.100303
2026-08-05T11:58:59.339691,1785923939.339691,54.584992,0.6924071311950684,0.22954043745994568,-0.6779958009719849,0.09058412909507751,0.7258124947547913,0.16930177807807922,-0.6336071491241455,0.2075478881597519,16.379072,3.928262,0.601544,-8.584207
2026-08-05T11:58:59.344694,1785923939.344694,54.589995,0.692520260810852,0.23110121488571167,-0.6773885488510132,0.09029307216405869,0.7259989976882935,0.17019616067409515,-0.633533775806427,0.20638507604599,16.312716,3.782231,-13.262707,-29.187301
2026-08-05T11:58:59.355292,1785923939.355293,54.600593,0.6928642988204956,0.23296745121479034,-0.6763359904289246,0.09074772894382477,0.7260600924491882,0.1726372241973877,-0.6329191327095032,0.20602865517139435,16.185237,3.745812,-12.028373,-3.436342
2026-08-05T11:58:59.370628,1785923939.370629,54.615319,0.6929750442504883,0.23513661324977875,-0.6753354072570801,0.09175307303667068,0.726094663143158,0.17586033046245575,-0.6319360733032227,0.20619860291481018,16.052606,3.748910,-9.007078,0.210353
2026-08-05T11:58:59.388988,1785923939.388988,54.634289,0.6930235028266907,0.23643077909946442,-0.6747413277626038,0.0924299880862236,0.7261430621147156,0.17870710790157318,-0.6310482025146484,0.20629943907260895,15.934157,3.821196,-6.243888,3.810449
2026-08-05T11:58:59.405396,1785923939.405396,54.649428,0.693203330039978,0.23674483597278595,-0.6744102835655212,0.09269361943006516,0.7262481451034546,0.18036368489265442,-0.6305518746376038,0.20600537955760956,15.822004,3.883146,-7.408397,4.092155
2026-08-05T11:58:59.422153,1785923939.422154,54.667454,0.6934481859207153,0.23606282472610474,-0.6744459271430969,0.09234100580215454,0.7264015078544617,0.18062655627727509,-0.6304846405982971,0.20543920993804932,15.759016,3.945200,-3.494090,3.442341
2026-08-05T11:58:59.438802,1785923939.438802,54.684103,0.6936072707176208,0.23497594892978668,-0.6747626662254333,0.09160097688436508,0.7265669703483582,0.17976734042167664,-0.6306934356689453,0.20496587455272675,15.777868,3.988799,1.132295,2.618715
2026-08-05T11:58:59.455262,1785923939.455262,54.700563,0.6935515403747559,0.23384949564933777,-0.6753153204917908,0.09082963317632675,0.7266640067100525,0.1783304512500763,-0.6310352087020874,0.20482556521892548,15.863866,4.019621,5.224795,1.872612
2026-08-05T11:58:59.475965,1785923939.475965,54.721266,0.6933974623680115,0.23301804065704346,-0.675818145275116,0.0904017761349678,0.7266248464584351,0.17673860490322113,-0.631466805934906,0.20501388609409332,15.963126,4.013554,4.794418,-0.293058
2026-08-05T11:58:59.487771,1785923939.487772,54.733072,0.6932207345962524,0.2323710322380066,-0.6762539148330688,0.09016397595405579,0.7264389395713806,0.17535050213336945,-0.6319261789321899,0.20544876158237457,16.060177,4.015419,8.220394,0.157977
2026-08-05T11:58:59.505169,1785923939.505169,54.749547,0.6930674910545349,0.23177045583724976,-0.6766102313995361,0.09021506458520889,0.7262193560600281,0.1743547022342682,-0.6322764158248901,0.205994114279747,16.123859,4.032895,3.865353,1.060766
2026-08-05T11:58:59.520585,1785923939.520586,54.765887,0.6927503347396851,0.23122282326221466,-0.6770839691162109,0.09050173312425613,0.7259426116943359,0.17389380931854248,-0.6325080990791321,0.2066468596458435,16.164316,4.082160,2.476068,3.015131
2026-08-05T11:58:59.536344,1785923939.536345,54.781645,0.6926822662353516,0.23061682283878326,-0.6772844791412354,0.09106571972370148,0.7255845069885254,0.17390112578868866,-0.6326872110366821,0.20734907686710358,16.141855,4.158305,-1.425327,4.831968
2026-08-05T11:58:59.553951,1785923939.553952,54.799252,0.6923556923866272,0.23035377264022827,-0.6775878071784973,0.09195494651794434,0.7252885699272156,0.17417609691619873,-0.6326928734779358,0.2081352025270462,16.118964,4.207316,-1.300113,2.783598
2026-08-05T11:58:59.571623,1785923939.571623,54.816924,0.6920575499534607,0.23007886111736298,-0.6778584122657776,0.09288804978132248,0.7250134944915771,0.17437651753425598,-0.6327022314071655,0.20889562368392944,16.091058,4.245310,-1.579149,2.149991
2026-08-05T11:58:59.588442,1785923939.588442,54.833743,0.6917610168457031,0.23013897240161896,-0.6780036091804504,0.09388239681720734,0.7246717214584351,0.17436687648296356,-0.6328274011611938,0.20970924198627472,16.076603,4.235733,-0.859456,-0.569425
2026-08-05T11:58:59.605231,1785923939.605231,54.850532,0.6913842558860779,0.2305440902709961,-0.678104817867279,0.09492652863264084,0.7242917418479919,0.1741335242986679,-0.6330356597900391,0.21058495342731476,16.085929,4.178171,0.555527,-3.428625
2026-08-05T11:58:59.622820,1785923939.622821,54.868121,0.6910057663917542,0.23068664968013763,-0.6783497929573059,0.09558454155921936,0.7238959074020386,0.1738932877779007,-0.6332637071609497,0.21145735681056976,16.124113,4.173881,2.170810,-0.243897
2026-08-05T11:58:59.640685,1785923939.640686,54.883961,0.6906743049621582,0.23057691752910614,-0.678621232509613,0.09631635993719101,0.7234922647476196,0.1736593246459961,-0.6335222721099854,0.21225415170192719,16.134572,4.181223,0.660278,0.463543
2026-08-05T11:58:59.644892,1785923939.644893,54.890193,0.6902347803115845,0.2303469479084015,-0.6790494918823242,0.0969950258731842,0.7231377959251404,0.1733262538909912,-0.6338200569152832,0.2128450870513916,16.138159,4.178369,0.575691,-0.457924
2026-08-05T11:58:59.655745,1785923939.655745,54.901046,0.6899141073226929,0.22995835542678833,-0.6794393062591553,0.09746808558702469,0.7226700782775879,0.17292751371860504,-0.6342923045158386,0.21335062384605408,16.134721,4.194356,-0.316829,1.473096
2026-08-05T11:58:59.689017,1785923939.689017,54.934318,0.6895920038223267,0.2297857403755188,-0.6797317862510681,0.09811297804117203,0.7222139239311218,0.1727672517299652,-0.63458251953125,0.2141604721546173,16.146267,4.222006,0.347025,0.831027
2026-08-05T11:58:59.722233,1785923939.722233,54.967534,0.6891716122627258,0.22995252907276154,-0.6799712181091309,0.09901339560747147,0.7217199206352234,0.17306120693683624,-0.6346429586410522,0.21540580689907074,16.177685,4.273465,0.945876,1.549226
2026-08-05T11:58:59.738652,1785923939.738652,54.983953,0.6888436079025269,0.23052667081356049,-0.6799196004867554,0.10030688345432281,0.7212748527526855,0.17342466115951538,-0.6345882415771484,0.21676114201545715,16.190341,4.270852,0.770787,-0.159132
2026-08-05T11:58:59.756037,1785923939.756038,55.001338,0.688438355922699,0.23106952011585236,-0.6799370646476746,0.10171166062355042,0.7208682894706726,0.17359715700149536,-0.634594738483429,0.21795332431793213,16.187848,4.233060,-0.143419,-2.173772
2026-08-05T11:58:59.789084,1785923939.789085,55.034385,0.6882203817367554,0.23110441863536835,-0.680010199546814,0.10261505842208862,0.7205498218536377,0.17340728640556335,-0.6347145438194275,0.21880708634853363,16.189317,4.220451,0.044454,-0.381541
2026-08-05T11:58:59.794446,1785923939.794447,55.039748,0.6882432699203491,0.23057113587856293,-0.6801328659057617,0.10284803807735443,0.7203152775764465,0.17300911247730255,-0.6348485946655273,0.21950474381446838,16.219812,4.279324,5.687085,10.979018
2026-08-05T11:58:59.804938,1785923939.804939,55.050239,0.688290536403656,0.22990721464157104,-0.6802833676338196,0.10302183032035828,0.7202256917953491,0.1726253777742386,-0.6348477005958557,0.22010231018066406,16.248968,4.345619,2.778996,6.318908
2026-08-05T11:58:59.822388,1785923939.822388,55.067689,0.6882778406143188,0.22926443815231323,-0.6804447174072266,0.1034725233912468,0.720255970954895,0.17216606438159943,-0.6347718834877014,0.22058068215847015,16.252963,4.371119,0.228921,1.461315
2026-08-05T11:58:59.838906,1785923939.841595,55.084207,0.6881323456764221,0.22910213470458984,-0.6805260181427002,0.10426287353038788,0.7202878594398499,0.17154566943645477,-0.6347839832305908,0.2209247648715973,16.239135,4.302474,-0.837132,-4.155795
2026-08-05T11:58:59.854677,1785923939.854677,55.099978,0.6881284117698669,0.2290606051683426,-0.6804590225219727,0.10481426864862442,0.7202256321907043,0.17104007303714752,-0.6348105669021606,0.22144277393817902,16.252741,4.265611,0.862648,-2.337348
2026-08-05T11:58:59.871579,1785923939.871580,55.116880,0.6882718801498413,0.2286679595708847,-0.6804487109184265,0.10479807108640671,0.7201312780380249,0.17079755663871765,-0.6347538232803345,0.22209833562374115,16.304853,4.337791,3.083175,4.270463
2026-08-05T11:58:59.888272,1785923939.888272,55.133573,0.6886962652206421,0.22804614901542664,-0.6803111433982849,0.1042552962899208,0.7200321555137634,0.1709417700767517,-0.6345565915107727,0.2228715419769287,16.383357,4.511936,4.702905,10.432428
2026-08-05T11:58:59.904858,1785923939.904858,55.150159,0.6891365647315979,0.2276412695646286,-0.6800296306610107,0.10406778752803802,0.7202445864677429,0.17114582657814026,-0.634071946144104,0.22340711951255798,16.426443,4.619677,2.597746,6.495987
2026-08-05T11:58:59.921332,1785923939.921332,55.166633,0.6894158124923706,0.2277212291955948,-0.6796466112136841,0.10454466193914413,0.7207444310188293,0.17108909785747528,-0.6335451006889343,0.22333325445652008,16.390841,4.556382,-2.161057,-3.842103
2026-08-05T11:58:59.938124,1785923939.938125,55.183426,0.6897286772727966,0.22786200046539307,-0.6791777610778809,0.1052197739481926,0.7214254140853882,0.1705338954925537,-0.6331750750541687,0.22260743379592896,16.295122,4.374081,-5.700058,-10.855958
2026-08-05T11:58:59.954964,1785923939.954965,55.200265,0.690033495426178,0.22763317823410034,-0.6789125204086304,0.10542751848697662,0.7221660614013672,0.16962075233459473,-0.6329880356788635,0.22143203020095825,16.204615,4.194374,-5.374576,-10.671563
2026-08-05T11:58:59.959714,1785923939.959714,55.205015,0.6904192566871643,0.22707729041576385,-0.6787832379341125,0.1049317866563797,0.7228201627731323,0.16887088119983673,-0.6328445076942444,0.2202782928943634,16.159404,4.115274,-9.518573,-16.653430
2026-08-05T11:58:59.962220,1785923939.962221,55.207522,0.690986692905426,0.22646747529506683,-0.6785165667533875,0.10423804819583893,0.7232828736305237,0.1686052680015564,-0.6326305866241455,0.21957635879516602,16.137595,4.135344,-8.701020,8.007091
2026-08-05T11:58:59.987106,1785923939.987106,55.232407,0.6911855936050415,0.22634220123291016,-0.6784138679504395,0.10385800898075104,0.7235496044158936,0.16897103190422058,-0.6322950720787048,0.21938271820545197,16.142598,4.185989,0.201029,2.035145
2026-08-05T11:59:00.002498,1785923940.002499,55.247800,0.6913269758224487,0.22671866416931152,-0.6781182885169983,0.10402613133192062,0.7236352562904358,0.16977381706237793,-0.6319356560707092,0.21951667964458466,16.120407,4.214092,-1.441638,1.825747
2026-08-05T11:59:00.021105,1785923940.021106,55.266407,0.6912543773651123,0.22754596173763275,-0.6778411865234375,0.10450668632984161,0.7236297130584717,0.170602947473526,-0.6316472291946411,0.219721719622612,16.096531,4.187159,-1.283144,-1.447473
2026-08-05T11:59:00.037022,1785923940.037022,55.282323,0.6909947991371155,0.22836054861545563,-0.6777796149253845,0.10484462231397629,0.7235140204429626,0.17124520242214203,-0.6315917372703552,0.21976293623447418,16.080214,4.145842,-1.025239,-2.595976
2026-08-05T11:59:00.054432,1785923940.054433,55.299733,0.6909315586090088,0.22851702570915222,-0.6778374314308167,0.10454726219177246,0.7233008742332458,0.1716473549604416,-0.6317875385284424,0.21958789229393005,16.071063,4.176297,-0.525585,1.749227
2026-08-05T11:59:00.070791,1785923940.070791,55.316092,0.6908702850341797,0.22841215133666992,-0.6780439615249634,0.1038399264216423,0.7230032682418823,0.17224231362342834,-0.6320010423660278,0.21948730945587158,16.089487,4.285749,1.126307,6.690910
2026-08-05T11:59:00.087107,1785923940.087108,55.332409,0.6907506585121155,0.22843854129314423,-0.6782470345497131,0.10324918478727341,0.7226577401161194,0.1732594072818756,-0.6320654153823853,0.21963971853256226,16.114217,4.431084,1.515600,8.906984
2026-08-05T11:59:00.090846,1785923940.090847,55.336148,0.6905733346939087,0.2292010635137558,-0.6781087517738342,0.10365298390388489,0.7222800254821777,0.17457596957683563,-0.632000207901001,0.22002656757831573,16.079731,4.476826,-9.223565,12.234111
2026-08-05T11:59:00.137014,1785923940.137015,55.382315,0.6903378367424011,0.2303599715232849,-0.6778173446655273,0.10455530881881714,0.7220140695571899,0.1758621335029602,-0.6317791938781738,0.2205093652009964,16.030591,4.451938,-1.064386,-0.539062
2026-08-05T11:59:00.156441,1785923940.156441,55.401742,0.6900855302810669,0.23142391443252563,-0.6776054501533508,0.10524128377437592,0.7218503952026367,0.1766255646944046,-0.631680428981781,0.2207181304693222,15.996707,4.385188,-1.744240,-3.436047
2026-08-05T11:59:00.171908,1785923940.171909,55.417209,0.6898060441017151,0.2318592220544815,-0.6777592897415161,0.10512632876634598,0.7217164039611816,0.1768081933259964,-0.6318225860595703,0.22060327231884003,16.012393,4.362997,1.014125,-1.434664
2026-08-05T11:59:00.188540,1785923940.190561,55.433841,0.6897598505020142,0.23172785341739655,-0.6779425144195557,0.1045360118150711,0.7215988039970398,0.17680135369300842,-0.6320313215255737,0.22039532661437988,16.040287,4.404721,1.677167,2.508666
2026-08-05T11:59:00.205124,1785923940.205125,55.450425,0.689815104007721,0.23181875050067902,-0.6779061555862427,0.1042049452662468,0.7214559316635132,0.17707102000713348,-0.6320969462394714,0.22045840322971344,16.060786,4.451107,1.236032,2.797018
2026-08-05T11:59:00.221371,1785923940.221371,55.466672,0.6897342801094055,0.23225601017475128,-0.6778526306152344,0.10411394387483597,0.7213121056556702,0.17769651114940643,-0.63194340467453,0.22086560726165771,16.102034,4.505967,2.538914,3.376657
2026-08-05T11:59:00.238680,1785923940.238680,55.483981,0.6897197961807251,0.232937291264534,-0.6776187419891357,0.10421030223369598,0.7211193442344666,0.1785144805908203,-0.6317158341407776,0.22148552536964417,16.141188,4.557759,2.262009,2.992194
2026-08-05T11:59:00.246253,1785923940.246254,55.490216,0.6896792054176331,0.23389263451099396,-0.6772990822792053,0.10441858321428299,0.7209435105323792,0.17925336956977844,-0.6315380930900574,0.22196753323078156,16.168263,4.557588,4.342493,-0.027373
2026-08-05T11:59:00.248706,1785923940.248707,55.494007,0.6894950866699219,0.23489929735660553,-0.6771334409713745,0.10444733500480652,0.720766007900238,0.1799587458372116,-0.6314542293548584,0.22221165895462036,16.199456,4.544873,8.227590,-3.353823
2026-08-05T11:59:00.253692,1785923940.253693,55.498993,0.6896428465843201,0.23551282286643982,-0.6767768859863281,0.10440134257078171,0.7206547260284424,0.18072441220283508,-0.6313830018043518,0.22215308248996735,16.174316,4.551230,-5.042181,1.274935
2026-08-05T11:59:00.288383,1785923940.288384,55.533684,0.6895743608474731,0.2362581342458725,-0.6765462756156921,0.10466352850198746,0.7206565141677856,0.18147432804107666,-0.6312245726585388,0.22198618948459625,16.132086,4.511023,-1.217315,-1.158999
2026-08-05T11:59:00.304568,1785923940.304569,55.549869,0.6895956993103027,0.2370518147945404,-0.6761807203292847,0.1050897166132927,0.7206841707229614,0.182192862033844,-0.6310194730758667,0.2218908667564392,16.079741,4.456165,-3.234216,-3.389467
2026-08-05T11:59:00.320950,1785923940.320950,55.566251,0.6896427869796753,0.23773883283138275,-0.6758394241333008,0.10542288422584534,0.7206969857215881,0.18285733461380005,-0.6307826638221741,0.22197619080543518,16.052304,4.428897,-1.674815,-1.664507
2026-08-05T11:59:00.338613,1785923940.338613,55.583914,0.6895734071731567,0.23834913969039917,-0.6756808757781982,0.10551682114601135,0.7207180857658386,0.18335013091564178,-0.6305468678474426,0.22217153012752533,16.072460,4.422613,1.141144,-0.355803
2026-08-05T11:59:00.356467,1785923940.356468,55.601253,0.6896665692329407,0.23855477571487427,-0.675560712814331,0.1052120104432106,0.7207291722297668,0.18362176418304443,-0.6304333209991455,0.22223269939422607,16.102173,4.454247,1.713677,1.824428
2026-08-05T11:59:00.388571,1785923940.388571,55.633872,0.6896941065788269,0.238693967461586,-0.675524890422821,0.10494504868984222,0.7207907438278198,0.18361125886440277,-0.6304284334182739,0.2220558375120163,16.117257,4.445567,0.462420,-0.266097
2026-08-05T11:59:00.393584,1785923940.393585,55.638885,0.6898230910301208,0.23860032856464386,-0.6754571795463562,0.10474678128957748,0.7209110856056213,0.1835978925228119,-0.6303958296775818,0.22176839411258698,16.103592,4.442309,-2.725329,-0.649711
2026-08-05T11:59:00.438671,1785923940.438672,55.683973,0.68997722864151,0.23833049833774567,-0.6754336953163147,0.10449675470590591,0.7210879325866699,0.18346694111824036,-0.630379855632782,0.22134700417518616,16.081243,4.437539,-0.495701,-0.105803
2026-08-05T11:59:00.454767,1785923940.454767,55.700068,0.6900278925895691,0.2379552572965622,-0.6755660772323608,0.10416140407323837,0.7212730050086975,0.1832437664270401,-0.630407452583313,0.22084976732730865,16.066229,4.435579,-0.932792,-0.121762
2026-08-05T11:59:00.471986,1785923940.471987,55.717287,0.6901033520698547,0.23768898844718933,-0.6756512522697449,0.10371573269367218,0.7214253544807434,0.18293121457099915,-0.630500316619873,0.2203458845615387,16.064425,4.424437,-0.104762,-0.647099
2026-08-05T11:59:00.488532,1785923940.488532,55.733833,0.6901664733886719,0.2375790923833847,-0.6756944060325623,0.10326513648033142,0.721528172492981,0.18283496797084808,-0.6305313110351562,0.219999760389328,16.075277,4.431026,0.655878,0.398268
2026-08-05T11:59:00.504560,1785923940.504561,55.749862,0.6903095245361328,0.23769135773181915,-0.6755221486091614,0.10317729413509369,0.7216230630874634,0.18299078941345215,-0.6304455995559692,0.21980474889278412,16.058630,4.422242,-1.038598,-0.548071
2026-08-05T11:59:00.521804,1785923940.521804,55.767105,0.6903180480003357,0.23794309794902802,-0.6754192113876343,0.10321388393640518,0.7217115163803101,0.18326012790203094,-0.6303295493125916,0.21962293982505798,16.039492,4.402293,-1.109842,-1.156880
2026-08-05T11:59:00.537975,1785923940.537975,55.783276,0.6903637051582336,0.23806001245975494,-0.6753210425376892,0.10328169167041779,0.7218226790428162,0.18348976969718933,-0.6302468776702881,0.21930238604545593,15.998429,4.377093,-2.539282,-1.558345
2026-08-05T11:59:00.587361,1785923940.587362,55.832663,0.6903883218765259,0.23783938586711884,-0.6753941178321838,0.10314752161502838,0.7219171524047852,0.18369384109973907,-0.6302009224891663,0.21895258128643036,15.965037,4.394391,-0.676129,0.350255
2026-08-05T11:59:00.605452,1785923940.605453,55.850754,0.6904143691062927,0.23750507831573486,-0.6755234003067017,0.1028963252902031,0.7219540476799011,0.18389667570590973,-0.6301855444908142,0.21870507299900055,15.947185,4.440325,-0.986800,2.539081
2026-08-05T11:59:00.623035,1785923940.623035,55.867345,0.6904211044311523,0.2371128797531128,-0.6756677627563477,0.10280849039554596,0.7219440937042236,0.18399012088775635,-0.6301985383033752,0.21862106025218964,15.930626,4.484149,-0.998027,2.641306
2026-08-05T11:59:00.638466,1785923940.638467,55.883768,0.6903336644172668,0.2368302345275879,-0.6758753061294556,0.10268276929855347,0.7218924760818481,0.1838897317647934,-0.6302690505981445,0.21867267787456512,15.945718,4.516943,0.918955,1.996894
2026-08-05T11:59:00.655143,1785923940.655143,55.900444,0.6903601884841919,0.23635129630565643,-0.6760678291320801,0.1023389920592308,0.7218956351280212,0.18286649882793427,-0.6306561231613159,0.2184045910835266,15.968962,4.480260,1.393795,-2.199664
2026-08-05T11:59:00.688490,1785923940.688490,55.933791,0.6902543902397156,0.23570004105567932,-0.6764876842498779,0.10177801549434662,0.7219589948654175,0.182057723402977,-0.6309822201728821,0.2179284393787384,15.991960,4.476664,0.689658,-0.107852
2026-08-05T11:59:00.694049,1785923940.694050,55.939350,0.6903061270713806,0.2348136603832245,-0.6768101453781128,0.10133185237646103,0.7221375703811646,0.18124531209468842,-0.631222665309906,0.21731677651405334,15.979260,4.471978,-2.284419,-0.842755
2026-08-05T11:59:00.697589,1785923940.697590,55.942891,0.6902900338172913,0.2340983897447586,-0.6771285533905029,0.10096819698810577,0.7225362658500671,0.17991426587104797,-0.6315920352935791,0.21602079272270203,15.926775,4.342911,-14.824256,-36.454396
2026-08-05T11:59:00.704770,1785923940.704771,55.950071,0.6904221177101135,0.23314619064331055,-0.6774275302886963,0.1002613976597786,0.7227911353111267,0.17920567095279694,-0.6317798495292664,0.21520636975765228,15.913111,4.354804,-1.902900,1.656253
2026-08-05T11:59:00.707877,1785923940.707877,55.953178,0.69049072265625,0.23232416808605194,-0.6777375340461731,0.09959999471902847,0.7230981588363647,0.17820405960083008,-0.6321146488189697,0.21402063965797424,15.876798,4.295818,-11.688008,-18.985736
2026-08-05T11:59:00.721463,1785923940.721463,55.966764,0.6905716061592102,0.23159092664718628,-0.6779932379722595,0.09900488704442978,0.7234603762626648,0.17705002427101135,-0.6324950456619263,0.21262595057487488,15.822962,4.192879,-3.962592,-7.576862
2026-08-05T11:59:00.738668,1785923940.738668,55.983969,0.6906808614730835,0.23083607852458954,-0.6782335042953491,0.09835739433765411,0.7238605618476868,0.17602141201496124,-0.6327697038650513,0.21129584312438965,15.777684,4.111095,-2.631689,-4.753465
2026-08-05T11:59:00.771306,1785923940.771307,56.016607,0.6908541321754456,0.22991955280303955,-0.6785009503364563,0.09743763506412506,0.7242440581321716,0.17530213296413422,-0.6329428553581238,0.21005785465240479,15.748106,4.098298,-0.906233,-0.392097
2026-08-05T11:59:00.787755,1785923940.787755,56.033056,0.6910815238952637,0.22898733615875244,-0.6787552833557129,0.09624180197715759,0.7246084809303284,0.17487405240535736,-0.6330444812774658,0.2088477462530136,15.733494,4.134607,-0.888326,2.207349
2026-08-05T11:59:00.804919,1785923940.804919,56.050220,0.6911451816558838,0.228243887424469,-0.6791114807128906,0.09502972662448883,0.7249612212181091,0.1745593547821045,-0.6331949830055237,0.2074262648820877,15.710445,4.147647,-1.342917,0.759748
2026-08-05T11:59:00.821102,1785923940.821103,56.066404,0.6911748051643372,0.22776059806346893,-0.6793700456619263,0.09412141144275665,0.7252654433250427,0.17418472468852997,-0.6334570646286011,0.20587162673473358,15.652401,4.098290,-3.586610,-3.049782
2026-08-05T11:59:00.838062,1785923940.838062,56.083363,0.6912035942077637,0.2274511754512787,-0.6795297861099243,0.09350375831127167,0.7254462242126465,0.173898845911026,-0.6337997913360596,0.2044162005186081,15.569946,4.027863,-4.861913,-4.152760
2026-08-05T11:59:00.841701,1785923940.841701,56.087002,0.6912259459495544,0.2271929830312729,-0.6796830892562866,0.09285078197717667,0.7255421876907349,0.17401158809661865,-0.6340140700340271,0.20331254601478577,15.510663,4.018624,-16.290084,-2.538616
2026-08-05T11:59:00.854727,1785923940.854728,56.100028,0.6912862658500671,0.22684019804000854,-0.6798731684684753,0.09186707437038422,0.7255467176437378,0.17449362576007843,-0.634119987487793,0.2025512158870697,15.495774,4.103291,-1.142980,6.499733
2026-08-05T11:59:00.887178,1785923940.887178,56.132130,0.6912071704864502,0.22646941244602203,-0.6802485585212708,0.09058818221092224,0.7254995107650757,0.1751318871974945,-0.6341861486434937,0.20196133852005005,15.529296,4.240533,1.044208,4.275151
2026-08-05T11:59:00.905225,1785923940.905225,56.150526,0.6912621855735779,0.22616036236286163,-0.6804624199867249,0.0893266350030899,0.7254731059074402,0.17556267976760864,-0.6343393921852112,0.2011994570493698,15.544615,4.338632,0.832783,5.332820
2026-08-05T11:59:00.920812,1785923940.920812,56.166113,0.6911962628364563,0.22629183530807495,-0.6806032061576843,0.08842631429433823,0.7254732847213745,0.17573028802871704,-0.6346316337585449,0.20012840628623962,15.522888,4.321600,-1.393914,-1.092699
2026-08-05T11:59:00.938101,1785923940.938102,56.183402,0.691118597984314,0.22671768069267273,-0.6806267499923706,0.0877586230635643,0.7254781723022461,0.1757715344429016,-0.6350236535072327,0.19882674515247345,15.467523,4.230421,-3.202294,-5.273743
2026-08-05T11:59:00.955186,1785923940.955187,56.199468,0.6909304261207581,0.2269514799118042,-0.6808612942695618,0.08681214600801468,0.725440502166748,0.17613862454891205,-0.6352854371070862,0.19780021905899048,15.457532,4.228698,-0.621887,-0.107259
2026-08-05T11:59:00.971828,1785923940.971828,56.217129,0.6909277439117432,0.22679826617240906,-0.6810413002967834,0.08581582456827164,0.7253707647323608,0.17690938711166382,-0.6353392004966736,0.19719469547271729,15.457853,4.333855,0.018188,5.954063
2026-08-05T11:59:00.988320,1785923940.988321,56.233621,0.6907606720924377,0.22681164741516113,-0.6813096404075623,0.08499128371477127,0.7252616882324219,0.17784878611564636,-0.6353209018707275,0.19680921733379364,15.473498,4.443646,0.948616,6.657064
2026-08-05T11:59:00.995073,1785923940.995074,56.240374,0.6907117962837219,0.2268075942993164,-0.681460976600647,0.08418375998735428,0.725165843963623,0.17859551310539246,-0.6353550553321838,0.1963755488395691,15.481302,4.533309,1.155627,13.277693
2026-08-05T11:59:00.998448,1785923940.998448,56.243749,0.6905151009559631,0.2271730899810791,-0.6815825700759888,0.08382553607225418,0.7251135110855103,0.1790091097354889,-0.635448694229126,0.19588850438594818,15.472377,4.522752,-2.644640,-3.128251
2026-08-05T11:59:01.004734,1785923941.004734,56.250035,0.6903594732284546,0.22764326632022858,-0.6815924048423767,0.08375144749879837,0.7251010537147522,0.17919105291366577,-0.6355581879615784,0.19541224837303162,15.446228,4.461980,-4.159904,-9.667973
2026-08-05T11:59:01.054601,1785923941.054601,56.299902,0.6902086734771729,0.22813011705875397,-0.6815779209136963,0.08378761261701584,0.725135087966919,0.17920728027820587,-0.6356410980224609,0.19500088691711426,15.424898,4.382227,-0.427742,-1.599318
2026-08-05T11:59:01.071731,1785923941.071731,56.317032,0.6901218891143799,0.22817538678646088,-0.6816909313201904,0.08345966041088104,0.7251284718513489,0.1790941208600998,-0.6357668042182922,0.1947193592786789,15.437826,4.371108,0.754747,-0.649114
2026-08-05T11:59:01.088598,1785923941.088598,56.333899,0.6899909973144531,0.2281632423400879,-0.6818856596946716,0.08298297971487045,0.7250725030899048,0.17890581488609314,-0.6359333395957947,0.1945572942495346,15.478414,4.381116,2.406329,0.593337
2026-08-05T11:59:01.104830,1785923941.104831,56.350132,0.6899862885475159,0.22819802165031433,-0.6819227933883667,0.08261987566947937,0.7249353528022766,0.17892836034297943,-0.6360636949539185,0.19462181627750397,15.511981,4.415028,2.067884,2.089174
2026-08-05T11:59:01.123377,1785923941.123378,56.368679,0.6899412870407104,0.22828544676303864,-0.6819747686386108,0.0823250487446785,0.7248444557189941,0.17905880510807037,-0.6361201405525208,0.19465582072734833,15.539940,4.444681,1.507454,1.598767
2026-08-05T11:59:01.138412,1785923941.138413,56.383713,0.6898337006568909,0.2281339317560196,-0.6822590827941895,0.08128359913825989,0.7247197031974792,0.1793697625398636,-0.6361926198005676,0.19459687173366547,15.622217,4.561210,5.472487,7.750695
2026-08-05T11:59:01.143788,1785923941.143789,56.389089,0.6897425055503845,0.2280396968126297,-0.6824238300323486,0.08093807101249695,0.724567711353302,0.17984262108802795,-0.6362362504005432,0.1945841759443283,15.633801,4.636616,2.154786,14.026771
2026-08-05T11:59:01.154095,1785923941.154096,56.399396,0.6896669268608093,0.2281825840473175,-0.6824358105659485,0.08107879012823105,0.7244016528129578,0.18042927980422974,-0.6361884474754333,0.1948157101869583,15.624236,4.682758,-0.928047,4.476726
2026-08-05T11:59:01.170094,1785923941.170095,56.415396,0.6895160675048828,0.22888226807117462,-0.6822983622550964,0.08154547214508057,0.7241874933242798,0.18112792074680328,-0.6361052989959717,0.19523435831069946,15.615703,4.678717,-0.533310,-0.252560
2026-08-05T11:59:01.188236,1785923941.188236,56.432522,0.6893826127052307,0.22956550121307373,-0.6821476817131042,0.08201271295547485,0.723984956741333,0.18176178634166718,-0.6359769105911255,0.19581356644630432,15.625546,4.683797,0.574724,0.296608
2026-08-05T11:59:01.204673,1785923941.204674,56.449975,0.6893829107284546,0.23001635074615479,-0.6819530129432678,0.08236438781023026,0.7238615155220032,0.18214936554431915,-0.6358540654182434,0.1963081955909729,15.635421,4.690190,0.565807,0.366327
2026-08-05T11:59:01.221966,1785923941.221967,56.467267,0.6893759369850159,0.23008553683757782,-0.6819394826889038,0.0823407992720604,0.7238664031028748,0.1821342408657074,-0.6358039379119873,0.19646644592285156,15.658043,4.697418,1.308214,0.417946
2026-08-05T11:59:01.238641,1785923941.238642,56.483943,0.6893265843391418,0.2300417125225067,-0.6820181012153625,0.08222485333681107,0.7238940596580505,0.18190698325634003,-0.6358669400215149,0.19637134671211243,15.670297,4.683496,0.734820,-0.834880
2026-08-05T11:59:01.254435,1785923941.254436,56.499736,0.6892989873886108,0.22995959222316742,-0.6820667386054993,0.08228257298469543,0.7239434123039246,0.18164105713367462,-0.6358963847160339,0.19634024798870087,15.672212,4.661449,0.121272,-1.395955
2026-08-05T11:59:01.271797,1785923941.271797,56.517098,0.6892948150634766,0.23009084165096283,-0.6819677352905273,0.08277065306901932,0.7239367365837097,0.18161727488040924,-0.6358193159103394,0.19663621485233307,15.659187,4.634559,-0.750209,-1.548804
2026-08-05T11:59:01.288203,1785923941.288203,56.533504,0.689296305179596,0.23029302060604095,-0.6818268895149231,0.0833551213145256,0.7238465547561646,0.18158364295959473,-0.6357880234718323,0.1971001923084259,15.650372,4.608081,-0.537298,-1.613913
2026-08-05T11:59:01.294235,1785923941.294236,56.539536,0.6892126798629761,0.23038463294506073,-0.6818450689315796,0.08364329487085342,0.7236935496330261,0.18147090077400208,-0.6358567476272583,0.1975434273481369,15.669639,4.607366,3.193897,-0.118498
2026-08-05T11:59:01.297524,1785923941.297524,56.542825,0.6891858577728271,0.23010550439357758,-0.6819875836372375,0.08347149193286896,0.7235793471336365,0.181191086769104,-0.635991096496582,0.19778555631637573,15.707113,4.644746,11.394798,11.366262
2026-08-05T11:59:01.338304,1785923941.338305,56.583606,0.689091145992279,0.22978833317756653,-0.6822153925895691,0.08326474577188492,0.7235172390937805,0.18084891140460968,-0.6361479163169861,0.19782143831253052,15.735081,4.665551,0.685814,0.510164
2026-08-05T11:59:01.354446,1785923941.354446,56.599747,0.6889659762382507,0.2295161485671997,-0.6824416518211365,0.08319664746522903,0.7234505414962769,0.1805291622877121,-0.6363410353660583,0.19773675501346588,15.738405,4.663667,0.205903,-0.116723
2026-08-05T11:59:01.371792,1785923941.371793,56.617094,0.6889021992683411,0.2295246720314026,-0.6824538707733154,0.08359917253255844,0.7233691215515137,0.18038658797740936,-0.6364443898200989,0.1978321522474289,15.711160,4.629506,-1.570601,-1.969326
2026-08-05T11:59:01.388381,1785923941.388381,56.633682,0.6887975335121155,0.22946853935718536,-0.682533323764801,0.08396714925765991,0.7233025431632996,0.1802845448255539,-0.6364790797233582,0.19805732369422913,15.702209,4.617793,-0.539608,-0.706129
2026-08-05T11:59:01.404864,1785923941.404864,56.650165,0.6889424920082092,0.228843554854393,-0.6826043128967285,0.08390773087739944,0.7233051061630249,0.17997775971889496,-0.6364792585372925,0.19832609593868256,15.719194,4.675812,1.030412,3.519942
2026-08-05T11:59:01.422568,1785923941.422568,56.667869,0.6889227032661438,0.22822719812393188,-0.6828426122665405,0.08381130546331406,0.7234019041061401,0.1792369782924652,-0.6365448832511902,0.19843284785747528,15.753805,4.685922,1.955019,0.571030
2026-08-05T11:59:01.438215,1785923941.438215,56.683516,0.6890546679496765,0.2273814082145691,-0.68301922082901,0.08358477801084518,0.7235875725746155,0.17817465960979462,-0.6366833448410034,0.19826839864253998,15.771663,4.676394,1.141302,-0.608876
2026-08-05T11:59:01.444628,1785923941.444628,56.689929,0.6890711784362793,0.226856529712677,-0.6831912994384766,0.08346738666296005,0.7238291501998901,0.1770765632390976,-0.6368082761764526,0.1979684680700302,15.786221,4.614662,2.269956,-9.625818
2026-08-05T11:59:01.453988,1785923941.453989,56.699290,0.6891828179359436,0.22621506452560425,-0.6833107471466064,0.0833083987236023,0.7240294218063354,0.17632099986076355,-0.6368862986564636,0.19765956699848175,15.780828,4.594462,-0.576090,-2.158040
2026-08-05T11:59:01.504632,1785923941.504633,56.749934,0.6893637776374817,0.2256457507610321,-0.6833255290985107,0.08323459327220917,0.7242222428321838,0.17583240568637848,-0.6368922591209412,0.1973690539598465,15.757473,4.584480,-0.461172,-0.197109
2026-08-05T11:59:01.520984,1785923941.520984,56.766285,0.6895727515220642,0.22494874894618988,-0.6833701133728027,0.0830240324139595,0.724428117275238,0.1757165640592575,-0.6367166042327881,0.19728344678878784,15.753820,4.643861,-0.223383,3.631581
2026-08-05T11:59:01.537758,1785923941.537758,56.783059,0.6898702383041382,0.22442488372325897,-0.683259129524231,0.08288370072841644,0.7246949672698975,0.17578397691249847,-0.6363760232925415,0.19734255969524384,15.756782,4.707914,0.176601,3.818564
2026-08-05T11:59:01.554658,1785923941.554659,56.799960,0.6899787187576294,0.22433091700077057,-0.6831549406051636,0.08309390395879745,0.7249560952186584,0.17576964199543,-0.6360999941825867,0.1972861886024475,15.739260,4.690352,-1.036786,-1.039133
2026-08-05T11:59:01.571365,1785923941.571366,56.816667,0.6900855898857117,0.22426603734493256,-0.6830469369888306,0.08326886594295502,0.7252123951911926,0.1754762828350067,-0.6359765529632568,0.19700272381305695,15.709809,4.631283,-1.762811,-3.535569
2026-08-05T11:59:01.576938,1785923941.576938,56.822239,0.6902144551277161,0.22423726320266724,-0.6829088926315308,0.08341068029403687,0.7254326343536377,0.17513976991176605,-0.6359213590621948,0.1966695785522461,15.676631,4.564294,-5.953866,-12.021286
2026-08-05T11:59:01.594493,1785923941.594493,56.839794,0.6903533935546875,0.22409451007843018,-0.6828244924545288,0.08333513140678406,0.7256170511245728,0.17505678534507751,-0.6358198523521423,0.1963902860879898,15.656806,4.550151,-1.129334,-0.805636
2026-08-05T11:59:01.604234,1785923941.604234,56.849535,0.6905581951141357,0.22378447651863098,-0.6827686429023743,0.08292800933122635,0.7257450222969055,0.1753872185945511,-0.6356181502342224,0.19627612829208374,15.661954,4.624901,0.528560,7.673717
2026-08-05T11:59:01.609317,1785923941.609317,56.853697,0.69069504737854,0.22341814637184143,-0.6827969551086426,0.08254188299179077,0.7258304357528687,0.1760435402393341,-0.6353550553321838,0.19622406363487244,15.662732,4.735909,0.186966,26.672792
2026-08-05T11:59:01.638049,1785923941.638049,56.883350,0.6908363103866577,0.2232474833726883,-0.6827198266983032,0.08245977014303207,0.7259747385978699,0.176833838224411,-0.6349721550941467,0.1962190568447113,15.644527,4.819829,-0.613940,2.830012
2026-08-05T11:59:01.654396,1785923941.654397,56.899697,0.6909397840499878,0.22360900044441223,-0.6824626326560974,0.0827409103512764,0.7260326147079468,0.17748557031154633,-0.634785532951355,0.19602037966251373,15.583058,4.801473,-3.760224,-1.122863
2026-08-05T11:59:01.671666,1785923941.671666,56.916967,0.6909987330436707,0.2239958792924881,-0.6822721362113953,0.0827728882431984,0.7260496020317078,0.1777428388595581,-0.6348137259483337,0.19563308358192444,15.537944,4.752648,-2.612312,-2.827264
2026-08-05T11:59:01.687996,1785923941.687996,56.933297,0.6911575198173523,0.22426022589206696,-0.6820603013038635,0.08247774094343185,0.7260988354682922,0.17789852619171143,-0.6348721385002136,0.19511854648590088,15.507118,4.720495,-1.887683,-1.968923
2026-08-05T11:59:01.704880,1785923941.704881,56.950181,0.691171407699585,0.22433294355869293,-0.6820986866950989,0.08184347301721573,0.7261407375335693,0.17804434895515442,-0.6349734663963318,0.19449889659881592,15.503951,4.722818,-0.187588,0.137571
2026-08-05T11:59:01.721285,1785923941.721286,56.966586,0.6911040544509888,0.22427339851856232,-0.6822713017463684,0.08113592118024826,0.726085364818573,0.17829537391662598,-0.6351522207260132,0.19389128684997559,15.501457,4.754083,-0.152058,1.905847
2026-08-05T11:59:01.737854,1785923941.737854,56.983155,0.6909246444702148,0.22457581758499146,-0.6823706030845642,0.0809888020157814,0.7259496450424194,0.17879970371723175,-0.6352587938308716,0.19358599185943604,15.479437,4.756627,-1.329009,0.153556
2026-08-05T11:59:01.788194,1785923941.788195,57.033495,0.6908189058303833,0.225025936961174,-0.6823122501373291,0.08113420754671097,0.7257629036903381,0.17950905859470367,-0.635266900062561,0.19360233843326569,15.451913,4.767234,-0.546756,0.210692
2026-08-05T11:59:01.803995,1785923941.803996,57.049296,0.6906780004501343,0.22534297406673431,-0.6823511719703674,0.08112791180610657,0.7255625128746033,0.1800462007522583,-0.635349452495575,0.19358401000499725,15.438714,4.784831,-0.835296,1.113709
2026-08-05T11:59:01.823508,1785923941.823508,57.066793,0.690476655960083,0.22557015717029572,-0.6824992895126343,0.08096370846033096,0.7253466248512268,0.18040761351585388,-0.6355592012405396,0.1933687925338745,15.425733,4.792410,-0.741927,0.433133
2026-08-05T11:59:01.838296,1785923941.838297,57.083598,0.6902311444282532,0.2256828248500824,-0.6827407479286194,0.08070728927850723,0.7251597046852112,0.18060536682605743,-0.6358062028884888,0.19307242333889008,15.420145,4.797001,-0.332524,0.273234
2026-08-05T11:59:01.854920,1785923941.854921,57.100221,0.6900045871734619,0.2258666604757309,-0.6828874945640564,0.08088694512844086,0.7249161005020142,0.18094094097614288,-0.6359919905662537,0.19306054711341858,15.393853,4.797236,-1.581623,0.014112
2026-08-05T11:59:01.871373,1785923941.871373,57.116674,0.6896746158599854,0.2262631207704544,-0.6830313205718994,0.08137672394514084,0.7246016263961792,0.18142521381378174,-0.6361084580421448,0.193402498960495,15.377856,4.796961,-0.972301,-0.016724
2026-08-05T11:59:01.888457,1785923941.888458,57.133758,0.6893876791000366,0.22665786743164062,-0.6831404566764832,0.08179313689470291,0.7242620587348938,0.1818399578332901,-0.6362450122833252,0.19383563101291656,15.376016,4.804538,-0.107671,0.443507
2026-08-05T11:59:01.894683,1785923941.894683,57.139984,0.6890435814857483,0.22681567072868347,-0.6834234595298767,0.08189146965742111,0.7239468693733215,0.1820719689130783,-0.6364139914512634,0.19424042105674744,15.408037,4.840455,5.143477,5.769263
2026-08-05T11:59:01.904033,1785923941.904034,57.149335,0.6886608600616455,0.2267197221517563,-0.6838138699531555,0.08211687207221985,0.7236279845237732,0.18223096430301666,-0.6366187334060669,0.1946081966161728,15.421372,4.880773,1.426095,4.311789
2026-08-05T11:59:01.909691,1785923941.909691,57.153911,0.6884256601333618,0.22690114378929138,-0.6839573383331299,0.08239226043224335,0.7233253121376038,0.18244029581546783,-0.6368003487586975,0.19494228065013885,15.422404,4.892875,0.225376,2.644238
2026-08-05T11:59:01.922177,1785923941.922178,57.167479,0.68816739320755,0.22720082104206085,-0.6840630173683167,0.08284547924995422,0.723042368888855,0.18269231915473938,-0.6369050145149231,0.19541385769844055,15.425284,4.895170,0.212251,0.169178
2026-08-05T11:59:01.938351,1785923941.938352,57.183652,0.6879995465278625,0.22751747071743011,-0.6840676665306091,0.08333125710487366,0.72279292345047,0.1829955130815506,-0.6369303464889526,0.19596998393535614,15.429298,4.903915,0.248189,0.540688
2026-08-05T11:59:01.954204,1785923941.954204,57.199505,0.6878539323806763,0.22758197784423828,-0.6841562986373901,0.08362865447998047,0.7225942015647888,0.18315273523330688,-0.6369712352752686,0.1964222490787506,15.441021,4.928690,0.739514,1.562840
2026-08-05T11:59:01.971455,1785923941.971455,57.216756,0.6877548098564148,0.22756819427013397,-0.6842367649078369,0.08382265269756317,0.722396194934845,0.1831919550895691,-0.6370624303817749,0.196817085146904,15.454991,4.954004,0.809820,1.467396
2026-08-05T11:59:02.004815,1785923942.004816,57.250117,0.6877495050430298,0.22763019800186157,-0.6841760277748108,0.0841926634311676,0.7222529053688049,0.1832989901304245,-0.637046217918396,0.197295680642128,15.457894,4.970365,0.087036,0.490424
2026-08-05T11:59:02.021516,1785923942.021517,57.266817,0.6875895857810974,0.22791501879692078,-0.6841789484024048,0.08470405638217926,0.7221465110778809,0.1835116744041443,-0.6369425654411316,0.19782206416130066,15.467921,4.968019,0.600345,-0.140443
2026-08-05T11:59:02.037705,1785923942.037705,57.283006,0.687578022480011,0.22802436351776123,-0.6840808391571045,0.08529209345579147,0.7220591902732849,0.18370579183101654,-0.6368497014045715,0.19825808703899384,15.447638,4.966117,-1.252902,-0.117488
2026-08-05T11:59:02.054395,1785923942.054395,57.298676,0.6874988079071045,0.2282351553440094,-0.6840053200721741,0.08597072958946228,0.722062349319458,0.18363220989704132,-0.6367940306663513,0.19849316775798798,15.417375,4.908270,-1.931256,-3.691650
2026-08-05T11:59:02.073232,1785923942.073232,57.318533,0.6874346733093262,0.22824718058109283,-0.6840029954910278,0.08646893501281738,0.7220646739006042,0.18330742418766022,-0.6368473768234253,0.19861452281475067,15.393794,4.852316,-1.187559,-2.817824
2026-08-05T11:59:02.086653,1785923942.086653,57.330601,0.6873676776885986,0.22816695272922516,-0.6840572953224182,0.08678373694419861,0.7220160961151123,0.18277902901172638,-0.6370227336883545,0.19871526956558228,15.386259,4.801200,-0.624345,-4.235534
2026-08-05T11:59:02.103903,1785923942.103904,57.348538,0.6873193979263306,0.22794148325920105,-0.6841630339622498,0.08692435175180435,0.7219220995903015,0.1823842078447342,-0.6371484398841858,0.19901704788208008,15.406132,4.804890,1.107899,0.205745
2026-08-05T11:59:02.119633,1785923942.119633,57.364381,0.6871788501739502,0.22780272364616394,-0.6843270659446716,0.08710882812738419,0.7217579483985901,0.1822129786014557,-0.6372380256652832,0.1994817852973938,15.436554,4.830413,1.920235,1.610952
2026-08-05T11:59:02.126426,1785923942.126427,57.371727,0.6870611310005188,0.22774559259414673,-0.684421718120575,0.08744163066148758,0.7215700149536133,0.18223531544208527,-0.6372983455657959,0.19994768500328064,15.445543,4.853360,1.223688,3.123654
2026-08-05T11:59:02.135461,1785923942.135462,57.380763,0.6868460178375244,0.22782842814922333,-0.6845456957817078,0.08794454485177994,0.7213292717933655,0.18224209547042847,-0.6374395489692688,0.20036007463932037,15.438367,4.845779,-0.794243,-0.838955
2026-08-05T11:59:02.153734,1785923942.153735,57.399035,0.6865882873535156,0.22787758708000183,-0.6847238540649414,0.08844168484210968,0.7210699319839478,0.182191401720047,-0.6376428008079529,0.2006925642490387,15.425414,4.830740,-0.708849,-0.823074
2026-08-05T11:59:02.170777,1785923942.170777,57.416078,0.6861722469329834,0.22791177034378052,-0.6850681304931641,0.08891434967517853,0.7207885980606079,0.18206749856472015,-0.6379150748252869,0.20094957947731018,15.417813,4.807405,-0.446032,-1.369180
2026-08-05T11:59:02.186970,1785923942.186971,57.432271,0.6857652068138123,0.22789713740348816,-0.6854261159896851,0.08933260291814804,0.7204499840736389,0.1819290965795517,-0.6382806897163391,0.20112816989421844,15.401463,4.785793,-1.009675,-1.334650
2026-08-05T11:59:02.193414,1785923942.193414,57.438715,0.6854470372200012,0.22770169377326965,-0.6857614517211914,0.08969678729772568,0.7200696468353271,0.18181845545768738,-0.6386981010437012,0.20126532018184662,15.371272,4.783925,-4.685307,-0.289761
2026-08-05T11:59:02.204090,1785923942.204090,57.449391,0.6849759221076965,0.227580726146698,-0.6862137317657471,0.09014479070901871,0.7196901440620422,0.18176797032356262,-0.6390722990036011,0.20148055255413055,15.352133,4.780595,-1.792687,-0.311977
2026-08-05T11:59:02.238280,1785923942.238281,57.482571,0.6845099925994873,0.22735758125782013,-0.6867188811302185,0.0903988927602768,0.7193039655685425,0.1817064732313156,-0.6394411325454712,0.20174461603164673,15.354642,4.804733,0.075615,0.727485
2026-08-05T11:59:02.253894,1785923942.253894,57.499195,0.6841349005699158,0.22712916135787964,-0.6871390342712402,0.09061840921640396,0.7188703417778015,0.1817353367805481,-0.6398057341575623,0.20210829377174377,15.358882,4.848114,0.255032,2.609596
2026-08-05T11:59:02.270741,1785923942.270742,57.516042,0.683845579624176,0.22711411118507385,-0.6873694658279419,0.09109116345643997,0.7184317708015442,0.1818947196006775,-0.6400746703147888,0.20267148315906525,15.354756,4.879665,-0.244865,1.872724
2026-08-05T11:59:02.287599,1785923942.287599,57.532900,0.6836262941360474,0.22702251374721527,-0.6875712871551514,0.09144335240125656,0.7180265784263611,0.18210656940937042,-0.6402331590652466,0.20341509580612183,15.376796,4.946157,1.307406,3.944377
2026-08-05T11:59:02.304065,1785923942.304065,57.549366,0.68343186378479,0.22679774463176727,-0.6878305077552795,0.0915033221244812,0.7177048921585083,0.18221820890903473,-0.6403500437736511,0.2040809541940689,15.424135,5.031483,2.874982,5.181990
2026-08-05T11:59:02.320346,1785923942.320346,57.565647,0.6834119558334351,0.22632217407226562,-0.6880289912223816,0.09133778512477875,0.7174972295761108,0.18215595185756683,-0.6404550075531006,0.2045373022556305,15.466679,5.123266,2.613059,5.637361
2026-08-05T11:59:02.337382,1785923942.337383,57.582684,0.6834750771522522,0.22596405446529388,-0.6880788207054138,0.09137676656246185,0.7174772024154663,0.1820109337568283,-0.6404440999031067,0.20477119088172913,15.477535,5.160380,0.637236,2.178485
2026-08-05T11:59:02.353833,1785923942.353833,57.599134,0.6835282444953918,0.22595825791358948,-0.6879785656929016,0.09174748510122299,0.7175997495651245,0.18188543617725372,-0.6403070688247681,0.2048812061548233,15.460382,5.129193,-1.042664,-1.895808
2026-08-05T11:59:02.370312,1785923942.370312,57.615613,0.6837273240089417,0.22588491439819336,-0.6877604722976685,0.09208032488822937,0.7178226113319397,0.1817559003829956,-0.6400942206382751,0.2048805207014084,15.430844,5.095690,-1.792512,-2.033089
2026-08-05T11:59:02.386181,1785923942.386181,57.631482,0.6838446855545044,0.22594498097896576,-0.6875763535499573,0.09243413060903549,0.7180663347244263,0.18166998028755188,-0.6398423910140991,0.20489002764225006,15.409680,5.052863,-1.333692,-2.698802
2026-08-05T11:59:02.403955,1785923942.403955,57.649256,0.6840732097625732,0.22596335411071777,-0.6873152256011963,0.09264132380485535,0.7182902097702026,0.18175917863845825,-0.639516294002533,0.20504339039325714,15.404345,5.051481,-0.300148,-0.077750
2026-08-05T11:59:02.420673,1785923942.420674,57.665975,0.684359610080719,0.22594986855983734,-0.6870133876800537,0.09279663115739822,0.718510091304779,0.18191026151180267,-0.6391617059707642,0.20524518191814423,15.402817,5.065988,-0.091364,0.867724
2026-08-05T11:59:02.426289,1785923942.426290,57.671590,0.684615969657898,0.2260831892490387,-0.6866884827613831,0.09298703819513321,0.7187408208847046,0.18210482597351074,-0.6387864351272583,0.2054329514503479,15.401572,5.066826,-0.221794,0.149173
2026-08-05T11:59:02.437283,1785923942.437283,57.682584,0.684901237487793,0.22619451582431793,-0.686334490776062,0.09322836995124817,0.719019889831543,0.18228088319301605,-0.6384207010269165,0.20543751120567322,15.376675,5.048182,-2.264672,-1.695916
2026-08-05T11:59:02.453762,1785923942.453763,57.699063,0.6851010322570801,0.22615528106689453,-0.6861221194267273,0.09341935068368912,0.7193261384963989,0.18245543539524078,-0.6380819082260132,0.20526263117790222,15.341819,5.031941,-2.115118,-0.985511
2026-08-05T11:59:02.470585,1785923942.470585,57.715886,0.6853678226470947,0.22591948509216309,-0.6859183311462402,0.09352882951498032,0.719609260559082,0.18264970183372498,-0.6377643942832947,0.20508399605751038,15.303266,5.041287,-2.291747,0.555538
2026-08-05T11:59:02.487019,1785923942.487019,57.732320,0.6855466365814209,0.22591853141784668,-0.6857256293296814,0.09363358467817307,0.7197938561439514,0.18275804817676544,-0.6375558376312256,0.20498813688755035,15.280769,5.031159,-1.368935,-0.616262
2026-08-05T11:59:02.505782,1785923942.505783,57.749064,0.6857261657714844,0.22601667046546936,-0.6855066418647766,0.09368494153022766,0.7199108600616455,0.18289558589458466,-0.6373552680015564,0.20507845282554626,15.280435,5.034978,-0.019909,0.228063
2026-08-05T11:59:02.537430,1785923942.537430,57.782731,0.6859402656555176,0.22595734894275665,-0.6853252053260803,0.09358802437782288,0.7199960350990295,0.18308614194393158,-0.6371609568595886,0.20521290600299835,15.290152,5.072910,0.288632,1.126709
2026-08-05T11:59:02.554582,1785923942.554582,57.799883,0.6860529184341431,0.22594979405403137,-0.6852073073387146,0.0936439037322998,0.7200979590415955,0.18328405916690826,-0.6369525194168091,0.20532561838626862,15.291494,5.093200,0.078204,1.182960
2026-08-05T11:59:02.587593,1785923942.587594,57.832895,0.6861046552658081,0.22578585147857666,-0.6852033734321594,0.09368916600942612,0.7201710939407349,0.18322233855724335,-0.6369438767433167,0.2051507979631424,15.267398,5.083833,-0.729924,-0.283756
2026-08-05T11:59:02.604651,1785923942.604651,57.849952,0.6861252784729004,0.22557055950164795,-0.6852567791938782,0.0936659649014473,0.720234751701355,0.18290992081165314,-0.6370489001274109,0.20487980544567108,15.246273,5.056050,-1.238492,-1.628806
2026-08-05T11:59:02.620374,1785923942.620374,57.865675,0.6860937476158142,0.22533413767814636,-0.6853896379470825,0.09349384158849716,0.7202813625335693,0.18268127739429474,-0.637106716632843,0.20474036037921906,15.254556,5.059910,0.526806,0.245488
2026-08-05T11:59:02.636673,1785923942.636673,57.881974,0.6861196756362915,0.2251088172197342,-0.6854421496391296,0.09346184879541397,0.7202444672584534,0.18271249532699585,-0.6370692849159241,0.20495907962322235,15.271134,5.104006,1.017152,2.705447
2026-08-05T11:59:02.640153,1785923942.640154,57.885454,0.6860891580581665,0.22512508928775787,-0.685458779335022,0.0935244932770729,0.7201479077339172,0.18279005587100983,-0.6370344758033752,0.2053360939025879,15.299348,5.136812,8.105753,9.425237
2026-08-05T11:59:02.654192,1785923942.654192,57.899493,0.6859719753265381,0.2251250445842743,-0.6855765581130981,0.0935206338763237,0.7200630307197571,0.18265990912914276,-0.6371245980262756,0.20546993613243103,15.319446,5.139058,1.431682,0.159999
2026-08-05T11:59:02.670853,1785923942.670854,57.916154,0.6859144568443298,0.22481894493103027,-0.6857701539993286,0.09325937181711197,0.7200016975402832,0.1823474019765854,-0.6373484134674072,0.2052685171365738,15.324070,5.145614,0.277497,0.393463
2026-08-05T11:59:02.688059,1785923942.688059,57.933360,0.6858872771263123,0.2244180291891098,-0.6859756112098694,0.09291297942399979,0.7199639678001404,0.18201841413974762,-0.6376174092292786,0.20485733449459076,15.312255,5.148129,-0.686696,0.146170
2026-08-05T11:59:02.721176,1785923942.721177,57.966478,0.6856505870819092,0.2243298590183258,-0.6862438917160034,0.09289275109767914,0.7199211716651917,0.18176047503948212,-0.6378633379936218,0.20447026193141937,15.289807,5.105592,-0.677810,-1.284427
2026-08-05T11:59:02.737773,1785923942.737773,57.983074,0.6855817437171936,0.22427023947238922,-0.6863418221473694,0.09282083809375763,0.7198536396026611,0.18170224130153656,-0.6380342841148376,0.20422609150409698,15.270200,5.092560,-1.181449,-0.785226
2026-08-05T11:59:02.754346,1785923942.754346,57.999647,0.6854743361473083,0.22435243427753448,-0.6864330768585205,0.09273979067802429,0.7197430729866028,0.18170875310897827,-0.6382010579109192,0.2040894627571106,15.264403,5.082334,-0.349779,-0.617019
2026-08-05T11:59:02.771243,1785923942.771243,58.016544,0.6854197978973389,0.22435352206230164,-0.6865205764770508,0.09249220043420792,0.7196073532104492,0.18183773756027222,-0.6383300423622131,0.20404954254627228,15.275548,5.110636,0.659544,1.674922
2026-08-05T11:59:02.787775,1785923942.787776,58.033076,0.6853324770927429,0.22436299920082092,-0.6866593956947327,0.09208465367555618,0.7195031642913818,0.1819944977760315,-0.6384130716323853,0.2040177583694458,15.308148,5.153192,1.971930,2.574139
2026-08-05T11:59:02.793167,1785923942.793167,58.038468,0.6851524710655212,0.22440089285373688,-0.6868716478347778,0.09174845367670059,0.719427764415741,0.18209382891654968,-0.6385478973388672,0.2037729024887085,15.321001,5.165078,2.383944,2.204523
2026-08-05T11:59:02.804165,1785923942.804165,58.049466,0.6850811243057251,0.22434525191783905,-0.6870027780532837,0.09143562614917755,0.7193766236305237,0.18214386701583862,-0.6387485265731812,0.20327962934970856,15.297491,5.158248,-2.137590,-0.621035
2026-08-05T11:59:02.837378,1785923942.837379,58.081664,0.6850754618644714,0.22426576912403107,-0.687052309513092,0.09130026400089264,0.7193780541419983,0.18224291503429413,-0.638883650302887,0.20276033878326416,15.250699,5.140786,-1.453279,-0.542346
2026-08-05T11:59:02.853633,1785923942.853633,58.098934,0.6850425004959106,0.22435036301612854,-0.687071681022644,0.09119368344545364,0.7193430066108704,0.1824914515018463,-0.6389451622962952,0.20246747136116028,15.225010,5.137914,-1.487535,-0.166273
2026-08-05T11:59:02.870573,1785923942.870574,58.115150,0.6849740147590637,0.22445550560951233,-0.6871383786201477,0.09094753861427307,0.719287097454071,0.18277934193611145,-0.6389760971069336,0.20230832695960999,15.228647,5.158730,0.224271,1.283622
2026-08-05T11:59:02.886848,1785923942.886848,58.132149,0.6848873496055603,0.22470451891422272,-0.687172532081604,0.09072601795196533,0.7191780805587769,0.18314947187900543,-0.6390178799629211,0.20222888886928558,15.236998,5.178755,0.491272,1.177986
2026-08-05T11:59:02.903826,1785923942.903826,58.149127,0.684883713722229,0.22479641437530518,-0.687163770198822,0.09059181809425354,0.7190960645675659,0.18349140882492065,-0.6390507817268372,0.20210696756839752,15.225169,5.199807,-0.696743,1.239976
2026-08-05T11:59:02.920743,1785923942.920744,58.166045,0.6848130822181702,0.22504612803459167,-0.687140941619873,0.09067966789007187,0.7191081643104553,0.1836981326341629,-0.6390578150749207,0.2018529176712036,15.194955,5.166209,-1.785911,-1.986029
2026-08-05T11:59:02.937561,1785923942.937562,58.182862,0.6847380995750427,0.22515103220939636,-0.6871762275695801,0.09071818739175797,0.7191259264945984,0.18368496000766754,-0.6391590237617493,0.20148152112960815,15.159741,5.121681,-2.093889,-2.647678
2026-08-05T11:59:02.944793,1785923942.944794,58.188654,0.6847043037414551,0.22513709962368011,-0.6872196197509766,0.09067875891923904,0.7191310524940491,0.18364070355892181,-0.6392553448677063,0.20119771361351013,15.136284,5.098760,-4.050132,-3.957629
2026-08-05T11:59:02.953773,1785923942.953773,58.199074,0.6846904754638672,0.2250412404537201,-0.6872747540473938,0.09060346335172653,0.7191155552864075,0.18375365436077118,-0.639245867729187,0.20118004083633423,15.136955,5.121279,0.064340,2.161074
2026-08-05T11:59:02.969512,1785923942.969513,58.213589,0.6847255825996399,0.22497959434986115,-0.6872555613517761,0.09063686430454254,0.7190970182418823,0.18392328917980194,-0.6391654014587402,0.20134715735912323,15.142497,5.152234,0.381847,2.132726
2026-08-05T11:59:02.978970,1785923942.978970,58.223568,0.6847100257873535,0.2249823659658432,-0.6872538328170776,0.09076081216335297,0.7190829515457153,0.18402788043022156,-0.6391007900238037,0.20150655508041382,15.144956,5.164451,0.246418,1.224188
2026-08-05T11:59:02.986757,1785923942.986757,58.232058,0.6846860647201538,0.2250431478023529,-0.6872290372848511,0.0909777283668518,0.7191134691238403,0.1838701218366623,-0.6391183137893677,0.2014860212802887,15.129769,5.127174,-1.788808,-4.390567
2026-08-05T11:59:03.002899,1785923943.002899,58.248200,0.6846319437026978,0.22491306066513062,-0.6873236894607544,0.09099182486534119,0.7191457748413086,0.18353644013404846,-0.6392402648925781,0.20128828287124634,15.118172,5.093757,-0.718442,-2.070229
2026-08-05T11:59:03.021065,1785923943.021065,58.266366,0.6846522092819214,0.2246289700269699,-0.687415361404419,0.09084959328174591,0.7191534638404846,0.18321619927883148,-0.6393915414810181,0.2010718584060669,15.109473,5.086079,-0.478836,-0.422641
2026-08-05T11:59:03.070393,1785923943.070394,58.315694,0.684659481048584,0.2244470864534378,-0.6874644160270691,0.09087257832288742,0.7191604971885681,0.18318797647953033,-0.6393835544586182,0.20109796524047852,15.106619,5.100492,-0.057867,0.292176
2026-08-05T11:59:03.087869,1785923943.087869,58.333170,0.68472820520401,0.22432208061218262,-0.6874164938926697,0.09102538973093033,0.7191665172576904,0.1832929253578186,-0.6392821669578552,0.20130270719528198,15.103721,5.125351,-0.165844,1.422518
2026-08-05T11:59:03.094441,1785923943.094441,58.339742,0.684711754322052,0.2244180291891098,-0.6873593330383301,0.09134453535079956,0.7191345691680908,0.18335998058319092,-0.6392354369163513,0.20150406658649445,15.092528,5.114695,-1.703218,-1.621455
2026-08-05T11:59:03.103850,1785923943.103850,58.349151,0.6847199201583862,0.22439086437225342,-0.6873509287834167,0.09141212701797485,0.719100832939148,0.18319250643253326,-0.639284610748291,0.2016209214925766,15.098624,5.108370,0.647977,-0.672277
2026-08-05T11:59:03.120139,1785923943.120140,58.365441,0.6847422122955322,0.22422054409980774,-0.6874065399169922,0.09124455600976944,0.7190940380096436,0.1829548180103302,-0.6393808722496033,0.20155587792396545,15.108329,5.111908,0.595725,0.217194
2026-08-05T11:59:03.137646,1785923943.137646,58.382947,0.6847133040428162,0.22395695745944977,-0.6875498294830322,0.09102949500083923,0.7191349864006042,0.18272964656352997,-0.6394487023353577,0.20139913260936737,15.117808,5.120425,0.541463,0.486526
2026-08-05T11:59:03.154087,1785923943.154087,58.399388,0.6846714615821838,0.22391270101070404,-0.6875899434089661,0.09114973992109299,0.7191987633705139,0.18259480595588684,-0.6394655704498291,0.20123928785324097,15.098305,5.090007,-1.186262,-1.850153
2026-08-05T11:59:03.171230,1785923943.171230,58.416210,0.684670090675354,0.2240026891231537,-0.6875282526016235,0.0914042666554451,0.7192233204841614,0.182587668299675,-0.6394736766815186,0.2011321634054184,15.064955,5.052327,-1.982399,-2.239859
2026-08-05T11:59:03.187693,1785923943.187694,58.432995,0.6847725510597229,0.22403037548065186,-0.6874000430107117,0.09153267741203308,0.7191706895828247,0.18279418349266052,-0.6394408345222473,0.20123709738254547,15.047558,5.065981,-1.036547,0.813529
2026-08-05T11:59:03.204348,1785923943.204348,58.449649,0.684749186038971,0.224021777510643,-0.687437117099762,0.09145063161849976,0.71912682056427,0.18314260244369507,-0.6393079161643982,0.201499804854393,15.074386,5.124163,1.610887,3.493474
2026-08-05T11:59:03.220849,1785923943.220850,58.466151,0.6847144961357117,0.22425544261932373,-0.68739253282547,0.09147335588932037,0.7190896272659302,0.18332913517951965,-0.6392496228218079,0.2016477733850479,15.088613,5.129462,0.862117,0.321123
2026-08-05T11:59:03.237656,1785923943.237656,58.482957,0.6846305727958679,0.22464628517627716,-0.6873432993888855,0.09151100367307663,0.7190138697624207,0.18338334560394287,-0.6393361687660217,0.20159435272216797,15.086482,5.092427,-0.126797,-2.203682
2026-08-05T11:59:03.242604,1785923943.242604,58.487905,0.6847749948501587,0.22479450702667236,-0.687155544757843,0.09147777408361435,0.7190204858779907,0.1834677755832672,-0.6393592953681946,0.2014201432466507,15.062277,5.073574,-4.891599,-3.810096
2026-08-05T11:59:03.253765,1785923943.253765,58.499066,0.6847984194755554,0.22491620481014252,-0.6871039271354675,0.09139033406972885,0.7190340757369995,0.18380220234394073,-0.6392738223075867,0.20133771002292633,15.056213,5.089624,-0.543412,1.438112
2026-08-05T11:59:03.287304,1785923943.287304,58.532605,0.6848833560943604,0.2250683605670929,-0.6869884133338928,0.09124861657619476,0.7190386056900024,0.18427413702011108,-0.6391117572784424,0.20140483975410461,15.064401,5.130814,0.244152,1.228122
2026-08-05T11:59:03.304328,1785923943.304329,58.549629,0.6848748922348022,0.22566162049770355,-0.6867947578430176,0.09130348265171051,0.7189961671829224,0.1848413497209549,-0.6389340758323669,0.20160040259361267,15.077201,5.136240,0.751829,0.318718
2026-08-05T11:59:03.337220,1785923943.337221,58.582521,0.6849417090415955,0.2262093424797058,-0.6865333914756775,0.09141436219215393,0.7189512252807617,0.18551389873027802,-0.6387248635292053,0.20180539786815643,15.076323,5.150734,-0.026697,0.440637
2026-08-05T11:59:03.354187,1785923943.354187,58.599488,0.6850045323371887,0.22681064903736115,-0.6862394213676453,0.09165887534618378,0.7189229726791382,0.1862269639968872,-0.6384758949279785,0.20203691720962524,15.066520,5.155337,-0.577739,0.271312
2026-08-05T11:59:03.370880,1785923943.370880,58.616181,0.6850425601005554,0.22735606133937836,-0.6859944462776184,0.09185685962438583,0.7189187407493591,0.18690383434295654,-0.6382478475570679,0.20214764773845673,15.051483,5.155320,-0.900810,-0.001035
2026-08-05T11:59:03.387574,1785923943.387574,58.632875,0.6850751638412476,0.2276410162448883,-0.6858723759651184,0.09182029217481613,0.7189735770225525,0.18734177947044373,-0.6381030678749084,0.20200438797473907,15.037389,5.155521,-0.844270,0.012064
2026-08-05T11:59:03.394986,1785923943.394986,58.639696,0.6852020621299744,0.227887362241745,-0.6856709718704224,0.09176546335220337,0.719070315361023,0.18758127093315125,-0.6380172371864319,0.2017085701227188,15.008652,5.130904,-4.212760,-3.608802
2026-08-05T11:59:03.403694,1785923943.403695,58.648996,0.6852971315383911,0.2281659096479416,-0.6854783296585083,0.09180276840925217,0.7191733121871948,0.18775594234466553,-0.6379073858261108,0.20152635872364044,14.987938,5.100360,-2.227426,-3.284449
2026-08-05T11:59:03.420362,1785923943.420363,58.664660,0.6853558421134949,0.22864499688148499,-0.6852381229400635,0.09196595102548599,0.719235360622406,0.18813414871692657,-0.6377100944519043,0.2015765756368637,14.978943,5.078569,-0.574257,-1.391146
2026-08-05T11:59:03.437798,1785923943.437799,58.683100,0.6854472160339355,0.22903965413570404,-0.6849946975708008,0.09211667627096176,0.7193002104759216,0.18862029910087585,-0.6374418139457703,0.20173947513103485,14.977110,5.083499,-0.099410,0.267304
2026-08-05T11:59:03.470061,1785923943.470061,58.715362,0.68548184633255,0.22941438853740692,-0.6848084926605225,0.0923110693693161,0.7193904519081116,0.18901464343070984,-0.6371886730194092,0.20184843242168427,14.972638,5.074602,-0.138619,-0.275753
2026-08-05T11:59:03.487463,1785923943.487464,58.732764,0.6856006979942322,0.22959603369235992,-0.6846082210540771,0.09246138483285904,0.7194754481315613,0.1892257034778595,-0.6370555758476257,0.20176757872104645,14.945502,5.055728,-1.559335,-1.084593
2026-08-05T11:59:03.504359,1785923943.504360,58.749661,0.6856327652931213,0.22971504926681519,-0.6845162510871887,0.0926079973578453,0.7195436358451843,0.18932677805423737,-0.6369636058807373,0.20172017812728882,14.928540,5.036965,-1.003843,-1.110435
2026-08-05T11:59:03.520881,1785923943.520881,58.766182,0.6856763362884521,0.2297913134098053,-0.6844310164451599,0.09272626787424088,0.7195852398872375,0.18940138816833496,-0.6368736028671265,0.20178557932376862,14.923653,5.031811,-0.295844,-0.312012
2026-08-05T11:59:03.537336,1785923943.537337,58.782637,0.6857033967971802,0.22992055118083954,-0.6843418478965759,0.09286406636238098,0.7195936441421509,0.18945720791816711,-0.6367986798286438,0.2019396424293518,14.926681,5.026650,0.184008,-0.313632
2026-08-05T11:59:03.542897,1785923943.542897,58.788198,0.6856763362884521,0.2300262451171875,-0.6843103170394897,0.0930345430970192,0.7195636034011841,0.18955853581428528,-0.6367283463478088,0.20217354595661163,14.934478,5.032102,1.402198,0.980493
2026-08-05T11:59:03.571274,1785923943.571275,58.816576,0.685706615447998,0.2299707680940628,-0.6842918395996094,0.09308353066444397,0.7195383310317993,0.18952712416648865,-0.6367239952087402,0.20230640470981598,14.939443,5.042088,0.174958,0.351918
2026-08-05T11:59:03.588024,1785923943.588025,58.832952,0.6855980157852173,0.22999899089336395,-0.6843894720077515,0.09309609979391098,0.7194852828979492,0.18927331268787384,-0.6368653178215027,0.20228801667690277,14.946377,5.017132,0.423436,-1.523897
2026-08-05T11:59:03.604270,1785923943.604270,58.848553,0.6855870485305786,0.22989638149738312,-0.6844411492347717,0.09305055439472198,0.7194382548332214,0.1890563815832138,-0.6370095014572144,0.2022044062614441,14.941877,5.005877,-0.288473,-0.721446
2026-08-05T11:59:03.620767,1785923943.620767,58.866068,0.6854415535926819,0.22979681193828583,-0.6846169829368591,0.09307550638914108,0.7193871736526489,0.18894867599010468,-0.6371138691902161,0.20215736329555511,14.941057,5.001233,-0.046812,-0.265145
2026-08-05T11:59:03.637072,1785923943.637073,58.881351,0.6854256987571716,0.22985325753688812,-0.6845852136611938,0.0932864099740982,0.7192882895469666,0.18897181749343872,-0.6371939778327942,0.2022353708744049,14.922316,4.989605,-1.226230,-0.760806
2026-08-05T11:59:03.653449,1785923943.653450,58.898751,0.6853126883506775,0.2299341857433319,-0.6846591830253601,0.09337425231933594,0.719184935092926,0.18900617957115173,-0.6372350454330444,0.20244115591049194,14.937001,4.997048,0.843979,0.427742
2026-08-05T11:59:03.670087,1785923943.670087,58.915388,0.6852436065673828,0.22991517186164856,-0.684752345085144,0.09324417263269424,0.7191147804260254,0.1890261471271515,-0.6372919082641602,0.2024930864572525,14.954586,5.015886,1.056973,1.132275
2026-08-05T11:59:03.687111,1785923943.687112,58.932413,0.6851771473884583,0.22970867156982422,-0.6849097609519958,0.09308589994907379,0.7190995812416077,0.1888834536075592,-0.6374112963676453,0.2023039013147354,14.952437,5.019762,-0.126231,0.227688
2026-08-05T11:59:03.693207,1785923943.693208,58.938508,0.6851714849472046,0.22959083318710327,-0.6849623322486877,0.09303230792284012,0.7191513776779175,0.18867447972297668,-0.6375250816345215,0.20195607841014862,14.926590,4.987841,-4.240223,-5.236721
2026-08-05T11:59:03.703460,1785923943.703460,58.948761,0.6852695941925049,0.22933897376060486,-0.6849702000617981,0.09287244081497192,0.7192075252532959,0.18851007521152496,-0.6376416683197021,0.2015407681465149,14.893081,4.974075,-3.268433,-1.342714
2026-08-05T11:59:03.720553,1785923943.720553,58.965854,0.6853330135345459,0.22919166088104248,-0.6849802732467651,0.09269370883703232,0.7192546725273132,0.18840517103672028,-0.6377128958702087,0.2012454867362976,14.877303,4.967334,-0.923029,-0.394381
2026-08-05T11:59:03.737376,1785923943.737376,58.982677,0.6854015588760376,0.2292126715183258,-0.6849198937416077,0.09257964789867401,0.7192978262901306,0.18837490677833557,-0.637704610824585,0.20114554464817047,14.877573,4.962730,0.016040,-0.273632
2026-08-05T11:59:03.754286,1785923943.754286,58.999587,0.6854029297828674,0.22945421934127808,-0.6848415732383728,0.09255059063434601,0.7193747758865356,0.18825584650039673,-0.6376686692237854,0.20109610259532928,14.889201,4.928132,0.687649,-2.046030
2026-08-05T11:59:03.787035,1785923943.787035,59.032336,0.6854324340820312,0.22965086996555328,-0.6847689747810364,0.09238158911466599,0.7195556163787842,0.1878664344549179,-0.6377016305923462,0.20070882141590118,14.889931,4.856681,0.022274,-2.181771
2026-08-05T11:59:03.804094,1785923943.804095,59.049395,0.6856591105461121,0.22949784994125366,-0.6846518516540527,0.09194637835025787,0.7198182344436646,0.18720410764217377,-0.6378774642944336,0.19982454180717468,14.854823,4.772361,-2.058032,-4.942820
2026-08-05T11:59:03.820878,1785923943.820878,59.065793,0.6857712864875793,0.229332834482193,-0.6846285462379456,0.09169594198465347,0.7200943827629089,0.18662695586681366,-0.638033926486969,0.19886764883995056,14.800451,4.675891,-3.315804,-5.883157
2026-08-05T11:59:03.836753,1785923943.836753,59.082054,0.685869574546814,0.22912108898162842,-0.6846247911453247,0.09151832014322281,0.720331609249115,0.18650542199611664,-0.6379753351211548,0.1983097493648529,14.767321,4.649080,-2.037386,-1.648802
2026-08-05T11:59:03.843931,1785923943.843931,59.087726,0.68582683801651,0.22931313514709473,-0.6845831871032715,0.09166795760393143,0.7204193472862244,0.1867379993200302,-0.6378365755081177,0.19821882247924805,14.750953,4.630518,-2.885917,-3.272835
2026-08-05T11:59:03.845947,1785923943.845948,59.091249,0.6859006881713867,0.2297554761171341,-0.6843116879463196,0.09203514456748962,0.7203863263130188,0.18726031482219696,-0.6376343965530396,0.198496013879776,14.733164,4.628260,-5.049579,-0.640869
2026-08-05T11:59:03.886027,1785923943.886028,59.131329,0.6858764886856079,0.22997522354125977,-0.6842343211174011,0.0922408252954483,0.7203169465065002,0.18773509562015533,-0.6374964118003845,0.19874250888824463,14.728530,4.652881,-0.115626,0.614295
2026-08-05T11:59:03.903347,1785923943.903348,59.148649,0.6858478784561157,0.23014792799949646,-0.6841821670532227,0.09240955859422684,0.7202256321907043,0.18797655403614044,-0.6375108957290649,0.1987985223531723,14.710487,4.650007,-1.041737,-0.165957
2026-08-05T11:59:03.920708,1785923943.920709,59.166009,0.6857311725616455,0.23025169968605042,-0.6842416524887085,0.0925767794251442,0.7201507687568665,0.18798057734966278,-0.6375970244407654,0.1987898051738739,14.697686,4.628553,-0.737355,-1.235727
2026-08-05T11:59:03.937374,1785923943.937375,59.182676,0.6856404542922974,0.2303277850151062,-0.684272050857544,0.09283508360385895,0.7200270891189575,0.187994584441185,-0.6376836895942688,0.1989462971687317,14.686986,4.617727,-0.642037,-0.649578
2026-08-05T11:59:03.953561,1785923943.953561,59.198862,0.6854392886161804,0.23047132790088654,-0.6843925714492798,0.09307541698217392,0.7198377251625061,0.18814030289649963,-0.6377381086349487,0.1993197798728943,14.702695,4.632068,0.970544,0.885959
2026-08-05T11:59:03.969784,1785923943.969784,59.215085,0.6853477358818054,0.23039500415325165,-0.684495210647583,0.09318329393863678,0.7196564674377441,0.18820175528526306,-0.637790858745575,0.1997467428445816,14.727193,4.673792,1.510058,2.571873
2026-08-05T11:59:03.986346,1785923943.986347,59.231648,0.6851877570152283,0.23024766147136688,-0.6847090721130371,0.0931529775261879,0.719473123550415,0.18814371526241302,-0.6379144191741943,0.20006707310676575,14.760312,4.714139,1.999617,2.436010
2026-08-05T11:59:03.990911,1785923943.990912,59.235538,0.6851165294647217,0.23004156351089478,-0.6848592758178711,0.09308132529258728,0.7193061709403992,0.18797926604747772,-0.6381101012229919,0.20019754767417908,14.773219,4.738146,3.317745,6.171206
2026-08-05T11:59:04.003207,1785923944.003208,59.248508,0.6850260496139526,0.2300606369972229,-0.6849222183227539,0.09323635697364807,0.7191808223724365,0.1878516525030136,-0.6382471919059753,0.20033115148544312,14.772533,4.726964,-0.052912,-0.862169
2026-08-05T11:59:04.019110,1785923944.019110,59.264411,0.6849813461303711,0.23003986477851868,-0.6849537491798401,0.09338431805372238,0.7191175222396851,0.18786568939685822,-0.638265073299408,0.2004881650209427,14.772090,4.732553,-0.027853,0.351481
2026-08-05T11:59:04.036459,1785923944.036460,59.281760,0.6848362684249878,0.2300013303756714,-0.6851157546043396,0.09335527569055557,0.7190707921981812,0.18780171871185303,-0.6383227705955505,0.2005314975976944,14.787294,4.737562,0.876353,0.288702
2026-08-05T11:59:04.054616,1785923944.054616,59.299479,0.6848378777503967,0.2299482226371765,-0.6851319670677185,0.09335491061210632,0.7190223336219788,0.1876034140586853,-0.638465404510498,0.20043732225894928,14.777020,4.718989,-0.579822,-1.048229
2026-08-05T11:59:04.070592,1785923944.070592,59.315893,0.6848105788230896,0.22996686398983002,-0.6851478219032288,0.09339263290166855,0.7189961671829224,0.18749269843101501,-0.6385324597358704,0.20042093098163605,14.774654,4.704358,-0.144193,-0.891340
2026-08-05T11:59:04.087476,1785923944.087476,59.332777,0.6848128437995911,0.23012693226337433,-0.6850787401199341,0.09348858892917633,0.7189751267433167,0.18767710030078888,-0.6384391188621521,0.20062172412872314,14.784032,4.714516,0.555460,0.601613
2026-08-05T11:59:04.104140,1785923944.104141,59.349442,0.6848831176757812,0.2302655577659607,-0.68495774269104,0.09351913630962372,0.7190098762512207,0.18797941505908966,-0.6382659673690796,0.20076456665992737,14.789663,4.735637,0.337899,1.267415
2026-08-05T11:59:04.120658,1785923944.120658,59.365959,0.6848681569099426,0.23040734231472015,-0.6849222779273987,0.09353965520858765,0.7190555930137634,0.18816310167312622,-0.6381774544715881,0.2007102519273758,14.784994,4.731155,-0.282679,-0.271302
2026-08-05T11:59:04.126027,1785923944.126028,59.371329,0.6849585175514221,0.2305576056241989,-0.6847672462463379,0.09364265948534012,0.7191411852836609,0.18827033042907715,-0.6381053328514099,0.20053166151046753,14.756151,4.702196,-5.371492,-5.393202
2026-08-05T11:59:04.153734,1785923944.153735,59.399035,0.6849717497825623,0.23079082369804382,-0.6846615672111511,0.09374385327100754,0.7192395925521851,0.1883588433265686,-0.6380159854888916,0.20038016140460968,14.739458,4.666529,-0.602468,-1.287273
2026-08-05T11:59:04.186640,1785923944.186641,59.431942,0.6850769519805908,0.23100045323371887,-0.6844776272773743,0.09380297362804413,0.7193050384521484,0.18855100870132446,-0.6378941535949707,0.20035265386104584,14.728063,4.655348,-0.346294,-0.339796
2026-08-05T11:59:04.203432,1785923944.203432,59.448733,0.6851907968521118,0.23106159269809723,-0.6843509674072266,0.09374431520700455,0.7193284034729004,0.18880775570869446,-0.6377687454223633,0.20042599737644196,14.730422,4.680969,0.140496,1.525882
2026-08-05T11:59:04.219976,1785923944.219976,59.465277,0.6852797865867615,0.23107434809207916,-0.6842719316482544,0.09363912045955658,0.7193607091903687,0.18910814821720123,-0.63763028383255,0.20046785473823547,14.734374,4.715465,0.238888,2.085009
2026-08-05T11:59:04.235969,1785923944.235969,59.481270,0.6853699684143066,0.2312334179878235,-0.6841222643852234,0.0936797633767128,0.7193958163261414,0.18935231864452362,-0.6375107765197754,0.20049066841602325,14.726551,4.719201,-0.489203,0.233583
2026-08-05T11:59:04.253040,1785923944.253040,59.498341,0.6853898167610168,0.23142047226428986,-0.6840144991874695,0.09385950863361359,0.7194496393203735,0.18953511118888855,-0.6374125480651855,0.2004372924566269,14.705092,4.698155,-1.257041,-1.232825
2026-08-05T11:59:04.268399,1785923944.268399,59.513700,0.6853781938552856,0.2317218780517578,-0.6838902831077576,0.09410545974969864,0.7194677591323853,0.18970730900764465,-0.6373422145843506,0.20043307542800903,14.684745,4.665386,-1.324748,-2.133590
2026-08-05T11:59:04.285452,1785923944.285453,59.530754,0.6854237914085388,0.23186559975147247,-0.6837804317474365,0.09421790391206741,0.7194787263870239,0.18996576964855194,-0.6372289061546326,0.20050977170467377,14.676104,4.671026,-0.506726,0.330717
2026-08-05T11:59:04.302189,1785923944.302189,59.547490,0.6854352951049805,0.2318999171257019,-0.6837568283081055,0.09422143548727036,0.7194781303405762,0.19021883606910706,-0.637119472026825,0.200619637966156,14.681265,4.697530,0.308378,1.583589
2026-08-05T11:59:04.320217,1785923944.320218,59.565519,0.6854270100593567,0.23203518986701965,-0.6837035417556763,0.09433542191982269,0.7194661498069763,0.19039174914360046,-0.6370559334754944,0.2006995975971222,14.676928,4.697478,-0.240539,-0.002854
2026-08-05T11:59:04.336512,1785923944.336512,59.581813,0.6853890419006348,0.2322259396314621,-0.6836428642272949,0.09458139538764954,0.7194420099258423,0.190525621175766,-0.6370424032211304,0.20070233941078186,14.654304,4.672810,-1.388497,-1.513887
2026-08-05T11:59:04.353618,1785923944.353618,59.598919,0.6853480339050293,0.23232805728912354,-0.6836163401603699,0.0948193371295929,0.7193943858146667,0.1907128095626831,-0.6370066404342651,0.2008090764284134,14.638792,4.670137,-0.906770,-0.156287
2026-08-05T11:59:04.370203,1785923944.370204,59.615505,0.6853101253509521,0.23248343169689178,-0.683559000492096,0.09512592852115631,0.7193083763122559,0.19089893996715546,-0.636959969997406,0.2010878324508667,14.633068,4.672035,-0.345132,0.114463
2026-08-05T11:59:04.386975,1785923944.386975,59.632276,0.6853034496307373,0.23273107409477234,-0.6834255456924438,0.09552589803934097,0.7191721200942993,0.19105182588100433,-0.6369008421897888,0.2016167789697647,14.641850,4.676998,0.523596,0.295866
2026-08-05T11:59:04.403640,1785923944.403641,59.648941,0.6852353811264038,0.23293142020702362,-0.683383047580719,0.09582971781492233,0.719031810760498,0.19114677608013153,-0.6367916464805603,0.2023703008890152,14.689318,4.707698,2.848355,1.842160
2026-08-05T11:59:04.420244,1785923944.420244,59.665545,0.685265064239502,0.23270227015018463,-0.683421790599823,0.09589716047048569,0.7190156579017639,0.1909448653459549,-0.6366810202598572,0.20296607911586761,14.743640,4.756260,3.271734,2.924822
2026-08-05T11:59:04.437268,1785923944.437268,59.682569,0.6852902173995972,0.23206792771816254,-0.6836563944816589,0.09558159112930298,0.7190454602241516,0.19021442532539368,-0.6368536949157715,0.20300398766994476,14.783758,4.780858,2.356533,1.444892
2026-08-05T11:59:04.443655,1785923944.443655,59.688956,0.6853201985359192,0.23135440051555634,-0.6839011311531067,0.0953458845615387,0.7190278768539429,0.1890159249305725,-0.6373297572135925,0.20269136130809784,14.783536,4.739568,-0.034750,-6.464383
2026-08-05T11:59:04.453068,1785923944.453068,59.698369,0.6850894093513489,0.2314094603061676,-0.6840206384658813,0.09600961953401566,0.7189808487892151,0.18789833784103394,-0.6377718448638916,0.2025071680545807,14.739751,4.577236,-4.651676,-17.245957
2026-08-05T11:59:04.470546,1785923944.470547,59.715848,0.6849343180656433,0.2315635234117508,-0.6839900016784668,0.09695865213871002,0.7188401222229004,0.1872839778661728,-0.6380153894424438,0.20280848443508148,14.697529,4.466606,-2.415646,-6.329425
2026-08-05T11:59:04.488260,1785923944.488261,59.732724,0.684782862663269,0.2315928041934967,-0.6840163469314575,0.09777025878429413,0.7186343669891357,0.1871279776096344,-0.6380265355110168,0.20364467799663544,14.706201,4.460860,0.513883,-0.340487
2026-08-05T11:59:04.520342,1785923944.520343,59.765644,0.6846548318862915,0.2313620150089264,-0.6841566562652588,0.09823095798492432,0.7184566855430603,0.18698754906654358,-0.6379808783531189,0.20454145967960358,14.750135,4.511788,1.334577,1.547032
2026-08-05T11:59:04.537405,1785923944.537406,59.782706,0.6844436526298523,0.23118668794631958,-0.684382438659668,0.09854207932949066,0.7182762622833252,0.18648061156272888,-0.6381712555885315,0.20504385232925415,14.783839,4.506650,1.975259,-0.301130
2026-08-05T11:59:04.553925,1785923944.553925,59.799226,0.6842817068099976,0.23121626675128937,-0.684476375579834,0.09894310683012009,0.7181128263473511,0.18581277132034302,-0.6384820938110352,0.2052544802427292,14.784831,4.438135,0.060037,-4.147602
2026-08-05T11:59:04.570439,1785923944.570440,59.815740,0.6841455101966858,0.23147955536842346,-0.6844255924224854,0.09961807727813721,0.7179946303367615,0.18547981977462769,-0.6386072635650635,0.20557962357997894,14.769372,4.363508,-0.936089,-4.518832
2026-08-05T11:59:04.587183,1785923944.587183,59.832484,0.6839984655380249,0.2317502200603485,-0.6843969821929932,0.10019409656524658,0.7178597450256348,0.18557608127593994,-0.63856041431427,0.2061087042093277,14.773216,4.348360,0.229573,-0.904704
2026-08-05T11:59:04.592699,1785923944.592699,59.838000,0.6838211417198181,0.2323121726512909,-0.684290885925293,0.10082576423883438,0.7176833152770996,0.18593744933605194,-0.6384764909744263,0.20665672421455383,14.772716,4.326438,-0.090475,-3.974091
2026-08-05T11:59:04.603191,1785923944.603191,59.848492,0.6837441921234131,0.2327369600534439,-0.6841514110565186,0.10131344199180603,0.717491865158081,0.18642042577266693,-0.6383904218673706,0.20715156197547913,14.765357,4.333635,-0.701483,0.686000
2026-08-05T11:59:04.637023,1785923944.637024,59.882324,0.6837132573127747,0.23309458792209625,-0.6840019822120667,0.1017090305685997,0.7173425555229187,0.18697980046272278,-0.6382771134376526,0.20751282572746277,14.748764,4.348557,-0.490447,0.441049
2026-08-05T11:59:04.653800,1785923944.653800,59.899101,0.6836767792701721,0.23341922461986542,-0.6838918328285217,0.10194938629865646,0.7172554731369019,0.18743233382701874,-0.6381757259368896,0.20771822333335876,14.738323,4.355954,-0.622304,0.440863
2026-08-05T11:59:04.670193,1785923944.670194,59.915495,0.6836512088775635,0.23365499079227448,-0.6838338375091553,0.1019696444272995,0.7172094583511353,0.18781305849552155,-0.6380877494812012,0.20780280232429504,14.739070,4.371992,0.045538,0.978357
2026-08-05T11:59:04.687311,1785923944.687312,59.932612,0.6836152672767639,0.23404990136623383,-0.683699369430542,0.10220634937286377,0.7172126770019531,0.1881219446659088,-0.6379964351654053,0.20779243111610413,14.718661,4.342319,-1.192263,-1.733480
2026-08-05T11:59:04.703673,1785923944.703674,59.948974,0.6836593151092529,0.23446789383888245,-0.6834709048271179,0.10248184949159622,0.7172124981880188,0.18846245110034943,-0.6378834247589111,0.2078319638967514,14.693518,4.314123,-1.536684,-1.723242
2026-08-05T11:59:04.720617,1785923944.720617,59.965918,0.6836861371994019,0.2346821278333664,-0.6833532452583313,0.10259649902582169,0.7172529697418213,0.18883565068244934,-0.6377049088478088,0.20790144801139832,14.685609,4.321615,-0.466773,0.442178
2026-08-05T11:59:04.737110,1785923944.737110,59.982411,0.6837077736854553,0.23464412987232208,-0.6833657622337341,0.10245601087808609,0.7173391580581665,0.18918471038341522,-0.6375002861022949,0.20791436731815338,14.695110,4.364553,0.576086,2.603419
2026-08-05T11:59:04.753380,1785923944.753380,59.998681,0.6837312579154968,0.23470178246498108,-0.683310866355896,0.10253316909074783,0.717456579208374,0.18933501839637756,-0.637398362159729,0.20768485963344574,14.667146,4.344955,-1.718748,-1.204508
2026-08-05T11:59:04.770581,1785923944.770582,60.015882,0.6837862133979797,0.2348247915506363,-0.6831851005554199,0.10272284597158432,0.7175788879394531,0.18928012251853943,-0.6373872756958008,0.2073459029197693,14.621880,4.284564,-2.631455,-3.510746
2026-08-05T11:59:04.786860,1785923944.786860,60.032161,0.683827817440033,0.23483940958976746,-0.6831322908401489,0.10276364535093307,0.7176631689071655,0.18926022946834564,-0.6373504996299744,0.20718558132648468,14.604995,4.263866,-1.037310,-1.271520
2026-08-05T11:59:04.803579,1785923944.803579,60.048880,0.6838362216949463,0.23489245772361755,-0.6831064820289612,0.10275823622941971,0.717696487903595,0.18926599621772766,-0.6373022198677063,0.2072131335735321,14.611729,4.261766,0.402778,-0.125597
2026-08-05T11:59:04.823416,1785923944.823416,60.065908,0.6837835311889648,0.23491139709949493,-0.6831620931625366,0.10269517451524734,0.7176757454872131,0.18918822705745697,-0.637351930141449,0.20720279216766357,14.621889,4.258086,0.596668,-0.216147
2026-08-05T11:59:04.836656,1785923944.836656,60.081957,0.6838146448135376,0.23476234078407288,-0.6831817030906677,0.10269887000322342,0.7176672220230103,0.18904520571231842,-0.6374274492263794,0.20713067054748535,14.610990,4.253620,-0.679140,-0.278282
2026-08-05T11:59:04.853696,1785923944.853696,60.098997,0.6837643384933472,0.2346600592136383,-0.6832594871520996,0.10274924337863922,0.7177111506462097,0.18887324631214142,-0.6374801993370056,0.20697283744812012,14.598194,4.231264,-0.750897,-1.311942
2026-08-05T11:59:04.870414,1785923944.870414,60.115715,0.6836528778076172,0.23430824279785156,-0.6835229992866516,0.10254150629043579,0.7176935076713562,0.1885753870010376,-0.637645959854126,0.20679497718811035,14.605691,4.240569,0.448411,0.556602
2026-08-05T11:59:04.886681,1785923944.886682,60.131982,0.6836616396903992,0.23418675363063812,-0.683565080165863,0.10248006135225296,0.7176334857940674,0.1883360743522644,-0.6378089785575867,0.2067190706729889,14.602091,4.231158,-0.221309,-0.578519
2026-08-05T11:59:04.892907,1785923944.892907,60.138208,0.6834975481033325,0.2342461198568344,-0.6837154030799866,0.10243652015924454,0.7175108790397644,0.18831394612789154,-0.6379150152206421,0.2068370282649994,14.623739,4.239190,3.477410,1.290095
2026-08-05T11:59:04.903588,1785923944.903588,60.148889,0.6835512518882751,0.2340371012687683,-0.6837374567985535,0.10240861028432846,0.717390239238739,0.18846145272254944,-0.6379532217979431,0.20700348913669586,14.621347,4.287797,-0.223899,4.550694
2026-08-05T11:59:04.921747,1785923944.921747,60.166216,0.6834538578987122,0.23403389751911163,-0.6838318705558777,0.10243570059537888,0.717340886592865,0.18847641348838806,-0.6379930973052979,0.20703791081905365,14.625007,4.290980,0.211218,0.183682
2026-08-05T11:59:04.936933,1785923944.936933,60.181014,0.6834672093391418,0.23379386961460114,-0.6839373707771301,0.10219039022922516,0.7173213362693787,0.18836694955825806,-0.6381135582923889,0.20683404803276062,14.621942,4.306086,-0.207108,1.020793
2026-08-05T11:59:04.953756,1785923944.953756,60.199057,0.6834471225738525,0.23357315361499786,-0.6840757131576538,0.10190330445766449,0.7173377871513367,0.18817323446273804,-0.6382510662078857,0.20652824640274048,14.620224,4.306875,-0.095225,0.043729
2026-08-05T11:59:04.970111,1785923944.970112,60.215413,0.6834690570831299,0.23369164764881134,-0.6840137243270874,0.10190092027187347,0.717346727848053,0.18814213573932648,-0.6382954716682434,0.20638850331306458,14.608629,4.281944,-0.708930,-1.524254
2026-08-05T11:59:04.986956,1785923944.986956,60.232257,0.6834455728530884,0.2339455932378769,-0.6839250922203064,0.10207019001245499,0.7173508405685425,0.18838457763195038,-0.6381674408912659,0.20654882490634918,14.610726,4.279016,0.124495,-0.173852
2026-08-05T11:59:04.993682,1785923944.993682,60.238983,0.6834660172462463,0.23419754207134247,-0.6837994456291199,0.10219641774892807,0.7173848152160645,0.18870854377746582,-0.6379767656326294,0.20672430098056793,14.615506,4.287063,0.710670,1.196407
2026-08-05T11:59:05.036868,1785923945.036869,60.282169,0.6835852861404419,0.23412401974201202,-0.6837285757064819,0.10204136371612549,0.7174604535102844,0.1889437586069107,-0.6378291845321655,0.20670250058174133,14.617289,4.321999,0.041298,0.808968
2026-08-05T11:59:05.041379,1785923945.041380,60.286681,0.6836474537849426,0.23404879868030548,-0.6837106347084045,0.10191718488931656,0.7175686955451965,0.1890234500169754,-0.6377419233322144,0.20652294158935547,14.610050,4.328481,-1.604744,1.436741
2026-08-05T11:59:05.053570,1785923945.053571,60.298871,0.6836655735969543,0.2342338114976883,-0.683627188205719,0.10193058103322983,0.7176409959793091,0.18907031416893005,-0.6376924514770508,0.20638145506381989,14.601322,4.301710,-0.715963,-2.196024
2026-08-05T11:59:05.070418,1785923945.070418,60.315719,0.6835896372795105,0.23458071053028107,-0.683563232421875,0.10207156091928482,0.7176612615585327,0.18914243578910828,-0.6376724243164062,0.20630665123462677,14.593373,4.258877,-0.471786,-2.542425
2026-08-05T11:59:05.086865,1785923945.086865,60.332166,0.6836519241333008,0.2347155660390854,-0.6834515333175659,0.1020917296409607,0.7176454067230225,0.18940408527851105,-0.63759446144104,0.20636288821697235,14.587779,4.271320,-0.340159,0.756544
2026-08-05T11:59:05.103716,1785923945.103716,60.349017,0.6836797595024109,0.23474694788455963,-0.6834271550178528,0.1019960567355156,0.7176218628883362,0.18970400094985962,-0.6375048160552979,0.2064463347196579,14.594827,4.307748,0.418302,2.161785
2026-08-05T11:59:05.120447,1785923945.120447,60.365748,0.6836813688278198,0.23485210537910461,-0.683397114276886,0.10194473713636398,0.7175495624542236,0.18998944759368896,-0.6374796032905579,0.20651356875896454,14.596232,4.332212,0.083933,1.462204
2026-08-05T11:59:05.137008,1785923945.137008,60.382309,0.6836555600166321,0.23491784930229187,-0.6834102272987366,0.1018785759806633,0.7175243496894836,0.19017179310321808,-0.6374571919441223,0.2065018117427826,14.598143,4.345793,0.115425,0.820041
2026-08-05T11:59:05.140810,1785923945.140811,60.386112,0.6836052536964417,0.23502224683761597,-0.6834111213684082,0.10196979343891144,0.7175504565238953,0.1902969777584076,-0.6374251842498779,0.20639435946941376,14.582267,4.330354,-4.175101,-4.060214
2026-08-05T11:59:05.153695,1785923945.153695,60.398996,0.6835616827011108,0.23513275384902954,-0.6833974123001099,0.10209862887859344,0.7175592184066772,0.19029222428798676,-0.6374592781066895,0.20626333355903625,14.562064,4.299008,-1.568121,-2.432903
2026-08-05T11:59:05.170463,1785923945.170464,60.415764,0.6835082173347473,0.23526163399219513,-0.6833944916725159,0.1021793857216835,0.7175096273422241,0.1902529001235962,-0.637541651725769,0.20621752738952637,14.553560,4.274780,-0.507102,-1.444837
2026-08-05T11:59:05.187182,1785923945.187183,60.432483,0.6835405826568604,0.2352127879858017,-0.6833901405334473,0.10210448503494263,0.717426061630249,0.19032903015613556,-0.6375463604927063,0.20642296969890594,14.570955,4.309434,1.040412,2.072704
2026-08-05T11:59:05.209547,1785923945.209548,60.453673,0.6835712194442749,0.23523999750614166,-0.6833596229553223,0.10204038769006729,0.7173430919647217,0.19047877192497253,-0.6374818682670593,0.20677219331264496,14.602931,4.354346,1.509071,2.119564
2026-08-05T11:59:05.225556,1785923945.225556,60.470857,0.6834943294525146,0.2352505922317505,-0.6834426522254944,0.10197501629590988,0.7173081636428833,0.19052743911743164,-0.6374519467353821,0.20694077014923096,14.629445,4.377126,1.542916,1.325624
2026-08-05T11:59:05.237117,1785923945.237118,60.482419,0.6833826303482056,0.2352185994386673,-0.683562695980072,0.10199298709630966,0.7173426747322083,0.19040285050868988,-0.6375044584274292,0.20677374303340912,14.622970,4.354283,-0.560062,-1.975756
2026-08-05T11:59:05.253280,1785923945.253280,60.498581,0.6834287047386169,0.235154926776886,-0.6835055947303772,0.10221359133720398,0.7173737287521362,0.19015660881996155,-0.6376339793205261,0.20649299025535583,14.574902,4.298824,-2.974020,-3.431312
2026-08-05T11:59:05.270118,1785923945.270119,60.515419,0.6833986639976501,0.23524990677833557,-0.6834753751754761,0.10239775478839874,0.7173698544502258,0.19008533656597137,-0.6376899480819702,0.20639969408512115,14.552786,4.262401,-1.313386,-2.163105
2026-08-05T11:59:05.286956,1785923945.286957,60.532258,0.6834273338317871,0.23518449068069458,-0.6834924817085266,0.10224198549985886,0.7172878384590149,0.19010841846466064,-0.6377229690551758,0.20656143128871918,14.575023,4.296824,1.320613,2.044381
2026-08-05T11:59:05.303161,1785923945.303161,60.548462,0.6835148334503174,0.23503854870796204,-0.6835116744041443,0.1018650010228157,0.7172103524208069,0.19029977917671204,-0.6376808881759644,0.20678406953811646,14.615454,4.374446,2.495018,4.790128
2026-08-05T11:59:05.320462,1785923945.320463,60.565763,0.6834225058555603,0.23503415286540985,-0.6836305856704712,0.1016957238316536,0.7172273993492126,0.19036804139614105,-0.6376444697380066,0.20677417516708374,14.637338,4.392747,1.264913,1.057764
2026-08-05T11:59:05.343302,1785923945.343302,60.588603,0.6834614872932434,0.23509624600410461,-0.6835535764694214,0.10180763155221939,0.7172828316688538,0.19026261568069458,-0.6377144455909729,0.20646335184574127,14.598583,4.343059,-1.696857,-2.175509
2026-08-05T11:59:05.353594,1785923945.353595,60.598895,0.6833919882774353,0.23534026741981506,-0.6835010051727295,0.10206367820501328,0.7173457145690918,0.19010277092456818,-0.63780677318573,0.20610573887825012,14.555234,4.257451,-4.211805,-8.317872
2026-08-05T11:59:05.420354,1785923945.420354,60.665655,0.6834419369697571,0.2353321760892868,-0.6834678649902344,0.101969413459301,0.717349112033844,0.1902523934841156,-0.6377833485603333,0.20602890849113464,14.548600,4.271254,-0.099373,0.206760
2026-08-05T11:59:05.436745,1785923945.436745,60.682046,0.6834791302680969,0.23524773120880127,-0.6834862232208252,0.10179165005683899,0.7172894477844238,0.19056162238121033,-0.6376920938491821,0.20623287558555603,14.570179,4.335832,1.316483,3.939820
2026-08-05T11:59:05.453438,1785923945.453438,60.698739,0.6834765672683716,0.23544657230377197,-0.6834371089935303,0.10167913883924484,0.7172289490699768,0.19076849520206451,-0.6376217007637024,0.20646992325782776,14.601978,4.364054,1.904965,1.690630
2026-08-05T11:59:05.470262,1785923945.470262,60.715563,0.6835312843322754,0.23541568219661713,-0.6834179759025574,0.10151015967130661,0.717238187789917,0.1907767504453659,-0.6376383304595947,0.20637884736061096,14.604906,4.372827,0.174039,0.521487
2026-08-05T11:59:05.487098,1785923945.487098,60.732399,0.6834548115730286,0.23537197709083557,-0.6835194230079651,0.10144318640232086,0.7172740697860718,0.19068831205368042,-0.6377122402191162,0.20610715448856354,14.591923,4.351804,-0.771167,-1.248725
2026-08-05T11:59:05.493277,1785923945.493278,60.738578,0.6834845542907715,0.23537367582321167,-0.6834681034088135,0.10158514231443405,0.7173317074775696,0.19067111611366272,-0.6377111077308655,0.20592598617076874,14.560961,4.323312,-5.010613,-4.610761
2026-08-05T11:59:05.503137,1785923945.503137,60.748438,0.6833915114402771,0.23557023704051971,-0.6834669709205627,0.10176277905702591,0.7172877788543701,0.19074708223342896,-0.6377155184745789,0.20599499344825745,14.556873,4.304457,-0.414617,-1.912304
2026-08-05T11:59:05.508919,1785923945.508920,60.754220,0.6833871006965637,0.23568058013916016,-0.6834244132041931,0.1018228530883789,0.7172060608863831,0.1908831000328064,-0.6376884579658508,0.2062375694513321,14.570037,4.322249,2.276743,3.076898
2026-08-05T11:59:05.520807,1785923945.520808,60.766108,0.6833920478820801,0.2357463538646698,-0.6833972334861755,0.10182026773691177,0.7171215415000916,0.19092026352882385,-0.6377108097076416,0.20642773807048798,14.584617,4.336488,1.226393,1.197784
2026-08-05T11:59:05.536868,1785923945.536869,60.782169,0.6833699941635132,0.23557285964488983,-0.6835064888000488,0.10163664817810059,0.7171342372894287,0.19081038236618042,-0.6377471685409546,0.20637287199497223,14.598272,4.352771,0.850212,1.013839
2026-08-05T11:59:05.553152,1785923945.553153,60.798453,0.6833729147911072,0.2353041023015976,-0.6836151480674744,0.1015077456831932,0.7171987891197205,0.19050033390522003,-0.637868344783783,0.20606012642383575,14.583944,4.334794,-0.879877,-1.104016
2026-08-05T11:59:05.569913,1785923945.569914,60.815214,0.6833441257476807,0.23515021800994873,-0.6837081909179688,0.10143183916807175,0.717208206653595,0.1902194321155548,-0.6380274295806885,0.2057938128709793,14.569568,4.309355,-0.857731,-1.517704
2026-08-05T11:59:05.586880,1785923945.586880,60.832181,0.6833022236824036,0.23525641858577728,-0.6836974024772644,0.10154058039188385,0.7171663641929626,0.19024686515331268,-0.6380506157875061,0.20584280788898468,14.565734,4.298261,-0.225941,-0.653874
2026-08-05T11:59:05.603139,1785923945.603139,60.848440,0.6832654476165771,0.23536475002765656,-0.68366938829422,0.10172564536333084,0.7171036005020142,0.19052793085575104,-0.6379455327987671,0.20612689852714539,14.570447,4.321724,0.289893,1.443108
2026-08-05T11:59:05.619809,1785923945.619809,60.865110,0.683266282081604,0.23560282588005066,-0.6835546493530273,0.10194037109613419,0.7170161008834839,0.19074535369873047,-0.637895941734314,0.20638364553451538,14.569861,4.323858,-0.035148,0.128028
2026-08-05T11:59:05.636300,1785923945.636300,60.881601,0.6832935810089111,0.23558060824871063,-0.6835405230522156,0.1019022986292839,0.7169802784919739,0.19078406691551208,-0.6379142999649048,0.20641544461250305,14.570728,4.335084,0.052543,0.680691
2026-08-05T11:59:05.653107,1785923945.653108,60.898408,0.6832595467567444,0.23542317748069763,-0.6836551427841187,0.10172607004642487,0.7169819474220276,0.19074589014053345,-0.6379591822624207,0.2063056230545044,14.576145,4.350838,0.322286,0.937326
2026-08-05T11:59:05.669423,1785923945.669423,60.913675,0.6832305788993835,0.23535142838954926,-0.6837140917778015,0.10168960690498352,0.7170268893241882,0.1906915009021759,-0.637976884841919,0.20614539086818695,14.567714,4.341828,-0.552265,-0.590193
2026-08-05T11:59:05.686736,1785923945.686736,60.931735,0.6832078099250793,0.23544242978096008,-0.6836768984794617,0.10188210010528564,0.7170422673225403,0.19069531559944153,-0.6379802227020264,0.2060779333114624,14.546200,4.313168,-1.191202,-1.586874
2026-08-05T11:59:05.703438,1785923945.703439,60.948739,0.6831837296485901,0.23558831214904785,-0.6836264729499817,0.10204431414604187,0.7170250415802002,0.19081197679042816,-0.637946605682373,0.20613394677639008,14.536885,4.301866,-0.547798,-0.664694
2026-08-05T11:59:05.719419,1785923945.719419,60.964720,0.6832403540611267,0.23554928600788116,-0.6835805773735046,0.10206332057714462,0.7169920206069946,0.19095362722873688,-0.63790363073349,0.20625096559524536,14.535951,4.325640,-0.058436,1.487665
2026-08-05T11:59:05.735914,1785923945.735915,60.981216,0.68320631980896,0.23548674583435059,-0.6836453080177307,0.10200021415948868,0.7169656753540039,0.19109763205051422,-0.6378556489944458,0.20635689795017242,14.548494,4.357292,0.760364,1.918829
2026-08-05T11:59:05.753057,1785923945.753057,60.998358,0.6832128167152405,0.2354576587677002,-0.6836473941802979,0.10201074928045273,0.716964602470398,0.19104434549808502,-0.6378925442695618,0.20629556477069855,14.541006,4.349637,-0.436816,-0.446524
2026-08-05T11:59:05.769766,1785923945.769767,61.015068,0.6831668019294739,0.23543456196784973,-0.6836957335472107,0.10204794257879257,0.7169938683509827,0.19077003002166748,-0.6380112767219543,0.2060808539390564,14.526761,4.308134,-0.852492,-2.483796
2026-08-05T11:59:05.786365,1785923945.786366,61.031667,0.6830859780311584,0.23537792265415192,-0.6837976574897766,0.10203732550144196,0.717005729675293,0.19047117233276367,-0.6381399631500244,0.20591776072978973,14.523963,4.275980,-0.168555,-1.937145
2026-08-05T11:59:05.793004,1785923945.793004,61.038305,0.6830956935882568,0.23537282645702362,-0.6837839484214783,0.10207619518041611,0.7169870734214783,0.1903473436832428,-0.6381899118423462,0.20594239234924316,14.523957,4.265531,-0.000902,-1.573928
2026-08-05T11:59:05.835915,1785923945.835916,61.081216,0.6830577850341797,0.23538969457149506,-0.6838095188140869,0.10211929678916931,0.7169328927993774,0.19053056836128235,-0.6381165385246277,0.20618915557861328,14.539960,4.297052,0.372926,0.734565
2026-08-05T11:59:05.852969,1785923945.852970,61.098270,0.6831034421920776,0.2354067862033844,-0.6837366819381714,0.10226304829120636,0.716856837272644,0.19078698754310608,-0.6380295753479004,0.2064846009016037,14.541428,4.330935,0.086086,1.986807
2026-08-05T11:59:05.869114,1785923945.869114,61.114415,0.6830069422721863,0.23555071651935577,-0.6837556958198547,0.10244844108819962,0.7168169021606445,0.19080010056495667,-0.6380305290222168,0.2066081315279007,14.543363,4.315577,0.119845,-0.951285
2026-08-05T11:59:05.886530,1785923945.886530,61.131831,0.682887077331543,0.23559269309043884,-0.6838663816452026,0.10241246968507767,0.7167667746543884,0.19062486290931702,-0.6381747126579285,0.20649917423725128,14.546054,4.292025,0.154488,-1.352347
2026-08-05T11:59:05.903181,1785923945.903182,61.148482,0.6828646063804626,0.23546917736530304,-0.6839591264724731,0.10222626477479935,0.7167127132415771,0.19045209884643555,-0.6383340358734131,0.20635364949703217,14.548173,4.292170,0.127296,0.008711
2026-08-05T11:59:05.919233,1785923945.919233,61.164534,0.6828461289405823,0.2354375272989273,-0.6840014457702637,0.10213976353406906,0.7166551947593689,0.19047337770462036,-0.6383939981460571,0.2063480019569397,14.551717,4.303861,0.220752,0.728358
2026-08-05T11:59:05.936069,1785923945.936069,61.181370,0.6827359199523926,0.23548807203769684,-0.6840841174125671,0.10220592468976974,0.7165811657905579,0.1906200796365738,-0.6384127736091614,0.20641165971755981,14.551319,4.312722,-0.023633,0.526288
2026-08-05T11:59:05.941358,1785923945.941359,61.186060,0.682651937007904,0.23556995391845703,-0.6841371059417725,0.10222367197275162,0.7164953351020813,0.1907505989074707,-0.638465404510498,0.20642606914043427,14.548989,4.317177,-0.496799,0.949972
2026-08-05T11:59:05.952028,1785923945.952029,61.197329,0.6826720237731934,0.23547622561454773,-0.6841663122177124,0.10210898518562317,0.7164899110794067,0.19076712429523468,-0.6385070085525513,0.20630069077014923,14.542220,4.325540,-0.600644,0.742104
2026-08-05T11:59:05.968295,1785923945.968296,61.213596,0.6826053857803345,0.235437273979187,-0.6842725872993469,0.10193286091089249,0.7164683938026428,0.19063608348369598,-0.6386507153511047,0.20605216920375824,14.538958,4.311737,-0.200520,-0.848518
2026-08-05T11:59:06.019752,1785923946.019753,61.265054,0.6826733946800232,0.23524455726146698,-0.6843165755271912,0.1016276627779007,0.7164573669433594,0.19057931005954742,-0.6387506723403931,0.20583325624465942,14.536857,4.330055,-0.040829,0.355990
2026-08-05T11:59:06.036735,1785923946.036735,61.282036,0.6826453804969788,0.23534269630908966,-0.6843211650848389,0.10155609995126724,0.7164729833602905,0.19064778089523315,-0.6387326717376709,0.2057712823152542,14.541232,4.327019,0.257610,-0.178804
2026-08-05T11:59:06.053379,1785923946.053380,61.298680,0.6825194358825684,0.23572170734405518,-0.6842925548553467,0.10171803832054138,0.7164807319641113,0.1907716691493988,-0.6386967897415161,0.20574025809764862,14.537797,4.287811,-0.206378,-2.355586
2026-08-05T11:59:06.069954,1785923946.069955,61.315255,0.6824734807014465,0.23600924015045166,-0.6842132806777954,0.10189194977283478,0.7164863348007202,0.19083094596862793,-0.6387202739715576,0.20559293031692505,14.514225,4.240838,-1.422106,-2.833975
2026-08-05T11:59:06.086790,1785923946.086790,61.332091,0.6824311017990112,0.23614299297332764,-0.6842182278633118,0.10183259844779968,0.7164872884750366,0.19094952940940857,-0.6387466192245483,0.2053975611925125,14.502511,4.226865,-0.695842,-0.829985
2026-08-05T11:59:06.091937,1785923946.091937,61.337238,0.6824708580970764,0.23593509197235107,-0.6842897534370422,0.10156672447919846,0.7164748311042786,0.1911003440618515,-0.6387658715248108,0.2052406519651413,14.498648,4.265792,-0.750477,7.562764
2026-08-05T11:59:06.102664,1785923946.102665,61.347965,0.6824132204055786,0.23592154681682587,-0.6843605041503906,0.10150943696498871,0.7164296507835388,0.19124455749988556,-0.6388101577758789,0.20512650907039642,14.488359,4.274540,-0.959096,0.815510
2026-08-05T11:59:06.119614,1785923946.119615,61.363802,0.6823341846466064,0.23604536056518555,-0.6843773126602173,0.10163866728544235,0.7163767218589783,0.19127415120601654,-0.6389050483703613,0.20498806238174438,14.464575,4.245056,-1.501826,-1.861792
2026-08-05T11:59:06.136247,1785923946.136248,61.380529,0.6822315454483032,0.23602761328220367,-0.6844663619995117,0.10176954418420792,0.7163587808609009,0.19119207561016083,-0.6390047073364258,0.20481638610363007,14.440948,4.215913,-1.412542,-1.742329
2026-08-05T11:59:06.153990,1785923946.153991,61.397887,0.6821413636207581,0.23596684634685516,-0.6845779418945312,0.10176434367895126,0.7163061499595642,0.19112670421600342,-0.6390806436538696,0.20482464134693146,14.445047,4.218033,0.236125,0.122146
2026-08-05T11:59:06.170053,1785923946.170054,61.414324,0.6820604205131531,0.2359241247177124,-0.6846799850463867,0.10172003507614136,0.7162264585494995,0.19108502566814423,-0.6391433477401733,0.2049470990896225,14.462342,4.233361,1.052177,0.932546
2026-08-05T11:59:06.186529,1785923946.186529,61.431830,0.6820188164710999,0.23590481281280518,-0.6847220063209534,0.10175967961549759,0.7161332368850708,0.19089670479297638,-0.6392719745635986,0.20504680275917053,14.469708,4.226232,0.420793,-0.407270
2026-08-05T11:59:06.203079,1785923946.203079,61.448380,0.6819677352905273,0.23572666943073273,-0.6848545670509338,0.10162343829870224,0.7160871624946594,0.19062493741512299,-0.6394057869911194,0.20504359900951385,14.486151,4.231134,0.993508,0.296182
2026-08-05T11:59:06.219921,1785923946.219922,61.465222,0.6820147037506104,0.2353357970714569,-0.6849822998046875,0.10135313868522644,0.7160933613777161,0.19026027619838715,-0.6395657062530518,0.20486155152320862,14.490782,4.242322,0.275003,0.664317
2026-08-05T11:59:06.236641,1785923946.236641,61.481942,0.6820076107978821,0.23491039872169495,-0.6851796507835388,0.10105450451374054,0.716109037399292,0.18996672332286835,-0.6397024393081665,0.20465223491191864,14.497000,4.262374,0.371889,1.199294
2026-08-05T11:59:06.242290,1785923946.242290,61.487591,0.6821030378341675,0.2346929907798767,-0.6851739287376404,0.10095283389091492,0.7161531448364258,0.18982668220996857,-0.639711856842041,0.20459820330142975,14.496116,4.273195,-0.156486,1.915488
2026-08-05T11:59:06.252603,1785923946.252604,61.497904,0.682141125202179,0.23475812375545502,-0.6851123571395874,0.10096176713705063,0.7162182331085205,0.18980441987514496,-0.6396015286445618,0.20473572611808777,14.514632,4.275263,1.795375,0.200523
2026-08-05T11:59:06.286591,1785923946.286591,61.531892,0.682225227355957,0.23484043776988983,-0.6850151419639587,0.10086116939783096,0.7163336277008057,0.18963083624839783,-0.6395232081413269,0.2047377973794937,14.534940,4.259814,0.597510,-0.454550
2026-08-05T11:59:06.303713,1785923946.303714,61.549015,0.6822888255119324,0.23480869829654694,-0.6850142478942871,0.1005115881562233,0.7165027260780334,0.18928764760494232,-0.6395428776741028,0.20440199971199036,14.551443,4.231318,0.963806,-1.664219
2026-08-05T11:59:06.319793,1785923946.319794,61.565094,0.6824565529823303,0.23453347384929657,-0.6849669814109802,0.10033728927373886,0.7167469263076782,0.18893121182918549,-0.6395654082298279,0.20380422472953796,14.514518,4.187136,-2.296336,-2.747653
2026-08-05T11:59:06.336526,1785923946.336526,61.581827,0.6826604604721069,0.23430363833904266,-0.6848414540290833,0.10034436732530594,0.717009961605072,0.18877865374088287,-0.6394741535186768,0.203306183218956,14.464374,4.149464,-2.996763,-2.251414
2026-08-05T11:59:06.353236,1785923946.353236,61.598537,0.6828728914260864,0.23418690264225006,-0.6846594214439392,0.10041304677724838,0.7172672152519226,0.1888531893491745,-0.6392563581466675,0.2030145525932312,14.425583,4.132644,-2.321441,-1.006595
2026-08-05T11:59:06.369834,1785923946.369834,61.615135,0.6832265853881836,0.23404785990715027,-0.6843585968017578,0.10038208216428757,0.7175048589706421,0.18904580175876617,-0.6389646530151367,0.20291359722614288,14.401325,4.151154,-1.461523,1.115158
2026-08-05T11:59:06.386469,1785923946.386469,61.631770,0.6834267377853394,0.23383760452270508,-0.6842729449272156,0.10009300708770752,0.7177058458328247,0.1890956163406372,-0.6387624740600586,0.20279256999492645,14.411286,4.183555,0.598832,1.947772
2026-08-05T11:59:06.393485,1785923946.393486,61.637319,0.6836636662483215,0.23352771997451782,-0.6842281222343445,0.09950186312198639,0.7179422378540039,0.18896129727363586,-0.6386222839355469,0.2025226652622223,14.438239,4.220356,4.857714,6.632778
2026-08-05T11:59:06.402601,1785923946.402602,61.647903,0.6840132474899292,0.23326575756072998,-0.6840767860412598,0.09875400364398956,0.7180905938148499,0.1887926310300827,-0.6386550068855286,0.20204980671405792,14.446406,4.246279,0.771670,2.449178
2026-08-05T11:59:06.419236,1785923946.419236,61.663599,0.6841744184494019,0.23317281901836395,-0.6840091943740845,0.09832291305065155,0.7181879878044128,0.18899698555469513,-0.6385710835456848,0.20177797973155975,14.448100,4.280690,0.107865,2.192376
2026-08-05T11:59:06.436402,1785923946.436402,61.681703,0.6844279766082764,0.23321349918842316,-0.6837446093559265,0.09830265492200851,0.7182759642601013,0.1897907257080078,-0.638187825679779,0.20193226635456085,14.434305,4.354924,-0.761938,4.100405
2026-08-05T11:59:06.452670,1785923946.452671,61.697972,0.6845710873603821,0.23351016640663147,-0.6834688186645508,0.09851901233196259,0.7183517813682556,0.1906673014163971,-0.6377503871917725,0.20221896469593048,14.422790,4.405815,-0.707812,3.128130
2026-08-05T11:59:06.468755,1785923946.468756,61.714056,0.6846356987953186,0.2338269054889679,-0.6832941174507141,0.09853076934814453,0.718417763710022,0.1911012977361679,-0.6375551223754883,0.20219026505947113,14.415280,4.408466,-0.466864,0.164768
2026-08-05T11:59:06.486406,1785923946.486407,61.731707,0.6847509741783142,0.23393653333187103,-0.6831610798835754,0.09839143604040146,0.7185022234916687,0.19117110967636108,-0.6375229954719543,0.20192527770996094,14.399777,4.391712,-0.878365,-0.949201
2026-08-05T11:59:06.518186,1785923946.518187,61.763487,0.6848647594451904,0.23394079506397247,-0.6830694079399109,0.0982256680727005,0.7185987830162048,0.19124539196491241,-0.637454628944397,0.2017270028591156,14.392459,4.392302,-0.230261,0.018574
2026-08-05T11:59:06.534980,1785923946.534980,61.780281,0.6848956942558289,0.23397208750247955,-0.6830571889877319,0.09801902621984482,0.718716025352478,0.1914496272802353,-0.6372779607772827,0.20167423784732819,14.409829,4.416192,1.034322,1.422597
2026-08-05T11:59:06.551478,1785923946.551479,61.796194,0.6850152611732483,0.23383714258670807,-0.6830195188522339,0.09776891022920609,0.7187876105308533,0.19171759486198425,-0.6371228694915771,0.20165449380874634,14.419523,4.467005,0.609212,3.193103
2026-08-05T11:59:06.569063,1785923946.569063,61.814364,0.6851382255554199,0.2338607758283615,-0.6828780770301819,0.09783852100372314,0.7188907861709595,0.19201195240020752,-0.636907160282135,0.2016879916191101,14.408221,4.484853,-0.622041,0.982295
2026-08-05T11:59:06.585512,1785923946.585512,61.830813,0.6852517127990723,0.23396755754947662,-0.6826845407485962,0.09813860803842545,0.7189581394195557,0.19221800565719604,-0.6367378234863281,0.20178624987602234,14.382835,4.475963,-1.543297,-0.540427
2026-08-05T11:59:06.602995,1785923946.602996,61.848296,0.6852903962135315,0.23418986797332764,-0.6825180649757385,0.0984966903924942,0.7190137505531311,0.1922331154346466,-0.63661789894104,0.20195205509662628,14.371107,4.442267,-0.670786,-1.927333
2026-08-05T11:59:06.619637,1785923946.619637,61.864938,0.685336172580719,0.23430338501930237,-0.6824261546134949,0.09854308515787125,0.7190989255905151,0.19212304055690765,-0.636493444442749,0.20214569568634033,14.396257,4.434098,1.511225,-0.490862
2026-08-05T11:59:06.635733,1785923946.635734,61.881035,0.6855712532997131,0.23397040367126465,-0.6823492646217346,0.09823284298181534,0.7192400693893433,0.1917848140001297,-0.6364485621452332,0.20210598409175873,14.417867,4.454841,1.342526,1.288639
2026-08-05T11:59:06.653017,1785923946.653017,61.898318,0.6856261491775513,0.2336851805448532,-0.6824314594268799,0.09795738756656647,0.7193970680236816,0.19129015505313873,-0.6365073919296265,0.20183029770851135,14.430051,4.436201,0.705008,-1.078512
2026-08-05T11:59:06.669086,1785923946.669086,61.914387,0.6857984066009521,0.2334248125553131,-0.6823756098747253,0.09776081889867783,0.7195696830749512,0.19089718163013458,-0.6365202069282532,0.20154640078544617,14.424051,4.416488,-0.373415,-1.226734
2026-08-05T11:59:06.686187,1785923946.686187,61.931488,0.6857606768608093,0.2335369884967804,-0.6823449730873108,0.09796981513500214,0.7196710109710693,0.19088470935821533,-0.6364281177520752,0.20148758590221405,14.410422,4.382923,-0.796961,-1.962745
2026-08-05T11:59:06.690348,1785923946.690349,61.935650,0.6857131719589233,0.2339288890361786,-0.6821744441986084,0.09855354577302933,0.7196629047393799,0.19118355214595795,-0.6362912058830261,0.20166520774364471,14.375489,4.341755,-8.394257,-9.892309
2026-08-05T11:59:06.702819,1785923946.702819,61.948120,0.6856421232223511,0.23436617851257324,-0.6820224523544312,0.09905998408794403,0.719541609287262,0.1916051208972931,-0.6361918449401855,0.20201127231121063,14.357188,4.328077,-1.467582,-1.096863
2026-08-05T11:59:06.719994,1785923946.719995,61.965295,0.6855863332748413,0.23461273312568665,-0.6819487810134888,0.09937068819999695,0.7194271683692932,0.19188061356544495,-0.6361587047576904,0.20226122438907623,14.346791,4.326738,-0.605320,-0.077932
2026-08-05T11:59:06.735913,1785923946.735914,61.981215,0.6854984760284424,0.2344416230916977,-0.6821008920669556,0.09933550655841827,0.7193688154220581,0.19186466932296753,-0.6362283229827881,0.20226502418518066,14.348785,4.344949,0.125276,1.143947
2026-08-05T11:59:06.752798,1785923946.752798,61.998099,0.6853684782981873,0.2341604083776474,-0.6823447942733765,0.09921947866678238,0.719346284866333,0.19149191677570343,-0.6364358067512512,0.20204539597034454,14.347465,4.331088,-0.078175,-0.820970
2026-08-05T11:59:06.769797,1785923946.769797,62.015098,0.6851698160171509,0.23391234874725342,-0.6826664805412292,0.09896531701087952,0.7192710638046265,0.19103409349918365,-0.6367487907409668,0.20176050066947937,14.357017,4.313325,0.561869,-1.044945
2026-08-05T11:59:06.786084,1785923946.786085,62.030379,0.6850072145462036,0.2338199019432068,-0.6828916668891907,0.09875517338514328,0.7191089987754822,0.1907196044921875,-0.6370712518692017,0.2016179859638214,14.368068,4.302764,0.723206,-0.691153
2026-08-05T11:59:06.802219,1785923946.802219,62.047520,0.6848576068878174,0.23384426534175873,-0.6830570697784424,0.09859119355678558,0.7189062833786011,0.19073247909545898,-0.637280285358429,0.2016681730747223,14.385229,4.321489,1.001203,1.092469
2026-08-05T11:59:06.818112,1785923946.818113,62.063414,0.6846569180488586,0.23397134244441986,-0.6832104325294495,0.09862089902162552,0.7186993956565857,0.1909383237361908,-0.6374155282974243,0.20178340375423431,14.390761,4.337327,0.348033,0.996470
2026-08-05T11:59:06.852644,1785923946.852644,62.097945,0.6844688653945923,0.2341376543045044,-0.6833284497261047,0.09871412068605423,0.7185093760490417,0.19111856818199158,-0.6375933289527893,0.201727494597435,14.373573,4.328141,-0.497742,-0.266011
2026-08-05T11:59:06.867713,1785923946.867713,62.113014,0.6842394471168518,0.23427054286003113,-0.6835231781005859,0.0986405611038208,0.7183436751365662,0.1912018358707428,-0.6378099918365479,0.2015535533428192,14.367132,4.316853,-0.427478,-0.749139
2026-08-05T11:59:06.883388,1785923946.883388,62.128689,0.6841180324554443,0.2343987375497818,-0.6836336255073547,0.09841234982013702,0.718206524848938,0.19135348498821259,-0.6379795074462891,0.20136190950870514,14.366691,4.321546,-0.028119,0.299414
2026-08-05T11:59:06.903127,1785923946.903128,62.147419,0.6840197443962097,0.23468686640262604,-0.683672308921814,0.09813990443944931,0.7181224226951599,0.19158586859703064,-0.6380665898323059,0.2011646032333374,14.374400,4.320558,0.411609,-0.052755
2026-08-05T11:59:06.919658,1785923946.919659,62.164959,0.6837995052337646,0.23517481982707977,-0.6837299466133118,0.09810491651296616,0.7180015444755554,0.19203291833400726,-0.6381044983863831,0.20104987919330597,14.372427,4.308239,-0.112527,-0.702305
2026-08-05T11:59:06.936480,1785923946.936480,62.181781,0.6839901804924011,0.23552924394607544,-0.6834133863449097,0.09813088178634644,0.7179250121116638,0.1927003264427185,-0.6379906535148621,0.20104610919952393,14.340471,4.329430,-1.899720,1.259730
2026-08-05T11:59:06.952741,1785923946.952741,62.198042,0.6838556528091431,0.23606756329536438,-0.6833341717720032,0.09832747280597687,0.7179111838340759,0.19327570497989655,-0.6378471255302429,0.20099839568138123,14.322398,4.309104,-1.111413,-1.249965
2026-08-05T11:59:06.969876,1785923946.969876,62.215177,0.6838671565055847,0.23631782829761505,-0.6832382678985596,0.0983126163482666,0.717994749546051,0.19357408583164215,-0.6377662420272827,0.20066916942596436,14.292482,4.283599,-1.745900,-1.488435
2026-08-05T11:59:06.986029,1785923946.988045,62.231330,0.683856189250946,0.23632963001728058,-0.68328458070755,0.09803705662488937,0.7181459665298462,0.19343973696231842,-0.6378342509269714,0.20004066824913025,14.269210,4.238596,-1.440707,-2.786087
2026-08-05T11:59:06.993383,1785923946.993383,62.238684,0.6838924288749695,0.236166313290596,-0.6833804845809937,0.0975089743733406,0.7182615399360657,0.19323493540287018,-0.6379765272140503,0.19936855137348175,14.257871,4.220064,-1.541874,-2.519949
2026-08-05T11:59:07.004498,1785923947.004498,62.247778,0.6838846802711487,0.23622414469718933,-0.68343186378479,0.09706143289804459,0.7183054089546204,0.19325557351112366,-0.6380404829978943,0.19898498058319092,14.266475,4.218735,0.946147,-0.146129
2026-08-05T11:59:07.018210,1785923947.018210,62.263511,0.6837806701660156,0.23660804331302643,-0.6834092736244202,0.09701918065547943,0.7182304263114929,0.19365087151527405,-0.6380189061164856,0.19894137978553772,14.266775,4.217230,0.019022,-0.095710
2026-08-05T11:59:07.035914,1785923947.035915,62.281215,0.6837915182113647,0.2372530698776245,-0.6831103563308716,0.09747163951396942,0.7181304693222046,0.19424374401569366,-0.6379186511039734,0.19904543459415436,14.224249,4.182512,-2.401958,-1.960942
2026-08-05T11:59:07.051896,1785923947.051897,62.297197,0.6836293935775757,0.2377336472272873,-0.6830510497093201,0.09785117208957672,0.7180320024490356,0.19482986629009247,-0.6378169655799866,0.1991531252861023,14.198308,4.168220,-1.623151,-0.894263
2026-08-05T11:59:07.069039,1785923947.069039,62.314340,0.6835071444511414,0.2378239631652832,-0.6831481456756592,0.09780818969011307,0.7179324626922607,0.19507767260074615,-0.6378670930862427,0.19910934567451477,14.194673,4.181617,-0.212002,0.781544
2026-08-05T11:59:07.086153,1785923947.086153,62.331454,0.6833180785179138,0.2379046380519867,-0.6833432912826538,0.09757086634635925,0.717808723449707,0.1951034516096115,-0.6380325555801392,0.1990005224943161,14.212254,4.187691,1.027277,0.354890
2026-08-05T11:59:07.102669,1785923947.102669,62.347970,0.6832263469696045,0.23793154954910278,-0.6834521889686584,0.09738338738679886,0.7176362872123718,0.1951412409543991,-0.6382390856742859,0.19892239570617676,14.215435,4.198941,0.192612,0.681114
2026-08-05T11:59:07.119707,1785923947.119707,62.365008,0.6830408573150635,0.2383270412683487,-0.6834524869918823,0.09771517664194107,0.7174508571624756,0.1954035609960556,-0.6383144855499268,0.1990920752286911,14.202342,4.175845,-0.768475,-1.355558
2026-08-05T11:59:07.136075,1785923947.136075,62.381376,0.6828001141548157,0.23880936205387115,-0.6834206581115723,0.09844031184911728,0.7172395586967468,0.19581882655620575,-0.6383160948753357,0.1994401514530182,14.169147,4.142187,-2.028047,-2.056342
2026-08-05T11:59:07.152967,1785923947.152968,62.398268,0.6826721429824829,0.23910503089427948,-0.6833586692810059,0.09903812408447266,0.7170323729515076,0.19622863829135895,-0.6382694840431213,0.1999308317899704,14.151359,4.146507,-1.053008,0.255749
2026-08-05T11:59:07.169735,1785923947.169735,62.415036,0.6826217770576477,0.23880058526992798,-0.6834848523139954,0.09924937039613724,0.7169414162635803,0.1963292509317398,-0.6382272243499756,0.20029248297214508,14.155188,4.197332,0.228331,3.031171
2026-08-05T11:59:07.184901,1785923947.184902,62.430202,0.6824875473976135,0.23827114701271057,-0.6837843656539917,0.09938113391399384,0.7169249057769775,0.19593177735805511,-0.638323187828064,0.2004348188638687,14.163326,4.214618,0.536582,1.139713
2026-08-05T11:59:07.203194,1785923947.203195,62.448495,0.6825170516967773,0.23775245249271393,-0.6839039325714111,0.09959781914949417,0.7170082926750183,0.19502489268779755,-0.6385413408279419,0.20032662153244019,14.145759,4.160198,-0.960299,-2.974901
2026-08-05T11:59:07.219772,1785923947.219772,62.465073,0.6824907064437866,0.23710669577121735,-0.68412184715271,0.09982112050056458,0.717125415802002,0.19382734596729279,-0.6388259530067444,0.20016157627105713,14.133304,4.087784,-0.751315,-4.368232
2026-08-05T11:59:07.236624,1785923947.236625,62.481926,0.6825932860374451,0.23618927597999573,-0.6843438744544983,0.0997728779911995,0.7172843217849731,0.1926185041666031,-0.639015793800354,0.20015335083007812,14.151997,4.072389,1.109181,-0.913454
2026-08-05T11:59:07.252852,1785923947.252852,62.498153,0.6827897429466248,0.23504766821861267,-0.68458491563797,0.09947070479393005,0.7175199389457703,0.19147036969661713,-0.639097273349762,0.2001505345106125,14.188214,4.101230,2.231871,1.777290
2026-08-05T11:59:07.269637,1785923947.269638,62.514938,0.6829221248626709,0.23382091522216797,-0.6849263310432434,0.09910252690315247,0.7177836298942566,0.19016234576702118,-0.6392625570297241,0.19992473721504211,14.216472,4.110955,1.683495,0.579350
2026-08-05T11:59:07.286010,1785923947.286010,62.531311,0.6830232739448547,0.23272579908370972,-0.6852458715438843,0.09877268970012665,0.7181012034416199,0.18869026005268097,-0.6395076513290405,0.19939343631267548,14.223148,4.066279,0.407725,-2.728684
2026-08-05T11:59:07.290271,1785923947.290272,62.535572,0.683164119720459,0.23164649307727814,-0.6855288147926331,0.0983722060918808,0.7184321284294128,0.18720410764217377,-0.6398208737373352,0.19859623908996582,14.207830,4.002188,-3.594539,-15.039531
2026-08-05T11:59:07.319372,1785923947.319372,62.563804,0.6831696629524231,0.23068301379680634,-0.6859188675880432,0.09787621349096298,0.7186992764472961,0.18596918880939484,-0.6401245594024658,0.19780988991260529,14.204359,3.957614,-0.122950,-1.578856
2026-08-05T11:59:07.335899,1785923947.335899,62.580075,0.6832987666130066,0.2297719269990921,-0.6861776113510132,0.09730396419763565,0.7188986539840698,0.18522541224956512,-0.640312910079956,0.19717220962047577,14.196684,3.967544,-0.471714,0.610290
2026-08-05T11:59:07.352484,1785923947.352485,62.597786,0.6834046840667725,0.22905400395393372,-0.6863666772842407,0.09691967815160751,0.719021201133728,0.18496187031269073,-0.6403730511665344,0.1967768371105194,14.183016,4.005972,-0.771704,2.169712
2026-08-05T11:59:07.369432,1785923947.369433,62.614733,0.6834356784820557,0.22864258289337158,-0.6865142583847046,0.09662645310163498,0.7190765142440796,0.18497250974178314,-0.640424370765686,0.19639746844768524,14.162748,4.034438,-1.195919,1.679678
2026-08-05T11:59:07.386154,1785923947.386154,62.631455,0.683437168598175,0.2281510978937149,-0.6867495775222778,0.09610499441623688,0.7191086411476135,0.18492449820041656,-0.6405606865882874,0.19587981700897217,14.150446,4.071879,-0.735676,2.239062
2026-08-05T11:59:07.403049,1785923947.403049,62.648350,0.683408796787262,0.22774122655391693,-0.6870076060295105,0.09543097764253616,0.7191410064697266,0.1847902238368988,-0.6407821178436279,0.1951628029346466,14.138994,4.090157,-0.677858,1.081849
2026-08-05T11:59:07.436433,1785923947.436433,62.681734,0.6834346652030945,0.2272958904504776,-0.6872217059135437,0.09476440399885178,0.7191227078437805,0.1847265064716339,-0.6410366892814636,0.1944526582956314,14.116528,4.118012,-0.672942,0.834394
2026-08-05T11:59:07.440851,1785923947.440851,62.686152,0.6833857297897339,0.22707216441631317,-0.6873995661735535,0.09436160326004028,0.7190711498260498,0.1849282830953598,-0.6411921977996826,0.19393868744373322,14.090243,4.143987,-5.949387,5.879059
2026-08-05T11:59:07.454494,1785923947.454495,62.699795,0.6834204792976379,0.22691795229911804,-0.6874545216560364,0.0940805971622467,0.7190027832984924,0.18539389967918396,-0.641214907169342,0.1936722993850708,14.065314,4.196526,-1.827166,3.850935
2026-08-05T11:59:07.485675,1785923947.485675,62.730976,0.6833914518356323,0.22689469158649445,-0.6875287294387817,0.09380582720041275,0.7189537286758423,0.18593187630176544,-0.6411527991294861,0.1935442090034485,14.062573,4.253985,-0.087929,1.842777
2026-08-05T11:59:07.535708,1785923947.535709,62.781009,0.6832728385925293,0.22700726985931396,-0.6876234412193298,0.09370184689760208,0.7189689874649048,0.18665647506713867,-0.6411167979240417,0.19290786981582642,13.999717,4.258248,-1.256280,0.085194
2026-08-05T11:59:07.553352,1785923947.553352,62.798653,0.6832014322280884,0.22720792889595032,-0.6876107454299927,0.09382925927639008,0.7189717292785645,0.18679213523864746,-0.6410742402076721,0.19290731847286224,13.994053,4.241383,-0.321020,-0.955864
2026-08-05T11:59:07.569331,1785923947.569331,62.814632,0.6831968426704407,0.22743181884288788,-0.687498152256012,0.09414496272802353,0.7189118266105652,0.18693488836288452,-0.6410390734672546,0.1931098997592926,13.981350,4.226083,-0.794943,-0.957491
2026-08-05T11:59:07.575856,1785923947.575856,62.821157,0.6830752491950989,0.22759638726711273,-0.6875243186950684,0.09443862736225128,0.7188262343406677,0.18700829148292542,-0.6409936547279358,0.19350728392601013,13.998834,4.228801,2.679595,0.416494
2026-08-05T11:59:07.605290,1785923947.605290,62.850591,0.6830700635910034,0.22768588364124298,-0.6874603629112244,0.09472650289535522,0.718749463558197,0.18691955506801605,-0.6409705281257629,0.1939544826745987,14.016305,4.229373,0.593547,0.019451
2026-08-05T11:59:07.618917,1785923947.618917,62.864218,0.6829779744148254,0.22786252200603485,-0.6874299049377441,0.09518454223871231,0.7186316847801208,0.18655790388584137,-0.6410785913467407,0.19438128173351288,14.027237,4.185526,0.802205,-3.217595
2026-08-05T11:59:07.636475,1785923947.636475,62.881776,0.6829269528388977,0.22792762517929077,-0.6873824000358582,0.09573595970869064,0.7185107469558716,0.18611781299114227,-0.6412153840065002,0.1947985142469406,14.024118,4.137278,-0.177619,-2.747919
2026-08-05T11:59:07.639865,1785923947.639865,62.885166,0.6827731728553772,0.22798530757427216,-0.6874544024467468,0.09617704898118973,0.7183845639228821,0.1857573688030243,-0.6413364410400391,0.19520890712738037,14.036548,4.104388,3.666892,-9.702737
2026-08-05T11:59:07.656444,1785923947.656444,62.901745,0.6826657652854919,0.2278907746076584,-0.6875549554824829,0.09644488990306854,0.718238890171051,0.18540850281715393,-0.6414636969566345,0.19565817713737488,14.061063,4.103051,1.478696,-0.080616
2026-08-05T11:59:07.672186,1785923947.672186,62.917487,0.6825369000434875,0.22768066823482513,-0.6877157092094421,0.09670691192150116,0.7180888056755066,0.1850585639476776,-0.6415941715240479,0.19611218571662903,14.085063,4.112996,1.524582,0.631736
2026-08-05T11:59:07.684591,1785923947.684591,62.929892,0.682334840297699,0.22761259973049164,-0.6877920627593994,0.09774387627840042,0.7179067134857178,0.18482926487922668,-0.6417041420936584,0.19663438200950623,14.042949,4.066058,-3.394929,-3.783850
2026-08-05T11:59:07.702444,1785923947.702445,62.947746,0.6821750998497009,0.22758108377456665,-0.6879115104675293,0.09809107333421707,0.7176830172538757,0.1847466081380844,-0.6417874097824097,0.1972559690475464,14.069881,4.090131,1.508437,1.348365
2026-08-05T11:59:07.707342,1785923947.707343,62.951500,0.6820225119590759,0.22768747806549072,-0.6879798173904419,0.09842625260353088,0.7174955606460571,0.18482157588005066,-0.6418032050132751,0.19781598448753357,14.093114,4.109992,6.188836,5.290394
2026-08-05T11:59:07.722621,1785923947.722621,62.967922,0.6819155812263489,0.2278500646352768,-0.6879949569702148,0.09868483245372772,0.7173356413841248,0.18492205440998077,-0.6418553590774536,0.1981319636106491,14.097583,4.112067,0.272117,0.126362
2026-08-05T11:59:07.737832,1785923947.737833,62.983134,0.6816794276237488,0.2281619757413864,-0.6880664229393005,0.09909617155790329,0.7172085046768188,0.18501755595207214,-0.641933262348175,0.19825096428394318,14.082498,4.071755,-0.991702,-2.650165
2026-08-05T11:59:07.754529,1785923947.754529,62.999830,0.6815147995948792,0.22849680483341217,-0.6880543828010559,0.0995405912399292,0.7170717716217041,0.18515713512897491,-0.6420015096664429,0.19839388132095337,14.059936,4.032406,-1.351326,-2.356725
2026-08-05T11:59:07.774773,1785923947.774773,63.020074,0.6814280152320862,0.22894620895385742,-0.6879227757453918,0.100010447204113,0.7168936729431152,0.1855137199163437,-0.6420114636421204,0.1986723691225052,14.036862,4.010196,-1.139798,-1.097111
2026-08-05T11:59:07.804877,1785923947.804877,63.050178,0.6813153624534607,0.22928406298160553,-0.687900185585022,0.1001589372754097,0.7167297005653381,0.18599259853363037,-0.6419644951820374,0.19896778464317322,14.044074,4.034312,0.239589,0.801096
2026-08-05T11:59:07.822431,1785923947.822431,63.067732,0.6812587380409241,0.22949805855751038,-0.6879069209098816,0.10000674426555634,0.7166419625282288,0.1866094172000885,-0.641804575920105,0.19922184944152832,14.071639,4.099729,1.570234,3.726573
2026-08-05T11:59:07.837514,1785923947.837514,63.082002,0.6812607049942017,0.22968314588069916,-0.687849223613739,0.09996552020311356,0.7166005373001099,0.18727423250675201,-0.6416268944740295,0.19931985437870026,14.069175,4.149335,-0.172635,3.476163
2026-08-05T11:59:07.888603,1785923947.888603,63.132988,0.6812770962715149,0.23009222745895386,-0.6876522302627563,0.10026801377534866,0.7165995836257935,0.18763668835163116,-0.641552746295929,0.19922007620334625,14.027766,4.110241,-0.812155,-0.766768
2026-08-05T11:59:07.903921,1785923947.903922,63.149223,0.6812876462936401,0.23071199655532837,-0.6873555183410645,0.10080511122941971,0.7166714668273926,0.18774671852588654,-0.6415308713912964,0.19892777502536774,13.961528,3.996242,-4.080208,-7.022161
2026-08-05T11:59:07.907599,1785923947.907600,63.152900,0.6812434792518616,0.23099404573440552,-0.6872842311859131,0.10094388574361801,0.716800332069397,0.18769323825836182,-0.6415244340896606,0.19853481650352478,13.929061,3.921239,-8.827607,-20.393040
2026-08-05T11:59:07.937541,1785923947.937541,63.182842,0.6812794804573059,0.230696439743042,-0.6874035596847534,0.10056821256875992,0.7169433236122131,0.18745280802249908,-0.6415800452232361,0.1980661153793335,13.924504,3.916631,-0.152216,-0.153896
2026-08-05T11:59:07.954629,1785923947.954629,63.199930,0.6813891530036926,0.23011769354343414,-0.687558650970459,0.10008982568979263,0.7170870304107666,0.18704447150230408,-0.6417006850242615,0.1975395530462265,13.915751,3.926709,-0.512199,0.589717
2026-08-05T11:59:07.959120,1785923947.959120,63.204421,0.6814478635787964,0.22967377305030823,-0.6876932978630066,0.09978441894054413,0.7171605825424194,0.1865859031677246,-0.6419156789779663,0.19700711965560913,13.892444,3.907575,-5.189673,-4.260431
2026-08-05T11:59:07.972085,1785923947.972085,63.217386,0.6813954710960388,0.22938640415668488,-0.687875509262085,0.09954743087291718,0.7172290086746216,0.18611544370651245,-0.6421189904212952,0.19654010236263275,13.881945,3.873699,-0.809782,-2.612897
2026-08-05T11:59:07.988338,1785923947.988338,63.233639,0.6813806295394897,0.2290518432855606,-0.688037633895874,0.0992986410856247,0.717296302318573,0.18560534715652466,-0.6423213481903076,0.19611580669879913,13.874081,3.845278,-0.483833,-1.748622
2026-08-05T11:59:08.004763,1785923948.004764,63.250065,0.6812460422515869,0.22870755195617676,-0.6883249878883362,0.09902413189411163,0.7173251509666443,0.18507641553878784,-0.6425679326057434,0.1957012265920639,13.876203,3.819682,0.129164,-1.558314
2026-08-05T11:59:08.021490,1785923948.021490,63.266791,0.681215226650238,0.22827720642089844,-0.6885467171669006,0.0986853614449501,0.717317521572113,0.18457922339439392,-0.6428284645080566,0.1953430473804474,13.876303,3.814469,0.005989,-0.311663
2026-08-05T11:59:08.035950,1785923948.035950,63.280227,0.6811484098434448,0.22789032757282257,-0.6888090968132019,0.09820965677499771,0.7172870635986328,0.1844411939382553,-0.6429665088653564,0.1951306015253067,13.896818,3.857823,1.526936,3.226833
2026-08-05T11:59:08.039893,1785923948.039893,63.285194,0.6811683177947998,0.22751766443252563,-0.6889975070953369,0.09761098772287369,0.7172104120254517,0.18468913435935974,-0.6430091857910156,0.19503743946552277,13.921005,3.951397,4.869153,18.837272
2026-08-05T11:59:08.054873,1785923948.054873,63.300174,0.6811976432800293,0.22748972475528717,-0.689034104347229,0.09721240401268005,0.7171398401260376,0.18510974943637848,-0.6429993510246277,0.1949300467967987,13.928420,4.011204,0.494983,3.992598
2026-08-05T11:59:08.057599,1785923948.057599,63.302900,0.6812311410903931,0.2277003675699234,-0.6889460682868958,0.09710869938135147,0.7170846462249756,0.185661181807518,-0.6429117321968079,0.19489789009094238,13.918404,4.043357,-3.674134,11.794505
2026-08-05T11:59:08.084376,1785923948.084376,63.329677,0.6812487244606018,0.22813990712165833,-0.6887558698654175,0.09730241447687149,0.7171027660369873,0.1861000508069992,-0.6427848935127258,0.1948312222957611,13.891617,4.018768,-1.000379,-0.918266
2026-08-05T11:59:08.102212,1785923948.102212,63.347513,0.6812665462493896,0.22847531735897064,-0.6885971426963806,0.09751618653535843,0.7171763777732849,0.18632499873638153,-0.6426920294761658,0.19465169310569763,13.858738,3.974391,-1.843353,-2.488017
2026-08-05T11:59:08.106886,1785923948.106886,63.352187,0.681300163269043,0.2285616248846054,-0.6885565519332886,0.0973631739616394,0.7173492908477783,0.18625569343566895,-0.6426101326942444,0.194350466132164,13.857880,3.945407,-0.183582,-6.201311
2026-08-05T11:59:08.122096,1785923948.122097,63.367398,0.6814361214637756,0.22825585305690765,-0.6885985136032104,0.09683186560869217,0.717529833316803,0.186122328042984,-0.6425432562828064,0.19403298199176788,13.876956,3.974312,1.254104,1.900382
2026-08-05T11:59:08.138338,1785923948.138339,63.383639,0.6815112829208374,0.22782716155052185,-0.688749372959137,0.09623751044273376,0.7176908254623413,0.18605583906173706,-0.6424268484115601,0.19388683140277863,13.918553,4.039207,2.561121,3.995567
2026-08-05T11:59:08.152571,1785923948.152571,63.397872,0.6816785335540771,0.22772923111915588,-0.6886506676673889,0.09599053114652634,0.7177717089653015,0.1862248033285141,-0.6422721743583679,0.19393740594387054,13.935057,4.083941,1.159595,3.143068
2026-08-05T11:59:08.172389,1785923948.172389,63.416200,0.6817992925643921,0.22805222868919373,-0.6884093880653381,0.09609783440828323,0.7178484797477722,0.18652507662773132,-0.6420527100563049,0.1940913051366806,13.937805,4.082707,0.149934,-0.067356
2026-08-05T11:59:08.202470,1785923948.202470,63.447771,0.6819611191749573,0.22835791110992432,-0.6881313323974609,0.09621401876211166,0.7179410457611084,0.18675890564918518,-0.6418638229370117,0.19414891302585602,13.928948,4.068640,-0.280559,-0.445572
2026-08-05T11:59:08.204799,1785923948.205566,63.450100,0.6820740103721619,0.22860538959503174,-0.6879346966743469,0.096232570707798,0.7180591225624084,0.18682698905467987,-0.6417558789253235,0.19400367140769958,13.917165,4.036679,-5.059362,-13.723817
2026-08-05T11:59:08.236400,1785923948.236400,63.481701,0.6822141408920288,0.22872909903526306,-0.6877694725990295,0.0961264818906784,0.718174397945404,0.18685457110404968,-0.6416776180267334,0.19380904734134674,13.908141,4.018134,-0.285563,-0.586831
2026-08-05T11:59:08.250948,1785923948.250948,63.496249,0.6822928786277771,0.2289758175611496,-0.6876165866851807,0.09607268124818802,0.7182915806770325,0.18697558343410492,-0.6415327787399292,0.19373764097690582,13.912461,4.002353,0.296965,-1.084754
2026-08-05T11:59:08.253386,1785923948.253386,63.498687,0.682414174079895,0.2291766256093979,-0.6874250173568726,0.09610413759946823,0.7184193730354309,0.18713855743408203,-0.6413152813911438,0.19382640719413757,13.920612,4.000658,3.343532,-0.695436
2026-08-05T11:59:08.268743,1785923948.268744,63.514045,0.6824540495872498,0.22956818342208862,-0.6872144341468811,0.09639190882444382,0.7185307145118713,0.1871567815542221,-0.6411617994308472,0.19390389323234558,13.916054,3.949411,-0.296776,-3.336945
2026-08-05T11:59:08.284253,1785923948.284253,63.529554,0.6825605630874634,0.22969239950180054,-0.687047004699707,0.09653469175100327,0.7186050415039062,0.1869276911020279,-0.6411523818969727,0.19388066232204437,13.907015,3.905347,-0.582813,-2.841116
2026-08-05T11:59:08.286728,1785923948.286728,63.532029,0.6827120780944824,0.22953714430332184,-0.6869796514511108,0.09631269425153732,0.7186779379844666,0.18658393621444702,-0.6412150859832764,0.19373385608196259,13.913270,3.895094,2.527024,-4.142300
2026-08-05T11:59:08.319181,1785923948.319181,63.564482,0.6828498244285583,0.22924087941646576,-0.687031090259552,0.09567197412252426,0.718744158744812,0.1863376349210739,-0.6412814855575562,0.1935052126646042,13.946186,3.931279,1.014268,1.115025
2026-08-05T11:59:08.355262,1785923948.355263,63.600563,0.6828902363777161,0.2289416342973709,-0.6872085928916931,0.09482184797525406,0.7188282608985901,0.1863684356212616,-0.6412642002105713,0.19321970641613007,13.994987,4.001750,1.352535,1.953094
2026-08-05T11:59:08.372148,1785923948.372149,63.616589,0.6829976439476013,0.22886307537555695,-0.6871814727783203,0.09443534165620804,0.7189164757728577,0.18665222823619843,-0.6411718130111694,0.19292470812797546,13.991183,4.036181,-0.237362,2.148464
2026-08-05T11:59:08.387366,1785923948.387367,63.632668,0.6829891800880432,0.22931493818759918,-0.6870115995407104,0.09463438391685486,0.718950092792511,0.18703490495681763,-0.6411271691322327,0.19257661700248718,13.939289,3.981986,-3.227591,-3.370643
2026-08-05T11:59:08.402036,1785923948.402037,63.647337,0.682982861995697,0.229840949177742,-0.6868035197257996,0.09491465985774994,0.7189469933509827,0.1874263733625412,-0.6411221623420715,0.19222435355186462,13.877545,3.915714,-4.208855,-4.517529
2026-08-05T11:59:08.417459,1785923948.417459,63.662760,0.6829491257667542,0.2301415652036667,-0.6867533922195435,0.09479153156280518,0.718924880027771,0.18789565563201904,-0.6410864591598511,0.1919678896665573,13.858233,3.915599,-1.252255,-0.007470
2026-08-05T11:59:08.434120,1785923948.434121,63.679421,0.6830044984817505,0.23007532954216003,-0.6868147850036621,0.0941055491566658,0.7189016342163086,0.188289612531662,-0.6411040425300598,0.19160990417003632,13.869407,3.977501,0.670641,3.715256
2026-08-05T11:59:08.450794,1785923948.450794,63.696095,0.6829618811607361,0.23017755150794983,-0.6869067549705505,0.09349144250154495,0.7188776731491089,0.18876530230045319,-0.641119658946991,0.19117915630340576,13.875595,4.019364,0.371163,2.510716
2026-08-05T11:59:08.467530,1785923948.468548,63.712831,0.6829304099082947,0.2304239571094513,-0.6869142055511475,0.09305823594331741,0.7188901901245117,0.1892818957567215,-0.6411064863204956,0.19066420197486877,13.859830,4.030077,-0.941978,0.640097
2026-08-05T11:59:08.471075,1785923948.471075,63.716376,0.682876467704773,0.23080024123191833,-0.6868625283241272,0.09290344268083572,0.7189155220985413,0.1898431032896042,-0.6410662531852722,0.19014547765254974,13.821105,4.010716,-10.925199,-5.462048
2026-08-05T11:59:08.506755,1785923948.506756,63.750042,0.6828474402427673,0.23124566674232483,-0.6867348551750183,0.09295270591974258,0.7188834547996521,0.1904652863740921,-0.6410152912139893,0.1898164302110672,13.775735,3.990862,-1.347643,-0.589732
2026-08-05T11:59:08.523679,1785923948.523680,63.768981,0.682774007320404,0.23163355886936188,-0.6866782307624817,0.09294474869966507,0.7188478708267212,0.19109714031219482,-0.6409103870391846,0.18967050313949585,13.756898,3.996630,-0.994661,0.304541
2026-08-05T11:59:08.537066,1785923948.537066,63.782367,0.68280428647995,0.2318953275680542,-0.6865773797035217,0.09281443804502487,0.7188527584075928,0.1915658563375473,-0.6407825946807861,0.1896110326051712,13.755754,4.016447,-0.085437,1.480377
2026-08-05T11:59:08.554155,1785923948.554155,63.799456,0.6828880906105042,0.23182375729084015,-0.6865654587745667,0.09246402233839035,0.7189526557922363,0.19168919324874878,-0.640684962272644,0.18943656980991364,13.768873,4.044181,0.767645,1.622924
2026-08-05T11:59:08.569027,1785923948.569028,63.813095,0.6829927563667297,0.2316228300333023,-0.6865770220756531,0.09210939705371857,0.7191367149353027,0.19137980043888092,-0.640703022480011,0.18898989260196686,13.766964,4.024762,-0.139973,-1.423863
2026-08-05T11:59:08.572579,1785923948.572579,63.817880,0.6831433773040771,0.23126719892024994,-0.6866100430488586,0.09163767844438553,0.7194098830223083,0.19070802628993988,-0.6407719850540161,0.1883947253227234,13.770414,3.985118,0.721074,-8.284162
2026-08-05T11:59:08.602118,1785923948.602119,63.847420,0.6832749843597412,0.23085612058639526,-0.6866874694824219,0.09111092984676361,0.7197009325027466,0.18997029960155487,-0.6408282518386841,0.18783585727214813,13.786617,3.952075,0.548515,-1.118610
2026-08-05T11:59:08.618789,1785923948.618790,63.864090,0.6835107207298279,0.23024442791938782,-0.6867551803588867,0.0903778150677681,0.7199730277061462,0.18941764533519745,-0.6407830119132996,0.18750448524951935,13.827649,3.987256,2.461290,2.110378
2026-08-05T11:59:08.621799,1785923948.621799,63.867100,0.683801531791687,0.22977955639362335,-0.6867154240608215,0.08965963125228882,0.7202594876289368,0.18905967473983765,-0.640650749206543,0.18721766769886017,13.867317,4.027410,13.181670,13.343139
2026-08-05T11:59:08.656625,1785923948.656626,63.901926,0.6840298175811768,0.22951248288154602,-0.6866503357887268,0.08910049498081207,0.7205134034156799,0.18884249031543732,-0.6405465602874756,0.18681590259075165,13.882563,4.039940,0.437785,0.359795
2026-08-05T11:59:08.686921,1785923948.686921,63.932222,0.6842361688613892,0.22944611310958862,-0.6865095496177673,0.0887707993388176,0.7207625508308411,0.1887781322002411,-0.6404002904891968,0.18642079830169678,13.878148,4.029800,-0.145733,-0.334705
2026-08-05T11:59:08.704431,1785923948.704431,63.949732,0.68449866771698,0.22932276129722595,-0.6863169074058533,0.08855386823415756,0.7209546566009521,0.18875901401042938,-0.6402948498725891,0.18605934083461761,13.854490,4.023427,-1.351105,-0.363984
2026-08-05T11:59:08.722234,1785923948.722235,63.966814,0.6846655011177063,0.22923655807971954,-0.6862177848815918,0.08825591951608658,0.7210797071456909,0.1887933909893036,-0.6402239799499512,0.18578340113162994,13.849206,4.032367,-0.309316,0.523361
2026-08-05T11:59:08.734449,1785923948.734449,63.979750,0.6848438382148743,0.22914595901966095,-0.6861294507980347,0.08779371529817581,0.7211642265319824,0.1888744831085205,-0.640151858329773,0.1856212466955185,13.866515,4.068152,1.338020,2.766347
2026-08-05T11:59:08.752516,1785923948.752517,63.997817,0.6850467324256897,0.22893768548965454,-0.6860769987106323,0.08716106414794922,0.7212932705879211,0.18892842531204224,-0.6400671601295471,0.18535687029361725,13.889633,4.116350,1.279576,2.667689
2026-08-05T11:59:08.757326,1785923948.757327,64.002628,0.6852494478225708,0.22873160243034363,-0.6860127449035645,0.08661273121833801,0.7214958071708679,0.1887393295764923,-0.6400390267372131,0.18485799431800842,13.892012,4.117548,0.494480,0.249028
2026-08-05T11:59:08.773425,1785923948.773426,64.018727,0.6853925585746765,0.2284659445285797,-0.6860287189483643,0.08605349063873291,0.7217091917991638,0.18837375938892365,-0.6401061415672302,0.18416428565979004,13.883480,4.094289,-0.529975,-1.444750
2026-08-05T11:59:08.790060,1785923948.790060,64.034465,0.6854945421218872,0.22823593020439148,-0.6860702037811279,0.0855182632803917,0.7219458222389221,0.18811556696891785,-0.6400867104530334,0.18356697261333466,13.886077,4.082347,0.165049,-0.758716
2026-08-05T11:59:08.802973,1785923948.802974,64.048275,0.6856558918952942,0.22813273966312408,-0.6860064268112183,0.08501067757606506,0.7221450805664062,0.1879742294549942,-0.6400454640388489,0.18307174742221832,13.889005,4.075379,0.212018,-0.504617
2026-08-05T11:59:08.806334,1785923948.806334,64.051635,0.6858153343200684,0.228145569562912,-0.6859069466590881,0.0844917893409729,0.7223557233810425,0.18791280686855316,-0.6399734616279602,0.18255500495433807,13.892608,4.063412,1.072048,-3.561357
2026-08-05T11:59:08.824521,1785923948.824522,64.069822,0.6860036849975586,0.22809278964996338,-0.6858054995536804,0.08392573148012161,0.722572922706604,0.1877838522195816,-0.6399377584457397,0.18195182085037231,13.890206,4.048251,-0.132036,-0.833586
2026-08-05T11:59:08.837377,1785923948.837377,64.082678,0.6861151456832886,0.22802311182022095,-0.685814380645752,0.08312850445508957,0.7227383852005005,0.18772770464420319,-0.6399750113487244,0.1812206655740738,13.896467,4.048540,0.486988,0.022511
2026-08-05T11:59:08.854162,1785923948.854162,64.099463,0.6862192153930664,0.22795908153057098,-0.6858472228050232,0.08216918259859085,0.7228262424468994,0.18793825805187225,-0.6400097012519836,0.18052734434604645,13.910123,4.086855,0.813573,2.282615
2026-08-05T11:59:08.867786,1785923948.867786,64.113087,0.6863192319869995,0.22802108526229858,-0.6858265995979309,0.0813271775841713,0.7228354215621948,0.18846091628074646,-0.6400274038314819,0.17988206446170807,13.906302,4.135466,-0.280440,3.568075
2026-08-05T11:59:08.884498,1785923948.884499,64.129799,0.6862699389457703,0.228312686085701,-0.6858511567115784,0.08071669191122055,0.7227843403816223,0.1890140324831009,-0.6400900483131409,0.17928294837474823,13.895886,4.152756,-0.623288,1.034527
2026-08-05T11:59:08.900769,1785923948.900769,64.146070,0.6862409710884094,0.22888131439685822,-0.6857267618179321,0.08040875196456909,0.7226587533950806,0.18951743841171265,-0.640239953994751,0.17872172594070435,13.859457,4.122118,-2.238909,-1.882944
2026-08-05T11:59:08.977267,1785923948.977268,64.222569,0.686100959777832,0.22939370572566986,-0.6857661008834839,0.07980726659297943,0.7225071787834167,0.18999797105789185,-0.6404147744178772,0.1781970113515854,13.861574,4.120512,0.027684,-0.021001
2026-08-05T11:59:08.985108,1785923948.985109,64.230410,0.686023473739624,0.22977086901664734,-0.6858276724815369,0.07885273545980453,0.7223520874977112,0.19054609537124634,-0.6405804753303528,0.17764431238174438,13.885633,4.161496,3.068422,5.226972
2026-08-05T11:59:08.987516,1785923948.987517,64.232818,0.6858097314834595,0.23010462522506714,-0.6860613226890564,0.07769740372896194,0.7222237586975098,0.19117102026939392,-0.6407264471054077,0.1769665777683258,13.926334,4.217196,16.902062,23.131088
2026-08-05T11:59:09.004244,1785923949.004245,64.249545,0.6857649683952332,0.23042528331279755,-0.6861083507537842,0.07672129571437836,0.7221099734306335,0.19183611869812012,-0.6408666968345642,0.17620261013507843,13.927276,4.256511,0.056289,2.350279
2026-08-05T11:59:09.019544,1785923949.019545,64.264016,0.6856458187103271,0.23092280328273773,-0.6861308813095093,0.07608591765165329,0.7220151424407959,0.19254575669765472,-0.6409432291984558,0.17553701996803284,13.915244,4.265102,-0.831503,0.593738
2026-08-05T11:59:09.035501,1785923949.035502,64.280802,0.6853640675544739,0.23225955665111542,-0.6860696077346802,0.07510148733854294,0.7218946218490601,0.19327783584594727,-0.6410031914710999,0.17500871419906616,13.980609,4.238142,3.893885,-1.606034
2026-08-05T11:59:09.038635,1785923949.038636,64.283937,0.6852827072143555,0.23276828229427338,-0.6860656142234802,0.0743020698428154,0.7217816710472107,0.19391430914402008,-0.641063928604126,0.1745469868183136,14.003898,4.269369,7.431055,9.963705
2026-08-05T11:59:09.052176,1785923949.052177,64.297478,0.6852311491966248,0.23322726786136627,-0.6860670447349548,0.07331804931163788,0.721645712852478,0.19457627832889557,-0.6411386132240295,0.17409765720367432,14.040986,4.322730,2.738882,3.940645
2026-08-05T11:59:09.056185,1785923949.056185,64.301486,0.685180127620697,0.233759343624115,-0.6860201358795166,0.07253511995077133,0.7214935421943665,0.19540587067604065,-0.6411685347557068,0.17368866503238678,14.058950,4.371368,4.481724,12.134499
2026-08-05T11:59:09.102849,1785923949.102849,64.348150,0.6851494312286377,0.2345442771911621,-0.68581622838974,0.07221764326095581,0.7213580012321472,0.19656343758106232,-0.641016960144043,0.1735047847032547,14.052538,4.406566,-0.137416,0.754271
2026-08-05T11:59:09.118294,1785923949.118295,64.363595,0.6850407123565674,0.23571838438510895,-0.6854931116104126,0.07249334454536438,0.7212340831756592,0.1977982521057129,-0.6407868266105652,0.17346665263175964,14.016188,4.379249,-2.353416,-1.768572
2026-08-05T11:59:09.125302,1785923949.125302,64.370603,0.6849814057350159,0.23676522076129913,-0.6851571202278137,0.07281811535358429,0.7211802005767822,0.19869932532310486,-0.6406025290489197,0.17334137856960297,13.972563,4.324219,-6.225369,-7.852836
2026-08-05T11:59:09.135386,1785923949.135386,64.379799,0.6849774122238159,0.23727767169475555,-0.685002326965332,0.07264404743909836,0.7211859226226807,0.19915859401226044,-0.6405081152915955,0.17313918471336365,13.969606,4.312204,-0.321505,-1.306589
2026-08-05T11:59:09.152788,1785923949.152788,64.398089,0.6850872039794922,0.23736730217933655,-0.6849137544631958,0.07215078920125961,0.7212393879890442,0.19940689206123352,-0.6404129266738892,0.17298270761966705,13.994200,4.348625,1.344595,1.991239
2026-08-05T11:59:09.168331,1785923949.168331,64.413632,0.6851575970649719,0.2374982386827469,-0.6848325729370117,0.07182131707668304,0.7213156819343567,0.19954222440719604,-0.6402828693389893,0.17299024760723114,14.028268,4.372494,2.191929,1.535739
2026-08-05T11:59:09.185954,1785923949.185954,64.431255,0.6852137446403503,0.2379758358001709,-0.6845905780792236,0.07201054692268372,0.7213417291641235,0.19967229664325714,-0.640180230140686,0.17311139404773712,14.027404,4.335245,-0.049016,-2.113649
2026-08-05T11:59:09.202377,1785923949.202377,64.446733,0.6852875351905823,0.2383287101984024,-0.6843521595001221,0.07240593433380127,0.7214269638061523,0.19976460933685303,-0.6400289535522461,0.17320892214775085,14.005326,4.287464,-1.426433,-3.087102
2026-08-05T11:59:09.218930,1785923949.218930,64.464231,0.6854220628738403,0.238349050283432,-0.684181272983551,0.07268114387989044,0.7215700149536133,0.19978760182857513,-0.6398328542709351,0.1733107715845108,13.990151,4.272644,-0.867255,-0.846940
2026-08-05T11:59:09.224081,1785923949.224082,64.469383,0.6855388283729553,0.23825553059577942,-0.6840833425521851,0.07280668616294861,0.7217159271240234,0.19956913590431213,-0.639716625213623,0.17338410019874573,13.991505,4.257386,0.262882,-2.961606
2026-08-05T11:59:09.252921,1785923949.252922,64.497539,0.6856897473335266,0.23814834654331207,-0.6839553117752075,0.07294028997421265,0.7218517661094666,0.19914081692695618,-0.6396769285202026,0.17345772683620453,13.993370,4.225921,0.066255,-1.117507
2026-08-05T11:59:09.267574,1785923949.267575,64.512875,0.685799241065979,0.23796062171459198,-0.6839132308959961,0.07291774451732635,0.7219971418380737,0.1986902356147766,-0.6396060585975647,0.17363087832927704,14.023959,4.219652,1.994553,-0.408809
2026-08-05T11:59:09.272622,1785923949.272622,64.517923,0.6859714984893799,0.23776714503765106,-0.6838040351867676,0.07295388728380203,0.7221640944480896,0.19821247458457947,-0.6395154595375061,0.17381665110588074,14.047658,4.208004,4.695134,-2.307630
2026-08-05T11:59:09.284291,1785923949.284291,64.529592,0.686114490032196,0.23759295046329498,-0.6837106347084045,0.07305081188678741,0.7223290801048279,0.19777663052082062,-0.6394226551055908,0.1739688515663147,14.063328,4.190609,1.342872,-1.490662
2026-08-05T11:59:09.318115,1785923949.318115,64.562526,0.686238169670105,0.23749032616615295,-0.683600127696991,0.07325708121061325,0.7224944829940796,0.1973833590745926,-0.6393222808837891,0.17409735918045044,14.067852,4.159902,0.137355,-0.932404
2026-08-05T11:59:09.351927,1785923949.351927,64.596797,0.6863768696784973,0.23752258718013763,-0.6834280490875244,0.07345668971538544,0.7226337194442749,0.1971517652273178,-0.6391938328742981,0.1742531806230545,14.071868,4.133444,0.117190,-0.772005
2026-08-05T11:59:09.368028,1785923949.368028,64.613329,0.6864898204803467,0.2375594526529312,-0.6832854151725769,0.07360926270484924,0.7227510809898376,0.19710958003997803,-0.6390196084976196,0.17445331811904907,14.080796,4.129561,0.540061,-0.234866
2026-08-05T11:59:09.373722,1785923949.373722,64.619023,0.6866891980171204,0.23789474368095398,-0.6829113364219666,0.07413721084594727,0.7228448390960693,0.197218120098114,-0.6388177275657654,0.1746806502342224,14.050375,4.085238,-5.342945,-7.784731
2026-08-05T11:59:09.377223,1785923949.377224,64.622524,0.6866876482963562,0.2381611466407776,-0.6827998161315918,0.07432316243648529,0.7229045033454895,0.19741317629814148,-0.6386430263519287,0.17485260963439941,14.056465,4.075922,1.738899,-2.660263
2026-08-05T11:59:09.405336,1785923949.405337,64.650637,0.6867775321006775,0.23826168477535248,-0.6826841831207275,0.07423268258571625,0.7229279279708862,0.1974828988313675,-0.6385762095451355,0.1749212145805359,14.068355,4.084822,0.422967,0.316576
2026-08-05T11:59:09.417838,1785923949.417838,64.663139,0.6868310570716858,0.23819483816623688,-0.6826863884925842,0.07392987608909607,0.722955584526062,0.19755055010318756,-0.6385380029678345,0.17486996948719025,14.087744,4.114932,1.550919,2.408481
2026-08-05T11:59:09.434391,1785923949.434391,64.679692,0.6869059205055237,0.23821809887886047,-0.6826285123825073,0.07369404286146164,0.7229803204536438,0.19769799709320068,-0.6384793519973755,0.1748150885105133,14.098455,4.138121,0.647054,1.400928
2026-08-05T11:59:09.452372,1785923949.452373,64.697673,0.6869244575500488,0.23837333917617798,-0.6825695037841797,0.07356643676757812,0.7229814529418945,0.19788093864917755,-0.638435959815979,0.17476174235343933,14.103191,4.144458,0.263375,0.352372
2026-08-05T11:59:09.469466,1785923949.469467,64.714108,0.6869386434555054,0.23858247697353363,-0.6824877858161926,0.07351330667734146,0.7229778170585632,0.19814439117908478,-0.6383785605430603,0.17468856275081635,14.097643,4.145282,-0.337561,0.050133
2026-08-05T11:59:09.486015,1785923949.486015,64.729710,0.6870193481445312,0.2387469857931137,-0.6823573112487793,0.07343663275241852,0.7229925990104675,0.19840334355831146,-0.6383144855499268,0.1745675653219223,14.084939,4.147499,-0.814280,0.142161
2026-08-05T11:59:09.495311,1785923949.495311,64.740612,0.6870497465133667,0.23889848589897156,-0.6822842955589294,0.07333774119615555,0.723013162612915,0.19867263734340668,-0.6382455825805664,0.1744280308485031,14.076160,4.151707,-0.805247,0.385989
2026-08-05T11:59:09.525569,1785923949.525570,64.770870,0.6870613694190979,0.23897109925746918,-0.682268500328064,0.07313994318246841,0.72304368019104,0.19886909425258636,-0.6381834149360657,0.17430450022220612,14.081078,4.165711,0.162533,0.462785
2026-08-05T11:59:09.534770,1785923949.534770,64.780071,0.687164843082428,0.23896633088588715,-0.6821898818016052,0.07291603088378906,0.7230749130249023,0.19901132583618164,-0.6381379961967468,0.17417854070663452,14.081051,4.184261,-0.002974,2.016190
2026-08-05T11:59:09.553175,1785923949.553175,64.798476,0.6872125864028931,0.23889660835266113,-0.6821872591972351,0.07271721959114075,0.7231257557868958,0.19902516901493073,-0.6381244659423828,0.17400133609771729,14.080532,4.191615,-0.028179,0.399559
2026-08-05T11:59:09.567157,1785923949.567157,64.812458,0.6872372031211853,0.23882856965065002,-0.6822145581245422,0.0724530965089798,0.7231684923171997,0.19890786707401276,-0.6381776928901672,0.1737624853849411,14.084303,4.188146,0.269662,-0.248138
2026-08-05T11:59:09.584176,1785923949.584176,64.829088,0.6873713731765747,0.2385377734899521,-0.6822247505187988,0.07204141467809677,0.7232271432876587,0.19876405596733093,-0.6382248401641846,0.17350998520851135,14.089858,4.212729,0.334029,1.478210
2026-08-05T11:59:09.602054,1785923949.602054,64.847355,0.6873437166213989,0.2385312169790268,-0.6822789311408997,0.07181265205144882,0.7233076095581055,0.1986885517835617,-0.638220489025116,0.1732766330242157,14.098021,4.204078,0.446877,-0.473532
2026-08-05T11:59:09.618834,1785923949.618834,64.864135,0.6874350905418396,0.23858116567134857,-0.6821907758712769,0.0716104805469513,0.723366916179657,0.19868040084838867,-0.6382089257240295,0.17308096587657928,14.096575,4.197542,-0.086180,-0.389537
2026-08-05T11:59:09.621148,1785923949.621148,64.866449,0.6874296069145203,0.23886656761169434,-0.6821008324623108,0.0715683102607727,0.7233989238739014,0.19875138998031616,-0.6382011771202087,0.17289422452449799,14.088779,4.165006,-3.369277,-14.063071
2026-08-05T11:59:09.653165,1785923949.653166,64.898466,0.6873748898506165,0.23931686580181122,-0.6819928884506226,0.07161705940961838,0.7234148383140564,0.19889520108699799,-0.6381742358207703,0.1727614551782608,14.082197,4.121162,-0.205589,-1.369363
2026-08-05T11:59:09.679556,1785923949.679557,64.923939,0.6873458027839661,0.23985910415649414,-0.681814432144165,0.07178251445293427,0.7233810424804688,0.1992894411087036,-0.6380850076675415,0.17277792096138,14.069907,4.093691,-0.482477,-1.078445
2026-08-05T11:59:09.687135,1785923949.687136,64.932436,0.6872664093971252,0.24045999348163605,-0.6816683411598206,0.07192032784223557,0.7233410477638245,0.19977013766765594,-0.6379578113555908,0.17286023497581482,14.069789,4.075421,-0.013935,-2.149940
2026-08-05T11:59:09.704730,1785923949.704731,64.950031,0.6872364282608032,0.2409905046224594,-0.681501030921936,0.07201577723026276,0.7232468724250793,0.20036232471466064,-0.6378434896469116,0.17299111187458038,14.066458,4.080890,-0.189306,0.310805
2026-08-05T11:59:09.720123,1785923949.720123,64.965424,0.6871809363365173,0.24154767394065857,-0.6813526153564453,0.07208190113306046,0.7231199145317078,0.20098046958446503,-0.637761116027832,0.17310838401317596,14.063874,4.087722,-0.167870,0.443866
2026-08-05T11:59:09.735858,1785923949.735858,64.981159,0.6871132850646973,0.24215340614318848,-0.6811903715133667,0.07222873717546463,0.7229617834091187,0.20162001252174377,-0.6376953721046448,0.173268124461174,14.056835,4.089760,-0.447361,0.129499
2026-08-05T11:59:09.740648,1785923949.740648,64.985949,0.6869908571243286,0.24288029968738556,-0.6810216903686523,0.07254216820001602,0.7227880358695984,0.20231284201145172,-0.63761305809021,0.17348672449588776,14.043919,4.077448,-2.696298,-2.570331
2026-08-05T11:59:09.768242,1785923949.768242,65.013543,0.6869291067123413,0.24350471794605255,-0.6808127164840698,0.07299444079399109,0.7225931286811829,0.20307232439517975,-0.6375095248222351,0.17379166185855865,14.016088,4.076852,-1.008604,-0.021599
2026-08-05T11:59:09.784231,1785923949.784231,65.029532,0.6867302656173706,0.24417221546173096,-0.6807244420051575,0.07345644384622574,0.7224041223526001,0.20379036664962769,-0.6373957395553589,0.17415422201156616,14.006124,4.072407,-0.623150,-0.277961
2026-08-05T11:59:09.836260,1785923949.836260,65.080508,0.6866180300712585,0.24458830058574677,-0.680647075176239,0.07383804768323898,0.7222551703453064,0.20430916547775269,-0.63730388879776,0.17449986934661865,13.998186,4.078660,-0.155739,0.122673
2026-08-05T11:59:09.839962,1785923949.839962,65.085263,0.6865057349205017,0.2448517084121704,-0.6806164383888245,0.0742889940738678,0.7221147418022156,0.20462927222251892,-0.6372774839401245,0.1748022735118866,13.980863,4.073511,-3.642412,-1.082733
2026-08-05T11:59:09.853097,1785923949.853097,65.098398,0.6864238381385803,0.24492523074150085,-0.6806319355964661,0.07466115057468414,0.7219762802124023,0.20479808747768402,-0.6372790932655334,0.17516997456550598,13.975508,4.084515,-0.407739,0.837731
2026-08-05T11:59:09.856282,1785923949.856283,65.101583,0.6863964200019836,0.24482423067092896,-0.6806661486625671,0.07493211328983307,0.7218523621559143,0.20484806597232819,-0.6372854113578796,0.17559903860092163,13.982701,4.114160,2.258271,9.306246
2026-08-05T11:59:09.870008,1785923949.870008,65.115309,0.6863592267036438,0.24449141323566437,-0.6808203458786011,0.07495832443237305,0.7217647433280945,0.2045864313840866,-0.6373800039291382,0.1759202778339386,14.008757,4.148458,1.898294,2.498848
2026-08-05T11:59:09.884901,1785923949.884901,65.129673,0.6863598227500916,0.24411103129386902,-0.6809589862823486,0.07493358105421066,0.7217137217521667,0.2040751427412033,-0.6375368237495422,0.1761549711227417,14.035835,4.162925,1.885163,1.007170
2026-08-05T11:59:09.888317,1785923949.888317,65.133618,0.6863704323768616,0.24376066029071808,-0.6810583472251892,0.07507353276014328,0.7216817140579224,0.20355018973350525,-0.6376727819442749,0.17640194296836853,14.049660,4.161694,3.504237,-0.311875
2026-08-05T11:59:09.934939,1785923949.934939,65.180240,0.6863709092140198,0.24363690614700317,-0.6810616254806519,0.07544016093015671,0.7216790914535522,0.20309612154960632,-0.6377432942390442,0.17668034136295319,14.050950,4.130506,0.027672,-0.668965
2026-08-05T11:59:09.950599,1785923949.950600,65.195900,0.6863762140274048,0.24356471002101898,-0.681043267250061,0.07578979432582855,0.7216957807540894,0.20280960202217102,-0.6377230882644653,0.1770145297050476,14.058096,4.113859,0.456332,-1.062992
2026-08-05T11:59:09.967072,1785923949.967073,65.212374,0.6864393949508667,0.24358484148979187,-0.6809222102165222,0.07623942941427231,0.7217376828193665,0.20263506472110748,-0.6376477479934692,0.17731404304504395,14.048765,4.087272,-0.566471,-1.613933
2026-08-05T11:59:09.984945,1785923949.984945,65.230246,0.6864650249481201,0.24377752840518951,-0.6807758212089539,0.07669848948717117,0.7217438817024231,0.2025143951177597,-0.6376113891601562,0.17755739390850067,14.035322,4.044728,-0.752198,-2.380529
2026-08-05T11:59:10.001476,1785923950.001476,65.246777,0.6865220069885254,0.24391204118728638,-0.6806201338768005,0.07714258134365082,0.7217503190040588,0.2025531530380249,-0.6374905109405518,0.17792080342769623,14.028320,4.031477,-0.423546,-0.801522
2026-08-05T11:59:10.018048,1785923950.018049,65.263350,0.68650221824646,0.24403387308120728,-0.6805532574653625,0.07752256095409393,0.7217795848846436,0.20267827808856964,-0.6373175978660583,0.17827799916267395,14.031958,4.030246,0.219499,-0.074310
2026-08-05T11:59:10.022350,1785923950.022350,65.267344,0.6866025328636169,0.24396169185638428,-0.6804556846618652,0.0777166560292244,0.7218428254127502,0.2026691883802414,-0.637191891670227,0.17848168313503265,14.030333,4.036931,-0.406601,1.673599
2026-08-05T11:59:10.067752,1785923950.067752,65.313053,0.6865816712379456,0.24401138722896576,-0.6804291009902954,0.07797746360301971,0.7218911647796631,0.20259135961532593,-0.6371406316757202,0.17855805158615112,14.021149,4.011487,-0.200942,-0.556649
2026-08-05T11:59:10.071495,1785923950.072734,65.316796,0.6866216659545898,0.24394531548023224,-0.6803962588310242,0.0781184658408165,0.721936821937561,0.20261408388614655,-0.6370583772659302,0.17864082753658295,14.014398,4.014608,-1.803149,0.833447
2026-08-05T11:59:10.101622,1785923950.101622,65.346923,0.6865760087966919,0.2439366579055786,-0.6804301142692566,0.07825154811143875,0.7219401001930237,0.20275083184242249,-0.6369810700416565,0.17874886095523834,14.012553,4.025082,-0.061262,0.347696
2026-08-05T11:59:10.107154,1785923950.107154,65.352455,0.6865484714508057,0.24389983713626862,-0.6804571151733398,0.07837415486574173,0.7219054698944092,0.20298418402671814,-0.6369096040725708,0.17887769639492035,14.006509,4.049231,-1.092474,4.365074
2026-08-05T11:59:10.126290,1785923950.126290,65.370589,0.6865265369415283,0.24393430352210999,-0.6804405450820923,0.07860139012336731,0.7218311429023743,0.2032022774219513,-0.6369038820266724,0.17895062267780304,13.982696,4.053845,-1.313216,0.254411
2026-08-05T11:59:10.137348,1785923950.137349,65.381684,0.686452329158783,0.243773952126503,-0.680563747882843,0.07868047803640366,0.7218217849731445,0.20323334634304047,-0.6369150280952454,0.17891345918178558,13.971147,4.061841,-1.040849,0.720705
2026-08-05T11:59:10.152884,1785923950.152885,65.397033,0.6864410638809204,0.2432633489370346,-0.6807816028594971,0.0784737840294838,0.7218808531761169,0.2030031532049179,-0.6370090246200562,0.178601935505867,13.958019,4.078509,-0.855275,1.085920
2026-08-05T11:59:10.170891,1785923950.170891,65.414480,0.6864026784896851,0.2427060604095459,-0.6810608506202698,0.07811040431261063,0.7219758033752441,0.20253987610340118,-0.6371639370918274,0.17819032073020935,13.959506,4.083403,0.085234,0.280482
2026-08-05T11:59:10.192062,1785923950.192063,65.436390,0.6865196228027344,0.24220988154411316,-0.6811704635620117,0.07766612619161606,0.7220436334609985,0.20199641585350037,-0.6373534798622131,0.17785459756851196,13.966594,4.089382,0.323495,0.272905
2026-08-05T11:59:10.202045,1785923950.202046,65.446120,0.6865513324737549,0.2417999505996704,-0.6813408732414246,0.07716772705316544,0.7220801115036011,0.2015136331319809,-0.6375048160552979,0.17771196365356445,14.003909,4.112747,3.835314,2.401440
2026-08-05T11:59:10.218253,1785923950.218254,65.462500,0.6866136789321899,0.24154584109783173,-0.6814002394676208,0.07688519358634949,0.7220970392227173,0.20127986371517181,-0.6375607848167419,0.17770706117153168,14.028019,4.137583,1.471864,1.516261
2026-08-05T11:59:10.234227,1785923950.234227,65.479528,0.6865629553794861,0.24163638055324554,-0.6814032196998596,0.07702546566724777,0.7221434116363525,0.20119711756706238,-0.637557327747345,0.17762428522109985,14.017000,4.104253,-0.647073,-1.957357
2026-08-05T11:59:10.239585,1785923950.239585,65.484886,0.6865965723991394,0.24175022542476654,-0.6813203692436218,0.07710134238004684,0.7222500443458557,0.20109596848487854,-0.6375553607940674,0.17731285095214844,13.987749,4.052721,-5.459372,-9.617815
2026-08-05T11:59:10.251684,1785923950.251684,65.496985,0.6866524815559387,0.24193598330020905,-0.6812102794647217,0.07699482142925262,0.7223211526870728,0.20103487372398376,-0.6375890374183655,0.17697083950042725,13.969626,4.010065,-1.497914,-3.525584
2026-08-05T11:59:10.267649,1785923950.267650,65.512186,0.6867581009864807,0.24191814661026,-0.6811479926109314,0.0766584724187851,0.7223456501960754,0.2012164145708084,-0.6375528573989868,0.17679451406002045,13.973252,4.037635,0.238538,1.813692
2026-08-05T11:59:10.284633,1785923950.284634,65.529934,0.6867625117301941,0.24210225045681,-0.6810905337333679,0.07654809951782227,0.7223455309867859,0.20161426067352295,-0.6374375820159912,0.1767575740814209,13.974231,4.058974,0.055199,1.202310
2026-08-05T11:59:10.320334,1785923950.320735,65.565635,0.6867722868919373,0.24225810170173645,-0.6810322999954224,0.0764850452542305,0.7224013805389404,0.20191815495491028,-0.6373147964477539,0.17662490904331207,13.966227,4.062803,-0.224221,0.107265
2026-08-05T11:59:10.323109,1785923950.323110,65.568410,0.6868200302124023,0.24222590029239655,-0.6810280680656433,0.07619524747133255,0.722527265548706,0.2019185870885849,-0.637290358543396,0.1761966347694397,13.955381,4.050863,-3.907890,-4.302528
2026-08-05T11:59:10.335907,1785923950.335908,65.581208,0.6868718862533569,0.24208597838878632,-0.681090235710144,0.07561518996953964,0.7226941585540771,0.20168191194534302,-0.6373481154441833,0.1755739450454712,13.959105,4.034822,0.290954,-1.253416
2026-08-05T11:59:10.352895,1785923950.352896,65.598197,0.6870298385620117,0.24187229573726654,-0.6810898780822754,0.07486465573310852,0.7228425145149231,0.20153599977493286,-0.6373762488365173,0.17502792179584503,13.974315,4.052695,0.895312,1.052123
2026-08-05T11:59:10.369765,1785923950.369765,65.615066,0.6870425939559937,0.2420031875371933,-0.6810824275016785,0.0743899717926979,0.722925066947937,0.20160622894763947,-0.6373645663261414,0.17464758455753326,13.988053,4.050369,0.814416,-0.137882
2026-08-05T11:59:10.385093,1785923950.385093,65.630394,0.6870093941688538,0.24231010675430298,-0.6810359954833984,0.07412155717611313,0.7229477763175964,0.20181411504745483,-0.6373655796051025,0.174309641122818,13.985203,4.032079,-0.185930,-1.193211
2026-08-05T11:59:10.418061,1785923950.418062,65.663363,0.6869378685951233,0.24266363680362701,-0.6809960603713989,0.0739959105849266,0.722966730594635,0.20208576321601868,-0.6373608112335205,0.17393384873867035,13.966373,4.000813,-0.571164,-0.948383
2026-08-05T11:59:10.435396,1785923950.435396,65.680697,0.6867802739143372,0.2431325614452362,-0.6809861063957214,0.07400999963283539,0.7229381203651428,0.20241455733776093,-0.6373949646949768,0.17354419827461243,13.936332,3.952639,-1.732978,-2.779013
2026-08-05T11:59:10.451388,1785923950.451389,65.696690,0.6867657899856567,0.24322086572647095,-0.6810036897659302,0.07369314879179001,0.722893476486206,0.202804297208786,-0.6374102234840393,0.17321845889091492,13.923006,3.974930,-0.833307,1.393803
2026-08-05T11:59:10.468958,1785923950.468958,65.714259,0.6866129636764526,0.24322596192359924,-0.6812288761138916,0.07301577925682068,0.7228010296821594,0.20314715802669525,-0.6374946236610413,0.17289172112941742,13.951052,4.028693,1.596339,3.060097
2026-08-05T11:59:10.484937,1785923950.484937,65.730238,0.6865156888961792,0.24309144914150238,-0.6814649701118469,0.0721699446439743,0.7226726412773132,0.2033102810382843,-0.6376774907112122,0.172561913728714,13.989677,4.093748,2.417179,4.071161
2026-08-05T11:59:10.502106,1785923950.502106,65.747407,0.6863669753074646,0.2432481348514557,-0.6816045045852661,0.07173758000135422,0.72250896692276,0.20355309545993805,-0.6378685235977173,0.17225532233715057,13.995714,4.109929,0.351598,0.942499
2026-08-05T11:59:10.518317,1785923950.518317,65.763618,0.6863299012184143,0.24371744692325592,-0.6814534664154053,0.07193275541067123,0.7223048210144043,0.2041315883398056,-0.6379290819168091,0.1722034513950348,13.953903,4.099362,-2.579160,-0.651841
2026-08-05T11:59:10.534953,1785923950.534953,65.780254,0.6861155033111572,0.24448877573013306,-0.681316077709198,0.07265809923410416,0.7221133708953857,0.20505760610103607,-0.6377962231636047,0.17239779233932495,13.898526,4.068793,-3.328818,-1.837593
2026-08-05T11:59:10.551629,1785923950.551630,65.796931,0.6860249042510986,0.24482348561286926,-0.6812182068824768,0.0733008161187172,0.7219228148460388,0.20586684346199036,-0.6377246975898743,0.17249558866024017,13.824894,4.066931,-4.415285,-0.111638
2026-08-05T11:59:10.568911,1785923950.568912,65.813725,0.6859048008918762,0.2445441484451294,-0.6814337968826294,0.07335512340068817,0.7217937111854553,0.20617985725402832,-0.6377884745597839,0.17242592573165894,13.797350,4.109882,-1.640072,2.557539
2026-08-05T11:59:10.584949,1785923950.584950,65.829255,0.6858991980552673,0.2436458021402359,-0.6818069815635681,0.07292740792036057,0.7217633128166199,0.2060783952474594,-0.6378903388977051,0.17229732871055603,13.807282,4.205272,0.639477,6.141971
2026-08-05T11:59:10.602108,1785923950.602108,65.846504,0.6857249140739441,0.24301685392856598,-0.6822231411933899,0.07277388870716095,0.7217726707458496,0.20559699833393097,-0.6380661725997925,0.17218248546123505,13.822048,4.224259,0.856045,1.100716
2026-08-05T11:59:10.618114,1785923950.618115,65.863415,0.6855441927909851,0.24257653951644897,-0.6825391054153442,0.07298151403665543,0.7217881083488464,0.20486794412136078,-0.6383088827133179,0.17208774387836456,13.813628,4.180031,-0.497875,-2.615305
2026-08-05T11:59:10.634561,1785923950.634562,65.878849,0.6853076219558716,0.2421911060810089,-0.6828617453575134,0.07346267998218536,0.7217826247215271,0.20403647422790527,-0.6385989785194397,0.17202219367027283,13.787617,4.104246,-1.685431,-4.910462
2026-08-05T11:59:10.651458,1785923950.651458,65.896759,0.6850506067276001,0.241697296500206,-0.6832398772239685,0.0739692896604538,0.7216792702674866,0.203204944729805,-0.6389855146408081,0.1720045804977417,13.755748,4.041885,-1.779382,-3.481921
2026-08-05T11:59:10.654450,1785923950.654451,65.899751,0.6847761869430542,0.24094636738300323,-0.6837416887283325,0.07432307302951813,0.7215017080307007,0.20253954827785492,-0.6393570899963379,0.1721532642841339,13.742297,4.042704,-4.494780,0.273559
2026-08-05T11:59:10.662610,1785923950.662611,65.907912,0.6845242977142334,0.24001877009868622,-0.6842904686927795,0.07459177821874619,0.7212694883346558,0.20190079510211945,-0.6397623419761658,0.17237062752246857,13.733704,4.074706,-1.053048,3.921801
2026-08-05T11:59:10.666962,1785923950.666962,65.912263,0.684221625328064,0.23891887068748474,-0.6849656701087952,0.07470374554395676,0.7210025191307068,0.20103751122951508,-0.6402972936630249,0.1725102663040161,13.734932,4.109956,0.282220,8.100503
2026-08-05T11:59:10.700707,1785923950.700707,65.946008,0.6839777827262878,0.23776255548000336,-0.685602068901062,0.07478971034288406,0.7207973003387451,0.1998220533132553,-0.640917181968689,0.17247866094112396,13.728133,4.108640,-0.201478,-0.039004
2026-08-05T11:59:10.734845,1785923950.734846,65.980146,0.6837319135665894,0.2366938292980194,-0.6861957311630249,0.0749831274151802,0.720646858215332,0.1984967440366745,-0.6414946913719177,0.17249055206775665,13.724577,4.084873,-0.104175,-0.696217
2026-08-05T11:59:10.749963,1785923950.749964,65.995264,0.6834883093833923,0.23581548035144806,-0.6866936087608337,0.07541089504957199,0.7204740643501282,0.19723963737487793,-0.6420403718948364,0.17262397706508636,13.711492,4.041947,-0.865482,-2.839393
2026-08-05T11:59:10.755329,1785923950.755330,66.000631,0.6832491755485535,0.2348431497812271,-0.6872541904449463,0.07550466805696487,0.7202413082122803,0.19603966176509857,-0.6425992250442505,0.17288276553153992,13.735639,4.049009,4.499726,1.315974
2026-08-05T11:59:10.757548,1785923950.757548,66.002849,0.683127224445343,0.2334776669740677,-0.6878905296325684,0.07504672557115555,0.7200711965560913,0.19479572772979736,-0.6431071758270264,0.17310795187950134,13.798750,4.126584,28.450494,34.971528
