time_s,0kgtrial4.csv_angle,0kg_movella_test1.csv_angle
0.055500,0.000000,23.736189
0.055500,0.000000,23.736189
0.055500,0.000000,23.736189
0.055500,0.000000,23.736189
0.056000,0.000000,23.736189
0.056000,0.000000,23.736189
0.056000,0.000000,23.736189
0.056000,0.000000,23.736189
0.056500,0.000000,23.736189
0.056500,0.000000,23.736189
0.056500,0.000000,23.736189
0.056500,0.000000,23.736189
0.057000,0.000000,23.736189
0.057000,0.000000,23.736189
0.057000,0.000000,23.736189
0.057000,0.000000,23.736189
0.057000,0.000000,23.736189
0.057000,0.000000,23.736189
0.057500,0.000000,23.736189
0.057500,0.000000,23.736189
0.057500,0.000000,23.736189
0.057500,0.000000,23.736189
0.058000,0.000000,23.736189
0.058000,0.000000,23.736189
0.058000,0.000000,23.736189
0.058000,0.000000,23.736189
0.058000,0.000000,23.736189
0.058000,0.000000,23.736189
0.058500,0.000000,23.736189
0.058500,0.000000,23.736189
0.058500,0.000000,23.736189
0.058500,0.000000,23.736189
0.059000,0.000000,23.736189
0.059000,0.000000,23.736189
0.059000,0.000000,23.736189
0.059000,0.000000,23.736189
0.059500,0.000000,23.736189
0.059500,0.000000,23.736189
0.059500,0.000000,23.736189
0.059500,0.000000,23.736189
0.059500,0.000000,23.736189
0.059500,0.000000,23.736189
0.060000,0.000000,23.736189
0.060000,0.000000,23.736189
0.060000,0.000000,23.736189
0.060000,0.000000,23.736189
0.060500,0.000000,23.736189
0.060500,0.000000,23.736189
0.060500,34.790040,23.736189
0.060500,33.392427,23.736189
0.061000,34.249196,23.736189
0.061000,32.838514,23.736189
0.061000,33.627156,23.736189
0.061000,32.219681,23.736189
0.061000,33.168885,23.736189
0.061000,31.667244,23.736189
0.061500,32.634219,23.736189
0.061500,31.115511,23.736189
0.061500,32.104253,23.736189
0.061500,30.502131,23.736189
0.062000,31.574574,23.736189
0.062000,29.952010,23.736189
0.062000,31.058369,23.736189
0.062000,29.345229,23.736189
0.062500,30.534066,23.736189
0.062500,28.796804,23.736189
0.062500,30.035870,23.736189
0.062500,28.195919,23.736189
0.062500,29.517444,23.736189
0.062500,27.649272,23.736189
0.063000,29.048213,23.736189
0.063000,27.061341,23.736189
0.063000,28.536230,23.736189
0.063000,26.516539,23.736189
0.063500,28.083500,23.736189
0.063500,25.931966,23.736189
0.063500,27.578558,23.736189
0.063500,25.389093,23.736189
0.063500,27.138815,23.736189
0.063500,24.804506,23.736189
0.064000,26.641572,23.736189
0.064000,24.263653,23.736189
0.064000,26.083188,23.736189
0.064000,23.672525,23.736189
0.064500,25.715673,23.736189
0.064500,23.133793,23.736189
0.064500,25.230166,23.736189
0.064500,22.596100,23.736189
0.065000,24.812782,23.736189
0.065000,22.005030,23.736189
0.065000,24.336814,23.736189
0.065000,21.469586,23.736189
0.065000,23.926493,23.736189
0.065000,20.872581,23.736189
0.065500,23.460981,23.736189
0.065500,20.339480,23.736189
0.065500,23.062193,23.736189
0.065500,19.744378,23.736189
0.066000,22.608038,23.736189
0.066000,19.213696,23.736189
0.066000,22.226463,23.736189
0.066000,18.618504,23.736189
0.066500,21.784801,23.736189
0.066500,18.090319,23.736189
0.066500,21.426150,23.736189
0.066500,17.495496,23.736189
0.066500,20.998314,23.736189
0.066500,16.969882,23.736189
0.067000,20.495956,23.736189
0.067000,16.381928,23.736189
0.067000,20.261966,23.736189
0.067000,15.858942,23.736189
0.067500,19.781757,23.736189
0.067500,15.280373,23.736189
0.067500,19.576324,23.736189
0.067500,14.760070,23.736189
0.067500,19.115455,23.736189
0.067500,14.184094,23.736189
0.068000,18.940741,23.736189
0.068000,13.666537,23.736189
0.068000,18.571341,23.736189
0.068000,13.150324,23.736189
0.068500,18.336920,23.736189
0.068500,12.569331,23.736189
0.068500,17.988405,23.736189
0.068500,12.055971,23.736189
0.069000,17.790914,23.736189
0.069000,11.482758,23.736189
0.069000,17.465037,23.736189
0.069000,10.972298,23.736189
0.069000,17.305479,23.736189
0.069000,10.403552,23.736189
0.069500,17.004081,23.736189
0.069500,9.896044,23.736189
0.069500,16.884898,23.736189
0.069500,9.334341,23.736189
0.070000,16.609709,23.736189
0.070000,8.829829,23.736189
0.070000,16.285049,23.736189
0.070000,8.271883,23.736189
0.070500,16.285120,23.736189
0.070500,7.770416,23.736189
0.070500,15.986177,23.736189
0.070500,7.212486,23.736189
0.070500,16.020448,23.736189
0.070500,6.714115,23.736189
0.071000,15.738967,23.736189
0.071000,6.152443,23.736189
0.071000,15.806385,23.736189
0.071000,5.657225,23.736189
0.071500,15.632932,23.736189
0.071500,5.163546,23.736189
0.071500,15.673135,23.736189
0.071500,4.617015,23.736189
0.071500,15.531264,23.736189
0.071500,4.126534,23.736189
0.072000,15.607904,23.736189
0.072000,3.577960,23.736189
0.072000,15.498099,23.736189
0.072000,3.090723,23.736189
0.072500,15.619105,23.736189
0.072500,2.549008,23.736189
0.072500,15.541115,23.736189
0.072500,2.065045,23.736189
0.073000,15.429816,23.736189
0.073000,1.529515,23.736189
0.073000,15.660544,23.736189
0.073000,1.048856,23.736189
0.073000,15.583658,23.736189
0.073000,0.516097,23.736189
0.073500,15.845474,23.736189
0.073500,0.038774,23.736189
0.073500,15.795326,23.736189
0.073500,0.497312,23.736189
0.074000,16.085678,23.736189
0.074000,0.971261,23.736189
0.074000,16.064718,23.736189
0.074000,1.508068,23.736189
0.074500,16.374734,23.736189
0.074500,1.978611,23.736189
0.074500,16.427461,23.736189
0.074500,2.447485,23.736189
0.074500,16.731643,23.736189
0.074500,2.976083,23.736189
0.075000,16.809136,23.736189
0.075000,3.441519,23.736189
0.075000,17.132088,23.736189
0.075000,3.964532,23.736189
0.075500,17.232346,23.736189
0.075500,4.426512,23.736189
0.075500,17.565440,23.736189
0.075500,4.937016,23.736189
0.075500,17.686317,23.736189
0.075500,5.395532,23.736189
0.076000,17.788628,23.736189
0.076000,5.901700,23.736189
0.076000,18.187680,23.736189
0.076000,6.356736,23.736189
0.076500,18.308675,23.736189
0.076500,6.855769,23.736189
0.076500,18.718546,23.736189
0.076500,7.307314,23.736189
0.077000,18.862159,23.736189
0.077000,7.807979,23.736189
0.077000,19.277800,23.736189
0.077000,8.256013,23.736189
0.077000,19.443617,23.736189
0.077000,8.746873,23.736189
0.077500,19.867721,23.736189
0.077500,9.191392,23.736189
0.077500,20.059645,23.736189
0.077500,9.634173,23.736189
0.078000,20.478092,23.736189
0.078000,10.116655,23.736189
0.078000,20.681103,23.736189
0.078000,10.555910,23.736189
0.078500,21.102174,23.736189
0.078500,11.034961,23.736189
0.078500,21.315057,23.736189
0.078500,11.470681,23.736189
0.078500,21.526300,23.736189
0.078500,11.949062,23.736189
0.079000,21.953184,23.736189
0.079000,12.381239,23.736189
0.079000,22.175402,23.736189
0.079000,12.853904,23.736189
0.079500,22.606151,23.736189
0.079500,13.282535,23.736189
0.079500,22.838236,23.736189
0.079500,13.748490,23.736189
0.080000,23.270386,23.736189
0.080000,14.173578,23.736189
0.080000,23.508330,23.736189
0.080000,14.634358,23.736189
0.080000,23.940070,23.736189
0.080000,15.055901,23.736189
0.080500,24.185258,23.736189
0.080500,15.516417,23.736189
0.080500,24.624080,23.736189
0.080500,15.934414,23.736189
0.081000,24.874820,23.736189
0.081000,16.350656,23.736189
0.081000,25.312873,23.736189
0.081000,16.806188,23.736189
0.081000,25.567657,23.736189
0.081000,17.218887,23.736189
0.081500,26.014363,23.736189
0.081500,17.675669,23.736189
0.081500,26.272618,23.736189
0.081500,18.084825,23.736189
0.082000,26.541478,23.736189
0.082000,18.526729,23.736189
0.082000,26.981194,23.736189
0.082000,18.932356,23.736189
0.082500,27.256345,23.736189
0.082500,19.367802,23.736189
0.082500,27.695678,23.736189
0.082500,19.769910,23.736189
0.082500,27.974853,23.736189
0.082500,20.206247,23.736189
0.083000,28.410491,23.736189
0.083000,20.604840,23.736189
0.083000,28.695711,23.736189
0.083000,21.043962,23.736189
0.083500,29.126633,23.736189
0.083500,21.439044,23.736189
0.083500,29.403872,23.736189
0.083500,21.869634,23.736189
0.084000,29.832595,23.736189
0.084000,22.261219,23.736189
0.084000,30.101772,23.736189
0.084000,22.651074,23.736189
0.084000,30.537908,23.736189
0.084000,23.081629,23.736189
0.084500,30.807933,23.736189
0.084500,23.468000,23.736189
0.084500,31.094801,23.736189
0.084500,23.888524,23.736189
0.085000,31.516722,23.736189
0.085000,24.271430,23.736189
0.085000,31.807135,23.736189
0.085000,24.685043,23.736189
0.085000,32.225604,23.736189
0.085000,25.064500,23.736189
0.085500,32.513941,23.736189
0.085500,25.481128,23.736189
0.085500,32.930067,23.736189
0.085500,25.857146,23.736189
0.086000,33.225064,23.736189
0.086000,26.273747,23.736189
0.086000,33.631502,23.736189
0.086000,26.646341,23.736189
0.086500,33.920666,23.736189
0.086500,27.059447,23.736189
0.086500,34.323938,23.736189
0.086500,27.428633,23.736189
0.086500,34.622049,23.736189
0.086500,27.841504,23.736189
0.087000,35.023320,23.736189
0.087000,28.207299,23.736189
0.087000,35.293701,23.736189
0.087000,28.571416,23.736189
0.087500,35.721214,23.736189
0.087500,28.976979,23.736189
0.087500,35.990876,23.736189
0.087500,29.337734,23.736189
0.088000,36.283484,23.736189
0.088000,29.738992,23.736189
0.088000,36.677127,23.736189
0.088000,30.096403,23.736189
0.088000,36.969215,23.736189
0.088000,30.493002,23.736189
0.088500,37.360081,23.736189
0.088500,30.847092,23.736189
0.088500,37.653076,23.736189
0.088500,31.239819,23.736189
0.089000,38.038174,23.736189
0.089000,31.590607,23.736189
0.089000,38.329963,23.736189
0.089000,31.982081,23.736189
0.089500,38.713827,23.736189
0.089500,32.329589,23.736189
0.089500,39.006651,23.736189
0.089500,32.718900,23.736189
0.089500,39.388955,23.736189
0.089500,33.063148,23.736189
0.090000,39.676711,23.736189
0.090000,33.439544,23.736189
0.090000,40.055586,23.736189
0.090000,33.780560,23.736189
0.090500,40.343626,23.736189
0.090500,34.157986,23.736189
0.090500,40.606992,23.736189
0.090500,34.495789,23.736189
0.090500,40.977236,23.736189
0.090500,34.832001,23.736189
0.091000,41.260851,23.736189
0.091000,35.204825,23.736189
0.091000,41.627382,23.736189
0.091000,35.537859,23.736189
0.091500,41.908481,23.736189
0.091500,35.904684,23.736189
0.091500,42.271356,23.736189
0.091500,36.234565,23.736189
0.092000,42.554291,23.736189
0.092000,36.599357,23.736189
0.092000,42.914000,23.736189
0.092000,36.926108,23.736189
0.092000,43.194473,23.736189
0.092000,37.284208,23.736189
0.092500,43.551534,23.736189
0.092500,37.607855,23.736189
0.092500,43.828804,23.736189
0.092500,37.961512,23.736189
0.093000,44.183212,23.736189
0.093000,38.282080,23.736189
0.093000,44.462117,23.736189
0.093000,38.635931,23.736189
0.093500,44.813035,23.736189
0.093500,38.953444,23.736189
0.093500,45.091986,23.736189
0.093500,39.307659,23.736189
0.093500,45.343918,23.736189
0.093500,39.622141,23.736189
0.094000,45.688139,23.736189
0.094000,39.935121,23.736189
0.094000,45.960340,23.736189
0.094000,40.282341,23.736189
0.094500,46.302236,23.736189
0.094500,40.592328,23.736189
0.094500,46.572844,23.736189
0.094500,40.933160,23.736189
0.094500,46.912647,23.736189
0.094500,41.240182,23.736189
0.095000,47.177745,23.736189
0.095000,41.575236,23.736189
0.095000,47.513706,23.736189
0.095000,41.879318,23.736189
0.095500,47.781099,23.736189
0.095500,42.214824,23.736189
0.095500,48.112117,23.736189
0.095500,42.515992,23.736189
0.096000,48.378189,23.736189
0.096000,42.849642,23.736189
0.096000,48.709226,23.736189
0.096000,43.147922,23.736189
0.096000,48.972212,23.736189
0.096000,43.475455,23.736189
0.096500,49.212928,23.736189
0.096500,43.770873,23.736189
0.096500,49.555070,23.736189
0.096500,44.092168,23.736189
0.097000,49.793933,23.736189
0.097000,44.384751,23.736189
0.097000,50.115734,23.736189
0.097000,44.675927,23.736189
0.097500,50.374090,23.736189
0.097500,44.994291,23.736189
0.097500,50.694318,23.736189
0.097500,45.282671,23.736189
0.097500,50.950297,23.736189
0.097500,45.598356,23.736189
0.098000,51.264824,23.736189
0.098000,45.883967,23.736189
0.098000,51.524150,23.736189
0.098000,46.201077,23.736189
0.098500,51.839860,23.736189
0.098500,46.483944,23.736189
0.098500,52.096850,23.736189
0.098500,46.796902,23.736189
0.098500,52.408707,23.736189
0.098500,47.077052,23.736189
0.099000,52.661721,23.736189
0.099000,47.385493,23.736189
0.099000,52.969825,23.736189
0.099000,47.662953,23.736189
0.099500,53.224763,23.736189
0.099500,47.973125,23.736189
0.099500,53.451708,23.736189
0.099500,48.247920,23.736189
0.100000,53.784184,23.736189
0.100000,48.555567,23.736189
0.100000,54.009262,23.736189
0.100000,48.827725,23.736189
0.100000,54.308583,23.736189
0.100000,49.098574,23.736189
0.100500,54.559943,23.736189
0.100500,49.405727,23.736189
0.100500,54.862956,23.736189
0.100500,49.673978,23.736189
0.101000,55.108922,23.736189
0.101000,49.978077,23.736189
0.101000,55.407680,23.736189
0.101000,50.243756,23.736189
0.101500,55.660061,23.736189
0.101500,50.554080,23.736189
0.101500,55.954591,23.736189
0.101500,50.817214,23.736189
0.101500,56.193012,23.736189
0.101500,51.112862,23.736189
0.102000,56.487201,23.736189
0.102000,51.373477,23.736189
0.102000,56.725901,23.736189
0.102000,51.669939,23.736189
0.102500,56.941201,23.736189
0.102500,51.928061,23.736189
0.102500,57.259144,23.736189
0.102500,52.222873,23.736189
0.102500,57.472616,23.736189
0.102500,52.478528,23.736189
0.103000,57.782809,23.736189
0.103000,52.764449,23.736189
0.103000,57.994437,23.736189
0.103000,53.017663,23.736189
0.103500,58.276474,23.736189
0.103500,53.269664,23.736189
0.103500,58.514930,23.736189
0.103500,53.556938,23.736189
0.104000,58.796051,23.736189
0.104000,53.806536,23.736189
0.104000,59.029843,23.736189
0.104000,54.088734,23.736189
0.104000,59.308848,23.736189
0.104000,54.335955,23.736189
0.104500,59.538025,23.736189
0.104500,54.611828,23.736189
0.104500,59.814835,23.736189
0.104500,54.856695,23.736189
0.105000,60.047983,23.736189
0.105000,55.132073,23.736189
0.105000,60.319647,23.736189
0.105000,55.374613,23.736189
0.105500,60.548649,23.736189
0.105500,55.644973,23.736189
0.105500,60.750550,23.736189
0.105500,55.885211,23.736189
0.105500,61.046818,23.736189
0.105500,56.158375,23.736189
0.106000,61.246972,23.736189
0.106000,56.396335,23.736189
0.106000,61.538512,23.736189
0.106000,56.666303,23.736189
0.106500,61.736939,23.736189
0.106500,56.902011,23.736189
0.106500,61.996375,23.736189
0.106500,57.136600,23.736189
0.107000,62.223323,23.736189
0.107000,57.403570,23.736189
0.107000,62.479306,23.736189
0.107000,57.635943,23.736189
0.107000,62.703974,23.736189
0.107000,57.898975,23.736189
0.107500,62.954095,23.736189
0.107500,58.129155,23.736189
0.107500,63.184689,23.736189
0.107500,58.399106,23.736189
0.108000,63.437207,23.736189
0.108000,58.627120,23.736189
0.108000,63.667872,23.736189
0.108000,58.892570,23.736189
0.108000,63.858870,23.736189
0.108000,59.118441,23.736189
0.108500,64.146220,23.736189
0.108500,59.380187,23.736189
0.108500,64.335530,23.736189
0.108500,59.603939,23.736189
0.109000,64.623955,23.736189
0.109000,59.866995,23.736189
0.109000,64.811598,23.736189
0.109000,60.088651,23.736189
0.109500,65.105357,23.736189
0.109500,60.352299,23.736189
0.109500,65.291326,23.736189
0.109500,60.571884,23.736189
0.109500,65.538565,23.736189
0.109500,60.790438,23.736189
0.110000,65.763108,23.736189
0.110000,61.050494,23.736189
0.110000,66.010680,23.736189
0.110000,61.267010,23.736189
0.110500,66.242698,23.736189
0.110500,61.537456,23.736189
0.110500,66.486420,23.736189
0.110500,61.751961,23.736189
0.111000,66.718238,23.736189
0.111000,62.022388,23.736189
0.111000,66.959104,23.736189
0.111000,62.234904,23.736189
0.111000,67.185726,23.736189
0.111000,62.497813,23.736189
0.111500,67.364661,23.736189
0.111500,62.708362,23.736189
0.111500,67.647935,23.736189
0.111500,62.969237,23.736189
0.112000,67.825322,23.736189
0.112000,63.177841,23.736189
0.112000,68.102054,23.736189
0.112000,63.432249,23.736189
0.112000,68.277903,23.736189
0.112000,63.638928,23.736189
0.112500,68.544888,23.736189
0.112500,63.885323,23.736189
0.112500,68.719212,23.736189
0.112500,64.090099,23.736189
0.113000,68.986500,23.736189
0.113000,64.336145,23.736189
0.113000,69.159310,23.736189
0.113000,64.539039,23.736189
0.113500,69.382599,23.736189
0.113500,64.740996,23.736189
0.113500,69.596918,23.736189
0.113500,64.984479,23.736189
0.113500,69.818135,23.736189
0.113500,65.184586,23.736189
0.114000,70.029627,23.736189
0.114000,65.424789,23.736189
0.114000,70.198824,23.736189
0.114000,65.623068,23.736189
0.121500,70.458262,23.571091
0.121500,65.855939,23.571091
0.121500,70.625957,23.571091
0.121500,66.052408,23.571091
0.122000,70.876715,23.571091
0.122000,66.280440,23.571091
0.122000,71.042939,23.571091
0.122000,66.475119,23.571091
0.122000,71.296039,23.571091
0.122000,66.702637,23.571091
0.122500,71.460796,23.571091
0.122500,66.895547,23.571091
0.122500,71.707592,23.571091
0.122500,67.117291,23.571091
0.123000,71.870900,23.571091
0.123000,67.308451,23.571091
0.123000,72.111557,23.571091
0.123000,67.526853,23.571091
0.123500,72.273443,23.571091
0.123500,67.716282,23.571091
0.123500,72.480199,23.571091
0.123500,67.904850,23.571091
0.123500,72.674141,23.571091
0.123500,68.125224,23.571091
0.124000,72.878783,23.571091
0.124000,68.312092,23.571091
0.124000,73.074456,23.571091
0.124000,68.537693,23.571091
0.124500,73.233014,23.571091
0.124500,68.722881,23.571091
0.124500,73.470071,23.571091
0.124500,68.948175,23.571091
0.124500,73.627304,23.571091
0.124500,69.131704,23.571091
0.125000,73.855906,23.571091
0.125000,69.349286,23.571091
0.125000,74.011823,23.571091
0.125000,69.531172,23.571091
0.125500,74.236863,23.571091
0.125500,69.741540,23.571091
0.125500,74.391452,23.571091
0.125500,69.921801,23.571091
0.126000,74.611396,23.571091
0.126000,70.121938,23.571091
0.126000,74.764640,23.571091
0.126000,70.300591,23.571091
0.126000,74.989711,23.571091
0.126000,70.504534,23.571091
0.126500,75.141622,23.571091
0.126500,70.681598,23.571091
0.126500,75.337017,23.571091
0.126500,70.857871,23.571091
0.127000,75.515728,23.571091
0.127000,71.059930,23.571091
0.127000,75.710134,23.571091
0.127000,71.234641,23.571091
0.127500,75.891161,23.571091
0.127500,71.440058,23.571091
0.127500,76.039913,23.571091
0.127500,71.613226,23.571091
0.127500,76.261680,23.571091
0.127500,71.813474,23.571091
0.128000,76.409146,23.571091
0.128000,71.985115,23.571091
0.128000,76.623345,23.571091
0.128000,72.182473,23.571091
0.128500,76.769558,23.571091
0.128500,72.352605,23.571091
0.128500,76.982429,23.571091
0.128500,72.551437,23.571091
0.128500,77.127416,23.571091
0.128500,72.720077,23.571091
0.137000,77.337002,23.627254
0.137000,72.909868,23.627254
0.137000,77.480744,23.627254
0.137000,73.077031,23.627254
0.137500,77.692862,23.627254
0.137500,73.273799,23.627254
0.137500,77.835394,23.627254
0.137500,73.439504,23.627254
0.138000,78.020387,23.627254
0.138000,73.604483,23.627254
0.138000,78.189069,23.627254
0.138000,73.800160,23.627254
0.138000,78.329884,23.627254
0.138000,73.963706,23.627254
0.138500,78.531611,23.627254
0.138500,74.145586,23.627254
0.138500,78.671219,23.627254
0.138500,74.307713,23.627254
0.139000,78.870253,23.627254
0.139000,74.486676,23.627254
0.139000,79.008664,23.627254
0.139000,74.647398,23.627254
0.139500,79.208047,23.627254
0.139500,74.828432,23.627254
0.139500,79.345286,23.627254
0.139500,74.987766,23.627254
0.139500,79.542442,23.627254
0.139500,75.169165,23.627254
0.140000,79.678531,23.627254
0.140000,75.327128,23.627254
0.140000,79.881143,23.627254
0.140000,75.510416,23.627254
0.140500,80.016083,23.627254
0.140500,75.667024,23.627254
0.140500,80.212945,23.627254
0.140500,75.844229,23.627254
0.140500,80.346743,23.627254
0.140500,75.999495,23.627254
0.141000,80.480052,23.627254
0.141000,76.154094,23.627254
0.141000,80.677773,23.627254
0.141000,76.332569,23.627254
0.141500,80.809961,23.627254
0.141500,76.485850,23.627254
0.141500,81.004011,23.627254
0.141500,76.662504,23.627254
0.142000,81.135096,23.627254
0.142000,76.814482,23.627254
0.142000,81.325112,23.627254
0.142000,76.987874,23.627254
0.142000,81.455107,23.627254
0.142000,77.138563,23.627254
0.142500,81.646220,23.627254
0.142500,77.315817,23.627254
0.142500,81.775151,23.627254
0.142500,77.465233,23.627254
0.143000,81.961132,23.627254
0.143000,77.635973,23.627254
0.143000,82.089000,23.627254
0.143000,77.784128,23.627254
0.143500,82.272808,23.627254
0.143500,77.952469,23.627254
0.143500,82.399619,23.627254
0.143500,78.099378,23.627254
0.143500,82.585282,23.627254
0.143500,78.267470,23.627254
0.144000,82.711041,23.627254
0.144000,78.413146,23.627254
0.144000,82.836345,23.627254
0.144000,78.558209,23.627254
0.144500,83.019264,23.627254
0.144500,78.720969,23.627254
0.144500,83.143519,23.627254
0.144500,78.864818,23.627254
0.144500,83.323995,23.627254
0.144500,79.027533,23.627254
0.152500,83.447222,23.394310
0.152500,79.170183,23.394310
0.152500,83.622952,23.394310
0.152500,79.329885,23.394310
0.153000,83.745167,23.394310
0.153000,79.471350,23.394310
0.153000,83.918424,23.394310
0.153000,79.628707,23.394310
0.153500,84.039637,23.394310
0.153500,79.768998,23.394310
0.153500,84.218438,23.394310
0.153500,79.930178,23.394310
0.153500,84.338657,23.394310
0.153500,80.069310,23.394310
0.154000,84.514639,23.394310
0.154000,80.229065,23.394310
0.154000,84.633878,23.394310
0.154000,80.367051,23.394310
0.154500,84.813575,23.394310
0.154500,80.533006,23.394310
0.154500,84.931858,23.394310
0.154500,80.669860,23.394310
0.155000,85.069308,23.394310
0.155000,80.833678,23.394310
0.155000,85.228096,23.394310
0.155000,80.969412,23.394310
0.155000,85.345004,23.394310
0.155000,81.104587,23.394310
0.155500,85.517403,23.394310
0.155500,81.262251,23.394310
0.155500,85.633370,23.394310
0.155500,81.396324,23.394310
0.156000,85.808851,23.394310
0.156000,81.554676,23.394310
0.156000,85.923881,23.394310
0.156000,81.687659,23.394310
0.156500,86.100619,23.394310
0.156500,81.848246,23.394310
0.156500,86.214725,23.394310
0.156500,81.980153,23.394310
0.156500,86.393404,23.394310
0.156500,82.140738,23.394310
0.157000,86.506591,23.394310
0.157000,82.271579,23.394310
0.157000,86.680000,23.394310
0.157000,82.426181,23.394310
0.157500,86.792270,23.394310
0.157500,82.555968,23.394310
0.157500,86.922496,23.394310
0.157500,82.706532,23.394310
0.157500,87.074498,23.394310
0.157500,82.835275,23.394310
0.158000,87.197295,23.394310
0.158000,82.979113,23.394310
0.158000,87.349136,23.394310
0.158000,83.106822,23.394310
0.158500,87.459195,23.394310
0.158500,83.234017,23.394310
0.158500,87.623831,23.394310
0.158500,83.380548,23.394310
0.159000,87.733005,23.394310
0.159000,83.506727,23.394310
0.159000,87.898309,23.394310
0.159000,83.655887,23.394310
0.159000,88.006615,23.394310
0.159000,83.781062,23.394310
0.166000,88.183551,21.045823
0.166000,83.941380,21.045823
0.166000,88.291005,21.045823
0.166000,84.065564,21.045823
0.166500,88.465374,21.045823
0.166500,84.227502,21.045823
0.166500,88.571999,21.045823
0.166500,84.350708,21.045823
0.167000,88.740000,21.045823
0.167000,84.505319,21.045823
0.167000,88.845797,21.045823
0.167000,84.627555,21.045823
0.167000,88.980152,21.045823
0.167000,84.785034,21.045823
0.167500,89.121782,21.045823
0.167500,84.906312,21.045823
0.167500,89.253555,21.045823
0.167500,85.062752,21.045823
0.168000,89.396674,21.045823
0.168000,85.183082,21.045823
0.168000,89.500475,21.045823
0.168000,85.302938,21.045823
0.168000,89.670292,21.045823
0.168000,85.457660,21.045823
0.168500,89.773288,21.045823
0.168500,85.576582,21.045823
0.168500,89.940798,21.045823
0.168500,85.728822,21.045823
0.169000,90.042997,21.045823
0.169000,85.846822,21.045823
0.169000,90.208402,21.045823
0.169000,85.997260,21.045823
0.169500,90.309812,21.045823
0.169500,86.114346,21.045823
0.169500,90.476453,21.045823
0.169500,86.266205,21.045823
0.169500,90.577083,21.045823
0.169500,86.382387,21.045823
0.170000,90.700724,21.045823
0.170000,86.528935,21.045823
0.170000,90.839819,21.045823
0.170000,86.644223,21.045823
0.170500,90.962385,21.045823
0.170500,86.790196,21.045823
0.170500,91.097854,21.045823
0.170500,86.904598,21.045823
0.171000,91.222337,21.045823
0.171000,87.050773,21.045823
0.171000,91.354956,21.045823
0.171000,87.164299,21.045823
0.171000,91.452953,21.045823
0.171000,87.277388,21.045823
0.171500,91.611048,21.045823
0.171500,87.422037,21.045823
0.171500,91.708300,21.045823
0.171500,87.534264,21.045823
0.172000,91.866480,21.045823
0.172000,87.677950,21.045823
0.172000,91.962993,21.045823
0.172000,87.789324,21.045823
0.172500,92.121454,21.045823
0.172500,87.931901,21.045823
0.172500,92.217231,21.045823
0.172500,88.042431,21.045823
0.172500,92.370711,21.045823
0.172500,88.178929,21.045823
0.173000,92.465753,21.045823
0.173000,88.288623,21.045823
0.173000,92.582205,21.045823
0.173000,88.422213,21.045823
0.173500,92.710813,21.045823
0.173500,88.531079,21.045823
0.173500,92.829770,21.045823
0.173500,88.667504,21.045823
0.173500,92.956229,21.045823
0.173500,88.775552,21.045823
0.174000,93.075224,21.045823
0.174000,88.915587,21.045823
0.174000,93.201655,21.045823
0.174000,89.022826,21.045823
0.174500,93.294239,21.045823
0.174500,89.129660,21.045823
0.174500,93.447629,21.045823
0.174500,89.275830,21.045823
0.175000,93.539542,21.045823
0.175000,89.381869,21.045823
0.175000,93.691754,21.045823
0.175000,89.522544,21.045823
0.175000,93.782988,21.045823
0.175000,89.627796,21.045823
0.175500,93.927215,21.045823
0.175500,89.758929,21.045823
0.175500,94.017767,21.045823
0.175500,89.863400,21.045823
0.176000,94.131550,21.045823
0.176000,89.996180,21.045823
0.176000,94.253186,21.045823
0.176000,90.099878,21.045823
0.176500,94.357717,21.045823
0.176500,90.222626,21.045823
0.176500,94.477728,21.045823
0.176500,90.325557,21.045823
0.176500,94.585602,21.045823
0.176500,90.449860,21.045823
0.177000,94.703479,21.045823
0.177000,90.552034,21.045823
0.177000,94.813545,21.045823
0.177000,90.676874,21.045823
0.177500,94.929402,21.045823
0.177500,90.778297,21.045823
0.177500,95.017001,21.045823
0.177500,90.879345,21.045823
0.177500,95.151432,21.045823
0.177500,91.002039,21.045823
0.178000,95.238388,21.045823
0.178000,91.102348,21.045823
0.178000,95.370340,21.045823
0.178000,91.220567,21.045823
0.178500,95.456651,21.045823
0.178500,91.320144,21.045823
0.178500,95.593507,21.045823
0.178500,91.445025,21.045823
0.179000,95.679188,21.045823
0.179000,91.543879,21.045823
0.179000,95.785556,21.045823
0.179000,91.670029,21.045823
0.179000,95.900711,21.045823
0.179000,91.768167,21.045823
0.179500,96.005218,21.045823
0.179500,91.892981,21.045823
0.179500,96.120333,21.045823
0.179500,91.990411,21.045823
0.201500,96.226206,20.775735
0.201500,92.115624,20.775735
0.201500,96.339789,20.775735
0.201500,92.212353,20.775735
0.202000,96.444777,20.775735
0.202000,92.335602,20.775735
0.202000,96.556203,20.775735
0.202000,92.431637,20.775735
0.202000,96.658557,20.775735
0.202000,92.551390,20.775735
0.202500,96.767920,20.775735
0.202500,92.646737,20.775735
0.202500,96.850293,20.775735
0.202500,92.741740,20.775735
0.203000,96.977888,20.775735
0.203000,92.858752,20.775735
0.203000,97.059670,20.775735
0.203000,92.953078,20.775735
0.203000,97.165494,20.775735
0.203000,93.073866,20.775735
0.203500,97.274427,20.775735
0.203500,93.167522,20.775735
0.203500,97.374634,20.775735
0.203500,93.283587,20.775735
0.204000,97.481069,20.775735
0.204000,93.376578,20.775735
0.204000,97.581398,20.775735
0.204000,93.493089,20.775735
0.204500,97.686604,20.775735
0.204500,93.585423,20.775735
0.204500,97.791237,20.775735
0.204500,93.707146,20.775735
0.204500,97.894679,20.775735
0.204500,93.798831,20.775735
0.205000,98.000473,20.775735
0.205000,93.923160,20.775735
0.205000,98.103742,20.775735
0.205000,94.014202,20.775735
0.205500,98.207636,20.775735
0.205500,94.134695,20.775735
0.205500,98.310095,20.775735
0.205500,94.225101,20.775735
0.206000,98.388237,20.775735
0.206000,94.315187,20.775735
0.206000,98.509738,20.775735
0.206000,94.426679,20.775735
0.206000,98.587330,20.775735
0.206000,94.516136,20.775735
0.206500,98.686302,20.775735
0.206500,94.630511,20.775735
0.206500,98.790600,20.775735
0.206500,94.719347,20.775735
0.207000,98.887642,20.775735
0.207000,94.832130,20.775735
0.207000,98.990460,20.775735
0.207000,94.920349,20.775735
0.207000,99.094293,20.775735
0.207000,95.041568,20.775735
0.207500,99.194767,20.775735
0.207500,95.129179,20.775735
0.207500,99.293646,20.775735
0.207500,95.245866,20.775735
0.208000,99.393213,20.775735
0.208000,95.332874,20.775735
0.208000,99.493888,20.775735
0.208000,95.450557,20.775735
0.208500,99.592254,20.775735
0.208500,95.536968,20.775735
0.208500,99.683212,20.775735
0.208500,95.643930,20.775735
0.208500,99.781618,20.775735
0.208500,95.729748,20.775735
0.209000,99.855816,20.775735
0.209000,95.815269,20.775735
0.209000,99.949450,20.775735
0.209000,95.922725,20.775735
0.209500,100.046028,20.775735
0.209500,96.007662,20.775735
0.209500,100.134894,20.775735
0.209500,96.109123,20.775735
0.210000,100.231635,20.775735
0.210000,96.193481,20.775735
0.210000,100.324953,20.775735
0.210000,96.298314,20.775735
0.210000,100.421287,20.775735
0.210000,96.382098,20.775735
0.210500,100.513690,20.775735
0.210500,96.485885,20.775735
0.210500,100.609032,20.775735
0.210500,96.569101,20.775735
0.211000,100.698323,20.775735
0.211000,96.671024,20.775735
0.211000,100.793323,20.775735
0.211000,96.753677,20.775735
0.211500,100.885690,20.775735
0.211500,96.858930,20.775735
0.211500,100.980902,20.775735
0.211500,96.941027,20.775735
0.211500,101.068425,20.775735
0.211500,97.043665,20.775735
0.212000,101.162935,20.775735
0.212000,97.125210,20.775735
0.212000,101.233403,20.775735
0.212000,97.206479,20.775735
0.212500,101.324506,20.775735
0.212500,97.312091,20.775735
0.212500,101.417495,20.775735
0.212500,97.392817,20.775735
0.212500,101.505826,20.775735
0.212500,97.492356,20.775735
0.213000,101.599175,20.775735
0.213000,97.572543,20.775735
0.213000,101.693842,20.775735
0.213000,97.680334,20.775735
0.213500,101.784750,20.775735
0.213500,97.759989,20.775735
0.213500,101.874883,20.775735
0.213500,97.863737,20.775735
0.214000,101.965058,20.775735
0.214000,97.942865,20.775735
0.214000,102.049909,20.775735
0.214000,98.038466,20.775735
0.214000,102.139489,20.775735
0.214000,98.117069,20.775735
0.214500,102.218963,20.775735
0.214500,98.208953,20.775735
0.214500,102.306088,20.775735
0.214500,98.287036,20.775735
0.215000,102.388567,20.775735
0.215000,98.380966,20.775735
0.215000,102.455827,20.775735
0.215000,98.458535,20.775735
0.215500,102.543853,20.775735
0.215500,98.535847,20.775735
0.215500,102.623793,20.775735
0.215500,98.627980,20.775735
0.215500,102.709717,20.775735
0.215500,98.704785,20.775735
0.216000,102.798194,20.775735
0.216000,98.805352,20.775735
0.216000,102.885849,20.775735
0.216000,98.881656,20.775735
0.216500,102.973936,20.775735
0.216500,98.979985,20.775735
0.216500,103.059535,20.775735
0.216500,99.055791,20.775735
0.216500,103.148584,20.775735
0.216500,99.155519,20.775735
0.217000,103.233829,20.775735
0.217000,99.230834,20.775735
0.217000,103.317537,20.775735
0.217000,99.326237,20.775735
0.217500,103.399992,20.775735
0.217500,99.401064,20.775735
0.217500,103.486178,20.775735
0.217500,99.501287,20.775735
0.218000,103.570122,20.775735
0.218000,99.575631,20.775735
0.218000,103.654828,20.775735
0.218000,99.675049,20.775735
0.218000,103.718864,20.775735
0.218000,99.748915,20.775735
0.231500,103.801717,20.689281
0.231500,99.822542,20.689281
0.231500,103.888543,20.689281
0.231500,99.923765,20.689281
0.232000,103.970151,20.689281
0.232000,99.996921,20.689281
0.232000,104.053985,20.689281
0.232000,100.093044,20.689281
0.232500,104.134587,20.689281
0.232500,100.165731,20.689281
0.232500,104.215960,20.689281
0.232500,100.257809,20.689281
0.232500,104.296179,20.689281
0.232500,100.330033,20.689281
0.233000,104.376745,20.689281
0.233000,100.421112,20.689281
0.233000,104.456003,20.689281
0.233000,100.492876,20.689281
0.233500,104.535639,20.689281
0.233500,100.581607,20.689281
0.233500,104.615811,20.689281
0.233500,100.652915,20.689281
0.234000,104.696921,20.689281
0.234000,100.743562,20.689281
0.234000,104.758339,20.689281
0.234000,100.814418,20.689281
0.234000,104.858067,20.689281
0.234000,100.907156,20.689281
0.234500,104.919094,20.689281
0.234500,100.977566,20.689281
0.234500,104.997926,20.689281
0.234500,101.047752,20.689281
0.235000,105.079458,20.689281
0.235000,101.140246,20.689281
0.235000,105.157809,20.689281
0.235000,101.209991,20.689281
0.235000,105.236765,20.689281
0.235000,101.300445,20.689281
0.235500,105.315091,20.689281
0.235500,101.369754,20.689281
0.235500,105.394245,20.689281
0.235500,101.460050,20.689281
0.236000,105.471326,20.689281
0.236000,101.528926,20.689281
0.236000,105.555015,20.689281
0.236000,101.624042,20.689281
0.236500,105.629135,20.689281
0.236500,101.692489,20.689281
0.236500,105.706939,20.689281
0.236500,101.781424,20.689281
0.236500,105.780430,20.689281
0.236500,101.849445,20.689281
0.237000,105.863530,20.689281
0.237000,101.943169,20.689281
0.237000,105.922121,20.689281
0.237000,102.010770,20.689281
0.237500,106.012237,20.689281
0.237500,102.097474,20.689281
0.237500,106.070466,20.689281
0.237500,102.164657,20.689281
0.238000,106.155564,20.689281
0.238000,102.244175,20.689281
0.238000,106.213429,20.689281
0.238000,102.310943,20.689281
0.238000,106.286972,20.689281
0.238000,102.377502,20.689281
0.238500,106.350272,20.689281
0.238500,102.448147,20.689281
0.238500,106.423193,20.689281
0.238500,102.514295,20.689281
0.239000,106.495208,20.689281
0.239000,102.594328,20.689281
0.239000,106.566450,20.689281
0.239000,102.660071,20.689281
0.239000,106.638767,20.689281
0.239000,102.741368,20.689281
0.239500,106.711138,20.689281
0.239500,102.806708,20.689281
0.239500,106.784572,20.689281
0.239500,102.890293,20.689281
0.240000,106.840840,20.689281
0.240000,102.955235,20.689281
0.240000,106.928578,20.689281
0.240000,103.040685,20.689281
0.240500,106.984506,20.689281
0.240500,103.105232,20.689281
0.240500,107.065226,20.689281
0.240500,103.184666,20.689281
0.240500,107.120818,20.689281
0.240500,103.248822,20.689281
0.241000,107.206535,20.689281
0.241000,103.330109,20.689281
0.241000,107.261789,20.689281
0.241000,103.393876,20.689281
0.241500,107.332401,20.689281
0.241500,103.457450,20.689281
0.241500,107.402241,20.689281
0.241500,103.538749,20.689281
0.249500,107.471827,20.831162
0.249500,103.601939,20.831162
0.249500,107.537765,20.831162
0.249500,103.677491,20.831162
0.249500,107.605782,20.831162
0.249500,103.740301,20.831162
0.250000,107.671467,20.831162
0.250000,103.815524,20.831162
0.250000,107.739969,20.831162
0.250000,103.877957,20.831162
0.250500,107.801282,20.831162
0.250500,103.948309,20.831162
0.250500,107.855050,20.831162
0.250500,104.010367,20.831162
0.250500,107.926490,20.831162
0.250500,104.076882,20.831162
0.251000,107.979931,20.831162
0.251000,104.138568,20.831162
0.251000,108.060287,20.831162
0.251000,104.214128,20.831162
0.251500,108.113405,20.831162
0.251500,104.275447,20.831162
0.251500,108.188743,20.831162
0.251500,104.345639,20.831162
0.252000,108.241539,20.831162
0.252000,104.406593,20.831162
0.252000,108.310670,20.831162
0.252000,104.467365,20.831162
0.252000,108.374758,20.831162
0.252000,104.539961,20.831162
0.252500,108.443394,20.831162
0.252500,104.600373,20.831162
0.252500,108.507556,20.831162
0.252500,104.673868,20.831162
0.253000,108.575376,20.831162
0.253000,104.733924,20.831162
0.253000,108.645565,20.831162
0.253000,104.813847,20.831162
0.253500,108.697262,20.831162
0.253500,104.873550,20.831162
0.253500,108.781832,20.831162
0.253500,104.952834,20.831162
0.253500,108.833223,20.831162
0.253500,105.012188,20.831162
0.254000,108.919948,20.831162
0.254000,105.096114,20.831162
0.254000,108.971040,20.831162
0.254000,105.155122,20.831162
0.254500,109.056384,20.831162
0.254500,105.239223,20.831162
0.254500,109.107181,20.831162
0.254500,105.297888,20.831162
0.254500,109.190907,20.831162
0.254500,105.381608,20.831162
0.255000,109.241415,20.831162
0.255000,105.439933,20.831162
0.255000,109.303487,20.831162
0.255000,105.498087,20.831162
0.260000,109.373785,21.021129
0.260000,105.578704,21.021129
0.260000,109.436063,21.021129
0.260000,105.636523,21.021129
0.260500,109.503365,21.021129
0.260500,105.712757,21.021129
0.260500,109.564689,21.021129
0.260500,105.770242,21.021129
0.260500,109.632258,21.021129
0.260500,105.846833,21.021129
0.261000,109.681760,21.021129
0.261000,105.903987,21.021129
0.261000,109.758119,21.021129
0.261000,105.977892,21.021129
0.261500,109.807336,21.021129
0.261500,106.034717,21.021129
0.261500,109.887108,21.021129
0.261500,106.110400,21.021129
0.262000,109.936040,21.021129
0.262000,106.166899,21.021129
0.262000,110.020509,21.021129
0.262000,106.244674,21.021129
0.262000,110.069154,21.021129
0.262000,106.300851,21.021129
0.262500,110.152073,21.021129
0.262500,106.377489,21.021129
0.262500,110.200434,21.021129
0.262500,106.433347,21.021129
0.263000,110.260939,21.021129
0.263000,106.489044,21.021129
0.263000,110.326112,21.021129
0.263000,106.562751,21.021129
0.263500,110.384312,21.021129
0.263500,106.618131,21.021129
0.263500,110.449843,21.021129
0.263500,106.693226,21.021129
0.263500,110.497526,21.021129
0.263500,106.748294,21.021129
0.264000,110.575100,21.021129
0.264000,106.823358,21.021129
0.264000,110.622513,21.021129
0.264000,106.878115,21.021129
0.264500,110.698739,21.021129
0.264500,106.950811,21.021129
0.264500,110.745882,21.021129
0.264500,107.005259,21.021129
0.264500,110.818327,21.021129
0.264500,107.075925,21.021129
0.265000,110.865205,21.021129
0.265000,107.130067,21.021129
0.265000,110.935868,21.021129
0.265000,107.197468,21.021129
0.265500,110.982480,21.021129
0.265500,107.251305,21.021129
0.265500,111.053531,21.021129
0.265500,107.319585,21.021129
0.266000,111.099879,21.021129
0.266000,107.373121,21.021129
0.266000,111.155801,21.021129
0.266000,107.426507,21.021129
0.266000,111.213359,21.021129
0.266000,107.491555,21.021129
0.266500,111.270094,21.021129
0.266500,107.544642,21.021129
0.266500,111.329719,21.021129
0.266500,107.611161,21.021129
0.267000,111.375424,21.021129
0.267000,107.663952,21.021129
0.267000,111.447189,21.021129
0.267000,107.733575,21.021129
0.267500,111.492639,21.021129
0.267500,107.786074,21.021129
0.267500,111.567668,21.021129
0.267500,107.858351,21.021129
0.267500,111.612866,21.021129
0.267500,107.910559,21.021129
0.268000,111.684386,21.021129
0.268000,107.980614,21.021129
0.268000,111.729334,21.021129
0.268000,108.032535,21.021129
0.268500,111.797433,21.021129
0.268500,108.098672,21.021129
0.268500,111.842132,21.021129
0.268500,108.150307,21.021129
0.268500,111.911963,21.021129
0.268500,108.216768,21.021129
0.269000,111.956414,21.021129
0.269000,108.268118,21.021129
0.269000,112.012040,21.021129
0.269000,108.319327,21.021129
0.269500,112.073586,21.021129
0.269500,108.388264,21.021129
0.269500,112.117673,21.021129
0.269500,108.439193,21.021129
0.270000,112.193851,21.021129
0.270000,108.513905,21.021129
0.270000,112.237699,21.021129
0.270000,108.564557,21.021129
0.270000,112.298897,21.021129
0.270000,108.625111,21.021129
0.270500,112.342506,21.021129
0.270500,108.675486,21.021129
0.270500,112.405190,21.021129
0.270500,108.736046,21.021129
0.288500,112.448559,21.200392
0.288500,108.786148,21.200392
0.288500,112.517825,21.200392
0.288500,108.855381,21.200392
0.289000,112.560962,21.200392
0.289000,108.905211,21.200392
0.289000,112.630855,21.200392
0.289000,108.974146,21.200392
0.289000,112.673759,21.200392
0.289000,109.023708,21.200392
0.289500,112.744604,21.200392
0.289500,109.093272,21.200392
0.289500,112.787278,21.200392
0.289500,109.142566,21.200392
0.290000,112.852576,21.200392
0.290000,109.206415,21.200392
0.290000,112.895020,21.200392
0.290000,109.255445,21.200392
0.290500,112.937354,21.200392
0.290500,109.304341,21.200392
0.290500,112.999752,21.200392
0.290500,109.364941,21.200392
0.290500,113.041857,21.200392
0.290500,109.413575,21.200392
0.291000,113.103240,21.200392
0.291000,109.472222,21.200392
0.291000,113.145116,21.200392
0.291000,109.520595,21.200392
0.291500,113.212539,21.200392
0.291500,109.586315,21.200392
0.291500,113.254191,21.200392
0.291500,109.634430,21.200392
0.291500,113.321030,21.200392
0.291500,109.698319,21.200392
0.292000,113.362457,21.200392
0.292000,109.746179,21.200392
0.292000,113.423592,21.200392
0.292000,109.804297,21.200392
0.292500,113.464795,21.200392
0.292500,109.851902,21.200392
0.292500,113.527390,21.200392
0.292500,109.912102,21.200392
0.293000,113.568372,21.200392
0.293000,109.959454,21.200392
0.293000,113.622842,21.200392
0.293000,110.021003,21.200392
0.293000,113.672968,21.200392
0.293000,110.068106,21.200392
0.293500,113.713628,21.200392
0.293500,110.115084,21.200392
0.293500,113.776039,21.200392
0.293500,110.177719,21.200392
0.294000,113.816486,21.200392
0.294000,110.224449,21.200392
0.294000,113.880178,21.200392
0.294000,110.288031,21.200392
0.294500,113.920414,21.200392
0.294500,110.334516,21.200392
0.294500,113.981129,21.200392
0.294500,110.396448,21.200392
0.294500,114.021158,21.200392
0.294500,110.442690,21.200392
0.295000,114.081247,21.200392
0.295000,110.501957,21.200392
0.295000,114.121066,21.200392
0.295000,110.547957,21.200392
0.295500,114.179207,21.200392
0.295500,110.605171,21.200392
0.295500,114.218818,21.200392
0.295500,110.650931,21.200392
0.295500,114.278484,21.200392
0.295500,110.709348,21.200392
0.296000,114.317887,21.200392
0.296000,110.754870,21.200392
0.296000,114.371120,21.200392
0.296000,110.815367,21.200392
0.296500,114.418293,21.200392
0.296500,110.860653,21.200392
0.296500,114.457393,21.200392
0.296500,110.905820,21.200392
0.297000,114.520842,21.200392
0.297000,110.966932,21.200392
0.297000,114.559738,21.200392
0.297000,111.011866,21.200392
0.297000,114.633692,21.200392
0.297000,111.082021,21.200392
0.297500,114.672384,21.200392
0.297500,111.126724,21.200392
0.297500,114.742682,21.200392
0.297500,111.192840,21.200392
0.298000,114.781171,21.200392
0.298000,111.237314,21.200392
0.298000,114.851965,21.200392
0.298000,111.305760,21.200392
0.298500,114.890255,21.200392
0.298500,111.350007,21.200392
0.298500,114.970324,21.200392
0.298500,111.429647,21.200392
0.298500,115.008421,21.200392
0.298500,111.473670,21.200392
0.299000,115.068835,21.200392
0.299000,111.542125,21.200392
0.299000,115.118128,21.200392
0.299000,111.585924,21.200392
0.299500,115.169600,21.200392
0.299500,111.644775,21.200392
0.299500,115.216742,21.200392
0.299500,111.688351,21.200392
0.299500,115.254353,21.200392
0.299500,111.731815,21.200392
0.300000,115.310549,21.200392
0.300000,111.785170,21.200392
0.300000,115.347965,21.200392
0.300000,111.828413,21.200392
0.300500,115.407042,21.200392
0.300500,111.881927,21.200392
0.300500,115.444260,21.200392
0.300500,111.924951,21.200392
0.301000,115.497145,21.200392
0.301000,111.972791,21.200392
0.301000,115.534166,21.200392
0.301000,112.015596,21.200392
0.301000,115.586048,21.200392
0.301000,112.061031,21.200392
0.301500,115.622870,21.200392
0.301500,112.103619,21.200392
0.301500,115.676781,21.200392
0.301500,112.151333,21.200392
0.302000,115.713408,21.200392
0.302000,112.193706,21.200392
0.302000,115.760586,21.200392
0.302000,112.246863,21.200392
0.302500,115.809390,21.200392
0.302500,112.289023,21.200392
0.302500,115.858960,21.200392
0.302500,112.344951,21.200392
0.302500,115.906794,21.200392
0.302500,112.386899,21.200392
0.314500,115.942950,21.269481
0.314500,112.428742,21.269481
0.314500,116.010351,21.269481
0.314500,112.491648,21.269481
0.315000,116.046321,21.269481
0.315000,112.533282,21.269481
0.315000,116.117529,21.269481
0.315000,112.600045,21.269481
0.315000,116.153315,21.269481
0.315000,112.641473,21.269481
0.315500,116.226067,21.269481
0.315500,112.709253,21.269481
0.315500,116.261671,21.269481
0.315500,112.750477,21.269481
0.316000,116.334714,21.269481
0.316000,112.819124,21.269481
0.316000,116.370137,21.269481
0.316000,112.860145,21.269481
0.316500,116.441260,21.269481
0.316500,112.925520,21.269481
0.316500,116.476501,21.269481
0.316500,112.966339,21.269481
0.316500,116.530096,21.269481
0.316500,113.025439,21.269481
0.317000,116.575400,21.269481
0.317000,113.066057,21.269481
0.317000,116.627222,21.269481
0.317000,113.124473,21.269481
0.317500,116.671434,21.269481
0.317500,113.164892,21.269481
0.317500,116.723914,21.269481
0.317500,113.222067,21.269481
0.318000,116.767010,21.269481
0.318000,113.262288,21.269481
0.318000,116.801636,21.269481
0.318000,113.302409,21.269481
0.318000,116.863825,21.269481
0.318000,113.360782,21.269481
0.318500,116.898276,21.269481
0.318500,113.400707,21.269481
0.318500,116.954614,21.269481
0.318500,113.454221,21.269481
0.319000,116.988893,21.269481
0.319000,113.493951,21.269481
0.319000,117.054993,21.269481
0.319000,113.555586,21.269481
0.319500,117.089100,21.269481
0.319500,113.595123,21.269481
0.319500,117.141350,21.269481
0.319500,113.653774,21.269481
0.319500,117.184820,21.269481
0.319500,113.693120,21.269481
0.320000,117.242789,21.269481
0.320000,113.758055,21.269481
0.320000,117.286804,21.269481
0.320000,113.797211,21.269481
0.320500,117.353719,21.269481
0.320500,113.870587,21.269481
0.320500,117.397810,21.269481
0.320500,113.909556,21.269481
0.320500,117.460241,21.269481
0.320500,113.978045,21.269481
0.321000,117.505501,21.269481
0.321000,114.016827,21.269481
0.321000,117.538858,21.269481
0.321000,114.055515,21.269481
0.321500,117.601073,21.269481
0.321500,114.115169,21.269481
0.321500,117.634267,21.269481
0.321500,114.153671,21.269481
0.322000,117.698932,21.269481
0.322000,114.214606,21.269481
0.322000,117.731962,21.269481
0.322000,114.252925,21.269481
0.322000,117.790019,21.269481
0.322000,114.307429,21.269481
0.322500,117.822886,21.269481
0.322500,114.345564,21.269481
0.322500,117.867139,21.269481
0.322500,114.393280,21.269481
0.323000,117.907630,21.269481
0.323000,114.431232,21.269481
0.323000,117.963227,21.269481
0.323000,114.491175,21.269481
0.323500,118.003865,21.269481
0.323500,114.528948,21.269481
0.323500,118.056676,21.269481
0.323500,114.585664,21.269481
0.323500,118.097598,21.269481
0.323500,114.623257,21.269481
0.324000,118.152323,21.269481
0.324000,114.681688,21.269481
0.324000,118.193192,21.269481
0.324000,114.719103,21.269481
0.324500,118.225340,21.269481
0.324500,114.756429,21.269481
0.324500,118.294761,21.269481
0.324500,114.822382,21.269481
0.324500,118.326753,21.269481
0.324500,114.859533,21.269481
0.325000,118.397940,21.269481
0.325000,114.928474,21.269481
0.325000,118.429781,21.269481
0.325000,114.965451,21.269481
0.336500,118.503259,21.374696
0.336500,115.045240,21.374696
0.336500,118.542036,21.374696
0.336500,115.082046,21.374696
0.337000,118.612787,21.374696
0.337000,115.159923,21.374696
0.337000,118.651475,21.374696
0.337000,115.196558,21.374696
0.337000,118.715964,21.374696
0.337000,115.267778,21.374696
0.337500,118.754567,21.374696
0.337500,115.304243,21.374696
0.337500,118.817577,21.374696
0.337500,115.374862,21.374696
0.338000,118.854828,21.374696
0.338000,115.411159,21.374696
0.338000,118.917593,21.374696
0.338000,115.481852,21.374696
0.338500,118.955317,21.374696
0.338500,115.517981,21.374696
0.338500,118.986362,21.374696
0.338500,115.554025,21.374696
0.338500,119.048059,21.374696
0.338500,115.614209,21.374696
0.339000,119.078958,21.374696
0.339000,115.650086,21.374696
0.339000,119.134877,21.374696
0.339000,115.706192,21.374696
0.339500,119.165633,21.374696
0.339500,115.741903,21.374696
0.339500,119.215113,21.374696
0.339500,115.795571,21.374696
0.340000,119.251081,21.374696
0.340000,115.831117,21.374696
0.340000,119.305468,21.374696
0.340000,115.888503,21.374696
0.340000,119.343070,21.374696
0.340000,115.923886,21.374696
0.340500,119.389861,21.374696
0.340500,115.973962,21.374696
0.340500,119.427928,21.374696
0.340500,116.009181,21.374696
0.341000,119.479373,21.374696
0.341000,116.064093,21.374696
0.341000,119.516425,21.374696
0.341000,116.099151,21.374696
0.341000,119.571366,21.374696
0.341000,116.158753,21.374696
0.341500,119.606438,21.374696
0.341500,116.193651,21.374696
0.341500,119.636407,21.374696
0.341500,116.228468,21.374696
0.342000,119.691229,21.374696
0.342000,116.283929,21.374696
0.342000,119.721061,21.374696
0.342000,116.318588,21.374696
0.342500,119.776404,21.374696
0.342500,116.378609,21.374696
0.342500,119.811561,21.374696
0.342500,116.413110,21.374696
0.342500,119.860702,21.374696
0.342500,116.466316,21.374696
0.343000,119.894798,21.374696
0.343000,116.500661,21.374696
0.343000,119.951020,21.374696
0.343000,116.560755,21.374696
0.343500,119.984548,21.374696
0.343500,116.594945,21.374696
0.343500,120.035525,21.374696
0.343500,116.650581,21.374696
0.344000,120.068257,21.374696
0.344000,116.684616,21.374696
0.344000,120.114251,21.374696
0.344000,116.733763,21.374696
0.344000,120.144800,21.374696
0.344000,116.767644,21.374696
0.344500,120.181284,21.374696
0.344500,116.806087,21.374696
0.344500,120.210469,21.374696
0.344500,116.839813,21.374696
0.345000,120.239437,21.374696
0.345000,116.873464,21.374696
0.345000,120.270834,21.374696
0.345000,116.905590,21.374696
0.345000,120.299670,21.374696
0.345000,116.939087,21.374696
0.352500,120.329924,21.484342
0.352500,116.969197,21.484342
0.352500,120.358283,21.484342
0.352500,117.002542,21.484342
0.353000,120.402119,21.484342
0.353000,117.044932,21.484342
0.353000,120.428198,21.484342
0.353000,117.078127,21.484342
0.353500,120.478732,21.484342
0.353500,117.127886,21.484342
0.353500,120.504138,21.484342
0.353500,117.160933,21.484342
0.353500,120.569640,21.484342
0.353500,117.226405,21.484342
0.354000,120.595096,21.484342
0.354000,117.259306,21.484342
0.354000,120.668059,21.484342
0.354000,117.333309,21.484342
0.354500,120.694542,21.484342
0.354500,117.366065,21.484342
0.354500,120.768461,21.484342
0.354500,117.441523,21.484342
0.355000,120.797503,21.484342
0.355000,117.474136,21.484342
0.355000,120.825526,21.484342
0.355000,117.506676,21.484342
0.355000,120.899226,21.484342
0.355000,117.582937,21.484342
0.355500,120.927999,21.484342
0.355500,117.615335,21.484342
0.355500,121.009954,21.484342
0.355500,117.699852,21.484342
0.356000,121.040688,21.484342
0.356000,117.732110,21.484342
0.356000,121.121045,21.484342
0.356000,117.815406,21.484342
0.356000,121.153244,21.484342
0.356000,117.847525,21.484342
0.356500,121.230135,21.484342
0.356500,117.927970,21.484342
0.356500,121.261003,21.484342
0.356500,117.959951,21.484342
0.357000,121.337471,21.484342
0.357000,118.040061,21.484342
0.357000,121.367453,21.484342
0.357000,118.071903,21.484342
0.360000,121.430142,21.620540
0.360000,118.137853,21.620540
0.360000,121.459385,21.620540
0.360000,118.169558,21.620540
0.360000,121.514938,21.620540
0.360000,118.227220,21.620540
0.360500,121.544717,21.620540
0.360500,118.258786,21.620540
0.360500,121.596104,21.620540
0.360500,118.313418,21.620540
0.361000,121.623179,21.620540
0.361000,118.344848,21.620540
0.361000,121.653905,21.620540
0.361000,118.376208,21.620540
0.361500,121.706980,21.620540
0.361500,118.432441,21.620540
0.361500,121.737462,21.620540
0.361500,118.463665,21.620540
0.361500,121.780519,21.620540
0.361500,118.510269,21.620540
0.362000,121.808717,21.620540
0.362000,118.541358,21.620540
0.362000,121.848306,21.620540
0.362000,118.584696,21.620540
0.362500,121.877671,21.620540
0.362500,118.615650,21.620540
0.362500,121.905738,21.620540
0.362500,118.648557,21.620540
0.362500,121.935916,21.620540
0.362500,118.679376,21.620540
0.363000,121.971585,21.620540
0.363000,118.720388,21.620540
0.363000,122.001978,21.620540
0.363000,118.751074,21.620540
0.363500,122.046477,21.620540
0.363500,118.801664,21.620540
0.363500,122.072803,21.620540
0.363500,118.832218,21.620540
0.364000,122.107689,21.620540
0.364000,118.867873,21.620540
0.364000,122.133900,21.620540
0.364000,118.898295,21.620540
0.364000,122.165216,21.620540
0.364000,118.928651,21.620540
0.371500,122.201949,21.824882
0.371500,118.969944,21.824882
0.371500,122.234291,21.824882
0.371500,119.000170,21.824882
0.372000,122.265088,21.824882
0.372000,119.036083,21.824882
0.372000,122.296513,21.824882
0.372000,119.066178,21.824882
0.372500,122.324420,21.824882
0.372500,119.098676,21.824882
0.372500,122.356804,21.824882
0.372500,119.128643,21.824882
0.372500,122.388173,21.824882
0.372500,119.165190,21.824882
0.373000,122.420402,21.824882
0.373000,119.195028,21.824882
0.373000,122.452715,21.824882
0.373000,119.232247,21.824882
0.373500,122.478302,21.824882
0.373500,119.261957,21.824882
0.373500,122.511412,21.824882
0.373500,119.296974,21.824882
0.374000,122.536892,21.824882
0.374000,119.326558,21.824882
0.374000,122.572588,21.824882
0.374000,119.362023,21.824882
0.374000,122.597958,21.824882
0.374000,119.391481,21.824882
0.374500,122.628315,21.824882
0.374500,119.420876,21.824882
0.374500,122.657035,21.824882
0.374500,119.454294,21.824882
0.375000,122.686839,21.824882
0.375000,119.483564,21.824882
0.375000,122.714363,21.824882
0.375000,119.516469,21.824882
0.375000,122.744056,21.824882
0.375000,119.545615,21.824882
0.375500,122.770404,21.824882
0.375500,119.578035,21.824882
0.375500,122.800826,21.824882
0.375500,119.607058,21.824882
0.376000,122.826904,21.824882
0.376000,119.640545,21.824882
0.376000,122.857140,21.824882
0.376000,119.669446,21.824882
0.376500,122.888628,21.824882
0.376500,119.707558,21.824882
0.376500,122.913413,21.824882
0.376500,119.736338,21.824882
0.376500,122.946822,21.824882
0.376500,119.771297,21.824882
0.377000,122.971504,21.824882
0.377000,119.799955,21.824882
0.377000,122.997687,21.824882
0.377000,119.828089,21.824882
0.377500,123.022266,21.824882
0.377500,119.856626,21.824882
0.377500,123.051407,21.824882
0.377500,119.885104,21.824882
0.383500,123.070483,21.902553
0.383500,119.909794,21.902553
0.383500,123.100419,21.902553
0.383500,119.938152,21.902553
0.383500,123.117208,21.902553
0.383500,119.959186,21.902553
0.384000,123.146989,21.902553
0.384000,119.987424,21.902553
0.384000,123.161365,21.902553
0.384000,120.006804,21.902553
0.384500,123.191383,21.902553
0.384500,120.034924,21.902553
0.384500,123.204437,21.902553
0.384500,120.052748,21.902553
0.384500,123.232937,21.902553
0.384500,120.080750,21.902553
0.385000,123.246432,21.902553
0.385000,120.098742,21.902553
0.385000,123.270439,21.902553
0.385000,120.126627,21.902553
0.385500,123.290990,21.902553
0.385500,120.149104,21.902553
0.385500,123.314897,21.902553
0.385500,120.176873,21.902553
0.386000,123.342682,21.902553
0.386000,120.206515,21.902553
0.386000,123.366491,21.902553
0.386000,120.234168,21.902553
0.386000,123.395937,21.902553
0.386000,120.261765,21.902553
0.386500,123.412062,21.902553
0.386500,120.281729,21.902553
0.386500,123.440975,21.902553
0.386500,120.309211,21.902553
0.387000,123.460293,21.902553
0.387000,120.332372,21.902553
0.387000,123.489263,21.902553
0.387000,120.359741,21.902553
0.387500,123.507073,21.902553
0.387500,120.380839,21.902553
0.387500,123.536698,21.902553
0.387500,120.408095,21.902553
0.387500,123.547258,21.902553
0.387500,120.421890,21.902553
0.388000,123.570612,21.902553
0.388000,120.449032,21.902553
0.388000,123.580714,21.902553
0.388000,120.456426,21.902553
0.393000,123.603965,21.933107
0.393000,120.483455,21.933107
0.393000,123.615441,21.933107
0.393000,120.491244,21.933107
0.393500,123.638590,21.933107
0.393500,120.518162,21.933107
0.393500,123.650938,21.933107
0.393500,120.525105,21.933107
0.393500,123.673983,21.933107
0.393500,120.551912,21.933107
0.394000,123.699072,21.933107
0.394000,120.578663,21.933107
0.394000,123.699686,21.933107
0.394000,120.577952,21.933107
0.394500,123.724000,21.933107
0.394500,120.604593,21.933107
0.394500,123.731647,21.933107
0.394500,120.611476,21.933107
0.394500,123.755416,21.933107
0.394500,120.638007,21.933107
0.395000,123.770309,21.933107
0.395000,120.653115,21.933107
0.395000,123.792872,21.933107
0.395000,120.679538,21.933107
0.395500,123.817099,21.933107
0.395500,120.703431,21.933107
0.395500,123.839708,21.933107
0.395500,120.729747,21.933107
0.396000,123.868225,21.933107
0.396000,120.757316,21.933107
0.396000,123.890740,21.933107
0.396000,120.783525,21.933107
0.396000,123.910282,21.933107
0.396000,120.802563,21.933107
0.396500,123.932704,21.933107
0.396500,120.828666,21.933107
0.396500,123.957128,21.933107
0.396500,120.855696,21.933107
0.397000,123.979460,21.933107
0.397000,120.881694,21.933107
0.397000,124.003905,21.933107
0.397000,120.907640,21.933107
0.397500,124.041245,21.933107
0.397500,120.952732,21.933107
0.397500,124.064575,21.933107
0.397500,120.978575,21.933107
0.397500,124.102801,21.933107
0.397500,121.025046,21.933107
0.398000,124.124646,21.933107
0.398000,121.050787,21.933107
0.398000,124.148396,21.933107
0.398000,121.078837,21.933107
0.398500,124.170436,21.933107
0.398500,121.104475,21.933107
0.398500,124.182551,21.933107
0.398500,121.121680,21.933107
0.398500,124.204507,21.933107
0.398500,121.147215,21.933107
0.407000,124.208869,21.974177
0.407000,121.156356,21.974177
0.407000,124.230740,21.974177
0.407000,121.181788,21.974177
0.407500,124.233836,21.974177
0.407500,121.188688,21.974177
0.407500,124.255621,21.974177
0.407500,121.214018,21.974177
0.408000,124.250251,21.974177
0.408000,121.210807,21.974177
0.408000,124.271948,21.974177
0.408000,121.236035,21.974177
0.408000,124.269818,21.974177
0.408000,121.234007,21.974177
0.408500,124.291425,21.974177
0.408500,121.259132,21.974177
0.408500,124.312877,21.974177
0.408500,121.284208,21.974177
0.409000,124.319507,21.974177
0.409000,121.292317,21.974177
0.409000,124.342099,21.974177
0.409000,121.317293,21.974177
0.409500,124.352567,21.974177
0.409500,121.329650,21.974177
0.409500,124.373960,21.974177
0.409500,121.354526,21.974177
0.409500,124.396441,21.974177
0.409500,121.378059,21.974177
0.410000,124.417749,21.974177
0.410000,121.402838,21.974177
0.410000,124.445744,21.974177
0.410000,121.432836,21.974177
0.410500,124.466969,21.974177
0.410500,121.457517,21.974177
0.410500,124.495231,21.974177
0.410500,121.488230,21.974177
0.410500,124.516375,21.974177
0.410500,121.512815,21.974177
0.411000,124.542880,21.974177
0.411000,121.541216,21.974177
0.411000,124.563942,21.974177
0.411000,121.565705,21.974177
0.411500,124.584257,21.974177
0.411500,121.587896,21.974177
0.411500,124.605237,21.974177
0.411500,121.612289,21.974177
0.412000,124.628652,21.974177
0.412000,121.636634,21.974177
0.412000,124.644809,21.974177
0.412000,121.654846,21.974177
0.412000,124.665665,21.974177
0.412000,121.679097,21.974177
0.412500,124.689843,21.974177
0.412500,121.702777,21.974177
0.412500,124.710616,21.974177
0.412500,121.726933,21.974177
0.413000,124.735884,21.974177
0.413000,121.751607,21.974177
0.413000,124.756574,21.974177
0.413000,121.775669,21.974177
0.413500,124.785168,21.974177
0.413500,121.803603,21.974177
0.413500,124.805776,21.974177
0.413500,121.827573,21.974177
0.413500,124.839466,21.974177
0.413500,121.861959,21.974177
0.414000,124.859994,21.974177
0.414000,121.885836,21.974177
0.414000,124.902937,21.974177
0.414000,121.931221,21.974177
0.414500,124.923390,21.974177
0.414500,121.955007,21.974177
0.414500,124.960946,21.974177
0.414500,121.995914,21.974177
0.414500,124.981323,21.974177
0.414500,122.019610,21.974177
0.415000,125.002941,21.974177
0.415000,122.043260,21.974177
0.415000,125.040467,21.974177
0.415000,122.086244,21.974177
0.415500,125.060731,21.974177
0.415500,122.109804,21.974177
0.415500,125.093214,21.974177
0.415500,122.145343,21.974177
0.416000,125.113404,21.974177
0.416000,122.168814,21.974177
0.416000,125.125184,21.974177
0.416000,122.183406,21.974177
0.416000,125.145297,21.974177
0.416000,122.206787,21.974177
0.416500,125.157834,21.974177
0.416500,122.220900,21.974177
0.416500,125.177870,21.974177
0.416500,122.244191,21.974177
0.417000,125.196098,21.974177
0.417000,122.263005,21.974177
0.417000,125.216057,21.974177
0.417000,122.286206,21.974177
0.417500,125.240510,21.974177
0.417500,122.311334,21.974177
0.417500,125.260392,21.974177
0.417500,122.334447,21.974177
0.417500,125.285278,21.974177
0.417500,122.358441,21.974177
0.418000,125.305082,21.974177
0.418000,122.381466,21.974177
0.418000,125.324850,21.974177
0.418000,122.404448,21.974177
0.418500,125.353016,21.974177
0.418500,122.431489,21.974177
0.418500,125.372707,21.974177
0.418500,122.454384,21.974177
0.435000,125.401681,21.999916
0.435000,122.482340,21.999916
0.435000,125.421294,21.999916
0.435000,122.505148,21.999916
0.435000,125.445693,21.999916
0.435000,122.529615,21.999916
0.435500,125.465231,21.999916
0.435500,122.552338,21.999916
0.435500,125.500386,21.999916
0.435500,122.587283,21.999916
0.436000,125.519849,21.999916
0.436000,122.609920,21.999916
0.436000,125.556567,21.999916
0.436000,122.645831,21.999916
0.436000,125.575956,21.999916
0.436000,122.668384,21.999916
0.436500,125.599150,21.999916
0.436500,122.690770,21.999916
0.436500,125.618464,21.999916
0.436500,122.713239,21.999916
0.437000,125.624616,21.999916
0.437000,122.718966,21.999916
0.437000,125.643855,21.999916
0.437000,122.741349,21.999916
0.437500,125.663058,21.999916
0.437500,122.763690,21.999916
0.437500,125.655183,21.999916
0.437500,122.753937,21.999916
0.437500,125.674309,21.999916
0.437500,122.776193,21.999916
0.438000,125.654154,21.999916
0.438000,122.752836,21.999916
0.438000,125.673201,21.999916
0.438000,122.775007,21.999916
0.438500,125.645642,21.999916
0.438500,122.743908,21.999916
0.438500,125.664609,21.999916
0.438500,122.765992,21.999916
0.439000,125.634997,21.999916
0.439000,122.732515,21.999916
0.439000,125.653884,21.999916
0.439000,122.754514,21.999916
0.439000,125.630511,21.999916
0.439000,122.729257,21.999916
0.439500,125.649321,21.999916
0.439500,122.751172,21.999916
0.439500,125.631417,21.999916
0.439500,122.732486,21.999916
0.440000,125.650152,21.999916
0.440000,122.754317,21.999916
0.440000,125.642529,21.999916
0.440000,122.745064,21.999916
0.440000,125.660912,21.999916
0.440000,122.766813,21.999916
0.440500,125.679539,21.999916
0.440500,122.788521,21.999916
0.440500,125.669019,21.999916
0.440500,122.776284,21.999916
0.441000,125.687571,21.999916
0.441000,122.797911,21.999916
0.441000,125.672659,21.999916
0.441000,122.781573,21.999916
0.441500,125.691138,21.999916
0.441500,122.803118,21.999916
0.441500,125.667726,21.999916
0.441500,122.778039,21.999916
0.441500,125.686131,21.999916
0.441500,122.799502,21.999916
0.442000,125.660248,21.999916
0.442000,122.771507,21.999916
0.442000,125.678578,21.999916
0.442000,122.792888,21.999916
0.442500,125.645934,21.999916
0.442500,122.758326,21.999916
0.442500,125.664190,21.999916
0.442500,122.779625,21.999916
0.443000,125.622399,21.999916
0.443000,122.735429,21.999916
0.443000,125.640580,21.999916
0.443000,122.756647,21.999916
0.443000,125.579435,21.999916
0.443000,122.692399,21.999916
0.443500,125.597815,21.999916
0.443500,122.713535,21.999916
0.443500,125.517804,21.999916
0.443500,122.627852,21.999916
0.444000,125.534584,21.999916
0.444000,122.648905,21.999916
0.444000,125.552576,21.999916
0.444000,122.669920,21.999916
0.444500,125.446205,21.999916
0.444500,122.556850,21.999916
0.444500,125.464114,21.999916
0.444500,122.577780,21.999916
0.444500,125.349185,21.999916
0.444500,122.452552,21.999916
0.445000,125.367007,21.999916
0.445000,122.473398,21.999916
0.445000,125.235391,21.999916
0.445000,122.330466,21.999916
0.445500,125.253124,21.999916
0.445500,122.351228,21.999916
0.445500,125.102148,21.999916
0.445500,122.182927,21.999916
0.445500,125.114708,21.999916
0.445500,122.203603,21.999916
0.446000,124.957172,21.999916
0.446000,122.025285,21.999916
0.446000,124.969323,21.999916
0.446000,122.045875,21.999916
0.446500,124.774035,21.999916
0.446500,121.827658,21.999916
0.446500,124.787181,21.999916
0.446500,121.848161,21.999916
0.455000,124.601465,22.019055
0.455000,121.635425,22.019055
0.455000,124.615415,22.019055
0.455000,121.655841,22.019055
0.455000,124.632728,22.019055
0.455000,121.676219,22.019055
0.455500,124.455632,22.019055
0.455500,121.476341,22.019055
0.455500,124.472844,22.019055
0.455500,121.496634,22.019055
0.456000,124.303992,22.019055
0.456000,121.306995,22.019055
0.456000,124.321105,22.019055
0.456000,121.327203,22.019055
0.456500,124.170342,22.019055
0.456500,121.159821,22.019055
0.456500,124.187363,22.019055
0.456500,121.179946,22.019055
0.456500,124.056042,22.019055
0.456500,121.031862,22.019055
0.457000,124.072973,22.019055
0.457000,121.051905,22.019055
0.457000,123.999672,22.019055
0.457000,120.969512,22.019055
0.457500,124.011224,22.019055
0.457500,120.989479,22.019055
0.457500,123.979339,22.019055
0.457500,120.956646,22.019055
0.457500,123.993173,22.019055
0.457500,120.976538,22.019055
0.458000,123.927403,22.019055
0.458000,120.913872,22.019055
0.458000,123.941672,22.019055
0.458000,120.933688,22.019055
0.458500,123.958376,22.019055
0.458500,120.953470,22.019055
0.458500,123.884625,22.019055
0.458500,120.894199,22.019055
0.459000,123.901277,22.019055
0.459000,120.913906,22.019055
0.459000,123.852247,22.019055
0.459000,120.869062,22.019055
0.459000,123.868838,22.019055
0.459000,120.888695,22.019055
0.459500,123.833089,22.019055
0.459500,120.854496,22.019055
0.459500,123.849618,22.019055
0.459500,120.874057,22.019055
0.460000,123.811403,22.019055
0.460000,120.832587,22.019055
0.460000,123.826349,22.019055
0.460000,120.852076,22.019055
0.460500,123.777373,22.019055
0.460500,120.798307,22.019055
0.460500,123.793076,22.019055
0.460500,120.817723,22.019055
0.460500,123.756126,22.019055
0.460500,120.774398,22.019055
0.461000,123.771000,22.019055
0.461000,120.793742,22.019055
0.461000,123.740922,22.019055
0.461000,120.757209,22.019055
0.461500,123.755182,22.019055
0.461500,120.776482,22.019055
0.461500,123.771414,22.019055
0.461500,120.795721,22.019055
0.461500,123.750962,22.019055
0.461500,120.770334,22.019055
0.468000,123.767129,22.025104
0.468000,120.789503,22.025104
0.468000,123.771354,22.025104
0.468000,120.786132,22.025104
0.468500,123.787453,22.025104
0.468500,120.805233,22.025104
0.468500,123.803300,22.025104
0.468500,120.810284,22.025104
0.469000,123.819331,22.025104
0.469000,120.829318,22.025104
0.469000,123.832202,22.025104
0.469000,120.834543,22.025104
0.469000,123.850352,22.025104
0.469000,120.853510,22.025104
0.469500,123.859635,22.025104
0.469500,120.858851,22.025104
0.469500,123.878417,22.025104
0.469500,120.877751,22.025104
0.470000,123.895705,22.025104
0.470000,120.894780,22.025104
0.470000,123.917977,22.025104
0.470000,120.913615,22.025104
0.470500,123.947077,22.025104
0.470500,120.947605,22.025104
0.470500,123.969799,22.025104
0.470500,120.966375,22.025104
0.470500,123.985552,22.025104
0.470500,120.985112,22.025104
0.471000,124.028435,22.025104
0.471000,121.024517,22.025104
0.471000,124.044130,22.025104
0.471000,121.043190,22.025104
0.471500,124.079400,22.025104
0.471500,121.079506,22.025104
0.471500,124.095042,22.025104
0.471500,121.098117,22.025104
0.471500,124.139426,22.025104
0.471500,121.145704,22.025104
0.472000,124.155018,22.025104
0.472000,121.164252,22.025104
0.472000,124.201329,22.025104
0.472000,121.224087,22.025104
0.472500,124.224411,22.025104
0.472500,121.242573,22.025104
0.472500,124.276736,22.025104
0.472500,121.311694,22.025104
0.473000,124.300279,22.025104
0.473000,121.330119,22.025104
0.473000,124.362300,22.025104
0.473000,121.411916,22.025104
0.473000,124.386286,22.025104
0.473000,121.430282,22.025104
0.473500,124.445289,22.025104
0.473500,121.511543,22.025104
0.473500,124.469291,22.025104
0.473500,121.529850,22.025104
0.474000,124.484691,22.025104
0.474000,121.548124,22.025104
0.474000,124.557071,22.025104
0.474000,121.636812,22.025104
0.481000,124.572436,22.014268
0.481000,121.655028,22.014268
0.481000,124.639836,22.014268
0.481000,121.740581,22.014268
0.481000,124.655169,22.014268
0.481000,121.758738,22.014268
0.481500,124.716265,22.014268
0.481500,121.845718,22.014268
0.481500,124.738101,22.014268
0.481500,121.863818,22.014268
0.482000,124.788301,22.014268
0.482000,121.940789,22.014268
0.482000,124.808209,22.014268
0.482000,121.958830,22.014268
0.482500,124.862737,22.014268
0.482500,122.040118,22.014268
0.482500,124.881049,22.014268
0.482500,122.058102,22.014268
0.482500,124.917925,22.014268
0.482500,122.121383,22.014268
0.483000,124.935390,22.014268
0.483000,122.139308,22.014268
0.483000,124.956177,22.014268
0.483000,122.182438,22.014268
0.483500,124.973126,22.014268
0.483500,122.200304,22.014268
0.483500,124.988286,22.014268
0.483500,122.218139,22.014268
0.483500,125.006483,22.014268
0.483500,122.253853,22.014268
0.484000,125.021608,22.014268
0.484000,122.271629,22.014268
0.484000,125.025051,22.014268
0.484000,122.291200,22.014268
0.484500,125.040901,22.014268
0.484500,122.308916,22.014268
0.484500,125.014809,22.014268
0.484500,122.297803,22.014268
0.485000,125.029442,22.014268
0.485000,122.315458,22.014268
0.485000,125.010354,22.014268
0.485000,122.309180,22.014268
0.485000,125.026173,22.014268
0.485000,122.326775,22.014268
0.485500,125.013801,22.014268
0.485500,122.325105,22.014268
0.485500,125.029854,22.014268
0.485500,122.342640,22.014268
0.486000,125.023584,22.014268
0.486000,122.345493,22.014268
0.486000,125.039585,22.014268
0.486000,122.362969,22.014268
0.486500,125.031459,22.014268
0.486500,122.363338,22.014268
0.486500,125.047440,22.014268
0.486500,122.380754,22.014268
0.486500,125.035195,22.014268
0.486500,122.375452,22.014268
0.487000,125.050676,22.014268
0.487000,122.392809,22.014268
0.487000,125.065477,22.014268
0.487000,122.410137,22.014268
0.487500,125.062947,22.014268
0.487500,122.412574,22.014268
0.487500,125.077910,22.014268
0.487500,122.429844,22.014268
0.487500,125.096559,22.014268
0.487500,122.452115,22.014268
0.488000,125.109762,22.014268
0.488000,122.469328,22.014268
0.488000,125.139189,22.014268
0.488000,122.500512,22.014268
0.488500,125.152093,22.014268
0.488500,122.517669,22.014268
0.488500,125.184505,22.014268
0.488500,122.547762,22.014268
0.499000,125.198314,22.022602
0.499000,122.564862,22.022602
0.499000,125.222251,22.022602
0.499000,122.584486,22.022602
0.499000,125.235501,22.022602
0.499000,122.601529,22.022602
0.499500,125.256277,22.022602
0.499500,122.613578,22.022602
0.499500,125.269116,22.022602
0.499500,122.630565,22.022602
0.500000,125.305849,22.022602
0.500000,122.654262,22.022602
0.500000,125.318688,22.022602
0.500000,122.671194,22.022602
0.500500,125.333111,22.022602
0.500500,122.688098,22.022602
0.500500,125.340727,22.022602
0.500500,122.681827,22.022602
0.500500,125.352953,22.022602
0.500500,122.698674,22.022602
0.501000,125.350750,22.022602
0.501000,122.679948,22.022602
0.501000,125.362728,22.022602
0.501000,122.696738,22.022602
0.501500,125.364547,22.022602
0.501500,122.683193,22.022602
0.501500,125.376277,22.022602
0.501500,122.699927,22.022602
0.502000,125.386905,22.022602
0.502000,122.696279,22.022602
0.502000,125.399556,22.022602
0.502000,122.712957,22.022602
0.502000,125.394669,22.022602
0.502000,122.696848,22.022602
0.502500,125.408255,22.022602
0.502500,122.713469,22.022602
0.502500,125.406203,22.022602
0.502500,122.703322,22.022602
0.503000,125.420507,22.022602
0.503000,122.719889,22.022602
0.503000,125.442012,22.022602
0.503000,122.734927,22.022602
0.503000,125.456024,22.022602
0.503000,122.751439,22.022602
0.503500,125.470868,22.022602
0.503500,122.767925,22.022602
0.503500,125.497690,22.022602
0.503500,122.787635,22.022602
0.504000,125.512875,22.022602
0.504000,122.804067,22.022602
0.504000,125.524120,22.022602
0.504000,122.809492,22.022602
0.504500,125.538865,22.022602
0.504500,122.825870,22.022602
0.504500,125.535163,22.022602
0.504500,122.818275,22.022602
0.504500,125.548859,22.022602
0.504500,122.834600,22.022602
0.505000,125.547623,22.022602
0.505000,122.830885,22.022602
0.505000,125.560817,22.022602
0.505000,122.847155,22.022602
0.505500,125.564937,22.022602
0.505500,122.851927,22.022602
0.505500,125.577887,22.022602
0.505500,122.868144,22.022602
0.506000,125.611832,22.022602
0.506000,122.904923,22.022602
0.506000,125.626299,22.022602
0.506000,122.921089,22.022602
0.506000,125.686305,22.022602
0.506000,122.986796,22.022602
0.506500,125.699963,22.022602
0.506500,123.002912,22.022602
0.506500,125.715667,22.022602
0.506500,123.019003,22.022602
0.507000,125.790607,22.022602
0.507000,123.101579,22.022602
0.507000,125.806824,22.022602
0.507000,123.117621,22.022602
0.507000,125.886588,22.022602
0.507000,123.205868,22.022602
0.507500,125.905206,22.022602
0.507500,123.221862,22.022602
0.507500,125.969381,22.022602
0.507500,123.294032,22.022602
0.508000,125.986876,22.022602
0.508000,123.309978,22.022602
0.508000,126.049145,22.022602
0.508000,123.381276,22.022602
0.508500,126.067593,22.022602
0.508500,123.397173,22.022602
0.508500,126.115280,22.022602
0.508500,123.455585,22.022602
0.508500,126.133374,22.022602
0.508500,123.471433,22.022602
0.519000,126.184792,22.022563
0.519000,123.534126,22.022563
0.519000,126.198210,22.022563
0.519000,123.549926,22.022563
0.519500,126.258878,22.022563
0.519500,123.620362,22.022563
0.519500,126.272263,22.022563
0.519500,123.636115,22.022563
0.520000,126.288035,22.022563
0.520000,123.651842,22.022563
0.520000,126.336302,22.022563
0.520000,123.712376,22.022563
0.520000,126.351671,22.022563
0.520000,123.728055,22.022563
0.520500,126.392376,22.022563
0.520500,123.780436,22.022563
0.520500,126.407558,22.022563
0.520500,123.796068,22.022563
0.521000,126.444992,22.022563
0.521000,123.845061,22.022563
0.521000,126.459525,22.022563
0.521000,123.860644,22.022563
0.521000,126.499672,22.022563
0.521000,123.910999,22.022563
0.521500,126.514606,22.022563
0.521500,123.926534,22.022563
0.521500,126.570311,22.022563
0.521500,123.990966,22.022563
0.522000,126.584849,22.022563
0.522000,124.006455,22.022563
0.522000,126.639120,22.022563
0.522000,124.066595,22.022563
0.522500,126.652281,22.022563
0.522500,124.082037,22.022563
0.522500,126.701557,22.022563
0.522500,124.134239,22.022563
0.522500,126.714681,22.022563
0.522500,124.149634,22.022563
0.523000,126.729146,22.022563
0.523000,124.165005,22.022563
0.523000,126.771528,22.022563
0.523000,124.209656,22.022563
0.523500,126.785586,22.022563
0.523500,124.224980,22.022563
0.523500,126.827573,22.022563
0.523500,124.267517,22.022563
0.524000,126.842049,22.022563
0.524000,124.282794,22.022563
0.524000,126.879241,22.022563
0.524000,124.317637,22.022563
0.524000,126.893679,22.022563
0.524000,124.332868,22.022563
0.524500,126.925930,22.022563
0.524500,124.360745,22.022563
0.524500,126.940992,22.022563
0.524500,124.375929,22.022563
0.525000,126.972466,22.022563
0.525000,124.402305,22.022563
0.525000,126.985352,22.022563
0.525000,124.417441,22.022563
0.525000,127.011457,22.022563
0.525000,124.435852,22.022563
0.525500,127.024296,22.022563
0.525500,124.450941,22.022563
0.525500,127.044299,22.022563
0.525500,124.463860,22.022563
0.526000,127.057091,22.022563
0.526000,124.478902,22.022563
0.526000,127.088983,22.022563
0.526000,124.504408,22.022563
0.531500,127.101730,22.022464
0.531500,124.519405,22.022464
0.531500,127.116177,22.022464
0.531500,124.534378,22.022464
0.531500,127.156026,22.022464
0.531500,124.572887,22.022464
0.532000,127.170371,22.022464
0.532000,124.587814,22.022464
0.532000,127.242547,22.022464
0.532000,124.659327,22.022464
0.532500,127.257061,22.022464
0.532500,124.674212,22.022464
0.532500,127.317890,22.022464
0.532500,124.735500,22.022464
0.533000,127.331297,22.022464
0.533000,124.750340,22.022464
0.533000,127.378146,22.022464
0.533000,124.800369,22.022464
0.533000,127.390718,22.022464
0.533000,124.815164,22.022464
0.533500,127.448517,22.022464
0.533500,124.877379,22.022464
0.533500,127.461054,22.022464
0.533500,124.892131,22.022464
0.534000,127.524391,22.022464
0.534000,124.961503,22.022464
0.534000,127.536897,22.022464
0.534000,124.976213,22.022464
0.534500,127.598359,22.022464
0.534500,125.042032,22.022464
0.534500,127.610832,22.022464
0.534500,125.056698,22.022464
0.534500,127.625296,22.022464
0.534500,125.071342,22.022464
0.535000,127.692143,22.022464
0.535000,125.143510,22.022464
0.535000,127.706819,22.022464
0.535000,125.158112,22.022464
0.535500,127.767125,22.022464
0.535500,125.221997,22.022464
0.535500,127.781547,22.022464
0.535500,125.236556,22.022464
0.535500,127.834497,22.022464
0.535500,125.291124,22.022464
0.536000,127.846845,22.022464
0.536000,125.305640,22.022464
0.536000,127.907156,22.022464
0.536000,125.369147,22.022464
0.536500,127.919470,22.022464
0.536500,125.383621,22.022464
0.536500,127.955296,22.022464
0.536500,125.422572,22.022464
0.537000,127.967576,22.022464
0.537000,125.437002,22.022464
0.537000,128.010586,22.022464
0.537000,125.479697,22.022464
0.537000,128.022829,22.022464
0.537000,125.494084,22.022464
0.537500,128.053093,22.022464
0.537500,125.523582,22.022464
0.537500,128.065298,22.022464
0.537500,125.537927,22.022464
0.538000,128.082809,22.022464
0.538000,125.552250,22.022464
0.538000,128.093476,22.022464
0.538000,125.567045,22.022464
0.547000,128.110660,22.027094
0.547000,125.581325,22.027094
0.547000,128.123945,22.027094
0.547000,125.597583,22.027094
0.547000,128.140729,22.027094
0.547000,125.611820,22.027094
0.547500,128.148181,22.027094
0.547500,125.623274,22.027094
0.547500,128.160251,22.027094
0.547500,125.637467,22.027094
0.548000,128.200511,22.027094
0.548000,125.679532,22.027094
0.548000,128.212546,22.027094
0.548000,125.693684,22.027094
0.548000,128.251565,22.027094
0.548000,125.735704,22.027094
0.548500,128.263567,22.027094
0.548500,125.749815,22.027094
0.548500,128.304672,22.027094
0.548500,125.793429,22.027094
0.549000,128.316640,22.027094
0.549000,125.807498,22.027094
0.549000,128.342744,22.027094
0.549000,125.833947,22.027094
0.549500,128.354677,22.027094
0.549500,125.847974,22.027094
0.549500,128.367550,22.027094
0.549500,125.861981,22.027094
0.549500,128.387662,22.027094
0.549500,125.885631,22.027094
0.550000,128.402188,22.027094
0.550000,125.899596,22.027094
0.550000,128.433016,22.027094
0.550000,125.932978,22.027094
0.550500,128.444861,22.027094
0.550500,125.946902,22.027094
0.550500,128.482044,22.027094
0.550500,125.984649,22.027094
0.551000,128.493854,22.027094
0.551000,125.998533,22.027094
0.551000,128.504407,22.027094
0.551000,126.011112,22.027094
0.551000,128.516183,22.027094
0.551000,126.024954,22.027094
0.551500,128.521408,22.027094
0.551500,126.033293,22.027094
0.551500,128.533150,22.027094
0.551500,126.047094,22.027094
0.552000,128.560414,22.027094
0.552000,126.076229,22.027094
0.552000,128.572123,22.027094
0.552000,126.089989,22.027094
0.552500,128.580059,22.027094
0.552500,126.098437,22.027094
0.552500,128.591731,22.027094
0.552500,126.112156,22.027094
0.552500,128.604926,22.027094
0.552500,126.125855,22.027094
0.553000,128.602608,22.027094
0.553000,126.125867,22.027094
0.553000,128.614945,22.027094
0.553000,126.139525,22.027094
0.553500,128.617339,22.027094
0.553500,126.146163,22.027094
0.553500,128.628927,22.027094
0.553500,126.159780,22.027094
0.553500,128.652449,22.027094
0.553500,126.188850,22.027094
0.554000,128.664006,22.027094
0.554000,126.202428,22.027094
0.554000,128.682794,22.027094
0.554000,126.225593,22.027094
0.554500,128.694320,22.027094
0.554500,126.239131,22.027094
0.554500,128.712798,22.027094
0.554500,126.259937,22.027094
0.555000,128.724292,22.027094
0.555000,126.273435,22.027094
0.555000,128.735569,22.027094
0.555000,126.286415,22.027094
0.555000,128.747029,22.027094
0.555000,126.299873,22.027094
0.564000,128.757262,22.009024
0.564000,126.313536,22.009024
0.564000,128.768690,22.009024
0.564000,126.326955,22.009024
0.564500,128.780784,22.009024
0.564500,126.340354,22.009024
0.564500,128.801021,22.009024
0.564500,126.365128,22.009024
0.565000,128.812402,22.009024
0.565000,126.378488,22.009024
0.565000,128.820864,22.009024
0.565000,126.392359,22.009024
0.565000,128.832215,22.009024
0.565000,126.405680,22.009024
0.565500,128.808623,22.009024
0.565500,126.387666,22.009024
0.565500,128.819943,22.009024
0.565500,126.400947,22.009024
0.566000,128.809557,22.009024
0.566000,126.397375,22.009024
0.566000,128.820848,22.009024
0.566000,126.410617,22.009024
0.566000,128.822758,22.009024
0.566000,126.415739,22.009024
0.566500,128.834017,22.009024
0.566500,126.428942,22.009024
0.566500,128.841953,22.009024
0.566500,126.439656,22.009024
0.567000,128.853180,22.009024
0.567000,126.452820,22.009024
0.567000,128.857284,22.009024
0.567000,126.460893,22.009024
0.567500,128.868480,22.009024
0.567500,126.474018,22.009024
0.567500,128.879467,22.009024
0.567500,126.487125,22.009024
0.567500,128.880396,22.009024
0.567500,126.491022,22.009024
0.568000,128.891546,22.009024
0.568000,126.504090,22.009024
0.568000,128.888468,22.009024
0.568000,126.504860,22.009024
0.568500,128.899586,22.009024
0.568500,126.517890,22.009024
0.568500,128.896889,22.009024
0.568500,126.521270,22.009024
0.569000,128.907979,22.009024
0.569000,126.534262,22.009024
0.569000,128.920729,22.009024
0.569000,126.549411,22.009024
0.569000,128.931788,22.009024
0.569000,126.562366,22.009024
0.569500,128.930932,22.009024
0.569500,126.561922,22.009024
0.569500,128.941958,22.009024
0.569500,126.574839,22.009024
0.570000,128.915243,22.009024
0.570000,126.548873,22.009024
0.570000,128.926235,22.009024
0.570000,126.561752,22.009024
0.570000,128.868515,22.009024
0.570000,126.499031,22.009024
0.570500,128.879468,22.009024
0.570500,126.511870,22.009024
0.570500,128.858195,22.009024
0.570500,126.494351,22.009024
0.571000,128.869629,22.009024
0.571000,126.507151,22.009024
0.571000,128.880535,22.009024
0.571000,126.519933,22.009024
0.571500,128.886434,22.009024
0.571500,126.526192,22.009024
0.571500,128.897308,22.009024
0.571500,126.538938,22.009024
0.571500,128.878323,22.009024
0.571500,126.520025,22.009024
0.580000,128.889163,22.000491
0.580000,126.532733,22.000491
0.580000,128.896916,22.000491
0.580000,126.542585,22.000491
0.580500,128.907727,22.000491
0.580500,126.555256,22.000491
0.580500,128.932133,22.000491
0.580500,126.582745,22.000491
0.581000,128.942915,22.000491
0.581000,126.595380,22.000491
0.581000,128.973114,22.000491
0.581000,126.626678,22.000491
0.581000,128.983866,22.000491
0.581000,126.639279,22.000491
0.581500,129.001792,22.000491
0.581500,126.658086,22.000491
0.581500,129.012513,22.000491
0.581500,126.670650,22.000491
0.582000,129.031839,22.000491
0.582000,126.694504,22.000491
0.582000,129.041972,22.000491
0.582000,126.707034,22.000491
0.582000,129.052651,22.000491
0.582000,126.719546,22.000491
0.582500,129.086794,22.000491
0.582500,126.759188,22.000491
0.582500,129.097448,22.000491
0.582500,126.771665,22.000491
0.583000,129.115589,22.000491
0.583000,126.790165,22.000491
0.583000,129.126212,22.000491
0.583000,126.802608,22.000491
0.583500,129.120155,22.000491
0.583500,126.795934,22.000491
0.583500,129.130746,22.000491
0.583500,126.808341,22.000491
0.583500,129.126914,22.000491
0.583500,126.804665,22.000491
0.584000,129.137474,22.000491
0.584000,126.817036,22.000491
0.584000,129.147202,22.000491
0.584000,126.826617,22.000491
0.584500,129.157731,22.000491
0.584500,126.838953,22.000491
0.584500,129.192905,22.000491
0.584500,126.872642,22.000491
0.585000,129.201592,22.000491
0.585000,126.884944,22.000491
0.585000,129.217006,22.000491
0.585000,126.898571,22.000491
0.585000,129.225468,22.000491
0.585000,126.910839,22.000491
0.585500,129.235923,22.000491
0.585500,126.923088,22.000491
0.585500,129.233991,22.000491
0.585500,126.920103,22.000491
0.586000,129.244415,22.000491
0.586000,126.932318,22.000491
0.586000,129.226815,22.000491
0.586000,126.912450,22.000491
0.591000,129.237206,22.000391
0.591000,126.924630,22.000391
0.591000,129.243531,22.000391
0.591000,126.929651,22.000391
0.591000,129.253890,22.000391
0.591000,126.941796,22.000391
0.591500,129.284586,22.000391
0.591500,126.975034,22.000391
0.591500,129.294919,22.000391
0.591500,126.987146,22.000391
0.592000,129.280526,22.000391
0.592000,126.973753,22.000391
0.592000,129.290829,22.000391
0.592000,126.985831,22.000391
0.592000,129.243586,22.000391
0.592000,126.941516,22.000391
0.592500,129.253650,22.000391
0.592500,126.953558,22.000391
0.592500,129.239773,22.000391
0.592500,126.942512,22.000391
0.593000,129.249781,22.000391
0.593000,126.954520,22.000391
0.593000,129.260012,22.000391
0.593000,126.966511,22.000391
0.593500,129.236464,22.000391
0.593500,126.943586,22.000391
0.593500,129.246665,22.000391
0.593500,126.955542,22.000391
0.593500,129.220272,22.000391
0.593500,126.929206,22.000391
0.594000,129.230442,22.000391
0.594000,126.941128,22.000391
0.594000,129.223373,22.000391
0.594000,126.933896,22.000391
0.594500,129.233513,22.000391
0.594500,126.945784,22.000391
0.594500,129.244330,22.000391
0.594500,126.956979,22.000391
0.595000,129.254442,22.000391
0.595000,126.968834,22.000391
0.595000,129.281684,22.000391
0.595000,126.998955,22.000391
0.595000,129.294526,22.000391
0.595000,127.010778,22.000391
0.595500,129.313347,22.000391
0.595500,127.034232,22.000391
0.595500,129.325055,22.000391
0.595500,127.046023,22.000391
0.596000,129.352652,22.000391
0.596000,127.079110,22.000391
0.596000,129.363970,22.000391
0.596000,127.090870,22.000391
0.596000,129.373990,22.000391
0.596000,127.102613,22.000391
0.596500,129.409292,22.000391
0.596500,127.142852,22.000391
0.596500,129.419288,22.000391
0.596500,127.154563,22.000391
0.597000,129.445672,22.000391
0.597000,127.185348,22.000391
0.597000,129.455644,22.000391
0.597000,127.197029,22.000391
0.597500,129.492129,22.000391
0.597500,127.238643,22.000391
0.597500,129.502078,22.000391
0.597500,127.250292,22.000391
0.597500,129.546071,22.000391
0.597500,127.300484,22.000391
0.598000,129.555998,22.000391
0.598000,127.312102,22.000391
0.598000,129.608439,22.000391
0.598000,127.371818,22.000391
0.598500,129.620044,22.000391
0.598500,127.383406,22.000391
0.598500,129.661281,22.000391
0.598500,127.431538,22.000391
0.611000,129.672993,21.994488
0.611000,127.443096,21.994488
0.611000,129.711093,21.994488
0.611000,127.487306,21.994488
0.611000,129.722989,21.994488
0.611000,127.498833,21.994488
0.611500,129.732835,21.994488
0.611500,127.510345,21.994488
0.611500,129.776722,21.994488
0.611500,127.557552,21.994488
0.612000,129.786544,21.994488
0.612000,127.569033,21.994488
0.612000,129.816140,21.994488
0.612000,127.601711,21.994488
0.612500,129.825937,21.994488
0.612500,127.613162,21.994488
0.612500,129.845347,21.994488
0.612500,127.637187,21.994488
0.612500,129.855120,21.994488
0.612500,127.648608,21.994488
0.613000,129.882553,21.994488
0.613000,127.681950,21.994488
0.613000,129.895186,21.994488
0.613000,127.693340,21.994488
0.613500,129.928976,21.994488
0.613500,127.730999,21.994488
0.613500,129.940919,21.994488
0.613500,127.742359,21.994488
0.613500,129.981969,21.994488
0.613500,127.785468,21.994488
0.614000,129.993531,21.994488
0.614000,127.796799,21.994488
0.614000,130.019519,21.994488
0.614000,127.824350,21.994488
0.614500,130.030589,21.994488
0.614500,127.835650,21.994488
0.614500,130.040248,21.994488
0.614500,127.846935,21.994488
0.615000,130.063328,21.994488
0.615000,127.870294,21.994488
0.615000,130.072962,21.994488
0.615000,127.881549,21.994488
0.615000,130.090450,21.994488
0.615000,127.897910,21.994488
0.615500,130.100056,21.994488
0.615500,127.909135,21.994488
0.615500,130.115356,21.994488
0.615500,127.922191,21.994488
0.616000,130.124934,21.994488
0.616000,127.933385,21.994488
0.616000,130.150077,21.994488
0.616000,127.957990,21.994488
0.616500,130.160425,21.994488
0.616500,127.969156,21.994488
0.616500,130.188112,21.994488
0.616500,127.995151,21.994488
0.616500,130.198653,21.994488
0.616500,128.006286,21.994488
0.617000,130.223019,21.994488
0.617000,128.029025,21.994488
0.617000,130.232807,21.994488
0.617000,128.040131,21.994488
0.617500,130.240739,21.994488
0.617500,128.045915,21.994488
0.617500,130.250412,21.994488
0.617500,128.056991,21.994488
0.617500,130.273979,21.994488
0.617500,128.080323,21.994488
0.618000,130.284011,21.994488
0.618000,128.091371,21.994488
0.618000,130.293441,21.994488
0.618000,128.102403,21.994488
0.618500,130.332498,21.994488
0.618500,128.142570,21.994488
0.618500,130.341904,21.994488
0.618500,128.153574,21.994488
0.619000,130.378797,21.994488
0.619000,128.192481,21.994488
0.619000,130.388123,21.994488
0.619000,128.203456,21.994488
0.619000,130.431226,21.994488
0.619000,128.247570,21.994488
0.619500,130.440544,21.994488
0.619500,128.258518,21.994488
0.619500,130.460920,21.994488
0.619500,128.279722,21.994488
0.620000,130.470092,21.994488
0.620000,128.290641,21.994488
0.620000,130.470114,21.994488
0.620000,128.290091,21.994488
0.620500,130.478970,21.994488
0.620500,128.300980,21.994488
0.620500,130.476279,21.994488
0.620500,128.297893,21.994488
0.620500,130.484994,21.994488
0.620500,128.308753,21.994488
0.629000,130.483507,21.998516
0.629000,128.306791,21.998516
0.629000,130.491577,21.998516
0.629000,128.317622,21.998516
0.629500,130.500822,21.998516
0.629500,128.328439,21.998516
0.629500,130.499240,21.998516
0.629500,128.325423,21.998516
0.629500,130.508460,21.998516
0.629500,128.336210,21.998516
0.630000,130.525424,21.998516
0.630000,128.351401,21.998516
0.630000,130.533503,21.998516
0.630000,128.362160,21.998516
0.630500,130.547312,21.998516
0.630500,128.375640,21.998516
0.630500,130.554918,21.998516
0.630500,128.386371,21.998516
0.631000,130.561527,21.998516
0.631000,128.393280,21.998516
0.631000,130.569069,21.998516
0.631000,128.403983,21.998516
0.631000,130.570202,21.998516
0.631000,128.406075,21.998516
0.631500,130.578596,21.998516
0.631500,128.416749,21.998516
0.631500,130.576465,21.998516
0.631500,128.414004,21.998516
0.632000,130.585006,21.998516
0.632000,128.424650,21.998516
0.632000,130.590293,21.998516
0.632000,128.428578,21.998516
0.632500,130.600112,21.998516
0.632500,128.439196,21.998516
0.632500,130.609172,21.998516
0.632500,128.449800,21.998516
0.632500,130.607142,21.998516
0.632500,128.446677,21.998516
0.633000,130.617092,21.998516
0.633000,128.457253,21.998516
0.633000,130.610558,21.998516
0.633000,128.451125,21.998516
0.633500,130.619585,21.998516
0.633500,128.461672,21.998516
0.633500,130.612107,21.998516
0.633500,128.453590,21.998516
0.633500,130.620530,21.998516
0.633500,128.464110,21.998516
0.634000,130.611870,21.998516
0.634000,128.455677,21.998516
0.634000,130.619675,21.998516
0.634000,128.466169,21.998516
0.634500,130.605501,21.998516
0.634500,128.452407,21.998516
0.634500,130.614905,21.998516
0.634500,128.462871,21.998516
0.635000,130.601196,21.998516
0.635000,128.449827,21.998516
0.635000,130.610545,21.998516
0.635000,128.460263,21.998516
0.635000,130.620979,21.998516
0.635000,128.472572,21.998516
0.635500,130.629867,21.998516
0.635500,128.482981,21.998516
0.635500,130.638744,21.998516
0.635500,128.493377,21.998516
0.636000,130.683339,21.998516
0.636000,128.539730,21.998516
0.636000,130.692654,21.998516
0.636000,128.550099,21.998516
0.636500,130.747435,21.998516
0.636500,128.604886,21.998516
0.636500,130.756675,21.998516
0.636500,128.615230,21.998516
0.636500,130.805654,21.998516
0.636500,128.665604,21.998516
0.644500,130.814171,21.998209
0.644500,128.675923,21.998209
0.644500,130.852173,21.998209
0.644500,128.718479,21.998209
0.645000,130.859350,21.998209
0.645000,128.728772,21.998209
0.645000,130.927290,21.998209
0.645000,128.801066,21.998209
0.645500,130.934168,21.998209
0.645500,128.811334,21.998209
0.645500,130.973829,21.998209
0.645500,128.854153,21.998209
0.645500,130.981411,21.998209
0.645500,128.864396,21.998209
0.646000,130.956117,21.998209
0.646000,128.839952,21.998209
0.646000,130.964850,21.998209
0.646000,128.850167,21.998209
0.646500,130.972380,21.998209
0.646500,128.860369,21.998209
0.646500,130.920029,21.998209
0.646500,128.806622,21.998209
0.646500,130.927383,21.998209
0.646500,128.816796,21.998209
0.647000,130.931077,21.998209
0.647000,128.824333,21.998209
0.647000,130.939695,21.998209
0.647000,128.834481,21.998209
0.647500,130.948399,21.998209
0.647500,128.845865,21.998209
0.647500,130.958754,21.998209
0.647500,128.855987,21.998209
0.648000,130.983719,21.998209
0.648000,128.880942,21.998209
0.648000,130.993339,21.998209
0.648000,128.891039,21.998209
0.648000,131.052300,21.998209
0.648000,128.951528,21.998209
0.648500,131.062409,21.998209
0.648500,128.961601,21.998209
0.648500,131.105176,21.998209
0.648500,129.008768,21.998209
0.649000,131.115675,21.998209
0.649000,129.018815,21.998209
0.649000,131.164377,21.998209
0.649000,129.076818,21.998209
0.649500,131.172954,21.998209
0.649500,129.086842,21.998209
0.649500,131.237467,21.998209
0.649500,129.160614,21.998209
0.649500,131.246030,21.998209
0.649500,129.170614,21.998209
0.650000,131.256346,21.998209
0.650000,129.180601,21.998209
0.650000,131.290470,21.998209
0.650000,129.223129,21.998209
0.650500,131.302074,21.998209
0.650500,129.233091,21.998209
0.650500,131.312819,21.998209
0.650500,129.249270,21.998209
0.650500,131.325487,21.998209
0.650500,129.259207,21.998209
0.656500,131.308837,21.988993
0.656500,129.246205,21.988993
0.656500,131.320761,21.988993
0.656500,129.256117,21.988993
0.657000,131.300234,21.988993
0.657000,129.237206,21.988993
0.657000,131.311886,21.988993
0.657000,129.247092,21.988993
0.657500,131.303050,21.988993
0.657500,129.237049,21.988993
0.657500,131.316067,21.988993
0.657500,129.246909,21.988993
0.657500,131.328770,21.988993
0.657500,129.258089,21.988993
0.658000,131.337186,21.988993
0.658000,129.267925,21.988993
0.658000,131.366192,21.988993
0.658000,129.293822,21.988993
0.658500,131.374585,21.988993
0.658500,129.303633,21.988993
0.658500,131.386257,21.988993
0.658500,129.313432,21.988993
0.659000,131.390036,21.988993
0.659000,129.319878,21.988993
0.659000,131.401123,21.988993
0.659000,129.329653,21.988993
0.659000,131.442183,21.988993
0.659000,129.374630,21.988993
0.659500,131.452626,21.988993
0.659500,129.384381,21.988993
0.659500,131.538543,21.988993
0.659500,129.474938,21.988993
0.660000,131.548852,21.988993
0.660000,129.484667,21.988993
0.660000,131.645753,21.988993
0.660000,129.584660,21.988993
0.660500,131.656798,21.988993
0.660500,129.594366,21.988993
0.660500,131.730905,21.988993
0.660500,129.671807,21.988993
0.660500,131.739191,21.988993
0.660500,129.681492,21.988993
0.661000,131.814003,21.988993
0.661000,129.757920,21.988993
0.661000,131.822271,21.988993
0.661000,129.767582,21.988993
0.661500,131.895187,21.988993
0.661500,129.841961,21.988993
0.661500,131.903437,21.988993
0.661500,129.851600,21.988993
0.661500,131.916289,21.988993
0.661500,129.861228,21.988993
0.662000,131.974583,21.988993
0.662000,129.923997,21.988993
0.662000,131.987551,21.988993
0.662000,129.933602,21.988993
0.662500,132.034640,21.988993
0.662500,129.984189,21.988993
0.662500,132.047246,21.988993
0.662500,129.993771,21.988993
0.663000,132.103529,21.988993
0.663000,130.052370,21.988993
0.663000,132.115853,21.988993
0.663000,130.061930,21.988993
0.663000,132.194810,21.988993
0.663000,130.142664,21.988993
0.672000,132.207269,21.980522
0.672000,130.152202,21.980522
0.672000,132.318445,21.980522
0.672000,130.265376,21.980522
0.672500,132.326584,21.980522
0.672500,130.274893,21.980522
0.672500,132.430189,21.980522
0.672500,130.376878,21.980522
0.673000,132.438309,21.980522
0.673000,130.386374,21.980522
0.673000,132.526374,21.980522
0.673000,130.472605,21.980522
0.673000,132.534475,21.980522
0.673000,130.482079,21.980522
0.673500,132.544999,21.980522
0.673500,130.491541,21.980522
0.673500,132.656635,21.980522
0.673500,130.605825,21.980522
0.674000,132.666930,21.980522
0.674000,130.615266,21.980522
0.674000,132.803632,21.980522
0.674000,130.756438,21.980522
0.674000,132.813979,21.980522
0.674000,130.765859,21.980522
0.674500,132.962600,21.980522
0.674500,130.922168,21.980522
0.674500,132.973753,21.980522
0.674500,130.931570,21.980522
0.675000,133.117505,21.980522
0.675000,131.083289,21.980522
0.675000,133.125537,21.980522
0.675000,131.092672,21.980522
0.675500,133.244350,21.980522
0.675500,131.215223,21.980522
0.675500,133.252367,21.980522
0.675500,131.224585,21.980522
0.675500,133.342811,21.980522
0.675500,131.317225,21.980522
0.676000,133.350812,21.980522
0.676000,131.326566,21.980522
0.676000,133.433935,21.980522
0.676000,131.410704,21.980522
0.676500,133.441919,21.980522
0.676500,131.420024,21.980522
0.676500,133.455161,21.980522
0.676500,131.429333,21.980522
0.677000,133.528015,21.980522
0.677000,131.507111,21.980522
0.677000,133.540147,21.980522
0.677000,131.516399,21.980522
0.677000,133.621557,21.980522
0.677000,131.602926,21.980522
0.677500,133.632862,21.980522
0.677500,131.612193,21.980522
0.677500,133.714665,21.980522
0.677500,131.700275,21.980522
0.678000,133.725692,21.980522
0.678000,131.709521,21.980522
0.678000,133.815315,21.980522
0.678000,131.805872,21.980522
0.678000,133.823222,21.980522
0.678000,131.815098,21.980522
0.678500,133.914673,21.980522
0.678500,131.909721,21.980522
0.678500,133.922565,21.980522
0.678500,131.918926,21.980522
0.679000,134.009683,21.980522
0.679000,132.009982,21.980522
0.679000,134.017560,21.980522
0.679000,132.019167,21.980522
0.679500,134.093445,21.980522
0.679500,132.100312,21.980522
0.679500,134.101307,21.980522
0.679500,132.109477,21.980522
0.679500,134.112394,21.980522
0.679500,132.118630,21.980522
0.688000,134.163070,21.972968
0.688000,132.177353,21.972968
0.688000,134.173865,21.972968
0.688000,132.186485,21.972968
0.688500,134.197931,21.972968
0.688500,132.216489,21.972968
0.688500,134.208613,21.972968
0.688500,132.225600,21.972968
0.689000,134.219395,21.972968
0.689000,132.241009,21.972968
0.689000,134.227198,21.972968
0.689000,132.250098,21.972968
0.689000,134.238519,21.972968
0.689000,132.262363,21.972968
0.689500,134.246303,21.972968
0.689500,132.271430,21.972968
0.689500,134.277303,21.972968
0.689500,132.302408,21.972968
0.690000,134.285068,21.972968
0.690000,132.311453,21.972968
0.690000,134.313452,21.972968
0.690000,132.340524,21.972968
0.690000,134.321198,21.972968
0.690000,132.349549,21.972968
0.690500,134.347946,21.972968
0.690500,132.379225,21.972968
0.690500,134.355676,21.972968
0.690500,132.388228,21.972968
0.691000,134.363252,21.972968
0.691000,132.397221,21.972968
0.691000,134.388137,21.972968
0.691000,132.425321,21.972968
0.691500,134.394926,21.972968
0.691500,132.434292,21.972968
0.691500,134.420678,21.972968
0.691500,132.464034,21.972968
0.691500,134.426067,21.972968
0.691500,132.472984,21.972968
0.692000,134.451375,21.972968
0.692000,132.502982,21.972968
0.692000,134.459050,21.972968
0.692000,132.511911,21.972968
0.692500,134.483524,21.972968
0.692500,132.543460,21.972968
0.692500,134.491185,21.972968
0.692500,132.552368,21.972968
0.693000,134.510383,21.972968
0.693000,132.577529,21.972968
0.693000,134.518029,21.972968
0.693000,132.586417,21.972968
0.693000,134.531674,21.972968
0.693000,132.603126,21.972968
0.693500,134.539304,21.972968
0.693500,132.611992,21.972968
0.693500,134.540442,21.972968
0.693500,132.613420,21.972968
0.694000,134.548053,21.972968
0.694000,132.622264,21.972968
0.694000,134.544712,21.972968
0.694000,132.618127,21.972968
0.699000,134.552303,21.956782
0.699000,132.626950,21.956782
0.699000,134.562151,21.956782
0.699000,132.635763,21.956782
0.699000,134.559599,21.956782
0.699000,132.634185,21.956782
0.699500,134.567162,21.956782
0.699500,132.642977,21.956782
0.699500,134.574656,21.956782
0.699500,132.648939,21.956782
0.700000,134.582199,21.956782
0.700000,132.657710,21.956782
0.700000,134.585665,21.956782
0.700000,132.660176,21.956782
0.700000,134.593189,21.956782
0.700000,132.668926,21.956782
0.700500,134.591891,21.956782
0.700500,132.666995,21.956782
0.700500,134.599396,21.956782
0.700500,132.675724,21.956782
0.701000,134.594108,21.956782
0.701000,132.668702,21.956782
0.701000,134.601593,21.956782
0.701000,132.677410,21.956782
0.701500,134.596492,21.956782
0.701500,132.671871,21.956782
0.701500,134.603958,21.956782
0.701500,132.680558,21.956782
0.701500,134.599904,21.956782
0.701500,132.677831,21.956782
0.702000,134.607353,21.956782
0.702000,132.686497,21.956782
0.702000,134.614216,21.956782
0.702000,132.695153,21.956782
0.702500,134.598370,21.956782
0.702500,132.681201,21.956782
0.702500,134.605793,21.956782
0.702500,132.689837,21.956782
0.703000,134.568479,21.956782
0.703000,132.654335,21.956782
0.703000,134.575884,21.956782
0.703000,132.662949,21.956782
0.703000,134.537849,21.956782
0.703000,132.626383,21.956782
0.703500,134.545236,21.956782
0.703500,132.634976,21.956782
0.703500,134.517119,21.956782
0.703500,132.607208,21.956782
0.704000,134.524487,21.956782
0.704000,132.615779,21.956782
0.704000,134.505187,21.956782
0.704000,132.595019,21.956782
0.704000,134.512536,21.956782
0.704000,132.603570,21.956782
0.704500,134.515499,21.956782
0.704500,132.603921,21.956782
0.704500,134.522828,21.956782
0.704500,132.612452,21.956782
0.712500,134.525253,21.931942
0.712500,132.612289,21.931942
0.712500,134.532562,21.931942
0.712500,132.620800,21.931942
0.713000,134.539864,21.931942
0.713000,132.629300,21.931942
0.713000,134.540473,21.931942
0.713000,132.628560,21.931942
0.713000,134.547755,21.931942
0.713000,132.637040,21.931942
0.713500,134.556595,21.931942
0.713500,132.644761,21.931942
0.713500,134.563859,21.931942
0.713500,132.653222,21.931942
0.714000,134.582009,21.931942
0.714000,132.672584,21.931942
0.714000,134.589257,21.931942
0.714000,132.681025,21.931942
0.714500,134.631447,21.931942
0.714500,132.724671,21.931942
0.714500,134.638679,21.931942
0.714500,132.733093,21.931942
0.714500,134.685148,21.931942
0.714500,132.781733,21.931942
0.715000,134.692365,21.931942
0.715000,132.790136,21.931942
0.715000,134.738988,21.931942
0.715000,132.839115,21.931942
0.715500,134.746190,21.931942
0.715500,132.847500,21.931942
0.715500,134.769163,21.931942
0.715500,132.873198,21.931942
0.716000,134.776350,21.931942
0.716000,132.881564,21.931942
0.716000,134.783529,21.931942
0.716000,132.889920,21.931942
0.716000,134.796243,21.931942
0.716000,132.905414,21.931942
0.716500,134.803407,21.931942
0.716500,132.913751,21.931942
0.716500,134.813569,21.931942
0.716500,132.925910,21.931942
0.717000,134.820717,21.931942
0.717000,132.934227,21.931942
0.717000,134.832542,21.931942
0.717000,132.946969,21.931942
0.717000,134.839674,21.931942
0.717000,132.955268,21.931942
0.717500,134.850689,21.931942
0.717500,132.967232,21.931942
0.717500,134.857804,21.931942
0.717500,132.975512,21.931942
0.718000,134.862651,21.931942
0.718000,132.981387,21.931942
0.718000,134.869750,21.931942
0.718000,132.989647,21.931942
0.723000,134.875030,21.902990
0.723000,132.995949,21.902990
0.723000,134.882113,21.902990
0.723000,133.004190,21.902990
0.723000,134.903996,21.902990
0.723000,133.026059,21.902990
0.723500,134.909440,21.902990
0.723500,133.034282,21.902990
0.723500,134.916499,21.902990
0.723500,133.042495,21.902990
0.724000,134.939918,21.902990
0.724000,133.067507,21.902990
0.724000,134.946962,21.902990
0.724000,133.075701,21.902990
0.724500,134.965596,21.902990
0.724500,133.096243,21.902990
0.724500,134.972624,21.902990
0.724500,133.104419,21.902990
0.724500,134.982868,21.902990
0.724500,133.116383,21.902990
0.725000,134.989881,21.902990
0.725000,133.124540,21.902990
0.725000,135.004791,21.902990
0.725000,133.140442,21.902990
0.725500,135.011788,21.902990
0.725500,133.148581,21.902990
0.725500,135.033212,21.902990
0.725500,133.170444,21.902990
0.725500,135.040193,21.902990
0.725500,133.178565,21.902990
0.726000,135.065456,21.902990
0.726000,133.203070,21.902990
0.726000,135.072421,21.902990
0.726000,133.211172,21.902990
0.726500,135.098917,21.902990
0.726500,133.239482,21.902990
0.726500,135.108476,21.902990
0.726500,133.247566,21.902990
0.727000,135.115416,21.902990
0.727000,133.255641,21.902990
0.727000,135.137858,21.902990
0.727000,133.277897,21.902990
0.727000,135.144782,21.902990
0.727000,133.285954,21.902990
0.727500,135.173846,21.902990
0.727500,133.314985,21.902990
0.727500,135.180755,21.902990
0.727500,133.323024,21.902990
0.728000,135.213897,21.902990
0.728000,133.357211,21.902990
0.728000,135.220791,21.902990
0.728000,133.365232,21.902990
0.728500,135.265949,21.902990
0.728500,133.413037,21.902990
0.728500,135.272829,21.902990
0.728500,133.421041,21.902990
0.728500,135.309430,21.902990
0.728500,133.461537,21.902990
0.729000,135.316297,21.902990
0.729000,133.469523,21.902990
0.729000,135.338249,21.902990
0.729000,133.494079,21.902990
0.729500,135.345560,21.902990
0.729500,133.502047,21.902990
0.729500,135.337550,21.902990
0.729500,133.495401,21.902990
0.729500,135.345233,21.902990
0.729500,133.503351,21.902990
0.730000,135.352062,21.902990
0.730000,133.511292,21.902990
0.730000,135.333380,21.902990
0.730000,133.492846,21.902990
0.730500,135.340193,21.902990
0.730500,133.500769,21.902990
0.730500,135.313045,21.902990
0.730500,133.474870,21.902990
0.743000,135.319842,21.880959
0.743000,133.482774,21.880959
0.743000,135.274753,21.880959
0.743000,133.440498,21.880959
0.743000,135.281534,21.880959
0.743000,133.448384,21.880959
0.743500,135.244238,21.880959
0.743500,133.413243,21.880959
0.743500,135.251004,21.880959
0.743500,133.421110,21.880959
0.744000,135.235735,21.880959
0.744000,133.407400,21.880959
0.744000,135.242485,21.880959
0.744000,133.415248,21.880959
0.744500,135.235312,21.880959
0.744500,133.408145,21.880959
0.744500,135.241858,21.880959
0.744500,133.415976,21.880959
0.744500,135.226612,21.880959
0.744500,133.400377,21.880959
0.745000,135.233178,21.880959
0.745000,133.408189,21.880959
0.745000,135.228004,21.880959
0.745000,133.402782,21.880959
0.745500,135.235221,21.880959
0.745500,133.410577,21.880959
0.745500,135.241916,21.880959
0.745500,133.418363,21.880959
0.745500,135.250202,21.880959
0.745500,133.426799,21.880959
0.746000,135.256882,21.880959
0.746000,133.434568,21.880959
0.746000,135.270524,21.880959
0.746000,133.449381,21.880959
0.746500,135.277189,21.880959
0.746500,133.457132,21.880959
0.746500,135.314041,21.880959
0.746500,133.494932,21.880959
0.747000,135.320692,21.880959
0.747000,133.502666,21.880959
0.747000,135.363957,21.880959
0.747000,133.548761,21.880959
0.747000,135.370116,21.880959
0.747000,133.556479,21.880959
0.747500,135.408020,21.880959
0.747500,133.596833,21.880959
0.747500,135.414231,21.880959
0.747500,133.604535,21.880959
0.748000,135.441196,21.880959
0.748000,133.633348,21.880959
0.748000,135.447822,21.880959
0.748000,133.641033,21.880959
0.748500,135.462389,21.880959
0.748500,133.656759,21.880959
0.748500,135.469283,21.880959
0.748500,133.664427,21.880959
0.748500,135.475873,21.880959
0.748500,133.672087,21.880959
0.749000,135.484390,21.880959
0.749000,133.681150,21.880959
0.749000,135.490966,21.880959
0.749000,133.688793,21.880959
0.749500,135.491307,21.880959
0.749500,133.690287,21.880959
0.749500,135.497867,21.880959
0.749500,133.697913,21.880959
0.750000,135.499966,21.880959
0.750000,133.702042,21.880959
0.750000,135.506513,21.880959
0.750000,133.709650,21.880959
0.750000,135.497565,21.880959
0.750000,133.700015,21.880959
0.750500,135.502520,21.880959
0.750500,133.707606,21.880959
0.750500,135.498838,21.880959
0.750500,133.702826,21.880959
0.751000,135.502377,21.880959
0.751000,133.710401,21.880959
0.751000,135.516155,21.880959
0.751000,133.723892,21.880959
0.751000,135.519659,21.880959
0.751000,133.731450,21.880959
0.751500,135.523079,21.880959
0.751500,133.734845,21.880959
0.751500,135.526846,21.880959
0.751500,133.742386,21.880959
0.752000,135.533331,21.880959
0.752000,133.749918,21.880959
0.752000,135.533543,21.880959
0.752000,133.754057,21.880959
0.752500,135.540015,21.880959
0.752500,133.761573,21.880959
0.752500,135.536254,21.880959
0.752500,133.763413,21.880959
0.752500,135.542715,21.880959
0.752500,133.770912,21.880959
0.753000,135.543530,21.880959
0.753000,133.774309,21.880959
0.753000,135.546442,21.880959
0.753000,133.781792,21.880959
0.753500,135.548406,21.880959
0.753500,133.786451,21.880959
0.753500,135.551306,21.880959
0.753500,133.793917,21.880959
0.763500,135.555040,21.868233
0.763500,133.799457,21.868233
0.763500,135.558586,21.868233
0.763500,133.806907,21.868233
0.763500,135.551135,21.868233
0.763500,133.800075,21.868233
0.764000,135.554773,21.868233
0.764000,133.807509,21.868233
0.764000,135.543246,21.868233
0.764000,133.795927,21.868233
0.764500,135.547474,21.868233
0.764500,133.803344,21.868233
0.764500,135.553867,21.868233
0.764500,133.810752,21.868233
0.764500,135.524646,21.868233
0.764500,133.782964,21.868233
0.765000,135.531024,21.868233
0.765000,133.790356,21.868233
0.765000,135.509625,21.868233
0.765000,133.769672,21.868233
0.765500,135.515988,21.868233
0.765500,133.777047,21.868233
0.765500,135.498671,21.868233
0.765500,133.758194,21.868233
0.766000,135.502792,21.868233
0.766000,133.765552,21.868233
0.766000,135.485634,21.868233
0.766000,133.746709,21.868233
0.766000,135.490294,21.868233
0.766000,133.754051,21.868233
0.766500,135.470281,21.868233
0.766500,133.733062,21.868233
0.766500,135.475770,21.868233
0.766500,133.740388,21.868233
0.767000,135.465405,21.868233
0.767000,133.729482,21.868233
0.767000,135.471355,21.868233
0.767000,133.736791,21.868233
0.767500,135.472231,21.868233
0.767500,133.738401,21.868233
0.767500,135.477342,21.868233
0.767500,133.745694,21.868233
0.767500,135.483627,21.868233
0.767500,133.752980,21.868233
0.768000,135.493761,21.868233
0.768000,133.764367,21.868233
0.768000,135.500033,21.868233
0.768000,133.771636,21.868233
0.768500,135.508393,21.868233
0.768500,133.780632,21.868233
0.768500,135.514495,21.868233
0.768500,133.787887,21.868233
0.769000,135.520869,21.868233
0.769000,133.794609,21.868233
0.769000,135.526606,21.868233
0.769000,133.801847,21.868233
0.769000,135.526786,21.868233
0.769000,133.801204,21.868233
0.769500,135.531681,21.868233
0.769500,133.808427,21.868233
0.769500,135.533757,21.868233
0.769500,133.808416,21.868233
0.770000,135.538473,21.868233
0.770000,133.815623,21.868233
0.770000,135.539295,21.868233
0.770000,133.814973,21.868233
0.770000,135.543432,21.868233
0.770000,133.822164,21.868233
0.770500,135.544965,21.868233
0.770500,133.822977,21.868233
0.770500,135.549332,21.868233
0.770500,133.830153,21.868233
0.776500,135.555516,21.851909
0.776500,133.837321,21.851909
0.776500,135.564081,21.851909
0.776500,133.847562,21.851909
0.777000,135.570251,21.851909
0.777000,133.854714,21.851909
0.777000,135.591113,21.851909
0.777000,133.875820,21.851909
0.777000,135.595344,21.851909
0.777000,133.882958,21.851909
0.777500,135.618076,21.851909
0.777500,133.905868,21.851909
0.777500,135.622603,21.851909
0.777500,133.912991,21.851909
0.778000,135.632565,21.851909
0.778000,133.922274,21.851909
0.778000,135.637307,21.851909
0.778000,133.929381,21.851909
0.778500,135.634647,21.851909
0.778500,133.925664,21.851909
0.778500,135.639033,21.851909
0.778500,133.932756,21.851909
0.778500,135.640753,21.851909
0.778500,133.933584,21.851909
0.779000,135.644749,21.851909
0.779000,133.940660,21.851909
0.779000,135.647742,21.851909
0.779000,133.943478,21.851909
0.779500,135.652095,21.851909
0.779500,133.950540,21.851909
0.779500,135.665402,21.851909
0.779500,133.963869,21.851909
0.779500,135.671483,21.851909
0.779500,133.970915,21.851909
0.780000,135.676607,21.851909
0.780000,133.977954,21.851909
0.780000,135.686794,21.851909
0.780000,133.988999,21.851909
0.780500,135.692476,21.851909
0.780500,133.996023,21.851909
0.780500,135.696232,21.851909
0.780500,134.000745,21.851909
0.781000,135.702192,21.851909
0.781000,134.007754,21.851909
0.781000,135.708024,21.851909
0.781000,134.014816,21.851909
0.781000,135.714102,21.851909
0.781000,134.021810,21.851909
0.781500,135.725969,21.851909
0.781500,134.034887,21.851909
0.781500,135.731889,21.851909
0.781500,134.041866,21.851909
0.782000,135.743684,21.851909
0.782000,134.054466,21.851909
0.782000,135.749894,21.851909
0.782000,134.061430,21.851909
0.789000,135.765558,21.850325
0.789000,134.078010,21.850325
0.789000,135.771693,21.850325
0.789000,134.084960,21.850325
0.789000,135.779018,21.850325
0.789000,134.093776,21.850325
0.789500,135.785005,21.850325
0.789500,134.100711,21.850325
0.789500,135.791012,21.850325
0.789500,134.107639,21.850325
0.790000,135.802068,21.850325
0.790000,134.120497,21.850325
0.790000,135.808417,21.850325
0.790000,134.127411,21.850325
0.790000,135.823399,21.850325
0.790000,134.144280,21.850325
0.790500,135.829385,21.850325
0.790500,134.151179,21.850325
0.790500,135.838995,21.850325
0.790500,134.162551,21.850325
0.791000,135.845067,21.850325
0.791000,134.169436,21.850325
0.791000,135.848554,21.850325
0.791000,134.174512,21.850325
0.791500,135.854689,21.850325
0.791500,134.181382,21.850325
0.791500,135.860106,21.850325
0.791500,134.189522,21.850325
0.791500,135.867001,21.850325
0.791500,134.196378,21.850325
0.792000,135.869608,21.850325
0.792000,134.201231,21.850325
0.792000,135.875518,21.850325
0.792000,134.208073,21.850325
0.792500,135.871103,21.850325
0.792500,134.204386,21.850325
0.792500,135.877000,21.850325
0.792500,134.211212,21.850325
0.793000,135.883791,21.850325
0.793000,134.218032,21.850325
0.793000,135.873530,21.850325
0.793000,134.208941,21.850325
0.793000,135.880441,21.850325
0.793000,134.215746,21.850325
0.793500,135.865939,21.850325
0.793500,134.201913,21.850325
0.793500,135.872835,21.850325
0.793500,134.208703,21.850325
0.794000,135.872209,21.850325
0.794000,134.208326,21.850325
0.794000,135.878829,21.850325
0.794000,134.215102,21.850325
0.794000,135.885328,21.850325
0.794000,134.221878,21.850325
0.794500,135.891950,21.850325
0.794500,134.228639,21.850325
0.794500,135.900991,21.850325
0.794500,134.237710,21.850325
0.795000,135.907700,21.850325
0.795000,134.244458,21.850325
0.795000,135.911980,21.850325
0.795000,134.248468,21.850325
0.795500,135.917792,21.850325
0.795500,134.255201,21.850325
0.795500,135.934818,21.850325
0.795500,134.271341,21.850325
0.795500,135.940618,21.850325
0.795500,134.278061,21.850325
0.796000,135.947121,21.850325
0.796000,134.284774,21.850325
0.796000,135.961566,21.850325
0.796000,134.300045,21.850325
0.805000,135.968108,21.837738
0.805000,134.306744,21.837738
0.805000,135.984794,21.837738
0.805000,134.324346,21.837738
0.805500,135.991713,21.837738
0.805500,134.331031,21.837738
0.805500,136.004762,21.837738
0.805500,134.345240,21.837738
0.805500,136.011140,21.837738
0.805500,134.351911,21.837738
0.806000,136.020226,21.837738
0.806000,134.361903,21.837738
0.806000,136.027242,21.837738
0.806000,134.368561,21.837738
0.806500,136.027492,21.837738
0.806500,134.369642,21.837738
0.806500,136.033224,21.837738
0.806500,134.376285,21.837738
0.807000,136.020721,21.837738
0.807000,134.362055,21.837738
0.807000,136.026440,21.837738
0.807000,134.368684,21.837738
0.807000,136.016671,21.837738
0.807000,134.357590,21.837738
0.807500,136.022376,21.837738
0.807500,134.364206,21.837738
0.807500,136.028833,21.837738
0.807500,134.370815,21.837738
0.808000,136.022973,21.837738
0.808000,134.364031,21.837738
0.808000,136.029369,21.837738
0.808000,134.370626,21.837738
0.808000,136.024799,21.837738
0.808000,134.365851,21.837738
0.808500,136.031480,21.837738
0.808500,134.372433,21.837738
0.808500,136.023917,21.837738
0.808500,134.364530,21.837738
0.809000,136.029595,21.837738
0.809000,134.371097,21.837738
0.809000,136.023746,21.837738
0.809000,134.364985,21.837738
0.809500,136.029615,21.837738
0.809500,134.371539,21.837738
0.809500,136.002266,21.837738
0.809500,134.343977,21.837738
0.809500,136.007900,21.837738
0.809500,134.350517,21.837738
0.810000,135.950097,21.837738
0.810000,134.291800,21.837738
0.810000,135.955719,21.837738
0.810000,134.298325,21.837738
0.810500,135.891506,21.837738
0.810500,134.233203,21.837738
0.810500,135.897113,21.837738
0.810500,134.239714,21.837738
0.811000,135.903041,21.837738
0.811000,134.246217,21.837738
0.811000,135.854758,21.837738
0.811000,134.196989,21.837738
0.811000,135.860130,21.837738
0.811000,134.203479,21.837738
0.811500,135.808416,21.837738
0.811500,134.149830,21.837738
0.811500,135.813328,21.837738
0.811500,134.156305,21.837738
0.812000,135.725924,21.837738
0.812000,134.066505,21.837738
0.812000,135.730220,21.837738
0.812000,134.072965,21.837738
0.812000,135.624046,21.837738
0.812000,133.964792,21.837738
0.812500,135.627730,21.837738
0.812500,133.971237,21.837738
0.812500,135.543266,21.837738
0.812500,133.885576,21.837738
0.813000,135.548798,21.837738
0.813000,133.892006,21.837738
0.813000,135.503089,21.837738
0.813000,133.847377,21.837738
0.813500,135.508609,21.837738
0.813500,133.853793,21.837738
0.813500,135.505647,21.837738
0.813500,133.853184,21.837738
0.813500,135.511157,21.837738
0.813500,133.859587,21.837738
0.814000,135.484874,21.837738
0.814000,133.836140,21.837738
0.814000,135.490374,21.837738
0.814000,133.842530,21.837738
0.814500,135.492610,21.837738
0.814500,133.848913,21.837738
0.814500,135.487589,21.837738
0.814500,133.848070,21.837738
0.815000,135.489494,21.837738
0.815000,133.854440,21.837738
0.815000,135.494417,21.837738
0.815000,133.863237,21.837738
0.815000,135.497064,21.837738
0.815000,133.869594,21.837738
0.815500,135.501917,21.837738
0.815500,133.876901,21.837738
0.815500,135.507387,21.837738
0.815500,133.883246,21.837738
0.816000,135.505473,21.837738
0.816000,133.885036,21.837738
0.816000,135.510933,21.837738
0.816000,133.891368,21.837738
0.816500,135.505431,21.837738
0.816500,133.887321,21.837738
0.816500,135.510881,21.837738
0.816500,133.893639,21.837738
0.816500,135.529809,21.837738
0.816500,133.913325,21.837738
0.817000,135.535248,21.837738
0.817000,133.919630,21.837738
0.817000,135.527048,21.837738
0.817000,133.912798,21.837738
0.817500,135.532476,21.837738
0.817500,133.919091,21.837738
0.817500,135.537439,21.837738
0.817500,133.925378,21.837738
0.817500,135.515862,21.837738
0.817500,133.904854,21.837738
0.818000,135.520620,21.837738
0.818000,133.911127,21.837738
0.818000,135.526371,21.837738
0.818000,133.918934,21.837738
0.818500,135.531450,21.837738
0.818500,133.925195,21.837738
0.818500,135.544239,21.837738
0.818500,133.941141,21.837738
0.819000,135.549632,21.837738
0.819000,133.947389,21.837738
0.819000,135.565272,21.837738
0.819000,133.965922,21.837738
0.819000,135.570655,21.837738
0.819000,133.972158,21.837738
0.819500,135.586358,21.837738
0.819500,133.989611,21.837738
0.819500,135.591731,21.837738
0.819500,133.995835,21.837738
0.820000,135.603908,21.837738
0.820000,134.008966,21.837738
0.820000,135.609271,21.837738
0.820000,134.015178,21.837738
0.820500,135.628733,21.837738
0.820500,134.035190,21.837738
0.820500,135.634085,21.837738
0.820500,134.041389,21.837738
0.820500,135.640737,21.837738
0.820500,134.047582,21.837738
0.821000,135.653952,21.837738
0.821000,134.061966,21.837738
0.821000,135.660952,21.837738
0.821000,134.068147,21.837738
0.821500,135.671581,21.837738
0.821500,134.079117,21.837738
0.821500,135.676905,21.837738
0.821500,134.085285,21.837738
0.821500,135.699553,21.837738
0.821500,134.106432,21.837738
0.822000,135.704865,21.837738
0.822000,134.112588,21.837738
0.822000,135.734068,21.837738
0.822000,134.140739,21.837738
0.822500,135.739369,21.837738
0.822500,134.146884,21.837738
0.822500,135.778730,21.837738
0.822500,134.186819,21.837738
0.823000,135.784021,21.837738
0.823000,134.192952,21.837738
0.823000,135.827028,21.837738
0.823000,134.237118,21.837738
0.823000,135.832310,21.837738
0.823000,134.243239,21.837738
0.823500,135.861537,21.837738
0.823500,134.274892,21.837738
0.823500,135.866810,21.837738
0.823500,134.281001,21.837738
0.824000,135.870957,21.837738
0.824000,134.287104,21.837738
0.824000,135.892452,21.837738
0.824000,134.309447,21.837738
0.824500,135.896550,21.837738
0.824500,134.315538,21.837738
0.824500,135.910675,21.837738
0.824500,134.330574,21.837738
0.824500,135.915923,21.837738
0.824500,134.336653,21.837738
0.825000,135.936798,21.837738
0.825000,134.358532,21.837738
0.825000,135.942037,21.837738
0.825000,134.364600,21.837738
0.825500,135.964789,21.837738
0.825500,134.387692,21.837738
0.825500,135.970018,21.837738
0.825500,134.393748,21.837738
0.825500,135.996460,21.837738
0.825500,134.420374,21.837738
0.826000,136.001678,21.837738
0.826000,134.426418,21.837738
0.826000,136.033631,21.837738
0.826000,134.459593,21.837738
0.826500,136.038839,21.837738
0.826500,134.465626,21.837738
0.826500,136.070620,21.837738
0.826500,134.499295,21.837738
0.827000,136.075819,21.837738
0.827000,134.505316,21.837738
0.827000,136.080602,21.837738
0.827000,134.511331,21.837738
0.827000,136.109004,21.837738
0.827000,134.540376,21.837738
0.827500,136.114189,21.837738
0.827500,134.546380,21.837738
0.827500,136.132208,21.837738
0.827500,134.564771,21.837738
0.828000,136.137383,21.837738
0.828000,134.570763,21.837738
0.828000,136.153619,21.837738
0.828000,134.585746,21.837738
0.828500,136.158783,21.837738
0.828500,134.591726,21.837738
0.828500,136.179372,21.837738
0.828500,134.608615,21.837738
0.828500,136.184523,21.837738
0.828500,134.614584,21.837738
0.829000,136.199996,21.837738
0.829000,134.625989,21.837738
0.829000,136.205135,21.837738
0.829000,134.631946,21.837738
0.829500,136.219485,21.837738
0.829500,134.645269,21.837738
0.829500,136.224614,21.837738
0.829500,134.651215,21.837738
0.829500,136.243940,21.837738
0.829500,134.671423,21.837738
0.830000,136.249059,21.837738
0.830000,134.677357,21.837738
0.830000,136.253010,21.837738
0.830000,134.683286,21.837738
0.830500,136.269583,21.837738
0.830500,134.700489,21.837738
0.830500,136.274688,21.837738
0.830500,134.706406,21.837738
0.831000,136.296503,21.837738
0.831000,134.731126,21.837738
0.831000,136.301599,21.837738
0.831000,134.737031,21.837738
0.831000,136.314977,21.837738
0.831000,134.753221,21.837738
0.831500,136.320064,21.837738
0.831500,134.759115,21.837738
0.831500,136.335819,21.837738
0.831500,134.776388,21.837738
0.832000,136.340896,21.837738
0.832000,134.782271,21.837738
0.832000,136.370295,21.837738
0.832000,134.812659,21.837738
0.832500,136.375364,21.837738
0.832500,134.818531,21.837738
0.832500,136.395857,21.837738
0.832500,134.840802,21.837738
0.832500,136.400917,21.837738
0.832500,134.846663,21.837738
0.833000,136.416641,21.837738
0.833000,134.865081,21.837738
0.833000,136.421692,21.837738
0.833000,134.870930,21.837738
0.833500,136.426738,21.837738
0.833500,134.876774,21.837738
0.833500,136.424340,21.837738
0.833500,134.877928,21.837738
0.834000,136.429377,21.837738
0.834000,134.883760,21.837738
0.834000,136.423191,21.837738
0.834000,134.880940,21.837738
0.834000,136.428220,21.837738
0.834000,134.886760,21.837738
0.834500,136.424535,21.837738
0.834500,134.885416,21.837738
0.834500,136.429556,21.837738
0.834500,134.891226,21.837738
0.835000,136.427223,21.837738
0.835000,134.890301,21.837738
0.835000,136.432234,21.837738
0.835000,134.896099,21.837738
0.835000,136.421019,21.837738
0.835000,134.886213,21.837738
0.835500,136.426020,21.837738
0.835500,134.892000,21.837738
0.835500,136.416993,21.837738
0.835500,134.884233,21.837738
0.836000,136.421985,21.837738
0.836000,134.890008,21.837738
0.836000,136.429727,21.837738
0.836000,134.899022,21.837738
0.836500,136.434709,21.837738
0.836500,134.904786,21.837738
0.836500,136.458919,21.837738
0.836500,134.931380,21.837738
0.836500,136.464095,21.837738
0.836500,134.937134,21.837738
0.837000,136.469064,21.837738
0.837000,134.942881,21.837738
0.837000,136.496069,21.837738
0.837000,134.971274,21.837738
0.837500,136.501029,21.837738
0.837500,134.977011,21.837738
0.837500,136.520809,21.837738
0.837500,134.997187,21.837738
0.838000,136.525760,21.837738
0.838000,135.002913,21.837738
0.838000,136.530524,21.837738
0.838000,135.007415,21.837738
0.838000,136.535465,21.837738
0.838000,135.013130,21.837738
0.838500,136.539506,21.837738
0.838500,135.016499,21.837738
0.838500,136.544436,21.837738
0.838500,135.022204,21.837738
0.839000,136.549074,21.837738
0.839000,135.025814,21.837738
0.839000,136.553995,21.837738
0.839000,135.031507,21.837738
0.839000,136.564281,21.837738
0.839000,135.041949,21.837738
0.839500,136.570433,21.837738
0.839500,135.047631,21.837738
0.839500,136.572563,21.837738
0.839500,135.049407,21.837738
0.840000,136.578597,21.837738
0.840000,135.055078,21.837738
0.840000,136.583492,21.837738
0.840000,135.060744,21.837738
0.840500,136.590699,21.837738
0.840500,135.065947,21.837738
0.840500,136.595584,21.837738
0.840500,135.071602,21.837738
0.840500,136.635984,21.837738
0.840500,135.110695,21.837738
0.841000,136.640859,21.837738
0.841000,135.116340,21.837738
0.841000,136.697070,21.837738
0.841000,135.170510,21.837738
0.906000,136.701935,21.833668
0.906000,135.176145,21.833668
0.906000,136.721564,21.833668
0.906000,135.193497,21.833668
0.906500,136.726418,21.833668
0.906500,135.199121,21.833668
0.906500,136.736497,21.833668
0.906500,135.206037,21.833668
0.906500,136.741340,21.833668
0.906500,135.211650,21.833668
0.907000,136.746575,21.833668
0.907000,135.214286,21.833668
0.907000,136.751006,21.833668
0.907000,135.219889,21.833668
0.907500,136.780363,21.833668
0.907500,135.248150,21.833668
0.907500,136.784053,21.833668
0.907500,135.253742,21.833668
0.908000,136.788872,21.833668
0.908000,135.259329,21.833668
0.908000,136.839971,21.833668
0.908000,135.309924,21.833668
0.908000,136.844781,21.833668
0.908000,135.315501,21.833668
0.908500,136.885884,21.833668
0.908500,135.355808,21.833668
0.908500,136.890685,21.833668
0.908500,135.361375,21.833668
0.909000,136.914813,21.833668
0.909000,135.384722,21.833668
0.909000,136.919604,21.833668
0.909000,135.390279,21.833668
0.909000,136.921913,21.833668
0.909000,135.390883,21.833668
0.909500,136.926693,21.833668
0.909500,135.396429,21.833668
0.909500,136.903925,21.833668
0.909500,135.372764,21.833668
0.910000,136.908505,21.833668
0.910000,135.378299,21.833668
0.910000,136.881001,21.833668
0.910000,135.349889,21.833668
0.910500,136.885522,21.833668
0.910500,135.355413,21.833668
0.910500,136.857869,21.833668
0.910500,135.327339,21.833668
0.910500,136.862794,21.833668
0.910500,135.332852,21.833668
0.911000,136.867539,21.833668
0.911000,135.338360,21.833668
0.911000,136.866583,21.833668
0.911000,135.338421,21.833668
0.911500,136.871320,21.833668
0.911500,135.343918,21.833668
0.911500,136.879876,21.833668
0.911500,135.353406,21.833668
0.912000,136.884604,21.833668
0.912000,135.358893,21.833668
0.912000,136.897720,21.833668
0.912000,135.373329,21.833668
0.912000,136.902440,21.833668
0.912000,135.378806,21.833668
0.912500,136.921943,21.833668
0.912500,135.399812,21.833668
0.912500,136.926655,21.833668
0.912500,135.405279,21.833668
0.913000,136.956282,21.833668
0.913000,135.436727,21.833668
0.913000,136.960238,21.833668
0.913000,135.442184,21.833668
0.913000,136.988882,21.833668
0.913000,135.472423,21.833668
0.913500,136.993649,21.833668
0.913500,135.477870,21.833668
0.913500,137.007015,21.833668
0.913500,135.492362,21.833668
0.914000,137.012557,21.833668
0.914000,135.497799,21.833668
0.914000,137.017240,21.833668
0.914000,135.503231,21.833668
0.914500,137.034874,21.833668
0.914500,135.520564,21.833668
0.914500,137.039548,21.833668
0.914500,135.525986,21.833668
0.914500,137.053337,21.833668
0.914500,135.539486,21.833668
0.915000,137.058002,21.833668
0.915000,135.544898,21.833668
0.915000,137.073171,21.833668
0.915000,135.560233,21.833668
0.915500,137.077827,21.833668
0.915500,135.565634,21.833668
0.915500,137.083897,21.833668
0.915500,135.572182,21.833668
0.916000,137.089182,21.833668
0.916000,135.577574,21.833668
0.916000,137.089432,21.833668
0.916000,135.577876,21.833668
0.916000,137.093986,21.833668
0.916000,135.583258,21.833668
0.916500,137.092610,21.833668
0.916500,135.581767,21.833668
0.916500,137.096300,21.833668
0.916500,135.587138,21.833668
0.917000,137.088852,21.833668
0.917000,135.578373,21.833668
0.917000,137.092014,21.833668
0.917000,135.583734,21.833668
0.917000,137.096630,21.833668
0.917000,135.589090,21.833668
0.917500,137.082401,21.833668
0.917500,135.574785,21.833668
0.917500,137.087008,21.833668
0.917500,135.580131,21.833668
0.918000,137.073915,21.833668
0.918000,135.567383,21.833668
0.918000,137.078513,21.833668
0.918000,135.572718,21.833668
0.918500,137.064444,21.833668
0.918500,135.559395,21.833668
0.918500,137.069033,21.833668
0.918500,135.564720,21.833668
0.918500,137.050183,21.833668
0.918500,135.544082,21.833668
0.919000,137.052235,21.833668
0.919000,135.549398,21.833668
0.919000,137.044519,21.833668
0.919000,135.539376,21.833668
0.919500,137.047048,21.833668
0.919500,135.544682,21.833668
0.919500,137.043764,21.833668
0.919500,135.537440,21.833668
0.920000,137.046905,21.833668
0.920000,135.542736,21.833668
0.920000,137.054506,21.833668
0.920000,135.547147,21.833668
0.920000,137.057988,21.833668
0.920000,135.552433,21.833668
0.920500,137.062535,21.833668
0.920500,135.557713,21.833668
0.920500,137.080509,21.833668
0.920500,135.572404,21.833668
0.921000,137.085046,21.833668
0.921000,135.577675,21.833668
0.921000,137.103846,21.833668
0.921000,135.592695,21.833668
0.921000,137.108373,21.833668
0.921000,135.597956,21.833668
0.921500,137.129094,21.833668
0.921500,135.614357,21.833668
0.921500,137.132444,21.833668
0.921500,135.619609,21.833668
0.922000,137.165947,21.833668
0.922000,135.649284,21.833668
0.922000,137.169368,21.833668
0.922000,135.654527,21.833668
0.922500,137.213130,21.833668
0.922500,135.696315,21.833668
0.922500,137.217001,21.833668
0.922500,135.701548,21.833668
0.922500,137.274965,21.833668
0.922500,135.759138,21.833668
0.923000,137.279247,21.833668
0.923000,135.764362,21.833668
0.923000,137.341898,21.833668
0.923000,135.828260,21.833668
0.923500,137.346349,21.833668
0.923500,135.833476,21.833668
0.923500,137.392708,21.833668
0.923500,135.881798,21.833668
0.924000,137.397829,21.833668
0.924000,135.887004,21.833668
0.924000,137.402302,21.833668
0.924000,135.892206,21.833668
0.924000,137.427007,21.833668
0.924000,135.917929,21.833668
0.924500,137.431471,21.833668
0.924500,135.923121,21.833668
0.924500,137.428535,21.833668
0.924500,135.921573,21.833668
0.925000,137.433929,21.833668
0.925000,135.926756,21.833668
0.925000,137.425424,21.833668
0.925000,135.919561,21.833668
0.925500,137.430219,21.833668
0.925500,135.924735,21.833668
0.925500,137.416938,21.833668
0.925500,135.912460,21.833668
0.925500,137.421206,21.833668
0.925500,135.917623,21.833668
0.926000,137.399310,21.833668
0.926000,135.896488,21.833668
0.926000,137.402956,21.833668
0.926000,135.901641,21.833668
0.926500,137.369329,21.833668
0.926500,135.868879,21.833668
0.926500,137.372990,21.833668
0.926500,135.874023,21.833668
0.926500,137.340834,21.833668
0.926500,135.843219,21.833668
0.927000,137.345151,21.833668
0.927000,135.848353,21.833668
0.927000,137.349563,21.833668
0.927000,135.853482,21.833668
0.927500,137.315516,21.833668
0.927500,135.821215,21.833668
0.927500,137.320748,21.833668
0.927500,135.826334,21.833668
0.928000,137.299030,21.833668
0.928000,135.807060,21.833668
0.928000,137.305297,21.833668
0.928000,135.812170,21.833668
0.928000,137.290314,21.833668
0.928000,135.800467,21.833668
0.928500,137.296747,21.833668
0.928500,135.805567,21.833668
0.928500,137.283438,21.833668
0.928500,135.795685,21.833668
0.929000,137.290123,21.833668
0.929000,135.800776,21.833668
0.929000,137.271335,21.833668
0.929000,135.785486,21.833668
0.929500,137.277924,21.833668
0.929500,135.790568,21.833668
0.929500,137.257218,21.833668
0.929500,135.772964,21.833668
0.929500,137.264201,21.833668
0.929500,135.778036,21.833668
0.930000,137.235166,21.833668
0.930000,135.751166,21.833668
0.930000,137.242269,21.833668
0.930000,135.756229,21.833668
0.930500,137.246619,21.833668
0.930500,135.761286,21.833668
0.930500,137.218518,21.833668
0.930500,135.734553,21.833668
0.930500,137.225563,21.833668
0.930500,135.739601,21.833668
0.931000,137.214535,21.833668
0.931000,135.729598,21.833668
0.931000,137.221463,21.833668
0.931000,135.734637,21.833668
0.931500,137.210581,21.833668
0.931500,135.724470,21.833668
0.931500,137.216948,21.833668
0.931500,135.729499,21.833668
0.932000,137.207973,21.833668
0.932000,135.721377,21.833668
0.932000,137.213484,21.833668
0.932000,135.726397,21.833668
0.932000,137.222700,21.833668
0.932000,135.736158,21.833668
0.932500,137.228047,21.833668
0.932500,135.741169,21.833668
0.932500,137.233833,21.833668
0.932500,135.747848,21.833668
0.933000,137.240014,21.833668
0.933000,135.752850,21.833668
0.933000,137.256106,21.833668
0.933000,135.770274,21.833668
0.933500,137.260396,21.833668
0.933500,135.775267,21.833668
0.933500,137.266527,21.833668
0.933500,135.780256,21.833668
0.933500,137.286573,21.833668
0.933500,135.802068,21.833668
0.934000,137.291913,21.833668
0.934000,135.807048,21.833668
0.934000,137.313375,21.833668
0.934000,135.830008,21.833668
0.934500,137.318582,21.833668
0.934500,135.834979,21.833668
0.934500,137.350889,21.833668
0.934500,135.869224,21.833668
0.935000,137.355946,21.833668
0.935000,135.874187,21.833668
0.935000,137.397008,21.833668
0.935000,135.916257,21.833668
0.935000,137.402388,21.833668
0.935000,135.921212,21.833668
0.935500,137.428154,21.833668
0.935500,135.947012,21.833668
0.935500,137.433745,21.833668
0.935500,135.951958,21.833668
0.936000,137.441638,21.833668
0.936000,135.959002,21.833668
0.936000,137.447180,21.833668
0.936000,135.963939,21.833668
0.936000,137.453689,21.833668
0.936000,135.969446,21.833668
0.936500,137.457921,21.833668
0.936500,135.974374,21.833668
0.936500,137.462847,21.833668
0.936500,135.979298,21.833668
0.937000,137.475970,21.833668
0.937000,135.991224,21.833668
0.937000,137.480643,21.833668
0.937000,135.996139,21.833668
0.937500,137.511833,21.833668
0.937500,136.026462,21.833668
0.937500,137.515616,21.833668
0.937500,136.031369,21.833668
0.937500,137.555847,21.833668
0.937500,136.070938,21.833668
0.938000,137.559429,21.833668
0.938000,136.075836,21.833668
0.938000,137.601367,21.833668
0.938000,136.117404,21.833668
0.938500,137.605268,21.833668
0.938500,136.122294,21.833668
0.938500,137.642604,21.833668
0.938500,136.159264,21.833668
0.939000,137.646131,21.833668
0.939000,136.164146,21.833668
0.939000,137.675814,21.833668
0.939000,136.193353,21.833668
0.939000,137.679996,21.833668
0.939000,136.198227,21.833668
0.939500,137.707565,21.833668
0.939500,136.226899,21.833668
0.939500,137.711740,21.833668
0.939500,136.231764,21.833668
0.940000,137.714898,21.833668
0.940000,136.236625,21.833668
0.940000,137.734986,21.833668
0.940000,136.256835,21.833668
0.940000,137.737967,21.833668
0.940000,136.261687,21.833668
0.945000,137.759289,21.819210
0.945000,136.282663,21.819210
0.945000,137.762162,21.819210
0.945000,136.287507,21.819210
0.945500,137.787042,21.819210
0.945500,136.312262,21.819210
0.945500,137.790322,21.819210
0.945500,136.317098,21.819210
0.946000,137.811222,21.819210
0.946000,136.337262,21.819210
0.946000,137.814677,21.819210
0.946000,136.342089,21.819210
0.946000,137.841756,21.819210
0.946000,136.369091,21.819210
0.946500,137.845518,21.819210
0.946500,136.373910,21.819210
0.946500,137.868552,21.819210
0.946500,136.396777,21.819210
0.947000,137.872681,21.819210
0.947000,136.401588,21.819210
0.947000,137.883873,21.819210
0.947000,136.413175,21.819210
0.947500,137.887995,21.819210
0.947500,136.417977,21.819210
0.947500,137.905936,21.819210
0.947500,136.436161,21.819210
0.947500,137.910050,21.819210
0.947500,136.440955,21.819210
0.948000,137.913936,21.819210
0.948000,136.445745,21.819210
0.948000,137.932825,21.819210
0.948000,136.465557,21.819210
0.948500,137.936573,21.819210
0.948500,136.470339,21.819210
0.948500,137.949708,21.819210
0.948500,136.484247,21.819210
0.948500,137.953258,21.819210
0.948500,136.489021,21.819210
0.953000,137.957338,21.823152
0.953000,136.493536,21.823152
0.953000,137.960998,21.823152
0.953000,136.498301,21.823152
0.953500,137.961196,21.823152
0.953500,136.498514,21.823152
0.953500,137.965279,21.823152
0.953500,136.503271,21.823152
0.954000,137.965839,21.823152
0.954000,136.504412,21.823152
0.954000,137.969915,21.823152
0.954000,136.509160,21.823152
0.954000,137.968304,21.823152
0.954000,136.506816,21.823152
0.954500,137.972372,21.823152
0.954500,136.511556,21.823152
0.954500,137.969794,21.823152
0.954500,136.507755,21.823152
0.955000,137.973854,21.823152
0.955000,136.512486,21.823152
0.955000,137.977691,21.823152
0.955000,136.517213,21.823152
0.955500,137.988649,21.823152
0.955500,136.527637,21.823152
0.955500,137.992579,21.823152
0.955500,136.532356,21.823152
0.955500,138.006642,21.823152
0.955500,136.546066,21.823152
0.956000,138.009791,21.823152
0.956000,136.550776,21.823152
0.956000,138.017819,21.823152
0.956000,136.558978,21.823152
0.956500,138.020837,21.823152
0.956500,136.563680,21.823152
0.956500,138.025038,21.823152
0.956500,136.567540,21.823152
0.956500,138.029066,21.823152
0.956500,136.572234,21.823152
0.957000,138.035030,21.823152
0.957000,136.578723,21.823152
0.957000,138.039051,21.823152
0.957000,136.583409,21.823152
0.957500,138.045109,21.823152
0.957500,136.590228,21.823152
0.957500,138.049123,21.823152
0.957500,136.594906,21.823152
0.958000,138.059395,21.823152
0.958000,136.605828,21.823152
0.958000,138.063402,21.823152
0.958000,136.610497,21.823152
0.958000,138.066495,21.823152
0.958000,136.615163,21.823152
0.958500,138.081117,21.823152
0.958500,136.629487,21.823152
0.958500,138.084252,21.823152
0.958500,136.634145,21.823152
0.959000,138.104991,21.823152
0.959000,136.654543,21.823152
0.959000,138.108050,21.823152
0.959000,136.659193,21.823152
0.959500,138.124087,21.823152
0.959500,136.674385,21.823152
0.959500,138.128070,21.823152
0.959500,136.679027,21.823152
0.959500,138.136262,21.823152
0.959500,136.687929,21.823152
0.969500,138.140238,21.812423
0.969500,136.692563,21.812423
0.969500,138.148736,21.812423
0.969500,136.702775,21.812423
0.970000,138.152706,21.812423
0.970000,136.707401,21.812423
0.970000,138.166713,21.812423
0.970000,136.723884,21.812423
0.970500,138.170678,21.812423
0.970500,136.728502,21.812423
0.970500,138.186409,21.812423
0.970500,136.746171,21.812423
0.970500,138.190367,21.812423
0.970500,136.750781,21.812423
0.971000,138.192984,21.812423
0.971000,136.755388,21.812423
0.971000,138.209494,21.812423
0.971000,136.772808,21.812423
0.971500,138.212804,21.812423
0.971500,136.777407,21.812423
0.971500,138.224097,21.812423
0.971500,136.789598,21.812423
0.971500,138.227455,21.812423
0.971500,136.794189,21.812423
0.972000,138.217553,21.812423
0.972000,136.784591,21.812423
0.972000,138.221489,21.812423
0.972000,136.789173,21.812423
0.972500,138.210971,21.812423
0.972500,136.780071,21.812423
0.972500,138.214901,21.812423
0.972500,136.784646,21.812423
0.973000,138.199199,21.812423
0.973000,136.769542,21.812423
0.973000,138.203122,21.812423
0.973000,136.774108,21.812423
0.973000,138.192791,21.812423
0.973000,136.764307,21.812423
0.973500,138.196706,21.812423
0.973500,136.768866,21.812423
0.973500,138.204723,21.812423
0.973500,136.778210,21.812423
0.974000,138.208633,21.812423
0.974000,136.782760,21.812423
0.974000,138.211958,21.812423
0.974000,136.787307,21.812423
0.974500,138.222796,21.812423
0.974500,136.799388,21.812423
0.974500,138.226172,21.812423
0.974500,136.803927,21.812423
0.974500,138.236689,21.812423
0.974500,136.815992,21.812423
0.975000,138.240488,21.812423
0.975000,136.820523,21.812423
0.975000,138.246197,21.812423
0.975000,136.827567,21.812423
0.975500,138.250085,21.812423
0.975500,136.832090,21.812423
0.975500,138.246268,21.812423
0.975500,136.829549,21.812423
0.975500,138.250149,21.812423
0.975500,136.834065,21.812423
0.976000,138.242528,21.812423
0.976000,136.827450,21.812423
0.976000,138.246403,21.812423
0.976000,136.831958,21.812423
0.981000,138.243119,21.698234
0.981000,136.829517,21.698234
0.981000,138.246987,21.698234
0.981000,136.834018,21.698234
0.981500,138.251264,21.698234
0.981500,136.838870,21.698234
0.981500,138.255125,21.698234
0.981500,136.843363,21.698234
0.981500,138.260306,21.698234
0.981500,136.847852,21.698234
0.982000,138.259506,21.698234
0.982000,136.848064,21.698234
0.982000,138.264574,21.698234
0.982000,136.852545,21.698234
0.982500,138.262858,21.698234
0.982500,136.852094,21.698234
0.982500,138.266703,21.698234
0.982500,136.856568,21.698234
0.983000,138.262901,21.698234
0.983000,136.853266,21.698234
0.983000,138.266739,21.698234
0.983000,136.857732,21.698234
0.983000,138.261000,21.698234
0.983000,136.852051,21.698234
0.983500,138.264831,21.698234
0.983500,136.856509,21.698234
0.983500,138.261442,21.698234
0.983500,136.853713,21.698234
0.984000,138.265267,21.698234
0.984000,136.858164,21.698234
0.984000,138.259394,21.698234
0.984000,136.853540,21.698234
0.984500,138.263212,21.698234
0.984500,136.857983,21.698234
0.984500,138.261071,21.698234
0.984500,136.856705,21.698234
0.984500,138.264883,21.698234
0.984500,136.861140,21.698234
0.985000,138.269175,21.698234
0.985000,136.865571,21.698234
0.985000,138.255882,21.698234
0.985000,136.853155,21.698234
0.985500,138.259684,21.698234
0.985500,136.857579,21.698234
0.985500,138.248430,21.698234
0.985500,136.846242,21.698234
0.985500,138.252225,21.698234
0.985500,136.850658,21.698234
0.986000,138.245869,21.698234
0.986000,136.845076,21.698234
0.986000,138.249658,21.698234
0.986000,136.849484,21.698234
0.986500,138.246133,21.698234
0.986500,136.847113,21.698234
0.986500,138.249915,21.698234
0.986500,136.851514,21.698234
0.995000,138.247290,21.753398
0.995000,136.849236,21.753398
0.995000,138.251065,21.753398
0.995000,136.853630,21.753398
0.995000,138.247532,21.753398
0.995000,136.850517,21.753398
0.995500,138.251301,21.753398
0.995500,136.854903,21.753398
0.995500,138.256114,21.753398
0.995500,136.860360,21.753398
0.996000,138.259877,21.753398
0.996000,136.864739,21.753398
0.996000,138.262763,21.753398
0.996000,136.868123,21.753398
0.996500,138.266519,21.753398
0.996500,136.872494,21.753398
0.996500,138.270273,21.753398
0.996500,136.876861,21.753398
0.996500,138.272228,21.753398
0.996500,136.879327,21.753398
0.997000,138.275976,21.753398
0.997000,136.883687,21.753398
0.997000,138.274453,21.753398
0.997000,136.882767,21.753398
0.997500,138.278194,21.753398
0.997500,136.887120,21.753398
0.997500,138.274394,21.753398
0.997500,136.884503,21.753398
0.997500,138.278129,21.753398
0.997500,136.888849,21.753398
0.998000,138.273141,21.753398
0.998000,136.884799,21.753398
0.998000,138.276869,21.753398
0.998000,136.889136,21.753398
0.998500,138.270651,21.753398
0.998500,136.883960,21.753398
0.998500,138.274373,21.753398
0.998500,136.888291,21.753398
0.999000,138.274673,21.753398
0.999000,136.889237,21.753398
0.999000,138.278389,21.753398
0.999000,136.893560,21.753398
0.999000,138.282502,21.753398
0.999000,136.899296,21.753398
1.009000,138.330238,21.734948
1.009000,136.958037,21.734948
1.009000,138.334139,21.734948
1.009000,136.962299,21.734948
1.009500,138.337802,21.734948
1.009500,136.966558,21.734948
1.009500,138.334701,21.734948
1.009500,136.964738,21.734948
1.009500,138.338357,21.734948
1.009500,136.968990,21.734948
1.010000,138.330593,21.734948
1.010000,136.962436,21.734948
1.010000,138.334243,21.734948
1.010000,136.966680,21.734948
1.010500,138.323488,21.734948
1.010500,136.957224,21.734948
1.010500,138.327133,21.734948
1.010500,136.961461,21.734948
1.011000,138.317435,21.734948
1.011000,136.953551,21.734948
1.011000,138.321074,21.734948
1.011000,136.957781,21.734948
1.011000,138.312457,21.734948
1.011000,136.951002,21.734948
1.011500,138.316090,21.734948
1.011500,136.955224,21.734948
1.011500,138.300876,21.734948
1.011500,136.941419,21.734948
1.012000,138.304503,21.734948
1.012000,136.945635,21.734948
1.012000,138.288285,21.734948
1.012000,136.930320,21.734948
1.012000,138.291407,21.734948
1.012000,136.934528,21.734948
1.012500,138.295026,21.734948
1.012500,136.938733,21.734948
1.012500,138.289803,21.734948
1.012500,136.935490,21.734948
1.013000,138.293416,21.734948
1.013000,136.939688,21.734948
1.013000,138.290157,21.734948
1.013000,136.937432,21.734948
1.013500,138.293765,21.734948
1.013500,136.941623,21.734948
1.013500,138.285414,21.734948
1.013500,136.934983,21.734948
1.013500,138.289016,21.734948
1.013500,136.939167,21.734948
1.014000,138.281130,21.734948
1.014000,136.932479,21.734948
1.014000,138.284726,21.734948
1.014000,136.936656,21.734948
1.014500,138.278107,21.734948
1.014500,136.931099,21.734948
1.014500,138.281698,21.734948
1.014500,136.935269,21.734948
1.015000,138.276490,21.734948
1.015000,136.930940,21.734948
1.015000,138.279691,21.734948
1.015000,136.935102,21.734948
1.015000,138.277955,21.734948
1.015000,136.934554,21.734948
1.015500,138.281295,21.734948
1.015500,136.938710,21.734948
1.015500,138.284872,21.734948
1.015500,136.942862,21.734948
1.024000,138.279826,21.749848
1.024000,136.938496,21.749848
1.024000,138.283397,21.749848
1.024000,136.942642,21.749848
1.024500,138.283743,21.749848
1.024500,136.943234,21.749848
1.024500,138.287308,21.749848
1.024500,136.947373,21.749848
1.024500,138.288298,21.749848
1.024500,136.948732,21.749848
1.025000,138.291857,21.749848
1.025000,136.952865,21.749848
1.025000,138.289688,21.749848
1.025000,136.950919,21.749848
1.025500,138.293241,21.749848
1.025500,136.955044,21.749848
1.025500,138.289838,21.749848
1.025500,136.952552,21.749848
1.025500,138.293385,21.749848
1.025500,136.956671,21.749848
1.026000,138.290510,21.749848
1.026000,136.954363,21.749848
1.026000,138.293030,21.749848
1.026000,136.958475,21.749848
1.026500,138.293489,21.749848
1.026500,136.959902,21.749848
1.026500,138.296140,21.749848
1.026500,136.964007,21.749848
1.027000,138.299674,21.749848
1.027000,136.968108,21.749848
1.027000,138.299957,21.749848
1.027000,136.970176,21.749848
1.027000,138.303485,21.749848
1.027000,136.974271,21.749848
1.027500,138.301653,21.749848
1.027500,136.974425,21.749848
1.027500,138.305176,21.749848
1.027500,136.978513,21.749848
1.028000,138.300517,21.749848
1.028000,136.975234,21.749848
1.028000,138.304035,21.749848
1.028000,136.979316,21.749848
1.028500,138.305197,21.749848
1.028500,136.981442,21.749848
1.028500,138.308709,21.749848
1.028500,136.985516,21.749848
1.028500,138.305818,21.749848
1.028500,136.983936,21.749848
1.029000,138.309928,21.749848
1.029000,136.988004,21.749848
1.029000,138.312816,21.749848
1.029000,136.991608,21.749848
1.029500,138.316671,21.749848
1.029500,136.995669,21.749848
1.029500,138.324853,21.749848
1.029500,137.004455,21.749848
1.029500,138.328120,21.749848
1.029500,137.008509,21.749848
1.030000,138.327845,21.749848
1.030000,137.008894,21.749848
1.030000,138.330708,21.749848
1.030000,137.012942,21.749848
1.030500,138.334195,21.749848
1.030500,137.016987,21.749848
1.030500,138.330440,21.749848
1.030500,137.014577,21.749848
1.031000,138.333922,21.749848
1.031000,137.018615,21.749848
1.031000,138.339270,21.749848
1.031000,137.024438,21.749848
1.031000,138.342746,21.749848
1.031000,137.028470,21.749848
1.031500,138.336293,21.749848
1.031500,137.022644,21.749848
1.031500,138.339763,21.749848
1.031500,137.026669,21.749848
1.040000,138.342411,21.745429
1.040000,137.030002,21.745429
1.040000,138.345965,21.745429
1.040000,137.034021,21.745429
1.040500,138.357612,21.745429
1.040500,137.047054,21.745429
1.040500,138.361541,21.745429
1.040500,137.051067,21.745429
1.040500,138.372852,21.745429
1.040500,137.063390,21.745429
1.041000,138.377063,21.745429
1.041000,137.067396,21.745429
1.041000,138.390291,21.745429
1.041000,137.081574,21.745429
1.041500,138.395094,21.745429
1.041500,137.085573,21.745429
1.041500,138.398539,21.745429
1.041500,137.089570,21.745429
1.042000,138.408888,21.745429
1.042000,137.100090,21.745429
1.042000,138.412328,21.745429
1.042000,137.104080,21.745429
1.042000,138.420799,21.745429
1.042000,137.113107,21.745429
1.042500,138.424233,21.745429
1.042500,137.117090,21.745429
1.042500,138.429595,21.745429
1.042500,137.123610,21.745429
1.043000,138.433126,21.745429
1.043000,137.127587,21.745429
1.043000,138.442770,21.745429
1.043000,137.138058,21.745429
1.043000,138.445774,21.745429
1.043000,137.142029,21.745429
1.043500,138.459445,21.745429
1.043500,137.155979,21.745429
1.043500,138.462305,21.745429
1.043500,137.159944,21.745429
1.044000,138.472169,21.745429
1.044000,137.169773,21.745429
1.044000,138.475545,21.745429
1.044000,137.173732,21.745429
1.044500,138.487813,21.745429
1.044500,137.185924,21.745429
1.044500,138.491107,21.745429
1.044500,137.189876,21.745429
1.044500,138.494512,21.745429
1.044500,137.193825,21.745429
1.045000,138.513228,21.745429
1.045000,137.212558,21.745429
1.045000,138.516628,21.745429
1.045000,137.216500,21.745429
1.045500,138.532522,21.745429
1.045500,137.232580,21.745429
1.045500,138.535916,21.745429
1.045500,137.236517,21.745429
1.046000,138.548505,21.745429
1.046000,137.249115,21.745429
1.046000,138.551705,21.745429
1.046000,137.253045,21.745429
1.046000,138.564399,21.745429
1.046000,137.266191,21.745429
1.046500,138.567798,21.745429
1.046500,137.270116,21.745429
1.046500,138.589527,21.745429
1.046500,137.292374,21.745429
1.047000,138.591916,21.745429
1.047000,137.296293,21.745429
1.047000,138.615568,21.745429
1.047000,137.320472,21.745429
1.047000,138.618283,21.745429
1.047000,137.324384,21.745429
1.047500,138.637280,21.745429
1.047500,137.343959,21.745429
1.047500,138.639923,21.745429
1.047500,137.347865,21.745429
1.048000,138.643289,21.745429
1.048000,137.351768,21.745429
1.048000,138.654073,21.745429
1.048000,137.363421,21.745429
1.048500,138.657434,21.745429
1.048500,137.367318,21.745429
1.048500,138.669765,21.745429
1.048500,137.379953,21.745429
1.048500,138.672414,21.745429
1.048500,137.383844,21.745429
1.049000,138.687694,21.745429
1.049000,137.399640,21.745429
1.049000,138.690124,21.745429
1.049000,137.403524,21.745429
1.060000,138.707652,21.757579
1.060000,137.421518,21.757579
1.060000,138.710463,21.757579
1.060000,137.425397,21.757579
1.060500,138.726608,21.757579
1.060500,137.442278,21.757579
1.060500,138.729495,21.757579
1.060500,137.446151,21.757579
1.060500,138.752945,21.757579
1.060500,137.470310,21.757579
1.061000,138.755874,21.757579
1.061000,137.474176,21.757579
1.061000,138.771587,21.757579
1.061000,137.490979,21.757579
1.061500,138.774259,21.757579
1.061500,137.494839,21.757579
1.061500,138.777588,21.757579
1.061500,137.498697,21.757579
1.061500,138.784992,21.757579
1.061500,137.507113,21.757579
1.062000,138.788316,21.757579
1.062000,137.510965,21.757579
1.062000,138.790826,21.757579
1.062000,137.514225,21.757579
1.062500,138.793712,21.757579
1.062500,137.518071,21.757579
1.062500,138.810725,21.757579
1.062500,137.535634,21.757579
1.063000,138.812895,21.757579
1.063000,137.539473,21.757579
1.063000,138.830646,21.757579
1.063000,137.557182,21.757579
1.063000,138.833185,21.757579
1.063000,137.561016,21.757579
1.063500,138.839390,21.757579
1.063500,137.567098,21.757579
1.063500,138.841912,21.757579
1.063500,137.570926,21.757579
1.064000,138.849375,21.757579
1.064000,137.578616,21.757579
1.064000,138.852626,21.757579
1.064000,137.582438,21.757579
1.064500,138.856344,21.757579
1.064500,137.586742,21.757579
1.064500,138.859793,21.757579
1.064500,137.590557,21.757579
1.064500,138.863085,21.757579
1.064500,137.594370,21.757579
1.065000,138.876433,21.757579
1.065000,137.608337,21.757579
1.065000,138.879368,21.757579
1.065000,137.612144,21.757579
1.065500,138.892707,21.757579
1.065500,137.625623,21.757579
1.065500,138.895844,21.757579
1.065500,137.629424,21.757579
1.065500,138.911694,21.757579
1.065500,137.645573,21.757579
1.066000,138.915445,21.757579
1.066000,137.649368,21.757579
1.066000,138.923242,21.757579
1.066000,137.657766,21.757579
1.066500,138.926496,21.757579
1.066500,137.661554,21.757579
1.066500,138.941530,21.757579
1.066500,137.676848,21.757579
1.067000,138.944579,21.757579
1.067000,137.680631,21.757579
1.067000,138.960334,21.757579
1.067000,137.696472,21.757579
1.067000,138.963332,21.757579
1.067000,137.700250,21.757579
1.067500,138.971287,21.757579
1.067500,137.708749,21.757579
1.067500,138.974384,21.757579
1.067500,137.712521,21.757579
1.068000,138.977638,21.757579
1.068000,137.716289,21.757579
1.068000,138.989964,21.757579
1.068000,137.728912,21.757579
1.068500,138.993149,21.757579
1.068500,137.732675,21.757579
1.068500,139.006202,21.757579
1.068500,137.746229,21.757579
1.068500,139.009203,21.757579
1.068500,137.749986,21.757579
1.077000,139.025028,21.767451
1.077000,137.766334,21.767451
1.077000,139.028153,21.767451
1.077000,137.770085,21.767451
1.077500,139.043569,21.767451
1.077500,137.786308,21.767451
1.077500,139.046703,21.767451
1.077500,137.790054,21.767451
1.078000,139.059373,21.767451
1.078000,137.802870,21.767451
1.078000,139.062624,21.767451
1.078000,137.806610,21.767451
1.078000,139.069063,21.767451
1.078000,137.813764,21.767451
1.078500,139.072357,21.767451
1.078500,137.817497,21.767451
1.078500,139.089617,21.767451
1.078500,137.835460,21.767451
1.079000,139.092837,21.767451
1.079000,137.839188,21.767451
1.079000,139.113475,21.767451
1.079000,137.860710,21.767451
1.079000,139.116690,21.767451
1.079000,137.864433,21.767451
1.079500,139.120395,21.767451
1.079500,137.868153,21.767451
1.079500,139.124460,21.767451
1.079500,137.873382,21.767451
1.080000,139.127941,21.767451
1.080000,137.877096,21.767451
1.080000,139.134281,21.767451
1.080000,137.884516,21.767451
1.080500,139.138083,21.767451
1.080500,137.888225,21.767451
1.080500,139.141841,21.767451
1.080500,137.892871,21.767451
1.080500,139.145837,21.767451
1.080500,137.896574,21.767451
1.081000,139.152410,21.767451
1.081000,137.903991,21.767451
1.081000,139.156521,21.767451
1.081000,137.907688,21.767451
1.081500,139.174747,21.767451
1.081500,137.927094,21.767451
1.081500,139.178820,21.767451
1.081500,137.930785,21.767451
1.082000,139.207138,21.767451
1.082000,137.960674,21.767451
1.082000,139.210322,21.767451
1.082000,137.964359,21.767451
1.082000,139.229896,21.767451
1.082000,137.984724,21.767451
1.082500,139.233075,21.767451
1.082500,137.988404,21.767451
1.082500,139.236669,21.767451
1.082500,137.992081,21.767451
1.083000,139.251210,21.767451
1.083000,138.008380,21.767451
1.083000,139.255477,21.767451
1.083000,138.012052,21.767451
1.083000,139.265749,21.767451
1.083000,138.024049,21.767451
1.083500,139.270178,21.767451
1.083500,138.027715,21.767451
1.083500,139.285198,21.767451
1.083500,138.044406,21.767451
1.084000,139.289305,21.767451
1.084000,138.048066,21.767451
1.084000,139.301756,21.767451
1.084000,138.062200,21.767451
1.084500,139.305513,21.767451
1.084500,138.065855,21.767451
1.084500,139.313966,21.767451
1.084500,138.075587,21.767451
1.084500,139.317120,21.767451
1.084500,138.079236,21.767451
1.085000,139.317714,21.767451
1.085000,138.080564,21.767451
1.085000,139.320862,21.767451
1.085000,138.084207,21.767451
1.094000,139.324480,21.791969
1.094000,138.088499,21.791969
1.094000,139.327624,21.791969
1.094000,138.092137,21.791969
1.094500,139.331571,21.791969
1.094500,138.095773,21.791969
1.094500,139.332052,21.791969
1.094500,138.097081,21.791969
1.094500,139.335938,21.791969
1.094500,138.100711,21.791969
1.095000,139.334605,21.791969
1.095000,138.100245,21.791969
1.095000,139.338035,21.791969
1.095000,138.103870,21.791969
1.095500,139.336022,21.791969
1.095500,138.102779,21.791969
1.095500,139.339195,21.791969
1.095500,138.106397,21.791969
1.096000,139.339981,21.791969
1.096000,138.108007,21.791969
1.096000,139.343505,21.791969
1.096000,138.111620,21.791969
1.096000,139.348658,21.791969
1.096000,138.117572,21.791969
1.096500,139.351775,21.791969
1.096500,138.121180,21.791969
1.096500,139.345735,21.791969
1.096500,138.115601,21.791969
1.097000,139.348848,21.791969
1.097000,138.119203,21.791969
1.097000,139.345672,21.791969
1.097000,138.116726,21.791969
1.097000,139.348780,21.791969
1.097000,138.120323,21.791969
1.097500,139.352136,21.791969
1.097500,138.123916,21.791969
1.097500,139.350184,21.791969
1.097500,138.122782,21.791969
1.098000,139.353011,21.791969
1.098000,138.126370,21.791969
1.098000,139.355339,21.791969
1.098000,138.129790,21.791969
1.098500,139.358417,21.791969
1.098500,138.133372,21.791969
1.098500,139.369297,21.791969
1.098500,138.145198,21.791969
1.098500,139.372289,21.791969
1.098500,138.148776,21.791969
1.099000,139.385804,21.791969
1.099000,138.163014,21.791969
1.099000,139.388892,21.791969
1.099000,138.166586,21.791969
1.099500,139.401510,21.791969
1.099500,138.180282,21.791969
1.099500,139.404593,21.791969
1.099500,138.183849,21.791969
1.100000,139.413580,21.791969
1.100000,138.193940,21.791969
1.100000,139.416659,21.791969
1.100000,138.197502,21.791969
1.100000,139.426994,21.791969
1.100000,138.208392,21.791969
1.100500,139.430069,21.791969
1.100500,138.211948,21.791969
1.100500,139.432989,21.791969
1.100500,138.215501,21.791969
1.101000,139.435615,21.791969
1.101000,138.218516,21.791969
1.101000,139.439114,21.791969
1.101000,138.222064,21.791969
1.101000,139.450359,21.791969
1.101000,138.233190,21.791969
1.101500,139.453603,21.791969
1.101500,138.236733,21.791969
1.101500,139.465246,21.791969
1.101500,138.248550,21.791969
1.102000,139.468392,21.791969
1.102000,138.252087,21.791969
1.102000,139.481324,21.791969
1.102000,138.265281,21.791969
1.102500,139.484377,21.791969
1.102500,138.268813,21.791969
1.102500,139.500998,21.791969
1.102500,138.285597,21.791969
1.102500,139.504047,21.791969
1.102500,138.289123,21.791969
1.112500,139.519238,21.787502
1.112500,138.304616,21.787502
1.112500,139.522282,21.787502
1.112500,138.308137,21.787502
1.113000,139.530786,21.787502
1.113000,138.316943,21.787502
1.113000,139.533825,21.787502
1.113000,138.320459,21.787502
1.113500,139.537150,21.787502
1.113500,138.323973,21.787502
1.113500,139.552264,21.787502
1.113500,138.340247,21.787502
1.113500,139.555235,21.787502
1.113500,138.343756,21.787502
1.114000,139.570527,21.787502
1.114000,138.360473,21.787502
1.114000,139.573204,21.787502
1.114000,138.363976,21.787502
1.114500,139.586083,21.787502
1.114500,138.377927,21.787502
1.114500,139.589108,21.787502
1.114500,138.381425,21.787502
1.114500,139.598516,21.787502
1.114500,138.391132,21.787502
1.115000,139.601536,21.787502
1.115000,138.394625,21.787502
1.115000,139.603388,21.787502
1.115000,138.396575,21.787502
1.115500,139.606404,21.787502
1.115500,138.400063,21.787502
1.115500,139.609076,21.787502
1.115500,138.403255,21.787502
1.116000,139.612087,21.787502
1.116000,138.406737,21.787502
1.116000,139.614395,21.787502
1.116000,138.409466,21.787502
1.116000,139.617402,21.787502
1.116000,138.412943,21.787502
1.116500,139.622942,21.787502
1.116500,138.418979,21.787502
1.116500,139.625944,21.787502
1.116500,138.422451,21.787502
1.117000,139.628552,21.787502
1.117000,138.425920,21.787502
1.117000,139.628670,21.787502
1.117000,138.426850,21.787502
1.117500,139.631240,21.787502
1.117500,138.430314,21.787502
1.117500,139.635114,21.787502
1.117500,138.434908,21.787502
1.117500,139.638105,21.787502
1.117500,138.438367,21.787502
1.118000,139.644058,21.787502
1.118000,138.445543,21.787502
1.118000,139.647046,21.787502
1.118000,138.448996,21.787502
1.118500,139.655647,21.787502
1.118500,138.458758,21.787502
1.118500,139.658630,21.787502
1.118500,138.462206,21.787502
1.118500,139.659565,21.787502
1.118500,138.464007,21.787502
1.122500,139.662543,21.774707
1.122500,138.467450,21.774707
1.122500,139.664881,21.774707
1.122500,138.470494,21.774707
1.123000,139.667856,21.774707
1.123000,138.473932,21.774707
1.123000,139.667773,21.774707
1.123000,138.473984,21.774707
1.123500,139.670743,21.774707
1.123500,138.477417,21.774707
1.123500,139.673851,21.774707
1.123500,138.480847,21.774707
1.123500,139.671963,21.774707
1.123500,138.479471,21.774707
1.124000,139.674926,21.774707
1.124000,138.482897,21.774707
1.124000,139.673356,21.774707
1.124000,138.482365,21.774707
1.124500,139.676315,21.774707
1.124500,138.485786,21.774707
1.124500,139.679247,21.774707
1.124500,138.489595,21.774707
1.125000,139.682202,21.774707
1.125000,138.493010,21.774707
1.125000,139.683662,21.774707
1.125000,138.494819,21.774707
1.125000,139.686612,21.774707
1.125000,138.498229,21.774707
1.125500,139.686038,21.774707
1.125500,138.497393,21.774707
1.125500,139.688984,21.774707
1.125500,138.500798,21.774707
1.126000,139.692419,21.774707
1.126000,138.503778,21.774707
1.126000,139.695360,21.774707
1.126000,138.507178,21.774707
1.126500,139.703818,21.774707
1.126500,138.515694,21.774707
1.126500,139.706755,21.774707
1.126500,138.519089,21.774707
1.126500,139.709949,21.774707
1.126500,138.522481,21.774707
1.133000,139.730321,21.774244
1.133000,138.543846,21.774244
1.133000,139.733251,21.774244
1.133000,138.547233,21.774244
1.133500,139.750777,21.774244
1.133500,138.565682,21.774244
1.133500,139.753703,21.774244
1.133500,138.569065,21.774244
1.133500,139.770092,21.774244
1.133500,138.586532,21.774244
1.134000,139.773015,21.774244
1.134000,138.589910,21.774244
1.134000,139.790599,21.774244
1.134000,138.608841,21.774244
1.134500,139.793518,21.774244
1.134500,138.612214,21.774244
1.134500,139.809841,21.774244
1.134500,138.629079,21.774244
1.135000,139.812755,21.774244
1.135000,138.632447,21.774244
1.135000,139.825802,21.774244
1.135000,138.645854,21.774244
1.135000,139.828712,21.774244
1.135000,138.649217,21.774244
1.135500,139.836048,21.774244
1.135500,138.657188,21.774244
1.135500,139.838954,21.774244
1.135500,138.660546,21.774244
1.136000,139.841858,21.774244
1.136000,138.663902,21.774244
1.136000,139.854651,21.774244
1.136000,138.677200,21.774244
1.136500,139.857551,21.774244
1.136500,138.680551,21.774244
1.136500,139.875552,21.774244
1.136500,138.699195,21.774244
1.136500,139.878448,21.774244
1.136500,138.702541,21.774244
1.137000,139.888786,21.774244
1.137000,138.713383,21.774244
1.137000,139.891677,21.774244
1.137000,138.716724,21.774244
1.137500,139.896309,21.774244
1.137500,138.721676,21.774244
1.137500,139.899197,21.774244
1.137500,138.725012,21.774244
1.137500,139.899943,21.774244
1.137500,138.726436,21.774244
1.138000,139.902826,21.774244
1.138000,138.729767,21.774244
1.138000,139.908802,21.774244
1.138000,138.736414,21.774244
1.138500,139.911681,21.774244
1.138500,138.739740,21.774244
1.138500,139.928324,21.774244
1.138500,138.757367,21.774244
1.145000,139.931199,21.758078
1.145000,138.760689,21.758078
1.145000,139.934072,21.758078
1.145000,138.764008,21.758078
1.145000,139.950108,21.758078
1.145000,138.780678,21.758078
1.145500,139.952977,21.758078
1.145500,138.783993,21.758078
1.145500,139.961112,21.758078
1.145500,138.792581,21.758078
1.146000,139.963977,21.758078
1.146000,138.795891,21.758078
1.146000,139.967965,21.758078
1.146000,138.800977,21.758078
1.146500,139.970826,21.758078
1.146500,138.804282,21.758078
1.146500,139.975717,21.758078
1.146500,138.810066,21.758078
1.146500,139.978574,21.758078
1.146500,138.813366,21.758078
1.147000,139.982811,21.758078
1.147000,138.817961,21.758078
1.147000,139.985664,21.758078
1.147000,138.821256,21.758078
1.147500,139.977580,21.758078
1.147500,138.812960,21.758078
1.147500,139.980428,21.758078
1.147500,138.816250,21.758078
1.148000,139.980490,21.758078
1.148000,138.816323,21.758078
1.148000,139.983056,21.758078
1.148000,138.819608,21.758078
1.148000,139.985898,21.758078
1.148000,138.822891,21.758078
1.148500,139.984692,21.758078
1.148500,138.822465,21.758078
1.148500,139.987530,21.758078
1.148500,138.825743,21.758078
1.149000,139.993425,21.758078
1.149000,138.832473,21.758078
1.149000,139.996259,21.758078
1.149000,138.835747,21.758078
1.149000,140.005084,21.758078
1.149000,138.845278,21.758078
1.149500,140.007914,21.758078
1.149500,138.848547,21.758078
1.149500,140.018601,21.758078
1.149500,138.860277,21.758078
1.150000,140.021427,21.758078
1.150000,138.863541,21.758078
1.150000,140.028449,21.758078
1.150000,138.871701,21.758078
1.150500,140.031272,21.758078
1.150500,138.874960,21.758078
1.150500,140.027935,21.758078
1.150500,138.872046,21.758078
1.150500,140.030753,21.758078
1.150500,138.875301,21.758078
1.151000,140.015824,21.758078
1.151000,138.860592,21.758078
1.151000,140.017772,21.758078
1.151000,138.863841,21.758078
1.158500,140.012261,21.756669
1.158500,138.858420,21.756669
1.158500,140.014597,21.756669
1.158500,138.861665,21.756669
1.159000,140.017405,21.756669
1.159000,138.864907,21.756669
1.159000,140.016720,21.756669
1.159000,138.864527,21.756669
1.159000,140.019525,21.756669
1.159000,138.867765,21.756669
1.159500,140.013522,21.756669
1.159500,138.862018,21.756669
1.159500,140.016322,21.756669
1.159500,138.865251,21.756669
1.160000,140.007315,21.756669
1.160000,138.856486,21.756669
1.160000,140.010111,21.756669
1.160000,138.859714,21.756669
1.160000,140.014709,21.756669
1.160000,138.864692,21.756669
1.160500,140.017501,21.756669
1.160500,138.867915,21.756669
1.160500,140.024184,21.756669
1.160500,138.874876,21.756669
1.161000,140.026972,21.756669
1.161000,138.878095,21.756669
1.161000,140.030610,21.756669
1.161000,138.882179,21.756669
1.161500,140.032920,21.756669
1.161500,138.885393,21.756669
1.161500,140.040485,21.756669
1.161500,138.893440,21.756669
1.161500,140.042579,21.756669
1.161500,138.896650,21.756669
1.162000,140.045358,21.756669
1.162000,138.899858,21.756669
1.162000,140.052737,21.756669
1.162000,138.908136,21.756669
1.162500,140.055512,21.756669
1.162500,138.911339,21.756669
1.162500,140.060696,21.756669
1.162500,138.917754,21.756669
1.163000,140.063467,21.756669
1.163000,138.920952,21.756669
1.163000,140.063810,21.756669
1.163000,138.922773,21.756669
1.163000,140.066578,21.756669
1.163000,138.925966,21.756669
1.166500,140.065187,21.765318
1.166500,138.925480,21.765318
1.166500,140.067951,21.765318
1.166500,138.928669,21.765318
1.167000,140.068450,21.765318
1.167000,138.929507,21.765318
1.167000,140.070948,21.765318
1.167000,138.932691,21.765318
1.167000,140.068490,21.765318
1.167000,138.930446,21.765318
1.167500,140.071295,21.765318
1.167500,138.933626,21.765318
1.167500,140.071414,21.765318
1.167500,138.934104,21.765318
1.168000,140.074631,21.765318
1.168000,138.937279,21.765318
1.168000,140.077381,21.765318
1.168000,138.940452,21.765318
1.168500,140.082157,21.765318
1.168500,138.944697,21.765318
1.168500,140.084902,21.765318
1.168500,138.947866,21.765318
1.168500,140.090802,21.765318
1.168500,138.953793,21.765318
1.169000,140.093543,21.765318
1.169000,138.956957,21.765318
1.169000,140.100131,21.765318
1.169000,138.963923,21.765318
1.169500,140.102868,21.765318
1.169500,138.967082,21.765318
1.169500,140.108504,21.765318
1.169500,138.973928,21.765318
1.170000,140.112493,21.765318
1.170000,138.977083,21.765318
1.170000,140.112258,21.765318
1.170000,138.978095,21.765318
1.170000,140.115657,21.765318
1.170000,138.981245,21.765318
1.170500,140.114195,21.765318
1.170500,138.980369,21.765318
1.170500,140.117325,21.765318
1.170500,138.983515,21.765318
1.171000,140.104068,21.765318
1.171000,138.970901,21.765318
1.171000,140.107065,21.765318
1.171000,138.974042,21.765318
1.171000,140.109784,21.765318
1.171000,138.977181,21.765318
1.178000,140.089080,21.762607
1.178000,138.956805,21.762607
1.178000,140.091795,21.762607
1.178000,138.959940,21.762607
1.178500,140.075360,21.762607
1.178500,138.943821,21.762607
1.178500,140.078072,21.762607
1.178500,138.946951,21.762607
1.179000,140.069765,21.762607
1.179000,138.938804,21.762607
1.179000,140.072472,21.762607
1.179000,138.941929,21.762607
1.179000,140.068938,21.762607
1.179000,138.938958,21.762607
1.179500,140.071416,21.762607
1.179500,138.942078,21.762607
1.179500,140.070251,21.762607
1.179500,138.941833,21.762607
1.180000,140.072724,21.762607
1.180000,138.944949,21.762607
1.180000,140.072300,21.762607
1.180000,138.945847,21.762607
1.180500,140.074635,21.762607
1.180500,138.948958,21.762607
1.180500,140.075412,21.762607
1.180500,138.950919,21.762607
1.180500,140.078169,21.762607
1.180500,138.954027,21.762607
1.181000,140.080860,21.762607
1.181000,138.957132,21.762607
1.181000,140.085724,21.762607
1.181000,138.962716,21.762607
1.181500,140.088412,21.762607
1.181500,138.965817,21.762607
1.181500,140.085165,21.762607
1.181500,138.963004,21.762607
1.182000,140.087848,21.762607
1.182000,138.966101,21.762607
1.182000,140.082052,21.762607
1.182000,138.960618,21.762607
1.182000,140.084732,21.762607
1.182000,138.963710,21.762607
1.182500,140.085632,21.762607
1.182500,138.965092,21.762607
1.182500,140.088716,21.762607
1.182500,138.968179,21.762607
1.187000,140.093767,21.780869
1.187000,138.973986,21.780869
1.187000,140.097204,21.780869
1.187000,138.977069,21.780869
1.187000,140.105905,21.780869
1.187000,138.986488,21.780869
1.187500,140.109285,21.780869
1.187500,138.989567,21.780869
1.187500,140.120109,21.780869
1.187500,139.000832,21.780869
1.188000,140.122975,21.780869
1.188000,139.003907,21.780869
1.188000,140.125637,21.780869
1.188000,139.006979,21.780869
1.188500,140.132197,21.780869
1.188500,139.013330,21.780869
1.188500,140.134856,21.780869
1.188500,139.016398,21.780869
1.188500,140.137502,21.780869
1.188500,139.019294,21.780869
1.189000,140.140156,21.780869
1.189000,139.022357,21.780869
1.189000,140.144471,21.780869
1.189000,139.027243,21.780869
1.189500,140.146642,21.780869
1.189500,139.030302,21.780869
1.189500,140.162056,21.780869
1.189500,139.046709,21.780869
1.190000,140.163948,21.780869
1.190000,139.049764,21.780869
1.190000,140.181515,21.780869
1.190000,139.068300,21.780869
1.190000,140.183540,21.780869
1.190000,139.071351,21.780869
1.190500,140.198734,21.780869
1.190500,139.087258,21.780869
1.190500,140.200655,21.780869
1.190500,139.090304,21.780869
1.191000,140.213091,21.780869
1.191000,139.103086,21.780869
1.191000,140.215063,21.780869
1.191000,139.106129,21.780869
1.191000,140.217699,21.780869
1.191000,139.109169,21.780869
1.191500,140.221084,21.780869
1.191500,139.113349,21.780869
1.191500,140.223717,21.780869
1.191500,139.116385,21.780869
1.198000,140.225458,21.784367
1.198000,139.118990,21.784367
1.198000,140.228088,21.784367
1.198000,139.122022,21.784367
1.198500,140.233960,21.784367
1.198500,139.128238,21.784367
1.198500,140.236228,21.784367
1.198500,139.131266,21.784367
1.198500,140.249319,21.784367
1.198500,139.144605,21.784367
1.199000,140.251406,21.784367
1.199000,139.147628,21.784367
1.199000,140.258259,21.784367
1.199000,139.154879,21.784367
1.199500,140.260290,21.784367
1.199500,139.157899,21.784367
1.199500,140.260775,21.784367
1.199500,139.158519,21.784367
1.200000,140.263200,21.784367
1.200000,139.161534,21.784367
1.200000,140.265970,21.784367
1.200000,139.164724,21.784367
1.200000,140.268555,21.784367
1.200000,139.167735,21.784367
1.200500,140.274685,21.784367
1.200500,139.174439,21.784367
1.200500,140.277027,21.784367
1.200500,139.177446,21.784367
1.201000,140.279633,21.784367
1.201000,139.180450,21.784367
1.201000,140.279796,21.784367
1.201000,139.181332,21.784367
1.201500,140.282194,21.784367
1.201500,139.184332,21.784367
1.201500,140.282422,21.784367
1.201500,139.184822,21.784367
1.201500,140.284940,21.784367
1.201500,139.187818,21.784367
1.202000,140.281015,21.784367
1.202000,139.184478,21.784367
1.202000,140.283505,21.784367
1.202000,139.187470,21.784367
1.202500,140.276677,21.784367
1.202500,139.181057,21.784367
1.202500,140.278884,21.784367
1.202500,139.184045,21.784367
1.202500,140.276561,21.784367
1.202500,139.182250,21.784367
1.203000,140.278927,21.784367
1.203000,139.185233,21.784367
1.203000,140.278467,21.784367
1.203000,139.185102,21.784367
1.203500,140.280759,21.784367
1.203500,139.188081,21.784367
1.203500,140.283592,21.784367
1.203500,139.191411,21.784367
1.204000,140.285599,21.784367
1.204000,139.194386,21.784367
1.204000,140.288179,21.784367
1.204000,139.197359,21.784367
1.204000,140.285917,21.784367
1.204000,139.195649,21.784367
1.204500,140.288042,21.784367
1.204500,139.198618,21.784367
1.204500,140.280859,21.784367
1.204500,139.192220,21.784367
1.205000,140.283218,21.784367
1.205000,139.195184,21.784367
1.205000,140.273040,21.784367
1.205000,139.185813,21.784367
1.205500,140.275484,21.784367
1.205500,139.188774,21.784367
1.205500,140.264468,21.784367
1.205500,139.178695,21.784367
1.205500,140.266647,21.784367
1.205500,139.181651,21.784367
1.206000,140.254568,21.784367
1.206000,139.170142,21.784367
1.206000,140.256893,21.784367
1.206000,139.173094,21.784367
1.206500,140.242166,21.784367
1.206500,139.158737,21.784367
1.206500,140.245091,21.784367
1.206500,139.161685,21.784367
1.206500,140.223612,21.784367
1.206500,139.140369,21.784367
1.207000,140.226168,21.784367
1.207000,139.143313,21.784367
1.207000,140.229220,21.784367
1.207000,139.146254,21.784367
1.207500,140.213791,21.784367
1.207500,139.131021,21.784367
1.207500,140.217002,21.784367
1.207500,139.133958,21.784367
1.208000,140.211801,21.784367
1.208000,139.129020,21.784367
1.208000,140.214567,21.784367
1.208000,139.131953,21.784367
1.208000,140.212917,21.784367
1.208000,139.130879,21.784367
1.208500,140.215874,21.784367
1.208500,139.133808,21.784367
1.208500,140.215426,21.784367
1.208500,139.133789,21.784367
1.209000,140.218393,21.784367
1.209000,139.136714,21.784367
1.209000,140.213638,21.784367
1.209000,139.133011,21.784367
1.209500,140.215745,21.784367
1.209500,139.135932,21.784367
1.209500,140.214397,21.784367
1.209500,139.135652,21.784367
1.209500,140.216575,21.784367
1.209500,139.138569,21.784367
1.210000,140.213533,21.784367
1.210000,139.136620,21.784367
1.210000,140.216062,21.784367
1.210000,139.139533,21.784367
1.210500,140.218477,21.784367
1.210500,139.142444,21.784367
1.210500,140.217226,21.784367
1.210500,139.141928,21.784367
1.210500,140.219390,21.784367
1.210500,139.144834,21.784367
1.211000,140.218014,21.784367
1.211000,139.143759,21.784367
1.211000,140.220295,21.784367
1.211000,139.146662,21.784367
1.211500,140.212202,21.784367
1.211500,139.138885,21.784367
1.211500,140.214637,21.784367
1.211500,139.141784,21.784367
1.233500,140.201158,21.776664
1.233500,139.128220,21.776664
1.233500,140.204166,21.776664
1.233500,139.131115,21.776664
1.233500,140.192685,21.776664
1.233500,139.119507,21.776664
1.234000,140.195906,21.776664
1.234000,139.122398,21.776664
1.234000,140.194506,21.776664
1.234000,139.121409,21.776664
1.234500,140.197012,21.776664
1.234500,139.124295,21.776664
1.234500,140.203577,21.776664
1.234500,139.130651,21.776664
1.235000,140.206079,21.776664
1.235000,139.133533,21.776664
1.235000,140.209294,21.776664
1.235000,139.136414,21.776664
1.235000,140.219664,21.776664
1.235000,139.147389,21.776664
1.235500,140.223123,21.776664
1.235500,139.150266,21.776664
1.235500,140.237039,21.776664
1.235500,139.164983,21.776664
1.236000,140.240132,21.776664
1.236000,139.167856,21.776664
1.236000,140.245269,21.776664
1.236000,139.173734,21.776664
1.236000,140.247912,21.776664
1.236000,139.176603,21.776664
1.236500,140.255056,21.776664
1.236500,139.184328,21.776664
1.236500,140.257846,21.776664
1.236500,139.187193,21.776664
1.237000,140.263639,21.776664
1.237000,139.193394,21.776664
1.237000,140.266663,21.776664
1.237000,139.196255,21.776664
1.237500,140.274195,21.776664
1.237500,139.204372,21.776664
1.237500,140.276675,21.776664
1.237500,139.207230,21.776664
1.237500,140.292786,21.776664
1.237500,139.223198,21.776664
1.238000,140.295262,21.776664
1.238000,139.226052,21.776664
1.238000,140.297724,21.776664
1.238000,139.228903,21.776664
1.238500,140.318449,21.776664
1.238500,139.250031,21.776664
1.238500,140.321140,21.776664
1.238500,139.252879,21.776664
1.239000,140.334055,21.776664
1.239000,139.265928,21.776664
1.239000,140.337014,21.776664
1.239000,139.268772,21.776664
1.239000,140.351721,21.776664
1.239000,139.283820,21.776664
1.239500,140.355016,21.776664
1.239500,139.286661,21.776664
1.239500,140.369669,21.776664
1.239500,139.301928,21.776664
1.240000,140.372447,21.776664
1.240000,139.304765,21.776664
1.240000,140.382407,21.776664
1.240000,139.315139,21.776664
1.240500,140.384865,21.776664
1.240500,139.317972,21.776664
1.240500,140.401501,21.776664
1.240500,139.334910,21.776664
1.240500,140.403955,21.776664
1.240500,139.337739,21.776664
1.241000,140.424206,21.776664
1.241000,139.358478,21.776664
1.241000,140.426658,21.776664
1.241000,139.361303,21.776664
1.241500,140.428865,21.776664
1.241500,139.364126,21.776664
1.241500,140.443789,21.776664
1.241500,139.378800,21.776664
1.241500,140.446043,21.776664
1.241500,139.381619,21.776664
1.242000,140.467383,21.776664
1.242000,139.403045,21.776664
1.242000,140.469444,21.776664
1.242000,139.405861,21.776664
1.242500,140.492261,21.776664
1.242500,139.428995,21.776664
1.242500,140.494624,21.776664
1.242500,139.431807,21.776664
1.243000,140.508327,21.776664
1.243000,139.445829,21.776664
1.243000,140.511098,21.776664
1.243000,139.448638,21.776664
1.243000,140.536692,21.776664
1.243000,139.474413,21.776664
1.243500,140.539126,21.776664
1.243500,139.477218,21.776664
1.243500,140.560922,21.776664
1.243500,139.498559,21.776664
1.244000,140.563353,21.776664
1.244000,139.501360,21.776664
1.244000,140.579708,21.776664
1.244000,139.517252,21.776664
1.244500,140.582135,21.776664
1.244500,139.520049,21.776664
1.244500,140.594017,21.776664
1.244500,139.531644,21.776664
1.244500,140.596441,21.776664
1.244500,139.534438,21.776664
1.245000,140.598825,21.776664
1.245000,139.537230,21.776664
1.245000,140.606494,21.776664
1.245000,139.545043,21.776664
1.245500,140.608713,21.776664
1.245500,139.547831,21.776664
1.245500,140.619600,21.776664
1.245500,139.558750,21.776664
1.245500,140.621367,21.776664
1.245500,139.561535,21.776664
1.250000,140.626780,21.803924
1.250000,139.566993,21.803924
1.250000,140.629192,21.803924
1.250000,139.569774,21.803924
1.250500,140.631159,21.803924
1.250500,139.572327,21.803924
1.250500,140.633568,21.803924
1.250500,139.575104,21.803924
1.251000,140.632693,21.803924
1.251000,139.574942,21.803924
1.251000,140.635099,21.803924
1.251000,139.577716,21.803924
1.251000,140.638547,21.803924
1.251000,139.581957,21.803924
1.251500,140.640950,21.803924
1.251500,139.584727,21.803924
1.251500,140.648872,21.803924
1.251500,139.593396,21.803924
1.252000,140.651272,21.803924
1.252000,139.596162,21.803924
1.252000,140.653467,21.803924
1.252000,139.598926,21.803924
1.252500,140.664832,21.803924
1.252500,139.610681,21.803924
1.252500,140.667183,21.803924
1.252500,139.613442,21.803924
1.252500,140.672226,21.803924
1.252500,139.618995,21.803924
1.253000,140.675193,21.803924
1.253000,139.621752,21.803924
1.253000,140.673682,21.803924
1.253000,139.620680,21.803924
1.253500,140.676071,21.803924
1.253500,139.623433,21.803924
1.253500,140.676989,21.803924
1.253500,139.623962,21.803924
1.254000,140.679375,21.803924
1.254000,139.626711,21.803924
1.254000,140.682811,21.803924
1.254000,139.629806,21.803924
1.254000,140.685193,21.803924
1.254000,139.632551,21.803924
1.254500,140.687434,21.803924
1.254500,139.633996,21.803924
1.254500,140.689812,21.803924
1.254500,139.636738,21.803924
1.255000,140.690101,21.803924
1.255000,139.636585,21.803924
1.255000,140.692476,21.803924
1.255000,139.639323,21.803924
1.255000,140.694954,21.803924
1.255000,139.642060,21.803924
1.262000,140.700988,21.812048
1.262000,139.648639,21.812048
1.262000,140.702960,21.812048
1.262000,139.651372,21.812048
1.262500,140.713630,21.812048
1.262500,139.662729,21.812048
1.262500,140.715997,21.812048
1.262500,139.665459,21.812048
1.263000,140.726356,21.812048
1.263000,139.677028,21.812048
1.263000,140.728721,21.812048
1.263000,139.679754,21.812048
1.263000,140.741468,21.812048
1.263000,139.693079,21.812048
1.263500,140.743829,21.812048
1.263500,139.695802,21.812048
1.263500,140.745717,21.812048
1.263500,139.698343,21.812048
1.264000,140.748076,21.812048
1.264000,139.701062,21.812048
1.264000,140.751749,21.812048
1.264000,139.705130,21.812048
1.264500,140.754105,21.812048
1.264500,139.707845,21.812048
1.264500,140.752251,21.812048
1.264500,139.706608,21.812048
1.264500,140.754604,21.812048
1.264500,139.709320,21.812048
1.265000,140.756751,21.812048
1.265000,139.712029,21.812048
1.265000,140.760493,21.812048
1.265000,139.716079,21.812048
1.265500,140.762452,21.812048
1.265500,139.718785,21.812048
1.265500,140.761702,21.812048
1.265500,139.718317,21.812048
1.265500,140.764047,21.812048
1.265500,139.721019,21.812048
1.266000,140.766811,21.812048
1.266000,139.723892,21.812048
1.266000,140.769153,21.812048
1.266000,139.726590,21.812048
1.266500,140.778697,21.812048
1.266500,139.736247,21.812048
1.266500,140.781035,21.812048
1.266500,139.738942,21.812048
1.267000,140.788133,21.812048
1.267000,139.746235,21.812048
1.267000,140.790468,21.812048
1.267000,139.748926,21.812048
1.267000,140.803692,21.812048
1.267000,139.761995,21.812048
1.267500,140.806024,21.812048
1.267500,139.764683,21.812048
1.267500,140.816623,21.812048
1.267500,139.775310,21.812048
1.268000,140.818952,21.812048
1.268000,139.777995,21.812048
1.268000,140.821905,21.812048
1.268000,139.780678,21.812048
1.268500,140.838789,21.812048
1.268500,139.798214,21.812048
1.268500,140.841114,21.812048
1.268500,139.800894,21.812048
1.268500,140.862133,21.812048
1.268500,139.822464,21.812048
1.269000,140.864455,21.812048
1.269000,139.825140,21.812048
1.269000,140.895102,21.812048
1.269000,139.856706,21.812048
1.269500,140.897421,21.812048
1.269500,139.859379,21.812048
1.269500,140.909978,21.812048
1.269500,139.873001,21.812048
1.269500,140.912295,21.812048
1.269500,139.875671,21.812048
1.279500,140.912320,21.823307
1.279500,139.876745,21.823307
1.279500,140.914634,21.823307
1.279500,139.879411,21.823307
1.280000,140.908622,21.823307
1.280000,139.874075,21.823307
1.280000,140.910933,21.823307
1.280000,139.876737,21.823307
1.280500,140.903724,21.823307
1.280500,139.870051,21.823307
1.280500,140.906032,21.823307
1.280500,139.872710,21.823307
1.280500,140.907947,21.823307
1.280500,139.875367,21.823307
1.281000,140.906982,21.823307
1.281000,139.874407,21.823307
1.281000,140.909285,21.823307
1.281000,139.877060,21.823307
1.281500,140.902487,21.823307
1.281500,139.870868,21.823307
1.281500,140.904788,21.823307
1.281500,139.873518,21.823307
1.282000,140.897301,21.823307
1.282000,139.866100,21.823307
1.282000,140.899598,21.823307
1.282000,139.868746,21.823307
1.282000,140.895299,21.823307
1.282000,139.864479,21.823307
1.282500,140.897592,21.823307
1.282500,139.867122,21.823307
1.282500,140.892147,21.823307
1.282500,139.861960,21.823307
1.283000,140.894437,21.823307
1.283000,139.864599,21.823307
1.283000,140.898372,21.823307
1.283000,139.869612,21.823307
1.283000,140.900660,21.823307
1.283000,139.872248,21.823307
1.283500,140.898096,21.823307
1.283500,139.870596,21.823307
1.283500,140.900382,21.823307
1.283500,139.873229,21.823307
1.284000,140.902666,21.823307
1.284000,139.875860,21.823307
1.284000,140.897824,21.823307
1.284000,139.871668,21.823307
1.284500,140.900105,21.823307
1.284500,139.874296,21.823307
1.284500,140.889512,21.823307
1.284500,139.864141,21.823307
1.284500,140.891790,21.823307
1.284500,139.866765,21.823307
1.285000,140.874516,21.823307
1.285000,139.849763,21.823307
1.285000,140.876790,21.823307
1.285000,139.852383,21.823307
1.285500,140.857962,21.823307
1.285500,139.834180,21.823307
1.285500,140.860234,21.823307
1.285500,139.836796,21.823307
1.286000,140.842532,21.823307
1.286000,139.819913,21.823307
1.286000,140.844800,21.823307
1.286000,139.822526,21.823307
1.286000,140.829141,21.823307
1.286000,139.807976,21.823307
1.291000,140.831407,21.840674
1.291000,139.810586,21.840674
1.291000,140.811536,21.840674
1.291000,139.791654,21.840674
1.291500,140.813799,21.840674
1.291500,139.794260,21.840674
1.291500,140.793864,21.840674
1.291500,139.774487,21.840674
1.292000,140.795933,21.840674
1.292000,139.777090,21.840674
1.292000,140.798191,21.840674
1.292000,139.779690,21.840674
1.292000,140.784315,21.840674
1.292000,139.766335,21.840674
1.292500,140.786571,21.840674
1.292500,139.768932,21.840674
1.292500,140.759217,21.840674
1.292500,139.741663,21.840674
1.293000,140.761469,21.840674
1.293000,139.744257,21.840674
1.293000,140.731412,21.840674
1.293000,139.714477,21.840674
1.293000,140.733662,21.840674
1.293000,139.717068,21.840674
1.293500,140.701191,21.840674
1.293500,139.685143,21.840674
1.293500,140.703437,21.840674
1.293500,139.687729,21.840674
1.294000,140.677979,21.840674
1.294000,139.662647,21.840674
1.294000,140.680222,21.840674
1.294000,139.665230,21.840674
1.294500,140.653951,21.840674
1.294500,139.638854,21.840674
1.294500,140.655462,21.840674
1.294500,139.641433,21.840674
1.294500,140.632854,21.840674
1.294500,139.618556,21.840674
1.295000,140.634377,21.840674
1.295000,139.621132,21.840674
1.295000,140.636612,21.840674
1.295000,139.623706,21.840674
1.300000,140.615374,21.864479
1.300000,139.603000,21.864479
1.300000,140.617607,21.864479
1.300000,139.605571,21.864479
1.300500,140.610316,21.864479
1.300500,139.599003,21.864479
1.300500,140.612546,21.864479
1.300500,139.601570,21.864479
1.300500,140.594202,21.864479
1.300500,139.584192,21.864479
1.301000,140.596429,21.864479
1.301000,139.586756,21.864479
1.301000,140.565676,21.864479
1.301000,139.557533,21.864479
1.301500,140.567901,21.864479
1.301500,139.560093,21.864479
1.301500,140.568560,21.864479
1.301500,139.562567,21.864479
1.301500,140.570782,21.864479
1.301500,139.565124,21.864479
1.302000,140.608276,21.864479
1.302000,139.603417,21.864479
1.302000,140.609579,21.864479
1.302000,139.605971,21.864479
1.302500,140.617822,21.864479
1.302500,139.614871,21.864479
1.302500,140.619408,21.864479
1.302500,139.617422,21.864479
1.303000,140.621623,21.864479
1.303000,139.619971,21.864479
1.303000,140.638822,21.864479
1.303000,139.638653,21.864479
1.303000,140.641035,21.864479
1.303000,139.641199,21.864479
1.303500,140.654692,21.864479
1.303500,139.656543,21.864479
1.303500,140.656903,21.864479
1.303500,139.659086,21.864479
1.307500,140.658058,21.891279
1.307500,139.662067,21.891279
1.307500,140.660267,21.891279
1.307500,139.664606,21.891279
1.308000,140.691597,21.891279
1.308000,139.698271,21.891279
1.308000,140.693804,21.891279
1.308000,139.700807,21.891279
1.308000,140.741098,21.891279
1.308000,139.751059,21.891279
1.308500,140.743303,21.891279
1.308500,139.753593,21.891279
1.308500,140.784451,21.891279
1.308500,139.797106,21.891279
1.309000,140.787110,21.891279
1.309000,139.799636,21.891279
1.309000,140.828150,21.891279
1.309000,139.842312,21.891279
1.309500,140.831146,21.891279
1.309500,139.844839,21.891279
1.309500,140.833346,21.891279
1.309500,139.847365,21.891279
1.309500,140.867294,21.891279
1.309500,139.881853,21.891279
1.310000,140.869491,21.891279
1.310000,139.884376,21.891279
1.310000,140.909860,21.891279
1.310000,139.925059,21.891279
1.310500,140.912054,21.891279
1.310500,139.927579,21.891279
1.310500,140.974863,21.891279
1.310500,139.990949,21.891279
1.310500,140.977055,21.891279
1.310500,139.993466,21.891279
1.311000,141.055645,21.891279
1.311000,140.072922,21.891279
1.311000,141.057835,21.891279
1.311000,140.075437,21.891279
1.311500,141.148998,21.891279
1.311500,140.170546,21.891279
1.311500,141.154218,21.891279
1.311500,140.173058,21.891279
1.312000,141.268676,21.891279
1.312000,140.292206,21.891279
1.312000,141.275126,21.891279
1.312000,140.294715,21.891279
1.312000,141.388021,21.891279
1.312000,140.413068,21.891279
1.312500,141.395285,21.891279
1.312500,140.415575,21.891279
1.312500,141.397468,21.891279
1.312500,140.418081,21.891279
1.313000,141.501118,21.891279
1.313000,140.522948,21.891279
1.313000,141.503299,21.891279
1.313000,140.525451,21.891279
1.313500,141.586448,21.891279
1.313500,140.608548,21.891279
1.313500,141.588627,21.891279
1.313500,140.611048,21.891279
1.313500,141.641137,21.891279
1.313500,140.663567,21.891279
1.314000,141.643313,21.891279
1.314000,140.666064,21.891279
1.314000,141.674150,21.891279
1.314000,140.697447,21.891279
1.325500,141.676323,21.904663
1.325500,140.699941,21.904663
1.325500,141.693545,21.904663
1.325500,140.721393,21.904663
1.325500,141.698418,21.904663
1.325500,140.723884,21.904663
1.326000,141.706355,21.904663
1.326000,140.736111,21.904663
1.326000,141.710677,21.904663
1.326000,140.738599,21.904663
1.326500,141.706976,21.904663
1.326500,140.739622,21.904663
1.326500,141.710383,21.904663
1.326500,140.742107,21.904663
1.327000,141.698573,21.904663
1.327000,140.735529,21.904663
1.327000,141.700019,21.904663
1.327000,140.738011,21.904663
1.327000,141.702184,21.904663
1.327000,140.740491,21.904663
1.327500,141.673103,21.904663
1.327500,140.718548,21.904663
1.327500,141.675267,21.904663
1.327500,140.721025,21.904663
1.328000,141.612458,21.904663
1.328000,140.664062,21.904663
1.328000,141.614621,21.904663
1.328000,140.666535,21.904663
1.328500,141.542194,21.904663
1.328500,140.597433,21.904663
1.328500,141.543222,21.904663
1.328500,140.599902,21.904663
1.328500,141.455876,21.904663
1.328500,140.515752,21.904663
1.329000,141.456815,21.904663
1.329000,140.518218,21.904663
1.329000,141.362396,21.904663
1.329000,140.427863,21.904663
1.329500,141.362092,21.904663
1.329500,140.430325,21.904663
1.329500,141.271496,21.904663
1.329500,140.343267,21.904663
1.329500,141.269949,21.904663
1.329500,140.345725,21.904663
1.330000,141.170649,21.904663
1.330000,140.248687,21.904663
1.330000,141.169247,21.904663
1.330000,140.251142,21.904663
1.330500,141.171401,21.904663
1.330500,140.253596,21.904663
1.330500,141.054228,21.904663
1.330500,140.141161,21.904663
1.331000,141.056380,21.904663
1.331000,140.143610,21.904663
1.331000,140.943145,21.904663
1.331000,140.031210,21.904663
1.331000,140.942475,21.904663
1.331000,140.033656,21.904663
1.331500,140.848761,21.904663
1.331500,139.940739,21.904663
1.331500,140.848937,21.904663
1.331500,139.943181,21.904663
1.332000,140.781887,21.904663
1.332000,139.877059,21.904663
1.332000,140.782214,21.904663
1.332000,139.879498,21.904663
1.332500,140.722315,21.904663
1.332500,139.820934,21.904663
1.332500,140.722057,21.904663
1.332500,139.823369,21.904663
1.332500,140.664480,21.904663
1.332500,139.767022,21.904663
1.333000,140.663632,21.904663
1.333000,139.769454,21.904663
1.333000,140.601292,21.904663
1.333000,139.708809,21.904663
1.333500,140.599495,21.904663
1.333500,139.711237,21.904663
1.333500,140.601633,21.904663
1.333500,139.713664,21.904663
1.333500,140.532284,21.904663
1.333500,139.649124,21.904663
1.334000,140.534420,21.904663
1.334000,139.651547,21.904663
1.334000,140.475111,21.904663
1.334000,139.594200,21.904663
1.334500,140.475390,21.904663
1.334500,139.596619,21.904663
1.334500,140.438485,21.904663
1.334500,139.561143,21.904663
1.335000,140.439059,21.904663
1.335000,139.563559,21.904663
1.335000,140.434492,21.904663
1.335000,139.559935,21.904663
1.335000,140.435612,21.904663
1.335000,139.562348,21.904663
1.335500,140.440246,21.904663
1.335500,139.568220,21.904663
1.335500,140.442911,21.904663
1.335500,139.570631,21.904663
1.345500,140.449469,21.893807
1.345500,139.578478,21.893807
1.345500,140.453124,21.893807
1.345500,139.580886,21.893807
1.346000,140.480766,21.893807
1.346000,139.610107,21.893807
1.346000,140.484806,21.893807
1.346000,139.612511,21.893807
1.346000,140.486927,21.893807
1.346000,139.614914,21.893807
1.346500,140.555220,21.893807
1.346500,139.682339,21.893807
1.346500,140.557339,21.893807
1.346500,139.684740,21.893807
1.347000,140.637020,21.893807
1.347000,139.766191,21.893807
1.347000,140.641786,21.893807
1.347000,139.768589,21.893807
1.347500,140.725110,21.893807
1.347500,139.854354,21.893807
1.347500,140.729697,21.893807
1.347500,139.856750,21.893807
1.347500,140.841012,21.893807
1.347500,139.970623,21.893807
1.348000,140.846201,21.893807
1.348000,139.973017,21.893807
1.348000,140.952653,21.893807
1.348000,140.082604,21.893807
1.348500,140.958238,21.893807
1.348500,140.084995,21.893807
1.348500,141.041564,21.893807
1.348500,140.170985,21.893807
1.348500,141.047099,21.893807
1.348500,140.173373,21.893807
1.349000,141.136062,21.893807
1.349000,140.264437,21.893807
1.349000,141.141782,21.893807
1.349000,140.266823,21.893807
1.349500,141.143885,21.893807
1.349500,140.269207,21.893807
1.349500,141.226830,21.893807
1.349500,140.354020,21.893807
1.350000,141.232741,21.893807
1.350000,140.356403,21.893807
1.350000,141.324328,21.893807
1.350000,140.449373,21.893807
1.350000,141.330168,21.893807
1.350000,140.451753,21.893807
1.350500,141.454143,21.893807
1.350500,140.577129,21.893807
1.350500,141.460319,21.893807
1.350500,140.579507,21.893807
1.351000,141.613403,21.893807
1.351000,140.734632,21.893807
1.351000,141.618889,21.893807
1.351000,140.737007,21.893807
1.351500,141.826521,21.893807
1.351500,140.947960,21.893807
1.351500,141.831534,21.893807
1.351500,140.950334,21.893807
1.351500,142.082378,21.893807
1.351500,141.205869,21.893807
1.352000,142.087942,21.893807
1.352000,141.208241,21.893807
1.352000,142.348895,21.893807
1.352000,141.475390,21.893807
1.352500,142.354657,21.893807
1.352500,141.477761,21.893807
1.352500,142.356747,21.893807
1.352500,141.480130,21.893807
1.352500,142.598360,21.893807
1.352500,141.729131,21.893807
1.353000,142.603979,21.893807
1.353000,141.731499,21.893807
1.353000,142.847749,21.893807
1.353000,141.982702,21.893807
1.353500,142.853408,21.893807
1.353500,141.985068,21.893807
1.353500,143.070337,21.893807
1.353500,142.208429,21.893807
1.354000,143.075846,21.893807
1.354000,142.210794,21.893807
1.354000,143.276342,21.893807
1.354000,142.416901,21.893807
1.354000,143.283002,21.893807
1.354000,142.419264,21.893807
1.363000,143.493430,21.881674
1.363000,142.634203,21.881674
1.363000,143.500788,21.881674
1.363000,142.636564,21.881674
1.363500,143.731310,21.881674
1.363500,142.870670,21.881674
1.363500,143.738545,21.881674
1.363500,142.873029,21.881674
1.364000,143.983537,21.881674
1.364000,143.121261,21.881674
1.364000,143.985621,21.881674
1.364000,143.123619,21.881674
1.364000,143.992545,21.881674
1.364000,143.125975,21.881674
1.364500,144.226744,21.881674
1.364500,143.364351,21.881674
1.364500,144.233652,21.881674
1.364500,143.366706,21.881674
1.365000,144.496177,21.881674
1.365000,143.633411,21.881674
1.365000,144.502967,21.881674
1.365000,143.635764,21.881674
1.365500,144.789293,21.881674
1.365500,143.926341,21.881674
1.365500,144.796637,21.881674
1.365500,143.928693,21.881674
1.365500,145.090102,21.881674
1.365500,144.226976,21.881674
1.366000,145.097681,21.881674
1.366000,144.229327,21.881674
1.366000,145.393760,21.881674
1.366000,144.530973,21.881674
1.366500,145.395837,21.881674
1.366500,144.533323,21.881674
1.366500,145.688262,21.881674
1.366500,144.825918,21.881674
1.366500,145.696425,21.881674
1.366500,144.828266,21.881674
1.367000,145.698498,21.881674
1.367000,144.830612,21.881674
1.367000,145.999521,21.881674
1.367000,145.137671,21.881674
1.367500,146.311058,21.881674
1.367500,145.449196,21.881674
1.367500,146.313132,21.881674
1.367500,145.451541,21.881674
1.368000,146.322670,21.881674
1.368000,145.453885,21.881674
1.368000,146.634670,21.881674
1.368000,145.772576,21.881674
1.368000,146.644720,21.881674
1.368000,145.774919,21.881674
1.368500,146.954842,21.881674
1.368500,146.092169,21.881674
1.368500,146.961695,21.881674
1.368500,146.094510,21.881674
1.369000,147.284543,21.881674
1.369000,146.423375,21.881674
1.369000,147.288417,21.881674
1.369000,146.425714,21.881674
1.369500,147.595913,21.881674
1.369500,146.738879,21.881674
1.369500,147.599681,21.881674
1.369500,146.741217,21.881674
1.369500,147.895310,21.881674
1.369500,147.042284,21.881674
1.370000,147.897380,21.881674
1.370000,147.044621,21.881674
1.370000,148.179127,21.881674
1.370000,147.328736,21.881674
1.370500,148.181196,21.881674
1.370500,147.331071,21.881674
1.370500,148.439176,21.881674
1.370500,147.591368,21.881674
1.370500,148.441245,21.881674
1.370500,147.593702,21.881674
1.371000,148.447635,21.881674
1.371000,147.596034,21.881674
1.371000,148.669565,21.881674
1.371000,147.822715,21.881674
1.371500,148.678652,21.881674
1.371500,147.825045,21.881674
1.371500,148.861828,21.881674
1.371500,148.010775,21.881674
1.372000,148.874228,21.881674
1.372000,148.013103,21.881674
1.372000,149.043648,21.881674
1.372000,148.183550,21.881674
1.372000,149.056639,21.881674
1.372000,148.185876,21.881674
1.372500,149.223678,21.881674
1.372500,148.352028,21.881674
1.372500,149.236120,21.881674
1.372500,148.354352,21.881674
1.373000,149.428621,21.881674
1.373000,148.546745,21.881674
1.373000,149.430669,21.881674
1.373000,148.549067,21.881674
1.386500,149.575638,21.883839
1.386500,148.687225,21.883839
1.386500,149.577681,21.883839
1.386500,148.689545,21.883839
1.386500,149.647494,21.883839
1.386500,148.754101,21.883839
1.387000,149.649533,21.883839
1.387000,148.756418,21.883839
1.387000,149.653624,21.883839
1.387000,148.758734,21.883839
1.387500,149.762942,21.883839
1.387500,148.866652,21.883839
1.387500,149.765305,21.883839
1.387500,148.868965,21.883839
1.387500,149.859928,21.883839
1.387500,148.961347,21.883839
1.388000,149.861543,21.883839
1.388000,148.963658,21.883839
1.388000,149.967228,21.883839
1.388000,149.067032,21.883839
1.388500,149.968293,21.883839
1.388500,149.069340,21.883839
1.388500,150.051398,21.883839
1.388500,149.148998,21.883839
1.389000,150.053424,21.883839
1.389000,149.151305,21.883839
1.389000,150.163419,21.883839
1.389000,149.257197,21.883839
1.389000,150.165442,21.883839
1.389000,149.259501,21.883839
1.389500,150.278501,21.883839
1.389500,149.370350,21.883839
1.389500,150.280521,21.883839
1.389500,149.372651,21.883839
1.390000,150.285333,21.883839
1.390000,149.374951,21.883839
1.390000,150.375005,21.883839
1.390000,149.463567,21.883839
1.390500,150.379976,21.883839
1.390500,149.465865,21.883839
1.390500,150.540148,21.883839
1.390500,149.626749,21.883839
1.390500,150.545226,21.883839
1.390500,149.629044,21.883839
1.391000,150.761887,21.883839
1.391000,149.844158,21.883839
1.391000,150.767141,21.883839
1.391000,149.846452,21.883839
1.391500,150.961477,21.883839
1.391500,150.038050,21.883839
1.391500,150.967865,21.883839
1.391500,150.040341,21.883839
1.391500,151.187500,21.883839
1.391500,150.255981,21.883839
1.392000,151.189503,21.883839
1.392000,150.258271,21.883839
1.392000,151.366922,21.883839
1.392000,150.427343,21.883839
1.392500,151.368921,21.883839
1.392500,150.429630,21.883839
1.392500,151.622168,21.883839
1.392500,150.675139,21.883839
1.393000,151.624162,21.883839
1.393000,150.677425,21.883839
1.393000,151.981069,21.883839
1.393000,151.026864,21.883839
1.393000,151.983061,21.883839
1.393000,151.029148,21.883839
1.393500,151.992891,21.883839
1.393500,151.031431,21.883839
1.393500,152.371381,21.883839
1.393500,151.408747,21.883839
1.394000,152.381493,21.883839
1.394000,151.411029,21.883839
1.394000,152.733450,21.883839
1.394000,151.761404,21.883839
1.394500,152.744695,21.883839
1.394500,151.763684,21.883839
1.394500,153.126988,21.883839
1.394500,152.145038,21.883839
1.394500,153.128966,21.883839
1.394500,152.147317,21.883839
1.395000,153.535164,21.883839
1.395000,152.542103,21.883839
1.395000,153.537138,21.883839
1.395000,152.544381,21.883839
1.400500,153.961911,21.874034
1.400500,152.956365,21.874034
1.400500,153.963880,21.874034
1.400500,152.958641,21.874034
1.401000,167.496569,21.874034
1.401000,153.363510,21.874034
1.401000,167.494591,21.874034
1.401000,153.365784,21.874034
1.401000,167.877006,21.874034
1.401000,153.759108,21.874034
1.401500,167.875034,21.874034
1.401500,153.761381,21.874034
1.401500,167.864660,21.874034
1.401500,153.763653,21.874034
1.402000,168.238866,21.874034
1.402000,154.142999,21.874034
1.402000,168.236902,21.874034
1.402000,154.145269,21.874034
1.402000,168.576129,21.874034
1.402000,154.501844,21.874034
1.402500,168.565417,21.874034
1.402500,154.504113,21.874034
1.402500,168.898907,21.874034
1.402500,154.847844,21.874034
1.403000,168.896958,21.874034
1.403000,154.850111,21.874034
1.403000,169.192050,21.874034
1.403000,155.164577,21.874034
1.403500,169.190109,21.874034
1.403500,155.166842,21.874034
1.403500,169.472371,21.874034
1.403500,155.465408,21.874034
1.403500,169.470437,21.874034
1.403500,155.467672,21.874034
1.404000,169.736086,21.874034
1.404000,155.745305,21.874034
1.404000,169.734157,21.874034
1.404000,155.747567,21.874034
1.404500,169.999558,21.874034
1.404500,156.021940,21.874034
1.404500,169.997633,21.874034
1.404500,156.024200,21.874034
1.405000,170.003314,21.874034
1.405000,156.026458,21.874034
1.405000,170.225090,21.874034
1.405000,156.266966,21.874034
1.405000,170.231809,21.874034
1.405000,156.269223,21.874034
1.405500,170.383770,21.874034
1.405500,156.444848,21.874034
1.405500,170.381858,21.874034
1.405500,156.447102,21.874034
1.406000,170.498140,21.874034
1.406000,156.580170,21.874034
1.406000,170.496234,21.874034
1.406000,156.582422,21.874034
1.406000,170.570885,21.874034
1.406000,156.678467,21.874034
1.406500,170.568987,21.874034
1.406500,156.680716,21.874034
1.406500,170.613130,21.874034
1.406500,156.746726,21.874034
1.407000,170.611240,21.874034
1.407000,156.748973,21.874034
1.407000,170.649628,21.874034
1.407000,156.802790,21.874034
1.407500,170.647743,21.874034
1.407500,156.805034,21.874034
1.407500,170.659616,21.874034
1.407500,156.807277,21.874034
1.407500,170.694789,21.874034
1.407500,156.867340,21.874034
1.408000,170.766901,21.874034
1.408000,156.949385,21.874034
1.408000,170.765025,21.874034
1.408000,156.951624,21.874034
1.408500,170.776240,21.874034
1.408500,156.953862,21.874034
1.408500,170.823286,21.874034
1.408500,157.027041,21.874034
1.409000,170.821416,21.874034
1.409000,157.029276,21.874034
1.409000,170.849832,21.874034
1.409000,157.071193,21.874034
1.409000,170.847968,21.874034
1.409000,157.073426,21.874034
1.409500,170.840085,21.874034
1.409500,157.081891,21.874034
1.409500,170.838227,21.874034
1.409500,157.084122,21.874034
1.410000,170.841756,21.874034
1.410000,157.102851,21.874034
1.410000,170.839903,21.874034
1.410000,157.105078,21.874034
1.410500,170.844803,21.874034
1.410500,157.123601,21.874034
1.410500,170.842955,21.874034
1.410500,157.125826,21.874034
1.410500,170.840071,21.874034
1.410500,157.135426,21.874034
1.426500,170.838228,21.878415
1.426500,157.137649,21.878415
1.426500,170.846672,21.878415
1.426500,157.139870,21.878415
1.427000,170.824127,21.878415
1.427000,157.140896,21.878415
1.427000,170.822290,21.878415
1.427000,157.143115,21.878415
1.427000,170.812953,21.878415
1.427000,157.148508,21.878415
1.427500,170.811121,21.878415
1.427500,157.150724,21.878415
1.427500,158.481642,21.878415
1.427500,157.148134,21.878415
1.428000,158.483457,21.878415
1.428000,157.150347,21.878415
1.428000,158.468768,21.878415
1.428000,157.130523,21.878415
1.428500,158.470579,21.878415
1.428500,157.132733,21.878415
1.428500,158.430329,21.878415
1.428500,157.089047,21.878415
1.428500,158.432136,21.878415
1.428500,157.091255,21.878415
1.429000,158.386974,21.878415
1.429000,157.046445,21.878415
1.429000,158.388778,21.878415
1.429000,157.048650,21.878415
1.429500,158.354011,21.878415
1.429500,157.015745,21.878415
1.429500,158.355814,21.878415
1.429500,157.017948,21.878415
1.430000,158.314768,21.878415
1.430000,156.979938,21.878415
1.430000,158.316569,21.878415
1.430000,156.982138,21.878415
1.430000,158.318370,21.878415
1.430000,156.984337,21.878415
1.430500,158.280630,21.878415
1.430500,156.946685,21.878415
1.430500,158.282428,21.878415
1.430500,156.948881,21.878415
1.431000,158.242922,21.878415
1.431000,156.908000,21.878415
1.431000,158.244717,21.878415
1.431000,156.910193,21.878415
1.431000,158.195677,21.878415
1.431000,156.862491,21.878415
1.431500,158.197470,21.878415
1.431500,156.864681,21.878415
1.431500,158.137249,21.878415
1.431500,156.802856,21.878415
1.432000,158.139040,21.878415
1.432000,156.805043,21.878415
1.432000,158.070564,21.878415
1.432000,156.732866,21.878415
1.432500,158.072351,21.878415
1.432500,156.735051,21.878415
1.432500,158.016060,21.878415
1.432500,156.673846,21.878415
1.432500,158.017843,21.878415
1.432500,156.676028,21.878415
1.433000,158.019625,21.878415
1.433000,156.678209,21.878415
1.433000,157.965506,21.878415
1.433000,156.620321,21.878415
1.433500,157.967285,21.878415
1.433500,156.622499,21.878415
1.433500,157.878824,21.878415
1.433500,156.530649,21.878415
1.434000,157.880600,21.878415
1.434000,156.532824,21.878415
1.434000,157.788599,21.878415
1.434000,156.436687,21.878415
1.434000,157.790371,21.878415
1.434000,156.438860,21.878415
1.434500,157.741947,21.878415
1.434500,156.379582,21.878415
1.434500,157.743713,21.878415
1.434500,156.381752,21.878415
1.435000,157.701298,21.878415
1.435000,156.328694,21.878415
1.435000,157.703058,21.878415
1.435000,156.330861,21.878415
1.435000,157.665891,21.878415
1.435000,156.281183,21.878415
1.435500,157.667646,21.878415
1.435500,156.283347,21.878415
1.435500,157.638735,21.878415
1.435500,156.237281,21.878415
1.436000,157.640482,21.878415
1.436000,156.239443,21.878415
1.436000,157.620728,21.878415
1.436000,156.205510,21.878415
1.436500,157.628001,21.878415
1.436500,156.207669,21.878415
1.436500,157.629739,21.878415
1.436500,156.209827,21.878415
1.436500,157.617277,21.878415
1.436500,156.175147,21.878415
1.437000,157.619006,21.878415
1.437000,156.177303,21.878415
1.437000,157.606170,21.878415
1.437000,156.141958,21.878415
1.437500,157.607890,21.878415
1.437500,156.144111,21.878415
1.437500,157.601665,21.878415
1.437500,156.117827,21.878415
1.446000,157.603378,21.876698
1.446000,156.119977,21.876698
1.446000,157.621320,21.876698
1.446000,156.116703,21.876698
1.446000,157.623023,21.876698
1.446000,156.118851,21.876698
1.446500,157.640314,21.876698
1.446500,156.116011,21.876698
1.446500,157.642009,21.876698
1.446500,156.118156,21.876698
1.447000,157.659736,21.876698
1.447000,156.122835,21.876698
1.447000,157.670011,21.876698
1.447000,156.124978,21.876698
1.447000,157.684674,21.876698
1.447000,156.124262,21.876698
1.447500,157.695011,21.876698
1.447500,156.126402,21.876698
1.447500,157.696688,21.876698
1.447500,156.128541,21.876698
1.448000,157.738117,21.876698
1.448000,156.145324,21.876698
1.448000,157.739785,21.876698
1.448000,156.147460,21.876698
1.448500,157.756581,21.876698
1.448500,156.138441,21.876698
1.448500,157.758239,21.876698
1.448500,156.140575,21.876698
1.448500,157.767777,21.876698
1.448500,156.122824,21.876698
1.449000,157.769425,21.876698
1.449000,156.124955,21.876698
1.449000,157.812927,21.876698
1.449000,156.136782,21.876698
1.449500,157.814564,21.876698
1.449500,156.138911,21.876698
1.449500,157.867670,21.876698
1.449500,156.153497,21.876698
1.450000,157.869294,21.876698
1.450000,156.155624,21.876698
1.450000,157.862517,21.876698
1.450000,156.133203,21.876698
1.450000,157.886402,21.876698
1.450000,156.135327,21.876698
1.450500,157.888850,21.876698
1.450500,156.123087,21.876698
1.450500,157.914789,21.876698
1.450500,156.125208,21.876698
1.451000,157.971684,21.876698
1.451000,156.161628,21.876698
1.451000,157.997071,21.876698
1.451000,156.163747,21.876698
1.451500,157.998652,21.876698
1.451500,156.165865,21.876698
1.451500,158.039808,21.876698
1.451500,156.171405,21.876698
1.451500,158.041377,21.876698
1.451500,156.173520,21.876698
1.452000,158.069013,21.876698
1.452000,156.169946,21.876698
1.452000,158.070571,21.876698
1.452000,156.172059,21.876698
1.457000,158.093265,21.880423
1.457000,156.170181,21.880423
1.457000,158.094813,21.880423
1.457000,156.172292,21.880423
1.457000,158.107347,21.880423
1.457000,156.173814,21.880423
1.457500,158.118891,21.880423
1.457500,156.175922,21.880423
1.457500,158.118234,21.880423
1.457500,156.164012,21.880423
1.458000,158.127488,21.880423
1.458000,156.166118,21.880423
1.458000,158.111913,21.880423
1.458000,156.141015,21.880423
1.458500,158.116651,21.880423
1.458500,156.143118,21.880423
1.458500,158.092406,21.880423
1.458500,156.110057,21.880423
1.458500,158.094552,21.880423
1.458500,156.112157,21.880423
1.459000,158.096074,21.880423
1.459000,156.114257,21.880423
1.459000,158.075603,21.880423
1.459000,156.086102,21.880423
1.459500,158.077121,21.880423
1.459500,156.088198,21.880423
1.459500,158.057377,21.880423
1.459500,156.063887,21.880423
1.460000,158.058891,21.880423
1.460000,156.065981,21.880423
1.460000,158.100271,21.880423
1.460000,156.093976,21.880423
1.460000,158.101780,21.880423
1.460000,156.096068,21.880423
1.460500,158.107760,21.880423
1.460500,156.098873,21.880423
1.460500,158.111698,21.880423
1.460500,156.100962,21.880423
1.461000,158.170237,21.880423
1.461000,156.148783,21.880423
1.461000,158.174202,21.880423
1.461000,156.150871,21.880423
1.461000,158.256176,21.880423
1.461000,156.220402,21.880423
1.461500,158.261456,21.880423
1.461500,156.222487,21.880423
1.461500,158.352813,21.880423
1.461500,156.301513,21.880423
1.462000,158.357774,21.880423
1.462000,156.303596,21.880423
1.462000,158.359260,21.880423
1.462000,156.305678,21.880423
1.462500,158.444786,21.880423
1.462500,156.376534,21.880423
1.462500,158.446266,21.880423
1.462500,156.378613,21.880423
1.462500,158.524134,21.880423
1.462500,156.440919,21.880423
1.463000,158.525608,21.880423
1.463000,156.442996,21.880423
1.463000,158.601340,21.880423
1.463000,156.505854,21.880423
1.463500,158.604408,21.880423
1.463500,156.507929,21.880423
1.463500,158.682095,21.880423
1.463500,156.572992,21.880423
1.464000,158.684273,21.880423
1.464000,156.575065,21.880423
1.464000,158.764059,21.880423
1.464000,156.642392,21.880423
1.464000,158.765282,21.880423
1.464000,156.644463,21.880423
1.475000,158.831377,21.883671
1.475000,156.699365,21.883671
1.475000,169.056039,21.883671
1.475000,156.701433,21.883671
1.475500,169.090916,21.883671
1.475500,156.749792,21.883671
1.475500,169.091608,21.883671
1.475500,156.751859,21.883671
1.476000,169.090141,21.883671
1.476000,156.753924,21.883671
1.476000,169.123442,21.883671
1.476000,156.796962,21.883671
1.476000,169.121978,21.883671
1.476000,156.799025,21.883671
1.476500,169.153041,21.883671
1.476500,156.837960,21.883671
1.476500,169.151581,21.883671
1.476500,156.840020,21.883671
1.477000,169.166007,21.883671
1.477000,156.865536,21.883671
1.477000,169.167716,21.883671
1.477000,156.867595,21.883671
1.477000,169.180442,21.883671
1.477000,156.891056,21.883671
1.477500,169.181310,21.883671
1.477500,156.893112,21.883671
1.477500,169.181785,21.883671
1.477500,156.903838,21.883671
1.478000,169.183044,21.883671
1.478000,156.905892,21.883671
1.478000,169.178849,21.883671
1.478000,156.911155,21.883671
1.478500,169.178169,21.883671
1.478500,156.913207,21.883671
1.478500,169.172171,21.883671
1.478500,156.916308,21.883671
1.478500,169.170886,21.883671
1.478500,156.918357,21.883671
1.479000,169.169442,21.883671
1.479000,156.920404,21.883671
1.479000,169.170051,21.883671
1.479000,156.929310,21.883671
1.479500,169.168610,21.883671
1.479500,156.931356,21.883671
1.479500,169.137101,21.883671
1.479500,156.899679,21.883671
1.480000,169.135660,21.883671
1.480000,156.901722,21.883671
1.480000,169.106119,21.883671
1.480000,156.871821,21.883671
1.480000,169.107827,21.883671
1.480000,156.873862,21.883671
1.480500,169.080082,21.883671
1.480500,156.845044,21.883671
1.480500,169.082208,21.883671
1.480500,156.847082,21.883671
1.481000,169.059707,21.883671
1.481000,156.822209,21.883671
1.481000,169.063461,21.883671
1.481000,156.824245,21.883671
1.481000,169.207441,21.883671
1.481000,156.960940,21.883671
1.481500,169.212082,21.883671
1.481500,156.962974,21.883671
1.481500,169.361599,21.883671
1.481500,157.105005,21.883671
1.486000,169.367451,21.882287
1.486000,157.107037,21.882287
1.486000,169.366002,21.882287
1.486000,157.109068,21.882287
1.486500,169.406632,21.882287
1.486500,157.141164,21.882287
1.486500,169.405181,21.882287
1.486500,157.143193,21.882287
1.486500,169.386015,21.882287
1.486500,157.116614,21.882287
1.487000,169.396017,21.882287
1.487000,157.118641,21.882287
1.487000,169.379673,21.882287
1.487000,157.091923,21.882287
1.487500,159.124884,21.882287
1.487500,157.093947,21.882287
1.487500,159.090527,21.882287
1.487500,157.077474,21.882287
1.488000,159.077683,21.882287
1.488000,157.079496,21.882287
1.488000,159.060632,21.882287
1.488000,157.080573,21.882287
1.488000,159.047291,21.882287
1.488000,157.082593,21.882287
1.488500,159.050676,21.882287
1.488500,157.105620,21.882287
1.488500,159.036913,21.882287
1.488500,157.107637,21.882287
1.489000,159.055457,21.882287
1.489000,157.147155,21.882287
1.489000,159.038916,21.882287
1.489000,157.149170,21.882287
1.489000,159.040391,21.882287
1.489000,157.151184,21.882287
1.489500,159.064614,21.882287
1.489500,157.197648,21.882287
1.489500,159.041255,21.882287
1.489500,157.199660,21.882287
1.490000,159.061223,21.882287
1.490000,157.242001,21.882287
1.490000,159.032823,21.882287
1.490000,157.244011,21.882287
1.490500,159.033725,21.882287
1.490500,157.269475,21.882287
1.490500,158.998844,21.882287
1.490500,157.271482,21.882287
1.490500,158.975277,21.882287
1.490500,157.272740,21.882287
1.491000,158.943103,21.882287
1.491000,157.274745,21.882287
1.491000,158.910779,21.882287
1.491000,157.261853,21.882287
1.491500,158.888294,21.882287
1.491500,157.263855,21.882287
1.491500,158.807103,21.882287
1.491500,157.209294,21.882287
1.492000,158.789031,21.882287
1.492000,157.211294,21.882287
1.492000,158.790582,21.882287
1.492000,157.213293,21.882287
1.492000,158.712389,21.882287
1.492000,157.178133,21.882287
1.492500,158.699822,21.882287
1.492500,157.192958,21.882287
1.492500,158.701390,21.882287
1.492500,157.194954,21.882287
1.493000,158.693412,21.882287
1.493000,157.196948,21.882287
1.493000,158.732907,21.882287
1.493000,157.263652,21.882287
1.493000,158.730160,21.882287
1.493000,157.265645,21.882287
1.493500,158.809819,21.882287
1.493500,157.371539,21.882287
1.493500,158.808500,21.882287
1.493500,157.373529,21.882287
1.494000,158.906193,21.882287
1.494000,157.496363,21.882287
1.494000,158.900560,21.882287
1.494000,157.498351,21.882287
1.507500,159.011791,21.885224
1.507500,157.632769,21.885224
1.507500,159.002213,21.885224
1.507500,157.634756,21.885224
1.507500,159.241280,21.885224
1.507500,157.899438,21.885224
1.508000,159.236768,21.885224
1.508000,157.901423,21.885224
1.508000,159.281302,21.885224
1.508000,157.968363,21.885224
1.508500,159.282914,21.885224
1.508500,157.970346,21.885224
1.508500,159.308710,21.885224
1.508500,158.017729,21.885224
1.509000,159.310326,21.885224
1.509000,158.019710,21.885224
1.509000,159.315936,21.885224
1.509000,158.021689,21.885224
1.509000,159.494895,21.885224
1.509000,158.222958,21.885224
1.509500,159.504578,21.885224
1.509500,158.224936,21.885224
1.509500,159.674858,21.885224
1.509500,158.416509,21.885224
1.510000,159.686547,21.885224
1.510000,158.418485,21.885224
1.510000,159.833280,21.885224
1.510000,158.588031,21.885224
1.510500,159.846339,21.885224
1.510500,158.590005,21.885224
1.510500,160.004317,21.885224
1.510500,158.769759,21.885224
1.510500,160.021547,21.885224
1.510500,158.771732,21.885224
1.511000,160.183023,21.885224
1.511000,158.955099,21.885224
1.511000,160.189497,21.885224
1.511000,158.957070,21.885224
1.511500,160.384905,21.885224
1.511500,159.170008,21.885224
1.511500,160.386532,21.885224
1.511500,159.171977,21.885224
1.511500,160.524394,21.885224
1.511500,159.312138,21.885224
1.512000,160.526020,21.885224
1.512000,159.314105,21.885224
1.512000,160.550973,21.885224
1.512000,159.316071,21.885224
1.512500,160.653368,21.885224
1.512500,159.446148,21.885224
1.512500,160.676394,21.885224
1.512500,159.448112,21.885224
1.513000,160.863002,21.885224
1.513000,159.662759,21.885224
1.513000,160.879828,21.885224
1.513000,159.664721,21.885224
1.513000,161.079577,21.885224
1.513000,159.888159,21.885224
1.513500,161.093707,21.885224
1.513500,159.890119,21.885224
1.513500,161.280405,21.885224
1.513500,160.095139,21.885224
1.514000,161.282032,21.885224
1.514000,160.097097,21.885224
1.514000,161.516707,21.885224
1.514000,160.338657,21.885224
1.514500,161.533081,21.885224
1.514500,160.340614,21.885224
1.514500,161.779784,21.885224
1.514500,160.601312,21.885224
1.514500,161.781409,21.885224
1.514500,160.603267,21.885224
1.515000,162.002573,21.885224
1.515000,160.822578,21.885224
1.515000,162.004196,21.885224
1.515000,160.824532,21.885224
1.515500,173.720498,21.885224
1.515500,160.826484,21.885224
1.515500,173.912608,21.885224
1.515500,161.004219,21.885224
1.515500,173.905473,21.885224
1.515500,161.006169,21.885224
1.516000,174.078138,21.885224
1.516000,161.164380,21.885224
1.516000,174.076014,21.885224
1.516000,161.166329,21.885224
1.516500,174.092733,21.885224
1.516500,161.172058,21.885224
1.516500,174.089917,21.885224
1.516500,161.174005,21.885224
1.517000,174.200316,21.885224
1.517000,161.270573,21.885224
1.517000,174.194636,21.885224
1.517000,161.272517,21.885224
1.517000,174.293450,21.885224
1.517000,161.358592,21.885224
1.517500,174.291812,21.885224
1.517500,161.360534,21.885224
1.517500,174.446134,21.885224
1.517500,161.509298,21.885224
1.525500,174.444496,21.890439
1.525500,161.511239,21.890439
1.525500,174.677420,21.890439
1.525500,161.737042,21.890439
1.526000,174.675781,21.890439
1.526000,161.738981,21.890439
1.526000,174.670814,21.890439
1.526000,161.740919,21.890439
1.526000,174.811552,21.890439
1.526000,161.873841,21.890439
1.526500,174.805720,21.890439
1.526500,161.875777,21.890439
1.526500,174.905505,21.890439
1.526500,161.966079,21.890439
1.527000,174.901667,21.890439
1.527000,161.968013,21.890439
1.527000,174.966721,21.890439
1.527000,162.025294,21.890439
1.527500,174.965082,21.890439
1.527500,162.027226,21.890439
1.527500,174.982900,21.890439
1.527500,162.038880,21.890439
1.527500,174.979791,21.890439
1.527500,162.040810,21.890439
1.528000,174.935403,21.890439
1.528000,161.992457,21.890439
1.528000,174.933763,21.890439
1.528000,161.994384,21.890439
1.528500,174.859141,21.890439
1.528500,161.914549,21.890439
1.528500,174.857500,21.890439
1.528500,161.916474,21.890439
1.528500,174.859330,21.890439
1.528500,161.918399,21.890439
1.529000,174.852144,21.890439
1.529000,161.903222,21.890439
1.529000,174.852568,21.890439
1.529000,161.905144,21.890439
1.529500,174.860572,21.890439
1.529500,161.904066,21.890439
1.529500,174.857850,21.890439
1.529500,161.905986,21.890439
1.530000,174.811760,21.890439
1.530000,161.851812,21.890439
1.530000,174.805601,21.890439
1.530000,161.853730,21.890439
1.530000,174.784871,21.890439
1.530000,161.824401,21.890439
1.530500,174.778254,21.890439
1.530500,161.826316,21.890439
1.530500,174.788098,21.890439
1.530500,161.826684,21.890439
1.531000,174.786452,21.890439
1.531000,161.828598,21.890439
1.531000,174.799579,21.890439
1.531000,161.835547,21.890439
1.531500,174.797932,21.890439
1.531500,161.837459,21.890439
1.531500,174.787088,21.890439
1.531500,161.819177,21.890439
1.531500,174.785439,21.890439
1.531500,161.821086,21.890439
1.532000,174.783318,21.890439
1.532000,161.822995,21.890439
1.532000,174.742177,21.890439
1.532000,161.774039,21.890439
1.532500,174.667427,21.890439
1.532500,161.692923,21.890439
1.532500,174.665776,21.890439
1.532500,161.694828,21.890439
1.532500,174.665517,21.890439
1.532500,161.696732,21.890439
1.533000,174.590643,21.890439
1.533000,161.614492,21.890439
1.533000,174.592601,21.890439
1.533000,161.616394,21.890439
1.542000,174.512254,21.886739
1.542000,161.527750,21.886739
1.542000,174.513680,21.886739
1.542000,161.529649,21.886739
1.542500,174.454742,21.886739
1.542500,161.461940,21.886739
1.542500,174.453086,21.886739
1.542500,161.463837,21.886739
1.542500,174.406581,21.886739
1.542500,161.408736,21.886739
1.543000,174.404923,21.886739
1.543000,161.410631,21.886739
1.543000,174.350971,21.886739
1.543000,161.352534,21.886739
1.543500,174.349313,21.886739
1.543500,161.354427,21.886739
1.543500,174.280456,21.886739
1.543500,161.283588,21.886739
1.544000,174.278798,21.886739
1.544000,161.285478,21.886739
1.544000,174.199934,21.886739
1.544000,161.204326,21.886739
1.544000,174.198275,21.886739
1.544000,161.206215,21.886739
1.544500,174.193885,21.886739
1.544500,161.208102,21.886739
1.544500,174.143063,21.886739
1.544500,161.150289,21.886739
1.545000,174.141584,21.886739
1.545000,161.152174,21.886739
1.545000,174.098937,21.886739
1.545000,161.103182,21.886739
1.545000,174.097279,21.886739
1.545000,161.105066,21.886739
1.545500,174.061451,21.886739
1.545500,161.060852,21.886739
1.545500,174.059791,21.886739
1.545500,161.062733,21.886739
1.546000,174.008058,21.886739
1.546000,161.001744,21.886739
1.546000,174.006396,21.886739
1.546000,161.003623,21.886739
1.546500,173.920825,21.886739
1.546500,160.910939,21.886739
1.546500,173.919162,21.886739
1.546500,160.912816,21.886739
1.546500,173.799337,21.886739
1.546500,160.786498,21.886739
1.547000,173.797672,21.886739
1.547000,160.788372,21.886739
1.547000,173.689801,21.886739
1.547000,160.673586,21.886739
1.547500,173.688135,21.886739
1.547500,160.675459,21.886739
1.547500,173.690132,21.886739
1.547500,160.677330,21.886739
1.548000,173.601355,21.886739
1.548000,160.584997,21.886739
1.548000,173.602979,21.886739
1.548000,160.586866,21.886739
1.548000,173.520753,21.886739
1.548000,160.501014,21.886739
1.548500,173.519086,21.886739
1.548500,160.502881,21.886739
1.548500,173.455143,21.886739
1.548500,160.431115,21.886739
1.549000,173.453474,21.886739
1.549000,160.432980,21.886739
1.549000,173.398609,21.886739
1.549000,160.368994,21.886739
1.549000,173.396938,21.886739
1.549000,160.370857,21.886739
1.549500,173.344422,21.886739
1.549500,160.308869,21.886739
1.549500,173.342749,21.886739
1.549500,160.310730,21.886739
1.558000,173.297592,21.880262
1.558000,160.256339,21.880262
1.558000,173.295918,21.880262
1.558000,160.258197,21.880262
1.558500,173.228711,21.880262
1.558500,160.183784,21.880262
1.558500,173.227036,21.880262
1.558500,160.185640,21.880262
1.558500,160.862328,21.880262
1.558500,160.187495,21.880262
1.559000,160.755813,21.880262
1.559000,160.085725,21.880262
1.559000,160.757483,21.880262
1.559000,160.087578,21.880262
1.559500,160.644876,21.880262
1.559500,159.982929,21.880262
1.559500,160.646546,21.880262
1.559500,159.984780,21.880262
1.560000,160.529947,21.880262
1.560000,159.874335,21.880262
1.560000,160.531617,21.880262
1.560000,159.876183,21.880262
1.560000,160.394578,21.880262
1.560000,159.743723,21.880262
1.560500,160.396246,21.880262
1.560500,159.745570,21.880262
1.560500,160.238429,21.880262
1.560500,159.591371,21.880262
1.561000,160.240096,21.880262
1.561000,159.593215,21.880262
1.561000,160.056371,21.880262
1.561000,159.413373,21.880262
1.561500,160.058038,21.880262
1.561500,159.415215,21.880262
1.561500,159.851588,21.880262
1.561500,159.213202,21.880262
1.561500,159.853254,21.880262
1.561500,159.215041,21.880262
1.562000,159.851969,21.880262
1.562000,159.216880,21.880262
1.562000,159.649607,21.880262
1.562000,159.016249,21.880262
1.562500,159.651270,21.880262
1.562500,159.018084,21.880262
1.562500,159.462139,21.880262
1.562500,158.833992,21.880262
1.562500,159.463801,21.880262
1.562500,158.835826,21.880262
1.563000,159.317057,21.880262
1.563000,158.693368,21.880262
1.563000,159.318719,21.880262
1.563000,158.695199,21.880262
1.563500,159.196630,21.880262
1.563500,158.574463,21.880262
1.563500,159.198290,21.880262
1.563500,158.576292,21.880262
1.564000,159.056020,21.880262
1.564000,158.433711,21.880262
1.564000,159.057677,21.880262
1.564000,158.435538,21.880262
1.564000,158.893014,21.880262
1.564000,158.271655,21.880262
1.564500,158.894670,21.880262
1.564500,158.273480,21.880262
1.564500,158.725058,21.880262
1.564500,158.107190,21.880262
1.565000,158.726713,21.880262
1.565000,158.109012,21.880262
1.565000,158.728366,21.880262
1.565000,158.110833,21.880262
1.565500,158.576854,21.880262
1.565500,157.963997,21.880262
1.565500,158.578507,21.880262
1.565500,157.965816,21.880262
1.565500,158.442484,21.880262
1.565500,157.832433,21.880262
1.566000,158.444135,21.880262
1.566000,157.834250,21.880262
1.566000,158.329882,21.880262
1.566000,157.720784,21.880262
1.566500,158.331532,21.880262
1.566500,157.722598,21.880262
1.566500,158.206583,21.880262
1.566500,157.597846,21.880262
1.566500,158.208231,21.880262
1.566500,157.599658,21.880262
1.567000,158.144527,21.880262
1.567000,157.535831,21.880262
1.567000,158.146172,21.880262
1.567000,157.537641,21.880262
1.567500,158.104033,21.880262
1.567500,157.494610,21.880262
1.567500,158.105677,21.880262
1.567500,157.496418,21.880262
1.568000,158.033372,21.880262
1.568000,157.424054,21.880262
1.568000,158.035013,21.880262
1.568000,157.425860,21.880262
1.568000,158.036654,21.880262
1.568000,157.427665,21.880262
1.568500,157.949206,21.880262
1.568500,157.340166,21.880262
1.568500,157.950844,21.880262
1.568500,157.341969,21.880262
1.569000,157.884839,21.880262
1.569000,157.274549,21.880262
1.569000,157.886475,21.880262
1.569000,157.276350,21.880262
1.569500,157.840092,21.880262
1.569500,157.229100,21.880262
1.569500,157.841726,21.880262
1.569500,157.230899,21.880262
1.569500,157.788601,21.880262
1.569500,157.177193,21.880262
1.570000,157.790233,21.880262
1.570000,157.178990,21.880262
1.570000,157.694929,21.880262
1.570000,157.082261,21.880262
1.570500,157.696559,21.880262
1.570500,157.084056,21.880262
1.570500,157.591009,21.880262
1.570500,156.977074,21.880262
1.571000,157.592636,21.880262
1.571000,156.978867,21.880262
1.571000,157.533640,21.880262
1.571000,156.918094,21.880262
1.571000,157.535098,21.880262
1.571000,156.919885,21.880262
1.571500,157.503353,21.880262
1.571500,156.886531,21.880262
1.571500,157.505116,21.880262
1.571500,156.888320,21.880262
1.572000,157.506738,21.880262
1.572000,156.890107,21.880262
1.572000,157.478903,21.880262
1.572000,156.861084,21.880262
1.572000,157.480523,21.880262
1.572000,156.862869,21.880262
1.572500,157.469090,21.880262
1.572500,156.851589,21.880262
1.572500,157.470708,21.880262
1.572500,156.853373,21.880262
1.573000,157.460806,21.880262
1.573000,156.844145,21.880262
1.573000,157.462422,21.880262
1.573000,156.845927,21.880262
1.573500,157.439121,21.880262
1.573500,156.823575,21.880262
1.573500,157.440735,21.880262
1.573500,156.825355,21.880262
1.573500,157.406864,21.880262
1.573500,156.791247,21.880262
1.574000,157.408476,21.880262
1.574000,156.793025,21.880262
1.574000,157.387677,21.880262
1.574000,156.769797,21.880262
1.574500,157.389596,21.880262
1.574500,156.771572,21.880262
1.574500,157.490593,21.880262
1.574500,156.870545,21.880262
1.575000,157.494563,21.880262
1.575000,156.872319,21.880262
1.575000,157.496170,21.880262
1.575000,156.874092,21.880262
1.575000,157.557492,21.880262
1.575000,156.929179,21.880262
1.575500,157.559095,21.880262
1.575500,156.930950,21.880262
1.575500,157.638649,21.880262
1.575500,157.001845,21.880262
1.576000,157.640248,21.880262
1.576000,157.003615,21.880262
1.576000,157.802062,21.880262
1.576000,157.155858,21.880262
1.576000,157.803657,21.880262
1.576000,157.157626,21.880262
1.576500,157.973940,21.880262
1.576500,157.317955,21.880262
1.576500,157.975531,21.880262
1.576500,157.319722,21.880262
1.577000,158.114329,21.880262
1.577000,157.458320,21.880262
1.577000,158.125455,21.880262
1.577000,157.460085,21.880262
1.577500,158.270188,21.880262
1.577500,157.603738,21.880262
1.577500,158.278851,21.880262
1.577500,157.605502,21.880262
1.577500,158.395620,21.880262
1.577500,157.719838,21.880262
1.578000,158.402222,21.880262
1.578000,157.721601,21.880262
1.578000,158.403802,21.880262
1.578000,157.723362,21.880262
1.578500,158.519575,21.880262
1.578500,157.830712,21.880262
1.578500,158.521150,21.880262
1.578500,157.832471,21.880262
1.579000,158.634965,21.880262
1.579000,157.936122,21.880262
1.579000,158.636536,21.880262
1.579000,157.937880,21.880262
1.579000,158.753389,21.880262
1.579000,158.042862,21.880262
1.579500,158.754956,21.880262
1.579500,158.044619,21.880262
1.579500,158.904103,21.880262
1.579500,158.181179,21.880262
1.615500,158.905665,21.889235
1.615500,158.182934,21.889235
1.615500,159.031854,21.889235
1.615500,158.302286,21.889235
1.615500,159.039113,21.889235
1.615500,158.304039,21.889235
1.616000,159.168820,21.889235
1.616000,158.426781,21.889235
1.616000,159.175310,21.889235
1.616000,158.428533,21.889235
1.616500,159.321602,21.889235
1.616500,158.566955,21.889235
1.616500,159.327083,21.889235
1.616500,158.568704,21.889235
1.617000,159.328631,21.889235
1.617000,158.570453,21.889235
1.617000,159.463316,21.889235
1.617000,158.693139,21.889235
1.617000,159.464859,21.889235
1.617000,158.694886,21.889235
1.617500,159.626096,21.889235
1.617500,158.844186,21.889235
1.617500,159.627634,21.889235
1.617500,158.845932,21.889235
1.618000,159.808139,21.889235
1.618000,159.012819,21.889235
1.618000,159.809672,21.889235
1.618000,159.014563,21.889235
1.618500,159.994110,21.889235
1.618500,159.187243,21.889235
1.618500,159.999276,21.889235
1.618500,159.188986,21.889235
1.618500,160.220666,21.889235
1.618500,159.398246,21.889235
1.619000,160.225933,21.889235
1.619000,159.399988,21.889235
1.619000,160.443130,21.889235
1.619000,159.604220,21.889235
1.619500,160.448128,21.889235
1.619500,159.605960,21.889235
1.619500,160.644552,21.889235
1.619500,159.789081,21.889235
1.619500,160.648678,21.889235
1.619500,159.790819,21.889235
1.620000,160.650189,21.889235
1.620000,159.792557,21.889235
1.620000,160.848445,21.889235
1.620000,159.974225,21.889235
1.620500,160.849950,21.889235
1.620500,159.975961,21.889235
1.620500,161.057936,21.889235
1.620500,160.165856,21.889235
1.621000,161.059435,21.889235
1.621000,160.167590,21.889235
1.621000,161.243503,21.889235
1.621000,160.331895,21.889235
1.621000,161.244995,21.889235
1.621000,160.333628,21.889235
1.621500,161.409863,21.889235
1.621500,160.480934,21.889235
1.621500,161.414029,21.889235
1.621500,160.482665,21.889235
1.622000,161.586578,21.889235
1.622000,160.637369,21.889235
1.622000,161.590146,21.889235
1.622000,160.639099,21.889235
1.622500,161.806248,21.889235
1.622500,160.837413,21.889235
1.622500,161.808311,21.889235
1.622500,160.839142,21.889235
1.622500,162.013211,21.889235
1.622500,161.026270,21.889235
1.623000,162.014175,21.889235
1.623000,161.027997,21.889235
1.623000,162.015642,21.889235
1.623000,161.029723,21.889235
1.623500,162.210232,21.889235
1.623500,161.206761,21.889235
1.623500,162.211693,21.889235
1.623500,161.208485,21.889235
1.624000,162.423105,21.889235
1.624000,161.403265,21.889235
1.624000,162.424560,21.889235
1.624000,161.404988,21.889235
1.624000,162.626574,21.889235
1.624000,161.588213,21.889235
1.624500,173.777996,21.889235
1.624500,161.589934,21.889235
1.624500,173.943236,21.889235
1.624500,161.775771,21.889235
1.625000,173.943532,21.889235
1.625000,161.777491,21.889235
1.625000,174.114361,21.889235
1.625000,161.969641,21.889235
1.625000,174.114774,21.889235
1.625000,161.971359,21.889235
1.625500,174.259803,21.889235
1.625500,162.139561,21.889235
1.625500,174.261533,21.889235
1.625500,162.141278,21.889235
1.626000,174.395271,21.889235
1.626000,162.297481,21.889235
1.626000,174.400450,21.889235
1.626000,162.299197,21.889235
1.626500,174.399019,21.889235
1.626500,162.300911,21.889235
1.626500,174.528199,21.889235
1.626500,162.444091,21.889235
1.626500,174.526772,21.889235
1.626500,162.445804,21.889235
1.627000,174.652201,21.889235
1.627000,162.586306,21.889235
1.627000,174.650779,21.889235
1.627000,162.588018,21.889235
1.627500,174.750919,21.889235
1.627500,162.711282,21.889235
1.627500,174.756659,21.889235
1.627500,162.712992,21.889235
1.628000,174.842720,21.889235
1.628000,162.822034,21.889235
1.628000,174.849459,21.889235
1.628000,162.823742,21.889235
1.628000,174.913034,21.889235
1.628000,162.911714,21.889235
1.628500,174.919875,21.889235
1.628500,162.913420,21.889235
1.628500,174.981949,21.889235
1.628500,162.998692,21.889235
1.629000,174.987614,21.889235
1.629000,163.000397,21.889235
1.629000,175.024724,21.889235
1.629000,163.060118,21.889235
1.629000,175.031199,21.889235
1.629000,163.061821,21.889235
1.629500,175.029801,21.889235
1.629500,163.063524,21.889235
1.629500,175.070151,21.889235
1.629500,163.117261,21.889235
1.630000,175.068757,21.889235
1.630000,163.118962,21.889235
1.630000,175.107234,21.889235
1.630000,163.179294,21.889235
1.630500,175.113520,21.889235
1.630500,163.180993,21.889235
1.630500,175.144151,21.889235
1.630500,163.233323,21.889235
1.630500,175.149753,21.889235
1.630500,163.235020,21.889235
1.631000,175.152818,21.889235
1.631000,163.261276,21.889235
1.631000,175.158106,21.889235
1.631000,163.262971,21.889235
1.631500,175.104827,21.889235
1.631500,163.234015,21.889235
1.631500,175.111512,21.889235
1.631500,163.235709,21.889235
1.632000,175.046806,21.889235
1.632000,163.194766,21.889235
1.632000,175.054283,21.889235
1.632000,163.196458,21.889235
1.632000,175.003684,21.889235
1.632000,163.168538,21.889235
1.632500,164.439924,21.889235
1.632500,163.170228,21.889235
1.632500,164.441284,21.889235
1.632500,163.171917,21.889235
1.633000,164.474845,21.889235
1.633000,163.196281,21.889235
1.633000,164.476201,21.889235
1.633000,163.197969,21.889235
1.633500,164.523494,21.889235
1.633500,163.229208,21.889235
1.633500,164.513990,21.889235
1.633500,163.230894,21.889235
1.633500,164.535407,21.889235
1.633500,163.237150,21.889235
1.634000,164.525652,21.889235
1.634000,163.238834,21.889235
1.634000,164.527717,21.889235
1.634000,163.225027,21.889235
1.634500,164.516391,21.889235
1.634500,163.226709,21.889235
1.634500,164.522412,21.889235
1.634500,163.216437,21.889235
1.634500,164.511161,21.889235
1.634500,163.218117,21.889235
1.635000,164.494766,21.889235
1.635000,163.183423,21.889235
1.635000,164.484426,21.889235
1.635000,163.185102,21.889235
1.635500,164.428988,21.889235
1.635500,163.112537,21.889235
1.635500,164.416636,21.889235
1.635500,163.114214,21.889235
1.636000,164.354383,21.889235
1.636000,163.036485,21.889235
1.636000,164.345892,21.889235
1.636000,163.038161,21.889235
1.636000,164.347228,21.889235
1.636000,163.039835,21.889235
1.636500,164.293947,21.889235
1.636500,162.969825,21.889235
1.636500,164.289682,21.889235
1.636500,162.971497,21.889235
1.644500,164.256566,21.895274
1.644500,162.924089,21.895274
1.644500,164.251934,21.895274
1.644500,162.925760,21.895274
1.645000,164.272440,21.895274
1.645000,162.928651,21.895274
1.645000,164.269595,21.895274
1.645000,162.930320,21.895274
1.645000,164.309310,21.895274
1.645000,162.953247,21.895274
1.645500,164.308864,21.895274
1.645500,162.954914,21.895274
1.645500,164.347292,21.895274
1.645500,162.977166,21.895274
1.646000,164.348960,21.895274
1.646000,162.978832,21.895274
1.646000,164.390980,21.895274
1.646000,163.002634,21.895274
1.646000,164.391460,21.895274
1.646000,163.004298,21.895274
1.646500,164.437583,21.895274
1.646500,163.031253,21.895274
1.646500,164.438883,21.895274
1.646500,163.032915,21.895274
1.647000,164.442935,21.895274
1.647000,163.034576,21.895274
1.647000,164.456789,21.895274
1.647000,163.028822,21.895274
1.647500,164.464926,21.895274
1.647500,163.030482,21.895274
1.647500,164.446391,21.895274
1.647500,162.996241,21.895274
1.647500,164.454375,21.895274
1.647500,162.997899,21.895274
1.648000,164.448248,21.895274
1.648000,162.977378,21.895274
1.648000,164.454755,21.895274
1.648000,162.979035,21.895274
1.648500,164.442881,21.895274
1.648500,162.952519,21.895274
1.648500,164.448307,21.895274
1.648500,162.954173,21.895274
1.649000,164.494733,21.895274
1.649000,162.982861,21.895274
1.649000,164.503384,21.895274
1.649000,162.984514,21.895274
1.649000,164.535494,21.895274
1.649000,163.000710,21.895274
1.649500,164.547823,21.895274
1.649500,163.002362,21.895274
1.649500,164.563147,21.895274
1.649500,163.001226,21.895274
1.650000,164.564396,21.895274
1.650000,163.002876,21.895274
1.650000,164.578497,21.895274
1.650000,163.004525,21.895274
1.650000,164.605384,21.895274
1.650000,163.015635,21.895274
1.655500,164.622208,21.900828
1.655500,163.017282,21.900828
1.655500,164.618732,21.900828
1.655500,163.001223,21.900828
1.656000,164.635082,21.900828
1.656000,163.002868,21.900828
1.656000,164.674940,21.900828
1.656000,163.022552,21.900828
1.656500,164.693801,21.900828
1.656500,163.024196,21.900828
1.656500,164.749901,21.900828
1.656500,163.059216,21.900828
1.656500,164.771450,21.900828
1.656500,163.060858,21.900828
1.657000,164.779156,21.900828
1.657000,163.050932,21.900828
1.657000,164.801826,21.900828
1.657000,163.052573,21.900828
1.657500,164.858295,21.900828
1.657500,163.085669,21.900828
1.657500,164.859480,21.900828
1.657500,163.087307,21.900828
1.658000,164.894649,21.900828
1.658000,163.078364,21.900828
1.658000,164.895822,21.900828
1.658000,163.080001,21.900828
1.658000,164.980515,21.900828
1.658000,163.115172,21.900828
1.658500,164.981674,21.900828
1.658500,163.116807,21.900828
1.658500,165.010202,21.900828
1.658500,163.118442,21.900828
1.659000,165.077082,21.900828
1.659000,163.163697,21.900828
1.659000,165.102369,21.900828
1.659000,163.165330,21.900828
1.659000,165.125246,21.900828
1.659000,163.172907,21.900828
1.659500,165.144368,21.900828
1.659500,163.174539,21.900828
1.659500,165.164885,21.900828
1.659500,163.180061,21.900828
1.660000,165.179566,21.900828
1.660000,163.181691,21.900828
1.660000,165.194562,21.900828
1.660000,163.183326,21.900828
1.660500,165.204311,21.900828
1.660500,163.184954,21.900828
1.660500,165.194669,21.900828
1.660500,163.161007,21.900828
1.660500,165.195778,21.900828
1.660500,163.162634,21.900828
1.661000,165.190499,21.900828
1.661000,163.137848,21.900828
1.661000,165.191601,21.900828
1.661000,163.139472,21.900828
1.661500,173.877712,21.900828
1.661500,163.089112,21.900828
1.661500,173.876606,21.900828
1.661500,163.090735,21.900828
1.662000,173.868995,21.900828
1.662000,163.092357,21.900828
1.662000,173.806264,21.900828
1.662000,163.041607,21.900828
1.662000,173.800331,21.900828
1.662000,163.043228,21.900828
1.671000,173.766377,21.891513
1.671000,163.020727,21.891513
1.671000,173.761429,21.891513
1.671000,163.022346,21.891513
1.671500,173.744920,21.891513
1.671500,163.016112,21.891513
1.671500,173.738758,21.891513
1.671500,163.017729,21.891513
1.672000,173.740430,21.891513
1.672000,163.027915,21.891513
1.672000,173.739341,21.891513
1.672000,163.029531,21.891513
1.672000,173.740764,21.891513
1.672000,163.041786,21.891513
1.672500,173.739679,21.891513
1.672500,163.043400,21.891513
1.672500,173.748005,21.891513
1.672500,163.060755,21.891513
1.673000,173.746922,21.891513
1.673000,163.062367,21.891513
1.673000,173.753335,21.891513
1.673000,163.074766,21.891513
1.673000,173.752255,21.891513
1.673000,163.076377,21.891513
1.673500,173.750386,21.891513
1.673500,163.077987,21.891513
1.673500,173.758257,21.891513
1.673500,163.087941,21.891513
1.674000,173.758148,21.891513
1.674000,163.089549,21.891513
1.674000,173.755857,21.891513
1.674000,163.087657,21.891513
1.674500,173.756504,21.891513
1.674500,163.089264,21.891513
1.674500,173.761292,21.891513
1.674500,163.092413,21.891513
1.674500,173.763531,21.891513
1.674500,163.094018,21.891513
1.675000,173.766573,21.891513
1.675000,163.094083,21.891513
1.675000,173.765493,21.891513
1.675000,163.095687,21.891513
1.675500,173.779293,21.891513
1.675500,163.100284,21.891513
1.675500,173.778211,21.891513
1.675500,163.101886,21.891513
1.676000,173.787786,21.891513
1.676000,163.100539,21.891513
1.676000,173.786701,21.891513
1.676000,163.102139,21.891513
1.676000,173.800429,21.891513
1.676000,163.102889,21.891513
1.676500,173.799342,21.891513
1.676500,163.104488,21.891513
1.676500,173.803692,21.891513
1.676500,163.106086,21.891513
1.677000,173.817796,21.891513
1.677000,163.111557,21.891513
1.677000,173.822592,21.891513
1.677000,163.113153,21.891513
1.677000,173.848653,21.891513
1.677000,163.129516,21.891513
1.677500,173.853770,21.891513
1.677500,163.131111,21.891513
1.677500,173.896207,21.891513
1.677500,163.162828,21.891513
1.683500,173.895110,21.885270
1.683500,163.164421,21.885270
1.683500,173.948403,21.885270
1.683500,163.198719,21.885270
1.684000,173.947302,21.885270
1.684000,163.200311,21.885270
1.684000,174.007278,21.885270
1.684000,163.237785,21.885270
1.684000,174.006172,21.885270
1.684000,163.239375,21.885270
1.684500,174.054025,21.885270
1.684500,163.261202,21.885270
1.684500,174.052913,21.885270
1.684500,163.262791,21.885270
1.685000,174.094367,21.885270
1.685000,163.276776,21.885270
1.685000,174.093248,21.885270
1.685000,163.278363,21.885270
1.685500,174.107485,21.885270
1.685500,163.279949,21.885270
1.685500,174.137967,21.885270
1.685500,163.303728,21.885270
1.685500,174.151885,21.885270
1.685500,163.305312,21.885270
1.686000,174.160937,21.885270
1.686000,163.306267,21.885270
1.686000,174.159809,21.885270
1.686000,163.307850,21.885270
1.686500,165.093344,21.885270
1.686500,163.286429,21.885270
1.686500,165.094472,21.885270
1.686500,163.288010,21.885270
1.687000,165.064958,21.885270
1.687000,163.293831,21.885270
1.687000,165.066093,21.885270
1.687000,163.295410,21.885270
1.687000,165.045714,21.885270
1.687000,163.311944,21.885270
1.687500,165.046857,21.885270
1.687500,163.313522,21.885270
1.687500,165.031306,21.885270
1.687500,163.333851,21.885270
1.688000,165.032457,21.885270
1.688000,163.335427,21.885270
1.688000,165.005769,21.885270
1.688000,163.347186,21.885270
1.688000,165.006929,21.885270
1.688000,163.348761,21.885270
1.688500,164.991264,21.885270
1.688500,163.350336,21.885270
1.688500,165.006432,21.885270
1.688500,163.376736,21.885270
1.689000,164.991393,21.885270
1.689000,163.378309,21.885270
1.689000,164.988915,21.885270
1.689000,163.387600,21.885270
1.696000,164.990086,21.882588
1.696000,163.389171,21.882588
1.696000,164.908660,21.882588
1.696000,163.339735,21.882588
1.696000,164.909837,21.882588
1.696000,163.341305,21.882588
1.696500,164.851040,21.882588
1.696500,163.309237,21.882588
1.696500,164.852223,21.882588
1.696500,163.310805,21.882588
1.697000,164.830821,21.882588
1.697000,163.316312,21.882588
1.697000,164.832009,21.882588
1.697000,163.317879,21.882588
1.697500,164.802245,21.882588
1.697500,163.321463,21.882588
1.697500,164.803440,21.882588
1.697500,163.323028,21.882588
1.697500,164.829573,21.882588
1.697500,163.377489,21.882588
1.698000,164.830774,21.882588
1.698000,163.379052,21.882588
1.698000,164.821646,21.882588
1.698000,163.380615,21.882588
1.698500,164.823085,21.882588
1.698500,163.403285,21.882588
1.698500,164.814332,21.882588
1.698500,163.404847,21.882588
1.698500,164.815825,21.882588
1.698500,163.426229,21.882588
1.699000,164.817038,21.882588
1.699000,163.427788,21.882588
1.699000,164.891409,21.882588
1.699000,163.528970,21.882588
1.699500,164.892627,21.882588
1.699500,163.530528,21.882588
1.699500,164.949587,21.882588
1.699500,163.611976,21.882588
1.700000,164.950810,21.882588
1.700000,163.613533,21.882588
1.700000,165.025619,21.882588
1.700000,163.704660,21.882588
1.700000,165.026845,21.882588
1.700000,163.706216,21.882588
1.700500,165.060029,21.882588
1.700500,163.755167,21.882588
1.700500,165.061259,21.882588
1.700500,163.756721,21.882588
1.701000,165.074232,21.882588
1.701000,163.784541,21.882588
1.701000,165.075464,21.882588
1.701000,163.786094,21.882588
1.701500,165.092549,21.882588
1.701500,163.819331,21.882588
1.701500,165.093783,21.882588
1.701500,163.820881,21.882588
1.701500,165.095017,21.882588
1.701500,163.822432,21.882588
1.702000,165.103406,21.882588
1.702000,163.847678,21.882588
1.702000,165.104643,21.882588
1.702000,163.849227,21.882588
1.702500,165.047499,21.882588
1.702500,163.809526,21.882588
1.702500,165.048739,21.882588
1.702500,163.811073,21.882588
1.702500,165.003342,21.882588
1.702500,163.782274,21.882588
1.703000,165.004584,21.882588
1.703000,163.783819,21.882588
1.703000,164.990920,21.882588
1.703000,163.782941,21.882588
1.712500,164.992165,21.877132
1.712500,163.784485,21.877132
1.712500,165.029737,21.877132
1.712500,163.807112,21.877132
1.713000,165.030976,21.877132
1.713000,163.808654,21.877132
1.713000,165.052046,21.877132
1.713000,163.825677,21.877132
1.713000,165.053283,21.877132
1.713000,163.827218,21.877132
1.713500,165.067642,21.877132
1.713500,163.828758,21.877132
1.713500,165.133890,21.877132
1.713500,163.910113,21.877132
1.714000,165.135126,21.877132
1.714000,163.911652,21.877132
1.714000,165.224578,21.877132
1.714000,164.003317,21.877132
1.714500,165.225813,21.877132
1.714500,164.004855,21.877132
1.714500,165.321592,21.877132
1.714500,164.101670,21.877132
1.714500,165.322826,21.877132
1.714500,164.103206,21.877132
1.715000,165.405910,21.877132
1.715000,164.187401,21.877132
1.715000,165.407143,21.877132
1.715000,164.188935,21.877132
1.715500,165.437528,21.877132
1.715500,164.228102,21.877132
1.715500,165.438762,21.877132
1.715500,164.229636,21.877132
1.715500,165.427723,21.877132
1.715500,164.232932,21.877132
1.716000,165.428960,21.877132
1.716000,164.234464,21.877132
1.716000,165.433447,21.877132
1.716000,164.235995,21.877132
1.716500,165.384639,21.877132
1.716500,164.206728,21.877132
1.716500,165.358152,21.877132
1.716500,164.198758,21.877132
1.717000,165.361689,21.877132
1.717000,164.200287,21.877132
1.717000,165.362931,21.877132
1.717000,164.201814,21.877132
1.717000,165.344938,21.877132
1.717000,164.200735,21.877132
1.717500,165.346183,21.877132
1.717500,164.202261,21.877132
1.717500,165.308212,21.877132
1.717500,164.177837,21.877132
1.718000,165.309458,21.877132
1.718000,164.179362,21.877132
1.718000,165.198868,21.877132
1.718000,164.077695,21.877132
1.718500,165.200115,21.877132
1.718500,164.079218,21.877132
1.718500,165.164681,21.877132
1.718500,164.051269,21.877132
1.718500,165.165928,21.877132
1.718500,164.052791,21.877132
1.719000,165.149194,21.877132
1.719000,164.043299,21.877132
1.719000,165.150442,21.877132
1.719000,164.044819,21.877132
1.719500,165.098774,21.877132
1.719500,163.998618,21.877132
1.719500,165.100022,21.877132
1.719500,164.000136,21.877132
1.720000,164.989159,21.877132
1.720000,163.902986,21.877132
1.720000,164.996792,21.877132
1.720000,163.904503,21.877132
1.720000,164.998040,21.877132
1.720000,163.906020,21.877132
1.720500,164.861837,21.877132
1.720500,163.781157,21.877132
1.720500,164.863086,21.877132
1.720500,163.782671,21.877132
1.729000,164.721432,21.884092
1.729000,163.654398,21.884092
1.729000,164.722683,21.884092
1.729000,163.655911,21.884092
1.729000,164.589372,21.884092
1.729000,163.536709,21.884092
1.729500,164.590625,21.884092
1.729500,163.538220,21.884092
1.729500,164.459874,21.884092
1.729500,163.422556,21.884092
1.730000,164.461129,21.884092
1.730000,163.424065,21.884092
1.730000,164.322667,21.884092
1.730000,163.301489,21.884092
1.730500,164.323925,21.884092
1.730500,163.302997,21.884092
1.730500,164.180703,21.884092
1.730500,163.178311,21.884092
1.730500,164.182740,21.884092
1.730500,163.179817,21.884092
1.731000,164.040490,21.884092
1.731000,163.055757,21.884092
1.731000,164.041230,21.884092
1.731000,163.057262,21.884092
1.731500,164.042493,21.884092
1.731500,163.058766,21.884092
1.731500,163.874397,21.884092
1.731500,162.910077,21.884092
1.732000,163.875664,21.884092
1.732000,162.911580,21.884092
1.732000,163.676723,21.884092
1.732000,162.734260,21.884092
1.732000,163.677993,21.884092
1.732000,162.735761,21.884092
1.732500,163.479846,21.884092
1.732500,162.561202,21.884092
1.732500,163.481121,21.884092
1.732500,162.562701,21.884092
1.733000,163.306525,21.884092
1.733000,162.411735,21.884092
1.733000,163.307803,21.884092
1.733000,162.413233,21.884092
1.733000,163.134179,21.884092
1.733000,162.262226,21.884092
1.733500,163.135462,21.884092
1.733500,162.263722,21.884092
1.733500,162.931537,21.884092
1.733500,162.078639,21.884092
1.734000,162.930023,21.884092
1.734000,162.080133,21.884092
1.734000,162.713229,21.884092
1.734000,161.881277,21.884092
1.734500,162.713013,21.884092
1.734500,161.882770,21.884092
1.734500,162.714302,21.884092
1.734500,161.884261,21.884092
1.734500,162.480643,21.884092
1.734500,161.669300,21.884092
1.735000,162.481935,21.884092
1.735000,161.670790,21.884092
1.735000,162.245696,21.884092
1.735000,161.452825,21.884092
1.735500,162.246990,21.884092
1.735500,161.454313,21.884092
1.735500,162.030544,21.884092
1.735500,161.254807,21.884092
1.736000,162.031841,21.884092
1.736000,161.256294,21.884092
1.736000,161.837112,21.884092
1.736000,161.077297,21.884092
1.736000,161.838411,21.884092
1.736000,161.078782,21.884092
1.736500,161.638810,21.884092
1.736500,160.894351,21.884092
1.736500,161.638943,21.884092
1.736500,160.895834,21.884092
1.745000,161.412171,21.892360
1.745000,160.683272,21.892360
1.745000,161.411994,21.892360
1.745000,160.684753,21.892360
1.745500,161.413297,21.892360
1.745500,160.686234,21.892360
1.745500,161.184578,21.892360
1.745500,160.471823,21.892360
1.745500,161.185883,21.892360
1.745500,160.473302,21.892360
1.746000,160.989695,21.892360
1.746000,160.291772,21.892360
1.746000,160.991002,21.892360
1.746000,160.293250,21.892360
1.746500,160.799330,21.892360
1.746500,160.116564,21.892360
1.746500,160.800639,21.892360
1.746500,160.118039,21.892360
1.746500,160.625211,21.892360
1.746500,159.958030,21.892360
1.747000,160.626522,21.892360
1.747000,159.959504,21.892360
1.747000,160.465888,21.892360
1.747000,159.815811,21.892360
1.747500,160.467202,21.892360
1.747500,159.817283,21.892360
1.747500,160.292683,21.892360
1.747500,159.653283,21.892360
1.748000,160.288443,21.892360
1.748000,159.654753,21.892360
1.748000,160.113713,21.892360
1.748000,159.490140,21.892360
1.748000,160.111321,21.892360
1.748000,159.491608,21.892360
1.748500,159.945985,21.892360
1.748500,159.335865,21.892360
1.748500,159.944658,21.892360
1.748500,159.337333,21.892360
1.749000,159.788112,21.892360
1.749000,159.189755,21.892360
1.749000,159.787133,21.892360
1.749000,159.191220,21.892360
1.749500,159.788453,21.892360
1.749500,159.192685,21.892360
1.749500,159.638891,21.892360
1.749500,159.054217,21.892360
1.749500,159.640212,21.892360
1.749500,159.055680,21.892360
1.750000,159.490332,21.892360
1.750000,158.917546,21.892360
1.750000,159.491654,21.892360
1.750000,158.919007,21.892360
1.750500,159.352494,21.892360
1.750500,158.787499,21.892360
1.750500,159.350271,21.892360
1.750500,158.788958,21.892360
1.750500,159.209076,21.892360
1.750500,158.653986,21.892360
1.751000,159.207351,21.892360
1.751000,158.655444,21.892360
1.751000,159.068069,21.892360
1.751000,158.521430,21.892360
1.751500,159.066966,21.892360
1.751500,158.522886,21.892360
1.751500,158.929426,21.892360
1.751500,158.390273,21.892360
1.752000,158.928950,21.892360
1.752000,158.391728,21.892360
1.752000,158.774905,21.892360
1.752000,158.241825,21.892360
1.752000,158.774611,21.892360
1.752000,158.243278,21.892360
1.752500,158.775935,21.892360
1.752500,158.244730,21.892360
1.752500,158.613231,21.892360
1.752500,158.086642,21.892360
1.753000,158.614555,21.892360
1.753000,158.088092,21.892360
1.753000,158.445814,21.892360
1.753000,157.922470,21.892360
1.753500,158.447137,21.892360
1.753500,157.923919,21.892360
1.753500,158.303311,21.892360
1.753500,157.782614,21.892360
1.753500,158.306360,21.892360
1.753500,157.784061,21.892360
1.754000,158.179014,21.892360
1.754000,157.658534,21.892360
1.754000,158.182869,21.892360
1.754000,157.659980,21.892360
1.765000,158.082561,21.906791
1.765000,157.561477,21.906791
1.765000,158.085880,21.906791
1.765000,157.562922,21.906791
1.765000,157.954763,21.906791
1.765000,157.432592,21.906791
1.765500,157.957564,21.906791
1.765500,157.434035,21.906791
1.765500,157.863862,21.906791
1.765500,157.341449,21.906791
1.766000,157.866391,21.906791
1.766000,157.342891,21.906791
1.766000,157.867705,21.906791
1.766000,157.344331,21.906791
1.766500,157.814697,21.906791
1.766500,157.292669,21.906791
1.766500,157.816010,21.906791
1.766500,157.294108,21.906791
1.766500,157.777321,21.906791
1.766500,157.257474,21.906791
1.767000,157.778776,21.906791
1.767000,157.258911,21.906791
1.767000,157.730556,21.906791
1.767000,157.212260,21.906791
1.767500,157.730911,21.906791
1.767500,157.213696,21.906791
1.767500,157.671153,21.906791
1.767500,157.155484,21.906791
1.768000,157.671771,21.906791
1.768000,157.156919,21.906791
1.768000,157.609738,21.906791
1.768000,157.095465,21.906791
1.768000,157.611058,21.906791
1.768000,157.096898,21.906791
1.768500,157.525560,21.906791
1.768500,157.011498,21.906791
1.768500,157.527500,21.906791
1.768500,157.012930,21.906791
1.769000,157.461402,21.906791
1.769000,156.946810,21.906791
1.769000,157.462997,21.906791
1.769000,156.948240,21.906791
1.769000,157.464303,21.906791
1.769000,156.949670,21.906791
1.769500,157.431694,21.906791
1.769500,156.917744,21.906791
1.769500,157.432999,21.906791
1.769500,156.919172,21.906791
1.770000,157.410998,21.906791
1.770000,156.897521,21.906791
1.770000,157.412138,21.906791
1.770000,156.898947,21.906791
1.770500,157.425421,21.906791
1.770500,156.912134,21.906791
1.770500,157.427210,21.906791
1.770500,156.913559,21.906791
1.770500,157.441044,21.906791
1.770500,156.927100,21.906791
1.771000,157.442508,21.906791
1.771000,156.928524,21.906791
1.771000,157.450095,21.906791
1.771000,156.935764,21.906791
1.771500,157.450928,21.906791
1.771500,156.937186,21.906791
1.771500,157.474659,21.906791
1.771500,156.960517,21.906791
1.772000,157.475905,21.906791
1.772000,156.961938,21.906791
1.772000,157.514821,21.906791
1.772000,157.000200,21.906791
1.772000,157.516632,21.906791
1.772000,157.001620,21.906791
1.772500,157.517928,21.906791
1.772500,157.003040,21.906791
1.772500,157.566872,21.906791
1.772500,157.051014,21.906791
1.773000,157.569231,21.906791
1.773000,157.052432,21.906791
1.773000,157.627810,21.906791
1.773000,157.109894,21.906791
1.773500,157.631156,21.906791
1.773500,157.111311,21.906791
1.773500,157.696773,21.906791
1.773500,157.175887,21.906791
1.773500,157.700624,21.906791
1.773500,157.177303,21.906791
1.774000,157.804073,21.906791
1.774000,157.279795,21.906791
1.774000,157.808430,21.906791
1.774000,157.281210,21.906791
1.774500,157.945590,21.906791
1.774500,157.417355,21.906791
1.774500,157.949952,21.906791
1.774500,157.418769,21.906791
1.774500,158.105499,21.906791
1.774500,157.573236,21.906791
1.775000,158.110165,21.906791
1.775000,157.574649,21.906791
1.775000,158.111449,21.906791
1.775000,157.576060,21.906791
1.775500,158.297795,21.906791
1.775500,157.757967,21.906791
1.775500,158.299077,21.906791
1.775500,157.759378,21.906791
1.776000,158.491954,21.906791
1.776000,157.950737,21.906791
1.776000,158.496102,21.906791
1.776000,157.952147,21.906791
1.776000,158.671957,21.906791
1.776000,158.125969,21.906791
1.776500,158.675692,21.906791
1.776500,158.127378,21.906791
1.776500,158.819188,21.906791
1.776500,158.267890,21.906791
1.791000,158.822871,21.921796
1.791000,158.269298,21.921796
1.791000,158.971754,21.921796
1.791000,158.414333,21.921796
1.791500,158.975953,21.921796
1.791500,158.415739,21.921796
1.791500,159.133060,21.921796
1.791500,158.568007,21.921796
1.791500,159.138445,21.921796
1.791500,158.569412,21.921796
1.792000,159.323056,21.921796
1.792000,158.748578,21.921796
1.792000,159.329092,21.921796
1.792000,158.749982,21.921796
1.792500,159.526906,21.921796
1.792500,158.942219,21.921796
1.792500,159.528170,21.921796
1.792500,158.943622,21.921796
1.792500,159.708258,21.921796
1.792500,159.112719,21.921796
1.793000,159.709519,21.921796
1.793000,159.114121,21.921796
1.793000,159.714822,21.921796
1.793000,159.115523,21.921796
1.793500,159.910745,21.921796
1.793500,159.304538,21.921796
1.793500,159.914852,21.921796
1.793500,159.305938,21.921796
1.794000,160.129631,21.921796
1.794000,159.512498,21.921796
1.794000,160.132453,21.921796
1.794000,159.513897,21.921796
1.794000,160.318004,21.921796
1.794000,159.689651,21.921796
1.794500,160.320480,21.921796
1.794500,159.691049,21.921796
1.794500,160.490984,21.921796
1.794500,159.851170,21.921796
1.795000,160.493723,21.921796
1.795000,159.852567,21.921796
1.795000,160.660601,21.921796
1.795000,160.007870,21.921796
1.795500,160.663671,21.921796
1.795500,160.009266,21.921796
1.795500,160.875495,21.921796
1.795500,160.208445,21.921796
1.795500,160.876733,21.921796
1.795500,160.209841,21.921796
1.796000,161.114727,21.921796
1.796000,160.432724,21.921796
1.796000,161.115960,21.921796
1.796000,160.434118,21.921796
1.796500,161.120259,21.921796
1.796500,160.435512,21.921796
1.796500,161.353420,21.921796
1.796500,160.656043,21.921796
1.797000,161.357191,21.921796
1.797000,160.657436,21.921796
1.797000,161.600520,21.921796
1.797000,160.887951,21.921796
1.797000,161.603543,21.921796
1.797000,160.889343,21.921796
1.797500,161.866959,21.921796
1.797500,161.139317,21.921796
1.797500,161.869018,21.921796
1.797500,161.140708,21.921796
1.798000,162.130657,21.921796
1.798000,161.389125,21.921796
1.798000,162.132553,21.921796
1.798000,161.390515,21.921796
1.798000,162.381519,21.921796
1.798000,161.626014,21.921796
1.798500,162.382729,21.921796
1.798500,161.627403,21.921796
1.798500,162.598166,21.921796
1.798500,161.827148,21.921796
1.799000,162.599372,21.921796
1.799000,161.828536,21.921796
1.799000,162.797227,21.921796
1.799000,162.011398,21.921796
1.799500,162.798429,21.921796
1.799500,162.012784,21.921796
1.799500,162.799354,21.921796
1.799500,162.014171,21.921796
1.799500,162.980983,21.921796
1.799500,162.180979,21.921796
1.800000,162.980684,21.921796
1.800000,162.182364,21.921796
1.800000,163.180127,21.921796
1.800000,162.366912,21.921796
1.800500,163.180062,21.921796
1.800500,162.368296,21.921796
1.800500,163.379638,21.921796
1.800500,162.552345,21.921796
1.801000,163.380785,21.921796
1.801000,162.553728,21.921796
1.801000,163.555536,21.921796
1.801000,162.711453,21.921796
1.801000,163.556806,21.921796
1.801000,162.712835,21.921796
1.801500,163.741678,21.921796
1.801500,162.880272,21.921796
1.801500,163.742857,21.921796
1.801500,162.881653,21.921796
1.810000,163.904614,21.932091
1.810000,163.025893,21.932091
1.810000,163.905788,21.932091
1.810000,163.027272,21.932091
1.810000,164.058307,21.932091
1.810000,163.161730,21.932091
1.810500,164.059475,21.932091
1.810500,163.163109,21.932091
1.810500,164.060102,21.932091
1.810500,163.164487,21.932091
1.811000,164.218070,21.932091
1.811000,163.304254,21.932091
1.811000,164.216933,21.932091
1.811000,163.305630,21.932091
1.811500,164.358960,21.932091
1.811500,163.428851,21.932091
1.811500,164.356101,21.932091
1.811500,163.430227,21.932091
1.811500,164.482077,21.932091
1.811500,163.537316,21.932091
1.812000,164.478902,21.932091
1.812000,163.538690,21.932091
1.812000,164.596014,21.932091
1.812000,163.636392,21.932091
1.812500,164.597163,21.932091
1.812500,163.637765,21.932091
1.812500,164.687968,21.932091
1.812500,163.712513,21.932091
1.813000,164.689112,21.932091
1.813000,163.713885,21.932091
1.813000,164.767432,21.932091
1.813000,163.776829,21.932091
1.813000,164.768572,21.932091
1.813000,163.778200,21.932091
1.813500,164.828354,21.932091
1.813500,163.822703,21.932091
1.813500,164.829489,21.932091
1.813500,163.824073,21.932091
1.814000,164.826528,21.932091
1.814000,163.825442,21.932091
1.814000,164.903174,21.932091
1.814000,163.882240,21.932091
1.814000,164.900160,21.932091
1.814000,163.883608,21.932091
1.814500,164.963859,21.932091
1.814500,163.927466,21.932091
1.814500,164.959471,21.932091
1.814500,163.928832,21.932091
1.815000,165.033157,21.932091
1.815000,163.982211,21.932091
1.815000,165.027973,21.932091
1.815000,163.983576,21.932091
1.815500,165.092846,21.932091
1.815500,164.028336,21.932091
1.815500,165.093962,21.932091
1.815500,164.029700,21.932091
1.815500,165.139123,21.932091
1.815500,164.060587,21.932091
1.816000,165.140235,21.932091
1.816000,164.061950,21.932091
1.816000,165.180555,21.932091
1.816000,164.087880,21.932091
1.821000,165.181663,21.938733
1.821000,164.089241,21.938733
1.821000,165.177291,21.938733
1.821000,164.090602,21.938733
1.821500,165.211424,21.938733
1.821500,164.104934,21.938733
1.821500,165.204225,21.938733
1.821500,164.106294,21.938733
1.821500,165.219518,21.938733
1.821500,164.102775,21.938733
1.822000,165.213025,21.938733
1.822000,164.104134,21.938733
1.822000,165.236095,21.938733
1.822000,164.106333,21.938733
1.822500,165.231054,21.938733
1.822500,164.107691,21.938733
1.822500,165.240523,21.938733
1.822500,164.099935,21.938733
1.822500,165.235433,21.938733
1.822500,164.101291,21.938733
1.823000,165.248059,21.938733
1.823000,164.096619,21.938733
1.823000,165.249147,21.938733
1.823000,164.097974,21.938733
1.823500,165.282389,21.938733
1.823500,164.121002,21.938733
1.823500,165.283473,21.938733
1.823500,164.122355,21.938733
1.824000,165.345896,21.938733
1.824000,164.173647,21.938733
1.824000,165.346976,21.938733
1.824000,164.175000,21.938733
1.824000,165.343017,21.938733
1.824000,164.176351,21.938733
1.824500,165.387863,21.938733
1.824500,164.203423,21.938733
1.824500,165.421631,21.938733
1.824500,164.227424,21.938733
1.825000,165.422704,21.938733
1.825000,164.228774,21.938733
1.825000,165.413207,21.938733
1.825000,164.230124,21.938733
1.825500,165.422270,21.938733
1.825500,164.221096,21.938733
1.825500,165.411505,21.938733
1.825500,164.222444,21.938733
1.825500,165.417451,21.938733
1.825500,164.209305,21.938733
1.826000,165.418518,21.938733
1.826000,164.210651,21.938733
1.826000,165.385698,21.938733
1.826000,164.172918,21.938733
1.826500,165.386763,21.938733
1.826500,164.174264,21.938733
1.826500,165.331052,21.938733
1.826500,164.114943,21.938733
1.827000,165.332115,21.938733
1.827000,164.116287,21.938733
1.827000,165.336755,21.938733
1.827000,164.115255,21.938733
1.827000,165.337816,21.938733
1.827000,164.116598,21.938733
1.827500,165.352357,21.938733
1.827500,164.122578,21.938733
1.827500,165.353415,21.938733
1.827500,164.123919,21.938733
1.828000,165.410258,21.938733
1.828000,164.165398,21.938733
1.828000,165.411311,21.938733
1.828000,164.166738,21.938733
1.828000,165.413517,21.938733
1.828000,164.168078,21.938733
1.828500,165.476590,21.938733
1.828500,164.216482,21.938733
1.828500,165.477638,21.938733
1.828500,164.217821,21.938733
1.829000,165.547303,21.938733
1.829000,164.269609,21.938733
1.829000,165.548345,21.938733
1.829000,164.270947,21.938733
1.842500,165.612372,21.946746
1.842500,164.315740,21.946746
1.842500,165.613409,21.946746
1.842500,164.317077,21.946746
1.842500,165.664343,21.946746
1.842500,164.350634,21.946746
1.843000,165.665376,21.946746
1.843000,164.351969,21.946746
1.843000,165.682045,21.946746
1.843000,164.352255,21.946746
1.843500,165.683073,21.946746
1.843500,164.353589,21.946746
1.843500,165.685070,21.946746
1.843500,164.354922,21.946746
1.844000,165.670031,21.946746
1.844000,164.327083,21.946746
1.844000,165.620170,21.946746
1.844000,164.264791,21.946746
1.844000,165.621190,21.946746
1.844000,164.266123,21.946746
1.844500,165.623840,21.946746
1.844500,164.267454,21.946746
1.844500,165.564867,21.946746
1.844500,164.197352,21.946746
1.845000,165.565882,21.946746
1.845000,164.198681,21.946746
1.845000,165.539513,21.946746
1.845000,164.159656,21.946746
1.845000,165.540524,21.946746
1.845000,164.160984,21.946746
1.845500,165.527542,21.946746
1.845500,164.131923,21.946746
1.845500,165.528548,21.946746
1.845500,164.133250,21.946746
1.846000,165.534048,21.946746
1.846000,164.119075,21.946746
1.846000,165.535049,21.946746
1.846000,164.120401,21.946746
1.846500,165.573929,21.946746
1.846500,164.139416,21.946746
1.846500,165.574924,21.946746
1.846500,164.140740,21.946746
1.846500,165.665412,21.946746
1.846500,164.206088,21.946746
1.847000,165.666401,21.946746
1.847000,164.207412,21.946746
1.847000,165.753803,21.946746
1.847000,164.268241,21.946746
1.847500,165.754785,21.946746
1.847500,164.269563,21.946746
1.847500,165.768839,21.946746
1.847500,164.270885,21.946746
1.848000,165.839381,21.946746
1.848000,164.326702,21.946746
1.848000,165.840355,21.946746
1.848000,164.328023,21.946746
1.848000,165.923352,21.946746
1.848000,164.383361,21.946746
1.848500,165.924318,21.946746
1.848500,164.384680,21.946746
1.848500,166.002755,21.946746
1.848500,164.436301,21.946746
1.849000,166.003715,21.946746
1.849000,164.437620,21.946746
1.849000,166.056240,21.946746
1.849000,164.464661,21.946746
1.849500,166.057193,21.946746
1.849500,164.465978,21.946746
1.849500,166.102270,21.946746
1.849500,164.486983,21.946746
1.849500,166.103217,21.946746
1.849500,164.488299,21.946746
1.850000,166.149726,21.946746
1.850000,164.511410,21.946746
1.850000,166.150667,21.946746
1.850000,164.512724,21.946746
1.853500,166.208690,21.934490
1.853500,164.546575,21.934490
1.853500,166.209623,21.934490
1.853500,164.547889,21.934490
1.853500,166.210557,21.934490
1.853500,164.549202,21.934490
1.854000,166.266660,21.934490
1.854000,164.580543,21.934490
1.854000,166.267587,21.934490
1.854000,164.581855,21.934490
1.854500,166.330759,21.934490
1.854500,164.620285,21.934490
1.854500,166.331679,21.934490
1.854500,164.621595,21.934490
1.855000,166.407545,21.934490
1.855000,164.672432,21.934490
1.855000,166.408458,21.934490
1.855000,164.673742,21.934490
1.855000,166.461321,21.934490
1.855000,164.702227,21.934490
1.855500,166.462229,21.934490
1.855500,164.703535,21.934490
1.855500,166.484140,21.934490
1.855500,164.702187,21.934490
1.856000,166.485041,21.934490
1.856000,164.703494,21.934490
1.856000,166.493173,21.934490
1.856000,164.688135,21.934490
1.856500,166.494068,21.934490
1.856500,164.689441,21.934490
1.856500,166.480622,21.934490
1.856500,164.652631,21.934490
1.856500,166.481511,21.934490
1.856500,164.653936,21.934490
1.857000,166.482399,21.934490
1.857000,164.655240,21.934490
1.857000,166.472400,21.934490
1.857000,164.621871,21.934490
1.862000,166.473282,21.931970
1.862000,164.623174,21.931970
1.862000,166.435222,21.931970
1.862000,164.566943,21.931970
1.862000,166.436099,21.931970
1.862000,164.568245,21.931970
1.862500,166.443603,21.931970
1.862500,164.552336,21.931970
1.862500,166.444474,21.931970
1.862500,164.553636,21.931970
1.863000,166.459085,21.931970
1.863000,164.544499,21.931970
1.863000,166.459950,21.931970
1.863000,164.545799,21.931970
1.863500,166.469412,21.931970
1.863500,164.531611,21.931970
1.863500,166.470270,21.931970
1.863500,164.532909,21.931970
1.863500,166.457584,21.931970
1.863500,164.499340,21.931970
1.864000,166.458437,21.931970
1.864000,164.500637,21.931970
1.864000,166.418137,21.931970
1.864000,164.449070,21.931970
1.864500,166.427167,21.931970
1.864500,164.450365,21.931970
1.864500,166.428013,21.931970
1.864500,164.451661,21.931970
1.865000,166.386343,21.931970
1.865000,164.392923,21.931970
1.865000,166.387184,21.931970
1.865000,164.394217,21.931970
1.865000,166.358088,21.931970
1.865000,164.347828,21.931970
1.865500,166.358925,21.931970
1.865500,164.349120,21.931970
1.865500,166.374838,21.931970
1.865500,164.346570,21.931970
1.866000,166.375670,21.931970
1.866000,164.347862,21.931970
1.866000,166.426760,21.931970
1.866000,164.382143,21.931970
1.866000,166.427587,21.931970
1.866000,164.383433,21.931970
1.866500,166.509932,21.931970
1.866500,164.447589,21.931970
1.866500,166.510755,21.931970
1.866500,164.448879,21.931970
1.867000,166.607651,21.931970
1.867000,164.527724,21.931970
1.867000,166.608469,21.931970
1.867000,164.529012,21.931970
1.867500,166.707142,21.931970
1.867500,164.613564,21.931970
1.867500,166.712689,21.931970
1.867500,164.614851,21.931970
1.867500,166.810521,21.931970
1.867500,164.698866,21.931970
1.868000,166.814603,21.931970
1.868000,164.700152,21.931970
1.868000,166.815410,21.931970
1.868000,164.701437,21.931970
1.877000,166.917602,21.917966
1.877000,164.786472,21.917966
1.877000,166.918405,21.917966
1.877000,164.787756,21.917966
1.877500,167.021667,21.917966
1.877500,164.873582,21.917966
1.877500,167.022465,21.917966
1.877500,164.874865,21.917966
1.877500,167.130516,21.917966
1.877500,164.965124,21.917966
1.878000,167.131310,21.917966
1.878000,164.966406,21.917966
1.878000,167.236243,21.917966
1.878000,165.054108,21.917966
1.878500,167.237032,21.917966
1.878500,165.055389,21.917966
1.878500,167.340610,21.917966
1.878500,165.146027,21.917966
1.878500,167.343988,21.917966
1.878500,165.147308,21.917966
1.879000,167.395262,21.917966
1.879000,165.193478,21.917966
1.879000,167.398927,21.917966
1.879000,165.194757,21.917966
1.879500,167.437222,21.917966
1.879500,165.230147,21.917966
1.879500,174.430520,21.917966
1.879500,165.231424,21.917966
1.880000,174.429734,21.917966
1.880000,165.232702,21.917966
1.880000,174.447749,21.917966
1.880000,165.257004,21.917966
1.880000,174.446965,21.917966
1.880000,165.258280,21.917966
1.880500,174.456141,21.917966
1.880500,165.271273,21.917966
1.880500,174.455358,21.917966
1.880500,165.272548,21.917966
1.881000,174.456048,21.917966
1.881000,165.274115,21.917966
1.881000,174.455265,21.917966
1.881000,165.275389,21.917966
1.881500,174.455020,21.917966
1.881500,165.272961,21.917966
1.881500,174.454237,21.917966
1.881500,165.274234,21.917966
1.881500,174.449908,21.917966
1.881500,165.265167,21.917966
1.882000,174.449099,21.917966
1.882000,165.266439,21.917966
1.882000,174.443478,21.917966
1.882000,165.254503,21.917966
1.882500,174.443390,21.917966
1.882500,165.255774,21.917966
1.882500,174.439234,21.917966
1.882500,165.243784,21.917966
1.883000,174.439628,21.917966
1.883000,165.245053,21.917966
1.883000,174.438841,21.917966
1.883000,165.246322,21.917966
1.883000,174.438635,21.917966
1.883000,165.234208,21.917966
1.883500,174.437846,21.917966
1.883500,165.235476,21.917966
1.883500,174.535059,21.917966
1.883500,165.317685,21.917966
1.884000,174.534267,21.917966
1.884000,165.318952,21.917966
1.884000,174.656750,21.917966
1.884000,165.425150,21.917966
1.884000,174.655954,21.917966
1.884000,165.426415,21.917966
1.884500,174.773848,21.917966
1.884500,165.530013,21.917966
1.884500,174.777111,21.917966
1.884500,165.531278,21.917966
1.892500,174.792668,21.902417
1.892500,165.532562,21.902417
1.892500,174.797640,21.902417
1.892500,165.533825,21.902417
1.893000,174.811654,21.902417
1.893000,165.531677,21.902417
1.893000,174.818532,21.902417
1.893000,165.532940,21.902417
1.893000,174.851120,21.902417
1.893000,165.547550,21.902417
1.893500,174.864387,21.902417
1.893500,165.548811,21.902417
1.893500,174.863572,21.902417
1.893500,165.550072,21.902417
1.894000,174.933977,21.902417
1.894000,165.580255,21.902417
1.894000,174.933154,21.902417
1.894000,165.581514,21.902417
1.894500,175.001895,21.902417
1.894500,165.605794,21.902417
1.894500,175.001062,21.902417
1.894500,165.607052,21.902417
1.894500,175.019302,21.902417
1.894500,165.607131,21.902417
1.895000,175.044300,21.902417
1.895000,165.608388,21.902417
1.895000,175.130813,21.902417
1.895000,165.674702,21.902417
1.895500,167.507221,21.902417
1.895500,165.675958,21.902417
1.895500,167.491522,21.902417
1.895500,165.678758,21.902417
1.895500,167.468935,21.902417
1.895500,165.680013,21.902417
1.896000,167.556262,21.902417
1.896000,165.786600,21.902417
1.896000,167.534248,21.902417
1.896000,165.787854,21.902417
1.896500,167.647637,21.902417
1.896500,165.920045,21.902417
1.896500,167.629702,21.902417
1.896500,165.921298,21.902417
1.897000,167.630574,21.902417
1.897000,165.922550,21.902417
1.897000,167.734828,21.902417
1.897000,166.059934,21.902417
1.897000,167.735707,21.902417
1.897000,166.061185,21.902417
1.897500,167.752828,21.902417
1.897500,166.109584,21.902417
1.897500,167.753713,21.902417
1.897500,166.110834,21.902417
1.902000,167.784725,21.889700
1.902000,166.154436,21.889700
1.902000,167.769399,21.889700
1.902000,166.155685,21.889700
1.902500,167.896948,21.889700
1.902500,166.294826,21.889700
1.902500,167.884210,21.889700
1.902500,166.296075,21.889700
1.902500,167.993683,21.889700
1.902500,166.416732,21.889700
1.903000,167.981561,21.889700
1.903000,166.417980,21.889700
1.903000,168.012849,21.889700
1.903000,166.464012,21.889700
1.903500,168.002942,21.889700
1.903500,166.465258,21.889700
1.903500,168.012655,21.889700
1.903500,166.491099,21.889700
1.904000,168.004875,21.889700
1.904000,166.492344,21.889700
1.904000,168.005784,21.889700
1.904000,166.493589,21.889700
1.904000,168.054196,21.889700
1.904000,166.566306,21.889700
1.904500,168.055109,21.889700
1.904500,166.567549,21.889700
1.904500,168.151879,21.889700
1.904500,166.687265,21.889700
1.905000,168.152796,21.889700
1.905000,166.688507,21.889700
1.905000,168.269266,21.889700
1.905000,166.816643,21.889700
1.905000,168.261798,21.889700
1.905000,166.817884,21.889700
1.905500,168.399486,21.889700
1.905500,166.969933,21.889700
1.905500,168.390504,21.889700
1.905500,166.971174,21.889700
1.906000,168.485065,21.889700
1.906000,167.078807,21.889700
1.906000,168.477983,21.889700
1.906000,167.080047,21.889700
1.911500,168.519032,21.863320
1.911500,167.134230,21.863320
1.911500,168.517598,21.863320
1.911500,167.135468,21.863320
1.911500,168.518529,21.863320
1.911500,167.136706,21.863320
1.912000,168.543784,21.863320
1.912000,167.178213,21.863320
1.912000,168.554242,21.863320
1.912000,167.204571,21.863320
1.912500,168.555055,21.863320
1.912500,167.205807,21.863320
1.912500,168.555992,21.863320
1.912500,167.207043,21.863320
1.913000,168.584238,21.863320
1.913000,167.251113,21.863320
1.913000,168.588547,21.863320
1.913000,167.252348,21.863320
1.913000,168.690993,21.863320
1.913000,167.372706,21.863320
1.913500,168.695615,21.863320
1.913500,167.373940,21.863320
1.913500,168.794517,21.863320
1.913500,167.491237,21.863320
1.914000,168.799790,21.863320
1.914000,167.492469,21.863320
1.914000,168.848340,21.863320
1.914000,167.560922,21.863320
1.914000,168.853735,21.863320
1.914000,167.562154,21.863320
1.914500,168.867034,21.863320
1.914500,167.593212,21.863320
1.914500,168.891676,21.863320
1.914500,167.594443,21.863320
1.915000,168.834145,21.863320
1.915000,167.554939,21.863320
1.915000,168.848215,21.863320
1.915000,167.556168,21.863320
1.915500,168.769025,21.863320
1.915500,167.496187,21.863320
1.915500,168.770750,21.863320
1.915500,167.497416,21.863320
1.915500,168.771697,21.863320
1.915500,167.498643,21.863320
1.916000,168.668351,21.863320
1.916000,167.414067,21.863320
1.916000,168.674529,21.863320
1.916000,167.415294,21.863320
1.916500,168.565899,21.863320
1.916500,167.327677,21.863320
1.916500,168.575698,21.863320
1.916500,167.328903,21.863320
1.917000,168.561919,21.863320
1.917000,167.336535,21.863320
1.917000,168.573402,21.863320
1.917000,167.337759,21.863320
1.917000,168.613056,21.863320
1.917000,167.400309,21.863320
1.917500,168.625021,21.863320
1.917500,167.401533,21.863320
1.917500,168.633317,21.863320
1.917500,167.431305,21.863320
1.918000,168.642735,21.863320
1.918000,167.432527,21.863320
1.918000,168.538530,21.863320
1.918000,167.348283,21.863320
1.918000,168.545327,21.863320
1.918000,167.349504,21.863320
1.927500,168.546285,21.846787
1.927500,167.350725,21.846787
1.927500,168.387080,21.846787
1.927500,167.211995,21.846787
1.928000,168.392218,21.846787
1.928000,167.213214,21.846787
1.928000,168.171613,21.846787
1.928000,167.013802,21.846787
1.928500,168.175011,21.846787
1.928500,167.015020,21.846787
1.928500,168.026279,21.846787
1.928500,166.886570,21.846787
1.928500,168.029503,21.846787
1.928500,166.887787,21.846787
1.929000,167.934399,21.846787
1.929000,166.812734,21.846787
1.929000,167.939626,21.846787
1.929000,166.813950,21.846787
1.929500,167.853933,21.846787
1.929500,166.747874,21.846787
1.929500,167.859366,21.846787
1.929500,166.749089,21.846787
1.930000,167.770174,21.846787
1.930000,166.681325,21.846787
1.930000,167.773312,21.846787
1.930000,166.682539,21.846787
1.930000,167.650329,21.846787
1.930000,166.580006,21.846787
1.930500,167.651084,21.846787
1.930500,166.581219,21.846787
1.930500,167.439907,21.846787
1.930500,166.390936,21.846787
1.931000,167.440888,21.846787
1.931000,166.392147,21.846787
1.931000,167.440475,21.846787
1.931000,166.393358,21.846787
1.931000,167.178960,21.846787
1.931000,166.151208,21.846787
1.931500,167.178235,21.846787
1.931500,166.152418,21.846787
1.931500,166.921644,21.846787
1.931500,165.914194,21.846787
1.932000,166.921514,21.846787
1.932000,165.915403,21.846787
1.932000,166.648257,21.846787
1.932000,165.658469,21.846787
1.932500,166.648964,21.846787
1.932500,165.659676,21.846787
1.932500,166.343728,21.846787
1.932500,165.372023,21.846787
1.932500,166.345372,21.846787
1.932500,165.373229,21.846787
1.933000,166.092080,21.846787
1.933000,165.138791,21.846787
1.933000,166.093161,21.846787
1.933000,165.139995,21.846787
1.933500,165.876757,21.846787
1.933500,164.943841,21.846787
1.933500,165.877756,21.846787
1.933500,164.945045,21.846787
1.934000,165.648597,21.846787
1.934000,164.738509,21.846787
1.934000,165.649600,21.846787
1.934000,164.739711,21.846787
1.934000,165.648106,21.846787
1.934000,164.740913,21.846787
1.934500,165.392448,21.846787
1.934500,164.507087,21.846787
1.934500,165.392229,21.846787
1.934500,164.508288,21.846787
1.935000,165.142923,21.846787
1.935000,164.281085,21.846787
1.935000,165.142739,21.846787
1.935000,164.282284,21.846787
1.935500,164.847309,21.846787
1.935500,164.007780,21.846787
1.935500,164.845995,21.846787
1.935500,164.008978,21.846787
1.935500,164.514102,21.846787
1.935500,163.697584,21.846787
1.936000,164.511042,21.846787
1.936000,163.698780,21.846787
1.936000,164.175212,21.846787
1.936000,163.383561,21.846787
1.936500,164.171184,21.846787
1.936500,163.384756,21.846787
1.936500,163.830100,21.846787
1.936500,163.062636,21.846787
1.936500,163.831126,21.846787
1.936500,163.063830,21.846787
1.937000,163.827346,21.846787
1.937000,163.065023,21.846787
1.937000,163.496805,21.846787
1.937000,162.754214,21.846787
1.937500,163.493583,21.846787
1.937500,162.755406,21.846787
1.937500,163.187665,21.846787
1.937500,162.469775,21.846787
1.938000,163.184529,21.846787
1.938000,162.470966,21.846787
1.938000,162.935581,21.846787
1.938000,162.241889,21.846787
1.938000,162.932897,21.846787
1.938000,162.243079,21.846787
1.938500,162.683145,21.846787
1.938500,162.011616,21.846787
1.938500,162.680908,21.846787
1.938500,162.012804,21.846787
1.939000,162.376183,21.846787
1.939000,161.724493,21.846787
1.939000,162.375475,21.846787
1.939000,161.725680,21.846787
1.939500,162.031409,21.846787
1.939500,161.396370,21.846787
1.939500,162.032456,21.846787
1.939500,161.397555,21.846787
1.939500,161.686871,21.846787
1.939500,161.066957,21.846787
1.940000,161.687920,21.846787
1.940000,161.068141,21.846787
1.940000,161.332773,21.846787
1.940000,160.726529,21.846787
1.940500,161.333823,21.846787
1.940500,160.727711,21.846787
1.940500,161.335096,21.846787
1.940500,160.728893,21.846787
1.940500,160.962068,21.846787
1.940500,160.367531,21.846787
1.941000,160.963832,21.846787
1.941000,160.368712,21.846787
1.941000,160.590748,21.846787
1.941000,160.005943,21.846787
1.941500,160.593865,21.846787
1.941500,160.007122,21.846787
1.941500,160.223817,21.846787
1.941500,159.646648,21.846787
1.942000,160.228436,21.846787
1.942000,159.647826,21.846787
1.942000,159.906103,21.846787
1.942000,159.335516,21.846787
1.942000,159.911427,21.846787
1.942000,159.336692,21.846787
1.942500,159.636856,21.846787
1.942500,159.072353,21.846787
1.942500,159.637907,21.846787
1.942500,159.073528,21.846787
1.943000,159.413372,21.846787
1.943000,158.855259,21.846787
1.943000,159.414424,21.846787
1.943000,158.856432,21.846787
1.943500,159.227195,21.846787
1.943500,158.676206,21.846787
1.943500,159.228247,21.846787
1.943500,158.677378,21.846787
1.943500,159.065911,21.846787
1.943500,158.522575,21.846787
1.944000,159.066964,21.846787
1.944000,158.523746,21.846787
1.944000,159.068173,21.846787
1.944000,158.524916,21.846787
1.944500,158.886042,21.846787
1.944500,158.350324,21.846787
1.944500,158.887818,21.846787
1.944500,158.351493,21.846787
1.945000,158.675276,21.846787
1.945000,158.144938,21.846787
1.945000,158.677048,21.846787
1.945000,158.146105,21.846787
1.945000,158.432944,21.846787
1.945000,157.906744,21.846787
1.972000,158.433997,21.839505
1.972000,157.907910,21.839505
1.972000,158.153960,21.839505
1.972000,157.630515,21.839505
1.972500,158.155012,21.839505
1.972500,157.631680,21.839505
1.972500,157.799466,21.839505
1.972500,157.277247,21.839505
1.972500,157.800516,21.839505
1.972500,157.278410,21.839505
1.973000,157.381317,21.839505
1.973000,156.859720,21.839505
1.973000,157.382366,21.839505
1.973000,156.860882,21.839505
1.973500,157.384905,21.839505
1.973500,156.862043,21.839505
1.973500,156.965200,21.839505
1.973500,156.445906,21.839505
1.974000,156.968142,21.839505
1.974000,156.447066,21.839505
1.974000,156.679170,21.839505
1.974000,156.161384,21.839505
1.974000,156.682010,21.839505
1.974000,156.162542,21.839505
1.974500,156.637081,21.839505
1.974500,156.115943,21.839505
1.974500,156.640512,21.839505
1.974500,156.117100,21.839505
1.975000,156.940876,21.839505
1.975000,156.412923,21.839505
1.975000,156.941918,21.839505
1.975000,156.414079,21.839505
1.975500,157.000238,21.839505
1.975500,156.469549,21.839505
1.975500,157.001279,21.839505
1.975500,156.470704,21.839505
1.975500,156.716405,21.839505
1.975500,156.184922,21.839505
1.976000,156.717445,21.839505
1.976000,156.186076,21.839505
1.976000,156.552759,21.839505
1.976000,156.018920,21.839505
1.976500,156.553797,21.839505
1.976500,156.020073,21.839505
1.976500,156.483320,21.839505
1.976500,155.946529,21.839505
1.976500,156.484355,21.839505
1.976500,155.947681,21.839505
1.977000,156.488177,21.839505
1.977000,155.948832,21.839505
1.977000,156.429588,21.839505
1.977000,155.890512,21.839505
1.977500,156.433686,21.839505
1.977500,155.891662,21.839505
1.977500,156.379622,21.839505
1.977500,155.838046,21.839505
1.978000,156.380654,21.839505
1.978000,155.839195,21.839505
1.978000,156.371553,21.839505
1.978000,155.827450,21.839505
1.978000,156.372584,21.839505
1.978000,155.828598,21.839505
1.978500,156.406442,21.839505
1.978500,155.860862,21.839505
1.978500,156.407472,21.839505
1.978500,155.862009,21.839505
1.979000,156.429904,21.839505
1.979000,155.882983,21.839505
1.979000,156.430932,21.839505
1.979000,155.884129,21.839505
1.979500,156.382227,21.839505
1.979500,155.834791,21.839505
1.979500,156.383254,21.839505
1.979500,155.835937,21.839505
1.979500,156.339030,21.839505
1.979500,155.791155,21.839505
1.980000,156.340056,21.839505
1.980000,155.792300,21.839505
1.980000,156.341648,21.839505
1.980000,155.793443,21.839505
1.980500,156.373966,21.839505
1.980500,155.824492,21.839505
1.980500,156.374211,21.839505
1.980500,155.825634,21.839505
1.980500,156.420768,21.839505
1.980500,155.870258,21.839505
1.981000,156.421791,21.839505
1.981000,155.871400,21.839505
1.981000,156.479032,21.839505
1.981000,155.927949,21.839505
1.981500,156.480055,21.839505
1.981500,155.929090,21.839505
1.981500,156.559936,21.839505
1.981500,156.007299,21.839505
1.982000,156.560957,21.839505
1.982000,156.008439,21.839505
1.982000,156.652777,21.839505
1.982000,156.098436,21.839505
1.982000,156.653797,21.839505
1.982000,156.099575,21.839505
1.982500,156.739618,21.839505
1.982500,156.184020,21.839505
1.982500,156.740637,21.839505
1.982500,156.185159,21.839505
1.983000,156.894279,21.839505
1.983000,156.336564,21.839505
1.983000,156.895297,21.839505
1.983000,156.337702,21.839505
1.983500,156.899799,21.839505
1.983500,156.338839,21.839505
1.983500,157.127814,21.839505
1.983500,156.566761,21.839505
1.983500,157.128831,21.839505
1.983500,156.567898,21.839505
1.984000,157.374612,21.839505
1.984000,156.808193,21.839505
1.984000,157.375627,21.839505
1.984000,156.809329,21.839505
1.984500,157.586884,21.839505
1.984500,157.012855,21.839505
1.984500,157.587896,21.839505
1.984500,157.013990,21.839505
1.984500,157.791791,21.839505
1.984500,157.209462,21.839505
1.985000,157.792801,21.839505
1.985000,157.210597,21.839505
1.985000,158.019105,21.839505
1.985000,157.428733,21.839505
1.985500,158.020113,21.839505
1.985500,157.429867,21.839505
1.985500,158.272803,21.839505
1.985500,157.673780,21.839505
1.986000,158.273808,21.839505
1.986000,157.674914,21.839505
1.986000,158.525412,21.839505
1.986000,157.917019,21.839505
1.986000,158.526415,21.839505
1.986000,157.918152,21.839505
1.986500,158.531343,21.839505
1.986500,157.919284,21.839505
1.986500,158.774425,21.839505
1.986500,158.157152,21.839505
1.987000,158.775425,21.839505
1.987000,158.158284,21.839505
1.987000,159.028243,21.839505
1.987000,158.401456,21.839505
1.987500,159.029240,21.839505
1.987500,158.402587,21.839505
1.987500,159.270576,21.839505
1.987500,158.633116,21.839505
1.987500,159.271571,21.839505
1.987500,158.634246,21.839505
1.988000,159.449133,21.839505
1.988000,158.798567,21.839505
1.988000,159.450124,21.839505
1.988000,158.799696,21.839505
1.995500,159.579079,21.833552
1.995500,158.912599,21.833552
1.995500,159.580066,21.833552
1.995500,158.913728,21.833552
1.996000,159.702576,21.833552
1.996000,159.017311,21.833552
1.996000,159.703558,21.833552
1.996000,159.018440,21.833552
1.996000,159.599527,21.833552
1.996000,158.893004,21.833552
1.996500,159.600504,21.833552
1.996500,158.894131,21.833552
1.996500,159.657377,21.833552
1.996500,158.935666,21.833552
1.997000,159.661199,21.833552
1.997000,158.936792,21.833552
1.997000,159.662171,21.833552
1.997000,158.937918,21.833552
1.997000,159.900643,21.833552
1.997000,159.158875,21.833552
1.997500,159.901611,21.833552
1.997500,159.160000,21.833552
1.997500,160.099560,21.833552
1.997500,159.340823,21.833552
1.998000,160.100523,21.833552
1.998000,159.341948,21.833552
1.998000,160.278231,21.833552
1.998000,159.501321,21.833552
1.998500,160.279190,21.833552
1.998500,159.502445,21.833552
1.998500,160.511509,21.833552
1.998500,159.716458,21.833552
1.998500,160.512463,21.833552
1.998500,159.717581,21.833552
1.999000,160.636156,21.833552
1.999000,159.821072,21.833552
1.999000,160.637105,21.833552
1.999000,159.822194,21.833552
2.007500,162.155942,21.836796
2.007500,161.243464,21.836796
2.007500,162.484272,21.836796
2.007500,161.559036,21.836796
2.008000,162.485194,21.836796
2.008000,161.560153,21.836796
2.008000,162.801691,21.836796
2.008000,161.862773,21.836796
2.008000,162.802610,21.836796
2.008000,161.863890,21.836796
2.008500,163.077053,21.836796
2.008500,162.116926,21.836796
2.008500,163.074652,21.836796
2.008500,162.118042,21.836796
2.009000,163.075565,21.836796
2.009000,162.119158,21.836796
2.009000,163.369631,21.836796
2.009000,162.392955,21.836796
2.009500,163.370540,21.836796
2.009500,162.394070,21.836796
2.009500,163.653258,21.836796
2.009500,162.655989,21.836796
2.009500,163.654162,21.836796
2.009500,162.657104,21.836796
2.010000,163.916383,21.836796
2.010000,162.897733,21.836796
2.010000,163.917282,21.836796
2.010000,162.898846,21.836796
2.010500,164.181383,21.836796
2.010500,163.141409,21.836796
2.010500,164.182277,21.836796
2.010500,163.142522,21.836796
2.010500,164.441722,21.836796
2.010500,163.382648,21.836796
2.011000,164.442611,21.836796
2.011000,163.383761,21.836796
2.011000,164.675728,21.836796
2.011000,163.594651,21.836796
2.011500,164.671460,21.836796
2.011500,163.595763,21.836796
2.011500,164.672345,21.836796
2.011500,163.596874,21.836796
2.012000,164.890444,21.836796
2.012000,163.799070,21.836796
2.012000,164.891324,21.836796
2.012000,163.800181,21.836796
2.012000,165.106246,21.836796
2.012000,163.999488,21.836796
2.017000,165.107122,21.832211
2.017000,164.000597,21.832211
2.017000,165.300487,21.832211
2.017000,164.176232,21.832211
2.017500,165.301359,21.832211
2.017500,164.177341,21.832211
2.017500,165.456784,21.832211
2.017500,164.317727,21.832211
2.018000,165.457653,21.832211
2.018000,164.318835,21.832211
2.018000,165.618646,21.832211
2.018000,164.454164,21.832211
2.018000,165.608199,21.832211
2.018000,164.455271,21.832211
2.018500,165.768901,21.832211
2.018500,164.601214,21.832211
2.018500,165.769762,21.832211
2.018500,164.602320,21.832211
2.019000,165.892110,21.832211
2.019000,164.699943,21.832211
2.019000,165.882457,21.832211
2.019000,164.701049,21.832211
2.019500,166.012577,21.832211
2.019500,164.806945,21.832211
2.019500,166.004923,21.832211
2.019500,164.808050,21.832211
2.019500,166.005776,21.832211
2.019500,164.809154,21.832211
2.020000,166.134891,21.832211
2.020000,164.920182,21.832211
2.020000,166.135740,21.832211
2.020000,164.921286,21.832211
2.020500,166.238075,21.832211
2.020500,165.007117,21.832211
2.020500,166.238920,21.832211
2.020500,165.008219,21.832211
2.020500,166.333445,21.832211
2.020500,165.087615,21.832211
2.021000,166.334286,21.832211
2.021000,165.088716,21.832211
2.021000,166.414599,21.832211
2.021000,165.158934,21.832211
2.021500,166.415437,21.832211
2.021500,165.160034,21.832211
2.021500,166.490438,21.832211
2.021500,165.212140,21.832211
2.022000,166.476053,21.832211
2.022000,165.213240,21.832211
2.022000,166.568232,21.832211
2.022000,165.283562,21.832211
2.022000,166.551655,21.832211
2.022000,165.284661,21.832211
2.022500,166.552489,21.832211
2.022500,165.285759,21.832211
2.022500,166.591166,21.832211
2.022500,165.322162,21.832211
2.030500,166.591998,21.819589
2.030500,165.323260,21.819589
2.030500,166.642434,21.819589
2.030500,165.367454,21.819589
2.031000,166.643265,21.819589
2.031000,165.368551,21.819589
2.031000,166.689337,21.819589
2.031000,165.398540,21.819589
2.031000,166.690164,21.819589
2.031000,165.399636,21.819589
2.031500,166.711191,21.819589
2.031500,165.402980,21.819589
2.031500,166.712013,21.819589
2.031500,165.404075,21.819589
2.032000,166.745061,21.819589
2.032000,165.420569,21.819589
2.032000,166.745879,21.819589
2.032000,165.421663,21.819589
2.032000,166.765102,21.819589
2.032000,165.422694,21.819589
2.032500,166.764424,21.819589
2.032500,165.423787,21.819589
2.032500,166.764299,21.819589
2.032500,165.405778,21.819589
2.033000,166.767570,21.819589
2.033000,165.406870,21.819589
2.033000,166.758122,21.819589
2.033000,165.382667,21.819589
2.033500,166.763538,21.819589
2.033500,165.383759,21.819589
2.033500,166.764342,21.819589
2.033500,165.384850,21.819589
2.033500,166.743252,21.819589
2.033500,165.340470,21.819589
2.034000,166.744050,21.819589
2.034000,165.341560,21.819589
2.034000,166.770389,21.819589
2.034000,165.342172,21.819589
2.034500,166.771181,21.819589
2.034500,165.343260,21.819589
2.034500,166.796996,21.819589
2.034500,165.338407,21.819589
2.035000,166.797781,21.819589
2.035000,165.339495,21.819589
2.035000,166.828273,21.819589
2.035000,165.353113,21.819589
2.035000,166.849337,21.819589
2.035000,165.354201,21.819589
2.035500,166.917994,21.819589
2.035500,165.406131,21.819589
2.035500,166.942921,21.819589
2.035500,165.407217,21.819589
2.036000,166.995380,21.819589
2.036000,165.442945,21.819589
2.036000,167.019752,21.819589
2.036000,165.444030,21.819589
2.036000,167.020510,21.819589
2.036000,165.445115,21.819589
2.041500,167.102392,21.781390
2.041500,165.489102,21.781390
2.041500,167.128133,21.781390
2.041500,165.499171,21.781390
2.042000,167.145607,21.781390
2.042000,165.500254,21.781390
2.042000,167.146349,21.781390
2.042000,165.501338,21.781390
2.042500,167.137507,21.781390
2.042500,165.465403,21.781390
2.042500,167.138243,21.781390
2.042500,165.466485,21.781390
2.042500,167.097498,21.781390
2.042500,165.402394,21.781390
2.043000,167.098228,21.781390
2.043000,165.403475,21.781390
2.043000,167.019274,21.781390
2.043000,165.314667,21.781390
2.043500,167.030673,21.781390
2.043500,165.315747,21.781390
2.043500,166.964446,21.781390
2.043500,165.240169,21.781390
2.044000,166.973930,21.781390
2.044000,165.241248,21.781390
2.044000,166.928799,21.781390
2.044000,165.186818,21.781390
2.044000,166.937558,21.781390
2.044000,165.187896,21.781390
2.044500,166.938274,21.781390
2.044500,165.188974,21.781390
2.044500,166.910760,21.781390
2.044500,165.145713,21.781390
2.045000,166.857213,21.781390
2.045000,165.082213,21.781390
2.045000,166.863985,21.781390
2.045000,165.083290,21.781390
2.045500,166.864693,21.781390
2.045500,165.084366,21.781390
2.045500,166.884382,21.781390
2.045500,165.080607,21.781390
2.045500,166.885085,21.781390
2.045500,165.081682,21.781390
2.050000,166.863533,21.763838
2.050000,165.050250,21.763838
2.050000,166.874752,21.763838
2.050000,165.051324,21.763838
2.050500,166.862959,21.763838
2.050500,165.028751,21.763838
2.050500,166.877229,21.763838
2.050500,165.029825,21.763838
2.050500,166.896496,21.763838
2.050500,165.037831,21.763838
2.051000,166.910985,21.763838
2.051000,165.038904,21.763838
2.051000,166.977046,21.763838
2.051000,165.089119,21.763838
2.051500,166.990012,21.763838
2.051500,165.090191,21.763838
2.051500,167.051752,21.763838
2.051500,165.136385,21.763838
2.052000,167.065402,21.763838
2.052000,165.137456,21.763838
2.052000,167.104977,21.763838
2.052000,165.161219,21.763838
2.052000,167.113096,21.763838
2.052000,165.162289,21.763838
2.052500,167.113764,21.763838
2.052500,165.163358,21.763838
2.052500,167.141485,21.763838
2.052500,165.176357,21.763838
2.053000,167.148177,21.763838
2.053000,165.177426,21.763838
2.053000,167.173723,21.763838
2.053000,165.189779,21.763838
2.053500,167.177054,21.763838
2.053500,165.190846,21.763838
2.053500,167.192630,21.763838
2.053500,165.193439,21.763838
2.053500,167.194485,21.763838
2.053500,165.194506,21.763838
2.054000,167.152572,21.763838
2.054000,165.147562,21.763838
2.054000,167.152459,21.763838
2.054000,165.148628,21.763838
2.059500,167.107772,21.757279
2.059500,165.098847,21.757279
2.059500,167.108089,21.757279
2.059500,165.099912,21.757279
2.059500,167.099721,21.757279
2.059500,165.086742,21.757279
2.060000,167.100346,21.757279
2.060000,165.087807,21.757279
2.060000,167.113432,21.757279
2.060000,165.098096,21.757279
2.060500,167.113377,21.757279
2.060500,165.099160,21.757279
2.060500,167.114026,21.757279
2.060500,165.100223,21.757279
2.061000,167.133562,21.757279
2.061000,165.118092,21.757279
2.061000,167.134420,21.757279
2.061000,165.119154,21.757279
2.061000,167.159701,21.757279
2.061000,165.143375,21.757279
2.061500,167.159838,21.757279
2.061500,165.144436,21.757279
2.061500,167.225782,21.757279
2.061500,165.205636,21.757279
2.062000,167.227188,21.757279
2.062000,165.206697,21.757279
2.062000,167.286353,21.757279
2.062000,165.262265,21.757279
2.062500,167.287852,21.757279
2.062500,165.263325,21.757279
2.062500,167.305096,21.757279
2.062500,165.283601,21.757279
2.062500,167.306708,21.757279
2.062500,165.284660,21.757279
2.063000,167.330033,21.757279
2.063000,165.312290,21.757279
2.063000,167.330999,21.757279
2.063000,165.313348,21.757279
2.063500,167.371093,21.757279
2.063500,165.359109,21.757279
2.063500,167.371285,21.757279
2.063500,165.360167,21.757279
2.068000,167.371930,21.768683
2.068000,165.361223,21.768683
2.068000,167.416595,21.768683
2.068000,165.412542,21.768683
2.068000,167.414757,21.768683
2.068000,165.413598,21.768683
2.068500,167.454529,21.768683
2.068500,165.461895,21.768683
2.068500,167.449851,21.768683
2.068500,165.462950,21.768683
2.069000,167.469459,21.768683
2.069000,165.492555,21.768683
2.069000,167.462296,21.768683
2.069000,165.493609,21.768683
2.069000,167.457295,21.768683
2.069000,165.501292,21.768683
2.069500,167.447721,21.768683
2.069500,165.502345,21.768683
2.069500,167.406620,21.768683
2.069500,165.476658,21.768683
2.070000,167.395032,21.768683
2.070000,165.477711,21.768683
2.070000,167.338879,21.768683
2.070000,165.437648,21.768683
2.070500,167.326689,21.768683
2.070500,165.438700,21.768683
2.070500,167.293316,21.768683
2.070500,165.422706,21.768683
2.070500,167.293985,21.768683
2.070500,165.423756,21.768683
2.071000,167.282227,21.768683
2.071000,165.424807,21.768683
2.071000,167.276983,21.768683
2.071000,165.437897,21.768683
2.071500,167.266382,21.768683
2.071500,165.438947,21.768683
2.071500,167.274199,21.768683
2.071500,165.464021,21.768683
2.072000,167.265017,21.768683
2.072000,165.465069,21.768683
2.072000,167.309608,21.768683
2.072000,165.528096,21.768683
2.072000,167.298785,21.768683
2.072000,165.529143,21.768683
2.072500,167.354181,21.768683
2.072500,165.602990,21.768683
2.072500,167.338825,21.768683
2.072500,165.604037,21.768683
2.073000,167.395710,21.768683
2.073000,165.679563,21.768683
2.073000,167.377019,21.768683
2.073000,165.680610,21.768683
2.073000,167.431221,21.768683
2.073000,165.754102,21.768683
2.080000,167.411143,21.786933
2.080000,165.755147,21.786933
2.080000,167.440624,21.786933
2.080000,165.804985,21.786933
2.080500,167.441335,21.786933
2.080500,165.806029,21.786933
2.080500,167.416971,21.786933
2.080500,165.820164,21.786933
2.081000,167.417690,21.786933
2.081000,165.821208,21.786933
2.081000,167.401232,21.786933
2.081000,165.822252,21.786933
2.081000,167.418690,21.786933
2.081000,165.856171,21.786933
2.081500,167.405213,21.786933
2.081500,165.857214,21.786933
2.081500,167.356207,21.786933
2.081500,165.828746,21.786933
2.082000,167.345967,21.786933
2.082000,165.829788,21.786933
2.082000,167.319006,21.786933
2.082000,165.819801,21.786933
2.082500,167.311935,21.786933
2.082500,165.820842,21.786933
2.082500,167.309848,21.786933
2.082500,165.837809,21.786933
2.082500,167.305209,21.786933
2.082500,165.838849,21.786933
2.083000,167.343205,21.786933
2.083000,165.894374,21.786933
2.083000,167.343950,21.786933
2.083000,165.895414,21.786933
2.083500,167.381237,21.786933
2.083500,165.955868,21.786933
2.083500,167.381987,21.786933
2.083500,165.956907,21.786933
2.083500,167.392838,21.786933
2.083500,165.991200,21.786933
2.084000,167.393591,21.786933
2.084000,165.992238,21.786933
2.084000,167.389001,21.786933
2.084000,165.993275,21.786933
2.084500,167.359244,21.786933
2.084500,165.980765,21.786933
2.084500,167.356549,21.786933
2.084500,165.981801,21.786933
2.085000,167.336364,21.786933
2.085000,165.978289,21.786933
2.085000,167.335749,21.786933
2.085000,165.979324,21.786933
2.085000,167.263646,21.786933
2.085000,165.926341,21.786933
2.085500,167.266306,21.786933
2.085500,165.927375,21.786933
2.085500,167.183735,21.786933
2.085500,165.864190,21.786933
2.086000,167.188920,21.786933
2.086000,165.865224,21.786933
2.086000,167.155383,21.786933
2.086000,165.853275,21.786933
2.086500,167.156153,21.786933
2.086500,165.854308,21.786933
2.086500,167.174292,21.786933
2.086500,165.890056,21.786933
2.086500,167.175065,21.786933
2.086500,165.891088,21.786933
2.087000,167.179994,21.786933
2.087000,165.892120,21.786933
2.087000,167.213764,21.786933
2.087000,165.945798,21.786933
2.087500,167.220611,21.786933
2.087500,165.946829,21.786933
2.087500,167.255686,21.786933
2.087500,166.001394,21.786933
2.087500,167.260682,21.786933
2.087500,166.002424,21.786933
2.097500,167.273929,21.801102
2.097500,166.035781,21.801102
2.097500,167.276974,21.801102
2.097500,166.036810,21.801102
2.098000,167.255947,21.801102
2.098000,166.037123,21.801102
2.098000,167.279126,21.801102
2.098000,166.038151,21.801102
2.098500,167.241835,21.801102
2.098500,166.023005,21.801102
2.098500,167.242616,21.801102
2.098500,166.024033,21.801102
2.098500,167.229044,21.801102
2.098500,166.019124,21.801102
2.099000,167.229827,21.801102
2.099000,166.020151,21.801102
2.099000,167.185897,21.801102
2.099000,165.989087,21.801102
2.099500,167.186681,21.801102
2.099500,165.990113,21.801102
2.099500,167.196877,21.801102
2.099500,165.991139,21.801102
2.100000,167.052863,21.801102
2.100000,165.872211,21.801102
2.100000,167.064666,21.801102
2.100000,165.873235,21.801102
2.100000,166.925755,21.801102
2.100000,165.759732,21.801102
2.100500,166.935370,21.801102
2.100500,165.760756,21.801102
2.100500,166.841256,21.801102
2.100500,165.691185,21.801102
2.101000,166.849008,21.801102
2.101000,165.692208,21.801102
2.101000,166.731693,21.801102
2.101000,165.597014,21.801102
2.101500,166.738368,21.801102
2.101500,165.598036,21.801102
2.101500,166.532916,21.801102
2.101500,165.415463,21.801102
2.101500,166.533712,21.801102
2.101500,165.416484,21.801102
2.102000,166.342890,21.801102
2.102000,165.247147,21.801102
2.102000,166.343690,21.801102
2.102000,165.248167,21.801102
2.102500,166.225219,21.801102
2.102500,165.154629,21.801102
2.102500,166.226022,21.801102
2.102500,165.155648,21.801102
2.102500,166.226267,21.801102
2.102500,165.156667,21.801102
2.103000,166.092941,21.801102
2.103000,165.044946,21.801102
2.103000,166.095117,21.801102
2.103000,165.045963,21.801102
2.103500,165.919977,21.801102
2.103500,164.892885,21.801102
2.103500,165.921718,21.801102
2.103500,164.893902,21.801102
2.104000,165.729975,21.801102
2.104000,164.725541,21.801102
2.104000,165.729861,21.801102
2.104000,164.726557,21.801102
2.104000,165.520305,21.801102
2.104000,164.539879,21.801102
2.104500,165.521123,21.801102
2.104500,164.540894,21.801102
2.104500,165.220353,21.801102
2.104500,164.263343,21.801102
2.105000,165.221175,21.801102
2.105000,164.264357,21.801102
2.105000,164.840992,21.801102
2.105000,163.906697,21.801102
2.105500,164.841817,21.801102
2.105500,163.907710,21.801102
2.105500,164.472543,21.801102
2.105500,163.560263,21.801102
2.105500,164.473372,21.801102
2.105500,163.561274,21.801102
2.114000,164.233379,21.807606
2.114000,163.340721,21.807606
2.114000,164.234210,21.807606
2.114000,163.341731,21.807606
2.114500,164.238717,21.807606
2.114500,163.342742,21.807606
2.114500,163.993943,21.807606
2.114500,163.117574,21.807606
2.114500,163.998432,21.807606
2.114500,163.118583,21.807606
2.115000,163.668352,21.807606
2.115000,162.807688,21.807606
2.115000,163.672453,21.807606
2.115000,162.808696,21.807606
2.115500,163.326553,21.807606
2.115500,162.482490,21.807606
2.115500,163.327391,21.807606
2.115500,162.483497,21.807606
2.116000,162.991297,21.807606
2.116000,162.164926,21.807606
2.116000,162.992137,21.807606
2.116000,162.165932,21.807606
2.116000,162.698609,21.807606
2.116000,161.889727,21.807606
2.116500,162.699452,21.807606
2.116500,161.890732,21.807606
2.116500,162.395585,21.807606
2.116500,161.605015,21.807606
2.117000,162.396431,21.807606
2.117000,161.606019,21.807606
2.117000,162.065614,21.807606
2.117000,161.294219,21.807606
2.117500,162.066462,21.807606
2.117500,161.295222,21.807606
2.117500,162.066510,21.807606
2.117500,161.296224,21.807606
2.117500,161.719016,21.807606
2.117500,160.967603,21.807606
2.118000,161.718655,21.807606
2.118000,160.968604,21.807606
2.118000,161.376213,21.807606
2.118000,160.644329,21.807606
2.118500,161.377067,21.807606
2.118500,160.645329,21.807606
2.118500,161.017886,21.807606
2.118500,160.305191,21.807606
2.119000,161.018742,21.807606
2.119000,160.306190,21.807606
2.119000,160.691467,21.807606
2.119000,159.998754,21.807606
2.119000,160.692326,21.807606
2.119000,159.999752,21.807606
2.119500,160.356932,21.807606
2.119500,159.684262,21.807606
2.119500,160.357794,21.807606
2.119500,159.685258,21.807606
2.120000,160.014857,21.807606
2.120000,159.360476,21.807606
2.120000,160.015721,21.807606
2.120000,159.361472,21.807606
2.120000,159.680344,21.807606
2.120000,159.041604,21.807606
2.120500,159.681210,21.807606
2.120500,159.042599,21.807606
2.120500,159.680935,21.807606
2.120500,159.043592,21.807606
2.121000,159.339845,21.807606
2.121000,158.714626,21.807606
2.121000,159.339839,21.807606
2.121000,158.715619,21.807606
2.121500,159.024120,21.807606
2.121500,158.410614,21.807606
2.121500,159.024989,21.807606
2.121500,158.411606,21.807606
2.121500,158.733151,21.807606
2.121500,158.129243,21.807606
2.122000,158.734021,21.807606
2.122000,158.130233,21.807606
2.122000,158.448426,21.807606
2.122000,157.852639,21.807606
2.131000,158.449296,21.822159
2.131000,157.853628,21.822159
2.131000,158.163832,21.822159
2.131000,157.574864,21.822159
2.131500,158.164703,21.822159
2.131500,157.575852,21.822159
2.131500,157.908411,21.822159
2.131500,157.326591,21.822159
2.131500,157.909282,21.822159
2.131500,157.327578,21.822159
2.132000,157.909873,21.822159
2.132000,157.328565,21.822159
2.132000,157.814181,21.822159
2.132000,157.240421,21.822159
2.132500,157.884863,21.822159
2.132500,157.319874,21.822159
2.132500,157.885736,21.822159
2.132500,157.320859,21.822159
2.132500,157.886608,21.822159
2.132500,157.321844,21.822159
2.133000,157.734746,21.822159
2.133000,157.178636,21.822159
2.133000,157.735619,21.822159
2.133000,157.179620,21.822159
2.133500,157.570094,21.822159
2.133500,157.020824,21.822159
2.133500,157.570967,21.822159
2.133500,157.021807,21.822159
2.134000,157.449578,21.822159
2.134000,156.904555,21.822159
2.134000,157.450452,21.822159
2.134000,156.905537,21.822159
2.134000,157.304132,21.822159
2.134000,156.762248,21.822159
2.134500,157.305005,21.822159
2.134500,156.763229,21.822159
2.134500,157.173976,21.822159
2.134500,156.634961,21.822159
2.135000,157.174849,21.822159
2.135000,156.635941,21.822159
2.135000,157.093180,21.822159
2.135000,156.556826,21.822159
2.135500,157.094052,21.822159
2.135500,156.557806,21.822159
2.135500,157.034833,21.822159
2.135500,156.500600,21.822159
2.135500,157.035706,21.822159
2.135500,156.501579,21.822159
2.136000,157.036577,21.822159
2.136000,156.502557,21.822159
2.136000,156.982494,21.822159
2.136000,156.450181,21.822159
2.136500,156.983365,21.822159
2.136500,156.451159,21.822159
2.136500,156.955828,21.822159
2.136500,156.425180,21.822159
2.136500,156.956698,21.822159
2.136500,156.426156,21.822159
2.137000,156.919450,21.822159
2.137000,156.389155,21.822159
2.137000,156.920320,21.822159
2.137000,156.390130,21.822159
2.137500,156.902629,21.822159
2.137500,156.371414,21.822159
2.137500,156.903498,21.822159
2.137500,156.372389,21.822159
2.138000,156.914794,21.822159
2.138000,156.383227,21.822159
2.138000,156.915662,21.822159
2.138000,156.384201,21.822159
2.138000,156.967481,21.822159
2.138000,156.435988,21.822159
2.138500,156.968348,21.822159
2.138500,156.436961,21.822159
2.138500,157.046822,21.822159
2.138500,156.515489,21.822159
2.139000,157.048548,21.822159
2.139000,156.516462,21.822159
2.139000,157.049414,21.822159
2.139000,156.517434,21.822159
2.139500,157.114626,21.822159
2.139500,156.581413,21.822159
2.139500,157.115492,21.822159
2.139500,156.582385,21.822159
2.139500,157.191757,21.822159
2.139500,156.656711,21.822159
2.140000,157.192622,21.822159
2.140000,156.657682,21.822159
2.140000,157.305125,21.822159
2.140000,156.767690,21.822159
2.140500,157.305988,21.822159
2.140500,156.768661,21.822159
2.140500,157.444903,21.822159
2.140500,156.904748,21.822159
2.140500,157.445766,21.822159
2.140500,156.905718,21.822159
2.141000,157.597924,21.822159
2.141000,157.053961,21.822159
2.141000,157.598785,21.822159
2.141000,157.054931,21.822159
2.141500,157.780081,21.822159
2.141500,157.231607,21.822159
2.141500,157.780941,21.822159
2.141500,157.232576,21.822159
2.142000,157.983744,21.822159
2.142000,157.433679,21.822159
2.142000,157.988285,21.822159
2.142000,157.434647,21.822159
2.142000,157.989144,21.822159
2.142000,157.435615,21.822159
2.142500,158.199823,21.822159
2.142500,157.640257,21.822159
2.142500,158.200679,21.822159
2.142500,157.641224,21.822159
2.158500,158.418366,21.827009
2.158500,157.851704,21.827009
2.158500,158.419221,21.827009
2.158500,157.852670,21.827009
2.159000,158.630626,21.827009
2.159000,158.055862,21.827009
2.159000,158.631479,21.827009
2.159000,158.056828,21.827009
2.159000,158.833284,21.827009
2.159000,158.249668,21.827009
2.159500,158.834134,21.827009
2.159500,158.250634,21.827009
2.159500,159.029075,21.827009
2.159500,158.435518,21.827009
2.160000,159.029923,21.827009
2.160000,158.436483,21.827009
2.160000,159.203024,21.827009
2.160000,158.602591,21.827009
2.160500,159.208242,21.827009
2.160500,158.603556,21.827009
2.160500,159.341427,21.827009
2.160500,158.728628,21.827009
2.160500,159.346751,21.827009
2.160500,158.729592,21.827009
2.161000,159.347593,21.827009
2.161000,158.730556,21.827009
2.161000,159.435597,21.827009
2.161000,158.804627,21.827009
2.161500,159.436436,21.827009
2.161500,158.805590,21.827009
2.161500,159.537494,21.827009
2.161500,158.892771,21.827009
2.161500,159.538330,21.827009
2.161500,158.893733,21.827009
2.162000,159.659205,21.827009
2.162000,159.000100,21.827009
2.162000,159.660037,21.827009
2.162000,159.001061,21.827009
2.162500,159.788472,21.827009
2.162500,159.113710,21.827009
2.162500,159.789300,21.827009
2.162500,159.114671,21.827009
2.163000,159.907124,21.827009
2.163000,159.218130,21.827009
2.163000,159.910941,21.827009
2.163000,159.219091,21.827009
2.163000,160.066184,21.827009
2.163000,159.361491,21.827009
2.163500,160.069809,21.827009
2.163500,159.362450,21.827009
2.163500,160.070630,21.827009
2.163500,159.363410,21.827009
2.164000,160.269661,21.827009
2.164000,159.548376,21.827009
2.164000,160.455875,21.827009
2.164000,159.722367,21.827009
2.164500,160.459571,21.827009
2.164500,159.723326,21.827009
2.164500,160.460385,21.827009
2.164500,159.724284,21.827009
2.164500,160.648728,21.827009
2.164500,159.896777,21.827009
2.165000,160.649538,21.827009
2.165000,159.897735,21.827009
2.165000,160.823988,21.827009
2.165000,160.055183,21.827009
2.165500,160.824794,21.827009
2.165500,160.056140,21.827009
2.165500,161.003030,21.827009
2.165500,160.216527,21.827009
2.165500,161.003832,21.827009
2.165500,160.217484,21.827009
2.166000,161.234541,21.827009
2.166000,160.430162,21.827009
2.166000,161.235340,21.827009
2.166000,160.431119,21.827009
2.166500,161.468729,21.827009
2.166500,160.648797,21.827009
2.166500,161.473489,21.827009
2.166500,160.649753,21.827009
2.167000,161.705402,21.827009
2.167000,160.865759,21.827009
2.167000,161.709888,21.827009
2.167000,160.866714,21.827009
2.167000,161.988037,21.827009
2.167000,161.131166,21.827009
2.167500,161.991142,21.827009
2.167500,161.132121,21.827009
2.167500,161.991929,21.827009
2.167500,161.133076,21.827009
2.168000,162.273101,21.827009
2.168000,161.400149,21.827009
2.168000,162.273885,21.827009
2.168000,161.401103,21.827009
2.168500,162.516646,21.827009
2.168500,161.629899,21.827009
2.168500,162.517426,21.827009
2.168500,161.630852,21.827009
2.168500,162.767773,21.827009
2.168500,161.866692,21.827009
2.169000,162.768550,21.827009
2.169000,161.867645,21.827009
2.169000,163.006506,21.827009
2.169000,162.088068,21.827009
2.169500,163.006179,21.827009
2.169500,162.089021,21.827009
2.169500,163.224802,21.827009
2.169500,162.289481,21.827009
2.170000,163.224121,21.827009
2.170000,162.290432,21.827009
2.170000,163.448409,21.827009
2.170000,162.495724,21.827009
2.170000,171.370684,21.827009
2.170000,162.496675,21.827009
2.170500,171.369915,21.827009
2.170500,162.497626,21.827009
2.170500,171.571132,21.827009
2.170500,162.715697,21.827009
2.171000,171.570367,21.827009
2.171000,162.716647,21.827009
2.171000,171.754150,21.827009
2.171000,162.917818,21.827009
2.171000,171.753389,21.827009
2.171000,162.918768,21.827009
2.171500,171.927793,21.827009
2.171500,163.109072,21.827009
2.171500,171.927035,21.827009
2.171500,163.110021,21.827009
2.172000,172.101951,21.827009
2.172000,163.298627,21.827009
2.172000,172.101196,21.827009
2.172000,163.299576,21.827009
2.172500,172.276511,21.827009
2.172500,163.493431,21.827009
2.172500,172.282053,21.827009
2.172500,163.494379,21.827009
2.172500,172.464720,21.827009
2.172500,163.695877,21.827009
2.173000,172.471507,21.827009
2.173000,163.696825,21.827009
2.173000,172.470758,21.827009
2.173000,163.697772,21.827009
2.173500,172.636874,21.827009
2.173500,163.875601,21.827009
2.173500,172.776150,21.827009
2.173500,164.034486,21.827009
2.190000,172.783011,21.836347
2.190000,164.035433,21.836347
2.190000,172.782267,21.836347
2.190000,164.036379,21.836347
2.190000,172.917326,21.836347
2.190000,164.185113,21.836347
2.190500,172.916585,21.836347
2.190500,164.186058,21.836347
2.190500,173.048123,21.836347
2.190500,164.330941,21.836347
2.191000,173.047385,21.836347
2.191000,164.331886,21.836347
2.191000,173.147162,21.836347
2.191000,164.452412,21.836347
2.191000,173.153763,21.836347
2.191000,164.453356,21.836347
2.191500,173.244785,21.836347
2.191500,164.564828,21.836347
2.191500,173.250726,21.836347
2.191500,164.565772,21.836347
2.192000,173.330513,21.836347
2.192000,164.666128,21.836347
2.192000,173.335580,21.836347
2.192000,164.667071,21.836347
2.192500,173.439966,21.836347
2.192500,164.791143,21.836347
2.192500,173.444742,21.836347
2.192500,164.792085,21.836347
2.192500,173.532692,21.836347
2.192500,164.900175,21.836347
2.193000,173.537634,21.836347
2.193000,164.901117,21.836347
2.193000,173.536911,21.836347
2.193000,164.902058,21.836347
2.193500,166.160043,21.836347
2.193500,165.000146,21.836347
2.193500,166.160759,21.836347
2.193500,165.001087,21.836347
2.194000,166.262425,21.836347
2.194000,165.090416,21.836347
2.194000,166.263139,21.836347
2.194000,165.091356,21.836347
2.194000,166.342511,21.836347
2.194000,165.151074,21.836347
2.194500,166.335886,21.836347
2.194500,165.152013,21.836347
2.194500,166.403185,21.836347
2.194500,165.200901,21.836347
2.195000,166.395225,21.836347
2.195000,165.201840,21.836347
2.195000,166.455471,21.836347
2.195000,165.242370,21.836347
2.195000,166.446559,21.836347
2.195000,165.243308,21.836347
2.195500,166.483484,21.836347
2.195500,165.262483,21.836347
2.195500,166.472641,21.836347
2.195500,165.263420,21.836347
2.196000,166.491213,21.836347
2.196000,165.265227,21.836347
2.196000,166.479601,21.836347
2.196000,165.266163,21.836347
2.196500,166.480303,21.836347
2.196500,165.267099,21.836347
2.196500,166.481080,21.836347
2.196500,165.264149,21.836347
2.196500,166.481781,21.836347
2.196500,165.265084,21.836347
2.197000,166.496462,21.836347
2.197000,165.263638,21.836347
2.197000,166.483914,21.836347
2.197000,165.264573,21.836347
2.197500,166.515226,21.836347
2.197500,165.280041,21.836347
2.197500,166.504669,21.836347
2.197500,165.280975,21.836347
2.198000,166.557967,21.836347
2.198000,165.317875,21.836347
2.198000,166.549968,21.836347
2.198000,165.318808,21.836347
2.198000,166.594314,21.836347
2.198000,165.347896,21.836347
2.198500,166.591998,21.836347
2.198500,165.348829,21.836347
2.198500,166.606607,21.836347
2.198500,165.349945,21.836347
2.199000,166.605003,21.836347
2.199000,165.350877,21.836347
2.199000,166.603542,21.836347
2.199000,165.337608,21.836347
2.199000,166.602002,21.836347
2.199000,165.338539,21.836347
2.199500,166.602690,21.836347
2.199500,165.339470,21.836347
2.199500,166.575724,21.836347
2.199500,165.304980,21.836347
2.203500,166.576410,21.851982
2.203500,165.305910,21.851982
2.203500,166.496332,21.851982
2.203500,165.215463,21.851982
2.204000,166.495315,21.851982
2.204000,165.216393,21.851982
2.204000,166.395698,21.851982
2.204000,165.108912,21.851982
2.204000,166.394179,21.851982
2.204000,165.109841,21.851982
2.204500,166.270169,21.851982
2.204500,164.978756,21.851982
2.204500,166.268354,21.851982
2.204500,164.979684,21.851982
2.205000,166.129773,21.851982
2.205000,164.833381,21.851982
2.205000,166.127356,21.851982
2.205000,164.834308,21.851982
2.205500,165.996111,21.851982
2.205500,164.693436,21.851982
2.205500,165.993160,21.851982
2.205500,164.694362,21.851982
2.205500,165.838831,21.851982
2.205500,164.531922,21.851982
2.206000,165.840766,21.851982
2.206000,164.532847,21.851982
2.206000,165.841440,21.851982
2.206000,164.533772,21.851982
2.206500,165.695766,21.851982
2.206500,164.380513,21.851982
2.206500,165.701698,21.851982
2.206500,164.381437,21.851982
2.207000,165.564496,21.851982
2.207000,164.236622,21.851982
2.207000,165.572996,21.851982
2.207000,164.237545,21.851982
2.207000,165.446735,21.851982
2.207000,164.102834,21.851982
2.212500,165.457072,21.858449
2.212500,164.103756,21.858449
2.212500,165.358092,21.858449
2.212500,163.995028,21.858449
2.213000,165.370457,21.858449
2.213000,163.995949,21.858449
2.213000,165.290000,21.858449
2.213000,163.905189,21.858449
2.213000,165.302246,21.858449
2.213000,163.906110,21.858449
2.213500,165.233200,21.858449
2.213500,163.825862,21.858449
2.213500,165.233851,21.858449
2.213500,163.826782,21.858449
2.214000,165.191730,21.858449
2.214000,163.761246,21.858449
2.214000,165.204307,21.858449
2.214000,163.762166,21.858449
2.214500,165.204950,21.858449
2.214500,163.763084,21.858449
2.214500,165.152946,21.858449
2.214500,163.698488,21.858449
2.214500,165.164955,21.858449
2.214500,163.699406,21.858449
2.215000,165.115699,21.858449
2.215000,163.637295,21.858449
2.215000,165.128221,21.858449
2.215000,163.638213,21.858449
2.215500,165.077992,21.858449
2.215500,163.575415,21.858449
2.215500,165.090154,21.858449
2.215500,163.576332,21.858449
2.216000,165.037445,21.858449
2.216000,163.510104,21.858449
2.216000,165.048303,21.858449
2.216000,163.511020,21.858449
2.216000,165.010517,21.858449
2.216000,163.459546,21.858449
2.216500,165.022370,21.858449
2.216500,163.460461,21.858449
2.216500,164.982509,21.858449
2.216500,163.407419,21.858449
2.217000,164.994042,21.858449
2.217000,163.408333,21.858449
2.217000,164.951239,21.858449
2.217000,163.351695,21.858449
2.217000,164.951848,21.858449
2.217000,163.352608,21.858449
2.217500,164.940076,21.858449
2.217500,163.314682,21.858449
2.217500,164.940679,21.858449
2.217500,163.315595,21.858449
2.218000,164.956677,21.858449
2.218000,163.316508,21.858449
2.218000,164.933939,21.858449
2.218000,163.280495,21.858449
2.225000,164.950331,21.862726
2.225000,163.281407,21.862726
2.225000,164.958432,21.862726
2.225000,163.274345,21.862726
2.225000,164.975194,21.862726
2.225000,163.275256,21.862726
2.225500,165.034504,21.862726
2.225500,163.318314,21.862726
2.225500,165.052329,21.862726
2.225500,163.319225,21.862726
2.226000,165.111452,21.862726
2.226000,163.362246,21.862726
2.226000,165.128385,21.862726
2.226000,163.363155,21.862726
2.226500,165.151680,21.862726
2.226500,163.373748,21.862726
2.226500,165.168486,21.862726
2.226500,163.374658,21.862726
2.226500,165.245062,21.862726
2.226500,163.434337,21.862726
2.227000,165.245626,21.862726
2.227000,163.435246,21.862726
2.227000,165.325878,21.862726
2.227000,163.482700,21.862726
2.227500,165.326436,21.862726
2.227500,163.483607,21.862726
2.227500,165.341774,21.862726
2.227500,163.484515,21.862726
2.228000,165.416473,21.862726
2.228000,163.542250,21.862726
2.228000,165.429568,21.862726
2.228000,163.543157,21.862726
2.228000,165.503562,21.862726
2.228000,163.599366,21.862726
2.228500,165.515549,21.862726
2.228500,163.600272,21.862726
2.228500,165.610112,21.862726
2.228500,163.677288,21.862726
2.229000,165.622819,21.862726
2.229000,163.678194,21.862726
2.229000,165.737399,21.862726
2.229000,163.775851,21.862726
2.229000,165.745883,21.862726
2.229000,163.776756,21.862726
2.229500,165.819897,21.862726
2.229500,163.839372,21.862726
2.229500,165.820426,21.862726
2.229500,163.840277,21.862726
2.230000,165.890059,21.862726
2.230000,163.893177,21.862726
2.230000,165.890584,21.862726
2.230000,163.894080,21.862726
2.235500,165.934010,21.870363
2.235500,163.925103,21.870363
2.235500,165.934533,21.870363
2.235500,163.926007,21.870363
2.235500,165.936787,21.870363
2.235500,163.926909,21.870363
2.236000,165.952451,21.870363
2.236000,163.934616,21.870363
2.236000,165.953583,21.870363
2.236000,163.935519,21.870363
2.236500,165.951186,21.870363
2.236500,163.926321,21.870363
2.236500,165.951618,21.870363
2.236500,163.927223,21.870363
2.237000,165.953518,21.870363
2.237000,163.923315,21.870363
2.237000,165.953596,21.870363
2.237000,163.924215,21.870363
2.237000,165.971697,21.870363
2.237000,163.937839,21.870363
2.237500,165.972533,21.870363
2.237500,163.938739,21.870363
2.237500,165.996498,21.870363
2.237500,163.959316,21.870363
2.238000,165.997012,21.870363
2.238000,163.960215,21.870363
2.238000,166.026247,21.870363
2.238000,163.986029,21.870363
2.238000,166.026760,21.870363
2.238000,163.986927,21.870363
2.238500,166.057773,21.870363
2.238500,164.014559,21.870363
2.238500,166.058286,21.870363
2.238500,164.015457,21.870363
2.239000,166.060900,21.870363
2.239000,164.016355,21.870363
2.239000,166.134003,21.870363
2.239000,164.083951,21.870363
2.239500,166.136561,21.870363
2.239500,164.084849,21.870363
2.239500,166.162892,21.870363
2.239500,164.111007,21.870363
2.239500,166.165700,21.870363
2.239500,164.111903,21.870363
2.240000,166.183500,21.870363
2.240000,164.130532,21.870363
2.240000,166.185732,21.870363
2.240000,164.131428,21.870363
2.240500,166.229784,21.870363
2.240500,164.171927,21.870363
2.240500,166.230291,21.870363
2.240500,164.172822,21.870363
2.241000,166.267695,21.870363
2.241000,164.205354,21.870363
2.241000,166.268201,21.870363
2.241000,164.206248,21.870363
2.241000,166.304014,21.870363
2.241000,164.237722,21.870363
2.241500,166.304519,21.870363
2.241500,164.238616,21.870363
2.241500,166.341793,21.870363
2.241500,164.272090,21.870363
2.242000,166.342296,21.870363
2.242000,164.272983,21.870363
2.242000,166.344067,21.870363
2.242000,164.273876,21.870363
2.242000,166.393990,21.870363
2.242000,164.321740,21.870363
2.242500,166.395271,21.870363
2.242500,164.322632,21.870363
2.242500,166.461186,21.870363
2.242500,164.387074,21.870363
2.243000,166.461745,21.870363
2.243000,164.387965,21.870363
2.243000,166.539503,21.870363
2.243000,164.464728,21.870363
2.243500,166.539418,21.870363
2.243500,164.465620,21.870363
2.243500,166.617899,21.870363
2.243500,164.543391,21.870363
2.243500,166.618400,21.870363
2.243500,164.544281,21.870363
2.244000,166.706613,21.870363
2.244000,164.634559,21.870363
2.244000,166.707114,21.870363
2.244000,164.635449,21.870363
2.244500,166.797911,21.870363
2.244500,164.730186,21.870363
2.244500,166.798412,21.870363
2.244500,164.731075,21.870363
2.245000,166.885875,21.870363
2.245000,164.824311,21.870363
2.245000,166.886376,21.870363
2.245000,164.825199,21.870363
2.245000,166.974193,21.870363
2.245000,164.920110,21.870363
2.245500,166.974696,21.870363
2.245500,164.920998,21.870363
2.245500,166.970730,21.870363
2.245500,164.921885,21.870363
2.246000,167.136452,21.870363
2.246000,165.092539,21.870363
2.246000,167.133020,21.870363
2.246000,165.093426,21.870363
2.246000,167.289695,21.870363
2.246000,165.255409,21.870363
2.246500,167.290200,21.870363
2.246500,165.256296,21.870363
2.246500,167.311951,21.870363
2.246500,165.289829,21.870363
2.247000,167.312458,21.870363
2.247000,165.290715,21.870363
2.247000,167.416434,21.870363
2.247000,165.408762,21.870363
2.247500,167.416943,21.870363
2.247500,165.409647,21.870363
2.247500,167.515808,21.870363
2.247500,165.526707,21.870363
2.247500,167.516321,21.870363
2.247500,165.527592,21.870363
2.248000,167.612481,21.870363
2.248000,165.645168,21.870363
2.248000,167.612997,21.870363
2.248000,165.646053,21.870363
2.269000,167.742128,21.876074
2.269000,165.793611,21.876074
2.269000,167.742647,21.876074
2.269000,165.794494,21.876074
2.269500,167.730763,21.876074
2.269500,165.795378,21.876074
2.269500,167.858899,21.876074
2.269500,165.930662,21.876074
2.269500,167.848119,21.876074
2.269500,165.931545,21.876074
2.270000,167.961506,21.876074
2.270000,166.052405,21.876074
2.270000,167.962031,21.876074
2.270000,166.053287,21.876074
2.270500,168.003524,21.876074
2.270500,166.116212,21.876074
2.270500,168.004052,21.876074
2.270500,166.117093,21.876074
2.271000,167.964267,21.876074
2.271000,166.094859,21.876074
2.271000,167.964799,21.876074
2.271000,166.095740,21.876074
2.271000,167.942174,21.876074
2.271000,166.087196,21.876074
2.271500,167.942708,21.876074
2.271500,166.088076,21.876074
2.271500,168.048244,21.876074
2.271500,166.203596,21.876074
2.272000,168.048779,21.876074
2.272000,166.204475,21.876074
2.272000,168.177081,21.876074
2.272000,166.344734,21.876074
2.272000,168.177618,21.876074
2.272000,166.345613,21.876074
2.272500,168.168543,21.876074
2.272500,166.346491,21.876074
2.272500,168.312159,21.876074
2.272500,166.494637,21.876074
2.273000,168.312698,21.876074
2.273000,166.495515,21.876074
2.273000,168.413433,21.876074
2.273000,166.617593,21.876074
2.273500,168.413976,21.876074
2.273500,166.618470,21.876074
2.273500,168.543640,21.876074
2.273500,166.765337,21.876074
2.273500,168.544185,21.876074
2.273500,166.766214,21.876074
2.274000,168.641104,21.876074
2.274000,166.880396,21.876074
2.274000,168.641652,21.876074
2.274000,166.881272,21.876074
2.274500,168.669976,21.876074
2.274500,166.930571,21.876074
2.274500,168.670528,21.876074
2.274500,166.931447,21.876074
2.275000,168.742373,21.876074
2.275000,167.019672,21.876074
2.275000,168.742927,21.876074
2.275000,167.020547,21.876074
2.275000,168.827478,21.876074
2.275000,167.118563,21.876074
2.275500,168.828035,21.876074
2.275500,167.119438,21.876074
2.275500,168.823445,21.876074
2.275500,167.120312,21.876074
2.276000,168.905749,21.876074
2.276000,167.211866,21.876074
2.276000,168.906307,21.876074
2.276000,167.212740,21.876074
2.276000,169.007216,21.876074
2.276000,167.328029,21.876074
2.276500,169.007777,21.876074
2.276500,167.328902,21.876074
2.276500,169.120876,21.876074
2.276500,167.458701,21.876074
2.277000,169.121440,21.876074
2.277000,167.459573,21.876074
2.277000,169.235319,21.876074
2.277000,167.592157,21.876074
2.277500,169.235886,21.876074
2.277500,167.593029,21.876074
2.277500,169.282373,21.876074
2.277500,167.656185,21.876074
2.277500,169.282942,21.876074
2.277500,167.657056,21.876074
2.278000,169.362983,21.876074
2.278000,167.754588,21.876074
2.278000,169.363555,21.876074
2.278000,167.755459,21.876074
2.278500,169.433670,21.876074
2.278500,167.844447,21.876074
2.278500,169.434245,21.876074
2.278500,167.845317,21.876074
2.279000,169.434820,21.876074
2.279000,167.846187,21.876074
2.279000,169.471032,21.876074
2.279000,167.902919,21.876074
2.279000,169.471610,21.876074
2.279000,167.903788,21.876074
2.279500,169.523647,21.876074
2.279500,167.973689,21.876074
2.279500,169.524228,21.876074
2.279500,167.974557,21.876074
2.280000,169.572366,21.876074
2.280000,168.039331,21.876074
2.280000,169.572950,21.876074
2.280000,168.040199,21.876074
2.280500,169.593783,21.876074
2.280500,168.075244,21.876074
2.280500,169.594369,21.876074
2.280500,168.076111,21.876074
2.280500,169.686092,21.876074
2.280500,168.180740,21.876074
2.281000,169.686681,21.876074
2.281000,168.181607,21.876074
2.281000,169.775902,21.876074
2.281000,168.283867,21.876074
2.281500,169.776492,21.876074
2.281500,168.284733,21.876074
2.281500,169.777059,21.876074
2.281500,168.285599,21.876074
2.281500,169.869563,21.876074
2.281500,168.389590,21.876074
2.282000,169.870154,21.876074
2.282000,168.390455,21.876074
2.282000,169.908516,21.876074
2.282000,168.444103,21.876074
2.282500,169.909110,21.876074
2.282500,168.444968,21.876074
2.282500,169.949030,21.876074
2.282500,168.500782,21.876074
2.290500,169.949627,21.864485
2.290500,168.501646,21.864485
2.290500,170.052973,21.864485
2.290500,168.618677,21.864485
2.290500,170.053571,21.864485
2.290500,168.619540,21.864485
2.291000,170.124640,21.864485
2.291000,168.705003,21.864485
2.291000,170.125241,21.864485
2.291000,168.705866,21.864485
2.291500,170.200981,21.864485
2.291500,168.794474,21.864485
2.291500,170.201584,21.864485
2.291500,168.795336,21.864485
2.292000,170.247684,21.864485
2.292000,168.852090,21.864485
2.292000,170.248288,21.864485
2.292000,168.852952,21.864485
2.292000,170.253710,21.864485
2.292000,168.872251,21.864485
2.292500,170.254788,21.864485
2.292500,168.873112,21.864485
2.292500,170.255394,21.864485
2.292500,168.873973,21.864485
2.293000,170.256927,21.864485
2.293000,168.889912,21.864485
2.293000,170.257535,21.864485
2.293000,168.890772,21.864485
2.293000,170.281572,21.864485
2.293000,168.926500,21.864485
2.293500,170.282181,21.864485
2.293500,168.927359,21.864485
2.293500,170.276004,21.864485
2.293500,168.933937,21.864485
2.294000,170.276616,21.864485
2.294000,168.934795,21.864485
2.294000,170.261222,21.864485
2.294000,168.932730,21.864485
2.294500,170.261836,21.864485
2.294500,168.933588,21.864485
2.294500,170.261897,21.864485
2.294500,168.946873,21.864485
2.294500,170.262512,21.864485
2.294500,168.947731,21.864485
2.295000,170.303474,21.864485
2.295000,168.983263,21.864485
2.295000,170.304088,21.864485
2.295000,168.984120,21.864485
2.295500,170.304702,21.864485
2.295500,168.984976,21.864485
2.295500,170.348453,21.864485
2.295500,169.032177,21.864485
2.296000,170.364664,21.864485
2.296000,169.063118,21.864485
2.296000,170.372246,21.864485
2.296000,169.063974,21.864485
2.296000,170.372861,21.864485
2.296000,169.064829,21.864485
2.296500,170.357846,21.864485
2.296500,169.058370,21.864485
2.296500,170.358462,21.864485
2.296500,169.059225,21.864485
2.297000,170.279534,21.864485
2.297000,168.987618,21.864485
2.297000,170.280151,21.864485
2.297000,168.988472,21.864485
2.297000,170.195760,21.864485
2.297000,168.912602,21.864485
2.297500,170.196378,21.864485
2.297500,168.913455,21.864485
2.297500,170.105924,21.864485
2.297500,168.836342,21.864485
2.305500,170.106543,21.858421
2.305500,168.837194,21.858421
2.305500,170.002197,21.858421
2.305500,168.749055,21.858421
2.306000,170.006048,21.858421
2.306000,168.749908,21.858421
2.306000,169.879943,21.858421
2.306000,168.640543,21.858421
2.306000,169.882368,21.858421
2.306000,168.641394,21.858421
2.306500,169.743580,21.858421
2.306500,168.520091,21.858421
2.306500,169.743167,21.858421
2.306500,168.520942,21.858421
2.307000,169.743793,21.858421
2.307000,168.521792,21.858421
2.307000,169.612755,21.858421
2.307000,168.408742,21.858421
2.307500,169.613384,21.858421
2.307500,168.409592,21.858421
2.307500,169.461596,21.858421
2.307500,168.274022,21.858421
2.307500,169.462227,21.858421
2.307500,168.274871,21.858421
2.308000,169.266622,21.858421
2.308000,168.095807,21.858421
2.308000,169.267256,21.858421
2.308000,168.096656,21.858421
2.308500,169.001276,21.858421
2.308500,167.847857,21.858421
2.308500,169.001913,21.858421
2.308500,167.848705,21.858421
2.308500,168.718461,21.858421
2.308500,167.580123,21.858421
2.309000,168.715071,21.858421
2.309000,167.580970,21.858421
2.309000,168.420248,21.858421
2.309000,167.301337,21.858421
2.309500,168.418675,21.858421
2.309500,167.302184,21.858421
2.309500,168.120766,21.858421
2.309500,167.018736,21.858421
2.310000,168.122217,21.858421
2.310000,167.019581,21.858421
2.310000,168.122861,21.858421
2.310000,167.020427,21.858421
2.310000,167.821376,21.858421
2.310000,166.728744,21.858421
2.310500,167.822020,21.858421
2.310500,166.729589,21.858421
2.310500,167.547529,21.858421
2.310500,166.462685,21.858421
2.311000,167.548174,21.858421
2.311000,166.463529,21.858421
2.311000,167.301355,21.858421
2.311000,166.222584,21.858421
2.311500,167.302000,21.858421
2.311500,166.223427,21.858421
2.311500,167.019843,21.858421
2.311500,165.952594,21.858421
2.311500,167.026393,21.858421
2.311500,165.953436,21.858421
2.312000,166.722580,21.858421
2.312000,165.661294,21.858421
2.312000,173.843496,21.858421
2.312000,165.662135,21.858421
2.312500,173.531007,21.858421
2.312500,165.341452,21.858421
2.312500,173.526218,21.858421
2.312500,165.342293,21.858421
2.313000,173.198387,21.858421
2.313000,165.006106,21.858421
2.313000,173.195270,21.858421
2.313000,165.006946,21.858421
2.313000,173.194619,21.858421
2.313000,165.007785,21.858421
2.313500,172.859483,21.858421
2.313500,164.664428,21.858421
2.313500,172.858831,21.858421
2.313500,164.665266,21.858421
2.314000,172.526146,21.858421
2.314000,164.322262,21.858421
2.314000,172.525493,21.858421
2.314000,164.323100,21.858421
2.314000,172.152159,21.858421
2.314000,163.939719,21.858421
2.314500,172.151503,21.858421
2.314500,163.940556,21.858421
2.314500,171.791262,21.858421
2.314500,163.571492,21.858421
2.315000,171.791523,21.858421
2.315000,163.572328,21.858421
2.315000,171.418690,21.858421
2.315000,163.191218,21.858421
2.315500,171.419137,21.858421
2.315500,163.192053,21.858421
2.315500,171.075459,21.858421
2.315500,162.839184,21.858421
2.315500,163.802540,21.858421
2.315500,162.840018,21.858421
2.316000,163.463718,21.858421
2.316000,162.515067,21.858421
2.316000,163.462443,21.858421
2.316000,162.515900,21.858421
2.316500,163.463103,21.858421
2.316500,162.516733,21.858421
2.316500,163.111360,21.858421
2.316500,162.180599,21.858421
2.317000,163.112023,21.858421
2.317000,162.181431,21.858421
2.317000,162.745319,21.858421
2.317000,161.831536,21.858421
2.317000,162.745984,21.858421
2.317000,161.832367,21.858421
2.317500,162.373893,21.858421
2.317500,161.475421,21.858421
2.317500,162.371354,21.858421
2.317500,161.476251,21.858421
2.318000,161.980512,21.858421
2.318000,161.100676,21.858421
2.318000,161.977877,21.858421
2.318000,161.101505,21.858421
2.318000,161.570057,21.858421
2.318000,160.708844,21.858421
2.318500,161.568419,21.858421
2.318500,160.709672,21.858421
2.318500,161.152647,21.858421
2.318500,160.309283,21.858421
2.319000,161.150633,21.858421
2.319000,160.310110,21.858421
2.319000,161.151307,21.858421
2.319000,160.310937,21.858421
2.340500,160.728116,21.841779
2.340500,159.905981,21.841779
2.340500,160.297881,21.841779
2.340500,159.490198,21.841779
2.340500,160.294631,21.841779
2.340500,159.491023,21.841779
2.341000,160.295310,21.841779
2.341000,159.491848,21.841779
2.341000,159.855618,21.841779
2.341000,159.069625,21.841779
2.341500,159.856299,21.841779
2.341500,159.070449,21.841779
2.341500,159.428240,21.841779
2.341500,158.655565,21.841779
2.342000,159.425651,21.841779
2.342000,158.656388,21.841779
2.342000,159.014006,21.841779
2.342000,158.257106,21.841779
2.342000,159.011701,21.841779
2.342000,158.257928,21.841779
2.342500,158.632602,21.841779
2.342500,157.889863,21.841779
2.342500,158.630948,21.841779
2.342500,157.890683,21.841779
2.343000,158.275113,21.841779
2.343000,157.545029,21.841779
2.343000,158.273423,21.841779
2.343000,157.545849,21.841779
2.343500,157.919449,21.841779
2.343500,157.201557,21.841779
2.343500,157.916691,21.841779
2.343500,157.202376,21.841779
2.343500,157.560909,21.841779
2.343500,156.856022,21.841779
2.344000,157.557381,21.841779
2.344000,156.856840,21.841779
2.344000,157.558071,21.841779
2.344000,156.857658,21.841779
2.344500,157.194724,21.841779
2.344500,156.506995,21.841779
2.344500,157.195416,21.841779
2.344500,156.507812,21.841779
2.344500,156.821990,21.841779
2.344500,156.142113,21.841779
2.345000,156.819265,21.841779
2.345000,156.142929,21.841779
2.345000,156.452059,21.841779
2.345000,155.782308,21.841779
2.345500,156.450209,21.841779
2.345500,155.783123,21.841779
2.345500,156.081086,21.841779
2.345500,155.418864,21.841779
2.346000,156.080570,21.841779
2.346000,155.419678,21.841779
2.346000,155.737924,21.841779
2.346000,155.080457,21.841779
2.346000,155.738300,21.841779
2.346000,155.081270,21.841779
2.346500,155.422435,21.841779
2.346500,154.767167,21.841779
2.346500,155.423205,21.841779
2.346500,154.767978,21.841779
2.347000,155.423897,21.841779
2.347000,154.768790,21.841779
2.347000,155.125416,21.841779
2.347000,154.470541,21.841779
2.347500,155.126107,21.841779
2.347500,154.471351,21.841779
2.347500,154.878063,21.841779
2.347500,154.223865,21.841779
2.347500,154.879233,21.841779
2.347500,154.224675,21.841779
2.348000,154.685406,21.841779
2.348000,154.032740,21.841779
2.348000,154.687706,21.841779
2.348000,154.033549,21.841779
2.348500,154.568859,21.841779
2.348500,153.918006,21.841779
2.348500,154.571769,21.841779
2.348500,153.918813,21.841779
2.348500,154.516725,21.841779
2.348500,153.867389,21.841779
2.349000,154.520218,21.841779
2.349000,153.868196,21.841779
2.349000,154.507922,21.841779
2.349000,153.859452,21.841779
2.349500,154.511537,21.841779
2.349500,153.860259,21.841779
2.349500,154.526357,21.841779
2.349500,153.878022,21.841779
2.350000,154.528971,21.841779
2.350000,153.878828,21.841779
2.350000,154.536228,21.841779
2.350000,153.888133,21.841779
2.350000,154.537885,21.841779
2.350000,153.888938,21.841779
2.350500,154.538573,21.841779
2.350500,153.889743,21.841779
2.350500,154.517834,21.841779
2.350500,153.869811,21.841779
2.351000,154.519233,21.841779
2.351000,153.870615,21.841779
2.351000,154.522010,21.841779
2.351000,153.873435,21.841779
2.351500,154.523642,21.841779
2.351500,153.874239,21.841779
2.351500,154.552318,21.841779
2.351500,153.902755,21.841779
2.351500,154.553450,21.841779
2.351500,153.903559,21.841779
2.352000,154.602796,21.841779
2.352000,153.952884,21.841779
2.352000,154.603370,21.841779
2.352000,153.953687,21.841779
2.352500,154.682134,21.841779
2.352500,154.032753,21.841779
2.352500,154.682571,21.841779
2.352500,154.033555,21.841779
2.352500,154.767983,21.841779
2.352500,154.119127,21.841779
2.353000,154.768638,21.841779
2.353000,154.119929,21.841779
2.353000,154.852369,21.841779
2.353000,154.203449,21.841779
2.353500,154.853054,21.841779
2.353500,154.204250,21.841779
2.353500,154.853691,21.841779
2.353500,154.205052,21.841779
2.354000,154.909193,21.841779
2.354000,154.261379,21.841779
2.354000,154.909183,21.841779
2.354000,154.262180,21.841779
2.354000,154.969400,21.841779
2.354000,154.323205,21.841779
2.354500,154.969391,21.841779
2.354500,154.324005,21.841779
2.354500,155.023782,21.841779
2.354500,154.378951,21.841779
2.355000,155.023750,21.841779
2.355000,154.379750,21.841779
2.355000,155.083361,21.841779
2.355000,154.440375,21.841779
2.364000,155.083297,21.840313
2.364000,154.441174,21.840313
2.364000,155.138236,21.840313
2.364000,154.497423,21.840313
2.364000,155.138164,21.840313
2.364000,154.498221,21.840313
2.364500,155.170260,21.840313
2.364500,154.531772,21.840313
2.364500,155.170943,21.840313
2.364500,154.532570,21.840313
2.365000,155.198872,21.840313
2.365000,154.562530,21.840313
2.365000,155.199555,21.840313
2.365000,154.563327,21.840313
2.365000,155.199336,21.840313
2.365000,154.564125,21.840313
2.365500,155.225123,21.840313
2.365500,154.591092,21.840313
2.365500,155.224645,21.840313
2.365500,154.591889,21.840313
2.366000,155.241460,21.840313
2.366000,154.609718,21.840313
2.366000,155.241341,21.840313
2.366000,154.610514,21.840313
2.366500,155.241223,21.840313
2.366500,154.610961,21.840313
2.366500,155.241453,21.840313
2.366500,154.611757,21.840313
2.366500,155.242908,21.840313
2.366500,154.613667,21.840313
2.367000,155.243441,21.840313
2.367000,154.614462,21.840313
2.367000,155.248610,21.840313
2.367000,154.620037,21.840313
2.367500,155.249573,21.840313
2.367500,154.620832,21.840313
2.367500,155.260991,21.840313
2.367500,154.632993,21.840313
2.368000,155.261672,21.840313
2.368000,154.633787,21.840313
2.368000,155.269633,21.840313
2.368000,154.642483,21.840313
2.368000,155.270314,21.840313
2.368000,154.643276,21.840313
2.368500,155.271631,21.840313
2.368500,154.644070,21.840313
2.368500,155.268989,21.840313
2.368500,154.642846,21.840313
2.369000,155.270247,21.840313
2.369000,154.643639,21.840313
2.369000,155.274379,21.840313
2.369000,154.648948,21.840313
2.369500,155.275643,21.840313
2.369500,154.649740,21.840313
2.369500,155.278761,21.840313
2.369500,154.653779,21.840313
2.369500,155.280058,21.840313
2.369500,154.654571,21.840313
2.370000,155.438888,21.840313
2.370000,154.813333,21.840313
2.370000,155.440144,21.840313
2.370000,154.814124,21.840313
2.370500,155.512874,21.840313
2.370500,154.887678,21.840313
2.370500,155.513954,21.840313
2.370500,154.888469,21.840313
2.370500,155.420311,21.840313
2.370500,154.795692,21.840313
2.371000,155.420989,21.840313
2.371000,154.796482,21.840313
2.371000,155.357345,21.840313
2.371000,154.732385,21.840313
2.371500,155.358023,21.840313
2.371500,154.733174,21.840313
2.371500,155.309823,21.840313
2.371500,154.683930,21.840313
2.372000,155.310500,21.840313
2.372000,154.684719,21.840313
2.372000,155.312512,21.840313
2.372000,154.685507,21.840313
2.372000,155.249888,21.840313
2.372000,154.623024,21.840313
2.372500,155.252020,21.840313
2.372500,154.623812,21.840313
2.372500,155.206487,21.840313
2.372500,154.578760,21.840313
2.373000,155.208655,21.840313
2.373000,154.579547,21.840313
2.373000,155.167823,21.840313
2.373000,154.539034,21.840313
2.373500,155.170241,21.840313
2.373500,154.539821,21.840313
2.373500,155.129184,21.840313
2.373500,154.499303,21.840313
2.373500,155.129857,21.840313
2.373500,154.500089,21.840313
2.374000,155.101778,21.840313
2.374000,154.470848,21.840313
2.374000,155.102451,21.840313
2.374000,154.471633,21.840313
2.374500,155.079706,21.840313
2.374500,154.448094,21.840313
2.374500,155.080378,21.840313
2.374500,154.448879,21.840313
2.374500,155.053680,21.840313
2.374500,154.421845,21.840313
2.375000,155.054352,21.840313
2.375000,154.422629,21.840313
2.375000,155.056053,21.840313
2.375000,154.423413,21.840313
2.375500,155.026971,21.840313
2.375500,154.395983,21.840313
2.375500,155.027930,21.840313
2.375500,154.396766,21.840313
2.392000,155.017441,21.831040
2.392000,154.387945,21.831040
2.392000,155.017976,21.831040
2.392000,154.388728,21.831040
2.392000,155.015773,21.831040
2.392000,154.387799,21.831040
2.392500,155.015848,21.831040
2.392500,154.388581,21.831040
2.392500,154.991025,21.831040
2.392500,154.364522,21.831040
2.393000,154.991695,21.831040
2.393000,154.365303,21.831040
2.393000,154.967341,21.831040
2.393000,154.342286,21.831040
2.393500,154.968010,21.831040
2.393500,154.343067,21.831040
2.393500,154.963753,21.831040
2.393500,154.340220,21.831040
2.393500,154.964422,21.831040
2.393500,154.341001,21.831040
2.394000,154.975355,21.831040
2.394000,154.353089,21.831040
2.394000,154.976024,21.831040
2.394000,154.353869,21.831040
2.394500,154.976340,21.831040
2.394500,154.354649,21.831040
2.394500,154.988666,21.831040
2.394500,154.367231,21.831040
2.395000,154.989036,21.831040
2.395000,154.368010,21.831040
2.395000,154.995175,21.831040
2.395000,154.374418,21.831040
2.395000,154.995186,21.831040
2.395000,154.375197,21.831040
2.395500,155.007424,21.831040
2.395500,154.387770,21.831040
2.395500,155.008092,21.831040
2.395500,154.388548,21.831040
2.396000,155.022575,21.831040
2.396000,154.403834,21.831040
2.396000,155.023242,21.831040
2.396000,154.404612,21.831040
2.396000,155.033189,21.831040
2.396000,154.415095,21.831040
2.396500,155.033856,21.831040
2.396500,154.415873,21.831040
2.396500,155.040344,21.831040
2.396500,154.422695,21.831040
2.397000,155.041011,21.831040
2.397000,154.423472,21.831040
2.397000,155.047134,21.831040
2.397000,154.430144,21.831040
2.397500,155.047801,21.831040
2.397500,154.430920,21.831040
2.397500,155.047593,21.831040
2.397500,154.431695,21.831040
2.397500,155.057058,21.831040
2.397500,154.441251,21.831040
2.398000,155.056951,21.831040
2.398000,154.442027,21.831040
2.398000,155.067801,21.831040
2.398000,154.453274,21.831040
2.398500,155.067741,21.831040
2.398500,154.454048,21.831040
2.398500,155.071087,21.831040
2.398500,154.458289,21.831040
2.399000,155.071753,21.831040
2.399000,154.459063,21.831040
2.399000,155.071814,21.831040
2.399000,154.461044,21.831040
2.399000,155.072479,21.831040
2.399000,154.461818,21.831040
2.399500,155.066277,21.831040
2.399500,154.457791,21.831040
2.399500,155.066942,21.831040
2.399500,154.458564,21.831040
2.400000,155.063314,21.831040
2.400000,154.456780,21.831040
2.400000,155.063979,21.831040
2.400000,154.457552,21.831040
2.400000,155.067638,21.831040
2.400000,154.462471,21.831040
2.400500,155.068303,21.831040
2.400500,154.463243,21.831040
2.400500,155.068963,21.831040
2.400500,154.464014,21.831040
2.401000,155.072297,21.831040
2.401000,154.468520,21.831040
2.401000,155.073144,21.831040
2.401000,154.469291,21.831040
2.401500,155.065940,21.831040
2.401500,154.463211,21.831040
2.401500,155.066604,21.831040
2.401500,154.463982,21.831040
2.401500,155.059116,21.831040
2.401500,154.457322,21.831040
2.402000,155.059780,21.831040
2.402000,154.458092,21.831040
2.402000,155.054427,21.831040
2.402000,154.453741,21.831040
2.407500,155.055090,21.810614
2.407500,154.454510,21.810614
2.407500,155.048571,21.810614
2.407500,154.449092,21.810614
2.408000,155.049234,21.810614
2.408000,154.449861,21.810614
2.408000,155.027287,21.810614
2.408000,154.429221,21.810614
2.408000,155.027950,21.810614
2.408000,154.429990,21.810614
2.408500,154.997393,21.810614
2.408500,154.400677,21.810614
2.408500,154.998055,21.810614
2.408500,154.401445,21.810614
2.409000,154.999103,21.810614
2.409000,154.402212,21.810614
2.409000,154.966170,21.810614
2.409000,154.371376,21.810614
2.409000,154.966927,21.810614
2.409000,154.372143,21.810614
2.409500,154.928561,21.810614
2.409500,154.335429,21.810614
2.409500,154.929223,21.810614
2.409500,154.336195,21.810614
2.410000,154.891981,21.810614
2.410000,154.299962,21.810614
2.410000,154.892642,21.810614
2.410000,154.300727,21.810614
2.410500,154.854013,21.810614
2.410500,154.262481,21.810614
2.410500,154.854673,21.810614
2.410500,154.263246,21.810614
2.410500,154.827500,21.810614
2.410500,154.236342,21.810614
2.411000,154.828160,21.810614
2.411000,154.237107,21.810614
2.411000,154.759269,21.810614
2.411000,154.167788,21.810614
2.411500,154.759929,21.810614
2.411500,154.168552,21.810614
2.411500,154.699128,21.810614
2.411500,154.107339,21.810614
2.412000,154.699787,21.810614
2.412000,154.108103,21.810614
2.412000,154.701250,21.810614
2.412000,154.108866,21.810614
2.412000,154.694420,21.810614
2.412000,154.103074,21.810614
2.412500,154.695079,21.810614
2.412500,154.103837,21.810614
2.412500,154.693381,21.810614
2.412500,154.102208,21.810614
2.413000,154.694039,21.810614
2.413000,154.102970,21.810614
2.413000,154.635283,21.810614
2.413000,154.043630,21.810614
2.413000,154.635940,21.810614
2.413000,154.044391,21.810614
2.413500,154.588525,21.810614
2.413500,153.996546,21.810614
2.413500,154.589182,21.810614
2.413500,153.997307,21.810614
2.414000,154.605261,21.810614
2.414000,154.013767,21.810614
2.414000,154.605918,21.810614
2.414000,154.014528,21.810614
2.414500,154.616880,21.810614
2.414500,154.025798,21.810614
2.414500,154.617536,21.810614
2.414500,154.026557,21.810614
2.414500,154.633682,21.810614
2.414500,154.043207,21.810614
2.415000,154.634338,21.810614
2.415000,154.043966,21.810614
2.415000,154.607226,21.810614
2.415000,154.016818,21.810614
2.426000,154.607881,21.793523
2.426000,154.017577,21.793523
2.426000,154.608536,21.793523
2.426000,154.018335,21.793523
2.426500,154.589010,21.793523
2.426500,153.998831,21.793523
2.426500,154.589664,21.793523
2.426500,153.999589,21.793523
2.426500,154.564369,21.793523
2.426500,153.974642,21.793523
2.427000,154.565023,21.793523
2.427000,153.975399,21.793523
2.427000,154.528605,21.793523
2.427000,153.939241,21.793523
2.427500,154.529259,21.793523
2.427500,153.939998,21.793523
2.427500,154.489998,21.793523
2.427500,153.900881,21.793523
2.428000,154.490651,21.793523
2.428000,153.901637,21.793523
2.428000,154.448493,21.793523
2.428000,153.860123,21.793523
2.428000,154.449146,21.793523
2.428000,153.860878,21.793523
2.428500,154.458536,21.793523
2.428500,153.871711,21.793523
2.428500,154.459188,21.793523
2.428500,153.872466,21.793523
2.429000,154.406958,21.793523
2.429000,153.819710,21.793523
2.429000,154.406386,21.793523
2.429000,153.820465,21.793523
2.429000,154.407037,21.793523
2.429000,153.821219,21.793523
2.429500,154.349548,21.793523
2.429500,153.764343,21.793523
2.429500,154.350199,21.793523
2.429500,153.765097,21.793523
2.430000,154.306413,21.793523
2.430000,153.722045,21.793523
2.430000,154.307063,21.793523
2.430000,153.722798,21.793523
2.430500,154.278065,21.793523
2.430500,153.695283,21.793523
2.430500,154.278716,21.793523
2.430500,153.696035,21.793523
2.430500,154.253267,21.793523
2.430500,153.671994,21.793523
2.431000,154.253917,21.793523
2.431000,153.672746,21.793523
2.431000,154.212820,21.793523
2.431000,153.632630,21.793523
2.431500,154.213470,21.793523
2.431500,153.633382,21.793523
2.431500,154.156384,21.793523
2.431500,153.576669,21.793523
2.432000,154.157033,21.793523
2.432000,153.577420,21.793523
2.432000,154.093429,21.793523
2.432000,153.513678,21.793523
2.432000,154.093837,21.793523
2.432000,153.514429,21.793523
2.432500,154.094486,21.793523
2.432500,153.515179,21.793523
2.432500,154.035070,21.793523
2.432500,153.456159,21.793523
2.433000,154.035718,21.793523
2.433000,153.456908,21.793523
2.433000,153.979784,21.793523
2.433000,153.401476,21.793523
2.433000,153.980432,21.793523
2.433000,153.402225,21.793523
2.433500,153.922196,21.793523
2.433500,153.344441,21.793523
2.433500,153.922843,21.793523
2.433500,153.345189,21.793523
2.434000,153.864361,21.793523
2.434000,153.286950,21.793523
2.434000,153.865008,21.793523
2.434000,153.287697,21.793523
2.434500,153.815933,21.793523
2.434500,153.239097,21.793523
2.434500,153.816579,21.793523
2.434500,153.239844,21.793523
2.434500,153.758502,21.793523
2.434500,153.182155,21.793523
2.435000,153.759053,21.793523
2.435000,153.182901,21.793523
2.435000,153.702896,21.793523
2.435000,153.126725,21.793523
2.444000,153.703615,21.788856
2.444000,153.127471,21.788856
2.444000,153.704260,21.788856
2.444000,153.128216,21.788856
2.444500,153.643909,21.788856
2.444500,153.067405,21.788856
2.444500,153.644553,21.788856
2.444500,153.068150,21.788856
2.444500,153.588091,21.788856
2.444500,153.011128,21.788856
2.445000,153.588735,21.788856
2.445000,153.011872,21.788856
2.445000,153.536309,21.788856
2.445000,152.958961,21.788856
2.445500,153.536953,21.788856
2.445500,152.959705,21.788856
2.445500,153.481969,21.788856
2.445500,152.904365,21.788856
2.446000,153.482612,21.788856
2.446000,152.905108,21.788856
2.446000,153.434158,21.788856
2.446000,152.855973,21.788856
2.446000,153.434800,21.788856
2.446000,152.856716,21.788856
2.446500,153.386821,21.788856
2.446500,152.808580,21.788856
2.446500,153.387786,21.788856
2.446500,152.809322,21.788856
2.447000,153.340076,21.788856
2.447000,152.761569,21.788856
2.447000,153.340909,21.788856
2.447000,152.762310,21.788856
2.447000,153.341549,21.788856
2.447000,152.763051,21.788856
2.447500,153.304813,21.788856
2.447500,152.726199,21.788856
2.447500,153.305453,21.788856
2.447500,152.726940,21.788856
2.448000,153.263984,21.788856
2.448000,152.685851,21.788856
2.448000,153.264623,21.788856
2.448000,152.686591,21.788856
2.448500,153.228769,21.788856
2.448500,152.651425,21.788856
2.448500,153.229408,21.788856
2.448500,152.652165,21.788856
2.448500,153.181882,21.788856
2.448500,152.605296,21.788856
2.449000,153.182520,21.788856
2.449000,152.606035,21.788856
2.449000,153.136949,21.788856
2.449000,152.560864,21.788856
2.449500,153.136960,21.788856
2.449500,152.561603,21.788856
2.449500,153.098550,21.788856
2.449500,152.523715,21.788856
2.450000,153.098528,21.788856
2.450000,152.524453,21.788856
2.450000,153.050871,21.788856
2.450000,152.477551,21.788856
2.450000,153.050918,21.788856
2.450000,152.478289,21.788856
2.450500,153.051556,21.788856
2.450500,152.479026,21.788856
2.450500,152.998178,21.788856
2.450500,152.426596,21.788856
2.451000,152.998815,21.788856
2.451000,152.427332,21.788856
2.451000,152.946037,21.788856
2.451000,152.375381,21.788856
2.451000,152.946674,21.788856
2.451000,152.376117,21.788856
2.451500,152.904648,21.788856
2.451500,152.334704,21.788856
2.451500,152.905284,21.788856
2.451500,152.335439,21.788856
2.452000,152.867914,21.788856
2.452000,152.298210,21.788856
2.452000,152.868550,21.788856
2.452000,152.298944,21.788856
2.452500,152.836562,21.788856
2.452500,152.267303,21.788856
2.452500,152.837784,21.788856
2.452500,152.268037,21.788856
2.452500,152.805370,21.788856
2.452500,152.235650,21.788856
2.462500,152.806831,21.779477
2.462500,152.236384,21.779477
2.462500,152.772669,21.779477
2.462500,152.202408,21.779477
2.463000,152.774121,21.779477
2.463000,152.203142,21.779477
2.463000,152.774755,21.779477
2.463000,152.203874,21.779477
2.463500,152.743975,21.779477
2.463500,152.172649,21.779477
2.463500,152.744609,21.779477
2.463500,152.173382,21.779477
2.463500,152.719963,21.779477
2.463500,152.148582,21.779477
2.464000,152.720596,21.779477
2.464000,152.149314,21.779477
2.464000,152.694217,21.779477
2.464000,152.122619,21.779477
2.464500,152.694850,21.779477
2.464500,152.123350,21.779477
2.464500,152.651849,21.779477
2.464500,152.080085,21.779477
2.464500,152.652717,21.779477
2.464500,152.080815,21.779477
2.465000,152.608478,21.779477
2.465000,152.036427,21.779477
2.465000,152.609283,21.779477
2.465000,152.037157,21.779477
2.465500,152.585701,21.779477
2.465500,152.013695,21.779477
2.465500,152.586545,21.779477
2.465500,152.014425,21.779477
2.466000,152.567256,21.779477
2.466000,151.995212,21.779477
2.466000,152.568157,21.779477
2.466000,151.995942,21.779477
2.466000,152.548519,21.779477
2.466000,151.976583,21.779477
2.466500,152.549773,21.779477
2.466500,151.977311,21.779477
2.466500,152.550403,21.779477
2.466500,151.978039,21.779477
2.467000,152.555017,21.779477
2.467000,151.982562,21.779477
2.467000,152.555646,21.779477
2.467000,151.983290,21.779477
2.467500,152.575804,21.779477
2.467500,152.003496,21.779477
2.467500,152.576432,21.779477
2.467500,152.004224,21.779477
2.467500,152.589550,21.779477
2.467500,152.018059,21.779477
2.468000,152.590945,21.779477
2.468000,152.018785,21.779477
2.468000,152.579250,21.779477
2.468000,152.007633,21.779477
2.468500,152.580625,21.779477
2.468500,152.008359,21.779477
2.468500,152.578693,21.779477
2.468500,152.007263,21.779477
2.468500,152.579998,21.779477
2.468500,152.007989,21.779477
2.472500,152.587591,21.776492
2.472500,152.016262,21.776492
2.472500,152.588794,21.776492
2.472500,152.016987,21.776492
2.473000,152.581727,21.776492
2.473000,152.010403,21.776492
2.473000,152.582769,21.776492
2.473000,152.011128,21.776492
2.473500,152.583395,21.776492
2.473500,152.011852,21.776492
2.473500,152.557802,21.776492
2.473500,151.986215,21.776492
2.473500,152.558428,21.776492
2.473500,151.986939,21.776492
2.474000,152.535856,21.776492
2.474000,151.964618,21.776492
2.474000,152.536239,21.776492
2.474000,151.965341,21.776492
2.474500,152.510856,21.776492
2.474500,151.940259,21.776492
2.474500,152.510884,21.776492
2.474500,151.940982,21.776492
2.475000,152.486358,21.776492
2.475000,151.916888,21.776492
2.475000,152.486301,21.776492
2.475000,151.917610,21.776492
2.475000,152.462460,21.776492
2.475000,151.894268,21.776492
2.475500,152.462217,21.776492
2.475500,151.894989,21.776492
2.475500,152.441599,21.776492
2.475500,151.875007,21.776492
2.476000,152.441295,21.776492
2.476000,151.875729,21.776492
2.476000,152.408080,21.776492
2.476000,151.843145,21.776492
2.476500,152.407763,21.776492
2.476500,151.843866,21.776492
2.476500,152.408386,21.776492
2.476500,151.844586,21.776492
2.476500,152.361999,21.776492
2.476500,151.799200,21.776492
2.482500,152.362623,21.764729
2.482500,151.799920,21.764729
2.482500,152.309435,21.764729
2.482500,151.746818,21.764729
2.483000,152.309512,21.764729
2.483000,151.747537,21.764729
2.483000,152.251645,21.764729
2.483000,151.689591,21.764729
2.483000,152.252079,21.764729
2.483000,151.690310,21.764729
2.483500,152.204797,21.764729
2.483500,151.643190,21.764729
2.483500,152.205572,21.764729
2.483500,151.643908,21.764729
2.484000,152.166980,21.764729
2.484000,151.605573,21.764729
2.484000,152.168187,21.764729
2.484000,151.606291,21.764729
2.484500,152.133936,21.764729
2.484500,151.572440,21.764729
2.484500,152.135225,21.764729
2.484500,151.573157,21.764729
2.484500,152.113919,21.764729
2.484500,151.552254,21.764729
2.485000,152.115227,21.764729
2.485000,151.552971,21.764729
2.485000,152.115848,21.764729
2.485000,151.553688,21.764729
2.485500,152.094138,21.764729
2.485500,151.532637,21.764729
2.485500,152.095450,21.764729
2.485500,151.533353,21.764729
2.486000,152.067644,21.764729
2.486000,151.506024,21.764729
2.486000,152.068880,21.764729
2.486000,151.506740,21.764729
2.486000,152.046585,21.764729
2.486000,151.484721,21.764729
2.486500,152.047691,21.764729
2.486500,151.485436,21.764729
2.486500,152.031935,21.764729
2.486500,151.469698,21.764729
2.487000,152.032895,21.764729
2.487000,151.470413,21.764729
2.487000,152.007869,21.764729
2.487000,151.445361,21.764729
2.487000,152.008545,21.764729
2.487000,151.446075,21.764729
2.487500,151.978735,21.764729
2.487500,151.416161,21.764729
2.487500,151.979221,21.764729
2.487500,151.416875,21.764729
2.488000,151.953335,21.764729
2.488000,151.390985,21.764729
2.488000,151.953844,21.764729
2.488000,151.391698,21.764729
2.495500,151.954461,21.771256
2.495500,151.392411,21.771256
2.495500,151.933958,21.771256
2.495500,151.372170,21.771256
2.495500,151.934475,21.771256
2.495500,151.372882,21.771256
2.496000,151.907531,21.771256
2.496000,151.346007,21.771256
2.496000,151.908114,21.771256
2.496000,151.346718,21.771256
2.496500,151.874739,21.771256
2.496500,151.313470,21.771256
2.496500,151.875615,21.771256
2.496500,151.314181,21.771256
2.497000,151.857768,21.771256
2.497000,151.296259,21.771256
2.497000,151.858665,21.771256
2.497000,151.296970,21.771256
2.497000,151.845759,21.771256
2.497000,151.284346,21.771256
2.497500,151.846531,21.771256
2.497500,151.285056,21.771256
2.497500,151.828629,21.771256
2.497500,151.267417,21.771256
2.498000,151.829199,21.771256
2.498000,151.268127,21.771256
2.498000,151.804148,21.771256
2.498000,151.243404,21.771256
2.498500,151.804762,21.771256
2.498500,151.244113,21.771256
2.498500,151.805065,21.771256
2.498500,151.244822,21.771256
2.498500,151.774997,21.771256
2.498500,151.215159,21.771256
2.499000,151.775182,21.771256
2.499000,151.215867,21.771256
2.499000,151.738188,21.771256
2.499000,151.179160,21.771256
2.499500,151.738555,21.771256
2.499500,151.179868,21.771256
2.499500,151.701106,21.771256
2.499500,151.142502,21.771256
2.499500,151.701262,21.771256
2.499500,151.143209,21.771256
2.500000,151.671881,21.771256
2.500000,151.113757,21.771256
2.500000,151.671866,21.771256
2.500000,151.114464,21.771256
2.500500,151.643819,21.771256
2.500500,151.086225,21.771256
2.500500,151.643975,21.771256
2.500500,151.086931,21.771256
2.501000,151.614418,21.771256
2.501000,151.057239,21.771256
2.501000,151.614547,21.771256
2.501000,151.057945,21.771256
2.501000,151.586666,21.771256
2.501000,151.029717,21.771256
2.506000,151.587276,21.768190
2.506000,151.030422,21.768190
2.506000,151.552280,21.768190
2.506000,150.995466,21.768190
2.506500,151.552890,21.768190
2.506500,150.996171,21.768190
2.506500,151.553398,21.768190
2.506500,150.996875,21.768190
2.507000,151.520000,21.768190
2.507000,150.963164,21.768190
2.507000,151.520549,21.768190
2.507000,150.963868,21.768190
2.507000,151.495302,21.768190
2.507000,150.938433,21.768190
2.507500,151.495776,21.768190
2.507500,150.939136,21.768190
2.507500,151.460235,21.768190
2.507500,150.903368,21.768190
2.508000,151.460774,21.768190
2.508000,150.904071,21.768190
2.508000,151.424974,21.768190
2.508000,150.868136,21.768190
2.508000,151.425733,21.768190
2.508000,150.868838,21.768190
2.508500,151.398913,21.768190
2.508500,150.842123,21.768190
2.508500,151.399520,21.768190
2.508500,150.842825,21.768190
2.509000,151.386418,21.768190
2.509000,150.829837,21.768190
2.509000,151.387025,21.768190
2.509000,150.830538,21.768190
2.509500,151.367081,21.768190
2.509500,150.810833,21.768190
2.509500,151.367688,21.768190
2.509500,150.811534,21.768190
2.509500,151.367810,21.768190
2.509500,150.812234,21.768190
2.510000,151.338012,21.768190
2.510000,150.782447,21.768190
2.510000,151.338209,21.768190
2.510000,150.783147,21.768190
2.510500,151.307553,21.768190
2.510500,150.752577,21.768190
2.510500,151.307817,21.768190
2.510500,150.753277,21.768190
2.511000,151.293816,21.768190
2.511000,150.739741,21.768190
2.511000,151.294114,21.768190
2.511000,150.740440,21.768190
2.511000,151.276374,21.768190
2.511000,150.723218,21.768190
2.511500,151.276882,21.768190
2.511500,150.723917,21.768190
2.511500,151.241116,21.768190
2.511500,150.688222,21.768190
2.512000,151.241721,21.768190
2.512000,150.688920,21.768190
2.512000,151.213724,21.768190
2.512000,150.660820,21.768190
2.512000,151.214328,21.768190
2.512000,150.661517,21.768190
2.512500,151.187534,21.768190
2.512500,150.634607,21.768190
2.512500,151.188138,21.768190
2.512500,150.635304,21.768190
2.513000,151.188902,21.768190
2.513000,150.636001,21.768190
2.513000,151.147887,21.768190
2.513000,150.594813,21.768190
2.513500,151.148416,21.768190
2.513500,150.595510,21.768190
2.513500,151.107549,21.768190
2.513500,150.554366,21.768190
2.513500,151.108107,21.768190
2.513500,150.555061,21.768190
2.514000,151.086031,21.768190
2.514000,150.533001,21.768190
2.514000,151.086670,21.768190
2.514000,150.533696,21.768190
2.514500,151.073611,21.768190
2.514500,150.520913,21.768190
2.514500,151.074212,21.768190
2.514500,150.521608,21.768190
2.515000,151.059576,21.768190
2.515000,150.507279,21.768190
2.515000,151.060177,21.768190
2.515000,150.507973,21.768190
2.515000,151.022945,21.768190
2.515000,150.471194,21.768190
2.515500,151.023546,21.768190
2.515500,150.471888,21.768190
2.515500,150.991350,21.768190
2.515500,150.440088,21.768190
2.516000,150.991950,21.768190
2.516000,150.440782,21.768190
2.516000,150.992276,21.768190
2.516000,150.441475,21.768190
2.516000,150.974183,21.768190
2.516000,150.423913,21.768190
2.516500,150.974538,21.768190
2.516500,150.424606,21.768190
2.516500,150.960865,21.768190
2.516500,150.411353,21.768190
2.517000,150.961646,21.768190
2.517000,150.412045,21.768190
2.517000,150.938399,21.768190
2.517000,150.388882,21.768190
2.517500,150.939098,21.768190
2.517500,150.389574,21.768190
2.517500,150.911041,21.768190
2.517500,150.361344,21.768190
2.517500,150.911639,21.768190
2.517500,150.362035,21.768190
2.518000,150.893786,21.768190
2.518000,150.344161,21.768190
2.518000,150.894384,21.768190
2.518000,150.344852,21.768190
2.518500,150.878225,21.768190
2.518500,150.328790,21.768190
2.518500,150.878822,21.768190
2.518500,150.329480,21.768190
2.519000,150.850102,21.768190
2.519000,150.300629,21.768190
2.519000,150.850699,21.768190
2.519000,150.301319,21.768190
2.519000,150.851655,21.768190
2.519000,150.302009,21.768190
2.519500,150.829468,21.768190
2.519500,150.279957,21.768190
2.519500,150.830341,21.768190
2.519500,150.280647,21.768190
2.520000,150.815597,21.768190
2.520000,150.265896,21.768190
2.520000,150.816603,21.768190
2.520000,150.266585,21.768190
2.545500,150.818175,21.770509
2.545500,150.268629,21.770509
2.545500,150.818976,21.770509
2.545500,150.269317,21.770509
2.545500,150.833478,21.770509
2.545500,150.284552,21.770509
2.546000,150.834073,21.770509
2.546000,150.285240,21.770509
2.546000,150.868151,21.770509
2.546000,150.320658,21.770509
2.546500,150.868746,21.770509
2.546500,150.321345,21.770509
2.546500,150.913863,21.770509
2.546500,150.368209,21.770509
2.546500,150.914458,21.770509
2.546500,150.368896,21.770509
2.547000,150.969565,21.770509
2.547000,150.426218,21.770509
2.547000,150.970161,21.770509
2.547000,150.426904,21.770509
2.547500,150.970832,21.770509
2.547500,150.427590,21.770509
2.547500,151.022974,21.770509
2.547500,150.482304,21.770509
2.548000,151.023499,21.770509
2.548000,150.482990,21.770509
2.548000,151.079379,21.770509
2.548000,150.541196,21.770509
2.548000,151.079899,21.770509
2.548000,150.541881,21.770509
2.548500,151.117879,21.770509
2.548500,150.581491,21.770509
2.548500,151.118475,21.770509
2.548500,150.582176,21.770509
2.549000,151.159526,21.770509
2.549000,150.624283,21.770509
2.549000,151.160121,21.770509
2.549000,150.624967,21.770509
2.549500,151.195729,21.770509
2.549500,150.661189,21.770509
2.549500,151.196324,21.770509
2.549500,150.661873,21.770509
2.549500,151.201570,21.770509
2.549500,150.667354,21.770509
2.550000,151.202164,21.770509
2.550000,150.668038,21.770509
2.550000,151.194399,21.770509
2.550000,150.660335,21.770509
2.550500,151.194993,21.770509
2.550500,150.661018,21.770509
2.550500,151.204522,21.770509
2.550500,150.670778,21.770509
2.550500,151.205115,21.770509
2.550500,150.671461,21.770509
2.551000,151.205500,21.770509
2.551000,150.672144,21.770509
2.551000,151.233099,21.770509
2.551000,150.699817,21.770509
2.551500,151.233692,21.770509
2.551500,150.700499,21.770509
2.551500,151.236035,21.770509
2.551500,150.703008,21.770509
2.552000,151.236628,21.770509
2.552000,150.703690,21.770509
2.552000,151.221576,21.770509
2.552000,150.688727,21.770509
2.552000,151.222168,21.770509
2.552000,150.689408,21.770509
2.552500,151.204745,21.770509
2.552500,150.672238,21.770509
2.552500,151.205336,21.770509
2.552500,150.672919,21.770509
2.553000,151.190958,21.770509
2.553000,150.658815,21.770509
2.553000,151.191550,21.770509
2.553000,150.659496,21.770509
2.553500,151.169189,21.770509
2.553500,150.637131,21.770509
2.553500,151.169780,21.770509
2.553500,150.637811,21.770509
2.553500,151.147829,21.770509
2.553500,150.616190,21.770509
2.554000,151.148420,21.770509
2.554000,150.616869,21.770509
2.554000,151.149146,21.770509
2.554000,150.617548,21.770509
2.554500,151.145534,21.770509
2.554500,150.614387,21.770509
2.554500,151.146124,21.770509
2.554500,150.615066,21.770509
2.555000,151.141142,21.770509
2.555000,150.610346,21.770509
2.555000,151.141732,21.770509
2.555000,150.611024,21.770509
2.555000,151.118920,21.770509
2.555000,150.588445,21.770509
2.555500,151.119509,21.770509
2.555500,150.589123,21.770509
2.555500,151.098849,21.770509
2.555500,150.568629,21.770509
2.556000,151.099438,21.770509
2.556000,150.569306,21.770509
2.556000,151.078638,21.770509
2.556000,150.548423,21.770509
2.556000,151.079226,21.770509
2.556000,150.549100,21.770509
2.556500,151.066048,21.770509
2.556500,150.535546,21.770509
2.556500,151.066636,21.770509
2.556500,150.536223,21.770509
2.557000,151.050813,21.770509
2.557000,150.520347,21.770509
2.557000,151.051400,21.770509
2.557000,150.521023,21.770509
2.557500,151.052266,21.770509
2.557500,150.521699,21.770509
2.557500,151.034519,21.770509
2.557500,150.504373,21.770509
2.557500,151.035106,21.770509
2.557500,150.505048,21.770509
2.558000,151.010218,21.770509
2.558000,150.480105,21.770509
2.558000,151.010804,21.770509
2.558000,150.480779,21.770509
2.558500,150.988263,21.770509
2.558500,150.458343,21.770509
2.558500,150.988849,21.770509
2.558500,150.459018,21.770509
2.559000,150.969101,21.770509
2.559000,150.439138,21.770509
2.559000,150.969687,21.770509
2.559000,150.439812,21.770509
2.559000,150.952980,21.770509
2.559000,150.423189,21.770509
2.559500,150.953565,21.770509
2.559500,150.423863,21.770509
2.559500,150.937221,21.770509
2.559500,150.407627,21.770509
2.560000,150.937806,21.770509
2.560000,150.408300,21.770509
2.560000,150.929182,21.770509
2.560000,150.399715,21.770509
2.560000,150.929766,21.770509
2.560000,150.400387,21.770509
2.560500,150.930350,21.770509
2.560500,150.401059,21.770509
2.560500,150.912214,21.770509
2.560500,150.382960,21.770509
2.561000,150.912798,21.770509
2.561000,150.383631,21.770509
2.561000,150.888849,21.770509
2.561000,150.359729,21.770509
2.561500,150.889433,21.770509
2.561500,150.360400,21.770509
2.561500,150.874918,21.770509
2.561500,150.345648,21.770509
2.561500,150.875501,21.770509
2.561500,150.346319,21.770509
2.562000,150.862394,21.770509
2.562000,150.333016,21.770509
2.562000,150.862976,21.770509
2.562000,150.333687,21.770509
2.562500,150.856955,21.770509
2.562500,150.327603,21.770509
2.562500,150.857537,21.770509
2.562500,150.328273,21.770509
2.563000,150.852733,21.770509
2.563000,150.323373,21.770509
2.563000,150.853314,21.770509
2.563000,150.324043,21.770509
2.563000,150.833054,21.770509
2.563000,150.303411,21.770509
2.563500,150.833635,21.770509
2.563500,150.304080,21.770509
2.563500,150.834216,21.770509
2.563500,150.304749,21.770509
2.564000,150.812834,21.770509
2.564000,150.283124,21.770509
2.564000,150.813415,21.770509
2.564000,150.283792,21.770509
2.564000,150.808310,21.770509
2.564000,150.278823,21.770509
2.564500,150.808890,21.770509
2.564500,150.279491,21.770509
2.564500,150.812356,21.770509
2.564500,150.283206,21.770509
2.565000,150.812936,21.770509
2.565000,150.283873,21.770509
2.565000,150.821068,21.770509
2.565000,150.292271,21.770509
2.565500,150.821648,21.770509
2.565500,150.292938,21.770509
2.565500,150.825257,21.770509
2.565500,150.297032,21.770509
2.565500,150.825836,21.770509
2.565500,150.297699,21.770509
2.566000,150.828638,21.770509
2.566000,150.300873,21.770509
2.566000,150.829217,21.770509
2.566000,150.301539,21.770509
2.566500,150.821716,21.770509
2.566500,150.294308,21.770509
2.566500,150.822229,21.770509
2.566500,150.294974,21.770509
2.567000,150.822808,21.770509
2.567000,150.295639,21.770509
2.567000,150.818306,21.770509
2.567000,150.291116,21.770509
2.567000,150.818884,21.770509
2.567000,150.291781,21.770509
2.567500,150.815281,21.770509
2.567500,150.288319,21.770509
2.567500,150.815858,21.770509
2.567500,150.288984,21.770509
2.568000,150.810920,21.770509
2.568000,150.284056,21.770509
2.568000,150.811497,21.770509
2.568000,150.284720,21.770509
2.568000,150.795494,21.770509
2.568000,150.268373,21.770509
2.568500,150.796071,21.770509
2.568500,150.269037,21.770509
2.568500,150.785845,21.770509
2.568500,150.258715,21.770509
2.569000,150.786421,21.770509
2.569000,150.259378,21.770509
2.569000,150.790947,21.770509
2.569000,150.263819,21.770509
2.569500,150.791522,21.770509
2.569500,150.264482,21.770509
2.569500,150.790036,21.770509
2.569500,150.263504,21.770509
2.569500,150.790517,21.770509
2.569500,150.264167,21.770509
2.570000,150.791092,21.770509
2.570000,150.264829,21.770509
2.570000,150.774710,21.770509
2.570000,150.249011,21.770509
2.570500,150.775285,21.770509
2.570500,150.249673,21.770509
2.570500,150.769759,21.770509
2.570500,150.244762,21.770509
2.571000,150.770334,21.770509
2.571000,150.245423,21.770509
2.571000,150.766735,21.770509
2.571000,150.242255,21.770509
2.571000,150.767310,21.770509
2.571000,150.242916,21.770509
2.571500,150.758123,21.770509
2.571500,150.233871,21.770509
2.571500,150.758697,21.770509
2.571500,150.234531,21.770509
2.572000,150.745836,21.770509
2.572000,150.221758,21.770509
2.572000,150.746410,21.770509
2.572000,150.222418,21.770509
2.572500,150.729026,21.770509
2.572500,150.205248,21.770509
2.572500,150.729642,21.770509
2.572500,150.205907,21.770509
2.572500,150.711781,21.770509
2.572500,150.188236,21.770509
2.573000,150.712365,21.770509
2.573000,150.188895,21.770509
2.573000,150.699142,21.770509
2.573000,150.175916,21.770509
2.573500,150.699702,21.770509
2.573500,150.176575,21.770509
2.573500,150.700275,21.770509
2.573500,150.177233,21.770509
2.573500,150.684197,21.770509
2.573500,150.161749,21.770509
2.605500,150.684769,21.764987
2.605500,150.162407,21.764987
2.605500,150.668542,21.764987
2.605500,150.146612,21.764987
2.606000,150.669114,21.764987
2.606000,150.147270,21.764987
2.606000,150.661047,21.764987
2.606000,150.139702,21.764987
2.606500,150.661618,21.764987
2.606500,150.140359,21.764987
2.606500,150.652161,21.764987
2.606500,150.131298,21.764987
2.606500,150.652732,21.764987
2.606500,150.131955,21.764987
2.607000,150.636453,21.764987
2.607000,150.116017,21.764987
2.607000,150.637173,21.764987
2.607000,150.116673,21.764987
2.607500,150.620326,21.764987
2.607500,150.100028,21.764987
2.607500,150.621028,21.764987
2.607500,150.100684,21.764987
2.608000,150.619843,21.764987
2.608000,150.099635,21.764987
2.608000,150.620683,21.764987
2.608000,150.100291,21.764987
2.608000,150.621253,21.764987
2.608000,150.100946,21.764987
2.608500,150.615996,21.764987
2.608500,150.095706,21.764987
2.608500,150.616566,21.764987
2.608500,150.096360,21.764987
2.609000,150.604122,21.764987
2.609000,150.083875,21.764987
2.609000,150.604690,21.764987
2.609000,150.084529,21.764987
2.609000,150.598856,21.764987
2.609000,150.078938,21.764987
2.609500,150.599424,21.764987
2.609500,150.079591,21.764987
2.609500,150.600033,21.764987
2.609500,150.080608,21.764987
2.610000,150.600612,21.764987
2.610000,150.081261,21.764987
2.610000,150.588067,21.764987
2.610000,150.069027,21.764987
2.610500,150.588690,21.764987
2.610500,150.069680,21.764987
2.610500,150.576238,21.764987
2.610500,150.057500,21.764987
2.610500,150.576862,21.764987
2.610500,150.058152,21.764987
2.611000,150.570660,21.764987
2.611000,150.052278,21.764987
2.611000,150.571176,21.764987
2.611000,150.052930,21.764987
2.611500,150.571743,21.764987
2.611500,150.053582,21.764987
2.611500,150.558534,21.764987
2.611500,150.040612,21.764987
2.612000,150.559100,21.764987
2.612000,150.041263,21.764987
2.612000,150.545513,21.764987
2.612000,150.028013,21.764987
2.612000,150.546079,21.764987
2.612000,150.028664,21.764987
2.612500,150.540115,21.764987
2.612500,150.023210,21.764987
2.612500,150.540681,21.764987
2.612500,150.023860,21.764987
2.613000,150.532789,21.764987
2.613000,150.016327,21.764987
2.613000,150.533493,21.764987
2.613000,150.016977,21.764987
2.613500,150.524487,21.764987
2.613500,150.008455,21.764987
2.613500,150.525238,21.764987
2.613500,150.009105,21.764987
2.613500,150.524036,21.764987
2.613500,150.008217,21.764987
2.614000,150.524822,21.764987
2.614000,150.008867,21.764987
2.614000,150.521135,21.764987
2.614000,150.005453,21.764987
2.614500,150.521952,21.764987
2.614500,150.006102,21.764987
2.614500,150.522516,21.764987
2.614500,150.006751,21.764987
2.614500,150.507303,21.764987
2.614500,149.991571,21.764987
2.615000,150.507867,21.764987
2.615000,149.992219,21.764987
2.615000,150.500342,21.764987
2.615000,149.984675,21.764987
2.615500,150.500906,21.764987
2.615500,149.985323,21.764987
2.615500,150.504552,21.764987
2.615500,149.988928,21.764987
2.616000,150.505057,21.764987
2.616000,149.989575,21.764987
2.616000,150.497405,21.764987
2.616000,149.981822,21.764987
2.616000,150.497805,21.764987
2.616000,149.982468,21.764987
2.616500,150.485907,21.764987
2.616500,149.970762,21.764987
2.616500,150.486326,21.764987
2.616500,149.971409,21.764987
2.617000,150.481587,21.764987
2.617000,149.967045,21.764987
2.617000,150.482182,21.764987
2.617000,149.967691,21.764987
2.617500,150.484718,21.764987
2.617500,149.970823,21.764987
2.617500,150.485337,21.764987
2.617500,149.971468,21.764987
2.617500,150.485899,21.764987
2.617500,149.972114,21.764987
2.618000,150.487674,21.764987
2.618000,149.974528,21.764987
2.618000,150.488236,21.764987
2.618000,149.975173,21.764987
2.618500,150.489977,21.764987
2.618500,149.977102,21.764987
2.618500,150.490538,21.764987
2.618500,149.977746,21.764987
2.618500,150.477901,21.764987
2.618500,149.965230,21.764987
2.619000,150.478411,21.764987
2.619000,149.965874,21.764987
2.619000,150.469246,21.764987
2.619000,149.956631,21.764987
2.619500,150.469682,21.764987
2.619500,149.957275,21.764987
2.619500,150.449424,21.764987
2.619500,149.936906,21.764987
2.620000,150.449783,21.764987
2.620000,149.937549,21.764987
2.620000,150.433569,21.764987
2.620000,149.921242,21.764987
2.620000,150.433985,21.764987
2.620000,149.921885,21.764987
2.620500,150.423912,21.764987
2.620500,149.911759,21.764987
2.620500,150.424350,21.764987
2.620500,149.912402,21.764987
2.621000,150.424909,21.764987
2.621000,149.913044,21.764987
2.621000,150.423642,21.764987
2.621000,149.912076,21.764987
2.621500,150.424201,21.764987
2.621500,149.912718,21.764987
2.621500,150.424958,21.764987
2.621500,149.913862,21.764987
2.621500,150.425470,21.764987
2.621500,149.914503,21.764987
2.623500,150.419543,21.764868
2.623500,149.908994,21.764868
2.623500,150.420054,21.764868
2.623500,149.909635,21.764868
2.624000,150.426503,21.764868
2.624000,149.916527,21.764868
2.624000,150.427007,21.764868
2.624000,149.917167,21.764868
2.624000,150.426061,21.764868
2.624000,149.916433,21.764868
2.624500,150.426499,21.764868
2.624500,149.917073,21.764868
2.624500,150.419209,21.764868
2.624500,149.909866,21.764868
2.625000,150.419623,21.764868
2.625000,149.910506,21.764868
2.625000,150.404708,21.764868
2.625000,149.895638,21.764868
2.625500,150.405132,21.764868
2.625500,149.896277,21.764868
2.625500,150.405689,21.764868
2.625500,149.896916,21.764868
2.625500,150.394519,21.764868
2.625500,149.885951,21.764868
2.626000,150.395075,21.764868
2.626000,149.886590,21.764868
2.626000,150.385216,21.764868
2.626000,149.876726,21.764868
2.626500,150.385868,21.764868
2.626500,149.877364,21.764868
2.626500,150.379353,21.764868
2.626500,149.871133,21.764868
2.627000,150.380089,21.764868
2.627000,149.871771,21.764868
2.627000,150.390765,21.764868
2.627000,149.882837,21.764868
2.627000,150.391424,21.764868
2.627000,149.883475,21.764868
2.627500,150.393630,21.764868
2.627500,149.886107,21.764868
2.627500,150.394340,21.764868
2.627500,149.886744,21.764868
2.636000,150.386900,21.771898
2.636000,149.879630,21.771898
2.636000,150.387408,21.771898
2.636000,149.880266,21.771898
2.636000,150.380742,21.771898
2.636000,149.873890,21.771898
2.636500,150.381426,21.771898
2.636500,149.874526,21.771898
2.636500,150.385667,21.771898
2.636500,149.879135,21.771898
2.637000,150.386220,21.771898
2.637000,149.879771,21.771898
2.637000,150.386808,21.771898
2.637000,149.880406,21.771898
2.637500,150.387333,21.771898
2.637500,149.881113,21.771898
2.637500,150.388018,21.771898
2.637500,149.881748,21.771898
2.637500,150.382717,21.771898
2.637500,149.876535,21.771898
2.638000,150.383492,21.771898
2.638000,149.877170,21.771898
2.638000,150.378173,21.771898
2.638000,149.871984,21.771898
2.638500,150.378963,21.771898
2.638500,149.872618,21.771898
2.638500,150.379498,21.771898
2.638500,149.873509,21.771898
2.639000,150.380336,21.771898
2.639000,149.874143,21.771898
2.639000,150.377658,21.771898
2.639000,149.871857,21.771898
2.639000,150.378467,21.771898
2.639000,149.872491,21.771898
2.639500,150.377572,21.771898
2.639500,149.872125,21.771898
2.639500,150.378168,21.771898
2.639500,149.872759,21.771898
2.640000,150.373553,21.771898
2.640000,149.868525,21.771898
2.640000,150.374104,21.771898
2.640000,149.869158,21.771898
2.640500,150.374713,21.771898
2.640500,149.869790,21.771898
2.640500,150.365977,21.771898
2.640500,149.861603,21.771898
2.640500,150.366574,21.771898
2.640500,149.862235,21.771898
2.641000,150.357492,21.771898
2.641000,149.853711,21.771898
2.641000,150.357973,21.771898
2.641000,149.854343,21.771898
2.641500,150.342323,21.771898
2.641500,149.839078,21.771898
2.641500,150.343028,21.771898
2.641500,149.839709,21.771898
2.641500,150.313334,21.771898
2.641500,149.810106,21.771898
2.646000,150.314064,21.767110
2.646000,149.810737,21.767110
2.646000,150.290000,21.767110
2.646000,149.786665,21.767110
2.646500,150.290508,21.767110
2.646500,149.787295,21.767110
2.646500,150.280838,21.767110
2.646500,149.777754,21.767110
2.647000,150.281387,21.767110
2.647000,149.778384,21.767110
2.647000,150.288278,21.767110
2.647000,149.785646,21.767110
2.647000,150.288826,21.767110
2.647000,149.786275,21.767110
2.647500,150.289468,21.767110
2.647500,149.786905,21.767110
2.647500,150.296027,21.767110
2.647500,149.793671,21.767110
2.648000,150.296835,21.767110
2.648000,149.794300,21.767110
2.648000,150.303466,21.767110
2.648000,149.801325,21.767110
2.648500,150.304334,21.767110
2.648500,149.801954,21.767110
2.648500,150.309811,21.767110
2.648500,149.808051,21.767110
2.648500,150.310551,21.767110
2.648500,149.808680,21.767110
2.649000,150.303524,21.767110
2.649000,149.802135,21.767110
2.649000,150.304274,21.767110
2.649000,149.802763,21.767110
2.649500,150.295387,21.767110
2.649500,149.794219,21.767110
2.649500,150.296206,21.767110
2.649500,149.794846,21.767110
2.649500,150.299128,21.767110
2.649500,149.798077,21.767110
2.650000,150.299675,21.767110
2.650000,149.798704,21.767110
2.650000,150.299413,21.767110
2.650000,149.798352,21.767110
2.650500,150.299959,21.767110
2.650500,149.798979,21.767110
2.650500,150.300575,21.767110
2.650500,149.799605,21.767110
2.651000,150.295347,21.767110
2.651000,149.794287,21.767110
2.651000,150.296091,21.767110
2.651000,149.794913,21.767110
2.651000,150.286291,21.767110
2.651000,149.784998,21.767110
2.651500,150.286881,21.767110
2.651500,149.785624,21.767110
2.651500,150.275837,21.767110
2.651500,149.774509,21.767110
2.652000,150.276488,21.767110
2.652000,149.775134,21.767110
2.652000,150.270466,21.767110
2.652000,149.768963,21.767110
2.661000,150.271045,21.743606
2.661000,149.769587,21.743606
2.661000,150.266944,21.743606
2.661000,149.765505,21.743606
2.661000,150.267488,21.743606
2.661000,149.766129,21.743606
2.661500,150.271394,21.743606
2.661500,149.770289,21.743606
2.661500,150.271938,21.743606
2.661500,149.770913,21.743606
2.662000,150.284512,21.743606
2.662000,149.783729,21.743606
2.662000,150.285055,21.743606
2.662000,149.784352,21.743606
2.662500,150.285533,21.743606
2.662500,149.784976,21.743606
2.662500,150.290964,21.743606
2.662500,149.790619,21.743606
2.662500,150.291563,21.743606
2.662500,149.791242,21.743606
2.663000,150.287119,21.743606
2.663000,149.786847,21.743606
2.663000,150.287603,21.743606
2.663000,149.787469,21.743606
2.663500,150.286120,21.743606
2.663500,149.786079,21.743606
2.663500,150.286809,21.743606
2.663500,149.786702,21.743606
2.663500,150.288427,21.743606
2.663500,149.788374,21.743606
2.664000,150.288966,21.743606
2.664000,149.788995,21.743606
2.664000,150.296438,21.743606
2.664000,149.796413,21.743606
2.664500,150.296980,21.743606
2.664500,149.797034,21.743606
2.664500,150.297362,21.743606
2.664500,149.797264,21.743606
2.665000,150.297903,21.743606
2.665000,149.797885,21.743606
2.665000,150.298224,21.743606
2.665000,149.798085,21.743606
2.665000,150.298764,21.743606
2.665000,149.798706,21.743606
2.665500,150.299347,21.743606
2.665500,149.799326,21.743606
2.665500,150.299938,21.743606
2.665500,149.799876,21.743606
2.666000,150.300504,21.743606
2.666000,149.800496,21.743606
2.666000,150.314668,21.743606
2.666000,149.814906,21.743606
2.666500,150.315112,21.743606
2.666500,149.815526,21.743606
2.666500,150.331493,21.743606
2.666500,149.832274,21.743606
2.666500,150.331874,21.743606
2.666500,149.832893,21.743606
2.667000,150.348453,21.743606
2.667000,149.850015,21.743606
2.667000,150.348993,21.743606
2.667000,149.850634,21.743606
2.672000,150.362557,21.748684
2.672000,149.864876,21.748684
2.672000,150.363096,21.748684
2.672000,149.865494,21.748684
2.672000,150.373458,21.748684
2.672000,149.876356,21.748684
2.672500,150.373997,21.748684
2.672500,149.876974,21.748684
2.672500,150.370389,21.748684
2.672500,149.873509,21.748684
2.673000,150.370927,21.748684
2.673000,149.874126,21.748684
2.673000,150.359657,21.748684
2.673000,149.862977,21.748684
2.673500,150.360195,21.748684
2.673500,149.863595,21.748684
2.673500,150.360645,21.748684
2.673500,149.864212,21.748684
2.673500,150.355117,21.748684
2.673500,149.858762,21.748684
2.674000,150.355510,21.748684
2.674000,149.859379,21.748684
2.674000,150.353330,21.748684
2.674000,149.857284,21.748684
2.674500,150.354136,21.748684
2.674500,149.857901,21.748684
2.674500,150.354919,21.748684
2.674500,149.858894,21.748684
2.675000,150.355456,21.748684
2.675000,149.859510,21.748684
2.675000,150.365269,21.748684
2.675000,149.869335,21.748684
2.675000,150.365806,21.748684
2.675000,149.869951,21.748684
2.675500,150.380082,21.748684
2.675500,149.884397,21.748684
2.675500,150.380619,21.748684
2.675500,149.885012,21.748684
2.676000,150.382744,21.748684
2.676000,149.887207,21.748684
2.676000,150.383280,21.748684
2.676000,149.887822,21.748684
2.676000,150.378878,21.748684
2.676000,149.883380,21.748684
2.681000,150.379414,21.769008
2.681000,149.883995,21.769008
2.681000,150.380293,21.769008
2.681000,149.884609,21.769008
2.681500,150.369486,21.769008
2.681500,149.874004,21.769008
2.681500,150.370096,21.769008
2.681500,149.874617,21.769008
2.682000,150.366436,21.769008
2.682000,149.871226,21.769008
2.682000,150.366971,21.769008
2.682000,149.871840,21.769008
2.682000,150.363766,21.769008
2.682000,149.868826,21.769008
2.682500,150.364300,21.769008
2.682500,149.869439,21.769008
2.682500,150.357715,21.769008
2.682500,149.862814,21.769008
2.683000,150.358249,21.769008
2.683000,149.863427,21.769008
2.683000,150.347624,21.769008
2.683000,149.852758,21.769008
2.683500,150.348158,21.769008
2.683500,149.853371,21.769008
2.683500,150.337274,21.769008
2.683500,149.842463,21.769008
2.683500,150.337807,21.769008
2.683500,149.843075,21.769008
2.684000,150.325991,21.769008
2.684000,149.831316,21.769008
2.684000,150.326524,21.769008
2.684000,149.831928,21.769008
2.684500,150.327568,21.769008
2.684500,149.832539,21.769008
2.684500,150.313501,21.769008
2.684500,149.818742,21.769008
2.684500,150.314410,21.769008
2.684500,149.819353,21.769008
2.685000,150.308747,21.769008
2.685000,149.814024,21.769008
2.685000,150.309279,21.769008
2.685000,149.814635,21.769008
2.685500,150.302344,21.769008
2.685500,149.807550,21.769008
2.685500,150.302875,21.769008
2.685500,149.808160,21.769008
2.686000,150.292592,21.769008
2.686000,149.797672,21.769008
2.686000,150.293123,21.769008
2.686000,149.798281,21.769008
2.686000,150.276698,21.769008
2.686000,149.781606,21.769008
2.686500,150.277229,21.769008
2.686500,149.782215,21.769008
2.686500,150.255983,21.769008
2.686500,149.761075,21.769008
2.687000,150.256514,21.769008
2.687000,149.761684,21.769008
2.687000,150.227629,21.769008
2.687000,149.733008,21.769008
2.687500,150.228159,21.769008
2.687500,149.733617,21.769008
2.687500,150.228753,21.769008
2.687500,149.734225,21.769008
2.687500,150.156938,21.769008
2.687500,149.662423,21.769008
2.688000,150.157468,21.769008
2.688000,149.663031,21.769008
2.688000,150.054242,21.769008
2.688000,149.559325,21.769008
2.688500,150.054771,21.769008
2.688500,149.559933,21.769008
2.688500,149.968165,21.769008
2.688500,149.472814,21.769008
2.689000,149.968693,21.769008
2.689000,149.473420,21.769008
2.689000,149.910901,21.769008
2.689000,149.415341,21.769008
2.689000,149.911429,21.769008
2.689000,149.415947,21.769008
2.689500,149.850929,21.769008
2.689500,149.355015,21.769008
2.689500,149.851457,21.769008
2.689500,149.355621,21.769008
2.690000,149.775597,21.769008
2.690000,149.279323,21.769008
2.690000,149.776125,21.769008
2.690000,149.279929,21.769008
2.690000,149.721454,21.769008
2.690000,149.225142,21.769008
2.690500,149.721981,21.769008
2.690500,149.225747,21.769008
2.690500,149.722705,21.769008
2.690500,149.226352,21.769008
2.706500,149.699813,21.771678
2.706500,149.203788,21.771678
2.706500,149.700339,21.771678
2.706500,149.204393,21.771678
2.707000,149.693114,21.771678
2.707000,149.197747,21.771678
2.707000,149.693640,21.771678
2.707000,149.198351,21.771678
2.707000,149.674280,21.771678
2.707000,149.179774,21.771678
2.707500,149.674805,21.771678
2.707500,149.180378,21.771678
2.707500,149.645884,21.771678
2.707500,149.152415,21.771678
2.708000,149.646409,21.771678
2.708000,149.153018,21.771678
2.708000,149.625184,21.771678
2.708000,149.132905,21.771678
2.708500,149.625710,21.771678
2.708500,149.133508,21.771678
2.708500,149.611767,21.771678
2.708500,149.120784,21.771678
2.708500,149.612292,21.771678
2.708500,149.121386,21.771678
2.709000,149.607779,21.771678
2.709000,149.117898,21.771678
2.709000,149.608304,21.771678
2.709000,149.118501,21.771678
2.709500,149.608102,21.771678
2.709500,149.119102,21.771678
2.709500,149.597625,21.771678
2.709500,149.108687,21.771678
2.709500,149.598150,21.771678
2.709500,149.109288,21.771678
2.710000,149.588442,21.771678
2.710000,149.100242,21.771678
2.710000,149.588966,21.771678
2.710000,149.100843,21.771678
2.710500,149.577904,21.771678
2.710500,149.090342,21.771678
2.710500,149.578428,21.771678
2.710500,149.090943,21.771678
2.711000,149.574188,21.771678
2.711000,149.086896,21.771678
2.711000,149.574712,21.771678
2.711000,149.087496,21.771678
2.711000,149.568581,21.771678
2.711000,149.081317,21.771678
2.711500,149.569104,21.771678
2.711500,149.081917,21.771678
2.711500,149.578171,21.771678
2.711500,149.090691,21.771678
2.712000,149.578694,21.771678
2.712000,149.091290,21.771678
2.712000,149.593826,21.771678
2.712000,149.106084,21.771678
2.712500,149.594349,21.771678
2.712500,149.106683,21.771678
2.712500,149.602978,21.771678
2.712500,149.115087,21.771678
2.712500,149.603416,21.771678
2.712500,149.115686,21.771678
2.713000,149.603938,21.771678
2.713000,149.116284,21.771678
2.713000,149.626767,21.771678
2.713000,149.139339,21.771678
2.713500,149.627289,21.771678
2.713500,149.139938,21.771678
2.713500,149.662271,21.771678
2.713500,149.175613,21.771678
2.714000,149.662793,21.771678
2.714000,149.176211,21.771678
2.714000,149.699145,21.771678
2.714000,149.213238,21.771678
2.714000,149.699667,21.771678
2.714000,149.213836,21.771678
2.714500,149.730502,21.771678
2.714500,149.245304,21.771678
2.714500,149.731023,21.771678
2.714500,149.245901,21.771678
2.715000,149.757299,21.771678
2.715000,149.272647,21.771678
2.715000,149.757820,21.771678
2.715000,149.273244,21.771678
2.715000,149.778950,21.771678
2.715000,149.294605,21.771678
2.715500,149.779471,21.771678
2.715500,149.295202,21.771678
2.715500,149.788523,21.771678
2.715500,149.304017,21.771678
2.716000,149.788796,21.771678
2.716000,149.304613,21.771678
2.716000,149.789316,21.771678
2.716000,149.305210,21.771678
2.716500,149.799395,21.771678
2.716500,149.315059,21.771678
2.716500,149.799915,21.771678
2.716500,149.315655,21.771678
2.716500,149.807579,21.771678
2.716500,149.323044,21.771678
2.717000,149.808099,21.771678
2.717000,149.323639,21.771678
2.717000,149.826255,21.771678
2.717000,149.341709,21.771678
2.717500,149.826775,21.771678
2.717500,149.342304,21.771678
2.717500,149.844483,21.771678
2.717500,149.360420,21.771678
2.718000,149.845002,21.771678
2.718000,149.361015,21.771678
2.718000,149.864329,21.771678
2.718000,149.380912,21.771678
2.718000,149.864848,21.771678
2.718000,149.381506,21.771678
2.727000,149.885532,21.759699
2.727000,149.402607,21.759699
2.727000,149.885835,21.759699
2.727000,149.403201,21.759699
2.727500,149.903729,21.759699
2.727500,149.421433,21.759699
2.727500,149.904058,21.759699
2.727500,149.422027,21.759699
2.727500,149.904576,21.759699
2.727500,149.422620,21.759699
2.728000,149.919804,21.759699
2.728000,149.438363,21.759699
2.728000,149.920322,21.759699
2.728000,149.438956,21.759699
2.728500,149.930090,21.759699
2.728500,149.449253,21.759699
2.728500,149.930608,21.759699
2.728500,149.449846,21.759699
2.729000,149.936932,21.759699
2.729000,149.456516,21.759699
2.729000,149.937450,21.759699
2.729000,149.457109,21.759699
2.729000,149.939263,21.759699
2.729000,149.459032,21.759699
2.729500,149.939780,21.759699
2.729500,149.459624,21.759699
2.729500,149.936631,21.759699
2.729500,149.456518,21.759699
2.730000,149.937148,21.759699
2.730000,149.457110,21.759699
2.730000,149.928518,21.759699
2.730000,149.448886,21.759699
2.730500,149.929123,21.759699
2.730500,149.449477,21.759699
2.730500,149.927579,21.759699
2.730500,149.448309,21.759699
2.730500,149.928396,21.759699
2.730500,149.448900,21.759699
2.731000,149.928912,21.759699
2.731000,149.449490,21.759699
2.731000,149.927675,21.759699
2.731000,149.448356,21.759699
2.731500,149.928191,21.759699
2.731500,149.448947,21.759699
2.731500,149.909756,21.759699
2.731500,149.430692,21.759699
2.731500,149.910271,21.759699
2.731500,149.431282,21.759699
2.732000,149.898488,21.759699
2.732000,149.419888,21.759699
2.732000,149.899003,21.759699
2.732000,149.420477,21.759699
2.732500,149.894952,21.759699
2.732500,149.416888,21.759699
2.732500,149.895467,21.759699
2.732500,149.417478,21.759699
2.733000,149.891388,21.759699
2.733000,149.414048,21.759699
2.733000,149.892176,21.759699
2.733000,149.414637,21.759699
2.733000,149.885577,21.759699
2.733000,149.408642,21.759699
2.733500,149.886196,21.759699
2.733500,149.409230,21.759699
2.733500,149.876904,21.759699
2.733500,149.400303,21.759699
2.734000,149.877625,21.759699
2.734000,149.400891,21.759699
2.734000,149.878138,21.759699
2.734000,149.401479,21.759699
2.734500,149.861626,21.759699
2.734500,149.385008,21.759699
2.734500,149.862139,21.759699
2.734500,149.385596,21.759699
2.734500,149.848691,21.759699
2.734500,149.372111,21.759699
2.743000,149.849204,21.749616
2.743000,149.372698,21.749616
2.743000,149.839185,21.749616
2.743000,149.362354,21.749616
2.743500,149.839698,21.749616
2.743500,149.362941,21.749616
2.743500,149.833429,21.749616
2.743500,149.356316,21.749616
2.743500,149.833941,21.749616
2.743500,149.356903,21.749616
2.744000,149.832760,21.749616
2.744000,149.355879,21.749616
2.744000,149.833696,21.749616
2.744000,149.356465,21.749616
2.744500,149.833027,21.749616
2.744500,149.356030,21.749616
2.744500,149.834020,21.749616
2.744500,149.356615,21.749616
2.745000,149.828214,21.749616
2.745000,149.351259,21.749616
2.745000,149.829153,21.749616
2.745000,149.351845,21.749616
2.745000,149.829664,21.749616
2.745000,149.352430,21.749616
2.745500,149.840544,21.749616
2.745500,149.363708,21.749616
2.745500,149.841055,21.749616
2.745500,149.364293,21.749616
2.746000,149.855135,21.749616
2.746000,149.378737,21.749616
2.746000,149.855645,21.749616
2.746000,149.379321,21.749616
2.746500,149.853271,21.749616
2.746500,149.377374,21.749616
2.746500,149.853782,21.749616
2.746500,149.377958,21.749616
2.746500,149.847025,21.749616
2.746500,149.371390,21.749616
2.747000,149.847677,21.749616
2.747000,149.371973,21.749616
2.747000,149.849161,21.749616
2.747000,149.373570,21.749616
2.747500,149.849861,21.749616
2.747500,149.374154,21.749616
2.747500,149.854884,21.749616
2.747500,149.379320,21.749616
2.748000,149.855603,21.749616
2.748000,149.379903,21.749616
2.748000,149.857835,21.749616
2.748000,149.382188,21.749616
2.748000,149.858575,21.749616
2.748000,149.382771,21.749616
2.748500,149.859084,21.749616
2.748500,149.383354,21.749616
2.748500,149.853911,21.749616
2.748500,149.377894,21.749616
2.749000,149.854419,21.749616
2.749000,149.378476,21.749616
2.749000,149.860742,21.749616
2.749000,149.384909,21.749616
2.749000,149.861250,21.749616
2.749000,149.385490,21.749616
2.749500,149.872407,21.749616
2.749500,149.397042,21.749616
2.749500,149.872915,21.749616
2.749500,149.397623,21.749616
2.750000,149.882033,21.749616
2.750000,149.407244,21.749616
2.750000,149.882584,21.749616
2.750000,149.407825,21.749616
2.750500,149.890461,21.749616
2.750500,149.416250,21.749616
2.750500,149.891081,21.749616
2.750500,149.416830,21.749616
2.750500,149.903260,21.749616
2.750500,149.429559,21.749616
2.751000,149.903904,21.749616
2.751000,149.430140,21.749616
2.751000,149.905734,21.749616
2.751000,149.432258,21.749616
2.760000,149.906235,21.768333
2.760000,149.432838,21.768333
2.760000,149.887052,21.768333
2.760000,149.413915,21.768333
2.760500,149.887797,21.768333
2.760500,149.414494,21.768333
2.760500,149.888303,21.768333
2.760500,149.415074,21.768333
2.760500,149.873453,21.768333
2.760500,149.400202,21.768333
2.761000,149.873959,21.768333
2.761000,149.400781,21.768333
2.761000,149.872694,21.768333
2.761000,149.399703,21.768333
2.761500,149.873603,21.768333
2.761500,149.400282,21.768333
2.761500,149.870359,21.768333
2.761500,149.397396,21.768333
2.761500,149.871222,21.768333
2.761500,149.397975,21.768333
2.762000,149.875916,21.768333
2.762000,149.403186,21.768333
2.762000,149.876820,21.768333
2.762000,149.403764,21.768333
2.762500,149.886666,21.768333
2.762500,149.414236,21.768333
2.762500,149.887664,21.768333
2.762500,149.414813,21.768333
2.763000,149.895239,21.768333
2.763000,149.422687,21.768333
2.763000,149.896174,21.768333
2.763000,149.423264,21.768333
2.763000,149.894051,21.768333
2.763000,149.421511,21.768333
2.763500,149.894812,21.768333
2.763500,149.422088,21.768333
2.763500,149.895316,21.768333
2.763500,149.422665,21.768333
2.764000,149.894343,21.768333
2.764000,149.421960,21.768333
2.764000,149.894847,21.768333
2.764000,149.422537,21.768333
2.764500,149.899384,21.768333
2.764500,149.427485,21.768333
2.764500,149.899856,21.768333
2.764500,149.428061,21.768333
2.764500,149.890530,21.768333
2.764500,149.418835,21.768333
2.765000,149.890955,21.768333
2.765000,149.419411,21.768333
2.765000,149.875219,21.768333
2.765000,149.403846,21.768333
2.765500,149.875687,21.768333
2.765500,149.404421,21.768333
2.765500,149.868858,21.768333
2.765500,149.397770,21.768333
2.766000,149.869432,21.768333
2.766000,149.398345,21.768333
2.766000,149.871392,21.768333
2.766000,149.400490,21.768333
2.766000,149.871995,21.768333
2.766000,149.401064,21.768333
2.766500,149.871382,21.768333
2.766500,149.400360,21.768333
2.766500,149.871937,21.768333
2.766500,149.400934,21.768333
2.767000,149.872439,21.768333
2.767000,149.401508,21.768333
2.767000,149.871329,21.768333
2.767000,149.400326,21.768333
2.767000,149.871870,21.768333
2.767000,149.400900,21.768333
2.767500,149.881729,21.768333
2.767500,149.410906,21.768333
2.767500,149.882263,21.768333
2.767500,149.411479,21.768333
2.768000,149.891883,21.768333
2.768000,149.421238,21.768333
2.768000,149.892341,21.768333
2.768000,149.421811,21.768333
2.768500,149.905577,21.768333
2.768500,149.435324,21.768333
2.768500,149.906029,21.768333
2.768500,149.435897,21.768333
2.768500,149.927897,21.768333
2.768500,149.457906,21.768333
2.778500,149.928221,21.779440
2.778500,149.458478,21.779440
2.778500,149.944414,21.779440
2.778500,149.474714,21.779440
2.779000,149.944816,21.779440
2.779000,149.475286,21.779440
2.779000,149.953829,21.779440
2.779000,149.484381,21.779440
2.779500,149.954133,21.779440
2.779500,149.484953,21.779440
2.779500,149.954633,21.779440
2.779500,149.485525,21.779440
2.779500,149.969009,21.779440
2.779500,149.499971,21.779440
2.780000,149.969042,21.779440
2.780000,149.500543,21.779440
2.780000,149.987927,21.779440
2.780000,149.519608,21.779440
2.780500,149.987903,21.779440
2.780500,149.520179,21.779440
2.780500,150.016592,21.779440
2.780500,149.549169,21.779440
2.780500,150.016706,21.779440
2.780500,149.549739,21.779440
2.781000,150.033911,21.779440
2.781000,149.567425,21.779440
2.781000,150.034015,21.779440
2.781000,149.567995,21.779440
2.781500,150.042732,21.779440
2.781500,149.577140,21.779440
2.781500,150.042682,21.779440
2.781500,149.577710,21.779440
2.782000,150.033636,21.779440
2.782000,149.568914,21.779440
2.782000,150.033801,21.779440
2.782000,149.569484,21.779440
2.782000,150.015402,21.779440
2.782000,149.550897,21.779440
2.782500,150.015900,21.779440
2.782500,149.551466,21.779440
2.782500,150.015953,21.779440
2.782500,149.552036,21.779440
2.783000,150.001789,21.779440
2.783000,149.537605,21.779440
2.783000,150.001931,21.779440
2.783000,149.538173,21.779440
2.783500,149.989647,21.779440
2.783500,149.525895,21.779440
2.783500,149.989984,21.779440
2.783500,149.526463,21.779440
2.783500,149.987367,21.779440
2.783500,149.523876,21.779440
2.784000,149.987766,21.779440
2.784000,149.524444,21.779440
2.784000,149.992972,21.779440
2.784000,149.529842,21.779440
2.784500,149.993214,21.779440
2.784500,149.530410,21.779440
2.784500,149.991248,21.779440
2.784500,149.528718,21.779440
2.784500,149.991378,21.779440
2.784500,149.529286,21.779440
2.785000,149.971075,21.779440
2.785000,149.509096,21.779440
2.785000,149.971108,21.779440
2.785000,149.509663,21.779440
2.785500,149.947416,21.779440
2.785500,149.485802,21.779440
2.785500,149.947912,21.779440
2.785500,149.486369,21.779440
2.792000,149.947571,21.792534
2.792000,149.486935,21.792534
2.792000,149.914045,21.792534
2.792000,149.453006,21.792534
2.792000,149.913252,21.792534
2.792000,149.453572,21.792534
2.792500,149.871389,21.792534
2.792500,149.411000,21.792534
2.792500,149.870299,21.792534
2.792500,149.411565,21.792534
2.793000,149.822419,21.792534
2.793000,149.362828,21.792534
2.793000,149.821136,21.792534
2.793000,149.363393,21.792534
2.793500,149.771983,21.792534
2.793500,149.313677,21.792534
2.793500,149.770751,21.792534
2.793500,149.314242,21.792534
2.793500,149.725664,21.792534
2.793500,149.268959,21.792534
2.794000,149.724883,21.792534
2.794000,149.269524,21.792534
2.794000,149.694623,21.792534
2.794000,149.239037,21.792534
2.794500,149.695118,21.792534
2.794500,149.239601,21.792534
2.794500,149.681442,21.792534
2.794500,149.226510,21.792534
2.794500,149.681937,21.792534
2.794500,149.227074,21.792534
2.795000,149.669598,21.792534
2.795000,149.215048,21.792534
2.795000,149.670092,21.792534
2.795000,149.215612,21.792534
2.795500,149.670645,21.792534
2.795500,149.216175,21.792534
2.795500,149.661991,21.792534
2.795500,149.207709,21.792534
2.796000,149.662882,21.792534
2.796000,149.208272,21.792534
2.796000,149.668726,21.792534
2.796000,149.214495,21.792534
2.796000,149.669846,21.792534
2.796000,149.215057,21.792534
2.796500,149.693672,21.792534
2.796500,149.239428,21.792534
2.796500,149.695017,21.792534
2.796500,149.239990,21.792534
2.797000,149.759405,21.792534
2.797000,149.305000,21.792534
2.797000,149.760832,21.792534
2.797000,149.305562,21.792534
2.797500,149.845768,21.792534
2.797500,149.391078,21.792534
2.797500,149.846261,21.792534
2.797500,149.391640,21.792534
2.797500,149.942666,21.792534
2.797500,149.488365,21.792534
2.798000,149.943158,21.792534
2.798000,149.488927,21.792534
2.798000,150.064544,21.792534
2.798000,149.610414,21.792534
2.798500,150.065036,21.792534
2.798500,149.610975,21.792534
2.798500,150.067694,21.792534
2.798500,149.611536,21.792534
2.799000,150.213463,21.792534
2.799000,149.759341,21.792534
2.799000,150.216669,21.792534
2.799000,149.759902,21.792534
2.799000,150.378506,21.792534
2.799000,149.924138,21.792534
2.799500,150.381882,21.792534
2.799500,149.924699,21.792534
2.799500,150.551442,21.792534
2.799500,150.096226,21.792534
2.809500,150.554944,21.784634
2.809500,150.096786,21.784634
2.809500,150.756672,21.784634
2.809500,150.300375,21.784634
2.809500,150.757163,21.784634
2.809500,150.300936,21.784634
2.810000,151.034868,21.784634
2.810000,150.577840,21.784634
2.810000,151.035359,21.784634
2.810000,150.578401,21.784634
2.810500,151.314168,21.784634
2.810500,150.856596,21.784634
2.810500,151.314660,21.784634
2.810500,150.857156,21.784634
2.811000,151.627470,21.784634
2.811000,151.169384,21.784634
2.811000,151.627961,21.784634
2.811000,151.169944,21.784634
2.811000,151.631957,21.784634
2.811000,151.170505,21.784634
2.811500,152.027756,21.784634
2.811500,151.568626,21.784634
2.811500,152.033430,21.784634
2.811500,151.569187,21.784634
2.812000,152.425670,21.784634
2.812000,151.964221,21.784634
2.812000,152.432982,21.784634
2.812000,151.964782,21.784634
2.812500,152.842571,21.784634
2.812500,152.378338,21.784634
2.812500,152.850615,21.784634
2.812500,152.378898,21.784634
2.812500,153.318983,21.784634
2.812500,152.850998,21.784634
2.813000,153.319473,21.784634
2.813000,152.851559,21.784634
2.813000,153.781214,21.784634
2.813000,153.307154,21.784634
2.813500,153.781703,21.784634
2.813500,153.307715,21.784634
2.813500,154.105532,21.784634
2.813500,153.622391,21.784634
2.813500,154.106019,21.784634
2.813500,153.622952,21.784634
2.814000,154.112225,21.784634
2.814000,153.623513,21.784634
2.814000,154.356955,21.784634
2.814000,153.862809,21.784634
2.814500,154.363536,21.784634
2.814500,153.863370,21.784634
2.814500,154.700913,21.784634
2.814500,154.195031,21.784634
2.815000,154.707726,21.784634
2.815000,154.195592,21.784634
2.815000,155.099279,21.784634
2.815000,154.582005,21.784634
2.815000,155.105706,21.784634
2.815000,154.582566,21.784634
2.815500,155.484968,21.784634
2.815500,154.957624,21.784634
2.815500,155.485449,21.784634
2.815500,154.958185,21.784634
2.820000,155.800064,21.767917
2.820000,155.262050,21.767917
2.820000,155.800544,21.767917
2.820000,155.262610,21.767917
2.820500,156.163002,21.767917
2.820500,155.613509,21.767917
2.820500,156.163480,21.767917
2.820500,155.614070,21.767917
2.820500,156.571807,21.767917
2.820500,156.010085,21.767917
2.821000,156.572283,21.767917
2.821000,156.010645,21.767917
2.821000,162.949429,21.767917
2.821000,156.011206,21.767917
2.821500,163.254635,21.767917
2.821500,156.323333,21.767917
2.821500,163.251278,21.767917
2.821500,156.323893,21.767917
2.822000,163.521078,21.767917
2.822000,156.602103,21.767917
2.822000,163.518976,21.767917
2.822000,156.602663,21.767917
2.822000,163.811203,21.767917
2.822000,156.903752,21.767917
2.822500,163.809891,21.767917
2.822500,156.904312,21.767917
2.822500,164.103413,21.767917
2.822500,157.207764,21.767917
2.823000,164.102943,21.767917
2.823000,157.208324,21.767917
2.823000,164.398653,21.767917
2.823000,157.514921,21.767917
2.823000,164.398185,21.767917
2.823000,157.515482,21.767917
2.823500,164.704192,21.767917
2.823500,157.831572,21.767917
2.823500,164.703726,21.767917
2.823500,157.832132,21.767917
2.824000,165.010272,21.767917
2.824000,158.148321,21.767917
2.824000,165.009808,21.767917
2.824000,158.148881,21.767917
2.824500,165.285177,21.767917
2.824500,158.433911,21.767917
2.824500,165.284715,21.767917
2.824500,158.434471,21.767917
2.824500,165.285115,21.767917
2.824500,158.435030,21.767917
2.825000,165.582760,21.767917
2.825000,158.741530,21.767917
2.825000,165.582925,21.767917
2.825000,158.742090,21.767917
2.825500,165.910341,21.767917
2.825500,159.077567,21.767917
2.825500,165.909882,21.767917
2.825500,159.078126,21.767917
2.834000,166.243061,21.769683
2.834000,159.417219,21.769683
2.834000,166.242603,21.769683
2.834000,159.417779,21.769683
2.834000,166.523903,21.769683
2.834000,159.704270,21.769683
2.834500,166.523447,21.769683
2.834500,159.704829,21.769683
2.834500,166.758557,21.769683
2.834500,159.946640,21.769683
2.835000,166.758101,21.769683
2.835000,159.947199,21.769683
2.835000,166.997124,21.769683
2.835000,160.194709,21.769683
2.835000,166.996670,21.769683
2.835000,160.195268,21.769683
2.835500,166.999685,21.769683
2.835500,160.195826,21.769683
2.835500,167.164721,21.769683
2.835500,160.375307,21.769683
2.836000,167.168405,21.769683
2.836000,160.375866,21.769683
2.836000,167.334101,21.769683
2.836000,160.554881,21.769683
2.836500,167.339911,21.769683
2.836500,160.555439,21.769683
2.836500,167.487351,21.769683
2.836500,160.714770,21.769683
2.836500,167.486902,21.769683
2.836500,160.715328,21.769683
2.837000,167.631107,21.769683
2.837000,160.864194,21.769683
2.837000,167.630659,21.769683
2.837000,160.864752,21.769683
2.837500,167.789471,21.769683
2.837500,161.027723,21.769683
2.837500,167.789024,21.769683
2.837500,161.028281,21.769683
2.838000,167.926933,21.769683
2.838000,161.172212,21.769683
2.838000,167.926487,21.769683
2.838000,161.172769,21.769683
2.838000,168.025887,21.769683
2.838000,161.281396,21.769683
2.838500,168.025442,21.769683
2.838500,161.281953,21.769683
2.838500,168.104574,21.769683
2.838500,161.371306,21.769683
2.839000,168.104131,21.769683
2.839000,161.371863,21.769683
2.839000,168.106904,21.769683
2.839000,161.372420,21.769683
2.839000,168.181312,21.769683
2.839000,161.459943,21.769683
2.839500,168.180871,21.769683
2.839500,161.460499,21.769683
2.839500,168.236220,21.769683
2.839500,161.525127,21.769683
2.840000,168.235780,21.769683
2.840000,161.525683,21.769683
2.840000,168.278830,21.769683
2.840000,161.574879,21.769683
2.845000,168.278391,21.760297
2.845000,161.575435,21.760297
2.845000,168.357343,21.760297
2.845000,161.658706,21.760297
2.845000,168.356905,21.760297
2.845000,161.659262,21.760297
2.845500,168.431325,21.760297
2.845500,161.734778,21.760297
2.845500,168.430887,21.760297
2.845500,161.735334,21.760297
2.846000,162.555190,21.760297
2.846000,161.757589,21.760297
2.846000,162.555627,21.760297
2.846000,161.758144,21.760297
2.846500,162.549320,21.760297
2.846500,161.754588,21.760297
2.846500,162.549757,21.760297
2.846500,161.755142,21.760297
2.846500,162.535486,21.760297
2.846500,161.742499,21.760297
2.847000,162.535922,21.760297
2.847000,161.743053,21.760297
2.847000,162.536358,21.760297
2.847000,161.743607,21.760297
2.847500,162.516987,21.760297
2.847500,161.725274,21.760297
2.847500,162.517423,21.760297
2.847500,161.725828,21.760297
2.847500,162.509646,21.760297
2.847500,161.713436,21.760297
2.848000,162.510081,21.760297
2.848000,161.713989,21.760297
2.848000,162.546109,21.760297
2.848000,161.742902,21.760297
2.848500,162.546543,21.760297
2.848500,161.743455,21.760297
2.848500,162.571147,21.760297
2.848500,161.761532,21.760297
2.849000,162.571580,21.760297
2.849000,161.762084,21.760297
2.849000,162.528538,21.760297
2.849000,161.713627,21.760297
2.849000,162.528969,21.760297
2.849000,161.714180,21.760297
2.849500,162.470018,21.760297
2.849500,161.649934,21.760297
2.849500,162.469990,21.760297
2.849500,161.650486,21.760297
2.850000,162.375850,21.760297
2.850000,161.548929,21.760297
2.850000,162.376279,21.760297
2.850000,161.549480,21.760297
2.857000,162.376708,21.757667
2.857000,161.550032,21.757667
2.857000,162.303942,21.757667
2.857000,161.468854,21.757667
2.857000,162.304369,21.757667
2.857000,161.469405,21.757667
2.857500,162.238242,21.757667
2.857500,161.392712,21.757667
2.857500,162.238667,21.757667
2.857500,161.393263,21.757667
2.858000,162.224110,21.757667
2.858000,161.362776,21.757667
2.858000,162.224532,21.757667
2.858000,161.363327,21.757667
2.858500,162.239612,21.757667
2.858500,161.360443,21.757667
2.858500,162.240031,21.757667
2.858500,161.360993,21.757667
2.858500,162.205071,21.757667
2.858500,161.309545,21.757667
2.859000,162.205488,21.757667
2.859000,161.310095,21.757667
2.859000,162.166752,21.757667
2.859000,161.254326,21.757667
2.859500,162.167166,21.757667
2.859500,161.254875,21.757667
2.859500,162.157967,21.757667
2.859500,161.236718,21.757667
2.859500,162.170228,21.757667
2.859500,161.237267,21.757667
2.860000,162.170639,21.757667
2.860000,161.237815,21.757667
2.860000,162.168682,21.757667
2.860000,161.212861,21.757667
2.860500,162.169089,21.757667
2.860500,161.213410,21.757667
2.860500,162.134521,21.757667
2.860500,161.157687,21.757667
2.861000,162.134925,21.757667
2.861000,161.158235,21.757667
2.861000,162.116816,21.757667
2.861000,161.117577,21.757667
2.861000,162.117216,21.757667
2.861000,161.118125,21.757667
2.864000,162.109870,21.758049
2.864000,161.087692,21.758049
2.864000,162.110266,21.758049
2.864000,161.088240,21.758049
2.864500,162.111738,21.758049
2.864500,161.067305,21.758049
2.864500,162.112131,21.758049
2.864500,161.067852,21.758049
2.865000,162.089459,21.758049
2.865000,161.035931,21.758049
2.865000,162.099315,21.758049
2.865000,161.036478,21.758049
2.865000,162.099704,21.758049
2.865000,161.037025,21.758049
2.865500,162.066696,21.758049
2.865500,160.988051,21.758049
2.865500,162.067083,21.758049
2.865500,160.988597,21.758049
2.866000,162.020144,21.758049
2.866000,160.928022,21.758049
2.866000,162.020528,21.758049
2.866000,160.928568,21.758049
2.866000,161.960323,21.758049
2.866000,160.857519,21.758049
2.866500,161.960706,21.758049
2.866500,160.858065,21.758049
2.866500,161.915673,21.758049
2.866500,160.803076,21.758049
2.867000,161.916054,21.758049
2.867000,160.803621,21.758049
2.867000,161.885317,21.758049
2.867000,160.761633,21.758049
2.867500,161.885696,21.758049
2.867500,160.762177,21.758049
2.867500,161.858668,21.758049
2.867500,160.724496,21.758049
2.867500,161.859046,21.758049
2.867500,160.725040,21.758049
2.868000,161.823937,21.758049
2.868000,160.682894,21.758049
2.868000,166.958582,21.758049
2.868000,160.683439,21.758049
2.875500,166.970027,21.751186
2.875500,160.705488,21.751186
2.875500,166.965242,21.751186
2.875500,160.706031,21.751186
2.876000,166.964866,21.751186
2.876000,160.706575,21.751186
2.876000,166.956826,21.751186
2.876000,160.712852,21.751186
2.876000,166.956452,21.751186
2.876000,160.713395,21.751186
2.876500,166.959753,21.751186
2.876500,160.730319,21.751186
2.876500,166.959382,21.751186
2.876500,160.730862,21.751186
2.877000,166.966160,21.751186
2.877000,160.750850,21.751186
2.877000,166.965791,21.751186
2.877000,160.751393,21.751186
2.877500,166.977584,21.751186
2.877500,160.776816,21.751186
2.877500,166.977217,21.751186
2.877500,160.777359,21.751186
2.877500,167.004829,21.751186
2.877500,160.818221,21.751186
2.878000,167.004463,21.751186
2.878000,160.818763,21.751186
2.878000,167.045926,21.751186
2.878000,160.869834,21.751186
2.878500,167.043041,21.751186
2.878500,160.870376,21.751186
2.878500,167.096944,21.751186
2.878500,160.934233,21.751186
2.878500,167.094654,21.751186
2.878500,160.934774,21.751186
2.879000,167.164193,21.751186
2.879000,161.013613,21.751186
2.879000,167.162404,21.751186
2.879000,161.014154,21.751186
2.879500,167.162044,21.751186
2.879500,161.014695,21.751186
2.879500,167.231830,21.751186
2.879500,161.093873,21.751186
2.880000,167.231472,21.751186
2.880000,161.094414,21.751186
2.880000,167.236462,21.751186
2.880000,161.103815,21.751186
2.880000,167.236105,21.751186
2.880000,161.104356,21.751186
2.880500,167.239014,21.751186
2.880500,161.110131,21.751186
2.880500,167.238658,21.751186
2.880500,161.110671,21.751186
2.881000,167.251329,21.751186
2.881000,161.124970,21.751186
2.881000,167.250916,21.751186
2.881000,161.125510,21.751186
2.881500,167.261491,21.751186
2.881500,161.137327,21.751186
2.881500,167.260695,21.751186
2.881500,161.137866,21.751186
2.881500,167.259694,21.751186
2.881500,161.137511,21.751186
2.882000,167.258477,21.751186
2.882000,161.138050,21.751186
2.882000,167.254471,21.751186
2.882000,161.133609,21.751186
2.882500,167.253198,21.751186
2.882500,161.134148,21.751186
2.882500,167.252842,21.751186
2.882500,161.134687,21.751186
2.882500,167.244042,21.751186
2.882500,161.125340,21.751186
2.891000,167.243686,21.758157
2.891000,161.125879,21.758157
2.891000,167.225554,21.758157
2.891000,161.105478,21.758157
2.891500,167.225198,21.758157
2.891500,161.106016,21.758157
2.891500,167.208244,21.758157
2.891500,161.084776,21.758157
2.892000,167.207887,21.758157
2.892000,161.085314,21.758157
2.892000,167.189150,21.758157
2.892000,161.062368,21.758157
2.892000,167.190424,21.758157
2.892000,161.062905,21.758157
2.892500,167.182194,21.758157
2.892500,161.049364,21.758157
2.892500,167.183997,21.758157
2.892500,161.049901,21.758157
2.893000,167.179418,21.758157
2.893000,161.039096,21.758157
2.893000,167.181134,21.758157
2.893000,161.039633,21.758157
2.893500,167.195368,21.758157
2.893500,161.046865,21.758157
2.893500,167.197586,21.758157
2.893500,161.047402,21.758157
2.893500,167.197225,21.758157
2.893500,161.047938,21.758157
2.894000,167.220426,21.758157
2.894000,161.061381,21.758157
2.894000,167.220064,21.758157
2.894000,161.061917,21.758157
2.894500,167.254267,21.758157
2.894500,161.085876,21.758157
2.894500,167.253903,21.758157
2.894500,161.086412,21.758157
2.894500,167.280630,21.758157
2.894500,161.105845,21.758157
2.895000,167.283409,21.758157
2.895000,161.106381,21.758157
2.895000,167.319943,21.758157
2.895000,161.135542,21.758157
2.895500,167.324203,21.758157
2.895500,161.136077,21.758157
2.895500,167.373188,21.758157
2.895500,161.177535,21.758157
2.896000,167.380880,21.758157
2.896000,161.178070,21.758157
2.896000,167.481017,21.758157
2.896000,161.273230,21.758157
2.896000,167.489014,21.758157
2.896000,161.273764,21.758157
2.896500,167.488644,21.758157
2.896500,161.274299,21.758157
2.896500,167.595204,21.758157
2.896500,161.366022,21.758157
2.897000,167.594831,21.758157
2.897000,161.366557,21.758157
2.897000,167.703370,21.758157
2.897000,161.458818,21.758157
2.897500,167.702996,21.758157
2.897500,161.459352,21.758157
2.897500,167.823234,21.758157
2.897500,161.562926,21.758157
2.897500,167.822857,21.758157
2.897500,161.563460,21.758157
2.898000,167.897042,21.758157
2.898000,161.626237,21.758157
2.898000,167.902571,21.758157
2.898000,161.626770,21.758157
2.898500,167.969515,21.758157
2.898500,161.683457,21.758157
2.898500,167.975935,21.758157
2.898500,161.683990,21.758157
2.898500,168.039577,21.758157
2.898500,161.738085,21.758157
2.899000,168.046397,21.758157
2.899000,161.738618,21.758157
2.899000,168.090248,21.758157
2.899000,161.774346,21.758157
2.899500,168.098697,21.758157
2.899500,161.774879,21.758157
2.899500,168.119138,21.758157
2.899500,161.788538,21.758157
2.900000,162.791505,21.758157
2.900000,161.789071,21.758157
2.900000,162.791891,21.758157
2.900000,161.789603,21.758157
2.900000,162.790506,21.758157
2.900000,161.803911,21.758157
2.900500,162.790894,21.758157
2.900500,161.804443,21.758157
2.900500,162.726977,21.758157
2.900500,161.751788,21.758157
2.901000,162.717664,21.758157
2.901000,161.752320,21.758157
2.901000,162.652454,21.758157
2.901000,161.700822,21.758157
2.901500,162.643433,21.758157
2.901500,161.701353,21.758157
2.901500,162.598425,21.758157
2.901500,161.670981,21.758157
2.901500,162.593337,21.758157
2.901500,161.671512,21.758157
2.902000,162.594356,21.758157
2.902000,161.684045,21.758157
2.902000,162.590323,21.758157
2.902000,161.684576,21.758157
2.902500,162.532224,21.758157
2.902500,161.639337,21.758157
2.902500,162.528972,21.758157
2.902500,161.639868,21.758157
2.903000,162.442279,21.758157
2.903000,161.563974,21.758157
2.903000,162.439433,21.758157
2.903000,161.564504,21.758157
2.903000,162.439836,21.758157
2.903000,161.565034,21.758157
2.903500,162.458538,21.758157
2.903500,161.597865,21.758157
2.903500,162.458942,21.758157
2.903500,161.598394,21.758157
2.904000,162.314733,21.758157
2.904000,161.460749,21.758157
2.904000,162.308612,21.758157
2.904000,161.461278,21.758157
2.904000,162.130756,21.758157
2.904000,161.290273,21.758157
2.904500,162.123635,21.758157
2.904500,161.290802,21.758157
2.904500,162.053416,21.758157
2.904500,161.230783,21.758157
2.905000,162.049181,21.758157
2.905000,161.231312,21.758157
2.905000,162.010825,21.758157
2.905000,161.206528,21.758157
2.905500,162.011771,21.758157
2.905500,161.207056,21.758157
2.905500,162.065994,21.758157
2.905500,161.277889,21.758157
2.905500,162.068058,21.758157
2.905500,161.278417,21.758157
2.906000,162.068471,21.758157
2.906000,161.278944,21.758157
2.906000,162.222819,21.758157
2.906000,161.442083,21.758157
2.906500,162.223233,21.758157
2.906500,161.442610,21.758157
2.906500,162.350768,21.758157
2.906500,161.584717,21.758157
2.907000,162.358416,21.758157
2.907000,161.585244,21.758157
2.907000,162.444801,21.758157
2.907000,161.684220,21.758157
2.907000,162.461735,21.758157
2.907000,161.684747,21.758157
2.907500,162.484862,21.758157
2.907500,161.719645,21.758157
2.907500,162.503738,21.758157
2.907500,161.720172,21.758157
2.908000,162.447827,21.758157
2.908000,161.674694,21.758157
2.908000,168.189320,21.758157
2.908000,161.675220,21.758157
2.908000,168.076681,21.758157
2.908000,161.554452,21.758157
2.908500,168.068990,21.758157
2.908500,161.554978,21.758157
2.908500,167.936992,21.758157
2.908500,161.413096,21.758157
2.909000,167.934420,21.758157
2.909000,161.413622,21.758157
2.909000,167.812726,21.758157
2.909000,161.278816,21.758157
2.909500,167.811786,21.758157
2.909500,161.279341,21.758157
2.909500,167.811369,21.758157
2.909500,161.279866,21.758157
2.909500,167.806631,21.758157
2.909500,161.258004,21.758157
2.940000,167.805379,21.767309
2.940000,161.258529,21.767309
2.940000,167.897214,21.767309
2.940000,161.333252,21.767309
2.940500,167.895893,21.767309
2.940500,161.333777,21.767309
2.940500,167.943005,21.767309
2.940500,161.364643,21.767309
2.941000,167.943172,21.767309
2.941000,161.365167,21.767309
2.941000,167.938266,21.767309
2.941000,161.345879,21.767309
2.941000,167.938181,21.767309
2.941000,161.346403,21.767309
2.941500,167.866091,21.767309
2.941500,161.261706,21.767309
2.941500,167.864739,21.767309
2.941500,161.262229,21.767309
2.942000,167.616517,21.767309
2.942000,161.005046,21.767309
2.942000,167.615622,21.767309
2.942000,161.005569,21.767309
2.942500,167.615193,21.767309
2.942500,161.006092,21.767309
2.942500,167.384457,21.767309
2.942500,160.765180,21.767309
2.942500,167.159782,21.767309
2.942500,160.527398,21.767309
2.943000,167.159350,21.767309
2.943000,160.527920,21.767309
2.943000,167.164440,21.767309
2.943000,160.528442,21.767309
2.943500,166.886834,21.767309
2.943500,160.240040,21.767309
2.943500,166.892589,21.767309
2.943500,160.240562,21.767309
2.943500,166.662878,21.767309
2.943500,159.999006,21.767309
2.944000,160.586371,21.767309
2.944000,159.999527,21.767309
2.944000,160.358478,21.767309
2.944000,159.787078,21.767309
2.944500,160.356203,21.767309
2.944500,159.787599,21.767309
2.944500,160.134158,21.767309
2.944500,159.580047,21.767309
2.945000,160.133155,21.767309
2.945000,159.580567,21.767309
2.945000,159.883306,21.767309
2.945000,159.343547,21.767309
2.945000,159.882758,21.767309
2.945000,159.344066,21.767309
2.945500,159.545568,21.767309
2.945500,159.018116,21.767309
2.945500,159.546011,21.767309
2.945500,159.018635,21.767309
2.946000,159.181325,21.767309
2.946000,158.666560,21.767309
2.946000,159.181769,21.767309
2.946000,158.667079,21.767309
2.946500,159.180593,21.767309
2.946500,158.667597,21.767309
2.946500,158.869416,21.767309
2.946500,158.367316,21.767309
2.946500,158.868435,21.767309
2.946500,158.367834,21.767309
2.947000,158.563624,21.767309
2.947000,158.072692,21.767309
2.947000,158.564158,21.767309
2.947000,158.073210,21.767309
2.947500,158.242481,21.767309
2.947500,157.761224,21.767309
2.947500,158.241022,21.767309
2.947500,157.761741,21.767309
2.947500,157.931095,21.767309
2.947500,157.461873,21.767309
2.948000,157.928952,21.767309
2.948000,157.462389,21.767309
2.948000,157.615961,21.767309
2.948000,157.159195,21.767309
2.948500,157.616411,21.767309
2.948500,157.159711,21.767309
2.948500,157.293007,21.767309
2.948500,156.847950,21.767309
2.949000,157.293458,21.767309
2.949000,156.848465,21.767309
2.949000,157.291365,21.767309
2.949000,156.848980,21.767309
2.949000,156.957114,21.767309
2.949000,156.523564,21.767309
2.949500,156.954628,21.767309
2.949500,156.524079,21.767309
2.949500,156.606431,21.767309
2.949500,156.183589,21.767309
2.950000,156.605003,21.767309
2.950000,156.184103,21.767309
2.950000,156.259451,21.767309
2.950000,155.845203,21.767309
2.950500,156.259489,21.767309
2.950500,155.845716,21.767309
2.950500,155.942726,21.767309
2.950500,155.534938,21.767309
2.950500,155.943254,21.767309
2.950500,155.535451,21.767309
2.951000,155.641678,21.767309
2.951000,155.239735,21.767309
2.951000,155.642146,21.767309
2.951000,155.240248,21.767309
2.951500,155.368716,21.767309
2.951500,154.972763,21.767309
2.951500,155.369171,21.767309
2.951500,154.973275,21.767309
2.951500,155.147552,21.767309
2.951500,154.757777,21.767309
2.952000,155.148007,21.767309
2.952000,154.758288,21.767309
2.952000,154.942392,21.767309
2.952000,154.558702,21.767309
2.952500,154.942848,21.767309
2.952500,154.559213,21.767309
2.952500,154.942848,21.767309
2.952500,154.559724,21.767309
2.953000,154.774697,21.767309
2.953000,154.396782,21.767309
2.953000,154.774417,21.767309
2.953000,154.397292,21.767309
2.953000,154.603790,21.767309
2.953000,154.231083,21.767309
2.953500,154.604197,21.767309
2.953500,154.231593,21.767309
2.953500,154.392080,21.767309
2.953500,154.023124,21.767309
2.954000,154.393859,21.767309
2.954000,154.023633,21.767309
2.954000,154.176900,21.767309
2.954000,153.809593,21.767309
2.954500,154.177356,21.767309
2.954500,153.810102,21.767309
2.954500,153.967503,21.767309
2.954500,153.601117,21.767309
2.954500,153.967959,21.767309
2.954500,153.601625,21.767309
2.955000,153.729607,21.767309
2.955000,153.365427,21.767309
2.955000,153.730063,21.767309
2.955000,153.365935,21.767309
2.955500,153.729457,21.767309
2.955500,153.366443,21.767309
2.955500,153.483487,21.767309
2.955500,153.123354,21.767309
2.955500,153.481542,21.767309
2.955500,153.123861,21.767309
2.956000,153.242313,21.767309
2.956000,152.886857,21.767309
2.956000,153.240769,21.767309
2.956000,152.887364,21.767309
2.956500,153.058861,21.767309
2.956500,152.707279,21.767309
2.956500,153.058119,21.767309
2.956500,152.707785,21.767309
2.957000,152.969806,21.767309
2.957000,152.621638,21.767309
2.957000,152.969936,21.767309
2.957000,152.622144,21.767309
2.957000,152.941075,21.767309
2.957000,152.595897,21.767309
2.957500,152.941531,21.767309
2.957500,152.596403,21.767309
2.957500,152.928642,21.767309
2.957500,152.585358,21.767309
2.958000,152.929098,21.767309
2.958000,152.585863,21.767309
2.958000,152.946123,21.767309
2.958000,152.603802,21.767309
2.958500,152.946579,21.767309
2.958500,152.604307,21.767309
2.958500,152.978102,21.767309
2.958500,152.635568,21.767309
2.958500,152.978557,21.767309
2.958500,152.636073,21.767309
2.959000,152.980187,21.767309
2.959000,152.636578,21.767309
2.959000,152.980642,21.767309
2.959000,152.637082,21.767309
2.959500,152.982657,21.767309
2.959500,152.637587,21.767309
2.959500,152.943666,21.767309
2.959500,152.598253,21.767309
2.960000,152.945278,21.767309
2.960000,152.598757,21.767309
2.960000,152.894983,21.767309
2.960000,152.547561,21.767309
2.960000,152.895437,21.767309
2.960000,152.548065,21.767309
2.960500,152.873168,21.767309
2.960500,152.524213,21.767309
2.960500,152.873622,21.767309
2.960500,152.524717,21.767309
2.961000,152.912742,21.767309
2.961000,152.562917,21.767309
2.961000,152.913195,21.767309
2.961000,152.563420,21.767309
2.961000,152.985038,21.767309
2.961000,152.635962,21.767309
2.961500,152.985491,21.767309
2.961500,152.636465,21.767309
2.961500,153.077753,21.767309
2.961500,152.729773,21.767309
2.962000,153.078206,21.767309
2.962000,152.730276,21.767309
2.962000,153.179373,21.767309
2.962000,152.832415,21.767309
2.962500,153.179826,21.767309
2.962500,152.832918,21.767309
2.962500,153.179674,21.767309
2.962500,152.833420,21.767309
2.962500,153.280032,21.767309
2.962500,152.933678,21.767309
2.979000,153.280258,21.765108
2.979000,152.934180,21.765108
2.979000,153.372214,21.765108
2.979000,153.025793,21.765108
2.979500,153.372667,21.765108
2.979500,153.026295,21.765108
2.979500,153.468316,21.765108
2.979500,153.121303,21.765108
2.980000,153.468768,21.765108
2.980000,153.121805,21.765108
2.980000,153.591019,21.765108
2.980000,153.242909,21.765108
2.980000,153.591471,21.765108
2.980000,153.243411,21.765108
2.980500,153.705898,21.765108
2.980500,153.355916,21.765108
2.980500,153.706349,21.765108
2.980500,153.356418,21.765108
2.981000,153.811806,21.765108
2.981000,153.459326,21.765108
2.981000,153.812257,21.765108
2.981000,153.459828,21.765108
2.981000,153.813658,21.765108
2.981000,153.460329,21.765108
2.981500,153.931198,21.765108
2.981500,153.576122,21.765108
2.981500,153.932432,21.765108
2.981500,153.576623,21.765108
2.982000,154.072171,21.765108
2.982000,153.714649,21.765108
2.982000,154.072620,21.765108
2.982000,153.715150,21.765108
2.982500,154.224982,21.765108
2.982500,153.865164,21.765108
2.982500,154.225432,21.765108
2.982500,153.865664,21.765108
2.982500,154.419276,21.765108
2.982500,154.057067,21.765108
2.983000,154.419725,21.765108
2.983000,154.057568,21.765108
2.983000,154.658575,21.765108
2.983000,154.293397,21.765108
2.983500,154.659023,21.765108
2.983500,154.293897,21.765108
2.983500,154.912122,21.765108
2.983500,154.542972,21.765108
2.984000,154.912569,21.765108
2.984000,154.543473,21.765108
2.984000,155.169598,21.765108
2.984000,154.795739,21.765108
2.984000,155.170045,21.765108
2.984000,154.796240,21.765108
2.984500,155.434280,21.765108
2.984500,155.055201,21.765108
2.984500,155.434726,21.765108
2.984500,155.055701,21.765108
2.985000,155.439080,21.765108
2.985000,155.056201,21.765108
2.985000,155.691093,21.765108
2.985000,155.306033,21.765108
2.985500,155.691538,21.765108
2.985500,155.306533,21.765108
2.985500,155.914771,21.765108
2.985500,155.523533,21.765108
2.985500,155.915215,21.765108
2.985500,155.524033,21.765108
2.986000,156.138826,21.765108
2.986000,155.741531,21.765108
2.986000,156.139269,21.765108
2.986000,155.742031,21.765108
2.986500,156.356885,21.765108
2.986500,155.952986,21.765108
2.986500,156.357328,21.765108
2.986500,155.953486,21.765108
2.986500,156.549981,21.765108
2.986500,156.139078,21.765108
2.987000,156.550422,21.765108
2.987000,156.139578,21.765108
2.987000,156.783346,21.765108
2.987000,156.365663,21.765108
2.987500,156.783786,21.765108
2.987500,156.366163,21.765108
2.987500,157.009922,21.765108
2.987500,156.584678,21.765108
2.988000,157.010361,21.765108
2.988000,156.585178,21.765108
2.988000,157.010800,21.765108
2.988000,156.585677,21.765108
2.988000,157.232693,21.765108
2.988000,156.799451,21.765108
2.988500,157.233130,21.765108
2.988500,156.799950,21.765108
2.988500,157.473203,21.765108
2.988500,157.031516,21.765108
2.989000,157.473639,21.765108
2.989000,157.032015,21.765108
2.989000,157.727766,21.765108
2.989000,157.276770,21.765108
2.989500,157.728201,21.765108
2.989500,157.277269,21.765108
2.989500,158.029597,21.765108
2.989500,157.569005,21.765108
2.989500,158.030031,21.765108
2.989500,157.569504,21.765108
2.996000,158.346517,21.776825
2.996000,157.876143,21.776825
2.996000,158.346949,21.776825
2.996000,157.876642,21.776825
2.996500,158.641530,21.776825
2.996500,158.161323,21.776825
2.996500,158.641961,21.776825
2.996500,158.161822,21.776825
2.996500,158.909368,21.776825
2.996500,158.419407,21.776825
2.997000,158.909798,21.776825
2.997000,158.419906,21.776825
2.997000,158.910227,21.776825
2.997000,158.420404,21.776825
2.997500,159.157416,21.776825
2.997500,158.658262,21.776825
2.997500,159.157844,21.776825
2.997500,158.658761,21.776825
2.998000,159.424857,21.776825
2.998000,158.917227,21.776825
2.998000,159.425283,21.776825
2.998000,158.917725,21.776825
2.998000,159.706668,21.776825
2.998000,159.190617,21.776825
2.998500,159.707094,21.776825
2.998500,159.191115,21.776825
2.998500,159.991543,21.776825
2.998500,159.466570,21.776825
2.999000,159.991967,21.776825
2.999000,159.467068,21.776825
2.999000,160.239343,21.776825
2.999000,159.705121,21.776825
3.007500,161.623474,21.802884
3.007500,161.045150,21.802884
3.007500,161.623889,21.802884
3.007500,161.045647,21.802884
3.007500,161.814839,21.802884
3.007500,161.229681,21.802884
3.008000,161.815254,21.802884
3.008000,161.230178,21.802884
3.008000,161.978053,21.802884
3.008000,161.385930,21.802884
3.008500,161.978466,21.802884
3.008500,161.386427,21.802884
3.008500,162.118517,21.802884
3.008500,161.515405,21.802884
3.009000,162.114524,21.802884
3.009000,161.515902,21.802884
3.009000,162.114936,21.802884
3.009000,161.516398,21.802884
3.009000,162.222263,21.802884
3.009000,161.616116,21.802884
3.009500,162.222674,21.802884
3.009500,161.616612,21.802884
3.009500,162.330617,21.802884
3.009500,161.714889,21.802884
3.010000,162.331026,21.802884
3.010000,161.715385,21.802884
3.010000,162.456684,21.802884
3.010000,161.831381,21.802884
3.010000,162.457092,21.802884
3.010000,161.831876,21.802884
3.010500,162.603999,21.802884
3.010500,161.970469,21.802884
3.010500,162.604405,21.802884
3.010500,161.970965,21.802884
3.011000,162.761887,21.802884
3.011000,162.120532,21.802884
3.011000,162.762292,21.802884
3.011000,162.121027,21.802884
3.011500,162.893211,21.802884
3.011500,162.239881,21.802884
3.011500,162.891190,21.802884
3.011500,162.240376,21.802884
3.011500,162.891593,21.802884
3.011500,162.240870,21.802884
3.012000,162.963249,21.802884
3.012000,162.299866,21.802884
3.012000,163.013368,21.802884
3.012000,162.336384,21.802884
3.012500,163.013553,21.802884
3.012500,162.336879,21.802884
3.012500,163.013953,21.802884
3.012500,162.337373,21.802884
3.019000,163.040587,21.805285
3.019000,162.350876,21.805285
3.019000,163.040984,21.805285
3.019000,162.351370,21.805285
3.019000,163.042206,21.805285
3.019000,162.341816,21.805285
3.019500,163.042601,21.805285
3.019500,162.342309,21.805285
3.019500,163.043784,21.805285
3.019500,162.335489,21.805285
3.020000,163.044178,21.805285
3.020000,162.335983,21.805285
3.020000,163.087282,21.805285
3.020000,162.369562,21.805285
3.020500,163.087674,21.805285
3.020500,162.370055,21.805285
3.020500,163.126750,21.805285
3.020500,162.395592,21.805285
3.020500,163.120365,21.805285
3.020500,162.396085,21.805285
3.021000,163.134110,21.805285
3.021000,162.396683,21.805285
3.021000,163.124553,21.805285
3.021000,162.397175,21.805285
3.021500,163.124944,21.805285
3.021500,162.397668,21.805285
3.021500,163.117395,21.805285
3.021500,162.390140,21.805285
3.021500,163.117786,21.805285
3.021500,162.390633,21.805285
3.022000,163.122624,21.805285
3.022000,162.393486,21.805285
3.022000,163.123014,21.805285
3.022000,162.393978,21.805285
3.022500,163.127969,21.805285
3.022500,162.390653,21.805285
3.022500,163.128357,21.805285
3.022500,162.391144,21.805285
3.023000,163.127304,21.805285
3.023000,162.377895,21.805285
3.023000,163.127707,21.805285
3.023000,162.378387,21.805285
3.023000,163.104840,21.805285
3.023000,162.344067,21.805285
3.023500,163.103349,21.805285
3.023500,162.344558,21.805285
3.023500,163.064788,21.805285
3.023500,162.295978,21.805285
3.024000,163.063483,21.805285
3.024000,162.296469,21.805285
3.024000,163.011496,21.805285
3.024000,162.235704,21.805285
3.024500,163.010339,21.805285
3.024500,162.236195,21.805285
3.024500,162.950584,21.805285
3.024500,162.169217,21.805285
3.024500,162.950532,21.805285
3.024500,162.169707,21.805285
3.025000,162.950913,21.805285
3.025000,162.170198,21.805285
3.025000,162.907350,21.805285
3.025000,162.120430,21.805285
3.025500,162.907730,21.805285
3.025500,162.120920,21.805285
3.025500,162.882411,21.805285
3.025500,162.088433,21.805285
3.025500,162.882790,21.805285
3.025500,162.088922,21.805285
3.026000,162.848191,21.805285
3.026000,162.046052,21.805285
3.026000,162.848568,21.805285
3.026000,162.046542,21.805285
3.026500,162.806981,21.805285
3.026500,161.997140,21.805285
3.026500,162.809555,21.805285
3.026500,161.997629,21.805285
3.027000,162.781164,21.805285
3.027000,161.962296,21.805285
3.027000,162.785304,21.805285
3.027000,161.962785,21.805285
3.027000,162.793555,21.805285
3.027000,161.961821,21.805285
3.027500,162.798118,21.805285
3.027500,161.962310,21.805285
3.027500,162.798490,21.805285
3.027500,161.962798,21.805285
3.028000,162.819320,21.805285
3.028000,161.970426,21.805285
3.028000,162.819690,21.805285
3.028000,161.970914,21.805285
3.028500,162.814119,21.805285
3.028500,161.951640,21.805285
3.028500,162.814486,21.805285
3.028500,161.952128,21.805285
3.028500,162.802596,21.805285
3.028500,161.926918,21.805285
3.042500,162.802962,21.804254
3.042500,161.927406,21.804254
3.042500,162.763836,21.804254
3.042500,161.877372,21.804254
3.043000,162.764200,21.804254
3.043000,161.877859,21.804254
3.043000,162.733019,21.804254
3.043000,161.840220,21.804254
3.043500,162.738869,21.804254
3.043500,161.840707,21.804254
3.043500,162.743999,21.804254
3.043500,161.835913,21.804254
3.043500,162.750248,21.804254
3.043500,161.836400,21.804254
3.044000,162.766786,21.804254
3.044000,161.841503,21.804254
3.044000,162.773367,21.804254
3.044000,161.841990,21.804254
3.044500,162.773723,21.804254
3.044500,161.842476,21.804254
3.044500,162.774333,21.804254
3.044500,161.827505,21.804254
3.044500,162.774687,21.804254
3.044500,161.827991,21.804254
3.045000,162.790863,21.804254
3.045000,161.828250,21.804254
3.045000,162.791214,21.804254
3.045000,161.828736,21.804254
3.045500,162.830259,21.804254
3.045500,161.849839,21.804254
3.045500,162.830608,21.804254
3.045500,161.850325,21.804254
3.046000,162.874822,21.804254
3.046000,161.886108,21.804254
3.046000,162.886451,21.804254
3.046000,161.886593,21.804254
3.046000,162.985233,21.804254
3.046000,161.973235,21.804254
3.046500,162.997159,21.804254
3.046500,161.973720,21.804254
3.046500,163.120726,21.804254
3.046500,162.084320,21.804254
3.047000,163.130873,21.804254
3.047000,162.084805,21.804254
3.047000,163.265253,21.804254
3.047000,162.205607,21.804254
3.047500,163.273696,21.804254
3.047500,162.206092,21.804254
3.047500,163.393559,21.804254
3.047500,162.312231,21.804254
3.047500,163.400321,21.804254
3.047500,162.312715,21.804254
3.048000,163.400654,21.804254
3.048000,162.313199,21.804254
3.048000,163.457514,21.804254
3.048000,162.356912,21.804254
3.048500,163.457845,21.804254
3.048500,162.357396,21.804254
3.048500,163.496480,21.804254
3.048500,162.386893,21.804254
3.048500,168.274202,21.804254
3.048500,162.387376,21.804254
3.049000,168.302444,21.804254
3.049000,162.424392,21.804254
3.049000,168.296447,21.804254
3.049000,162.424875,21.804254
3.049500,168.311694,21.804254
3.049500,162.448768,21.804254
3.049500,168.307007,21.804254
3.049500,162.449251,21.804254
3.050000,168.351973,21.804254
3.050000,162.502606,21.804254
3.050000,168.346339,21.804254
3.050000,162.503089,21.804254
3.050000,168.405762,21.804254
3.050000,162.570916,21.804254
3.050500,168.401524,21.804254
3.050500,162.571398,21.804254
3.050500,168.464403,21.804254
3.050500,162.641861,21.804254
3.051000,168.460530,21.804254
3.051000,162.642344,21.804254
3.051000,168.573697,21.804254
3.051000,162.765721,21.804254
3.056000,168.570171,21.812235
3.056000,162.766203,21.812235
3.056000,168.569851,21.812235
3.056000,162.766685,21.812235
3.056000,168.677868,21.812235
3.056000,162.884526,21.812235
3.056500,168.674594,21.812235
3.056500,162.885008,21.812235
3.056500,168.755143,21.812235
3.056500,162.974992,21.812235
3.057000,168.751978,21.812235
3.057000,162.975474,21.812235
3.057000,168.776098,21.812235
3.057000,163.005473,21.812235
3.057000,168.773392,21.812235
3.057000,163.005955,21.812235
3.057500,168.787936,21.812235
3.057500,163.025867,21.812235
3.057500,168.785600,21.812235
3.057500,163.026348,21.812235
3.058000,168.793639,21.812235
3.058000,163.039114,21.812235
3.058000,168.791759,21.812235
3.058000,163.039595,21.812235
3.058500,168.791447,21.812235
3.058500,163.040075,21.812235
3.058500,168.846013,21.812235
3.058500,163.103456,21.812235
3.058500,168.902538,21.812235
3.058500,163.167433,21.812235
3.059000,168.901545,21.812235
3.059000,163.167913,21.812235
3.059000,168.901235,21.812235
3.059000,163.168393,21.812235
3.059500,168.948358,21.812235
3.059500,163.222446,21.812235
3.059500,168.947522,21.812235
3.059500,163.222926,21.812235
3.060000,168.988077,21.812235
3.060000,163.269678,21.812235
3.060000,168.987347,21.812235
3.060000,163.270158,21.812235
3.060000,168.972920,21.812235
3.060000,163.257799,21.812235
3.060500,168.972559,21.812235
3.060500,163.258279,21.812235
3.060500,168.959975,21.812235
3.060500,163.247292,21.812235
3.061000,168.959438,21.812235
3.061000,163.247771,21.812235
3.061000,168.947702,21.812235
3.061000,163.237380,21.812235
3.061000,168.946962,21.812235
3.061000,163.237859,21.812235
3.061500,168.948069,21.812235
3.061500,163.239610,21.812235
3.061500,168.947002,21.812235
3.061500,163.240089,21.812235
3.062000,168.944839,21.812235
3.062000,163.237804,21.812235
3.062000,168.944532,21.812235
3.062000,163.238283,21.812235
3.062500,168.943251,21.812235
3.062500,163.238761,21.812235
3.062500,168.928269,21.812235
3.062500,163.222917,21.812235
3.062500,168.926843,21.812235
3.062500,163.223396,21.812235
3.063000,168.902175,21.812235
3.063000,163.196881,21.812235
3.063000,168.901522,21.812235
3.063000,163.197359,21.812235
3.063500,168.865144,21.812235
3.063500,163.158479,21.812235
3.063500,168.864949,21.812235
3.063500,163.158957,21.812235
3.064000,168.833008,21.812235
3.064000,163.123637,21.812235
3.064000,168.833297,21.812235
3.064000,163.124114,21.812235
3.064000,168.799383,21.812235
3.064000,163.085920,21.812235
3.064500,168.800454,21.812235
3.064500,163.086397,21.812235
3.064500,168.775485,21.812235
3.064500,163.056616,21.812235
3.065000,168.777628,21.812235
3.065000,163.057093,21.812235
3.065000,168.761227,21.812235
3.065000,163.035415,21.812235
3.065500,168.760917,21.812235
3.065500,163.035891,21.812235
3.065500,168.763981,21.812235
3.065500,163.036368,21.812235
3.065500,168.761148,21.812235
3.065500,163.027444,21.812235
3.066000,168.765219,21.812235
3.066000,163.027920,21.812235
3.066000,168.768747,21.812235
3.066000,163.024669,21.812235
3.066500,168.773218,21.812235
3.066500,163.025145,21.812235
3.066500,168.773122,21.812235
3.066500,163.017619,21.812235
3.066500,168.777553,21.812235
3.066500,163.018094,21.812235
3.067000,168.771453,21.812235
3.067000,163.003646,21.812235
3.067000,168.777281,21.812235
3.067000,163.004121,21.812235
3.086500,168.893575,21.813310
3.086500,163.110691,21.813310
3.086500,168.900451,21.813310
3.086500,163.111166,21.813310
3.087000,169.037282,21.813310
3.087000,163.237860,21.813310
3.087000,169.036962,21.813310
3.087000,163.238335,21.813310
3.087000,169.045962,21.813310
3.087000,163.238810,21.813310
3.087500,169.058178,21.813310
3.087500,163.241782,21.813310
3.087500,169.068373,21.813310
3.087500,163.242256,21.813310
3.088000,169.074147,21.813310
3.088000,163.238313,21.813310
3.088000,169.084625,21.813310
3.088000,163.238787,21.813310
3.088500,169.145438,21.813310
3.088500,163.292638,21.813310
3.088500,169.154997,21.813310
3.088500,163.293112,21.813310
3.088500,169.218276,21.813310
3.088500,163.348641,21.813310
3.089000,164.400979,21.813310
3.089000,163.349114,21.813310
3.089000,164.461009,21.813310
3.089000,163.417725,21.813310
3.089500,164.453040,21.813310
3.089500,163.418198,21.813310
3.089500,164.473875,21.813310
3.089500,163.450249,21.813310
3.089500,164.467676,21.813310
3.089500,163.450722,21.813310
3.090000,164.478476,21.813310
3.090000,163.472194,21.813310
3.090000,164.478811,21.813310
3.090000,163.472667,21.813310
3.090500,164.500031,21.813310
3.090500,163.510556,21.813310
3.090500,164.500368,21.813310
3.090500,163.511029,21.813310
3.091000,164.491190,21.813310
3.091000,163.511502,21.813310
3.091000,164.520250,21.813310
3.091000,163.549591,21.813310
3.091000,164.508804,21.813310
3.091000,163.550064,21.813310
3.091500,164.539443,21.813310
3.091500,163.590070,21.813310
3.091500,164.527756,21.813310
3.091500,163.590542,21.813310
3.092000,164.559170,21.813310
3.092000,163.628941,21.813310
3.092000,164.547183,21.813310
3.092000,163.629412,21.813310
3.092500,164.543194,21.813310
3.092500,163.633914,21.813310
3.092500,164.533976,21.813310
3.092500,163.634386,21.813310
3.092500,164.488359,21.813310
3.092500,163.601778,21.813310
3.093000,164.488709,21.813310
3.093000,163.602249,21.813310
3.093000,164.512334,21.813310
3.093000,163.644147,21.813310
3.093500,164.512686,21.813310
3.093500,163.644618,21.813310
3.093500,164.508747,21.813310
3.093500,163.645089,21.813310
3.094000,164.627708,21.813310
3.094000,163.778039,21.813310
3.094000,164.753541,21.813310
3.094000,163.918257,21.813310
3.094000,164.753897,21.813310
3.094000,163.918728,21.813310
3.094500,164.753527,21.813310
3.094500,163.919198,21.813310
3.094500,164.874735,21.813310
3.094500,164.051288,21.813310
3.095000,164.873468,21.813310
3.095000,164.051758,21.813310
3.095000,164.979195,21.813310
3.095000,164.166504,21.813310
3.095000,164.975434,21.813310
3.095000,164.166975,21.813310
3.095500,165.053093,21.813310
3.095500,164.252948,21.813310
3.095500,165.048755,21.813310
3.095500,164.253418,21.813310
3.096000,165.098967,21.813310
3.096000,164.313255,21.813310
3.096000,165.099329,21.813310
3.096000,164.313725,21.813310
3.096500,165.154987,21.813310
3.096500,164.383535,21.813310
3.096500,165.155351,21.813310
3.096500,164.384004,21.813310
3.096500,165.240937,21.813310
3.096500,164.481760,21.813310
3.097000,165.241302,21.813310
3.097000,164.482230,21.813310
3.097000,165.362452,21.813310
3.097000,164.616602,21.813310
3.097500,165.362820,21.813310
3.097500,164.617071,21.813310
3.097500,165.365563,21.813310
3.097500,164.617540,21.813310
3.098000,165.478220,21.813310
3.098000,164.742774,21.813310
3.098000,165.484098,21.813310
3.098000,164.743243,21.813310
3.098000,165.598759,21.813310
3.098000,164.869129,21.813310
3.103000,165.604908,21.808016
3.103000,164.869597,21.808016
3.103000,165.656854,21.808016
3.103000,164.930322,21.808016
3.103500,165.657224,21.808016
3.103500,164.930790,21.808016
3.103500,165.686001,21.808016
3.103500,164.963542,21.808016
3.103500,165.686370,21.808016
3.103500,164.964010,21.808016
3.104000,165.703762,21.808016
3.104000,164.974724,21.808016
3.104000,165.704130,21.808016
3.104000,164.975192,21.808016
3.104500,171.151381,21.808016
3.104500,164.993000,21.808016
3.104500,171.151012,21.808016
3.104500,164.993468,21.808016
3.105000,171.117712,21.808016
3.105000,164.955390,21.808016
3.105000,171.117342,21.808016
3.105000,164.955857,21.808016
3.105000,165.683982,21.808016
3.105000,164.956324,21.808016
3.105500,165.645428,21.808016
3.105500,164.929074,21.808016
3.105500,165.649728,21.808016
3.105500,164.929541,21.808016
3.106000,165.663402,21.808016
3.106000,164.956066,21.808016
3.106000,165.668292,21.808016
3.106000,164.956533,21.808016
3.106500,165.759283,21.808016
3.106500,165.057942,21.808016
3.106500,165.759654,21.808016
3.106500,165.058408,21.808016
3.106500,165.820168,21.808016
3.106500,165.124656,21.808016
3.107000,165.820540,21.808016
3.107000,165.125122,21.808016
3.107000,165.858055,21.808016
3.107000,165.166115,21.808016
3.107500,165.858427,21.808016
3.107500,165.166581,21.808016
3.107500,171.357365,21.808016
3.107500,165.170981,21.808016
3.107500,171.356992,21.808016
3.107500,165.171447,21.808016
3.108000,171.319606,21.808016
3.108000,165.130650,21.808016
3.108000,171.319232,21.808016
3.108000,165.131115,21.808016
3.108500,171.317414,21.808016
3.108500,165.131581,21.808016
3.108500,171.232014,21.808016
3.108500,165.039690,21.808016
3.109000,171.230086,21.808016
3.109000,165.040155,21.808016
3.109000,171.166712,21.808016
3.109000,164.970235,21.808016
3.109000,171.166338,21.808016
3.109000,164.970700,21.808016
3.109500,171.091602,21.808016
3.109500,164.889677,21.808016
3.109500,171.091227,21.808016
3.109500,164.890141,21.808016
3.110000,170.969492,21.808016
3.110000,164.761871,21.808016
3.110000,170.969116,21.808016
3.110000,164.762335,21.808016
3.110500,170.859621,21.808016
3.110500,164.644941,21.808016
3.110500,170.859244,21.808016
3.110500,164.645405,21.808016
3.110500,170.753289,21.808016
3.110500,164.531570,21.808016
3.123000,170.752910,21.813238
3.123000,164.532034,21.813238
3.123000,170.750804,21.813238
3.123000,164.532497,21.813238
3.123500,170.713005,21.813238
3.123500,164.484944,21.813238
3.123500,170.710526,21.813238
3.123500,164.485408,21.813238
3.123500,170.664113,21.813238
3.123500,164.429244,21.813238
3.124000,170.662359,21.813238
3.124000,164.429707,21.813238
3.124000,170.532649,21.813238
3.124000,164.292071,21.813238
3.124500,170.532268,21.813238
3.124500,164.292534,21.813238
3.124500,170.367917,21.813238
3.124500,164.120362,21.813238
3.125000,170.367535,21.813238
3.125000,164.120824,21.813238
3.125000,170.194016,21.813238
3.125000,163.938528,21.813238
3.125000,170.193632,21.813238
3.125000,163.938990,21.813238
3.125500,170.030532,21.813238
3.125500,163.766054,21.813238
3.125500,170.030147,21.813238
3.125500,163.766516,21.813238
3.126000,169.862576,21.813238
3.126000,163.588950,21.813238
3.126000,169.862190,21.813238
3.126000,163.589411,21.813238
3.126500,169.863479,21.813238
3.126500,163.589873,21.813238
3.126500,169.679065,21.813238
3.126500,163.397190,21.813238
3.126500,169.679246,21.813238
3.126500,163.397651,21.813238
3.127000,169.540772,21.813238
3.127000,163.250372,21.813238
3.127000,169.540384,21.813238
3.127000,163.250833,21.813238
3.127500,169.445806,21.813238
3.127500,163.147591,21.813238
3.127500,169.445417,21.813238
3.127500,163.148051,21.813238
3.128000,169.335723,21.813238
3.128000,163.031407,21.813238
3.128000,169.335333,21.813238
3.128000,163.031867,21.813238
3.128000,169.170290,21.813238
3.128000,162.860268,21.813238
3.128500,169.169899,21.813238
3.128500,162.860727,21.813238
3.128500,168.971994,21.813238
3.128500,162.655571,21.813238
3.129000,168.971602,21.813238
3.129000,162.656030,21.813238
3.129000,168.747913,21.813238
3.129000,162.424986,21.813238
3.129000,168.747520,21.813238
3.129000,162.425445,21.813238
3.129500,168.534450,21.813238
3.129500,162.204590,21.813238
3.129500,168.534055,21.813238
3.129500,162.205049,21.813238
3.130000,168.535317,21.813238
3.130000,162.205507,21.813238
3.130000,168.324103,21.813238
3.130000,161.987640,21.813238
3.130500,168.323708,21.813238
3.130500,161.988098,21.813238
3.130500,168.115607,21.813238
3.130500,161.771228,21.813238
3.130500,168.115211,21.813238
3.130500,161.771686,21.813238
3.131000,167.920254,21.813238
3.131000,161.567857,21.813238
3.131000,167.919856,21.813238
3.131000,161.568315,21.813238
3.131500,161.829434,21.813238
3.131500,161.392722,21.813238
3.131500,161.829832,21.813238
3.131500,161.393179,21.813238
3.132000,161.671369,21.813238
3.132000,161.246329,21.813238
3.132000,161.671769,21.813238
3.132000,161.246786,21.813238
3.132000,161.517938,21.813238
3.132000,161.104857,21.813238
3.132500,161.518339,21.813238
3.132500,161.105313,21.813238
3.132500,161.516173,21.813238
3.132500,161.105769,21.813238
3.133000,161.345267,21.813238
3.133000,160.945069,21.813238
3.133000,161.150985,21.813238
3.133000,160.760552,21.813238
3.133000,161.147581,21.813238
3.133000,160.761008,21.813238
3.142500,161.147984,21.823229
3.142500,160.761463,21.823229
3.142500,160.921172,21.823229
3.142500,160.547982,21.823229
3.143000,160.921576,21.823229
3.143000,160.548437,21.823229
3.143000,160.670052,21.823229
3.143000,160.309092,21.823229
3.143500,160.670459,21.823229
3.143500,160.309547,21.823229
3.143500,160.419110,21.823229
3.143500,160.068095,21.823229
3.143500,160.419517,21.823229
3.143500,160.068549,21.823229
3.144000,160.173572,21.823229
3.144000,159.829480,21.823229
3.144000,160.173980,21.823229
3.144000,159.829934,21.823229
3.144500,159.892678,21.823229
3.144500,159.554762,21.823229
3.144500,159.893086,21.823229
3.144500,159.555215,21.823229
3.145000,159.611169,21.823229
3.145000,159.279793,21.823229
3.145000,159.611578,21.823229
3.145000,159.280246,21.823229
3.145000,159.611986,21.823229
3.145000,159.280699,21.823229
3.145500,159.363752,21.823229
3.145500,159.038053,21.823229
3.145500,159.364161,21.823229
3.145500,159.038506,21.823229
3.146000,159.202955,21.823229
3.146000,158.882504,21.823229
3.146000,159.203364,21.823229
3.146000,158.882956,21.823229
3.146500,159.070709,21.823229
3.146500,158.755150,21.823229
3.146500,159.071118,21.823229
3.146500,158.755602,21.823229
3.146500,158.912266,21.823229
3.146500,158.601262,21.823229
3.147000,158.912675,21.823229
3.147000,158.601714,21.823229
3.147000,158.743417,21.823229
3.147000,158.436391,21.823229
3.147500,158.743827,21.823229
3.147500,158.436843,21.823229
3.147500,158.564429,21.823229
3.147500,158.259620,21.823229
3.147500,158.564839,21.823229
3.147500,158.260071,21.823229
3.148000,158.393062,21.823229
3.148000,158.091230,21.823229
3.148000,158.396110,21.823229
3.148000,158.091681,21.823229
3.148500,158.249025,21.823229
3.148500,157.946842,21.823229
3.148500,158.252757,21.823229
3.148500,157.947292,21.823229
3.153000,158.253166,21.830037
3.153000,157.947743,21.830037
3.153000,158.075317,21.830037
3.153000,157.767299,21.830037
3.153000,158.075726,21.830037
3.153000,157.767749,21.830037
3.153500,157.914143,21.830037
3.153500,157.603197,21.830037
3.153500,157.914551,21.830037
3.153500,157.603647,21.830037
3.154000,157.797672,21.830037
3.154000,157.484700,21.830037
3.154000,157.798079,21.830037
3.154000,157.485149,21.830037
3.154500,157.697618,21.830037
3.154500,157.383831,21.830037
3.154500,157.698025,21.830037
3.154500,157.384280,21.830037
3.154500,157.608332,21.830037
3.154500,157.294637,21.830037
3.155000,157.608738,21.830037
3.155000,157.295085,21.830037
3.155000,157.559856,21.830037
3.155000,157.247671,21.830037
3.155500,157.561024,21.830037
3.155500,157.248120,21.830037
3.155500,157.521185,21.830037
3.155500,157.208599,21.830037
3.155500,157.521314,21.830037
3.155500,157.209047,21.830037
3.156000,157.521720,21.830037
3.156000,157.209495,21.830037
3.156000,157.456921,21.830037
3.156000,157.144873,21.830037
3.156500,157.457327,21.830037
3.156500,157.145321,21.830037
3.156500,157.414800,21.830037
3.156500,157.102079,21.830037
3.157000,157.415206,21.830037
3.157000,157.102526,21.830037
3.157000,157.395290,21.830037
3.157000,157.080974,21.830037
3.157000,157.395695,21.830037
3.157000,157.081421,21.830037
3.157500,157.399600,21.830037
3.157500,157.083086,21.830037
3.157500,157.400004,21.830037
3.157500,157.083533,21.830037
3.158000,157.405599,21.830037
3.158000,157.088235,21.830037
3.158000,157.407016,21.830037
3.158000,157.088682,21.830037
3.158500,157.440085,21.830037
3.158500,157.120982,21.830037
3.158500,157.441873,21.830037
3.158500,157.121429,21.830037
3.158500,157.510033,21.830037
3.158500,157.188903,21.830037
3.159000,157.511523,21.830037
3.159000,157.189349,21.830037
3.159000,157.511926,21.830037
3.159000,157.189795,21.830037
3.159500,157.617926,21.830037
3.159500,157.294671,21.830037
3.159500,157.618329,21.830037
3.159500,157.295117,21.830037
3.159500,157.733607,21.830037
3.159500,157.409957,21.830037
3.160000,157.734010,21.830037
3.160000,157.410402,21.830037
3.160000,157.845681,21.830037
3.160000,157.521573,21.830037
3.160500,157.846083,21.830037
3.160500,157.522019,21.830037
3.160500,157.891603,21.830037
3.160500,157.566613,21.830037
3.173000,157.892005,21.829581
3.173000,157.567059,21.829581
3.173000,157.952303,21.829581
3.173000,157.625333,21.829581
3.173000,157.951696,21.829581
3.173000,157.625779,21.829581
3.173500,158.018775,21.829581
3.173500,157.689984,21.829581
3.173500,158.017792,21.829581
3.173500,157.690429,21.829581
3.174000,158.039595,21.829581
3.174000,157.708484,21.829581
3.174000,158.038876,21.829581
3.174000,157.708928,21.829581
3.174500,158.092412,21.829581
3.174500,157.758786,21.829581
3.174500,158.092680,21.829581
3.174500,157.759230,21.829581
3.174500,158.093080,21.829581
3.174500,157.759675,21.829581
3.175000,158.214664,21.829581
3.175000,157.877073,21.829581
3.175000,158.215063,21.829581
3.175000,157.877517,21.829581
3.175500,158.389313,21.829581
3.175500,158.047398,21.829581
3.175500,158.389712,21.829581
3.175500,158.047842,21.829581
3.175500,158.594432,21.829581
3.175500,158.250031,21.829581
3.176000,158.596650,21.829581
3.176000,158.250475,21.829581
3.176000,158.805927,21.829581
3.176000,158.457074,21.829581
3.176500,158.808088,21.829581
3.176500,158.457518,21.829581
3.176500,158.990246,21.829581
3.176500,158.636067,21.829581
3.177000,158.991918,21.829581
3.177000,158.636511,21.829581
3.177000,159.173423,21.829581
3.177000,158.813912,21.829581
3.177000,159.174839,21.829581
3.177000,158.814356,21.829581
3.177500,159.342755,21.829581
3.177500,158.977259,21.829581
3.177500,159.344121,21.829581
3.177500,158.977703,21.829581
3.178000,159.344515,21.829581
3.178000,158.978146,21.829581
3.178000,159.486904,21.829581
3.178000,159.113135,21.829581
3.178500,159.487297,21.829581
3.178500,159.113578,21.829581
3.178500,159.629243,21.829581
3.178500,159.247566,21.829581
3.178500,159.629635,21.829581
3.178500,159.248009,21.829581
3.179000,159.801319,21.829581
3.179000,159.412772,21.829581
3.179000,159.802882,21.829581
3.179000,159.413215,21.829581
3.179500,159.988014,21.829581
3.179500,159.590847,21.829581
3.179500,159.989189,21.829581
3.179500,159.591290,21.829581
3.180000,160.215626,21.829581
3.180000,159.811104,21.829581
3.180000,160.216175,21.829581
3.180000,159.811547,21.829581
3.180000,160.460673,21.829581
3.180000,160.049714,21.829581
3.180500,160.460369,21.829581
3.180500,160.050157,21.829581
3.180500,160.735575,21.829581
3.180500,160.319044,21.829581
3.181000,160.735068,21.829581
3.181000,160.319486,21.829581
3.181000,160.735455,21.829581
3.181000,160.319929,21.829581
3.181000,161.038536,21.829581
3.181000,160.617680,21.829581
3.181500,161.038922,21.829581
3.181500,160.618123,21.829581
3.181500,161.374667,21.829581
3.181500,160.947319,21.829581
3.182000,161.374965,21.829581
3.182000,160.947762,21.829581
3.182000,161.702609,21.829581
3.182000,161.268227,21.829581
3.182500,161.703895,21.829581
3.182500,161.268669,21.829581
3.182500,161.999019,21.829581
3.182500,161.556248,21.829581
3.182500,162.000795,21.829581
3.182500,161.556690,21.829581
3.183000,162.277432,21.829581
3.183000,161.825419,21.829581
3.183000,162.279231,21.829581
3.183000,161.825861,21.829581
3.192000,162.546806,21.849814
3.192000,162.085736,21.849814
3.192000,162.548561,21.849814
3.192000,162.086178,21.849814
3.192500,162.548942,21.849814
3.192500,162.086620,21.849814
3.192500,162.824492,21.849814
3.192500,162.353364,21.849814
3.192500,162.824872,21.849814
3.192500,162.353806,21.849814
3.193000,163.094540,21.849814
3.193000,162.615420,21.849814
3.193000,163.094918,21.849814
3.193000,162.615861,21.849814
3.193500,163.390087,21.849814
3.193500,162.902824,21.849814
3.193500,163.389852,21.849814
3.193500,162.903265,21.849814
3.193500,163.720119,21.849814
3.193500,163.225467,21.849814
3.194000,163.719537,21.849814
3.194000,163.225909,21.849814
3.194000,163.994605,21.849814
3.194000,163.491559,21.849814
3.194500,163.993753,21.849814
3.194500,163.492000,21.849814
3.194500,164.219542,21.849814
3.194500,163.707874,21.849814
3.195000,164.217971,21.849814
3.195000,163.708315,21.849814
3.195000,164.411285,21.849814
3.195000,163.891479,21.849814
3.195000,164.409087,21.849814
3.195000,163.891920,21.849814
3.195500,164.573490,21.849814
3.195500,164.045324,21.849814
3.195500,164.571340,21.849814
3.195500,164.045765,21.849814
3.196000,164.571711,21.849814
3.196000,164.046206,21.849814
3.196000,164.733441,21.849814
3.196000,164.196987,21.849814
3.196500,164.731732,21.849814
3.196500,164.197428,21.849814
3.196500,164.869253,21.849814
3.196500,164.324495,21.849814
3.196500,164.867796,21.849814
3.196500,164.324935,21.849814
3.197000,165.038217,21.849814
3.197000,164.485190,21.849814
3.197000,165.036585,21.849814
3.197000,164.485630,21.849814
3.197500,165.232983,21.849814
3.197500,164.671959,21.849814
3.197500,165.230381,21.849814
3.197500,164.672399,21.849814
3.202000,165.446327,21.847578
3.202000,164.878994,21.847578
3.202000,165.443066,21.847578
3.202000,164.879434,21.847578
3.202000,165.656757,21.847578
3.202000,165.083569,21.847578
3.202500,165.653425,21.847578
3.202500,165.084008,21.847578
3.202500,165.653789,21.847578
3.202500,165.084448,21.847578
3.203000,165.846232,21.847578
3.203000,165.270025,21.847578
3.203000,165.846595,21.847578
3.203000,165.270464,21.847578
3.203000,166.004268,21.847578
3.203000,165.416911,21.847578
3.203500,166.000951,21.847578
3.203500,165.417350,21.847578
3.203500,166.103614,21.847578
3.203500,165.508303,21.847578
3.204000,166.099107,21.847578
3.204000,165.508742,21.847578
3.204000,166.186061,21.847578
3.204000,165.584354,21.847578
3.204500,166.181938,21.847578
3.204500,165.584793,21.847578
3.204500,166.301468,21.847578
3.204500,165.692389,21.847578
3.204500,166.298322,21.847578
3.204500,165.692827,21.847578
3.205000,166.426288,21.847578
3.205000,165.808989,21.847578
3.205000,166.423255,21.847578
3.205000,165.809428,21.847578
3.205500,166.536372,21.847578
3.205500,165.911676,21.847578
3.205500,166.536728,21.847578
3.205500,165.912114,21.847578
3.206000,166.666326,21.847578
3.206000,166.033610,21.847578
3.206000,166.666681,21.847578
3.206000,166.034048,21.847578
3.206000,166.664326,21.847578
3.206000,166.034486,21.847578
3.211000,166.752025,21.847150
3.211000,166.112947,21.847150
3.211000,166.748514,21.847150
3.211000,166.113385,21.847150
3.211500,166.830652,21.847150
3.211500,166.185896,21.847150
3.211500,166.827033,21.847150
3.211500,166.186333,21.847150
3.211500,166.895243,21.847150
3.211500,166.244886,21.847150
3.212000,166.892135,21.847150
3.212000,166.245323,21.847150
3.212000,166.922911,21.847150
3.212000,166.266256,21.847150
3.212500,166.920560,21.847150
3.212500,166.266693,21.847150
3.212500,166.951842,21.847150
3.212500,166.287847,21.847150
3.213000,166.949238,21.847150
3.213000,166.288284,21.847150
3.213000,166.969537,21.847150
3.213000,166.298892,21.847150
3.213000,166.967162,21.847150
3.213000,166.299329,21.847150
3.213500,167.004367,21.847150
3.213500,166.326333,21.847150
3.213500,167.004714,21.847150
3.213500,166.326770,21.847150
3.214000,167.032311,21.847150
3.214000,166.347496,21.847150
3.214000,167.032657,21.847150
3.214000,166.347933,21.847150
3.214500,167.027166,21.847150
3.214500,166.348369,21.847150
3.214500,167.057840,21.847150
3.214500,166.368753,21.847150
3.214500,167.051443,21.847150
3.214500,166.369189,21.847150
3.215000,167.138208,21.847150
3.215000,166.446166,21.847150
3.215000,167.131697,21.847150
3.215000,166.446602,21.847150
3.215500,167.217099,21.847150
3.215500,166.523168,21.847150
3.215500,167.211398,21.847150
3.215500,166.523604,21.847150
3.215500,167.259657,21.847150
3.215500,166.565151,21.847150
3.216000,167.255125,21.847150
3.216000,166.565587,21.847150
3.216000,167.297702,21.847150
3.216000,166.601270,21.847150
3.216500,167.293680,21.847150
3.216500,166.601705,21.847150
3.216500,167.307818,21.847150
3.216500,166.608372,21.847150
3.217000,167.308161,21.847150
3.217000,166.608807,21.847150
3.217000,167.287937,21.847150
3.217000,166.583343,21.847150
3.217000,167.288279,21.847150
3.217000,166.583778,21.847150
3.217500,167.287910,21.847150
3.217500,166.584212,21.847150
3.217500,167.234230,21.847150
3.217500,166.522304,21.847150
3.227500,167.232264,21.847147
3.227500,166.522738,21.847147
3.227500,167.209458,21.847147
3.227500,166.489913,21.847147
3.228000,167.208502,21.847147
3.228000,166.490347,21.847147
3.228000,167.189630,21.847147
3.228000,166.462226,21.847147
3.228000,167.189496,21.847147
3.228000,166.462660,21.847147
3.228500,167.201047,21.847147
3.228500,166.465329,21.847147
3.228500,167.201169,21.847147
3.228500,166.465762,21.847147
3.229000,167.229359,21.847147
3.229000,166.486128,21.847147
3.229000,167.229695,21.847147
3.229000,166.486562,21.847147
3.229000,167.232560,21.847147
3.229000,166.486995,21.847147
3.229500,167.225160,21.847147
3.229500,166.473782,21.847147
3.229500,167.247999,21.847147
3.229500,166.486401,21.847147
3.230000,167.248332,21.847147
3.230000,166.486834,21.847147
3.230000,167.252487,21.847147
3.230000,166.487267,21.847147
3.230500,167.264815,21.847147
3.230500,166.492277,21.847147
3.230500,167.269465,21.847147
3.230500,166.492710,21.847147
3.230500,167.276454,21.847147
3.230500,166.492135,21.847147
3.231000,167.279891,21.847147
3.231000,166.492568,21.847147
3.231000,167.352525,21.847147
3.231000,166.554230,21.847147
3.231500,167.357414,21.847147
3.231500,166.554662,21.847147
3.231500,167.413757,21.847147
3.231500,166.601079,21.847147
3.232000,167.419980,21.847147
3.232000,166.601511,21.847147
3.232000,167.466889,21.847147
3.232000,166.639300,21.847147
3.232000,167.467212,21.847147
3.232000,166.639732,21.847147
3.232500,167.530264,21.847147
3.232500,166.688860,21.847147
3.232500,167.530586,21.847147
3.232500,166.689292,21.847147
3.235000,167.537648,21.843346
3.235000,166.685727,21.843346
3.235000,167.537968,21.843346
3.235000,166.686159,21.843346
3.235500,167.544264,21.843346
3.235500,166.686590,21.843346
3.235500,167.538337,21.843346
3.235500,166.675266,21.843346
3.235500,167.544220,21.843346
3.235500,166.675697,21.843346
3.236000,167.561497,21.843346
3.236000,166.686368,21.843346
3.236000,167.568292,21.843346
3.236000,166.686799,21.843346
3.236500,167.577746,21.843346
3.236500,166.689360,21.843346
3.236500,167.585515,21.843346
3.236500,166.689790,21.843346
3.236500,167.625433,21.843346
3.236500,166.720214,21.843346
3.237000,167.625745,21.843346
3.237000,166.720645,21.843346
3.237000,167.687826,21.843346
3.237000,166.766319,21.843346
3.237500,167.688136,21.843346
3.237500,166.766750,21.843346
3.237500,167.746494,21.843346
3.237500,166.807873,21.843346
3.238000,167.746801,21.843346
3.238000,166.808303,21.843346
3.238000,167.786892,21.843346
3.238000,166.830560,21.843346
3.238000,167.787197,21.843346
3.238000,166.830990,21.843346
3.243000,167.796435,21.852271
3.243000,166.831419,21.852271
3.243000,167.833008,21.852271
3.243000,166.858901,21.852271
3.243500,167.844116,21.852271
3.243500,166.859330,21.852271
3.243500,167.860153,21.852271
3.243500,166.866414,21.852271
3.244000,167.871668,21.852271
3.244000,166.866844,21.852271
3.244000,167.908649,21.852271
3.244000,166.893619,21.852271
3.244000,167.920951,21.852271
3.244000,166.894047,21.852271
3.244500,167.988685,21.852271
3.244500,166.950937,21.852271
3.244500,167.988978,21.852271
3.244500,166.951366,21.852271
3.245000,172.548152,21.852271
3.245000,167.007384,21.852271
3.245000,172.547860,21.852271
3.245000,167.007813,21.852271
3.245000,172.591469,21.852271
3.245000,167.072408,21.852271
3.245500,172.591180,21.852271
3.245500,167.072836,21.852271
3.245500,172.583875,21.852271
3.245500,167.073264,21.852271
3.246000,172.628104,21.852271
3.246000,167.128642,21.852271
3.246000,172.622912,21.852271
3.246000,167.129070,21.852271
3.246500,172.604099,21.852271
3.246500,167.116734,21.852271
3.246500,172.600574,21.852271
3.246500,167.117162,21.852271
3.246500,172.580779,21.852271
3.246500,167.103034,21.852271
3.247000,172.578434,21.852271
3.247000,167.103461,21.852271
3.247000,172.570897,21.852271
3.247000,167.101368,21.852271
3.247500,172.570615,21.852271
3.247500,167.101795,21.852271
3.247500,172.566328,21.852271
3.247500,167.103991,21.852271
3.248000,172.566046,21.852271
3.248000,167.104418,21.852271
3.248000,172.563941,21.852271
3.248000,167.108397,21.852271
3.248000,172.563660,21.852271
3.248000,167.108824,21.852271
3.248500,172.580483,21.852271
3.248500,167.131427,21.852271
3.248500,172.580203,21.852271
3.248500,167.131854,21.852271
3.249000,172.591634,21.852271
3.249000,167.149614,21.852271
3.249000,172.591355,21.852271
3.249000,167.150040,21.852271
3.249500,172.589736,21.852271
3.249500,167.150467,21.852271
3.249500,172.599306,21.852271
3.249500,167.162539,21.852271
3.249500,172.598174,21.852271
3.249500,167.162965,21.852271
3.250000,172.605291,21.852271
3.250000,167.171908,21.852271
3.250000,172.605289,21.852271
3.250000,167.172334,21.852271
3.261000,172.608236,21.873312
3.261000,167.176410,21.873312
3.261000,172.607958,21.873312
3.261000,167.176835,21.873312
3.261000,172.607500,21.873312
3.261000,167.176123,21.873312
3.261500,172.607222,21.873312
3.261500,167.176549,21.873312
3.261500,172.600871,21.873312
3.261500,167.168645,21.873312
3.262000,172.600593,21.873312
3.262000,167.169070,21.873312
3.262000,172.591636,21.873312
3.262000,167.157241,21.873312
3.262500,172.591357,21.873312
3.262500,167.157666,21.873312
3.262500,172.571872,21.873312
3.262500,167.133839,21.873312
3.262500,172.571593,21.873312
3.262500,167.134264,21.873312
3.263000,172.555862,21.873312
3.263000,167.112384,21.873312
3.263000,172.555582,21.873312
3.263000,167.112809,21.873312
3.263500,172.559099,21.873312
3.263500,167.113233,21.873312
3.263500,172.539067,21.873312
3.263500,167.089321,21.873312
3.264000,172.538786,21.873312
3.264000,167.089745,21.873312
3.264000,172.521012,21.873312
3.264000,167.061962,21.873312
3.264000,172.520730,21.873312
3.264000,167.062386,21.873312
3.264500,172.499451,21.873312
3.264500,167.029588,21.873312
3.264500,172.499168,21.873312
3.264500,167.030012,21.873312
3.265000,172.490931,21.873312
3.265000,167.008644,21.873312
3.265000,172.490646,21.873312
3.265000,167.009067,21.873312
3.265000,172.492218,21.873312
3.265000,166.996828,21.873312
3.265500,172.491931,21.873312
3.265500,166.997251,21.873312
3.265500,172.535438,21.873312
3.265500,167.029761,21.873312
3.266000,172.535150,21.873312
3.266000,167.030184,21.873312
3.266000,172.542229,21.873312
3.266000,167.030607,21.873312
3.266500,172.539473,21.873312
3.266500,167.020786,21.873312
3.266500,172.546752,21.873312
3.266500,167.021208,21.873312
3.266500,172.538335,21.873312
3.266500,167.005396,21.873312
3.267000,172.538043,21.873312
3.267000,167.005819,21.873312
3.267000,172.530507,21.873312
3.267000,166.983219,21.873312
3.267500,172.530213,21.873312
3.267500,166.983641,21.873312
3.267500,172.530628,21.873312
3.267500,166.967912,21.873312
3.268000,172.530332,21.873312
3.268000,166.968334,21.873312
3.268000,167.920612,21.873312
3.268000,166.951018,21.873312
3.268000,167.920908,21.873312
3.268000,166.951439,21.873312
3.268500,167.916510,21.873312
3.268500,166.962975,21.873312
3.268500,167.916808,21.873312
3.268500,166.963397,21.873312
3.269000,167.911613,21.873312
3.269000,166.974283,21.873312
3.269000,167.911914,21.873312
3.269000,166.974704,21.873312
3.269000,167.912214,21.873312
3.269000,166.975126,21.873312
3.269500,167.901394,21.873312
3.269500,166.980156,21.873312
3.269500,167.901696,21.873312
3.269500,166.980577,21.873312
3.270000,167.899638,21.873312
3.270000,166.994193,21.873312
3.270000,167.899942,21.873312
3.270000,166.994614,21.873312
3.270500,167.904066,21.873312
3.270500,167.013283,21.873312
3.270500,167.904371,21.873312
3.270500,167.013704,21.873312
3.270500,167.880136,21.873312
3.270500,167.004294,21.873312
3.280500,167.880443,21.883446
3.280500,167.004715,21.883446
3.280500,167.862175,21.883446
3.280500,166.999611,21.883446
3.281000,167.862484,21.883446
3.281000,167.000032,21.883446
3.281000,167.827460,21.883446
3.281000,166.977045,21.883446
3.281500,167.827770,21.883446
3.281500,166.977465,21.883446
3.281500,167.777278,21.883446
3.281500,166.939133,21.883446
3.281500,167.777589,21.883446
3.281500,166.939553,21.883446
3.282000,167.772463,21.883446
3.282000,166.939972,21.883446
3.282000,167.698518,21.883446
3.282000,166.873806,21.883446
3.282500,167.698831,21.883446
3.282500,166.874226,21.883446
3.282500,167.648309,21.883446
3.282500,166.834508,21.883446
3.282500,167.648623,21.883446
3.282500,166.834928,21.883446
3.283000,167.608596,21.883446
3.283000,166.806161,21.883446
3.283000,167.608912,21.883446
3.283000,166.806580,21.883446
3.283500,167.681308,21.883446
3.283500,166.891041,21.883446
3.283500,167.681625,21.883446
3.283500,166.891460,21.883446
3.284000,167.732415,21.883446
3.284000,166.955051,21.883446
3.284000,167.732733,21.883446
3.284000,166.955470,21.883446
3.284000,167.809370,21.883446
3.284000,167.042628,21.883446
3.284500,167.809690,21.883446
3.284500,167.043046,21.883446
3.284500,167.881196,21.883446
3.284500,167.124451,21.883446
3.285000,167.881517,21.883446
3.285000,167.124869,21.883446
3.285000,167.891231,21.883446
3.285000,167.143286,21.883446
3.285500,167.892106,21.883446
3.285500,167.143704,21.883446
3.285500,167.892428,21.883446
3.285500,167.144122,21.883446
3.285500,167.868336,21.883446
3.285500,167.129690,21.883446
3.286000,167.868659,21.883446
3.286000,167.130108,21.883446
3.286000,167.867547,21.883446
3.286000,167.138518,21.883446
3.286500,167.867871,21.883446
3.286500,167.138935,21.883446
3.286500,167.885786,21.883446
3.286500,167.165021,21.883446
3.287000,167.886111,21.883446
3.287000,167.165438,21.883446
3.287000,167.877103,21.883446
3.287000,167.165757,21.883446
3.287000,167.877429,21.883446
3.287000,167.166174,21.883446
3.287500,167.928674,21.883446
3.287500,167.225490,21.883446
3.287500,167.929001,21.883446
3.287500,167.225907,21.883446
3.288000,167.986638,21.883446
3.288000,167.282563,21.883446
3.288000,167.986965,21.883446
3.288000,167.282980,21.883446
3.288000,168.027706,21.883446
3.288000,167.333397,21.883446
3.288500,168.043705,21.883446
3.288500,167.333813,21.883446
3.288500,168.044031,21.883446
3.288500,167.334230,21.883446
3.289000,168.054909,21.883446
3.289000,167.347688,21.883446
3.289000,168.055234,21.883446
3.289000,167.348104,21.883446
3.289500,168.014337,21.883446
3.289500,167.312229,21.883446
3.289500,168.014663,21.883446
3.289500,167.312645,21.883446
3.289500,167.939121,21.883446
3.289500,167.243486,21.883446
3.290000,167.939447,21.883446
3.290000,167.243902,21.883446
3.290000,167.939264,21.883446
3.290000,167.251665,21.883446
3.290500,167.939591,21.883446
3.290500,167.252081,21.883446
3.290500,168.013572,21.883446
3.290500,167.336391,21.883446
3.303000,168.013901,21.887464
3.303000,167.336806,21.887464
3.303000,168.045604,21.887464
3.303000,167.380691,21.887464
3.303000,168.047525,21.887464
3.303000,167.381106,21.887464
3.303500,168.052420,21.887464
3.303500,167.397238,21.887464
3.303500,168.054481,21.887464
3.303500,167.397653,21.887464
3.304000,168.054811,21.887464
3.304000,167.398067,21.887464
3.304000,168.067998,21.887464
3.304000,167.418692,21.887464
3.304000,168.068330,21.887464
3.304000,167.419107,21.887464
3.304500,168.044841,21.887464
3.304500,167.402400,21.887464
3.304500,168.045173,21.887464
3.304500,167.402814,21.887464
3.305000,167.976360,21.887464
3.305000,167.341819,21.887464
3.305000,167.976693,21.887464
3.305000,167.342233,21.887464
3.305500,167.822418,21.887464
3.305500,167.197260,21.887464
3.305500,173.056765,21.887464
3.305500,167.197674,21.887464
3.305500,167.678210,21.887464
3.305500,167.061678,21.887464
3.306000,167.678545,21.887464
3.306000,167.062091,21.887464
3.306000,167.569826,21.887464
3.306000,166.964603,21.887464
3.306500,167.571026,21.887464
3.306500,166.965016,21.887464
3.306500,167.526130,21.887464
3.306500,166.932298,21.887464
3.307000,167.527809,21.887464
3.307000,166.932711,21.887464
3.307000,167.463353,21.887464
3.307000,166.879258,21.887464
3.307000,167.466176,21.887464
3.307000,166.879671,21.887464
3.307500,167.466514,21.887464
3.307500,166.880084,21.887464
3.307500,167.380775,21.887464
3.307500,166.802045,21.887464
3.308000,167.381114,21.887464
3.308000,166.802457,21.887464
3.308000,167.255458,21.887464
3.308000,166.685221,21.887464
3.308500,167.255798,21.887464
3.308500,166.685633,21.887464
3.308500,167.106584,21.887464
3.308500,166.545484,21.887464
3.308500,167.106924,21.887464
3.308500,166.545896,21.887464
3.309000,166.948806,21.887464
3.309000,166.397756,21.887464
3.309000,166.950299,21.887464
3.309000,166.398168,21.887464
3.309500,166.780867,21.887464
3.309500,166.238579,21.887464
3.309500,166.781942,21.887464
3.309500,166.238991,21.887464
3.309500,166.588519,21.887464
3.309500,166.055985,21.887464
3.310000,166.588657,21.887464
3.310000,166.056397,21.887464
3.310000,166.589000,21.887464
3.310000,166.056808,21.887464
3.310500,166.406098,21.887464
3.310500,165.884638,21.887464
3.310500,166.406442,21.887464
3.310500,165.885049,21.887464
3.311000,166.234167,21.887464
3.311000,165.722859,21.887464
3.311000,166.234512,21.887464
3.311000,165.723269,21.887464
3.311000,166.061921,21.887464
3.311000,165.560099,21.887464
3.311500,166.062267,21.887464
3.311500,165.560509,21.887464
3.311500,165.887057,21.887464
3.311500,165.394436,21.887464
3.312000,165.887404,21.887464
3.312000,165.394847,21.887464
3.312000,165.702810,21.887464
3.312000,165.220015,21.887464
3.312500,165.703524,21.887464
3.312500,165.220425,21.887464
3.312500,165.491999,21.887464
3.312500,165.018327,21.887464
3.312500,165.491742,21.887464
3.312500,165.018737,21.887464
3.321000,165.247698,21.883098
3.321000,164.783632,21.883098
3.321000,165.246723,21.883098
3.321000,164.784041,21.883098
3.321500,164.968615,21.883098
3.321500,164.514599,21.883098
3.321500,164.967654,21.883098
3.321500,164.515009,21.883098
3.321500,164.968005,21.883098
3.321500,164.515417,21.883098
3.322000,164.668970,21.883098
3.322000,164.226520,21.883098
3.322000,164.669322,21.883098
3.322000,164.226929,21.883098
3.322500,164.359198,21.883098
3.322500,163.926568,21.883098
3.322500,164.359552,21.883098
3.322500,163.926976,21.883098
3.323000,163.992715,21.883098
3.323000,163.567513,21.883098
3.323000,163.991832,21.883098
3.323000,163.567921,21.883098
3.323000,163.734838,21.883098
3.323000,163.319796,21.883098
3.323500,163.734148,21.883098
3.323500,163.320204,21.883098
3.323500,163.506705,21.883098
3.323500,163.101416,21.883098
3.324000,163.506697,21.883098
3.324000,163.101823,21.883098
3.324000,163.277793,21.883098
3.324000,162.881516,21.883098
3.324500,163.278047,21.883098
3.324500,162.881923,21.883098
3.324500,163.278404,21.883098
3.324500,162.882330,21.883098
3.324500,163.061938,21.883098
3.324500,162.674638,21.883098
3.325000,163.062295,21.883098
3.325000,162.675045,21.883098
3.325000,162.855808,21.883098
3.325000,162.477000,21.883098
3.325500,162.856166,21.883098
3.325500,162.477406,21.883098
3.325500,162.660007,21.883098
3.325500,162.289438,21.883098
3.325500,162.660366,21.883098
3.325500,162.289844,21.883098
3.326000,162.458550,21.883098
3.326000,162.095128,21.883098
3.326000,162.458244,21.883098
3.326000,162.095534,21.883098
3.326500,162.243712,21.883098
3.326500,161.887639,21.883098
3.326500,162.243032,21.883098
3.326500,161.888044,21.883098
3.327000,162.008899,21.883098
3.327000,161.660195,21.883098
3.327000,162.008554,21.883098
3.327000,161.660600,21.883098
3.327000,161.780282,21.883098
3.327000,161.438402,21.883098
3.327500,161.779714,21.883098
3.327500,161.438807,21.883098
3.327500,161.564477,21.883098
3.327500,161.229238,21.883098
3.328000,161.563935,21.883098
3.328000,161.229642,21.883098
3.328000,161.564296,21.883098
3.328000,161.230046,21.883098
3.328500,161.358338,21.883098
3.328500,161.029385,21.883098
3.328500,161.358492,21.883098
3.328500,161.029789,21.883098
3.328500,161.166709,21.883098
3.328500,160.842982,21.883098
3.337000,161.167024,21.881965
3.337000,160.843386,21.881965
3.337000,160.960600,21.881965
3.337000,160.641596,21.881965
3.337500,160.961282,21.881965
3.337500,160.642000,21.881965
3.337500,160.767962,21.881965
3.337500,160.453232,21.881965
3.337500,160.768869,21.881965
3.337500,160.453636,21.881965
3.338000,160.584047,21.881965
3.338000,160.273060,21.881965
3.338000,160.584613,21.881965
3.338000,160.273463,21.881965
3.338500,160.426864,21.881965
3.338500,160.119660,21.881965
3.338500,160.427292,21.881965
3.338500,160.120062,21.881965
3.339000,160.280580,21.881965
3.339000,159.976958,21.881965
3.339000,160.280841,21.881965
3.339000,159.977360,21.881965
3.339000,160.124138,21.881965
3.339000,159.823989,21.881965
3.339500,160.124509,21.881965
3.339500,159.824391,21.881965
3.339500,160.124873,21.881965
3.339500,159.824793,21.881965
3.340000,159.950667,21.881965
3.340000,159.653501,21.881965
3.340000,159.951474,21.881965
3.340000,159.653903,21.881965
3.340500,159.779251,21.881965
3.340500,159.484462,21.881965
3.340500,159.780175,21.881965
3.340500,159.484864,21.881965
3.340500,159.639035,21.881965
3.340500,159.346314,21.881965
3.341000,159.639576,21.881965
3.341000,159.346715,21.881965
3.341000,159.486437,21.881965
3.341000,159.195513,21.881965
3.341500,159.486757,21.881965
3.341500,159.195914,21.881965
3.341500,159.341044,21.881965
3.341500,159.051860,21.881965
3.342000,159.341199,21.881965
3.342000,159.052261,21.881965
3.342000,159.193075,21.881965
3.342000,158.905213,21.881965
3.342000,159.193014,21.881965
3.342000,158.905613,21.881965
3.342500,159.032354,21.881965
3.342500,158.745436,21.881965
3.342500,159.032718,21.881965
3.342500,158.745836,21.881965
3.343000,159.032231,21.881965
3.343000,158.746235,21.881965
3.343000,158.885762,21.881965
3.343000,158.600398,21.881965
3.343000,158.885371,21.881965
3.343000,158.600798,21.881965
3.343500,158.778435,21.881965
3.343500,158.494650,21.881965
3.343500,158.778350,21.881965
3.343500,158.495049,21.881965
3.344000,158.690388,21.881965
3.344000,158.407699,21.881965
3.344000,158.690472,21.881965
3.344000,158.408098,21.881965
3.344500,158.609972,21.881965
3.344500,158.327885,21.881965
3.344500,158.610408,21.881965
3.344500,158.328283,21.881965
3.344500,158.545439,21.881965
3.344500,158.263157,21.881965
3.353000,158.545750,21.894040
3.353000,158.263556,21.894040
3.353000,158.489682,21.894040
3.353000,158.206835,21.894040
3.353500,158.490346,21.894040
3.353500,158.207234,21.894040
3.353500,158.491726,21.894040
3.353500,158.207987,21.894040
3.354000,158.492089,21.894040
3.354000,158.208385,21.894040
3.354000,158.493564,21.894040
3.354000,158.208783,21.894040
3.354000,158.548761,21.894040
3.354000,158.263375,21.894040
3.354500,158.550776,21.894040
3.354500,158.263773,21.894040
3.354500,158.658625,21.894040
3.354500,158.370938,21.894040
3.355000,158.661028,21.894040
3.355000,158.371335,21.894040
3.355000,158.814805,21.894040
3.355000,158.524218,21.894040
3.355000,158.817592,21.894040
3.355000,158.524616,21.894040
3.355500,158.976959,21.894040
3.355500,158.682630,21.894040
3.355500,158.979865,21.894040
3.355500,158.683027,21.894040
3.356000,159.137596,21.894040
3.356000,158.838933,21.894040
3.356000,159.140587,21.894040
3.356000,158.839331,21.894040
3.356500,159.302044,21.894040
3.356500,158.998311,21.894040
3.356500,159.302403,21.894040
3.356500,158.998708,21.894040
3.356500,159.487202,21.894040
3.356500,159.177622,21.894040
3.357000,159.487560,21.894040
3.357000,159.178019,21.894040
3.357000,159.491034,21.894040
3.357000,159.178416,21.894040
3.357500,159.705749,21.894040
3.357500,159.389838,21.894040
3.357500,159.709131,21.894040
3.357500,159.390235,21.894040
3.358000,159.928589,21.894040
3.358000,159.605729,21.894040
3.358000,159.931499,21.894040
3.358000,159.606126,21.894040
3.358000,160.125680,21.894040
3.358000,159.795740,21.894040
3.358500,160.128042,21.894040
3.358500,159.796136,21.894040
3.358500,160.324899,21.894040
3.358500,159.987810,21.894040
3.359000,160.326858,21.894040
3.359000,159.988206,21.894040
3.359000,160.558523,21.894040
3.359000,160.213825,21.894040
3.359500,160.560817,21.894040
3.359500,160.214222,21.894040
3.359500,160.786135,21.894040
3.359500,160.432602,21.894040
3.359500,160.786487,21.894040
3.359500,160.432999,21.894040
3.360000,160.789054,21.894040
3.360000,160.433395,21.894040
3.360000,160.984606,21.894040
3.360000,160.621360,21.894040
3.360500,160.987511,21.894040
3.360500,160.621756,21.894040
3.360500,161.198366,21.894040
3.360500,160.824579,21.894040
3.360500,161.200865,21.894040
3.360500,160.824975,21.894040
3.369000,161.441497,21.904039
3.369000,161.056950,21.904039
3.369000,161.442921,21.904039
3.369000,161.057346,21.904039
3.369500,161.678277,21.904039
3.369500,161.283243,21.904039
3.369500,161.679013,21.904039
3.369500,161.283639,21.904039
3.370000,161.890224,21.904039
3.370000,161.484746,21.904039
3.370000,161.890976,21.904039
3.370000,161.485142,21.904039
3.370000,162.108758,21.904039
3.370000,161.692102,21.904039
3.370500,162.109101,21.904039
3.370500,161.692498,21.904039
3.370500,162.373750,21.904039
3.370500,161.944904,21.904039
3.371000,162.374092,21.904039
3.371000,161.945299,21.904039
3.371000,162.376031,21.904039
3.371000,161.945695,21.904039
3.371500,162.690993,21.904039
3.371500,162.249336,21.904039
3.371500,162.693342,21.904039
3.371500,162.249732,21.904039
3.371500,163.021255,21.904039
3.371500,162.565816,21.904039
3.372000,163.023893,21.904039
3.372000,162.566211,21.904039
3.372000,163.369922,21.904039
3.372000,162.900727,21.904039
3.372500,163.371779,21.904039
3.372500,162.901122,21.904039
3.372500,163.740204,21.904039
3.372500,163.257964,21.904039
3.372500,163.741065,21.904039
3.372500,163.258359,21.904039
3.373000,164.081084,21.904039
3.373000,163.586064,21.904039
3.373000,164.081849,21.904039
3.373000,163.586459,21.904039
3.373500,164.354842,21.904039
3.373500,163.846256,21.904039
3.373500,164.355173,21.904039
3.373500,163.846652,21.904039
3.374000,164.600586,21.904039
3.374000,164.077891,21.904039
3.374000,164.600915,21.904039
3.374000,164.078286,21.904039
3.374000,164.836454,21.904039
3.374000,164.299179,21.904039
3.374500,164.836782,21.904039
3.374500,164.299574,21.904039
3.374500,164.836541,21.904039
3.374500,164.299969,21.904039
3.375000,165.078244,21.904039
3.375000,164.526748,21.904039
3.375000,165.077957,21.904039
3.375000,164.527142,21.904039
3.380500,165.323037,21.918382
3.380500,164.757214,21.918382
3.380500,165.321934,21.918382
3.380500,164.757609,21.918382
3.380500,165.567296,21.918382
3.380500,164.988224,21.918382
3.381000,165.564306,21.918382
3.381000,164.988619,21.918382
3.381000,165.809346,21.918382
3.381000,165.219185,21.918382
3.381500,165.804794,21.918382
3.381500,165.219580,21.918382
3.381500,166.038549,21.918382
3.381500,165.438641,21.918382
3.381500,166.038869,21.918382
3.381500,165.439036,21.918382
3.382000,166.206519,21.918382
3.382000,165.597498,21.918382
3.382000,166.206837,21.918382
3.382000,165.597892,21.918382
3.382500,166.304488,21.918382
3.382500,165.687269,21.918382
3.382500,166.304805,21.918382
3.382500,165.687663,21.918382
3.383000,166.298431,21.918382
3.383000,165.688057,21.918382
3.383000,166.401787,21.918382
3.383000,165.776483,21.918382
3.383000,166.396244,21.918382
3.383000,165.776877,21.918382
3.383500,166.497211,21.918382
3.383500,165.862888,21.918382
3.383500,166.492631,21.918382
3.383500,165.863281,21.918382
3.384000,166.578758,21.918382
3.384000,165.934111,21.918382
3.384000,166.574295,21.918382
3.384000,165.934504,21.918382
3.384500,166.680255,21.918382
3.384500,166.024936,21.918382
3.384500,166.680566,21.918382
3.384500,166.025330,21.918382
3.384500,166.785554,21.918382
3.384500,166.119053,21.918382
3.385000,166.785864,21.918382
3.385000,166.119447,21.918382
3.385000,166.880341,21.918382
3.385000,166.203241,21.918382
3.385500,166.880650,21.918382
3.385500,166.203634,21.918382
3.385500,166.966593,21.918382
3.385500,166.280479,21.918382
3.385500,166.966900,21.918382
3.385500,166.280872,21.918382
3.386000,166.961148,21.918382
3.386000,166.281265,21.918382
3.386000,167.023702,21.918382
3.386000,166.330935,21.918382
3.386500,167.017920,21.918382
3.386500,166.331327,21.918382
3.386500,167.072961,21.918382
3.386500,166.372913,21.918382
3.387000,167.067554,21.918382
3.387000,166.373305,21.918382
3.387000,167.120823,21.918382
3.387000,166.413431,21.918382
3.387000,167.121127,21.918382
3.387000,166.413823,21.918382
3.396000,167.152864,21.928099
3.396000,166.440939,21.928099
3.396000,167.153167,21.928099
3.396000,166.441331,21.928099
3.396500,167.212103,21.928099
3.396500,166.495921,21.928099
3.396500,167.212405,21.928099
3.396500,166.496312,21.928099
3.397000,167.276282,21.928099
3.397000,166.556521,21.928099
3.397000,167.276584,21.928099
3.397000,166.556913,21.928099
3.397000,167.269561,21.928099
3.397000,166.557304,21.928099
3.397500,167.356144,21.928099
3.397500,166.633083,21.928099
3.397500,167.471235,21.928099
3.397500,166.742877,21.928099
3.398000,167.471536,21.928099
3.398000,166.743268,21.928099
3.398000,167.472472,21.928099
3.398000,166.743659,21.928099
3.398500,167.599920,21.928099
3.398500,166.860378,21.928099
3.398500,167.599726,21.928099
3.398500,166.860769,21.928099
3.398500,167.735417,21.928099
3.398500,166.985456,21.928099
3.399000,167.735715,21.928099
3.399000,166.985846,21.928099
3.399000,167.832121,21.928099
3.399000,167.071303,21.928099
3.399500,167.832417,21.928099
3.399500,167.071694,21.928099
3.399500,167.889040,21.928099
3.399500,167.114273,21.928099
3.399500,167.889334,21.928099
3.399500,167.114663,21.928099
3.400000,168.012593,21.928099
3.400000,167.221743,21.928099
3.400000,168.012885,21.928099
3.400000,167.222134,21.928099
3.400500,168.135174,21.928099
3.400500,167.326748,21.928099
3.400500,168.135464,21.928099
3.400500,167.327138,21.928099
3.401000,168.246221,21.928099
3.401000,167.418593,21.928099
3.401000,168.246508,21.928099
3.401000,167.418983,21.928099
3.401000,168.252351,21.928099
3.401000,167.419373,21.928099
3.401500,168.336204,21.928099
3.401500,167.488886,21.928099
3.401500,168.344445,21.928099
3.401500,167.489276,21.928099
3.402000,168.394044,21.928099
3.402000,167.525282,21.928099
3.402000,168.394325,21.928099
3.402000,167.525671,21.928099
3.402500,168.406321,21.928099
3.402500,167.517324,21.928099
3.402500,168.406600,21.928099
3.402500,167.517713,21.928099
3.402500,168.429250,21.928099
3.402500,167.520499,21.928099
3.403000,168.429526,21.928099
3.403000,167.520888,21.928099
3.403000,168.460606,21.928099
3.403000,167.532282,21.928099
3.403500,168.460880,21.928099
3.403500,167.532671,21.928099
3.403500,168.495754,21.928099
3.403500,167.549229,21.928099
3.403500,168.496026,21.928099
3.403500,167.549618,21.928099
3.404000,168.529800,21.928099
3.404000,167.565917,21.928099
3.404000,168.530069,21.928099
3.404000,167.566306,21.928099
3.404500,172.879342,21.928099
3.404500,167.566695,21.928099
3.404500,172.895881,21.928099
3.404500,167.592892,21.928099
3.405000,172.895614,21.928099
3.405000,167.593280,21.928099
3.405000,172.908535,21.928099
3.405000,167.623315,21.928099
3.405000,172.908270,21.928099
3.405000,167.623703,21.928099
3.405500,172.900871,21.928099
3.405500,167.633082,21.928099
3.405500,172.900607,21.928099
3.405500,167.633470,21.928099
3.406000,172.888695,21.928099
3.406000,167.637272,21.928099
3.406000,172.888433,21.928099
3.406000,167.637660,21.928099
3.406500,172.875644,21.928099
3.406500,167.639818,21.928099
3.406500,172.875385,21.928099
3.406500,167.640206,21.928099
3.406500,172.861869,21.928099
3.406500,167.640659,21.928099
3.407000,172.861611,21.928099
3.407000,167.641046,21.928099
3.407000,172.852084,21.928099
3.407000,167.644346,21.928099
3.407500,172.851828,21.928099
3.407500,167.644733,21.928099
3.407500,172.845232,21.928099
3.407500,167.645120,21.928099
3.424000,172.856381,21.916269
3.424000,167.662592,21.916269
3.424000,172.856127,21.916269
3.424000,167.662979,21.916269
3.424000,172.869716,21.916269
3.424000,167.688492,21.916269
3.424500,172.869463,21.916269
3.424500,167.688879,21.916269
3.424500,172.933401,21.916269
3.424500,167.769105,21.916269
3.425000,172.933151,21.916269
3.425000,167.769491,21.916269
3.425000,172.985993,21.916269
3.425000,167.837530,21.916269
3.425000,172.985745,21.916269
3.425000,167.837917,21.916269
3.425500,173.023033,21.916269
3.425500,167.891427,21.916269
3.425500,173.022786,21.916269
3.425500,167.891813,21.916269
3.426000,173.002105,21.916269
3.426000,167.885446,21.916269
3.426000,173.001860,21.916269
3.426000,167.885832,21.916269
3.426500,172.982026,21.916269
3.426500,167.880112,21.916269
3.426500,172.981783,21.916269
3.426500,167.880498,21.916269
3.426500,172.981539,21.916269
3.426500,167.880883,21.916269
3.427000,173.023621,21.916269
3.427000,167.939818,21.916269
3.427000,173.023380,21.916269
3.427000,167.940204,21.916269
3.427500,173.092582,21.916269
3.427500,168.025234,21.916269
3.427500,173.092343,21.916269
3.427500,168.025620,21.916269
3.428000,173.177672,21.916269
3.428000,168.125431,21.916269
3.428000,173.177434,21.916269
3.428000,168.125816,21.916269
3.428000,173.272561,21.916269
3.428000,168.233351,21.916269
3.428500,173.272326,21.916269
3.428500,168.233736,21.916269
3.428500,173.367646,21.916269
3.428500,168.339688,21.916269
3.429000,173.367412,21.916269
3.429000,168.340073,21.916269
3.429000,173.398332,21.916269
3.429000,168.376722,21.916269
3.429000,173.398098,21.916269
3.429000,168.377107,21.916269
3.429500,173.414181,21.916269
3.429500,168.398272,21.916269
3.429500,173.413948,21.916269
3.429500,168.398656,21.916269
3.430000,173.423179,21.916269
3.430000,168.411151,21.916269
3.430000,173.422365,21.916269
3.430000,168.411535,21.916269
3.430500,173.422133,21.916269
3.430500,168.411919,21.916269
3.430500,173.428973,21.916269
3.430500,168.421381,21.916269
3.430500,173.428741,21.916269
3.430500,168.421765,21.916269
3.431000,173.445271,21.916269
3.431000,168.440033,21.916269
3.431000,173.445039,21.916269
3.431000,168.440417,21.916269
3.431500,173.466477,21.916269
3.431500,168.463019,21.916269
3.431500,173.466245,21.916269
3.431500,168.463403,21.916269
3.432000,173.489928,21.916269
3.432000,168.486965,21.916269
3.432000,173.489697,21.916269
3.432000,168.487348,21.916269
3.432000,173.492172,21.916269
3.432000,168.488351,21.916269
3.432500,173.491940,21.916269
3.432500,168.488734,21.916269
3.432500,173.478578,21.916269
3.432500,168.471778,21.916269
3.433000,173.477653,21.916269
3.433000,168.472161,21.916269
3.433000,173.463415,21.916269
3.433000,168.453274,21.916269
3.433000,173.463360,21.916269
3.433000,168.453657,21.916269
3.433500,173.463127,21.916269
3.433500,168.454040,21.916269
3.433500,173.446741,21.916269
3.433500,168.431669,21.916269
3.437500,173.446508,21.914296
3.437500,168.432051,21.914296
3.437500,173.428089,21.914296
3.437500,168.406667,21.914296
3.438000,173.427855,21.914296
3.438000,168.407050,21.914296
3.438000,173.395629,21.914296
3.438000,168.367044,21.914296
3.438000,173.395394,21.914296
3.438000,168.367426,21.914296
3.438500,173.450596,21.914296
3.438500,168.413061,21.914296
3.438500,173.450360,21.914296
3.438500,168.413443,21.914296
3.439000,173.572977,21.914296
3.439000,168.529219,21.914296
3.439000,173.572741,21.914296
3.439000,168.529601,21.914296
3.439500,173.565204,21.914296
3.439500,168.513428,21.914296
3.439500,173.567851,21.914296
3.439500,168.513809,21.914296
3.439500,173.555113,21.914296
3.439500,168.491723,21.914296
3.440000,173.558871,21.914296
3.440000,168.492105,21.914296
3.440000,173.558631,21.914296
3.440000,168.492486,21.914296
3.440500,173.533982,21.914296
3.440500,168.452744,21.914296
3.440500,173.533740,21.914296
3.440500,168.453126,21.914296
3.440500,173.502213,21.914296
3.440500,168.403810,21.914296
3.441000,173.501970,21.914296
3.441000,168.404191,21.914296
3.441000,173.462762,21.914296
3.441000,168.344899,21.914296
3.446500,173.462516,21.912420
3.446500,168.345279,21.912420
3.446500,173.420670,21.912420
3.446500,168.292299,21.912420
3.447000,173.433130,21.912420
3.447000,168.292679,21.912420
3.447000,173.399983,21.912420
3.447000,168.248371,21.912420
3.447000,173.413484,21.912420
3.447000,168.248752,21.912420
3.447500,173.421320,21.912420
3.447500,168.247306,21.912420
3.447500,173.434292,21.912420
3.447500,168.247687,21.912420
3.448000,173.440848,21.912420
3.448000,168.244650,21.912420
3.448000,173.452073,21.912420
3.448000,168.245030,21.912420
3.448500,173.451816,21.912420
3.448500,168.245410,21.912420
3.448500,173.462238,21.912420
3.448500,168.237538,21.912420
3.448500,173.461979,21.912420
3.448500,168.237918,21.912420
3.449000,173.478143,21.912420
3.449000,168.237697,21.912420
3.449000,173.477882,21.912420
3.449000,168.238076,21.912420
3.449500,169.222770,21.912420
3.449500,168.268601,21.912420
3.449500,169.223032,21.912420
3.449500,168.268980,21.912420
3.450000,169.235666,21.912420
3.450000,168.301395,21.912420
3.450000,169.235931,21.912420
3.450000,168.301775,21.912420
3.450000,169.191461,21.912420
3.450000,168.268256,21.912420
3.450500,169.183396,21.912420
3.450500,168.268635,21.912420
3.450500,169.183744,21.912420
3.450500,168.277179,21.912420
3.451000,169.174758,21.912420
3.451000,168.277558,21.912420
3.451000,169.163288,21.912420
3.451000,168.275226,21.912420
3.451000,169.154597,21.912420
3.451000,168.275604,21.912420
3.451500,169.154868,21.912420
3.451500,168.275983,21.912420
3.451500,169.085553,21.912420
3.451500,168.226287,21.912420
3.452000,169.085826,21.912420
3.452000,168.226665,21.912420
3.452000,169.025047,21.912420
3.452000,168.184595,21.912420
3.452500,169.025322,21.912420
3.452500,168.184974,21.912420
3.452500,168.972829,21.912420
3.452500,168.148305,21.912420
3.452500,168.973106,21.912420
3.452500,168.148683,21.912420
3.453000,168.961751,21.912420
3.453000,168.148110,21.912420
3.453000,168.960599,21.912420
3.453000,168.148488,21.912420
3.462000,169.047505,21.929523
3.462000,168.244792,21.929523
3.462000,169.048248,21.929523
3.462000,168.245170,21.929523
3.462500,169.084577,21.929523
3.462500,168.291901,21.929523
3.462500,169.086266,21.929523
3.462500,168.292279,21.929523
3.462500,169.120658,21.929523
3.462500,168.336484,21.929523
3.463000,173.745570,21.929523
3.463000,168.336861,21.929523
3.463000,173.745288,21.929523
3.463000,168.337238,21.929523
3.463500,173.822593,21.929523
3.463500,168.405846,21.929523
3.463500,173.822310,21.929523
3.463500,168.406224,21.929523
3.463500,169.164396,21.929523
3.463500,168.397238,21.929523
3.464000,169.164680,21.929523
3.464000,168.397615,21.929523
3.464000,169.220290,21.929523
3.464000,168.464036,21.929523
3.464500,169.220575,21.929523
3.464500,168.464412,21.929523
3.464500,169.200771,21.929523
3.464500,168.456266,21.929523
3.465000,169.200823,21.929523
3.465000,168.456642,21.929523
3.465000,169.158344,21.929523
3.465000,168.426306,21.929523
3.465000,169.160788,21.929523
3.465000,168.426682,21.929523
3.465500,169.177070,21.929523
3.465500,168.453156,21.929523
3.465500,169.187486,21.929523
3.465500,168.453532,21.929523
3.466000,169.187773,21.929523
3.466000,168.453908,21.929523
3.466000,169.235019,21.929523
3.466000,168.498147,21.929523
3.466500,169.235305,21.929523
3.466500,168.498523,21.929523
3.466500,169.204282,21.929523
3.466500,168.469685,21.929523
3.466500,169.204568,21.929523
3.466500,168.470060,21.929523
3.467000,169.144756,21.929523
3.467000,168.414467,21.929523
3.467000,169.145042,21.929523
3.467000,168.414842,21.929523
3.467500,169.092457,21.929523
3.467500,168.372611,21.929523
3.467500,173.824104,21.929523
3.467500,168.372986,21.929523
3.468000,173.796805,21.929523
3.468000,168.335850,21.929523
3.468000,173.791074,21.929523
3.468000,168.336225,21.929523
3.468000,173.812738,21.929523
3.468000,168.348091,21.929523
3.468500,173.808101,21.929523
3.468500,168.348466,21.929523
3.468500,173.771467,21.929523
3.468500,168.300565,21.929523
3.469000,173.769007,21.929523
3.469000,168.300940,21.929523
3.469000,173.710363,21.929523
3.469000,168.230436,21.929523
3.469000,173.709898,21.929523
3.469000,168.230810,21.929523
3.469500,173.709607,21.929523
3.469500,168.231185,21.929523
3.469500,173.600458,21.929523
3.469500,168.109456,21.929523
3.478000,173.600165,21.946023
3.478000,168.109830,21.946023
3.478000,173.509231,21.946023
3.478000,168.007731,21.946023
3.478500,173.508937,21.946023
3.478500,168.008105,21.946023
3.478500,173.358555,21.946023
3.478500,167.847495,21.946023
3.478500,173.358930,21.946023
3.478500,167.847869,21.946023
3.479000,173.121599,21.946023
3.479000,167.599997,21.946023
3.479000,173.121651,21.946023
3.479000,167.600371,21.946023
3.479500,172.912597,21.946023
3.479500,167.380476,21.946023
3.479500,172.911414,21.946023
3.479500,167.380849,21.946023
3.480000,172.770098,21.946023
3.480000,167.229977,21.946023
3.480000,172.768227,21.946023
3.480000,167.230350,21.946023
3.480000,172.622971,21.946023
3.480000,167.076394,21.946023
3.480500,172.621756,21.946023
3.480500,167.076767,21.946023
3.480500,172.419594,21.946023
3.480500,166.865197,21.946023
3.481000,172.419463,21.946023
3.481000,166.865569,21.946023
3.481000,172.419163,21.946023
3.481000,166.865942,21.946023
3.481000,172.214693,21.946023
3.481000,166.651590,21.946023
3.481500,172.215340,21.946023
3.481500,166.651962,21.946023
3.481500,172.007388,21.946023
3.481500,166.433897,21.946023
3.482000,172.007293,21.946023
3.482000,166.434269,21.946023
3.482000,171.772818,21.946023
3.482000,166.190207,21.946023
3.482500,171.772147,21.946023
3.482500,166.190579,21.946023
3.482500,171.469060,21.946023
3.482500,165.878767,21.946023
3.482500,171.468281,21.946023
3.482500,165.879138,21.946023
3.483000,171.118524,21.946023
3.483000,165.520960,21.946023
3.483000,171.117812,21.946023
3.483000,165.521331,21.946023
3.483500,170.781718,21.946023
3.483500,165.176168,21.946023
3.483500,170.781492,21.946023
3.483500,165.176539,21.946023
3.484000,170.500803,21.946023
3.484000,164.886934,21.946023
3.484000,170.500797,21.946023
3.484000,164.887305,21.946023
3.484000,170.500489,21.946023
3.484000,164.887675,21.946023
3.484500,170.255826,21.946023
3.484500,164.634520,21.946023
3.484500,170.255813,21.946023
3.484500,164.634890,21.946023
3.485000,170.008597,21.946023
3.485000,164.378951,21.946023
3.485000,170.008536,21.946023
3.485000,164.379321,21.946023
3.485000,169.761360,21.946023
3.485000,164.122832,21.946023
3.485500,169.761575,21.946023
3.485500,164.123201,21.946023
3.485500,169.512838,21.946023
3.485500,163.865018,21.946023
3.486000,169.512993,21.946023
3.486000,163.865387,21.946023
3.486000,169.274354,21.946023
3.486000,163.617574,21.946023
3.486500,169.274691,21.946023
3.486500,163.617943,21.946023
3.486500,169.034399,21.946023
3.486500,163.368903,21.946023
3.486500,169.035056,21.946023
3.486500,163.369272,21.946023
3.487000,169.034740,21.946023
3.487000,163.369641,21.946023
3.487000,168.789947,21.946023
3.487000,163.116559,21.946023
3.487500,168.790870,21.946023
3.487500,163.116927,21.946023
3.487500,168.542545,21.946023
3.487500,162.860664,21.946023
3.488000,168.542933,21.946023
3.488000,162.861032,21.946023
3.488000,168.303753,21.946023
3.488000,162.613820,21.946023
3.488000,168.303376,21.946023
3.488000,162.614188,21.946023
3.488500,168.061227,21.946023
3.488500,162.364462,21.946023
3.488500,168.060798,21.946023
3.488500,162.364830,21.946023
3.489000,167.803094,21.946023
3.489000,162.100090,21.946023
3.489000,162.493467,21.946023
3.489000,162.100458,21.946023
3.489000,162.227071,21.946023
3.489000,161.843258,21.946023
3.489500,162.227051,21.946023
3.489500,161.843625,21.946023
3.489500,161.949638,21.946023
3.489500,161.574696,21.946023
3.490000,161.949532,21.946023
3.490000,161.575063,21.946023
3.490000,161.691332,21.946023
3.490000,161.324837,21.946023
3.507000,161.691654,21.949900
3.507000,161.325204,21.949900
3.507000,161.691574,21.949900
3.507000,161.325570,21.949900
3.507000,161.424253,21.949900
3.507000,161.065243,21.949900
3.507500,161.424226,21.949900
3.507500,161.065610,21.949900
3.507500,161.140806,21.949900
3.507500,160.788045,21.949900
3.508000,161.141169,21.949900
3.508000,160.788411,21.949900
3.508000,160.858530,21.949900
3.508000,160.511011,21.949900
3.508500,160.858895,21.949900
3.508500,160.511376,21.949900
3.508500,160.600558,21.949900
3.508500,160.258096,21.949900
3.508500,160.601202,21.949900
3.508500,160.258461,21.949900
3.509000,160.360381,21.949900
3.509000,160.022621,21.949900
3.509000,160.361389,21.949900
3.509000,160.022987,21.949900
3.509500,160.134513,21.949900
3.509500,159.801114,21.949900
3.509500,160.134838,21.949900
3.509500,159.801479,21.949900
3.510000,159.922027,21.949900
3.510000,159.593022,21.949900
3.510000,159.922352,21.949900
3.510000,159.593386,21.949900
3.510000,159.923684,21.949900
3.510000,159.593750,21.949900
3.510500,159.727828,21.949900
3.510500,159.402759,21.949900
3.510500,159.729032,21.949900
3.510500,159.403123,21.949900
3.511000,159.562439,21.949900
3.511000,159.241035,21.949900
3.511000,159.563482,21.949900
3.511000,159.241399,21.949900
3.511000,159.409729,21.949900
3.511000,159.091776,21.949900
3.511500,159.410522,21.949900
3.511500,159.092140,21.949900
3.511500,159.272774,21.949900
3.511500,158.958267,21.949900
3.512000,159.273108,21.949900
3.512000,158.958631,21.949900
3.512000,159.126666,21.949900
3.512000,158.815691,21.949900
3.512500,159.126494,21.949900
3.512500,158.816054,21.949900
3.512500,158.994588,21.949900
3.512500,158.687596,21.949900
3.512500,158.994914,21.949900
3.512500,158.687959,21.949900
3.513000,158.888727,21.949900
3.513000,158.585209,21.949900
3.513000,158.889053,21.949900
3.513000,158.585572,21.949900
3.513500,158.805709,21.949900
3.513500,158.504702,21.949900
3.513500,158.806035,21.949900
3.513500,158.505065,21.949900
3.514000,158.806782,21.949900
3.514000,158.505427,21.949900
3.514000,158.730702,21.949900
3.514000,158.431513,21.949900
3.514000,158.731542,21.949900
3.514000,158.431875,21.949900
3.514500,158.666180,21.949900
3.514500,158.368126,21.949900
3.514500,158.667249,21.949900
3.514500,158.368488,21.949900
3.515000,158.622241,21.949900
3.515000,158.324765,21.949900
3.515000,158.623071,21.949900
3.515000,158.325127,21.949900
3.515000,158.562618,21.949900
3.515000,158.265654,21.949900
3.515500,158.562944,21.949900
3.515500,158.266015,21.949900
3.515500,158.503666,21.949900
3.515500,158.206969,21.949900
3.516000,158.503992,21.949900
3.516000,158.207330,21.949900
3.516000,158.472739,21.949900
3.516000,158.175950,21.949900
3.516500,158.473064,21.949900
3.516500,158.176311,21.949900
3.516500,158.474250,21.949900
3.516500,158.176672,21.949900
3.516500,158.486768,21.949900
3.516500,158.189843,21.949900
3.517000,158.487445,21.949900
3.517000,158.190204,21.949900
3.517000,158.498746,21.949900
3.517000,158.201938,21.949900
3.517500,158.499149,21.949900
3.517500,158.202298,21.949900
3.517500,158.511168,21.949900
3.517500,158.214345,21.949900
3.518000,158.511870,21.949900
3.518000,158.214706,21.949900
3.518000,158.542064,21.949900
3.518000,158.244636,21.949900
3.518000,158.542875,21.949900
3.518000,158.244996,21.949900
3.518500,158.586651,21.949900
3.518500,158.288089,21.949900
3.518500,158.586975,21.949900
3.518500,158.288450,21.949900
3.519000,158.639896,21.949900
3.519000,158.339731,21.949900
3.519000,158.640220,21.949900
3.519000,158.340091,21.949900
3.528500,158.698541,21.954267
3.528500,158.396265,21.954267
3.528500,158.698865,21.954267
3.528500,158.396625,21.954267
3.528500,158.782913,21.954267
3.528500,158.478017,21.954267
3.529000,158.783236,21.954267
3.529000,158.478377,21.954267
3.529000,158.784671,21.954267
3.529000,158.478737,21.954267
3.529500,158.879874,21.954267
3.529500,158.572256,21.954267
3.529500,158.881221,21.954267
3.529500,158.572616,21.954267
3.529500,159.002127,21.954267
3.529500,158.691911,21.954267
3.530000,159.003495,21.954267
3.530000,158.692270,21.954267
3.530000,159.148052,21.954267
3.530000,158.835103,21.954267
3.530500,159.148374,21.954267
3.530500,158.835462,21.954267
3.530500,159.298498,21.954267
3.530500,158.982625,21.954267
3.531000,159.298819,21.954267
3.531000,158.982984,21.954267
3.531000,159.456554,21.954267
3.531000,159.137574,21.954267
3.531000,159.456875,21.954267
3.531000,159.137934,21.954267
3.531500,159.613657,21.954267
3.531500,159.291610,21.954267
3.531500,159.613977,21.954267
3.531500,159.291969,21.954267
3.532000,159.780269,21.954267
3.532000,159.454981,21.954267
3.532000,159.780589,21.954267
3.532000,159.455340,21.954267
3.532500,159.781175,21.954267
3.532500,159.455699,21.954267
3.532500,159.955448,21.954267
3.532500,159.626794,21.954267
3.532500,159.956122,21.954267
3.532500,159.627153,21.954267
3.533000,160.132379,21.954267
3.533000,159.799669,21.954267
3.533000,160.133271,21.954267
3.533000,159.800027,21.954267
3.533500,160.319515,21.954267
3.533500,159.982224,21.954267
3.533500,160.319833,21.954267
3.533500,159.982583,21.954267
3.533500,160.534576,21.954267
3.533500,160.192204,21.954267
3.534000,160.534893,21.954267
3.534000,160.192563,21.954267
3.534000,160.750455,21.954267
3.534000,160.402252,21.954267
3.534500,160.750772,21.954267
3.534500,160.402610,21.954267
3.534500,160.927930,21.954267
3.534500,160.573471,21.954267
3.535000,160.928246,21.954267
3.535000,160.573829,21.954267
3.535000,161.063178,21.954267
3.535000,160.702446,21.954267
3.535000,161.063493,21.954267
3.535000,160.702804,21.954267
3.535500,161.062707,21.954267
3.535500,160.703162,21.954267
3.535500,161.168544,21.954267
3.535500,160.801912,21.954267
3.536000,161.167558,21.954267
3.536000,160.802270,21.954267
3.536000,161.201028,21.954267
3.536000,160.827023,21.954267
3.536500,161.201341,21.954267
3.536500,160.827381,21.954267
3.536500,161.276216,21.954267
3.536500,160.894418,21.954267
3.536500,161.276528,21.954267
3.536500,160.894776,21.954267
3.545000,161.367920,21.953762
3.545000,160.978590,21.953762
3.545000,161.368232,21.953762
3.545000,160.978947,21.953762
3.545500,161.479915,21.953762
3.545500,161.083712,21.953762
3.545500,161.480226,21.953762
3.545500,161.084069,21.953762
3.545500,161.641768,21.953762
3.545500,161.238827,21.953762
3.546000,161.642077,21.953762
3.546000,161.239185,21.953762
3.546000,161.807351,21.953762
3.546000,161.398126,21.953762
3.546500,161.807659,21.953762
3.546500,161.398483,21.953762
3.546500,161.808218,21.953762
3.546500,161.398841,21.953762
3.547000,162.045890,21.953762
3.547000,161.630786,21.953762
3.547000,162.046510,21.953762
3.547000,161.631143,21.953762
3.547000,162.271211,21.953762
3.547000,161.849573,21.953762
3.547500,162.271518,21.953762
3.547500,161.849930,21.953762
3.547500,162.445047,21.953762
3.547500,162.016737,21.953762
3.548000,162.445353,21.953762
3.548000,162.017094,21.953762
3.548000,162.592554,21.953762
3.548000,162.157899,21.953762
3.548500,162.592859,21.953762
3.548500,162.158255,21.953762
3.548500,162.728246,21.953762
3.548500,162.287670,21.953762
3.548500,162.728550,21.953762
3.548500,162.288027,21.953762
3.549000,162.889889,21.953762
3.549000,162.443094,21.953762
3.549000,162.890192,21.953762
3.549000,162.443450,21.953762
3.549500,163.089798,21.953762
3.549500,162.636494,21.953762
3.549500,163.090101,21.953762
3.549500,162.636850,21.953762
3.549500,163.089707,21.953762
3.549500,162.637207,21.953762
3.550000,163.251251,21.953762
3.550000,162.791601,21.953762
3.550000,163.251552,21.953762
3.550000,162.791957,21.953762
3.550500,163.418614,21.953762
3.550500,162.952843,21.953762
3.550500,163.418915,21.953762
3.550500,162.953199,21.953762
3.554500,163.580813,21.968192
3.554500,163.108250,21.968192
3.554500,163.581113,21.968192
3.554500,163.108606,21.968192
3.554500,163.705773,21.968192
3.554500,163.226855,21.968192
3.555000,163.706072,21.968192
3.555000,163.227211,21.968192
3.555000,163.798514,21.968192
3.555000,163.314469,21.968192
3.555500,163.798812,21.968192
3.555500,163.314825,21.968192
3.555500,163.904625,21.968192
3.555500,163.415181,21.968192
3.556000,163.904923,21.968192
3.556000,163.415537,21.968192
3.556000,164.010734,21.968192
3.556000,163.515718,21.968192
3.556000,164.011030,21.968192
3.556000,163.516074,21.968192
3.556500,164.009075,21.968192
3.556500,163.516429,21.968192
3.556500,164.104947,21.968192
3.556500,163.603838,21.968192
3.557000,164.105243,21.968192
3.557000,163.604193,21.968192
3.557000,164.206757,21.968192
3.557000,163.699662,21.968192
3.557500,164.207052,21.968192
3.557500,163.700017,21.968192
3.557500,164.304320,21.968192
3.557500,163.792067,21.968192
3.557500,164.304615,21.968192
3.557500,163.792422,21.968192
3.558000,164.391534,21.968192
3.558000,163.874928,21.968192
3.558000,164.391827,21.968192
3.558000,163.875283,21.968192
3.563000,164.457077,21.988644
3.563000,163.936984,21.988644
3.563000,164.457370,21.988644
3.563000,163.937339,21.988644
3.563000,164.487223,21.988644
3.563000,163.963636,21.988644
3.563500,164.487516,21.988644
3.563500,163.963991,21.988644
3.563500,164.499938,21.988644
3.563500,163.972080,21.988644
3.564000,164.500230,21.988644
3.564000,163.972435,21.988644
3.564000,164.495045,21.988644
3.564000,163.963721,21.988644
3.564500,164.495336,21.988644
3.564500,163.964075,21.988644
3.564500,164.495627,21.988644
3.564500,163.964430,21.988644
3.564500,164.513669,21.988644
3.564500,163.979661,21.988644
3.565000,164.513960,21.988644
3.565000,163.980015,21.988644
3.565000,164.564616,21.988644
3.565000,164.026072,21.988644
3.565500,164.564906,21.988644
3.565500,164.026426,21.988644
3.565500,164.590652,21.988644
3.565500,164.045962,21.988644
3.566000,164.590941,21.988644
3.566000,164.046315,21.988644
3.566000,164.583005,21.988644
3.566000,164.033767,21.988644
3.566000,164.583293,21.988644
3.566000,164.034120,21.988644
3.566500,164.596274,21.988644
3.566500,164.042847,21.988644
3.566500,164.596562,21.988644
3.566500,164.043200,21.988644
3.567000,164.653769,21.988644
3.567000,164.095198,21.988644
3.567000,164.654056,21.988644
3.567000,164.095552,21.988644
3.567000,164.698033,21.988644
3.567000,164.131069,21.988644
3.567500,164.695351,21.988644
3.567500,164.131422,21.988644
3.567500,164.695638,21.988644
3.567500,164.131776,21.988644
3.568000,164.707832,21.988644
3.568000,164.139391,21.988644
3.568000,164.708117,21.988644
3.568000,164.139744,21.988644
3.568500,164.714191,21.988644
3.568500,164.141348,21.988644
3.568500,164.714476,21.988644
3.568500,164.141701,21.988644
3.568500,164.708276,21.988644
3.568500,164.131169,21.988644
3.569000,164.708560,21.988644
3.569000,164.131521,21.988644
3.569000,164.710531,21.988644
3.569000,164.127607,21.988644
3.578000,164.710815,22.018797
3.578000,164.127959,22.018797
3.578000,164.714725,22.018797
3.578000,164.125264,22.018797
3.578500,164.715008,22.018797
3.578500,164.125616,22.018797
3.578500,164.712091,22.018797
3.578500,164.113892,22.018797
3.578500,164.709664,22.018797
3.578500,164.114244,22.018797
3.579000,164.717321,22.018797
3.579000,164.113351,22.018797
3.579000,164.715544,22.018797
3.579000,164.113703,22.018797
3.579500,164.715825,22.018797
3.579500,164.114055,22.018797
3.579500,164.740904,22.018797
3.579500,164.133134,22.018797
3.580000,164.741183,22.018797
3.580000,164.133485,22.018797
3.580000,164.754233,22.018797
3.580000,164.140590,22.018797
3.580000,164.754512,22.018797
3.580000,164.140941,22.018797
3.580500,164.774602,22.018797
3.580500,164.154018,22.018797
3.580500,164.774880,22.018797
3.580500,164.154369,22.018797
3.581000,164.777362,22.018797
3.581000,164.149701,22.018797
3.581000,164.777639,22.018797
3.581000,164.150052,22.018797
3.581000,164.748087,22.018797
3.581000,164.112456,22.018797
3.581500,164.748363,22.018797
3.581500,164.112807,22.018797
3.581500,164.718231,22.018797
3.581500,164.072116,22.018797
3.582000,164.716776,22.018797
3.582000,164.072467,22.018797
3.582000,164.717051,22.018797
3.582000,164.072818,22.018797
3.582500,164.694154,22.018797
3.582500,164.040948,22.018797
3.582500,164.694427,22.018797
3.582500,164.041298,22.018797
3.582500,164.666574,22.018797
3.582500,164.004283,22.018797
3.583000,164.666846,22.018797
3.583000,164.004633,22.018797
3.583000,164.664080,22.018797
3.583000,163.993263,22.018797
3.583500,164.664352,22.018797
3.583500,163.993613,22.018797
3.583500,164.685399,22.018797
3.583500,164.006449,22.018797
3.588000,164.685669,22.027602
3.588000,164.006799,22.027602
3.588000,164.711763,22.027602
3.588000,164.025152,22.027602
3.588000,164.712032,22.027602
3.588000,164.025502,22.027602
3.588500,164.708222,22.027602
3.588500,164.016994,22.027602
3.588500,164.708491,22.027602
3.588500,164.017344,22.027602
3.589000,164.686355,22.027602
3.589000,163.985851,22.027602
3.589000,164.680041,22.027602
3.589000,163.986201,22.027602
3.589000,164.647001,22.027602
3.589000,163.943204,22.027602
3.589500,164.640519,22.027602
3.589500,163.943554,22.027602
3.589500,164.640786,22.027602
3.589500,163.943903,22.027602
3.590000,164.605912,22.027602
3.590000,163.903643,22.027602
3.590000,164.606179,22.027602
3.590000,163.903993,22.027602
3.590500,164.569909,22.027602
3.590500,163.860741,22.027602
3.590500,164.570174,22.027602
3.590500,163.861090,22.027602
3.590500,164.559727,22.027602
3.590500,163.839306,22.027602
3.591000,164.559991,22.027602
3.591000,163.839655,22.027602
3.591000,164.560573,22.027602
3.591000,163.828823,22.027602
3.591500,164.560835,22.027602
3.591500,163.829171,22.027602
3.591500,164.560781,22.027602
3.591500,163.819033,22.027602
3.592000,164.562022,22.027602
3.592000,163.819382,22.027602
3.592000,164.510579,22.027602
3.592000,163.760131,22.027602
3.592000,164.512390,22.027602
3.592000,163.760480,22.027602
3.597000,164.459182,22.043266
3.597000,163.699453,22.043266
3.597000,164.461821,22.043266
3.597000,163.699801,22.043266
3.597500,164.417135,22.043266
3.597500,163.647368,22.043266
3.597500,164.422589,22.043266
3.597500,163.647716,22.043266
3.597500,164.422845,22.043266
3.597500,163.648064,22.043266
3.598000,164.395667,22.043266
3.598000,163.606052,22.043266
3.598000,164.395922,22.043266
3.598000,163.606400,22.043266
3.598500,164.411654,22.043266
3.598500,163.606854,22.043266
3.598500,164.411906,22.043266
3.598500,163.607201,22.043266
3.599000,164.441180,22.043266
3.599000,163.620721,22.043266
3.599000,164.441431,22.043266
3.599000,163.621068,22.043266
3.599000,164.470884,22.043266
3.599000,163.641839,22.043266
3.599500,164.477622,22.043266
3.599500,163.642186,22.043266
3.599500,164.561697,22.043266
3.599500,163.714867,22.043266
3.600000,164.568424,22.043266
3.600000,163.715214,22.043266
3.600000,164.652123,22.043266
3.600000,163.787782,22.043266
3.600500,164.659003,22.043266
3.600500,163.788129,22.043266
3.600500,164.659247,22.043266
3.600500,163.788476,22.043266
3.600500,164.732788,22.043266
3.600500,163.844956,22.043266
3.601000,164.733031,22.043266
3.601000,163.845303,22.043266
3.601000,164.783703,22.043266
3.601000,163.878109,22.043266
3.601500,164.783943,22.043266
3.601500,163.878456,22.043266
3.601500,164.815374,22.043266
3.601500,163.891542,22.043266
3.601500,164.815612,22.043266
3.601500,163.891889,22.043266
3.602000,164.834741,22.043266
3.602000,163.900746,22.043266
3.602000,164.842957,22.043266
3.602000,163.901092,22.043266
3.602500,164.849145,22.043266
3.602500,163.899352,22.043266
3.602500,164.857388,22.043266
3.602500,163.899698,22.043266
3.603000,164.862377,22.043266
3.603000,163.896562,22.043266
3.603000,164.871066,22.043266
3.603000,163.896908,22.043266
3.603000,164.867432,22.043266
3.603000,163.885230,22.043266
3.612000,164.874983,22.052319
3.612000,163.885576,22.052319
3.612000,164.875212,22.052319
3.612000,163.885921,22.052319
3.612500,164.903783,22.052319
3.612500,163.896915,22.052319
3.612500,164.904011,22.052319
3.612500,163.897261,22.052319
3.613000,164.900069,22.052319
3.613000,163.876326,22.052319
3.613000,164.900295,22.052319
3.613000,163.876672,22.052319
3.613000,164.837659,22.052319
3.613000,163.798799,22.052319
3.613500,164.837882,22.052319
3.613500,163.799144,22.052319
3.613500,164.723550,22.052319
3.613500,163.676232,22.052319
3.614000,164.729404,22.052319
3.614000,163.676577,22.052319
3.614000,164.573818,22.052319
3.614000,163.513252,22.052319
3.614500,164.579655,22.052319
3.614500,163.513596,22.052319
3.614500,164.359716,22.052319
3.614500,163.288838,22.052319
3.614500,164.365741,22.052319
3.614500,163.289183,22.052319
3.615000,164.177356,22.052319
3.615000,163.095797,22.052319
3.615000,164.184278,22.052319
3.615000,163.096142,22.052319
3.615500,164.066853,22.052319
3.615500,162.973706,22.052319
3.615500,164.073696,22.052319
3.615500,162.974050,22.052319
3.615500,164.073911,22.052319
3.615500,162.974394,22.052319
3.616000,164.034707,22.052319
3.616000,162.923344,22.052319
3.616000,164.034920,22.052319
3.616000,162.923688,22.052319
3.616500,164.049625,22.052319
3.616500,162.932477,22.052319
3.616500,164.057833,22.052319
3.616500,162.932820,22.052319
3.617000,164.144360,22.052319
3.617000,163.010170,22.052319
3.617000,164.150955,22.052319
3.617000,163.010514,22.052319
3.617000,164.241212,22.052319
3.617000,163.091743,22.052319
3.617500,164.246878,22.052319
3.617500,163.092087,22.052319
3.617500,164.327277,22.052319
3.617500,163.163491,22.052319
3.618000,164.332447,22.052319
3.618000,163.163834,22.052319
3.618000,164.316975,22.052319
3.618000,163.143329,22.052319
3.618500,164.320986,22.052319
3.618500,163.143672,22.052319
3.618500,164.261033,22.052319
3.618500,163.078877,22.052319
3.618500,164.264621,22.052319
3.618500,163.079219,22.052319
3.619000,164.264826,22.052319
3.619000,163.079562,22.052319
3.619000,164.242597,22.052319
3.619000,163.045977,22.052319
3.619500,164.242800,22.052319
3.619500,163.046319,22.052319
3.619500,164.260925,22.052319
3.619500,163.055418,22.052319
3.619500,164.264658,22.052319
3.619500,163.055761,22.052319
3.620000,164.350174,22.052319
3.620000,163.132158,22.052319
3.620000,164.353379,22.052319
3.620000,163.132500,22.052319
3.629000,164.505211,22.052477
3.629000,163.275429,22.052477
3.629000,164.507871,22.052477
3.629000,163.275771,22.052477
3.629500,164.608502,22.052477
3.629500,163.372064,22.052477
3.629500,164.610027,22.052477
3.629500,163.372406,22.052477
3.629500,164.719909,22.052477
3.629500,163.475399,22.052477
3.630000,164.720962,22.052477
3.630000,163.475741,22.052477
3.630000,164.798028,22.052477
3.630000,163.547241,22.052477
3.630500,164.798631,22.052477
3.630500,163.547583,22.052477
3.630500,164.798827,22.052477
3.630500,163.547925,22.052477
3.631000,164.790255,22.052477
3.631000,163.538143,22.052477
3.631000,164.790431,22.052477
3.631000,163.538485,22.052477
3.631000,164.778716,22.052477
3.631000,163.526250,22.052477
3.631500,164.778962,22.052477
3.631500,163.526591,22.052477
3.631500,164.779320,22.052477
3.631500,163.527117,22.052477
3.632000,164.779678,22.052477
3.632000,163.527458,22.052477
3.632000,164.806340,22.052477
3.632000,163.555032,22.052477
3.632500,168.183338,22.052477
3.632500,163.555373,22.052477
3.632500,168.227151,22.052477
3.632500,163.598661,22.052477
3.632500,168.225306,22.052477
3.632500,163.599002,22.052477
3.633000,168.268033,22.052477
3.633000,163.640459,22.052477
3.633000,168.266493,22.052477
3.633000,163.640800,22.052477
3.633500,168.308163,22.052477
3.633500,163.680679,22.052477
3.633500,168.306917,22.052477
3.633500,163.681019,22.052477
3.633500,168.306720,22.052477
3.633500,163.681360,22.052477
3.634000,168.452477,22.052477
3.634000,163.823987,22.052477
3.634000,168.451416,22.052477
3.634000,163.824328,22.052477
3.634500,168.629724,22.052477
3.634500,164.002342,22.052477
3.634500,168.629040,22.052477
3.634500,164.002682,22.052477
3.638500,168.797645,22.049941
3.638500,164.170524,22.049941
3.638500,168.797422,22.049941
3.638500,164.170864,22.049941
3.638500,168.957223,22.049941
3.638500,164.329713,22.049941
3.639000,168.957506,22.049941
3.639000,164.330053,22.049941
3.639000,169.117062,22.049941
3.639000,164.488542,22.049941
3.639500,169.118149,22.049941
3.639500,164.488882,22.049941
3.639500,169.203532,22.049941
3.639500,164.573982,22.049941
3.640000,169.205835,22.049941
3.640000,164.574322,22.049941
3.640000,169.293670,22.049941
3.640000,164.661493,22.049941
3.640000,169.293473,22.049941
3.640000,164.661832,22.049941
3.640500,169.393659,22.049941
3.640500,164.756459,22.049941
3.640500,169.393461,22.049941
3.640500,164.756798,22.049941
3.641000,169.397618,22.049941
3.641000,164.757138,22.049941
3.641000,169.509553,22.049941
3.641000,164.867228,22.049941
3.641000,169.514055,22.049941
3.641000,164.867567,22.049941
3.641500,169.620958,22.049941
3.641500,164.971475,22.049941
3.641500,169.625696,22.049941
3.641500,164.971814,22.049941
3.642000,169.727402,22.049941
3.642000,165.070128,22.049941
3.642000,169.731906,22.049941
3.642000,165.070468,22.049941
3.642500,169.830869,22.049941
3.642500,165.165765,22.049941
3.642500,169.830668,22.049941
3.642500,165.166104,22.049941
3.642500,166.546789,22.049941
3.642500,165.353576,22.049941
3.643000,166.541960,22.049941
3.643000,165.353915,22.049941
3.643000,166.638164,22.049941
3.643000,165.454231,22.049941
3.643500,166.638366,22.049941
3.643500,165.454570,22.049941
3.643500,166.689826,22.049941
3.643500,165.519146,22.049941
3.644000,166.690029,22.049941
3.644000,165.519485,22.049941
3.644000,166.684804,22.049941
3.644000,165.519824,22.049941
3.644000,166.842147,22.049941
3.644000,165.685327,22.049941
3.644500,166.835974,22.049941
3.644500,165.685666,22.049941
3.644500,166.991869,22.049941
3.644500,165.849687,22.049941
3.645000,166.983876,22.049941
3.645000,165.850025,22.049941
3.645000,167.134139,22.049941
3.645000,166.008422,22.049941
3.645000,167.125236,22.049941
3.645000,166.008761,22.049941
3.645500,167.155789,22.049941
3.645500,166.046880,22.049941
3.645500,167.146756,22.049941
3.645500,166.047218,22.049941
3.646000,167.206508,22.049941
3.646000,166.112056,22.049941
3.646000,167.206719,22.049941
3.646000,166.112395,22.049941
3.659500,167.251162,22.032231
3.659500,166.170924,22.032231
3.659500,167.251375,22.032231
3.659500,166.171262,22.032231
3.659500,167.283994,22.032231
3.659500,166.217947,22.032231
3.660000,167.284208,22.032231
3.660000,166.218285,22.032231
3.660000,167.277545,22.032231
3.660000,166.218622,22.032231
3.660500,167.427818,22.032231
3.660500,166.375754,22.032231
3.660500,167.422217,22.032231
3.660500,166.376091,22.032231
3.661000,167.562778,22.032231
3.661000,166.525851,22.032231
3.661000,167.558259,22.032231
3.661000,166.526188,22.032231
3.661000,167.721267,22.032231
3.661000,166.698096,22.032231
3.661500,167.716226,22.032231
3.661500,166.698433,22.032231
3.661500,167.798464,22.032231
3.661500,166.789241,22.032231
3.662000,167.798685,22.032231
3.662000,166.789579,22.032231
3.662000,167.858018,22.032231
3.662000,166.863363,22.032231
3.662000,167.858240,22.032231
3.662000,166.863700,22.032231
3.662500,167.926640,22.032231
3.662500,166.944397,22.032231
3.662500,167.926863,22.032231
3.662500,166.944734,22.032231
3.663000,168.054578,22.032231
3.663000,167.086271,22.032231
3.663000,168.054803,22.032231
3.663000,167.086608,22.032231
3.663500,168.047945,22.032231
3.663500,167.086945,22.032231
3.663500,168.133039,22.032231
3.663500,167.181247,22.032231
3.663500,168.127063,22.032231
3.663500,167.181584,22.032231
3.664000,168.224918,22.032231
3.664000,167.289517,22.032231
3.664000,168.220333,22.032231
3.664000,167.289853,22.032231
3.664500,168.335765,22.032231
3.664500,167.415922,22.032231
3.664500,168.332464,22.032231
3.664500,167.416259,22.032231
3.665000,168.491675,22.032231
3.665000,167.583293,22.032231
3.665000,168.491907,22.032231
3.665000,167.583629,22.032231
3.665000,168.627885,22.032231
3.665000,167.731014,22.032231
3.665500,168.628117,22.032231
3.665500,167.731350,22.032231
3.665500,168.713263,22.032231
3.665500,167.826715,22.032231
3.666000,168.713496,22.032231
3.666000,167.827051,22.032231
3.666000,168.862965,22.032231
3.666000,167.986959,22.032231
3.666500,168.863200,22.032231
3.666500,167.987294,22.032231
3.666500,168.859945,22.032231
3.666500,167.987630,22.032231
3.666500,169.016218,22.032231
3.666500,168.149211,22.032231
3.667000,169.012760,22.032231
3.667000,168.149546,22.032231
3.667000,169.096977,22.032231
3.667000,168.240563,22.032231
3.667500,169.093759,22.032231
3.667500,168.240899,22.032231
3.667500,169.148841,22.032231
3.667500,168.303467,22.032231
3.667500,169.149079,22.032231
3.667500,168.303803,22.032231
3.668000,169.196784,22.032231
3.668000,168.361866,22.032231
3.668000,169.197023,22.032231
3.668000,168.362202,22.032231
3.668500,169.250675,22.032231
3.668500,168.426068,22.032231
3.668500,169.250915,22.032231
3.668500,168.426404,22.032231
3.669000,169.318698,22.032231
3.669000,168.502092,22.032231
3.669000,169.318939,22.032231
3.669000,168.502427,22.032231
3.669000,169.401887,22.032231
3.669000,168.592178,22.032231
3.669500,169.402129,22.032231
3.669500,168.592513,22.032231
3.669500,169.517182,22.032231
3.669500,168.713426,22.032231
3.670000,169.517424,22.032231
3.670000,168.713761,22.032231
3.670000,169.519110,22.032231
3.670000,168.714095,22.032231
3.679000,169.658832,22.037340
3.679000,168.859977,22.037340
3.679000,169.661407,22.037340
3.679000,168.860311,22.037340
3.679000,169.800078,22.037340
3.679000,169.005017,22.037340
3.679500,169.800321,22.037340
3.679500,169.005352,22.037340
3.679500,169.917174,22.037340
3.679500,169.127956,22.037340
3.680000,169.917418,22.037340
3.680000,169.128291,22.037340
3.680000,170.029309,22.037340
3.680000,169.246323,22.037340
3.680000,170.029553,22.037340
3.680000,169.246658,22.037340
3.680500,170.044065,22.037340
3.680500,169.270120,22.037340
3.680500,170.044310,22.037340
3.680500,169.270454,22.037340
3.681000,170.026557,22.037340
3.681000,169.262150,22.037340
3.681000,170.026803,22.037340
3.681000,169.262484,22.037340
3.681500,170.005213,22.037340
3.681500,169.249204,22.037340
3.681500,170.005460,22.037340
3.681500,169.249538,22.037340
3.681500,170.014110,22.037340
3.681500,169.249872,22.037340
3.682000,170.050599,22.037340
3.682000,169.294881,22.037340
3.682000,170.058607,22.037340
3.682000,169.295214,22.037340
3.682500,170.102822,22.037340
3.682500,169.348474,22.037340
3.682500,170.103069,22.037340
3.682500,169.348808,22.037340
3.683000,170.176320,22.037340
3.683000,169.425495,22.037340
3.683000,170.176567,22.037340
3.683000,169.425828,22.037340
3.683000,170.246128,22.037340
3.683000,169.497456,22.037340
3.683500,170.246375,22.037340
3.683500,169.497789,22.037340
3.683500,170.286978,22.037340
3.683500,169.539921,22.037340
3.684000,170.287226,22.037340
3.684000,169.540254,22.037340
3.684000,170.290655,22.037340
3.684000,169.540587,22.037340
3.684500,170.321800,22.037340
3.684500,169.577816,22.037340
3.684500,170.329429,22.037340
3.684500,169.591324,22.037340
3.684500,170.329677,22.037340
3.684500,169.591657,22.037340
3.685000,170.331816,22.037340
3.685000,169.591990,22.037340
3.685000,170.324352,22.037340
3.685000,169.592847,22.037340
3.685500,170.324601,22.037340
3.685500,169.593179,22.037340
3.685500,170.324565,22.037340
3.685500,169.599506,22.037340
3.685500,170.324814,22.037340
3.685500,169.599838,22.037340
3.686000,170.326330,22.037340
3.686000,169.607984,22.037340
3.686000,170.326580,22.037340
3.686000,169.608316,22.037340
3.686500,170.381945,22.037340
3.686500,169.669019,22.037340
3.686500,170.382195,22.037340
3.686500,169.669351,22.037340
3.687000,174.824234,22.037340
3.687000,169.720020,22.037340
3.687000,174.823983,22.037340
3.687000,169.720351,22.037340
3.687000,174.900790,22.037340
3.687000,169.792434,22.037340
3.687500,174.900538,22.037340
3.687500,169.792765,22.037340
3.687500,174.986332,22.037340
3.687500,169.875051,22.037340
3.688000,174.986080,22.037340
3.688000,169.875382,22.037340
3.688000,174.981676,22.037340
3.688000,169.875714,22.037340
3.688500,175.050859,22.037340
3.688500,169.938535,22.037340
3.688500,175.050607,22.037340
3.688500,169.938866,22.037340
3.688500,175.063186,22.037340
3.688500,169.948023,22.037340
3.689000,175.062933,22.037340
3.689000,169.948355,22.037340
3.689000,175.031883,22.037340
3.689000,169.911956,22.037340
3.689500,175.031630,22.037340
3.689500,169.912287,22.037340
3.689500,174.999233,22.037340
3.689500,169.872955,22.037340
3.689500,174.998979,22.037340
3.689500,169.873286,22.037340
3.690000,174.916644,22.037340
3.690000,169.783947,22.037340
3.690000,174.916389,22.037340
3.690000,169.784277,22.037340
3.690500,174.793526,22.037340
3.690500,169.653130,22.037340
3.690500,174.793270,22.037340
3.690500,169.653460,22.037340
3.691000,174.667677,22.037340
3.691000,169.520925,22.037340
3.691000,174.667420,22.037340
3.691000,169.521256,22.037340
3.691000,174.667164,22.037340
3.691000,169.521586,22.037340
3.691500,174.603990,22.037340
3.691500,169.452262,22.037340
3.691500,174.603733,22.037340
3.691500,169.452592,22.037340
3.692000,174.493634,22.037340
3.692000,169.336694,22.037340
3.692000,174.493376,22.037340
3.692000,169.337024,22.037340
3.692500,174.406354,22.037340
3.692500,169.244381,22.037340
3.692500,174.406096,22.037340
3.692500,169.244710,22.037340
3.692500,174.365880,22.037340
3.692500,169.199375,22.037340
3.693000,174.365621,22.037340
3.693000,169.199705,22.037340
3.693000,174.314386,22.037340
3.693000,169.143467,22.037340
3.693500,174.314127,22.037340
3.693500,169.143796,22.037340
3.693500,169.724134,22.037340
3.693500,169.112461,22.037340
3.693500,169.724393,22.037340
3.693500,169.112790,22.037340
3.694000,169.676698,22.037340
3.694000,169.070971,22.037340
3.694000,169.676958,22.037340
3.694000,169.071301,22.037340
3.694500,169.677218,22.037340
3.694500,169.071630,22.037340
3.694500,169.613283,22.037340
3.694500,169.013505,22.037340
3.695000,169.613544,22.037340
3.695000,169.013834,22.037340
3.695000,169.521348,22.037340
3.695000,168.927373,22.037340
3.695000,169.521609,22.037340
3.695000,168.927702,22.037340
3.720000,169.397971,22.035170
3.720000,168.808520,22.035170
3.720000,169.398233,22.035170
3.720000,168.808849,22.035170
3.720500,169.261407,22.035170
3.720500,168.676711,22.035170
3.720500,169.261668,22.035170
3.720500,168.677039,22.035170
3.721000,169.092178,22.035170
3.721000,168.513639,22.035170
3.721000,169.092440,22.035170
3.721000,168.513967,22.035170
3.721000,168.911239,22.035170
3.721000,168.339796,22.035170
3.721500,168.911502,22.035170
3.721500,168.340124,22.035170
3.721500,168.733046,22.035170
3.721500,168.167753,22.035170
3.722000,168.733102,22.035170
3.722000,168.168081,22.035170
3.722000,168.733365,22.035170
3.722000,168.168409,22.035170
3.722000,168.553999,22.035170
3.722000,167.995575,22.035170
3.722500,168.554263,22.035170
3.722500,167.995903,22.035170
3.722500,168.400565,22.035170
3.722500,167.848930,22.035170
3.723000,168.400829,22.035170
3.723000,167.849258,22.035170
3.723000,168.271903,22.035170
3.723000,167.727113,22.035170
3.723500,168.272168,22.035170
3.723500,167.727440,22.035170
3.723500,168.159240,22.035170
3.723500,167.621512,22.035170
3.723500,168.159506,22.035170
3.723500,167.621839,22.035170
3.724000,168.017298,22.035170
3.724000,167.487513,22.035170
3.724000,168.017565,22.035170
3.724000,167.487840,22.035170
3.724500,167.833517,22.035170
3.724500,167.311795,22.035170
3.724500,167.833785,22.035170
3.724500,167.312122,22.035170
3.725000,167.634355,22.035170
3.725000,167.118995,22.035170
3.725000,167.631834,22.035170
3.725000,167.119322,22.035170
3.725000,167.420706,22.035170
3.725000,166.915010,22.035170
3.725500,167.417967,22.035170
3.725500,166.915336,22.035170
3.725500,167.418236,22.035170
3.725500,166.915662,22.035170
3.726000,167.224226,22.035170
3.726000,166.731509,22.035170
3.726000,167.224496,22.035170
3.726000,166.731835,22.035170
3.726500,167.023764,22.035170
3.726500,166.539846,22.035170
3.726500,167.024034,22.035170
3.726500,166.540171,22.035170
3.726500,166.827095,22.035170
3.726500,166.350623,22.035170
3.727000,166.827367,22.035170
3.727000,166.350949,22.035170
3.727000,166.637107,22.035170
3.727000,166.167980,22.035170
3.727500,166.637379,22.035170
3.727500,166.168306,22.035170
3.727500,166.448974,22.035170
3.727500,165.987177,22.035170
3.727500,166.449540,22.035170
3.727500,165.987502,22.035170
3.728000,166.251501,22.035170
3.728000,165.796175,22.035170
3.728000,166.251840,22.035170
3.728000,165.796500,22.035170
3.728500,166.033577,22.035170
3.728500,165.584540,22.035170
3.728500,166.033205,22.035170
3.728500,165.584865,22.035170
3.729000,166.033479,22.035170
3.729000,165.585189,22.035170
3.729000,165.818469,22.035170
3.729000,165.377092,22.035170
3.729000,165.818743,22.035170
3.729000,165.377417,22.035170
3.729500,165.586268,22.035170
3.729500,165.151798,22.035170
3.729500,165.586543,22.035170
3.729500,165.152122,22.035170
3.730000,165.358713,22.035170
3.730000,164.931069,22.035170
3.730000,165.358989,22.035170
3.730000,164.931393,22.035170
3.730500,165.134898,22.035170
3.730500,164.714121,22.035170
3.730500,165.135174,22.035170
3.730500,164.714445,22.035170
3.730500,164.922942,22.035170
3.730500,164.507261,22.035170
3.731000,164.921407,22.035170
3.731000,164.507584,22.035170
3.731000,164.921684,22.035170
3.731000,164.507908,22.035170
3.731500,164.719028,22.035170
3.731500,164.312007,22.035170
3.731500,164.522204,22.035170
3.731500,164.120242,22.035170
3.731500,164.521292,22.035170
3.731500,164.120565,22.035170
3.732000,164.521570,22.035170
3.732000,164.120888,22.035170
3.732000,164.331169,22.035170
3.732000,163.936107,22.035170
3.732500,164.331447,22.035170
3.732500,163.936430,22.035170
3.732500,164.127569,22.035170
3.732500,163.737587,22.035170
3.733000,164.127848,22.035170
3.733000,163.737910,22.035170
3.733000,163.919978,22.035170
3.733000,163.534548,22.035170
3.733000,163.920257,22.035170
3.733000,163.534871,22.035170
3.733500,163.722316,22.035170
3.733500,163.340797,22.035170
3.733500,163.722590,22.035170
3.733500,163.341119,22.035170
3.734000,163.518856,22.035170
3.734000,163.140613,22.035170
3.734000,163.519474,22.035170
3.734000,163.140935,22.035170
3.734500,163.335179,22.035170
3.734500,162.959718,22.035170
3.734500,163.336500,22.035170
3.734500,162.960040,22.035170
3.734500,163.152615,22.035170
3.734500,162.778912,22.035170
3.735000,163.154526,22.035170
3.735000,162.779233,22.035170
3.735000,163.154805,22.035170
3.735000,162.779555,22.035170
3.735500,162.978281,22.035170
3.735500,162.604047,22.035170
3.735500,162.978560,22.035170
3.735500,162.604369,22.035170
3.744000,162.787825,22.020118
3.744000,162.414279,22.020118
3.744000,162.788104,22.020118
3.744000,162.414600,22.020118
3.744000,162.611984,22.020118
3.744000,162.238713,22.020118
3.744500,162.612263,22.020118
3.744500,162.239034,22.020118
3.744500,162.440832,22.020118
3.744500,162.069737,22.020118
3.745000,162.443596,22.020118
3.745000,162.070058,22.020118
3.745000,162.295238,22.020118
3.745000,161.923628,22.020118
3.745000,162.298286,22.020118
3.745000,161.923949,22.020118
3.745500,162.179259,22.020118
3.745500,161.806680,22.020118
3.745500,162.182571,22.020118
3.745500,161.807001,22.020118
3.746000,162.082591,22.020118
3.746000,161.708666,22.020118
3.746000,162.086069,22.020118
3.746000,161.708986,22.020118
3.746500,162.086346,22.020118
3.746500,161.709306,22.020118
3.746500,161.997338,22.020118
3.746500,161.618857,22.020118
3.746500,161.997615,22.020118
3.746500,161.619177,22.020118
3.747000,161.908620,22.020118
3.747000,161.529159,22.020118
3.747000,161.908897,22.020118
3.747000,161.529479,22.020118
3.747500,161.822794,22.020118
3.747500,161.442549,22.020118
3.747500,161.823071,22.020118
3.747500,161.442869,22.020118
3.748000,161.729808,22.020118
3.748000,161.350331,22.020118
3.748000,161.731858,22.020118
3.748000,161.350650,22.020118
3.748000,161.637276,22.020118
3.748000,161.256338,22.020118
3.748500,161.639338,22.020118
3.748500,161.256657,22.020118
3.748500,161.555885,22.020118
3.748500,161.173131,22.020118
3.749000,161.557788,22.020118
3.749000,161.173450,22.020118
3.749000,161.558063,22.020118
3.749000,161.173769,22.020118
3.749000,161.468827,22.020118
3.749000,161.082710,22.020118
3.749500,161.469102,22.020118
3.749500,161.083029,22.020118
3.749500,161.376334,22.020118
3.749500,160.988514,22.020118
3.750000,161.376609,22.020118
3.750000,160.988833,22.020118
3.750000,161.289835,22.020118
3.750000,160.900481,22.020118
3.750500,161.290109,22.020118
3.750500,160.900800,22.020118
3.750500,161.228688,22.020118
3.750500,160.839080,22.020118
3.750500,161.229915,22.020118
3.750500,160.839399,22.020118
3.751000,161.197935,22.020118
3.751000,160.807256,22.020118
3.751000,161.198834,22.020118
3.751000,160.807574,22.020118
3.751500,161.185802,22.020118
3.751500,160.794614,22.020118
3.751500,161.186441,22.020118
3.751500,160.794932,22.020118
3.752000,161.173912,22.020118
3.752000,160.782504,22.020118
3.752000,161.174393,22.020118
3.752000,160.782822,22.020118
3.752000,161.163262,22.020118
3.752000,160.772067,22.020118
3.761000,161.163553,21.993566
3.761000,160.772385,21.993566
3.761000,161.163826,21.993566
3.761000,160.772703,21.993566
3.761500,161.160422,21.993566
3.761500,160.769829,21.993566
3.761500,161.160695,21.993566
3.761500,160.770146,21.993566
3.761500,161.159096,21.993566
3.761500,160.768855,21.993566
3.762000,161.159369,21.993566
3.762000,160.769172,21.993566
3.762000,161.138335,21.993566
3.762000,160.748113,21.993566
3.762500,161.138507,21.993566
3.762500,160.748430,21.993566
3.762500,161.108763,21.993566
3.762500,160.718491,21.993566
3.763000,161.109013,21.993566
3.763000,160.718808,21.993566
3.763000,161.076180,21.993566
3.763000,160.685453,21.993566
3.763000,161.076638,21.993566
3.763000,160.685770,21.993566
3.763500,161.051310,21.993566
3.763500,160.659752,21.993566
3.763500,161.051996,21.993566
3.763500,160.660069,21.993566
3.764000,161.035355,21.993566
3.764000,160.642781,21.993566
3.764000,161.036425,21.993566
3.764000,160.643098,21.993566
3.764500,161.028971,21.993566
3.764500,160.635029,21.993566
3.764500,161.030371,21.993566
3.764500,160.635345,21.993566
3.764500,161.030643,21.993566
3.764500,160.635662,21.993566
3.765000,161.024329,21.993566
3.765000,160.628743,21.993566
3.765000,161.026076,21.993566
3.765000,160.629059,21.993566
3.765500,161.013606,21.993566
3.765500,160.615998,21.993566
3.765500,161.015279,21.993566
3.765500,160.616314,21.993566
3.765500,161.003385,21.993566
3.765500,160.603910,21.993566
3.766000,161.004963,21.993566
3.766000,160.604226,21.993566
3.766000,161.006002,21.993566
3.766000,160.604800,21.993566
3.766500,165.847256,21.993566
3.766500,160.605116,21.993566
3.766500,165.826170,21.993566
3.766500,160.585168,21.993566
3.767000,165.824410,21.993566
3.767000,160.585484,21.993566
3.767000,165.802298,21.993566
3.767000,160.564308,21.993566
3.767000,165.800766,21.993566
3.767000,160.564623,21.993566
3.767500,165.775353,21.993566
3.767500,160.540280,21.993566
3.767500,165.774112,21.993566
3.767500,160.540595,21.993566
3.768000,165.773841,21.993566
3.768000,160.540911,21.993566
3.768000,165.751385,21.993566
3.768000,160.519503,21.993566
3.768500,165.750450,21.993566
3.768500,160.519818,21.993566
3.768500,165.718216,21.993566
3.768500,160.488734,21.993566
3.768500,165.717417,21.993566
3.768500,160.489049,21.993566
3.769000,165.689958,21.993566
3.769000,160.462654,21.993566
3.769000,165.689126,21.993566
3.769000,160.462969,21.993566
3.769500,165.664372,21.993566
3.769500,160.439327,21.993566
3.769500,165.663629,21.993566
3.769500,160.439642,21.993566
3.780000,165.628869,21.983301
3.780000,160.406109,21.983301
3.780000,165.628251,21.983301
3.780000,160.406424,21.983301
3.780000,165.584460,21.983301
3.780000,160.364012,21.983301
3.780500,165.584191,21.983301
3.780500,160.364326,21.983301
3.780500,165.535406,21.983301
3.780500,160.317381,21.983301
3.781000,165.535138,21.983301
3.781000,160.317696,21.983301
3.781000,165.534515,21.983301
3.781000,160.318010,21.983301
3.781000,165.476820,21.983301
3.781000,160.261769,21.983301
3.781500,165.476260,21.983301
3.781500,160.262083,21.983301
3.781500,165.413402,21.983301
3.781500,160.200625,21.983301
3.782000,165.413026,21.983301
3.782000,160.200939,21.983301
3.782000,165.340554,21.983301
3.782000,160.129865,21.983301
3.782500,165.340401,21.983301
3.782500,160.130178,21.983301
3.782500,165.264113,21.983301
3.782500,160.054997,21.983301
3.782500,165.264338,21.983301
3.782500,160.055310,21.983301
3.783000,165.201232,21.983301
3.783000,159.992999,21.983301
3.783000,165.201851,21.983301
3.783000,159.993313,21.983301
3.783500,165.157493,21.983301
3.783500,159.949676,21.983301
3.783500,165.158152,21.983301
3.783500,159.949989,21.983301
3.784000,165.110956,21.983301
3.784000,159.903580,21.983301
3.784000,165.110688,21.983301
3.784000,159.903893,21.983301
3.784000,165.111116,21.983301
3.784000,159.904205,21.983301
3.784500,165.080070,21.983301
3.784500,159.873776,21.983301
3.784500,165.080203,21.983301
3.784500,159.874088,21.983301
3.785000,165.045856,21.983301
3.785000,159.840095,21.983301
3.785000,160.248467,21.983301
3.785000,159.840407,21.983301
3.785000,160.216510,21.983301
3.785000,159.809195,21.983301
3.785500,160.216447,21.983301
3.785500,159.809507,21.983301
3.785500,160.195202,21.983301
3.785500,159.789100,21.983301
3.786000,160.195174,21.983301
3.786000,159.789412,21.983301
3.786000,160.172757,21.983301
3.786000,159.767737,21.983301
3.786500,160.172942,21.983301
3.786500,159.768049,21.983301
3.786500,160.133195,21.983301
3.786500,159.728836,21.983301
3.786500,160.133461,21.983301
3.786500,159.729148,21.983301
3.787000,164.880497,21.983301
3.787000,159.677942,21.983301
3.787000,164.880230,21.983301
3.787000,159.678253,21.983301
3.787500,164.879766,21.983301
3.787500,159.678565,21.983301
3.787500,164.836521,21.983301
3.787500,159.636104,21.983301
3.788000,164.836187,21.983301
3.788000,159.636416,21.983301
3.788000,164.794199,21.983301
3.788000,159.595207,21.983301
3.788000,164.793834,21.983301
3.788000,159.595519,21.983301
3.795000,164.763531,21.965750
3.795000,159.565840,21.965750
3.795000,164.763124,21.965750
3.795000,159.566151,21.965750
3.795500,164.753240,21.965750
3.795500,159.556387,21.965750
3.795500,164.752728,21.965750
3.795500,159.556699,21.965750
3.796000,164.750736,21.965750
3.796000,159.554558,21.965750
3.796000,164.750326,21.965750
3.796000,159.554869,21.965750
3.796000,164.750688,21.965750
3.796000,159.555265,21.965750
3.796500,164.750421,21.965750
3.796500,159.555576,21.965750
3.796500,164.752182,21.965750
3.796500,159.557403,21.965750
3.797000,164.751915,21.965750
3.797000,159.557714,21.965750
3.797000,164.751656,21.965750
3.797000,159.558024,21.965750
3.797000,164.758526,21.965750
3.797000,159.564806,21.965750
3.797500,164.758032,21.965750
3.797500,159.565116,21.965750
3.797500,164.756371,21.965750
3.797500,159.563425,21.965750
3.798000,164.755855,21.965750
3.798000,159.563735,21.965750
3.798000,164.754369,21.965750
3.798000,159.562258,21.965750
3.798500,164.753991,21.965750
3.798500,159.562569,21.965750
3.798500,164.736053,21.965750
3.798500,159.544947,21.965750
3.798500,164.735716,21.965750
3.798500,159.545258,21.965750
3.799000,164.718166,21.965750
3.799000,159.528159,21.965750
3.799000,164.717900,21.965750
3.799000,159.528469,21.965750
3.799500,164.691540,21.965750
3.799500,159.502977,21.965750
3.799500,164.691274,21.965750
3.799500,159.503287,21.965750
3.800000,164.663720,21.965750
3.800000,159.476688,21.965750
3.800000,164.663454,21.965750
3.800000,159.476997,21.965750
3.800000,164.662816,21.965750
3.800000,159.477307,21.965750
3.800500,164.645087,21.965750
3.800500,159.459962,21.965750
3.800500,164.644779,21.965750
3.800500,159.460271,21.965750
3.801000,164.628809,21.965750
3.801000,159.444675,21.965750
3.801000,164.628559,21.965750
3.801000,159.444985,21.965750
3.801000,164.601055,21.965750
3.801000,159.418015,21.965750
3.801500,164.600858,21.965750
3.801500,159.418324,21.965750
3.801500,164.566223,21.965750
3.801500,159.384281,21.965750
3.802000,164.566149,21.965750
3.802000,159.384590,21.965750
3.802000,164.534215,21.965750
3.802000,159.353306,21.965750
3.802500,164.533949,21.965750
3.802500,159.353615,21.965750
3.802500,164.506142,21.965750
3.802500,159.326113,21.965750
3.802500,164.505877,21.965750
3.802500,159.326421,21.965750
3.803000,164.475270,21.965750
3.803000,159.296080,21.965750
3.803000,164.475005,21.965750
3.803000,159.296388,21.965750
3.803500,164.447045,21.965750
3.803500,159.268605,21.965750
3.803500,164.446780,21.965750
3.803500,159.268914,21.965750
3.804000,164.446669,21.965750
3.804000,159.269222,21.965750
3.804000,164.418845,21.965750
3.804000,159.241926,21.965750
3.804000,164.418604,21.965750
3.804000,159.242235,21.965750
3.804500,164.408869,21.965750
3.804500,159.232854,21.965750
3.804500,164.408647,21.965750
3.804500,159.233162,21.965750
3.805000,164.421241,21.965750
3.805000,159.245645,21.965750
3.805000,164.420977,21.965750
3.805000,159.245953,21.965750
3.805000,164.417839,21.965750
3.805000,159.242621,21.965750
3.805500,164.417574,21.965750
3.805500,159.242929,21.965750
3.805500,164.408558,21.965750
3.805500,159.233898,21.965750
3.806000,164.408293,21.965750
3.806000,159.234206,21.965750
3.806000,164.393168,21.965750
3.806000,159.219453,21.965750
3.823000,164.392903,21.946795
3.823000,159.219760,21.946795
3.823000,164.363300,21.946795
3.823000,159.190697,21.946795
3.823000,164.363036,21.946795
3.823000,159.191004,21.946795
3.823500,164.362974,21.946795
3.823500,159.191311,21.946795
3.823500,164.332417,21.946795
3.823500,159.161389,21.946795
3.824000,159.552790,21.946795
3.824000,159.161697,21.946795
3.824000,159.529126,21.946795
3.824000,159.138273,21.946795
3.824500,159.529149,21.946795
3.824500,159.138580,21.946795
3.824500,159.512762,21.946795
3.824500,159.122405,21.946795
3.824500,159.513025,21.946795
3.824500,159.122712,21.946795
3.825000,159.505169,21.946795
3.825000,159.115322,21.946795
3.825000,159.505432,21.946795
3.825000,159.115629,21.946795
3.825500,159.492796,21.946795
3.825500,159.103459,21.946795
3.825500,159.493059,21.946795
3.825500,159.103766,21.946795
3.825500,159.475651,21.946795
3.825500,159.086979,21.946795
3.826000,159.475914,21.946795
3.826000,159.087285,21.946795
3.826000,159.449655,21.946795
3.826000,159.061726,21.946795
3.826500,159.449919,21.946795
3.826500,159.062033,21.946795
3.826500,159.449860,21.946795
3.826500,159.062339,21.946795
3.827000,159.427063,21.946795
3.827000,159.039946,21.946795
3.827000,159.427014,21.946795
3.827000,159.040252,21.946795
3.827000,159.408052,21.946795
3.827000,159.021658,21.946795
3.827500,159.408315,21.946795
3.827500,159.021964,21.946795
3.827500,159.380020,21.946795
3.827500,158.993860,21.946795
3.828000,159.380283,21.946795
3.828000,158.994166,21.946795
3.828000,159.342764,21.946795
3.828000,158.956788,21.946795
3.828500,159.343027,21.946795
3.828500,158.957094,21.946795
3.828500,159.308392,21.946795
3.828500,158.922836,21.946795
3.828500,159.308655,21.946795
3.828500,158.923142,21.946795
3.829000,159.268240,21.946795
3.829000,158.883253,21.946795
3.829000,159.268502,21.946795
3.829000,158.883558,21.946795
3.829500,159.207940,21.946795
3.829500,158.823633,21.946795
3.829500,159.208203,21.946795
3.829500,158.823938,21.946795
3.830000,159.208316,21.946795
3.830000,158.824243,21.946795
3.830000,159.136343,21.946795
3.830000,158.752591,21.946795
3.830000,159.136443,21.946795
3.830000,158.752896,21.946795
3.830500,159.071515,21.946795
3.830500,158.688243,21.946795
3.830500,159.071778,21.946795
3.830500,158.688548,21.946795
3.831000,159.019975,21.946795
3.831000,158.637090,21.946795
3.831000,159.020237,21.946795
3.831000,158.637394,21.946795
3.831000,158.971326,21.946795
3.831000,158.588590,21.946795
3.831500,158.971588,21.946795
3.831500,158.588894,21.946795
3.831500,158.939545,21.946795
3.831500,158.557366,21.946795
3.832000,158.939807,21.946795
3.832000,158.557670,21.946795
3.832000,158.925939,21.946795
3.832000,158.544507,21.946795
3.832500,158.926201,21.946795
3.832500,158.544811,21.946795
3.832500,158.902205,21.946795
3.832500,158.521658,21.946795
3.832500,158.902467,21.946795
3.832500,158.521962,21.946795
3.833000,158.902737,21.946795
3.833000,158.522266,21.946795
3.833000,158.854279,21.946795
3.833000,158.474862,21.946795
3.833500,158.854541,21.946795
3.833500,158.475166,21.946795
3.833500,158.776097,21.946795
3.833500,158.397831,21.946795
3.839500,158.776359,21.937157
3.839500,158.398135,21.937157
3.839500,158.703991,21.937157
3.839500,158.326563,21.937157
3.839500,158.704253,21.937157
3.839500,158.326867,21.937157
3.840000,158.630299,21.937157
3.840000,158.253258,21.937157
3.840000,158.630561,21.937157
3.840000,158.253562,21.937157
3.840500,158.552221,21.937157
3.840500,158.175557,21.937157
3.840500,158.552483,21.937157
3.840500,158.175860,21.937157
3.840500,158.478443,21.937157
3.840500,158.101822,21.937157
3.841000,158.478705,21.937157
3.841000,158.102125,21.937157
3.841000,158.420944,21.937157
3.841000,158.044376,21.937157
3.841500,158.421206,21.937157
3.841500,158.044679,21.937157
3.841500,158.421661,21.937157
3.841500,158.044981,21.937157
3.842000,158.381286,21.937157
3.842000,158.004912,21.937157
3.842000,158.381547,21.937157
3.842000,158.005215,21.937157
3.842000,158.337591,21.937157
3.842000,157.961448,21.937157
3.842500,158.337852,21.937157
3.842500,157.961750,21.937157
3.842500,158.307986,21.937157
3.842500,157.932031,21.937157
3.843000,158.308247,21.937157
3.843000,157.932334,21.937157
3.843000,158.294451,21.937157
3.843000,157.918755,21.937157
3.843500,158.294712,21.937157
3.843500,157.919057,21.937157
3.843500,158.285431,21.937157
3.843500,157.910123,21.937157
3.843500,158.285692,21.937157
3.843500,157.910425,21.937157
3.844000,158.262740,21.937157
3.844000,157.887778,21.937157
3.844000,158.263001,21.937157
3.844000,157.888079,21.937157
3.844500,158.232116,21.937157
3.844500,157.857232,21.937157
3.844500,158.232376,21.937157
3.844500,157.857534,21.937157
3.845000,158.211124,21.937157
3.845000,157.836229,21.937157
3.845000,158.211502,21.937157
3.845000,157.836530,21.937157
3.845000,158.211762,21.937157
3.845000,157.836832,21.937157
3.845500,158.199713,21.937157
3.845500,157.824534,21.937157
3.845500,158.199973,21.937157
3.845500,157.824835,21.937157
3.854000,158.196517,21.925981
3.854000,157.821132,21.925981
3.854000,158.196777,21.925981
3.854000,157.821433,21.925981
3.854000,158.202857,21.925981
3.854000,157.827312,21.925981
3.854500,158.203117,21.925981
3.854500,157.827613,21.925981
3.854500,158.212117,21.925981
3.854500,157.836410,21.925981
3.855000,158.212377,21.925981
3.855000,157.836711,21.925981
3.855000,158.228502,21.925981
3.855000,157.852706,21.925981
3.855500,158.228762,21.925981
3.855500,157.853007,21.925981
3.855500,158.242996,21.925981
3.855500,157.867379,21.925981
3.855500,158.243255,21.925981
3.855500,157.867679,21.925981
3.856000,158.264747,21.925981
3.856000,157.889460,21.925981
3.856000,158.265116,21.925981
3.856000,157.889761,21.925981
3.856500,158.265376,21.925981
3.856500,157.890061,21.925981
3.856500,158.286338,21.925981
3.856500,157.911147,21.925981
3.857000,158.286597,21.925981
3.857000,157.911447,21.925981
3.857000,158.301354,21.925981
3.857000,157.926264,21.925981
3.857000,158.301613,21.925981
3.857000,157.926565,21.925981
3.857500,158.304114,21.925981
3.857500,157.928883,21.925981
3.857500,158.304373,21.925981
3.857500,157.929184,21.925981
3.858000,158.300094,21.925981
3.858000,157.924635,21.925981
3.858000,158.300353,21.925981
3.858000,157.924935,21.925981
3.858000,158.307548,21.925981
3.858000,157.932139,21.925981
3.858500,158.307807,21.925981
3.858500,157.932439,21.925981
3.858500,158.314413,21.925981
3.858500,157.939246,21.925981
3.859000,158.314800,21.925981
3.859000,157.939546,21.925981
3.859000,158.322072,21.925981
3.859000,157.947167,21.925981
3.859500,158.322375,21.925981
3.859500,157.947467,21.925981
3.859500,158.322633,21.925981
3.859500,157.947766,21.925981
3.859500,158.329269,21.925981
3.859500,157.954830,21.925981
3.860000,158.329528,21.925981
3.860000,157.955130,21.925981
3.860000,158.337883,21.925981
3.860000,157.964161,21.925981
3.860500,158.338141,21.925981
3.860500,157.964460,21.925981
3.860500,158.344892,21.925981
3.860500,157.971834,21.925981
3.861000,158.345151,21.925981
3.861000,157.972134,21.925981
3.861000,158.345998,21.925981
3.861000,157.973727,21.925981
3.861000,158.346256,21.925981
3.861000,157.974026,21.925981
3.861500,158.341512,21.925981
3.861500,157.969932,21.925981
3.861500,158.341770,21.925981
3.861500,157.970231,21.925981
3.870000,158.334143,21.921840
3.870000,157.962806,21.921840
3.870000,158.334256,21.921840
3.870000,157.963104,21.921840
3.870000,158.328610,21.921840
3.870000,157.957769,21.921840
3.870500,158.328660,21.921840
3.870500,157.958068,21.921840
3.870500,158.328918,21.921840
3.870500,157.958366,21.921840
3.871000,158.323067,21.921840
3.871000,157.952971,21.921840
3.871000,158.323325,21.921840
3.871000,157.953270,21.921840
3.871500,158.306010,21.921840
3.871500,157.936283,21.921840
3.871500,158.306268,21.921840
3.871500,157.936581,21.921840
3.871500,158.279672,21.921840
3.871500,157.910401,21.921840
3.872000,158.279930,21.921840
3.872000,157.910699,21.921840
3.872000,158.263416,21.921840
3.872000,157.894702,21.921840
3.872500,158.263674,21.921840
3.872500,157.895000,21.921840
3.872500,158.250469,21.921840
3.872500,157.882189,21.921840
3.873000,158.250589,21.921840
3.873000,157.882487,21.921840
3.873000,158.246663,21.921840
3.873000,157.878923,21.921840
3.873000,158.246925,21.921840
3.873000,157.879221,21.921840
3.873500,158.271306,21.921840
3.873500,157.903896,21.921840
3.873500,158.271579,21.921840
3.873500,157.904194,21.921840
3.874000,158.271837,21.921840
3.874000,157.904492,21.921840
3.874000,158.261884,21.921840
3.874000,157.894908,21.921840
3.874000,158.262141,21.921840
3.874000,157.895205,21.921840
3.874500,158.253159,21.921840
3.874500,157.886510,21.921840
3.874500,158.253417,21.921840
3.874500,157.886808,21.921840
3.875000,158.247984,21.921840
3.875000,157.881890,21.921840
3.875000,158.248242,21.921840
3.875000,157.882187,21.921840
3.875500,158.252017,21.921840
3.875500,157.886359,21.921840
3.875500,158.252274,21.921840
3.875500,157.886656,21.921840
3.875500,158.259585,21.921840
3.875500,157.894393,21.921840
3.880000,158.259870,21.918677
3.880000,157.894690,21.918677
3.880000,158.271878,21.918677
3.880000,157.907314,21.918677
3.880500,158.272009,21.918677
3.880500,157.907611,21.918677
3.880500,158.266868,21.918677
3.880500,157.902890,21.918677
3.881000,158.266961,21.918677
3.881000,157.903187,21.918677
3.881000,158.267218,21.918677
3.881000,157.903484,21.918677
3.881000,158.247385,21.918677
3.881000,157.883945,21.918677
3.881500,158.247641,21.918677
3.881500,157.884241,21.918677
3.881500,158.243074,21.918677
3.881500,157.879763,21.918677
3.882000,158.243331,21.918677
3.882000,157.880059,21.918677
3.882000,158.238385,21.918677
3.882000,157.875101,21.918677
3.882500,158.238641,21.918677
3.882500,157.875397,21.918677
3.882500,158.220770,21.918677
3.882500,157.857942,21.918677
3.882500,158.221202,21.918677
3.882500,157.858238,21.918677
3.883000,158.197100,21.918677
3.883000,157.834613,21.918677
3.883000,158.197500,21.918677
3.883000,157.834909,21.918677
3.883500,158.181098,21.918677
3.883500,157.819254,21.918677
3.883500,158.181485,21.918677
3.883500,157.819549,21.918677
3.883500,158.174507,21.918677
3.883500,157.813476,21.918677
3.884000,158.174752,21.918677
3.884000,157.813771,21.918677
3.884000,158.175008,21.918677
3.884000,157.814067,21.918677
3.884500,158.155430,21.918677
3.884500,157.795578,21.918677
3.884500,158.155687,21.918677
3.884500,157.795874,21.918677
3.885000,158.124045,21.918677
3.885000,157.765128,21.918677
3.885000,158.124302,21.918677
3.885000,157.765423,21.918677
3.885000,158.098911,21.918677
3.885000,157.740738,21.918677
3.885500,158.099167,21.918677
3.885500,157.741033,21.918677
3.885500,158.074415,21.918677
3.885500,157.716856,21.918677
3.894000,158.074781,21.911722
3.894000,157.717151,21.911722
3.894000,158.045650,21.911722
3.894000,157.688589,21.911722
3.894500,158.046012,21.911722
3.894500,157.688884,21.911722
3.894500,158.016911,21.911722
3.894500,157.660241,21.911722
3.894500,158.017329,21.911722
3.894500,157.660536,21.911722
3.895000,157.995262,21.911722
3.895000,157.638983,21.911722
3.895000,157.995710,21.911722
3.895000,157.639278,21.911722
3.895500,157.984746,21.911722
3.895500,157.628826,21.911722
3.895500,157.984985,21.911722
3.895500,157.629121,21.911722
3.895500,157.985240,21.911722
3.895500,157.629415,21.911722
3.896000,157.978497,21.911722
3.896000,157.623357,21.911722
3.896000,157.978753,21.911722
3.896000,157.623651,21.911722
3.896500,157.976196,21.911722
3.896500,157.621590,21.911722
3.896500,157.976069,21.911722
3.896500,157.621884,21.911722
3.897000,157.972000,21.911722
3.897000,157.618211,21.911722
3.897000,157.971736,21.911722
3.897000,157.618505,21.911722
3.897000,157.954656,21.911722
3.897000,157.601531,21.911722
3.897500,157.954421,21.911722
3.897500,157.601825,21.911722
3.897500,157.935318,21.911722
3.897500,157.582651,21.911722
3.898000,157.935076,21.911722
3.898000,157.582945,21.911722
3.898000,157.920728,21.911722
3.898000,157.568486,21.911722
3.898500,157.920512,21.911722
3.898500,157.568780,21.911722
3.898500,157.905893,21.911722
3.898500,157.554050,21.911722
3.898500,157.905815,21.911722
3.898500,157.554344,21.911722
3.899000,157.906070,21.911722
3.899000,157.554637,21.911722
3.899000,157.896095,21.911722
3.899000,157.544913,21.911722
3.899500,157.896350,21.911722
3.899500,157.545206,21.911722
3.899500,157.885951,21.911722
3.899500,157.534935,21.911722
3.900000,157.885958,21.911722
3.900000,157.535229,21.911722
3.900000,157.883474,21.911722
3.900000,157.532986,21.911722
3.900000,157.883503,21.911722
3.900000,157.533279,21.911722
3.900500,157.875967,21.911722
3.900500,157.525948,21.911722
3.900500,157.876110,21.911722
3.900500,157.526241,21.911722
3.901000,157.873059,21.911722
3.901000,157.523369,21.911722
3.901000,157.873269,21.911722
3.901000,157.523661,21.911722
3.901000,157.868634,21.911722
3.901000,157.519202,21.911722
3.901500,157.869016,21.911722
3.901500,157.519495,21.911722
3.901500,157.855972,21.911722
3.901500,157.506699,21.911722
3.910000,157.856376,21.913309
3.910000,157.506992,21.913309
3.910000,157.856631,21.913309
3.910000,157.507284,21.913309
3.910500,157.860989,21.913309
3.910500,157.511980,21.913309
3.910500,157.861385,21.913309
3.910500,157.512272,21.913309
3.910500,157.865801,21.913309
3.910500,157.517009,21.913309
3.911000,157.866050,21.913309
3.911000,157.517302,21.913309
3.911000,157.860013,21.913309
3.911000,157.511388,21.913309
3.911500,157.860285,21.913309
3.911500,157.511680,21.913309
3.911500,157.839994,21.913309
3.911500,157.491616,21.913309
3.912000,157.840259,21.913309
3.912000,157.491908,21.913309
3.912000,157.844969,21.913309
3.912000,157.496908,21.913309
3.912000,157.845213,21.913309
3.912000,157.497200,21.913309
3.912500,157.839430,21.913309
3.912500,157.491677,21.913309
3.912500,157.839778,21.913309
3.912500,157.491969,21.913309
3.913000,157.831817,21.913309
3.913000,157.484385,21.913309
3.913000,157.832104,21.913309
3.913000,157.484677,21.913309
3.913000,157.832358,21.913309
3.913000,157.484969,21.913309
3.913500,157.833770,21.913309
3.913500,157.486750,21.913309
3.913500,157.834016,21.913309
3.913500,157.487042,21.913309
3.914000,157.830449,21.913309
3.914000,157.483807,21.913309
3.914000,157.830752,21.913309
3.914000,157.484098,21.913309
3.914500,157.820411,21.913309
3.914500,157.474174,21.913309
3.914500,157.820709,21.913309
3.914500,157.474465,21.913309
3.914500,157.815530,21.913309
3.914500,157.469681,21.913309
3.915000,157.815871,21.913309
3.915000,157.469972,21.913309
3.915000,157.803871,21.913309
3.915000,157.458429,21.913309
3.915500,157.804156,21.913309
3.915500,157.458720,21.913309
3.915500,157.786160,21.913309
3.915500,157.441130,21.913309
3.916000,157.786406,21.913309
3.916000,157.441421,21.913309
3.916000,157.760213,21.913309
3.916000,157.415587,21.913309
3.916000,157.760466,21.913309
3.916000,157.415878,21.913309
3.916500,157.760586,21.913309
3.916500,157.416168,21.913309
3.916500,157.734077,21.913309
3.916500,157.390045,21.913309
3.917000,157.734167,21.913309
3.917000,157.390335,21.913309
3.917000,157.727069,21.913309
3.917000,157.383619,21.913309
3.917000,157.727085,21.913309
3.917000,157.383910,21.913309
3.917500,157.711907,21.913309
3.917500,157.369030,21.913309
3.917500,157.711999,21.913309
3.917500,157.369320,21.913309
3.918000,157.698985,21.913309
3.918000,157.356613,21.913309
3.918000,157.699215,21.913309
3.918000,157.356903,21.913309
3.927500,157.684365,21.907398
3.927500,157.342333,21.907398
3.927500,157.684625,21.907398
3.927500,157.342623,21.907398
3.927500,157.678960,21.907398
3.927500,157.337336,21.907398
3.928000,157.679285,21.907398
3.928000,157.337626,21.907398
3.928000,157.674767,21.907398
3.928000,157.333503,21.907398
3.928500,157.675020,21.907398
3.928500,157.333793,21.907398
3.928500,157.675369,21.907398
3.928500,157.334082,21.907398
3.929000,157.667704,21.907398
3.929000,157.326766,21.907398
3.929000,157.668050,21.907398
3.929000,157.327055,21.907398
3.929000,157.667650,21.907398
3.929000,157.327101,21.907398
3.929500,157.667959,21.907398
3.929500,157.327391,21.907398
3.929500,157.657473,21.907398
3.929500,157.317136,21.907398
3.930000,157.657697,21.907398
3.930000,157.317425,21.907398
3.930000,157.645551,21.907398
3.930000,157.305468,21.907398
3.930000,157.645737,21.907398
3.930000,157.305758,21.907398
3.930500,157.634426,21.907398
3.930500,157.294648,21.907398
3.930500,157.634592,21.907398
3.930500,157.294937,21.907398
3.931000,157.618577,21.907398
3.931000,157.279152,21.907398
3.931000,157.618814,21.907398
3.931000,157.279441,21.907398
3.931500,157.612192,21.907398
3.931500,157.272955,21.907398
3.931500,157.612444,21.907398
3.931500,157.273244,21.907398
3.931500,157.599395,21.907398
3.931500,157.260458,21.907398
3.932000,157.599647,21.907398
3.932000,157.260746,21.907398
3.932000,157.599864,21.907398
3.932000,157.261035,21.907398
3.932500,157.591733,21.907398
3.932500,157.253153,21.907398
3.932500,157.591979,21.907398
3.932500,157.253441,21.907398
3.933000,157.581762,21.907398
3.933000,157.243567,21.907398
3.933000,157.581851,21.907398
3.933000,157.243856,21.907398
3.933000,157.567043,21.907398
3.933000,157.229430,21.907398
3.933500,157.567192,21.907398
3.933500,157.229718,21.907398
3.933500,157.550695,21.907398
3.933500,157.213645,21.907398
3.934000,157.550882,21.907398
3.934000,157.213933,21.907398
3.934000,157.540686,21.907398
3.934000,157.204117,21.907398
3.934500,157.540937,21.907398
3.934500,157.204405,21.907398
3.934500,157.521787,21.907398
3.934500,157.185755,21.907398
3.934500,157.522038,21.907398
3.934500,157.186043,21.907398
3.935000,157.512207,21.907398
3.935000,157.176664,21.907398
3.935000,157.512458,21.907398
3.935000,157.176951,21.907398
3.935500,157.512519,21.907398
3.935500,157.177239,21.907398
3.935500,157.508312,21.907398
3.935500,157.173295,21.907398
3.935500,157.508500,21.907398
3.935500,157.173583,21.907398
3.936000,157.493530,21.907398
3.936000,157.158930,21.907398
3.936000,157.493748,21.907398
3.936000,157.159217,21.907398
3.945500,157.483927,21.905043
3.945500,157.149834,21.905043
3.945500,157.484101,21.905043
3.945500,157.150121,21.905043
3.946000,157.473847,21.905043
3.946000,157.140275,21.905043
3.946000,157.474062,21.905043
3.946000,157.140562,21.905043
3.946000,157.452724,21.905043
3.946000,157.119506,21.905043
3.946500,157.452975,21.905043
3.946500,157.119793,21.905043
3.946500,157.433163,21.905043
3.946500,157.100445,21.905043
3.947000,157.433414,21.905043
3.947000,157.100732,21.905043
3.947000,157.413552,21.905043
3.947000,157.081247,21.905043
3.947500,157.413803,21.905043
3.947500,157.081534,21.905043
3.947500,157.413895,21.905043
3.947500,157.081821,21.905043
3.947500,157.391001,21.905043
3.947500,157.059193,21.905043
3.948000,157.391025,21.905043
3.948000,157.059479,21.905043
3.948000,157.377302,21.905043
3.948000,157.046065,21.905043
3.948500,157.377340,21.905043
3.948500,157.046351,21.905043
3.948500,157.353475,21.905043
3.948500,157.022469,21.905043
3.948500,157.353615,21.905043
3.948500,157.022755,21.905043
3.949000,157.333088,21.905043
3.949000,157.002524,21.905043
3.949000,157.333339,21.905043
3.949000,157.002810,21.905043
3.949500,157.322217,21.905043
3.949500,156.992153,21.905043
3.949500,157.322467,21.905043
3.949500,156.992438,21.905043
3.950000,157.318090,21.905043
3.950000,156.988712,21.905043
3.950000,157.318340,21.905043
3.950000,156.988997,21.905043
3.950000,157.306227,21.905043
3.950000,156.977293,21.905043
3.950500,157.306477,21.905043
3.950500,156.977579,21.905043
3.950500,157.306502,21.905043
3.950500,156.977864,21.905043
3.951000,157.282062,21.905043
3.951000,156.953516,21.905043
3.951000,157.282152,21.905043
3.951000,156.953801,21.905043
3.951500,157.264897,21.905043
3.951500,156.936826,21.905043
3.951500,157.265093,21.905043
3.951500,156.937112,21.905043
3.951500,157.253571,21.905043
3.951500,156.925591,21.905043
3.952000,157.253708,21.905043
3.952000,156.925876,21.905043
3.952000,157.250512,21.905043
3.952000,156.923053,21.905043
3.952500,157.250762,21.905043
3.952500,156.923338,21.905043
3.952500,157.247816,21.905043
3.952500,156.920755,21.905043
3.953000,157.248066,21.905043
3.953000,156.921040,21.905043
3.953000,157.236228,21.905043
3.953000,156.909416,21.905043
3.953000,157.236478,21.905043
3.953000,156.909701,21.905043
3.953500,157.230316,21.905043
3.953500,156.903672,21.905043
3.953500,157.230566,21.905043
3.953500,156.903957,21.905043
3.962000,157.230886,21.906921
3.962000,156.904242,21.906921
3.962000,157.231086,21.906921
3.962000,156.904704,21.906921
3.962000,157.231346,21.906921
3.962000,156.904988,21.906921
3.962500,157.211751,21.906921
3.962500,156.885583,21.906921
3.962500,157.212034,21.906921
3.962500,156.885868,21.906921
3.963000,157.195754,21.906921
3.963000,156.869759,21.906921
3.963000,157.196003,21.906921
3.963000,156.870043,21.906921
3.963500,157.188514,21.906921
3.963500,156.862719,21.906921
3.963500,157.188763,21.906921
3.963500,156.863003,21.906921
3.963500,157.180177,21.906921
3.963500,156.854617,21.906921
3.964000,157.180426,21.906921
3.964000,156.854901,21.906921
3.964000,157.170078,21.906921
3.964000,156.844782,21.906921
3.964500,157.170327,21.906921
3.964500,156.845066,21.906921
3.964500,157.163468,21.906921
3.964500,156.838616,21.906921
3.965000,157.163717,21.906921
3.965000,156.838900,21.906921
3.965000,157.163769,21.906921
3.965000,156.839184,21.906921
3.965000,157.157173,21.906921
3.965000,156.832784,21.906921
3.965500,157.157168,21.906921
3.965500,156.833067,21.906921
3.965500,157.153552,21.906921
3.965500,156.829678,21.906921
3.966000,157.153571,21.906921
3.966000,156.829962,21.906921
3.966000,157.157631,21.906921
3.966000,156.834235,21.906921
3.966000,157.157880,21.906921
3.966000,156.834518,21.906921
3.966500,157.167928,21.906921
3.966500,156.845072,21.906921
3.966500,157.168177,21.906921
3.966500,156.845355,21.906921
3.967000,157.178531,21.906921
3.967000,156.856051,21.906921
3.967000,157.178780,21.906921
3.967000,156.856334,21.906921
3.967500,157.181419,21.906921
3.967500,156.859235,21.906921
3.967500,157.181667,21.906921
3.967500,156.859518,21.906921
3.967500,157.182692,21.906921
3.967500,156.860612,21.906921
3.968000,157.182940,21.906921
3.968000,156.860895,21.906921
3.968000,157.183189,21.906921
3.968000,156.861178,21.906921
3.968500,157.185206,21.906921
3.968500,156.863269,21.906921
3.968500,157.185269,21.906921
3.968500,156.863551,21.906921
3.969000,157.175776,21.906921
3.969000,156.854033,21.906921
3.969000,157.176024,21.906921
3.969000,156.854316,21.906921
3.969000,157.168745,21.906921
3.969000,156.847165,21.906921
3.969500,157.168993,21.906921
3.969500,156.847447,21.906921
3.969500,157.167752,21.906921
3.969500,156.846421,21.906921
3.970000,157.168000,21.906921
3.970000,156.846703,21.906921
3.970000,157.169413,21.906921
3.970000,156.848560,21.906921
3.970000,157.169661,21.906921
3.970000,156.848842,21.906921
3.970500,157.171381,21.906921
3.970500,156.851071,21.906921
3.970500,157.171629,21.906921
3.970500,156.851353,21.906921
3.971000,157.153959,21.906921
3.971000,156.834122,21.906921
3.971000,157.154207,21.906921
3.971000,156.834404,21.906921
3.971500,157.138830,21.906921
3.971500,156.819457,21.906921
3.971500,157.139078,21.906921
3.971500,156.819739,21.906921
3.971500,157.139136,21.906921
3.971500,156.820021,21.906921
3.984000,157.134406,21.910497
3.984000,156.815525,21.910497
3.984000,157.134654,21.910497
3.984000,156.815807,21.910497
3.984500,157.113708,21.910497
3.984500,156.795164,21.910497
3.984500,157.113956,21.910497
3.984500,156.795446,21.910497
3.985000,157.089848,21.910497
3.985000,156.771624,21.910497
3.985000,157.090095,21.910497
3.985000,156.771906,21.910497
3.985000,157.071965,21.910497
3.985000,156.753982,21.910497
3.985500,157.072212,21.910497
3.985500,156.754263,21.910497
3.985500,157.050940,21.910497
3.985500,156.733232,21.910497
3.986000,157.051187,21.910497
3.986000,156.733513,21.910497
3.986000,157.026119,21.910497
3.986000,156.708486,21.910497
3.986000,157.026367,21.910497
3.986000,156.708767,21.910497
3.986500,157.000524,21.910497
3.986500,156.683202,21.910497
3.986500,157.000771,21.910497
3.986500,156.683483,21.910497
3.987000,157.001018,21.910497
3.987000,156.683764,21.910497
3.987000,156.970581,21.910497
3.987000,156.653460,21.910497
3.987500,156.970828,21.910497
3.987500,156.653741,21.910497
3.987500,156.934853,21.910497
3.987500,156.617694,21.910497
3.987500,156.935100,21.910497
3.987500,156.617975,21.910497
3.988000,156.916752,21.910497
3.988000,156.599737,21.910497
3.988000,156.916999,21.910497
3.988000,156.600017,21.910497
3.988500,156.909254,21.910497
3.988500,156.592473,21.910497
3.988500,156.909500,21.910497
3.988500,156.592753,21.910497
3.989000,156.896319,21.910497
3.989000,156.579781,21.910497
3.989000,156.896565,21.910497
3.989000,156.580061,21.910497
3.989000,156.883602,21.910497
3.989000,156.567351,21.910497
3.989500,156.883849,21.910497
3.989500,156.567631,21.910497
3.989500,156.861983,21.910497
3.989500,156.546046,21.910497
3.990000,156.862229,21.910497
3.990000,156.546326,21.910497
3.990000,156.862476,21.910497
3.990000,156.546606,21.910497
3.990500,156.829780,21.910497
3.990500,156.514153,21.910497
3.990500,156.830026,21.910497
3.990500,156.514432,21.910497
3.990500,156.798072,21.910497
3.990500,156.482628,21.910497
3.991000,156.798319,21.910497
3.991000,156.482908,21.910497
3.991000,156.768707,21.910497
3.991000,156.453303,21.910497
3.991500,156.768953,21.910497
3.991500,156.453582,21.910497
3.991500,156.742180,21.910497
3.991500,156.426866,21.910497
3.991500,156.742426,21.910497
3.991500,156.427146,21.910497
3.992000,156.729938,21.910497
3.992000,156.414816,21.910497
3.992000,156.730184,21.910497
3.992000,156.415095,21.910497
3.992500,156.717283,21.910497
3.992500,156.402480,21.910497
3.992500,156.717529,21.910497
3.992500,156.402759,21.910497
3.993000,156.701038,21.910497
3.993000,156.386449,21.910497
3.993000,156.701221,21.910497
3.993000,156.386728,21.910497
3.993000,156.701466,21.910497
3.993000,156.387007,21.910497
3.993500,156.680551,21.910497
3.993500,156.366464,21.910497
3.993500,156.680797,21.910497
3.993500,156.366743,21.910497
4.003000,156.592924,21.912963
4.003000,156.279687,21.912963
4.003000,156.553846,21.912963
4.003000,156.240327,21.912963
4.003500,156.554091,21.912963
4.003500,156.240606,21.912963
4.003500,156.511013,21.912963
4.003500,156.197063,21.912963
4.003500,156.511258,21.912963
4.003500,156.197341,21.912963
4.004000,156.476408,21.912963
4.004000,156.161950,21.912963
4.004000,156.476635,21.912963
4.004000,156.162228,21.912963
4.004500,156.476879,21.912963
4.004500,156.162506,21.912963
4.004500,156.452870,21.912963
4.004500,156.138022,21.912963
4.005000,156.453114,21.912963
4.005000,156.138300,21.912963
4.005000,156.418146,21.912963
4.005000,156.102851,21.912963
4.005000,156.418390,21.912963
4.005000,156.103129,21.912963
4.005500,156.375996,21.912963
4.005500,156.060262,21.912963
4.005500,156.376240,21.912963
4.005500,156.060540,21.912963
4.006000,156.341802,21.912963
4.006000,156.025850,21.912963
4.006000,156.342046,21.912963
4.006000,156.026128,21.912963
4.006500,156.298375,21.912963
4.006500,155.982223,21.912963
4.006500,156.298618,21.912963
4.006500,155.982500,21.912963
4.006500,156.262313,21.912963
4.006500,155.945808,21.912963
4.007000,156.262343,21.912963
4.007000,155.946085,21.912963
4.007000,156.229099,21.912963
4.007000,155.912796,21.912963
4.007500,156.229014,21.912963
4.007500,155.913073,21.912963
4.007500,156.229257,21.912963
4.007500,155.913350,21.912963
4.008000,156.208591,21.912963
4.008000,155.893180,21.912963
4.008000,156.208835,21.912963
4.008000,155.893457,21.912963
4.008000,156.190275,21.912963
4.008000,155.875423,21.912963
4.013000,156.190519,21.933189
4.013000,155.875699,21.933189
4.013000,156.178111,21.933189
4.013000,155.863904,21.933189
4.013500,156.178354,21.933189
4.013500,155.864180,21.933189
4.013500,156.166286,21.933189
4.013500,155.852678,21.933189
4.013500,156.166529,21.933189
4.013500,155.852954,21.933189
4.014000,156.147786,21.933189
4.014000,155.834593,21.933189
4.014000,156.148029,21.933189
4.014000,155.834869,21.933189
4.014500,156.121940,21.933189
4.014500,155.808820,21.933189
4.014500,156.122252,21.933189
4.014500,155.809096,21.933189
4.015000,156.091575,21.933189
4.015000,155.778199,21.933189
4.015000,156.091889,21.933189
4.015000,155.778475,21.933189
4.015000,156.092132,21.933189
4.015000,155.778751,21.933189
4.015500,156.066165,21.933189
4.015500,155.752698,21.933189
4.015500,156.066408,21.933189
4.015500,155.752974,21.933189
4.016000,156.054707,21.933189
4.016000,155.741443,21.933189
4.016000,156.054949,21.933189
4.016000,155.741718,21.933189
4.016500,156.059541,21.933189
4.016500,155.746669,21.933189
4.016500,156.059784,21.933189
4.016500,155.746944,21.933189
4.016500,156.065034,21.933189
4.016500,155.752731,21.933189
4.017000,156.065276,21.933189
4.017000,155.753007,21.933189
4.017000,156.067466,21.933189
4.017000,155.755629,21.933189
4.017500,156.067497,21.933189
4.017500,155.755904,21.933189
4.017500,156.059562,21.933189
4.017500,155.748303,21.933189
4.017500,156.059602,21.933189
4.017500,155.748578,21.933189
4.018000,156.048734,21.933189
4.018000,155.737989,21.933189
4.018000,156.048848,21.933189
4.018000,155.738265,21.933189
4.018500,156.024209,21.933189
4.018500,155.713788,21.933189
4.018500,156.024457,21.933189
4.018500,155.714063,21.933189
4.019000,156.024699,21.933189
4.019000,155.714338,21.933189
4.019000,156.006425,21.933189
4.019000,155.696128,21.933189
4.019000,156.006667,21.933189
4.019000,155.696403,21.933189
4.028000,155.997864,21.937465
4.028000,155.687588,21.937465
4.028000,155.998106,21.937465
4.028000,155.687863,21.937465
4.028500,155.980728,21.937465
4.028500,155.670407,21.937465
4.028500,155.980970,21.937465
4.028500,155.670681,21.937465
4.029000,155.967156,21.937465
4.029000,155.656853,21.937465
4.029000,155.967473,21.937465
4.029000,155.657127,21.937465
4.029000,155.954987,21.937465
4.029000,155.644790,21.937465
4.029500,155.955264,21.937465
4.029500,155.645064,21.937465
4.029500,155.945304,21.937465
4.029500,155.635369,21.937465
4.030000,155.945451,21.937465
4.030000,155.635643,21.937465
4.030000,155.936653,21.937465
4.030000,155.627111,21.937465
4.030000,155.936961,21.937465
4.030000,155.627385,21.937465
4.030500,155.937202,21.937465
4.030500,155.627659,21.937465
4.030500,155.936572,21.937465
4.030500,155.627374,21.937465
4.031000,155.936814,21.937465
4.031000,155.627648,21.937465
4.031000,155.926357,21.937465
4.031000,155.617489,21.937465
4.031500,155.926598,21.937465
4.031500,155.617763,21.937465
4.031500,155.910755,21.937465
4.031500,155.602196,21.937465
4.031500,155.911008,21.937465
4.031500,155.602470,21.937465
4.032000,155.898109,21.937465
4.032000,155.589727,21.937465
4.032000,155.898304,21.937465
4.032000,155.590001,21.937465
4.032500,155.878054,21.937465
4.032500,155.569880,21.937465
4.032500,155.878178,21.937465
4.032500,155.570153,21.937465
4.033000,155.849938,21.937465
4.033000,155.541929,21.937465
4.033000,155.849995,21.937465
4.033000,155.542203,21.937465
4.033000,155.820075,21.937465
4.033000,155.512297,21.937465
4.033500,155.820145,21.937465
4.033500,155.512570,21.937465
4.033500,155.820386,21.937465
4.033500,155.512843,21.937465
4.034000,155.796694,21.937465
4.034000,155.489223,21.937465
4.034000,155.796935,21.937465
4.034000,155.489496,21.937465
4.034000,155.773285,21.937465
4.034000,155.465815,21.937465
4.034500,155.773526,21.937465
4.034500,155.466088,21.937465
4.034500,155.753118,21.937465
4.034500,155.445677,21.937465
4.035000,155.753254,21.937465
4.035000,155.445950,21.937465
4.035000,155.743244,21.937465
4.035000,155.436108,21.937465
4.035500,155.743418,21.937465
4.035500,155.436381,21.937465
4.035500,155.741094,21.937465
4.035500,155.434300,21.937465
4.035500,155.741193,21.937465
4.035500,155.434573,21.937465
4.036000,155.742472,21.937465
4.036000,155.436135,21.937465
4.036000,155.742567,21.937465
4.036000,155.436408,21.937465
4.045000,155.736228,21.956145
4.045000,155.430253,21.956145
4.045000,155.736332,21.956145
4.045000,155.430526,21.956145
4.045500,155.736572,21.956145
4.045500,155.430798,21.956145
4.045500,155.716880,21.956145
4.045500,155.411240,21.956145
4.045500,155.717120,21.956145
4.045500,155.411512,21.956145
4.046000,155.688234,21.956145
4.046000,155.382548,21.956145
4.046000,155.688445,21.956145
4.046000,155.382820,21.956145
4.046500,155.662866,21.956145
4.046500,155.357104,21.956145
4.046500,155.663112,21.956145
4.046500,155.357375,21.956145
4.047000,155.648229,21.956145
4.047000,155.342421,21.956145
4.047000,155.648631,21.956145
4.047000,155.342693,21.956145
4.047000,155.632350,21.956145
4.047000,155.326353,21.956145
4.047500,155.632796,21.956145
4.047500,155.326625,21.956145
4.047500,155.618427,21.956145
4.047500,155.312174,21.956145
4.048000,155.618973,21.956145
4.048000,155.312446,21.956145
4.048000,155.613216,21.956145
4.048000,155.306701,21.956145
4.048000,155.613744,21.956145
4.048000,155.306972,21.956145
4.048500,155.613983,21.956145
4.048500,155.307244,21.956145
4.048500,155.631249,21.956145
4.048500,155.324433,21.956145
4.049000,155.631488,21.956145
4.049000,155.324704,21.956145
4.049000,155.649700,21.956145
4.049000,155.343078,21.956145
4.049500,155.650252,21.956145
4.049500,155.343349,21.956145
4.049500,155.658188,21.956145
4.049500,155.351571,21.956145
4.049500,155.658681,21.956145
4.049500,155.351842,21.956145
4.050000,155.669427,21.956145
4.050000,155.362816,21.956145
4.050000,155.669770,21.956145
4.050000,155.363087,21.956145
4.050500,155.668415,21.956145
4.050500,155.361901,21.956145
4.050500,155.668737,21.956145
4.050500,155.362172,21.956145
4.051000,155.657979,21.956145
4.051000,155.351432,21.956145
4.051000,155.658351,21.956145
4.051000,155.351703,21.956145
4.051000,155.640158,21.956145
4.051000,155.333299,21.956145
4.051500,155.640396,21.956145
4.051500,155.333569,21.956145
4.051500,155.612966,21.956145
4.051500,155.305783,21.956145
4.052000,155.613204,21.956145
4.052000,155.306053,21.956145
4.052000,155.613257,21.956145
4.052000,155.306324,21.956145
4.052000,155.575785,21.956145
4.052000,155.268449,21.956145
4.052500,155.575826,21.956145
4.052500,155.268720,21.956145
4.052500,155.552022,21.956145
4.052500,155.244602,21.956145
4.061000,155.552066,21.952397
4.061000,155.244872,21.952397
4.061000,155.534175,21.952397
4.061000,155.226864,21.952397
4.061500,155.534124,21.952397
4.061500,155.227134,21.952397
4.061500,155.519288,21.952397
4.061500,155.212125,21.952397
4.061500,155.519344,21.952397
4.061500,155.212395,21.952397
4.062000,155.503860,21.952397
4.062000,155.196738,21.952397
4.062000,155.504033,21.952397
4.062000,155.197008,21.952397
4.062500,155.491955,21.952397
4.062500,155.184946,21.952397
4.062500,155.492205,21.952397
4.062500,155.185215,21.952397
4.063000,155.475820,21.952397
4.063000,155.169078,21.952397
4.063000,155.476057,21.952397
4.063000,155.169348,21.952397
4.063000,155.476214,21.952397
4.063000,155.169617,21.952397
4.063500,155.468057,21.952397
4.063500,155.161747,21.952397
4.063500,155.468270,21.952397
4.063500,155.162016,21.952397
4.064000,155.458971,21.952397
4.064000,155.153100,21.952397
4.064000,155.459176,21.952397
4.064000,155.153369,21.952397
4.064500,155.446397,21.952397
4.064500,155.140809,21.952397
4.064500,155.446495,21.952397
4.064500,155.141079,21.952397
4.064500,155.432526,21.952397
4.064500,155.127237,21.952397
4.065000,155.432662,21.952397
4.065000,155.127506,21.952397
4.065000,155.417461,21.952397
4.065000,155.112338,21.952397
4.065500,155.417577,21.952397
4.065500,155.112607,21.952397
4.065500,155.396231,21.952397
4.065500,155.091164,21.952397
4.065500,155.396467,21.952397
4.065500,155.091433,21.952397
4.067500,155.372265,21.951682
4.067500,155.067300,21.951682
4.067500,155.372502,21.951682
4.067500,155.067569,21.951682
4.068000,155.372726,21.951682
4.068000,155.067838,21.951682
4.068000,155.365976,21.951682
4.068000,155.061072,21.951682
4.068500,155.366271,21.951682
4.068500,155.061340,21.951682
4.068500,155.361766,21.951682
4.068500,155.057013,21.951682
4.068500,155.362074,21.951682
4.068500,155.057281,21.951682
4.069000,155.359878,21.951682
4.069000,155.055332,21.951682
4.069000,155.360101,21.951682
4.069000,155.055600,21.951682
4.069500,155.364614,21.951682
4.069500,155.060339,21.951682
4.069500,155.364766,21.951682
4.069500,155.060607,21.951682
4.070000,155.370712,21.951682
4.070000,155.066774,21.951682
4.070000,155.370844,21.951682
4.070000,155.067042,21.951682
4.070000,155.362702,21.951682
4.070000,155.059052,21.951682
4.070500,155.362938,21.951682
4.070500,155.059319,21.951682
4.070500,155.351885,21.951682
4.070500,155.048479,21.951682
4.071000,155.352121,21.951682
4.071000,155.048747,21.951682
4.071000,155.352084,21.951682
4.071000,155.049014,21.951682
4.071000,155.338935,21.951682
4.071000,155.035832,21.951682
4.071500,155.338922,21.951682
4.071500,155.036100,21.951682
4.071500,155.323238,21.951682
4.071500,155.020388,21.951682
4.079500,155.323346,21.963458
4.079500,155.020656,21.963458
4.079500,155.301845,21.963458
4.079500,154.999147,21.963458
4.080000,155.302150,21.963458
4.080000,154.999414,21.963458
4.080000,155.296474,21.963458
4.080000,154.993853,21.963458
4.080000,155.296755,21.963458
4.080000,154.994120,21.963458
4.080500,155.298181,21.963458
4.080500,154.995706,21.963458
4.080500,155.298417,21.963458
4.080500,154.995974,21.963458
4.081000,155.292487,21.963458
4.081000,154.990296,21.963458
4.081000,155.292723,21.963458
4.081000,154.990563,21.963458
4.081500,155.274116,21.963458
4.081500,154.972082,21.963458
4.081500,155.274351,21.963458
4.081500,154.972349,21.963458
4.081500,155.274436,21.963458
4.081500,154.972615,21.963458
4.082000,155.254774,21.963458
4.082000,154.952951,21.963458
4.082000,155.254941,21.963458
4.082000,154.953218,21.963458
4.082500,155.243647,21.963458
4.082500,154.942038,21.963458
4.082500,155.243831,21.963458
4.082500,154.942305,21.963458
4.082500,155.232409,21.963458
4.082500,154.930981,21.963458
4.083000,155.232676,21.963458
4.083000,154.931248,21.963458
4.083000,155.216940,21.963458
4.083000,154.915518,21.963458
4.083500,155.217148,21.963458
4.083500,154.915784,21.963458
4.083500,155.211308,21.963458
4.083500,154.909916,21.963458
4.084000,155.211543,21.963458
4.084000,154.910182,21.963458
4.084000,155.213201,21.963458
4.084000,154.911984,21.963458
4.084000,155.213436,21.963458
4.084000,154.912250,21.963458
4.084500,155.207522,21.963458
4.084500,154.906564,21.963458
4.084500,155.207757,21.963458
4.084500,154.906830,21.963458
4.085000,155.207969,21.963458
4.085000,154.907096,21.963458
4.085000,155.205257,21.963458
4.085000,154.904476,21.963458
4.090500,155.205527,21.983182
4.090500,154.904741,21.983182
4.090500,155.198116,21.983182
4.090500,154.897441,21.983182
4.090500,155.198180,21.983182
4.090500,154.897707,21.983182
4.091000,155.189133,21.983182
4.091000,154.888667,21.983182
4.091000,155.189181,21.983182
4.091000,154.888932,21.983182
4.091500,155.172962,21.983182
4.091500,154.872644,21.983182
4.091500,155.173197,21.983182
4.091500,154.872909,21.983182
4.091500,155.168233,21.983182
4.091500,154.868104,21.983182
4.092000,155.168467,21.983182
4.092000,154.868370,21.983182
4.092000,155.175360,21.983182
4.092000,154.875454,21.983182
4.092500,155.175594,21.983182
4.092500,154.875719,21.983182
4.092500,155.179959,21.983182
4.092500,154.880191,21.983182
4.093000,155.180194,21.983182
4.093000,154.880456,21.983182
4.093000,155.180430,21.983182
4.093000,154.880721,21.983182
4.093000,155.181488,21.983182
4.093000,154.881850,21.983182
4.093500,155.181667,21.983182
4.093500,154.882115,21.983182
4.093500,155.165425,21.983182
4.093500,154.865963,21.983182
4.094000,155.165543,21.983182
4.094000,154.866228,21.983182
4.094000,155.151034,21.983182
4.094000,154.851664,21.983182
4.094500,155.151228,21.983182
4.094500,154.851929,21.983182
4.094500,155.131515,21.983182
4.094500,154.832190,21.983182
4.094500,155.131749,21.983182
4.094500,154.832455,21.983182
4.095000,155.121435,21.983182
4.095000,154.822131,21.983182
4.095000,155.121668,21.983182
4.095000,154.822396,21.983182
4.100000,155.120750,22.016469
4.100000,154.821494,22.016469
4.100000,155.120984,22.016469
4.100000,154.821758,22.016469
4.100500,155.136491,22.016469
4.100500,154.837308,22.016469
4.100500,155.136724,22.016469
4.100500,154.837572,22.016469
4.100500,155.160665,22.016469
4.100500,154.861803,22.016469
4.101000,155.160899,22.016469
4.101000,154.862067,22.016469
4.101000,155.161187,22.016469
4.101000,154.862331,22.016469
4.101500,155.175937,22.016469
4.101500,154.877504,22.016469
4.101500,155.176249,22.016469
4.101500,154.877768,22.016469
4.101500,155.181187,22.016469
4.101500,154.883023,22.016469
4.102000,155.181420,22.016469
4.102000,154.883287,22.016469
4.102000,155.168753,22.016469
4.102000,154.870678,22.016469
4.102500,155.168987,22.016469
4.102500,154.870942,22.016469
4.102500,155.151970,22.016469
4.102500,154.853740,22.016469
4.103000,155.152203,22.016469
4.103000,154.854004,22.016469
4.103000,155.140484,22.016469
4.103000,154.842147,22.016469
4.103000,155.140717,22.016469
4.103000,154.842410,22.016469
4.103500,155.122956,22.016469
4.103500,154.824584,22.016469
4.103500,155.123189,22.016469
4.103500,154.824848,22.016469
4.108000,155.115748,22.046864
4.108000,154.817252,22.046864
4.108000,155.115980,22.046864
4.108000,154.817516,22.046864
4.108500,155.116208,22.046864
4.108500,154.817779,22.046864
4.108500,155.107241,22.046864
4.108500,154.808814,22.046864
4.108500,155.107379,22.046864
4.108500,154.809077,22.046864
4.109000,155.094903,22.046864
4.109000,154.796733,22.046864
4.109000,155.095136,22.046864
4.109000,154.796996,22.046864
4.109500,155.087016,22.046864
4.109500,154.789237,22.046864
4.109500,155.087249,22.046864
4.109500,154.789500,22.046864
4.109500,155.075769,22.046864
4.109500,154.778371,22.046864
4.110000,155.076001,22.046864
4.110000,154.778634,22.046864
4.110000,155.074795,22.046864
4.110000,154.777715,22.046864
4.110500,155.075028,22.046864
4.110500,154.777978,22.046864
4.110500,155.068100,22.046864
4.110500,154.771429,22.046864
4.111000,155.068332,22.046864
4.111000,154.771692,22.046864
4.111000,155.051962,22.046864
4.111000,154.755648,22.046864
4.111000,155.052194,22.046864
4.111000,154.755910,22.046864
4.111500,155.052463,22.046864
4.111500,154.756173,22.046864
4.111500,155.029779,22.046864
4.111500,154.733514,22.046864
4.112000,155.029983,22.046864
4.112000,154.733776,22.046864
4.112000,155.006790,22.046864
4.112000,154.710595,22.046864
4.112500,155.007022,22.046864
4.112500,154.710857,22.046864
4.112500,154.993592,22.046864
4.112500,154.697434,22.046864
4.112500,154.993823,22.046864
4.112500,154.697697,22.046864
4.113000,154.982572,22.046864
4.113000,154.686468,22.046864
4.113000,154.982804,22.046864
4.113000,154.686731,22.046864
4.113500,154.975962,22.046864
4.113500,154.679911,22.046864
4.113500,154.976193,22.046864
4.113500,154.680173,22.046864
4.114000,154.974732,22.046864
4.114000,154.678805,22.046864
4.114000,154.974964,22.046864
4.114000,154.679066,22.046864
4.114000,154.966833,22.046864
4.114000,154.671111,22.046864
4.114500,154.967065,22.046864
4.114500,154.671373,22.046864
4.114500,154.967324,22.046864
4.114500,154.671635,22.046864
4.115000,154.960954,22.046864
4.115000,154.665487,22.046864
4.115000,154.961185,22.046864
4.115000,154.665749,22.046864
4.115000,154.961716,22.046864
4.115000,154.666428,22.046864
4.126000,154.961947,22.082122
4.126000,154.666689,22.082122
4.126000,154.961214,22.082122
4.126000,154.666209,22.082122
4.126500,154.961445,22.082122
4.126500,154.666471,22.082122
4.126500,154.952697,22.082122
4.126500,154.657977,22.082122
4.127000,154.952928,22.082122
4.127000,154.658238,22.082122
4.127000,154.956575,22.082122
4.127000,154.662035,22.082122
4.127000,154.956806,22.082122
4.127000,154.662296,22.082122
4.127500,154.956273,22.082122
4.127500,154.661744,22.082122
4.127500,154.956504,22.082122
4.127500,154.662005,22.082122
4.128000,154.952862,22.082122
4.128000,154.658406,22.082122
4.128000,154.953093,22.082122
4.128000,154.658667,22.082122
4.128500,154.953323,22.082122
4.128500,154.658928,22.082122
4.128500,154.949126,22.082122
4.128500,154.654760,22.082122
4.128500,154.949357,22.082122
4.128500,154.655021,22.082122
4.129000,154.943143,22.082122
4.129000,154.648877,22.082122
4.129000,154.943373,22.082122
4.129000,154.649138,22.082122
4.129500,154.933980,22.082122
4.129500,154.639629,22.082122
4.129500,154.934210,22.082122
4.129500,154.639890,22.082122
4.129500,154.916978,22.082122
4.129500,154.622747,22.082122
4.130000,154.917208,22.082122
4.130000,154.623007,22.082122
4.130000,154.919859,22.082122
4.130000,154.625929,22.082122
4.130500,154.920089,22.082122
4.130500,154.626190,22.082122
4.130500,154.927597,22.082122
4.130500,154.633939,22.082122
4.131000,154.927828,22.082122
4.131000,154.634199,22.082122
4.131000,154.916547,22.082122
4.131000,154.623117,22.082122
4.131000,154.916777,22.082122
4.131000,154.623377,22.082122
4.131500,154.917007,22.082122
4.131500,154.623638,22.082122
4.131500,154.911649,22.082122
4.131500,154.618553,22.082122
4.132000,154.911879,22.082122
4.132000,154.618813,22.082122
4.132000,154.919159,22.082122
4.132000,154.626471,22.082122
4.132500,154.919389,22.082122
4.132500,154.626730,22.082122
4.132500,154.922045,22.082122
4.132500,154.629667,22.082122
4.132500,154.922275,22.082122
4.132500,154.629927,22.082122
4.137000,154.909044,22.116462
4.137000,154.616776,22.116462
4.137000,154.909274,22.116462
4.137000,154.617036,22.116462
4.137500,154.899604,22.116462
4.137500,154.607336,22.116462
4.137500,154.899834,22.116462
4.137500,154.607596,22.116462
4.137500,154.889948,22.116462
4.137500,154.597668,22.116462
4.138000,154.890178,22.116462
4.138000,154.597927,22.116462
4.138000,154.874316,22.116462
4.138000,154.582127,22.116462
4.138500,154.874545,22.116462
4.138500,154.582386,22.116462
4.138500,154.874775,22.116462
4.138500,154.582646,22.116462
4.139000,154.865677,22.116462
4.139000,154.573616,22.116462
4.139000,154.865906,22.116462
4.139000,154.573875,22.116462
4.139000,154.859720,22.116462
4.139000,154.567770,22.116462
4.139500,154.859949,22.116462
4.139500,154.568029,22.116462
4.139500,154.853805,22.116462
4.139500,154.561930,22.116462
4.140000,154.854035,22.116462
4.140000,154.562189,22.116462
4.140000,154.852238,22.116462
4.140000,154.560439,22.116462
4.140500,154.852467,22.116462
4.140500,154.560697,22.116462
4.140500,154.860510,22.116462
4.140500,154.568887,22.116462
4.140500,154.860739,22.116462
4.140500,154.569146,22.116462
4.141000,154.864097,22.116462
4.141000,154.572722,22.116462
4.141000,154.864326,22.116462
4.141000,154.572981,22.116462
4.141500,154.861964,22.116462
4.141500,154.570843,22.116462
4.141500,154.862230,22.116462
4.141500,154.571102,22.116462
4.141500,154.856111,22.116462
4.141500,154.565143,22.116462
4.142000,154.856325,22.116462
4.142000,154.565401,22.116462
4.142000,154.856554,22.116462
4.142000,154.565660,22.116462
4.142500,154.848876,22.116462
4.142500,154.558128,22.116462
4.142500,154.849105,22.116462
4.142500,154.558387,22.116462
4.143000,154.842687,22.116462
4.143000,154.551957,22.116462
4.143000,154.842915,22.116462
4.143000,154.552215,22.116462
4.143000,154.830065,22.116462
4.143000,154.539322,22.116462
4.143500,154.830293,22.116462
4.143500,154.539580,22.116462
4.143500,154.817695,22.116462
4.143500,154.526928,22.116462
4.144000,154.817923,22.116462
4.144000,154.527186,22.116462
4.144000,154.803715,22.116462
4.144000,154.512979,22.116462
4.144500,154.803943,22.116462
4.144500,154.513237,22.116462
4.144500,154.801622,22.116462
4.144500,154.511112,22.116462
4.144500,154.801847,22.116462
4.144500,154.511370,22.116462
4.145000,154.800643,22.116462
4.145000,154.510389,22.116462
4.145000,154.800950,22.116462
4.145000,154.510647,22.116462
4.145500,154.801178,22.116462
4.145500,154.510904,22.116462
4.145500,154.807024,22.116462
4.145500,154.516927,22.116462
4.146000,154.807252,22.116462
4.146000,154.517185,22.116462
4.146000,154.802224,22.116462
4.146000,154.512234,22.116462
4.146000,154.802452,22.116462
4.146000,154.512491,22.116462
4.146500,154.799186,22.116462
4.146500,154.509295,22.116462
4.146500,154.799414,22.116462
4.146500,154.509552,22.116462
4.147000,154.799359,22.116462
4.147000,154.509504,22.116462
4.147000,154.799586,22.116462
4.147000,154.509761,22.116462
4.147000,154.793123,22.116462
4.147000,154.503275,22.116462
4.147500,154.793373,22.116462
4.147500,154.503532,22.116462
4.147500,154.778110,22.116462
4.147500,154.488229,22.116462
4.148000,154.778269,22.116462
4.148000,154.488486,22.116462
4.148000,154.760331,22.116462
4.148000,154.470470,22.116462
4.148500,154.760568,22.116462
4.148500,154.470726,22.116462
4.148500,154.760796,22.116462
4.148500,154.470983,22.116462
4.148500,154.740668,22.116462
4.148500,154.450893,22.116462
4.149000,154.740895,22.116462
4.149000,154.451150,22.116462
4.149000,154.743355,22.116462
4.149000,154.453641,22.116462
4.149500,154.743582,22.116462
4.149500,154.453897,22.116462
4.149500,154.738571,22.116462
4.149500,154.448807,22.116462
4.171500,154.738798,22.139339
4.171500,154.449064,22.139339
4.171500,154.726675,22.139339
4.171500,154.436851,22.139339
4.171500,154.726902,22.139339
4.171500,154.437107,22.139339
4.172000,154.719451,22.139339
4.172000,154.429698,22.139339
4.172000,154.719771,22.139339
4.172000,154.429955,22.139339
4.172500,154.716511,22.139339
4.172500,154.426733,22.139339
4.172500,154.716774,22.139339
4.172500,154.426989,22.139339
4.172500,154.708826,22.139339
4.172500,154.419119,22.139339
4.173000,154.709032,22.139339
4.173000,154.419375,22.139339
4.173000,154.709259,22.139339
4.173000,154.419631,22.139339
4.173500,154.695632,22.139339
4.173500,154.406024,22.139339
4.173500,154.695859,22.139339
4.173500,154.406280,22.139339
4.174000,154.691188,22.139339
4.174000,154.401706,22.139339
4.174000,154.691415,22.139339
4.174000,154.401962,22.139339
4.174000,154.699721,22.139339
4.174000,154.410501,22.139339
4.174500,154.699947,22.139339
4.174500,154.410756,22.139339
4.174500,154.700270,22.139339
4.174500,154.411254,22.139339
4.175000,154.700425,22.139339
4.175000,154.411509,22.139339
4.175000,154.690987,22.139339
4.175000,154.402278,22.139339
4.175500,154.691139,22.139339
4.175500,154.402533,22.139339
4.175500,154.676964,22.139339
4.175500,154.388459,22.139339
4.175500,154.677234,22.139339
4.175500,154.388714,22.139339
4.176000,154.659759,22.139339
4.176000,154.371342,22.139339
4.176000,154.660024,22.139339
4.176000,154.371598,22.139339
4.176500,154.660249,22.139339
4.176500,154.371853,22.139339
4.176500,154.651727,22.139339
4.176500,154.363344,22.139339
4.177000,154.651953,22.139339
4.177000,154.363599,22.139339
4.177000,154.631375,22.139339
4.177000,154.342926,22.139339
4.177000,154.631601,22.139339
4.177000,154.343181,22.139339
4.177500,154.619437,22.139339
4.177500,154.331005,22.139339
4.177500,154.619663,22.139339
4.177500,154.331260,22.139339
4.178000,154.618300,22.139339
4.178000,154.330054,22.139339
4.178000,154.618567,22.139339
4.178000,154.330309,22.139339
4.178000,154.618911,22.139339
4.178000,154.330853,22.139339
4.178500,154.619174,22.139339
4.178500,154.331108,22.139339
4.178500,154.620771,22.139339
4.178500,154.332889,22.139339
4.179000,154.621161,22.139339
4.179000,154.333143,22.139339
4.179000,154.626531,22.139339
4.179000,154.338729,22.139339
4.179500,154.626905,22.139339
4.179500,154.338983,22.139339
4.179500,154.627130,22.139339
4.179500,154.339237,22.139339
4.179500,154.625091,22.139339
4.179500,154.337306,22.139339
4.180000,154.625316,22.139339
4.180000,154.337560,22.139339
4.180000,154.617075,22.139339
4.180000,154.329385,22.139339
4.180500,154.617300,22.139339
4.180500,154.329640,22.139339
4.180500,154.605162,22.139339
4.180500,154.317502,22.139339
4.181000,154.605419,22.139339
4.181000,154.317757,22.139339
4.181000,154.592619,22.139339
4.181000,154.305019,22.139339
4.181000,154.592822,22.139339
4.181000,154.305273,22.139339
4.181500,154.581186,22.139339
4.181500,154.293649,22.139339
4.181500,154.581392,22.139339
4.181500,154.293903,22.139339
4.182000,154.566760,22.139339
4.182000,154.279261,22.139339
4.182000,154.566927,22.139339
4.182000,154.279514,22.139339
4.182000,154.559311,22.139339
4.182000,154.271874,22.139339
4.182500,154.559656,22.139339
4.182500,154.272128,22.139339
4.182500,154.559880,22.139339
4.182500,154.272381,22.139339
4.183000,154.551218,22.139339
4.183000,154.263750,22.139339
4.183000,154.551442,22.139339
4.183000,154.264003,22.139339
4.183500,154.555616,22.139339
4.183500,154.268375,22.139339
4.183500,154.555841,22.139339
4.183500,154.268628,22.139339
4.183500,154.556222,22.139339
4.183500,154.269181,22.139339
4.187500,154.556573,22.133157
4.187500,154.269435,22.133157
4.187500,154.558217,22.133157
4.187500,154.271266,22.133157
4.188000,154.558482,22.133157
4.188000,154.271519,22.133157
4.188000,154.567610,22.133157
4.188000,154.280857,22.133157
4.188500,154.567871,22.133157
4.188500,154.281110,22.133157
4.188500,154.563686,22.133157
4.188500,154.277040,22.133157
4.188500,154.563951,22.133157
4.188500,154.277293,22.133157
4.189000,154.545164,22.133157
4.189000,154.258567,22.133157
4.189000,154.545349,22.133157
4.189000,154.258820,22.133157
4.189500,154.526146,22.133157
4.189500,154.239643,22.133157
4.189500,154.526362,22.133157
4.189500,154.239896,22.133157
4.189500,154.526586,22.133157
4.189500,154.240149,22.133157
4.190000,154.519660,22.133157
4.190000,154.233251,22.133157
4.190000,154.519845,22.133157
4.190000,154.233503,22.133157
4.190500,154.518564,22.133157
4.190500,154.232311,22.133157
4.190500,154.518862,22.133157
4.190500,154.232564,22.133157
4.191000,154.513437,22.133157
4.191000,154.227105,22.133157
4.191000,154.513777,22.133157
4.191000,154.227357,22.133157
4.191000,154.508516,22.133157
4.191000,154.222094,22.133157
4.196000,154.508880,22.071717
4.196000,154.222346,22.071717
4.196000,154.506951,22.071717
4.196000,154.220430,22.071717
4.196500,154.507254,22.071717
4.196500,154.220682,22.071717
4.196500,154.501698,22.071717
4.196500,154.215142,22.071717
4.197000,154.501961,22.071717
4.197000,154.215394,22.071717
4.197000,154.489618,22.071717
4.197000,154.203096,22.071717
4.197000,154.489869,22.071717
4.197000,154.203348,22.071717
4.197500,154.490092,22.071717
4.197500,154.203600,22.071717
4.197500,154.485750,22.071717
4.197500,154.199265,22.071717
4.198000,154.486006,22.071717
4.198000,154.199517,22.071717
4.198000,154.486675,22.071717
4.198000,154.200230,22.071717
4.198000,154.486925,22.071717
4.198000,154.200482,22.071717
4.198500,154.479353,22.071717
4.198500,154.192926,22.071717
4.198500,154.479597,22.071717
4.198500,154.193177,22.071717
4.199000,154.469677,22.071717
4.199000,154.183284,22.071717
4.199000,154.469852,22.071717
4.199000,154.183536,22.071717
4.199500,154.469397,22.071717
4.199500,154.183152,22.071717
4.199500,154.469675,22.071717
4.199500,154.183403,22.071717
4.199500,154.474616,22.071717
4.199500,154.188408,22.071717
4.200000,154.474819,22.071717
4.200000,154.188659,22.071717
4.200000,154.476612,22.071717
4.200000,154.190556,22.071717
4.200500,154.476834,22.071717
4.200500,154.190807,22.071717
4.200500,154.477081,22.071717
4.200500,154.191058,22.071717
4.201000,154.470527,22.071717
4.201000,154.184547,22.071717
4.201000,154.470665,22.071717
4.201000,154.184798,22.071717
4.201000,154.464136,22.071717
4.201000,154.178336,22.071717
4.201500,154.464197,22.071717
4.201500,154.178587,22.071717
4.201500,154.463415,22.071717
4.201500,154.177951,22.071717
4.202000,154.463448,22.071717
4.202000,154.178202,22.071717
4.202000,154.451558,22.071717
4.202000,154.166387,22.071717
4.202500,154.451605,22.071717
4.202500,154.166638,22.071717
4.202500,154.427762,22.071717
4.202500,154.142654,22.071717
4.202500,154.427826,22.071717
4.202500,154.142905,22.071717
4.203000,154.404048,22.071717
4.203000,154.119038,22.071717
4.203000,154.404151,22.071717
4.203000,154.119288,22.071717
4.203500,154.395257,22.071717
4.203500,154.110395,22.071717
4.203500,154.395479,22.071717
4.203500,154.110645,22.071717
4.203500,154.395734,22.071717
4.203500,154.110896,22.071717
4.204000,154.391039,22.071717
4.204000,154.106284,22.071717
4.204000,154.391369,22.071717
4.204000,154.106534,22.071717
4.204500,154.390772,22.071717
4.204500,154.106029,22.071717
4.204500,154.391166,22.071717
4.204500,154.106279,22.071717
4.205000,154.383452,22.071717
4.205000,154.098606,22.071717
4.205000,154.383657,22.071717
4.205000,154.098856,22.071717
4.205000,154.373731,22.071717
4.205000,154.088978,22.071717
4.205500,154.374050,22.071717
4.205500,154.089228,22.071717
4.205500,154.373237,22.071717
4.205500,154.088517,22.071717
4.206000,154.373552,22.071717
4.206000,154.088767,22.071717
4.206000,154.368931,22.071717
4.206000,154.084224,22.071717
4.206500,154.369152,22.071717
4.206500,154.084474,22.071717
4.206500,154.344147,22.071717
4.206500,154.059392,22.071717
4.206500,154.344368,22.071717
4.206500,154.059641,22.071717
4.207000,154.344617,22.071717
4.207000,154.059891,22.071717
4.207000,154.324741,22.071717
4.207000,154.040121,22.071717
4.207500,154.325066,22.071717
4.207500,154.040370,22.071717
4.207500,154.317292,22.071717
4.207500,154.032710,22.071717
4.207500,154.317728,22.071717
4.207500,154.032960,22.071717
4.208000,154.308432,22.071717
4.208000,154.023729,22.071717
4.208000,154.308925,22.071717
4.208000,154.023978,22.071717
4.229500,154.298343,22.078863
4.229500,154.013564,22.078863
4.229500,154.298809,22.078863
4.229500,154.013813,22.078863
4.230000,154.297051,22.078863
4.230000,154.012284,22.078863
4.230000,154.297398,22.078863
4.230000,154.012533,22.078863
4.230000,154.295156,22.078863
4.230000,154.010487,22.078863
4.230500,154.295376,22.078863
4.230500,154.010736,22.078863
4.230500,154.286463,22.078863
4.230500,154.001714,22.078863
4.231000,154.286684,22.078863
4.231000,154.001963,22.078863
4.231000,154.286867,22.078863
4.231000,154.002211,22.078863
4.231500,154.277699,22.078863
4.231500,153.993014,22.078863
4.231500,154.277918,22.078863
4.231500,153.993263,22.078863
4.231500,154.289532,22.078863
4.231500,154.005061,22.078863
4.232000,154.290384,22.078863
4.232000,154.005310,22.078863
4.232000,154.330736,22.078863
4.232000,154.046279,22.078863
4.232500,154.332345,22.078863
4.232500,154.046528,22.078863
4.232500,154.413762,22.078863
4.232500,154.128924,22.078863
4.233000,154.415962,22.078863
4.233000,154.129172,22.078863
4.233000,154.540928,22.078863
4.233000,154.255341,22.078863
4.233000,154.541148,22.078863
4.233000,154.255589,22.078863
4.233500,154.667386,22.078863
4.233500,154.380392,22.078863
4.233500,154.667605,22.078863
4.233500,154.380640,22.078863
4.234000,154.793489,22.078863
4.234000,154.504836,22.078863
4.234000,154.793709,22.078863
4.234000,154.505084,22.078863
4.234000,154.949468,22.078863
4.234000,154.659190,22.078863
4.234500,154.949687,22.078863
4.234500,154.659439,22.078863
4.234500,154.951916,22.078863
4.234500,154.659687,22.078863
4.235000,155.133065,22.078863
4.235000,154.841210,22.078863
4.235000,155.135268,22.078863
4.235000,154.841458,22.078863
4.235500,155.344896,22.078863
4.235500,155.051523,22.078863
4.235500,155.347601,22.078863
4.235500,155.051771,22.078863
4.235500,155.609602,22.078863
4.235500,155.314655,22.078863
4.236000,155.609820,22.078863
4.236000,155.314903,22.078863
4.236000,155.885985,22.078863
4.236000,155.588744,22.078863
4.236500,155.886204,22.078863
4.236500,155.588992,22.078863
4.236500,156.160722,22.078863
4.236500,155.860307,22.078863
4.237000,156.160940,22.078863
4.237000,155.860556,22.078863
4.237000,156.165442,22.078863
4.237000,155.860804,22.078863
4.237000,156.397077,22.078863
4.237000,156.092205,22.078863
4.237500,156.648394,22.078863
4.237500,156.338120,22.078863
4.237500,156.648611,22.078863
4.237500,156.338368,22.078863
4.238000,161.012210,22.078863
4.238000,156.338616,22.078863
4.238000,161.215732,22.078863
4.238000,156.543535,22.078863
4.238000,161.210949,22.078863
4.238000,156.543784,22.078863
4.238500,161.432072,22.078863
4.238500,156.767173,22.078863
4.238500,161.427503,22.078863
4.238500,156.767421,22.078863
4.239000,161.700519,22.078863
4.239000,157.042757,22.078863
4.239000,161.700304,22.078863
4.239000,157.043006,22.078863
4.239500,161.918309,22.078863
4.239500,157.268744,22.078863
4.239500,161.918094,22.078863
4.239500,157.268992,22.078863
4.239500,162.104127,22.078863
4.239500,157.463975,22.078863
4.240000,162.103914,22.078863
4.240000,157.464224,22.078863
4.240000,162.297394,22.078863
4.240000,157.667752,22.078863
4.240500,162.297181,22.078863
4.240500,157.668000,22.078863
4.240500,162.508399,22.078863
4.240500,157.890335,22.078863
4.241000,162.508188,22.078863
4.241000,157.890583,22.078863
4.241000,162.504003,22.078863
4.241000,157.890831,22.078863
4.241000,162.758918,22.078863
4.241000,158.152858,22.078863
4.241500,162.755396,22.078863
4.241500,158.153106,22.078863
4.241500,163.050575,22.078863
4.241500,158.455700,22.078863
4.246000,163.050366,22.138904
4.246000,158.455948,22.138904
4.246000,163.355860,22.138904
4.246000,158.771535,22.138904
4.246000,163.355653,22.138904
4.246000,158.771783,22.138904
4.246500,163.659995,22.138904
4.246500,159.085547,22.138904
4.246500,163.659789,22.138904
4.246500,159.085795,22.138904
4.247000,163.960001,22.138904
4.247000,159.394859,22.138904
4.247000,163.959796,22.138904
4.247000,159.395107,22.138904
4.247500,164.233608,22.138904
4.247500,159.678629,22.138904
4.247500,164.233404,22.138904
4.247500,159.678877,22.138904
4.247500,164.499675,22.138904
4.247500,159.954947,22.138904
4.248000,164.499472,22.138904
4.248000,159.955195,22.138904
4.248000,164.502805,22.138904
4.248000,159.955443,22.138904
4.248500,164.743852,22.138904
4.248500,160.209765,22.138904
4.248500,164.748422,22.138904
4.248500,160.210013,22.138904
4.249000,164.995334,22.138904
4.249000,160.470062,22.138904
4.249000,165.000824,22.138904
4.249000,160.470310,22.138904
4.249000,165.235114,22.138904
4.249000,160.717866,22.138904
4.249500,165.234913,22.138904
4.249500,160.718114,22.138904
4.249500,165.463831,22.138904
4.249500,160.955080,22.138904
4.250000,165.463632,22.138904
4.250000,160.955328,22.138904
4.250000,165.696478,22.138904
4.250000,161.195973,22.138904
4.250000,165.696279,22.138904
4.250000,161.196221,22.138904
4.250500,165.885334,22.138904
4.250500,161.394200,22.138904
4.250500,165.885136,22.138904
4.250500,161.394448,22.138904
4.251000,166.040207,22.138904
4.251000,161.560195,22.138904
4.251000,166.040010,22.138904
4.251000,161.560443,22.138904
4.251500,166.044602,22.138904
4.251500,161.560691,22.138904
4.251500,166.168302,22.138904
4.251500,161.700746,22.138904
4.251500,166.168107,22.138904
4.251500,161.700994,22.138904
4.252000,166.264472,22.138904
4.252000,161.808305,22.138904
4.252000,166.264278,22.138904
4.252000,161.808553,22.138904
4.261000,166.371011,22.211522
4.261000,161.922195,22.211522
4.261000,166.370817,22.211522
4.261000,161.922443,22.211522
4.261500,166.447894,22.211522
4.261500,162.001690,22.211522
4.261500,166.447701,22.211522
4.261500,162.001937,22.211522
4.261500,162.635117,22.211522
4.261500,162.078998,22.211522
4.262000,162.635310,22.211522
4.262000,162.079246,22.211522
4.262000,162.700744,22.211522
4.262000,162.137481,22.211522
4.262500,162.700936,22.211522
4.262500,162.137728,22.211522
4.262500,162.697619,22.211522
4.262500,162.137976,22.211522
4.263000,162.697053,22.211522
4.263000,162.123586,22.211522
4.263000,162.697360,22.211522
4.263000,162.123834,22.211522
4.263000,162.662302,22.211522
4.263000,162.074920,22.211522
4.263500,162.662491,22.211522
4.263500,162.075167,22.211522
4.263500,162.602141,22.211522
4.263500,161.995693,22.211522
4.264000,162.602328,22.211522
4.264000,161.995940,22.211522
4.264000,162.501145,22.211522
4.264000,161.868861,22.211522
4.264000,162.501329,22.211522
4.264000,161.869108,22.211522
4.264500,162.389984,22.211522
4.264500,161.726827,22.211522
4.264500,162.390165,22.211522
4.264500,161.727073,22.211522
4.265000,162.292185,22.211522
4.265000,161.598568,22.211522
4.265000,162.292363,22.211522
4.265000,161.598815,22.211522
4.265500,162.189940,22.211522
4.265500,161.464716,22.211522
4.265500,162.190115,22.211522
4.265500,161.464963,22.211522
4.265500,162.206138,22.211522
4.265500,161.465209,22.211522
4.266000,162.103050,22.211522
4.266000,161.349762,22.211522
4.266000,162.018569,22.211522
4.266000,161.254536,22.211522
4.266500,162.030822,22.211522
4.266500,161.254782,22.211522
4.266500,162.030991,22.211522
4.266500,161.255028,22.211522
4.270500,161.947815,22.336710
4.270500,161.153656,22.336710
4.270500,161.947982,22.336710
4.270500,161.153902,22.336710
4.270500,161.863716,22.336710
4.270500,161.058485,22.336710
4.271000,161.863882,22.336710
4.271000,161.058731,22.336710
4.271000,161.833043,22.336710
4.271000,161.020384,22.336710
4.271500,161.833209,22.336710
4.271500,161.020629,22.336710
4.271500,161.794675,22.336710
4.271500,160.977256,22.336710
4.271500,161.794840,22.336710
4.271500,160.977501,22.336710
4.272000,161.780713,22.336710
4.272000,160.959915,22.336710
4.272000,161.780877,22.336710
4.272000,160.960160,22.336710
4.272500,161.781042,22.336710
4.272500,160.960406,22.336710
4.272500,161.800973,22.336710
4.272500,160.978065,22.336710
4.273000,161.778300,22.336710
4.273000,160.957088,22.336710
4.273000,161.778464,22.336710
4.273000,160.957333,22.336710
4.273000,161.778628,22.336710
4.273000,160.957579,22.336710
4.273500,161.770351,22.336710
4.273500,160.953069,22.336710
4.273500,161.770516,22.336710
4.273500,160.953315,22.336710
4.274000,161.776915,22.336710
4.274000,160.965747,22.336710
4.274000,161.777080,22.336710
4.274000,160.965993,22.336710
4.274500,161.803592,22.336710
4.274500,161.000594,22.336710
4.274500,161.803758,22.336710
4.274500,161.000839,22.336710
4.274500,161.858658,22.336710
4.274500,161.065522,22.336710
4.275000,161.858824,22.336710
4.275000,161.065767,22.336710
4.275000,161.915432,22.336710
4.275000,161.134427,22.336710
4.275500,161.915599,22.336710
4.275500,161.134672,22.336710
4.275500,161.988870,22.336710
4.275500,161.222446,22.336710
4.276000,161.989039,22.336710
4.276000,161.222691,22.336710
4.276000,162.065279,22.336710
4.276000,161.307691,22.336710
4.276000,162.058275,22.336710
4.276000,161.307936,22.336710
4.276500,162.058446,22.336710
4.276500,161.308181,22.336710
4.276500,162.118469,22.336710
4.276500,161.386151,22.336710
4.277000,162.118641,22.336710
4.277000,161.386396,22.336710
4.277000,162.166796,22.336710
4.277000,161.454347,22.336710
4.277000,162.166970,22.336710
4.277000,161.454592,22.336710
4.277500,162.207026,22.336710
4.277500,161.515045,22.336710
4.277500,162.207203,22.336710
4.277500,161.515290,22.336710
4.278000,162.271942,22.336710
4.278000,161.599475,22.336710
4.278000,162.272120,22.336710
4.278000,161.599720,22.336710
4.291500,162.364246,22.561808
4.291500,161.701888,22.561808
4.291500,162.356060,22.561808
4.291500,161.702132,22.561808
4.291500,162.432341,22.561808
4.291500,161.796891,22.561808
4.292000,162.432523,22.561808
4.292000,161.797136,22.561808
4.292000,162.523234,22.561808
4.292000,161.897227,22.561808
4.292500,162.516479,22.561808
4.292500,161.897471,22.561808
4.292500,162.516662,22.561808
4.292500,161.897715,22.561808
4.293000,162.636272,22.561808
4.293000,162.031587,22.561808
4.293000,162.636457,22.561808
4.293000,162.031831,22.561808
4.293000,162.748133,22.561808
4.293000,162.156602,22.561808
4.293500,162.748318,22.561808
4.293500,162.156846,22.561808
4.293500,162.889950,22.561808
4.293500,162.309580,22.561808
4.294000,162.890137,22.561808
4.294000,162.309824,22.561808
4.294000,163.003858,22.561808
4.294000,162.434920,22.561808
4.294000,163.004046,22.561808
4.294000,162.435164,22.561808
4.294500,163.110996,22.561808
4.294500,162.551670,22.561808
4.294500,163.111185,22.561808
4.294500,162.551914,22.561808
4.295000,163.183623,22.561808
4.295000,162.632958,22.561808
4.295000,163.184202,22.561808
4.295000,162.633202,22.561808
4.295500,163.225321,22.561808
4.295500,162.682495,22.561808
4.295500,167.104443,22.561808
4.295500,162.682739,22.561808
4.295500,167.104252,22.561808
4.295500,162.682982,22.561808
4.296000,167.152962,22.561808
4.296000,162.722961,22.561808
4.296000,167.152770,22.561808
4.296000,162.723205,22.561808
4.296500,167.179734,22.561808
4.296500,162.741206,22.561808
4.296500,167.179541,22.561808
4.296500,162.741449,22.561808
4.297000,163.251467,22.561808
4.297000,162.737771,22.561808
4.297000,163.251660,22.561808
4.297000,162.738015,22.561808
4.297000,163.270111,22.561808
4.297000,162.764063,22.561808
4.297500,163.270305,22.561808
4.297500,162.764307,22.561808
4.297500,163.304005,22.561808
4.297500,162.794266,22.561808
4.298000,163.304199,22.561808
4.298000,162.794510,22.561808
4.298000,163.297469,22.561808
4.298000,162.797719,22.561808
4.298000,163.303041,22.561808
4.298000,162.797962,22.561808
4.298500,163.303234,22.561808
4.298500,162.798205,22.561808
4.298500,163.302386,22.561808
4.298500,162.804939,22.561808
4.299000,163.302580,22.561808
4.299000,162.805182,22.561808
4.299000,163.336401,22.561808
4.299000,162.845357,22.561808
4.299500,163.336596,22.561808
4.299500,162.845600,22.561808
4.299500,163.371878,22.561808
4.299500,162.886608,22.561808
4.299500,163.372073,22.561808
4.299500,162.886851,22.561808
4.303500,163.401033,22.874231
4.303500,162.923222,22.874231
4.303500,163.401228,22.874231
4.303500,162.923464,22.874231
4.304000,163.415643,22.874231
4.304000,162.945115,22.874231
4.304000,163.415839,22.874231
4.304000,162.945357,22.874231
4.304500,163.504740,22.874231
4.304500,163.043454,22.874231
4.304500,163.507451,22.874231
4.304500,163.043697,22.874231
4.304500,163.466889,22.874231
4.304500,163.011132,22.874231
4.305000,163.469569,22.874231
4.305000,163.011375,22.874231
4.305000,163.407530,22.874231
4.305000,162.958289,22.874231
4.305500,163.408988,22.874231
4.305500,162.958532,22.874231
4.305500,163.409187,22.874231
4.305500,162.958774,22.874231
4.305500,163.414409,22.874231
4.305500,162.974540,22.874231
4.306000,163.414608,22.874231
4.306000,162.974782,22.874231
4.306000,163.423513,22.874231
4.306000,162.995224,22.874231
4.306500,163.423713,22.874231
4.306500,162.995466,22.874231
4.306500,163.469451,22.874231
4.306500,163.050523,22.874231
4.307000,163.469652,22.874231
4.307000,163.050765,22.874231
4.307000,163.519793,22.874231
4.307000,163.108135,22.874231
4.307000,163.519994,22.874231
4.307000,163.108377,22.874231
4.312500,163.551821,23.288140
4.312500,163.148128,23.288140
4.312500,163.552757,23.288140
4.312500,163.148369,23.288140
4.313000,163.557178,23.288140
4.313000,163.160498,23.288140
4.313000,163.559077,23.288140
4.313000,163.160740,23.288140
4.313500,163.543391,23.288140
4.313500,163.153057,23.288140
4.313500,163.545149,23.288140
4.313500,163.153299,23.288140
4.313500,163.496493,23.288140
4.313500,163.112940,23.288140
4.314000,167.671798,23.288140
4.314000,163.113181,23.288140
4.314000,167.671593,23.288140
4.314000,163.113423,23.288140
4.314500,167.564557,23.288140
4.314500,163.000092,23.288140
4.314500,167.564353,23.288140
4.314500,163.000333,23.288140
4.315000,167.440501,23.288140
4.315000,162.869630,23.288140
4.315000,167.440295,23.288140
4.315000,162.869872,23.288140
4.315000,167.305682,23.288140
4.315000,162.728382,23.288140
4.315500,167.305598,23.288140
4.315500,162.728623,23.288140
4.315500,167.142874,23.288140
4.315500,162.559657,23.288140
4.316000,167.143065,23.288140
4.316000,162.559898,23.288140
4.316000,166.979327,23.288140
4.316000,162.390171,23.288140
4.316000,166.979364,23.288140
4.316000,162.390412,23.288140
4.316500,166.801147,23.288140
4.316500,162.206512,23.288140
4.316500,166.801313,23.288140
4.316500,162.206752,23.288140
4.317000,166.801105,23.288140
4.317000,162.206993,23.288140
4.317000,166.605327,23.288140
4.317000,162.005462,23.288140
4.317500,166.605118,23.288140
4.317500,162.005703,23.288140
4.317500,166.385422,23.288140
4.317500,161.780988,23.288140
4.317500,166.385213,23.288140
4.317500,161.781228,23.288140
4.318000,166.155004,23.288140
4.318000,161.545672,23.288140
4.318000,166.154794,23.288140
4.318000,161.545912,23.288140
4.318500,165.949381,23.288140
4.318500,161.336023,23.288140
4.318500,165.950173,23.288140
4.318500,161.336263,23.288140
4.326500,165.764572,23.835578
4.326500,161.146528,23.835578
4.326500,161.448228,23.835578
4.326500,161.146768,23.835578
4.326500,161.246701,23.835578
4.326500,160.950616,23.835578
4.327000,161.245037,23.835578
4.327000,160.950856,23.835578
4.327000,161.050362,23.835578
4.327000,160.761442,23.835578
4.327500,161.048618,23.835578
4.327500,160.761682,23.835578
4.327500,160.850365,23.835578
4.327500,160.568137,23.835578
4.327500,160.848315,23.835578
4.327500,160.568377,23.835578
4.328000,160.848527,23.835578
4.328000,160.568616,23.835578
4.328000,160.593167,23.835578
4.328000,160.317304,23.835578
4.328500,160.591190,23.835578
4.328500,160.317543,23.835578
4.328500,160.292806,23.835578
4.328500,160.022300,23.835578
4.329000,160.292177,23.835578
4.329000,160.022539,23.835578
4.329000,159.979469,23.835578
4.329000,159.712387,23.835578
4.329000,159.980012,23.835578
4.329000,159.712626,23.835578
4.329500,159.667398,23.835578
4.329500,159.401731,23.835578
4.329500,159.667958,23.835578
4.329500,159.401970,23.835578
4.330000,159.327139,23.835578
4.330000,159.061717,23.835578
4.330000,159.327699,23.835578
4.330000,159.061956,23.835578
4.330500,158.988687,23.835578
4.330500,158.723529,23.835578
4.330500,158.989311,23.835578
4.330500,158.723767,23.835578
4.330500,158.719326,23.835578
4.330500,158.455322,23.835578
4.331000,158.719311,23.835578
4.331000,158.455561,23.835578
4.331000,158.719523,23.835578
4.331000,158.455799,23.835578
4.331500,158.498664,23.835578
4.331500,158.237568,23.835578
4.331500,158.498876,23.835578
4.331500,158.237806,23.835578
4.332000,158.303039,23.835578
4.332000,158.044164,23.835578
4.332000,158.303259,23.835578
4.332000,158.044402,23.835578
4.332000,158.141601,23.835578
4.332000,157.884609,23.835578
4.332500,158.142521,23.835578
4.332500,157.884847,23.835578
4.332500,158.009759,23.835578
4.332500,157.753254,23.835578
4.333000,158.011328,23.835578
4.333000,157.753492,23.835578
4.333000,157.860831,23.835578
4.333000,157.603318,23.835578
4.333000,157.862138,23.835578
4.333000,157.603555,23.835578
4.333500,157.650640,23.835578
4.333500,157.391838,23.835578
4.333500,157.651812,23.835578
4.333500,157.392075,23.835578
4.334000,157.453538,23.835578
4.334000,157.193616,23.835578
4.334000,157.455116,23.835578
4.334000,157.193853,23.835578
4.334500,157.455327,23.835578
4.334500,157.194089,23.835578
4.334500,157.343082,23.835578
4.334500,157.082722,23.835578
4.334500,157.345266,23.835578
4.334500,157.082959,23.835578
4.335000,157.331358,23.835578
4.335000,157.070793,23.835578
4.335000,157.333882,23.835578
4.335000,157.071030,23.835578
4.346500,157.351788,24.464112
4.346500,157.090843,24.464112
4.346500,157.354249,24.464112
4.346500,157.091079,24.464112
4.347000,157.386726,24.464112
4.347000,157.125509,24.464112
4.347000,157.388656,24.464112
4.347000,157.125745,24.464112
4.347000,157.429342,24.464112
4.347000,157.167948,24.464112
4.347500,157.430582,24.464112
4.347500,157.168184,24.464112
4.347500,157.446307,24.464112
4.347500,157.184727,24.464112
4.348000,157.446982,24.464112
4.348000,157.184963,24.464112
4.348000,157.414705,24.464112
4.348000,157.152848,24.464112
4.348000,157.415146,24.464112
4.348000,157.153084,24.464112
4.348500,157.415357,24.464112
4.348500,157.153321,24.464112
4.348500,157.366122,24.464112
4.348500,157.104180,24.464112
4.349000,157.366388,24.464112
4.349000,157.104416,24.464112
4.349000,157.352727,24.464112
4.349000,157.090746,24.464112
4.349500,157.353100,24.464112
4.349500,157.090982,24.464112
4.349500,157.379640,24.464112
4.349500,157.117599,24.464112
4.349500,157.380104,24.464112
4.349500,157.117835,24.464112
4.350000,157.421202,24.464112
4.350000,157.158767,24.464112
4.350000,157.421895,24.464112
4.350000,157.159003,24.464112
4.350500,157.464371,24.464112
4.350500,157.201057,24.464112
4.350500,157.465357,24.464112
4.350500,157.201293,24.464112
4.351000,157.527846,24.464112
4.351000,157.263187,24.464112
4.351000,157.528997,24.464112
4.351000,157.263423,24.464112
4.351000,157.621194,24.464112
4.351000,157.354909,24.464112
4.351500,157.621404,24.464112
4.351500,157.355144,24.464112
4.351500,157.766567,24.464112
4.351500,157.498470,24.464112
4.352000,157.766776,24.464112
4.352000,157.498706,24.464112
4.352000,157.768261,24.464112
4.352000,157.498941,24.464112
4.352000,157.964653,24.464112
4.352000,157.694381,24.464112
4.352500,157.966091,24.464112
4.352500,157.694616,24.464112
4.352500,158.213588,24.464112
4.352500,157.941131,24.464112
4.353000,158.215043,24.464112
4.353000,157.941366,24.464112
4.353000,158.392370,24.464112
4.353000,158.118371,24.464112
4.353500,158.393825,24.464112
4.353500,158.118607,24.464112
4.353500,158.591745,24.464112
4.353500,158.315733,24.464112
4.353500,158.592689,24.464112
4.353500,158.315968,24.464112
4.354000,158.786656,24.464112
4.354000,158.508544,24.464112
4.354000,158.787109,24.464112
4.354000,158.508779,24.464112
4.354500,158.787318,24.464112
4.354500,158.509015,24.464112
4.354500,158.977242,24.464112
4.354500,158.697389,24.464112
4.355000,159.199991,24.464112
4.355000,158.918196,24.464112
4.355000,159.200199,24.464112
4.355000,158.918431,24.464112
4.355000,159.201100,24.464112
4.355000,158.918667,24.464112
4.362000,159.377392,25.169126
4.362000,159.092874,25.169126
4.362000,159.378579,25.169126
4.362000,159.093110,25.169126
4.362500,159.556191,25.169126
4.362500,159.268325,25.169126
4.362500,159.557184,25.169126
4.362500,159.268560,25.169126
4.362500,159.705939,25.169126
4.362500,159.414029,25.169126
4.363000,159.706412,25.169126
4.363000,159.414264,25.169126
4.363000,159.831021,25.169126
4.363000,159.534635,25.169126
4.363500,159.831165,25.169126
4.363500,159.534870,25.169126
4.363500,159.960140,25.169126
4.363500,159.658817,25.169126
4.364000,159.960346,25.169126
4.364000,159.659052,25.169126
4.364000,160.018251,25.169126
4.364000,159.710580,25.169126
4.364000,160.018456,25.169126
4.364000,159.710815,25.169126
4.364500,160.064835,25.169126
4.364500,159.749751,25.169126
4.364500,160.065039,25.169126
4.364500,159.749986,25.169126
4.365000,160.066254,25.169126
4.365000,159.750221,25.169126
4.365000,160.236036,25.169126
4.365000,159.913374,25.169126
4.365500,160.237476,25.169126
4.365500,159.913609,25.169126
4.365500,160.390704,25.169126
4.365500,160.059337,25.169126
4.365500,160.392110,25.169126
4.365500,160.059572,25.169126
4.366000,160.528963,25.169126
4.366000,160.188423,25.169126
4.366000,160.530073,25.169126
4.366000,160.188658,25.169126
4.366500,160.685665,25.169126
4.366500,160.335916,25.169126
4.366500,160.686944,25.169126
4.366500,160.336151,25.169126
4.367000,160.813048,25.169126
4.367000,160.453206,25.169126
4.367000,160.813248,25.169126
4.367000,160.453441,25.169126
4.367000,160.963537,25.169126
4.367000,160.593488,25.169126
4.367500,160.963736,25.169126
4.367500,160.593723,25.169126
4.367500,161.039403,25.169126
4.367500,160.658600,25.169126
4.368000,161.039600,25.169126
4.368000,160.658834,25.169126
4.368000,161.041119,25.169126
4.368000,160.659069,25.169126
4.368000,161.156756,25.169126
4.368000,160.764696,25.169126
4.368500,165.234506,25.169126
4.368500,160.764930,25.169126
4.368500,165.368737,25.169126
4.368500,160.908900,25.169126
4.369000,165.366771,25.169126
4.369000,160.909135,25.169126
4.369000,165.487226,25.169126
4.369000,161.040162,25.169126
4.369500,165.485891,25.169126
4.369500,161.040396,25.169126
4.369500,165.635268,25.169126
4.369500,161.200299,25.169126
4.369500,165.635075,25.169126
4.369500,161.200534,25.169126
4.380000,165.795518,25.899963
4.380000,161.371941,25.899963
4.380000,165.795326,25.899963
4.380000,161.372175,25.899963
4.380500,165.956664,25.899963
4.380500,161.542827,25.899963
4.380500,165.956472,25.899963
4.380500,161.543061,25.899963
4.381000,166.059460,25.899963
4.381000,161.654771,25.899963
4.381000,166.059270,25.899963
4.381000,161.655005,25.899963
4.381000,166.063937,25.899963
4.381000,161.655240,25.899963
4.381500,166.196200,25.899963
4.381500,161.799526,25.899963
4.381500,166.201318,25.899963
4.381500,161.799760,25.899963
4.382000,166.343919,25.899963
4.382000,161.955005,25.899963
4.382000,166.349657,25.899963
4.382000,161.955239,25.899963
4.382000,166.488611,25.899963
4.382000,162.107360,25.899963
4.382500,166.494460,25.899963
4.382500,162.107594,25.899963
4.382500,166.651258,25.899963
4.382500,162.278037,25.899963
4.383000,166.651071,25.899963
4.383000,162.278271,25.899963
4.383000,166.832690,25.899963
4.383000,162.468608,25.899963
4.383500,166.832503,25.899963
4.383500,162.468842,25.899963
4.383500,167.014077,25.899963
4.383500,162.659893,25.899963
4.383500,167.013891,25.899963
4.383500,162.660127,25.899963
4.384000,163.166393,25.899963
4.384000,162.660361,25.899963
4.384000,163.352525,25.899963
4.384000,162.832945,25.899963
4.384500,163.348888,25.899963
4.384500,162.833179,25.899963
4.384500,163.508195,25.899963
4.384500,162.978688,25.899963
4.385000,163.503871,25.899963
4.385000,162.978922,25.899963
4.385000,163.630871,25.899963
4.385000,163.091428,25.899963
4.385000,163.625300,25.899963
4.385000,163.091662,25.899963
4.385500,163.717313,25.899963
4.385500,163.169869,25.899963
4.385500,163.717494,25.899963
4.385500,163.170102,25.899963
4.386000,163.745182,25.899963
4.386000,163.194163,25.899963
4.386000,163.745362,25.899963
4.386000,163.194397,25.899963
4.386500,163.739669,25.899963
4.386500,163.190014,25.899963
4.386500,163.739850,25.899963
4.386500,163.190247,25.899963
4.386500,163.709210,25.899963
4.386500,163.159325,25.899963
4.387000,163.709391,25.899963
4.387000,163.159559,25.899963
4.387000,163.674210,25.899963
4.387000,163.116610,25.899963
4.387500,163.674390,25.899963
4.387500,163.116843,25.899963
4.387500,163.672269,25.899963
4.387500,163.117077,25.899963
4.387500,163.601999,25.899963
4.387500,163.036760,25.899963
4.388000,163.600596,25.899963
4.388000,163.036993,25.899963
4.388000,163.478878,25.899963
4.388000,162.906225,25.899963
4.388500,163.479056,25.899963
4.388500,162.906458,25.899963
4.388500,163.327876,25.899963
4.388500,162.744072,25.899963
4.389000,163.328053,25.899963
4.389000,162.744305,25.899963
4.389000,163.169665,25.899963
4.389000,162.571585,25.899963
4.389000,163.169840,25.899963
4.389000,162.571818,25.899963
4.398000,162.978582,26.625522
4.398000,162.365651,26.625522
4.398000,162.978755,26.625522
4.398000,162.365883,26.625522
4.398500,162.799267,26.625522
4.398500,162.169898,26.625522
4.398500,162.799439,26.625522
4.398500,162.170130,26.625522
4.399000,162.658600,26.625522
4.399000,162.011326,26.625522
4.399000,162.658770,26.625522
4.399000,162.011558,26.625522
4.399000,162.669812,26.625522
4.399000,162.011790,26.625522
4.399500,162.523547,26.625522
4.399500,161.857172,26.625522
4.399500,162.534518,26.625522
4.399500,161.857404,26.625522
4.400000,162.414617,26.625522
4.400000,161.729595,26.625522
4.400000,162.414783,26.625522
4.400000,161.729827,26.625522
4.400000,162.332010,26.625522
4.400000,161.628967,26.625522
4.400500,162.332175,26.625522
4.400500,161.629199,26.625522
4.400500,162.240454,26.625522
4.400500,161.521792,26.625522
4.401000,162.240617,26.625522
4.401000,161.522024,26.625522
4.401000,162.147512,26.625522
4.401000,161.414788,26.625522
4.401500,162.147674,26.625522
4.401500,161.415019,26.625522
4.401500,162.057322,26.625522
4.401500,161.312684,26.625522
4.401500,162.057482,26.625522
4.401500,161.312915,26.625522
4.402000,161.985994,26.625522
4.402000,161.231071,26.625522
4.402000,161.986152,26.625522
4.402000,161.231302,26.625522
4.402500,161.911528,26.625522
4.402500,161.147299,26.625522
4.402500,161.911686,26.625522
4.402500,161.147530,26.625522
4.403000,161.913879,26.625522
4.403000,161.147761,26.625522
4.403000,161.832833,26.625522
4.403000,161.062932,26.625522
4.403000,161.832990,26.625522
4.403000,161.063164,26.625522
4.403500,161.762607,26.625522
4.403500,160.988426,26.625522
4.403500,161.762764,26.625522
4.403500,160.988657,26.625522
4.407500,161.675193,27.172092
4.407500,160.898940,27.172092
4.407500,161.675350,27.172092
4.407500,160.899170,27.172092
4.407500,161.586319,27.172092
4.407500,160.809258,27.172092
4.408000,161.586475,27.172092
4.408000,160.809488,27.172092
4.408000,161.510589,27.172092
4.408000,160.733280,27.172092
4.408500,161.510745,27.172092
4.408500,160.733511,27.172092
4.408500,161.472768,27.172092
4.408500,160.695706,27.172092
4.409000,161.472924,27.172092
4.409000,160.695937,27.172092
4.409000,161.446331,27.172092
4.409000,160.669834,27.172092
4.409000,161.446487,27.172092
4.409000,160.670065,27.172092
4.409500,161.446643,27.172092
4.409500,160.670295,27.172092
4.409500,161.449011,27.172092
4.409500,160.672731,27.172092
4.410000,161.449167,27.172092
4.410000,160.672961,27.172092
4.410000,161.473034,27.172092
4.410000,160.697625,27.172092
4.410500,161.473190,27.172092
4.410500,160.697855,27.172092
4.410500,161.495164,27.172092
4.410500,160.721274,27.172092
4.410500,161.495320,27.172092
4.410500,160.721504,27.172092
4.411000,161.525892,27.172092
4.411000,160.754031,27.172092
4.411000,161.526048,27.172092
4.411000,160.754261,27.172092
4.411500,161.563853,27.172092
4.411500,160.794682,27.172092
4.411500,161.564009,27.172092
4.411500,160.794912,27.172092
4.411500,161.619086,27.172092
4.411500,160.853763,27.172092
4.412000,161.619242,27.172092
4.412000,160.853993,27.172092
4.412000,161.683777,27.172092
4.412000,160.922969,27.172092
4.412500,161.683934,27.172092
4.412500,160.923199,27.172092
4.412500,161.684091,27.172092
4.412500,160.923429,27.172092
4.413000,161.774927,27.172092
4.413000,161.020041,27.172092
4.413000,161.775084,27.172092
4.413000,161.020270,27.172092
4.413000,161.892318,27.172092
4.413000,161.144606,27.172092
4.422000,161.892476,27.625184
4.422000,161.144835,27.625184
4.422000,162.015427,27.625184
4.422000,161.276624,27.625184
4.422500,162.015586,27.625184
4.422500,161.276854,27.625184
4.422500,162.113404,27.625184
4.422500,161.385347,27.625184
4.423000,162.113564,27.625184
4.423000,161.385577,27.625184
4.423000,162.189191,27.625184
4.423000,161.474130,27.625184
4.423000,162.189352,27.625184
4.423000,161.474360,27.625184
4.423500,162.244258,27.625184
4.423500,161.538093,27.625184
4.423500,162.237372,27.625184
4.423500,161.538322,27.625184
4.424000,162.269030,27.625184
4.424000,161.579353,27.625184
4.424000,162.260807,27.625184
4.424000,161.579583,27.625184
4.424500,162.260972,27.625184
4.424500,161.579812,27.625184
4.424500,162.271244,27.625184
4.424500,161.609741,27.625184
4.424500,162.271410,27.625184
4.424500,161.609970,27.625184
4.425000,162.283043,27.625184
4.425000,161.641679,27.625184
4.425000,162.283211,27.625184
4.425000,161.641908,27.625184
4.425500,162.301473,27.625184
4.425500,161.679863,27.625184
4.425500,162.301642,27.625184
4.425500,161.680092,27.625184
4.425500,162.310203,27.625184
4.425500,161.706608,27.625184
4.426000,162.310374,27.625184
4.426000,161.706837,27.625184
4.426000,162.308620,27.625184
4.426000,161.723063,27.625184
4.426500,162.308793,27.625184
4.426500,161.723292,27.625184
4.426500,162.313095,27.625184
4.426500,161.743542,27.625184
4.427000,162.313270,27.625184
4.427000,161.743771,27.625184
4.427000,162.313444,27.625184
4.427000,161.744000,27.625184
4.427000,162.306009,27.625184
4.427000,161.752392,27.625184
4.427500,162.306185,27.625184
4.427500,161.752621,27.625184
4.427500,162.257808,27.625184
4.427500,161.719287,27.625184
4.428000,162.257985,27.625184
4.428000,161.719515,27.625184
4.428000,162.187399,27.625184
4.428000,161.662888,27.625184
4.428500,162.187578,27.625184
4.428500,161.663116,27.625184
4.428500,162.160092,27.625184
4.428500,161.647063,27.625184
4.428500,162.160271,27.625184
4.428500,161.647291,27.625184
4.429000,162.172894,27.625184
4.429000,161.669169,27.625184
4.429000,162.173074,27.625184
4.429000,161.669397,27.625184
4.429500,162.206854,27.625184
4.429500,161.709607,27.625184
4.429500,162.207035,27.625184
4.429500,161.709835,27.625184
4.429500,162.228185,27.625184
4.429500,161.735004,27.625184
4.438000,162.228366,27.873914
4.438000,161.735232,27.873914
4.438000,162.228547,27.873914
4.438000,161.735460,27.873914
4.438500,162.238655,27.873914
4.438500,161.744888,27.873914
4.438500,162.193727,27.873914
4.438500,161.711453,27.873914
4.439000,162.204415,27.873914
4.439000,161.711681,27.873914
4.439000,162.204596,27.873914
4.439000,161.711909,27.873914
4.439000,162.220595,27.873914
4.439000,161.733202,27.873914
4.439500,162.220777,27.873914
4.439500,161.733430,27.873914
4.439500,162.178887,27.873914
4.439500,161.699241,27.873914
4.440000,162.179070,27.873914
4.440000,161.699469,27.873914
4.440000,162.065936,27.873914
4.440000,161.597166,27.873914
4.440500,162.066119,27.873914
4.440500,161.597394,27.873914
4.440500,161.984923,27.873914
4.440500,161.528855,27.873914
4.440500,161.985107,27.873914
4.440500,161.529083,27.873914
4.441000,162.036440,27.873914
4.441000,161.592023,27.873914
4.441000,162.036183,27.873914
4.441000,161.592251,27.873914
4.441500,162.036368,27.873914
4.441500,161.592478,27.873914
4.441500,162.093595,27.873914
4.441500,161.660140,27.873914
4.442000,162.102443,27.873914
4.442000,161.679645,27.873914
4.442000,162.102647,27.873914
4.442000,161.679872,27.873914
4.442000,162.102834,27.873914
4.442000,161.680100,27.873914
4.442500,162.043948,27.873914
4.442500,161.633604,27.873914
4.442500,162.044136,27.873914
4.442500,161.633831,27.873914
4.443000,161.918856,27.873914
4.443000,161.520861,27.873914
4.443000,161.919045,27.873914
4.443000,161.521089,27.873914
4.443000,161.824020,27.873914
4.443000,161.438212,27.873914
4.443500,161.824210,27.873914
4.443500,161.438439,27.873914
4.443500,161.623179,27.873914
4.443500,161.246503,27.873914
4.444000,161.621070,27.873914
4.444000,161.246730,27.873914
4.444000,161.317014,27.873914
4.444000,160.951360,27.873914
4.449500,161.314468,28.086894
4.449500,160.951587,28.086894
4.449500,161.139513,28.086894
4.449500,160.788223,28.086894
4.449500,161.137563,28.086894
4.449500,160.788450,28.086894
4.450000,161.137756,28.086894
4.450000,160.788676,28.086894
4.450000,161.058797,28.086894
4.450000,160.721708,28.086894
4.450500,161.058992,28.086894
4.450500,160.721935,28.086894
4.450500,160.943052,28.086894
4.450500,160.615062,28.086894
4.451000,160.943247,28.086894
4.451000,160.615288,28.086894
4.451000,160.784713,28.086894
4.451000,160.465732,28.086894
4.451000,160.784909,28.086894
4.451000,160.465958,28.086894
4.451500,160.614858,28.086894
4.451500,160.305564,28.086894
4.451500,160.615054,28.086894
4.451500,160.305790,28.086894
4.452000,160.413751,28.086894
4.452000,160.112123,28.086894
4.452000,160.413414,28.086894
4.452000,160.112349,28.086894
4.452000,160.159635,28.086894
4.452000,159.864983,28.086894
4.452500,160.159345,28.086894
4.452500,159.865208,28.086894
4.452500,159.856377,28.086894
4.452500,159.568410,28.086894
4.453000,159.856164,28.086894
4.453000,159.568636,28.086894
4.453000,159.521089,28.086894
4.453000,159.240054,28.086894
4.453500,159.520707,28.086894
4.453500,159.240279,28.086894
4.453500,159.520906,28.086894
4.453500,159.240505,28.086894
4.453500,159.195010,28.086894
4.453500,158.921965,28.086894
4.454000,159.195209,28.086894
4.454000,158.922190,28.086894
4.454000,158.918711,28.086894
4.454000,158.652696,28.086894
4.454500,158.918911,28.086894
4.454500,158.652921,28.086894
4.454500,158.719247,28.086894
4.454500,158.459032,28.086894
4.455000,158.719447,28.086894
4.455000,158.459257,28.086894
4.455000,158.587063,28.086894
4.455000,158.333025,28.086894
4.455000,158.588229,28.086894
4.455000,158.333249,28.086894
4.455500,158.495130,28.086894
4.455500,158.246256,28.086894
4.455500,158.495318,28.086894
4.455500,158.246480,28.086894
4.456000,158.405040,28.086894
4.456000,158.161865,28.086894
4.456000,158.403885,28.086894
4.456000,158.162089,28.086894
4.456000,158.404086,28.086894
4.456000,158.162314,28.086894
4.456500,158.245674,28.086894
4.456500,158.011667,28.086894
4.456500,158.245876,28.086894
4.456500,158.011891,28.086894
4.457000,158.003425,28.086894
4.457000,157.776854,28.086894
4.457000,158.003628,28.086894
4.457000,157.777078,28.086894
4.457500,157.689255,28.086894
4.457500,157.466975,28.086894
4.457500,157.689458,28.086894
4.457500,157.467199,28.086894
4.457500,157.309636,28.086894
4.457500,157.088103,28.086894
4.458000,157.309750,28.086894
4.458000,157.088327,28.086894
4.458000,156.857923,28.086894
4.458000,156.636685,28.086894
4.471500,156.860274,28.310108
4.471500,156.636908,28.310108
4.471500,156.486730,28.310108
4.471500,156.263938,28.310108
4.472000,156.491639,28.310108
4.472000,156.264162,28.310108
4.472000,156.210578,28.310108
4.472000,155.983643,28.310108
4.472000,156.216515,28.310108
4.472000,155.983866,28.310108
4.472500,156.216716,28.310108
4.472500,155.984089,28.310108
4.472500,155.979348,28.310108
4.472500,155.741692,28.310108
4.473000,155.979548,28.310108
4.473000,155.741915,28.310108
4.473000,155.744693,28.310108
4.473000,155.504460,28.310108
4.473000,155.744893,28.310108
4.473000,155.504682,28.310108
4.473500,155.522524,28.310108
4.473500,155.281735,28.310108
4.473500,155.522723,28.310108
4.473500,155.281957,28.310108
4.474000,155.333483,28.310108
4.474000,155.093986,28.310108
4.474000,155.334796,28.310108
4.474000,155.094209,28.310108
4.474500,155.205595,28.310108
4.474500,154.965651,28.310108
4.474500,155.205669,28.310108
4.474500,154.965874,28.310108
4.474500,155.081385,28.310108
4.474500,154.841674,28.310108
4.475000,155.081051,28.310108
4.475000,154.841896,28.310108
4.475000,154.952132,28.310108
4.475000,154.712970,28.310108
4.475500,154.951874,28.310108
4.475500,154.713192,28.310108
4.475500,154.805591,28.310108
4.475500,154.567515,28.310108
4.476000,154.805508,28.310108
4.476000,154.567736,28.310108
4.476000,154.805707,28.310108
4.476000,154.567958,28.310108
4.476000,154.749245,28.310108
4.476000,154.512485,28.310108
4.476500,154.749444,28.310108
4.476500,154.512707,28.310108
4.476500,154.769794,28.310108
4.476500,154.534142,28.310108
4.477000,154.770633,28.310108
4.477000,154.534364,28.310108
4.477000,154.853927,28.310108
4.477000,154.617604,28.310108
4.477500,154.855306,28.310108
4.477500,154.617826,28.310108
4.477500,154.888459,28.310108
4.477500,154.650290,28.310108
4.477500,154.890108,28.310108
4.477500,154.650512,28.310108
4.478000,154.884381,28.310108
4.478000,154.644071,28.310108
4.478000,154.885900,28.310108
4.478000,154.644292,28.310108
4.478500,154.903391,28.310108
4.478500,154.661103,28.310108
4.478500,154.904865,28.310108
4.478500,154.661324,28.310108
4.478500,154.990444,28.310108
4.478500,154.746622,28.310108
4.479000,154.991916,28.310108
4.479000,154.746844,28.310108
4.479000,155.174994,28.310108
4.479000,154.930337,28.310108
4.479500,155.176674,28.310108
4.479500,154.930558,28.310108
4.479500,155.176872,28.310108
4.479500,154.930780,28.310108
4.480000,155.436219,28.310108
4.480000,155.190993,28.310108
4.480000,155.437555,28.310108
4.480000,155.191214,28.310108
4.480000,155.749323,28.310108
4.480000,155.503836,28.310108
4.480500,155.750294,28.310108
4.480500,155.504058,28.310108
4.480500,156.076173,28.310108
4.480500,155.830514,28.310108
4.481000,156.076799,28.310108
4.481000,155.830735,28.310108
4.481000,156.397298,28.310108
4.481000,156.151271,28.310108
4.481500,156.397837,28.310108
4.481500,156.151492,28.310108
4.481500,156.715353,28.310108
4.481500,156.468545,28.310108
4.481500,156.716167,28.310108
4.481500,156.468766,28.310108
4.482000,157.029003,28.310108
4.482000,156.780719,28.310108
4.482000,157.029973,28.310108
4.482000,156.780941,28.310108
4.482500,157.313865,28.310108
4.482500,157.063029,28.310108
4.482500,157.314063,28.310108
4.482500,157.063251,28.310108
4.482500,157.315186,28.310108
4.482500,157.063472,28.310108
4.483000,157.586309,28.310108
4.483000,157.332086,28.310108
4.483000,157.587448,28.310108
4.483000,157.332308,28.310108
4.483500,157.856666,28.310108
4.483500,157.597955,28.310108
4.483500,157.857960,28.310108
4.483500,157.598176,28.310108
4.484000,158.171144,28.310108
4.484000,157.906323,28.310108
4.484000,158.172344,28.310108
4.484000,157.906544,28.310108
4.484000,158.434170,28.310108
4.484000,158.162906,28.310108
4.497000,158.435069,28.474914
4.497000,158.163127,28.474914
4.497000,158.553730,28.474914
4.497000,158.276152,28.474914
4.497500,158.554568,28.474914
4.497500,158.276373,28.474914
4.497500,158.693171,28.474914
4.497500,158.408694,28.474914
4.498000,158.694488,28.474914
4.498000,158.408915,28.474914
4.498000,158.895672,28.474914
4.498000,158.604076,28.474914
4.498000,158.895866,28.474914
4.498000,158.604297,28.474914
4.498500,158.897503,28.474914
4.498500,158.604518,28.474914
4.498500,159.137982,28.474914
4.498500,158.838464,28.474914
4.499000,159.139251,28.474914
4.499000,158.838685,28.474914
4.499000,159.352846,28.474914
4.499000,159.044984,28.474914
4.499500,159.354005,28.474914
4.499500,159.045205,28.474914
4.499500,159.615653,28.474914
4.499500,159.299462,28.474914
4.499500,159.617091,28.474914
4.499500,159.299684,28.474914
4.500000,159.847884,28.474914
4.500000,159.521962,28.474914
4.500000,159.849883,28.474914
4.500000,159.522183,28.474914
4.500500,160.055454,28.474914
4.500500,159.718384,28.474914
4.500500,160.058123,28.474914
4.500500,159.718606,28.474914
4.500500,160.351693,28.474914
4.500500,160.002757,28.474914
4.501000,160.351882,28.474914
4.501000,160.002978,28.474914
4.501000,160.643838,28.474914
4.501000,160.281851,28.474914
4.501500,160.644026,28.474914
4.501500,160.282072,28.474914
4.501500,160.646970,28.474914
4.501500,160.282294,28.474914
4.502000,160.919864,28.474914
4.502000,160.544473,28.474914
4.502000,160.921196,28.474914
4.502000,160.544694,28.474914
4.502000,161.222075,28.474914
4.502000,160.835415,28.474914
4.502500,161.221892,28.474914
4.502500,160.835637,28.474914
4.502500,161.536680,28.474914
4.502500,161.140283,28.474914
4.503000,161.535702,28.474914
4.503000,161.140504,28.474914
4.503000,161.833983,28.474914
4.503000,161.428225,28.474914
4.503500,161.832263,28.474914
4.503500,161.428446,28.474914
4.503500,162.151058,28.474914
4.503500,161.736545,28.474914
4.503500,162.147979,28.474914
4.503500,161.736766,28.474914
4.504000,162.439183,28.474914
4.504000,162.016769,28.474914
4.504000,162.439365,28.474914
4.504000,162.016990,28.474914
4.504500,162.435057,28.474914
4.504500,162.017211,28.474914
4.504500,162.701563,28.474914
4.504500,162.271969,28.474914
4.504500,162.696276,28.474914
4.504500,162.272191,28.474914
4.505000,162.960243,28.474914
4.505000,162.523843,28.474914
4.505000,162.954019,28.474914
4.505000,162.524064,28.474914
4.505500,163.197541,28.474914
4.505500,162.755173,28.474914
4.505500,163.191159,28.474914
4.505500,162.755394,28.474914
4.506000,163.382698,28.474914
4.506000,162.934714,28.474914
4.506000,163.377763,28.474914
4.506000,162.934935,28.474914
4.506000,163.512461,28.474914
4.506000,163.057299,28.474914
4.506500,163.507227,28.474914
4.506500,163.057520,28.474914
4.506500,163.605865,28.474914
4.506500,163.143778,28.474914
4.515000,163.606043,28.628947
4.515000,163.143999,28.628947
4.515000,163.685855,28.628947
4.515000,163.218102,28.628947
4.515500,163.686032,28.628947
4.515500,163.218323,28.628947
4.515500,163.679178,28.628947
4.515500,163.218544,28.628947
4.515500,163.762142,28.628947
4.515500,163.289332,28.628947
4.516000,163.755482,28.628947
4.516000,163.289553,28.628947
4.516000,163.806030,28.628947
4.516000,163.328229,28.628947
4.516500,163.799347,28.628947
4.516500,163.328450,28.628947
4.516500,163.803370,28.628947
4.516500,163.320377,28.628947
4.516500,163.795693,28.628947
4.516500,163.320598,28.628947
4.517000,163.795079,28.628947
4.517000,163.307879,28.628947
4.517000,163.785223,28.628947
4.517000,163.308099,28.628947
4.517500,163.777433,28.628947
4.517500,163.289208,28.628947
4.517500,163.766035,28.628947
4.517500,163.289428,28.628947
4.518000,163.738580,28.628947
4.518000,163.251163,28.628947
4.518000,163.738754,28.628947
4.518000,163.251383,28.628947
4.518000,163.685764,28.628947
4.518000,163.198862,28.628947
4.518500,163.685939,28.628947
4.518500,163.199082,28.628947
4.518500,163.678528,28.628947
4.518500,163.199302,28.628947
4.519000,163.619821,28.628947
4.519000,163.130581,28.628947
4.519000,163.531970,28.628947
4.519000,163.036870,28.628947
4.519500,163.532144,28.628947
4.519500,163.037090,28.628947
4.519500,163.531357,28.628947
4.519500,163.037310,28.628947
4.519500,163.450670,28.628947
4.519500,162.947072,28.628947
4.520000,163.453673,28.628947
4.520000,162.947292,28.628947
4.520000,163.365359,28.628947
4.520000,162.849085,28.628947
4.520500,163.370140,28.628947
4.520500,162.849305,28.628947
4.520500,163.272057,28.628947
4.520500,162.741975,28.628947
4.520500,163.272227,28.628947
4.520500,162.742195,28.628947
4.521000,163.118830,28.628947
4.521000,162.573071,28.628947
4.521000,163.118998,28.628947
4.521000,162.573291,28.628947
4.521500,162.958214,28.628947
4.521500,162.394509,28.628947
4.521500,162.958381,28.628947
4.521500,162.394728,28.628947
4.522000,162.769519,28.628947
4.522000,162.186321,28.628947
4.522000,162.769684,28.628947
4.522000,162.186541,28.628947
4.522000,162.564293,28.628947
4.522000,161.959300,28.628947
4.522500,162.564455,28.628947
4.522500,161.959519,28.628947
4.522500,162.581016,28.628947
4.522500,161.959738,28.628947
4.523000,162.433763,28.628947
4.523000,161.801628,28.628947
4.523000,162.433923,28.628947
4.523000,161.801847,28.628947
4.523500,162.313897,28.628947
4.523500,161.652942,28.628947
4.523500,162.331875,28.628947
4.523500,161.653160,28.628947
4.523500,162.264689,28.628947
4.523500,161.575518,28.628947
4.524000,162.264844,28.628947
4.524000,161.575737,28.628947
4.524000,162.288817,28.628947
4.524000,161.572829,28.628947
4.535500,162.288969,28.642090
4.535500,161.573048,28.642090
4.535500,162.352105,28.642090
4.535500,161.612904,28.642090
4.536000,162.352254,28.642090
4.536000,161.613123,28.642090
4.536000,162.452675,28.642090
4.536000,161.691934,28.642090
4.536000,162.452823,28.642090
4.536000,161.692153,28.642090
4.536500,162.499752,28.642090
4.536500,161.723610,28.642090
4.536500,162.499898,28.642090
4.536500,161.723829,28.642090
4.537000,162.500321,28.642090
4.537000,161.724047,28.642090
4.537000,162.527602,28.642090
4.537000,161.741018,28.642090
4.537000,162.527032,28.642090
4.537000,161.741237,28.642090
4.537500,162.459867,28.642090
4.537500,161.667881,28.642090
4.537500,162.460011,28.642090
4.537500,161.668099,28.642090
4.538000,162.421750,28.642090
4.538000,161.624275,28.642090
4.538000,162.421894,28.642090
4.538000,161.624493,28.642090
4.538500,162.495189,28.642090
4.538500,161.691202,28.642090
4.538500,162.495332,28.642090
4.538500,161.691420,28.642090
4.538500,162.637020,28.642090
4.538500,161.826862,28.642090
4.539000,162.637163,28.642090
4.539000,161.827080,28.642090
4.539000,165.792243,28.642090
4.539000,161.911157,28.642090
4.539500,165.792100,28.642090
4.539500,161.911375,28.642090
4.539500,165.855843,28.642090
4.539500,161.976145,28.642090
4.540000,165.855700,28.642090
4.540000,161.976363,28.642090
4.540000,165.854507,28.642090
4.540000,161.976581,28.642090
4.540000,165.874070,28.642090
4.540000,161.994889,28.642090
4.540500,165.872586,28.642090
4.540500,161.995107,28.642090
4.540500,165.865148,28.642090
4.540500,161.985726,28.642090
4.541000,165.865005,28.642090
4.541000,161.985944,28.642090
4.541000,165.853849,28.642090
4.541000,161.973818,28.642090
4.541000,165.853706,28.642090
4.541000,161.974036,28.642090
4.541500,165.866094,28.642090
4.541500,161.985082,28.642090
4.541500,165.865951,28.642090
4.541500,161.985300,28.642090
4.542000,162.821854,28.642090
4.542000,162.015396,28.642090
4.542000,162.821996,28.642090
4.542000,162.015614,28.642090
4.542500,162.856881,28.642090
4.542500,162.052688,28.642090
4.542500,162.857023,28.642090
4.542500,162.052906,28.642090
4.542500,162.895747,28.642090
4.542500,162.094174,28.642090
4.543000,162.895890,28.642090
4.543000,162.094391,28.642090
4.543000,162.897166,28.642090
4.543000,162.094609,28.642090
4.543500,162.991940,28.642090
4.543500,162.190890,28.642090
4.543500,162.992083,28.642090
4.543500,162.191107,28.642090
4.549500,163.093869,28.554446
4.549500,162.294195,28.554446
4.549500,163.094012,28.554446
4.549500,162.294412,28.554446
4.549500,163.191587,28.554446
4.549500,162.394477,28.554446
4.550000,163.191730,28.554446
4.550000,162.394694,28.554446
4.550000,163.218654,28.554446
4.550000,162.428745,28.554446
4.550500,163.218798,28.554446
4.550500,162.428962,28.554446
4.550500,163.237198,28.554446
4.550500,162.456020,28.554446
4.551000,163.237343,28.554446
4.551000,162.456237,28.554446
4.551000,163.239210,28.554446
4.551000,162.468150,28.554446
4.551000,163.239355,28.554446
4.551000,162.468367,28.554446
4.551500,163.223379,28.554446
4.551500,162.464028,28.554446
4.551500,163.223525,28.554446
4.551500,162.464245,28.554446
4.552000,163.218411,28.554446
4.552000,162.464462,28.554446
4.552000,163.222767,28.554446
4.552000,162.477603,28.554446
4.552000,163.222914,28.554446
4.552000,162.477820,28.554446
4.552500,163.219565,28.554446
4.552500,162.491352,28.554446
4.552500,163.219714,28.554446
4.552500,162.491568,28.554446
4.553000,163.215331,28.554446
4.553000,162.505510,28.554446
4.553000,163.215482,28.554446
4.553000,162.505727,28.554446
4.553500,163.214155,28.554446
4.553500,162.524597,28.554446
4.553500,163.214307,28.554446
4.553500,162.524814,28.554446
4.553500,163.198254,28.554446
4.553500,162.529801,28.554446
4.557500,163.198408,28.383695
4.557500,162.530018,28.383695
4.557500,163.202929,28.383695
4.557500,162.554573,28.383695
4.558000,163.203085,28.383695
4.558000,162.554789,28.383695
4.558000,163.236293,28.383695
4.558000,162.606785,28.383695
4.558500,163.236451,28.383695
4.558500,162.607002,28.383695
4.558500,163.236608,28.383695
4.558500,162.607218,28.383695
4.558500,163.293862,28.383695
4.558500,162.681607,28.383695
4.559000,163.294021,28.383695
4.559000,162.681823,28.383695
4.559000,163.347162,28.383695
4.559000,162.751833,28.383695
4.559500,163.347323,28.383695
4.559500,162.752049,28.383695
4.559500,163.372513,28.383695
4.559500,162.793293,28.383695
4.559500,163.372675,28.383695
4.559500,162.793509,28.383695
4.560000,163.364468,28.383695
4.560000,162.800195,28.383695
4.560000,163.364632,28.383695
4.560000,162.800411,28.383695
4.560500,163.323588,28.383695
4.560500,162.773238,28.383695
4.560500,163.323752,28.383695
4.560500,162.773454,28.383695
4.561000,163.273605,28.383695
4.561000,162.735382,28.383695
4.561000,163.273771,28.383695
4.561000,162.735598,28.383695
4.561000,163.228848,28.383695
4.561000,162.702139,28.383695
4.561500,163.229015,28.383695
4.561500,162.702355,28.383695
4.561500,163.229182,28.383695
4.561500,162.702571,28.383695
4.568000,163.253382,28.214127
4.568000,162.735987,28.214127
4.568000,163.253549,28.214127
4.568000,162.736203,28.214127
4.568500,163.331309,28.214127
4.568500,162.822832,28.214127
4.568500,163.331477,28.214127
4.568500,162.823048,28.214127
4.568500,163.372720,28.214127
4.568500,162.873465,28.214127
4.569000,163.372889,28.214127
4.569000,162.873680,28.214127
4.569000,163.397388,28.214127
4.569000,162.906836,28.214127
4.569500,163.397558,28.214127
4.569500,162.907051,28.214127
4.569500,163.375918,28.214127
4.569500,162.889763,28.214127
4.569500,163.376089,28.214127
4.569500,162.889978,28.214127
4.570000,163.275329,28.214127
4.570000,162.790365,28.214127
4.570000,163.275499,28.214127
4.570000,162.790581,28.214127
4.570500,163.275670,28.214127
4.570500,162.790796,28.214127
4.570500,163.192255,28.214127
4.570500,162.710347,28.214127
4.571000,163.107137,28.214127
4.571000,162.635784,28.214127
4.571000,163.112644,28.214127
4.571000,162.635999,28.214127
4.571000,163.112815,28.214127
4.571000,162.636214,28.214127
4.571500,163.085339,28.214127
4.571500,162.616448,28.214127
4.571500,163.085510,28.214127
4.571500,162.616663,28.214127
4.572000,163.099762,28.214127
4.572000,162.639559,28.214127
4.572000,163.099934,28.214127
4.572000,162.639774,28.214127
4.572500,163.142318,28.214127
4.572500,162.692622,28.214127
4.572500,163.142491,28.214127
4.572500,162.692837,28.214127
4.572500,163.149226,28.214127
4.572500,162.710600,28.214127
4.573000,163.149400,28.214127
4.573000,162.710814,28.214127
4.573000,163.089313,28.214127
4.573000,162.662095,28.214127
4.573500,163.089488,28.214127
4.573500,162.662310,28.214127
4.573500,162.941316,28.214127
4.573500,162.527117,28.214127
4.573500,162.941729,28.214127
4.573500,162.527332,28.214127
4.574000,162.722937,28.214127
4.574000,162.320993,28.214127
4.574000,162.721689,28.214127
4.574000,162.321207,28.214127
4.574500,162.721867,28.214127
4.574500,162.321421,28.214127
4.574500,162.350415,28.214127
4.574500,161.963466,28.214127
4.575000,162.350594,28.214127
4.575000,161.963680,28.214127
4.575000,161.956838,28.214127
4.575000,161.583904,28.214127
4.575000,161.957017,28.214127
4.575000,161.584117,28.214127
4.575500,161.674949,28.214127
4.575500,161.317035,28.214127
4.575500,161.675130,28.214127
4.575500,161.317248,28.214127
4.586000,161.433535,28.043427
4.586000,161.089860,28.043427
4.586000,161.433717,28.043427
4.586000,161.090074,28.043427
4.586500,161.136555,28.043427
4.586500,160.803014,28.043427
4.586500,161.133196,28.043427
4.586500,160.803228,28.043427
4.586500,160.768368,28.043427
4.586500,160.447998,28.043427
4.587000,160.765247,28.043427
4.587000,160.448212,28.043427
4.587000,160.375977,28.043427
4.587000,160.068260,28.043427
4.587500,160.373163,28.043427
4.587500,160.068473,28.043427
4.587500,160.373348,28.043427
4.587500,160.068686,28.043427
4.588000,159.975812,28.043427
4.588000,159.682856,28.043427
4.588000,159.975997,28.043427
4.588000,159.683069,28.043427
4.588000,159.635014,28.043427
4.588000,159.352859,28.043427
4.588500,159.635200,28.043427
4.588500,159.353071,28.043427
4.588500,159.294890,28.043427
4.588500,159.023187,28.043427
4.589000,159.295077,28.043427
4.589000,159.023399,28.043427
4.589000,158.958383,28.043427
4.589000,158.696562,28.043427
4.589000,158.958571,28.043427
4.589000,158.696774,28.043427
4.589500,158.631341,28.043427
4.589500,158.377299,28.043427
4.589500,158.630424,28.043427
4.589500,158.377511,28.043427
4.590000,158.370857,28.043427
4.590000,158.125443,28.043427
4.590000,158.370528,28.043427
4.590000,158.125655,28.043427
4.590500,158.370718,28.043427
4.590500,158.125867,28.043427
4.590500,158.175234,28.043427
4.590500,157.935995,28.043427
4.590500,158.175424,28.043427
4.590500,157.936207,28.043427
4.591000,158.004044,28.043427
4.591000,157.768256,28.043427
4.591000,158.004234,28.043427
4.591000,157.768467,28.043427
4.591500,157.904080,28.043427
4.591500,157.669797,28.043427
4.591500,157.904270,28.043427
4.591500,157.670009,28.043427
4.592000,158.144817,28.043427
4.592000,157.909643,28.043427
4.592000,158.145007,28.043427
4.592000,157.909855,28.043427
4.592000,158.096786,28.043427
4.592000,157.862753,28.043427
4.592500,158.099795,28.043427
4.592500,157.862965,28.043427
4.592500,157.800990,28.043427
4.592500,157.565362,28.043427
4.593000,157.804789,28.043427
4.593000,157.565574,28.043427
4.593000,157.458822,28.043427
4.593000,157.220391,28.043427
4.593000,157.462923,28.043427
4.593000,157.220602,28.043427
4.593500,157.202766,28.043427
4.593500,156.961175,28.043427
4.593500,157.207391,28.043427
4.593500,156.961386,28.043427
4.594000,157.207580,28.043427
4.594000,156.961597,28.043427
4.594000,157.090495,28.043427
4.594000,156.840854,28.043427
4.594500,157.090682,28.043427
4.594500,156.841065,28.043427
4.594500,157.019545,28.043427
4.594500,156.768029,28.043427
4.594500,157.019732,28.043427
4.594500,156.768240,28.043427
4.595000,156.953150,28.043427
4.595000,156.702528,28.043427
4.595000,156.953337,28.043427
4.595000,156.702739,28.043427
4.595500,156.909353,28.043427
4.595500,156.662766,28.043427
4.595500,156.911114,28.043427
4.595500,156.662977,28.043427
4.596000,156.899043,28.043427
4.596000,156.654680,28.043427
4.596000,156.900063,28.043427
4.596000,156.654890,28.043427
4.596000,156.969830,28.043427
4.596000,156.727155,28.043427
4.596500,156.970402,28.043427
4.596500,156.727365,28.043427
4.596500,157.044521,28.043427
4.596500,156.802886,28.043427
4.597000,157.044825,28.043427
4.597000,156.803097,28.043427
4.597000,157.071901,28.043427
4.597000,156.830851,28.043427
4.610000,157.071478,27.861614
4.610000,156.831061,27.861614
4.610000,157.071667,27.861614
4.610000,156.831271,27.861614
4.610000,157.060650,27.861614
4.610000,156.821679,27.861614
4.610500,157.060839,27.861614
4.610500,156.821889,27.861614
4.610500,157.058810,27.861614
4.610500,156.820292,27.861614
4.611000,157.058293,27.861614
4.611000,156.820502,27.861614
4.611000,157.079754,27.861614
4.611000,156.842868,27.861614
4.611000,157.079986,27.861614
4.611000,156.843078,27.861614
4.611500,157.150607,27.861614
4.611500,156.914812,27.861614
4.611500,157.151643,27.861614
4.611500,156.915022,27.861614
4.612000,157.269279,27.861614
4.612000,157.033809,27.861614
4.612000,157.270689,27.861614
4.612000,157.034019,27.861614
4.612500,157.403631,27.861614
4.612500,157.168017,27.861614
4.612500,157.405203,27.861614
4.612500,157.168227,27.861614
4.612500,157.533962,27.861614
4.612500,157.298000,27.861614
4.613000,157.535534,27.861614
4.613000,157.298210,27.861614
4.613000,157.535722,27.861614
4.613000,157.298420,27.861614
4.613500,157.651885,27.861614
4.613500,157.414276,27.861614
4.613500,157.652073,27.861614
4.613500,157.414486,27.861614
4.614000,157.758722,27.861614
4.614000,157.521628,27.861614
4.614000,157.759649,27.861614
4.614000,157.521838,27.861614
4.614000,157.852763,27.861614
4.614000,157.615127,27.861614
4.614500,157.853308,27.861614
4.614500,157.615336,27.861614
4.614500,157.948735,27.861614
4.614500,157.710678,27.861614
4.615000,157.948984,27.861614
4.615000,157.710887,27.861614
4.615000,158.050025,27.861614
4.615000,157.811701,27.861614
4.615000,158.049918,27.861614
4.615000,157.811910,27.861614
4.615500,158.168142,27.861614
4.615500,157.929815,27.861614
4.615500,158.168021,27.861614
4.615500,157.930024,27.861614
4.616000,158.307415,27.861614
4.616000,158.068960,27.861614
4.616000,158.307603,27.861614
4.616000,158.069170,27.861614
4.616500,158.307906,27.861614
4.616500,158.069379,27.861614
4.616500,158.459486,27.861614
4.616500,158.219934,27.861614
4.616500,158.459674,27.861614
4.616500,158.220143,27.861614
4.617000,158.648267,27.861614
4.617000,158.408001,27.861614
4.617000,158.648976,27.861614
4.617000,158.408210,27.861614
4.617500,158.828217,27.861614
4.617500,158.586524,27.861614
4.617500,158.829067,27.861614
4.617500,158.586733,27.861614
4.618000,158.980301,27.861614
4.618000,158.736908,27.861614
4.618000,158.980928,27.861614
4.618000,158.737117,27.861614
4.618000,159.129317,27.861614
4.618000,158.884393,27.861614
4.618500,159.129566,27.861614
4.618500,158.884602,27.861614
4.618500,159.257658,27.861614
4.618500,159.011242,27.861614
4.619000,159.257481,27.861614
4.619000,159.011451,27.861614
4.619000,159.403902,27.861614
4.619000,159.156036,27.861614
4.619000,159.403752,27.861614
4.619000,159.156246,27.861614
4.626500,159.403939,27.782079
4.626500,159.156455,27.782079
4.626500,159.553263,27.782079
4.626500,159.303335,27.782079
4.627000,159.553838,27.782079
4.627000,159.303545,27.782079
4.627000,159.657571,27.782079
4.627000,159.403834,27.782079
4.627500,159.658614,27.782079
4.627500,159.404043,27.782079
4.627500,159.671966,27.782079
4.627500,159.412672,27.782079
4.627500,159.673359,27.782079
4.627500,159.412881,27.782079
4.628000,159.688184,27.782079
4.628000,159.422729,27.782079
4.628000,159.689936,27.782079
4.628000,159.422938,27.782079
4.628500,159.782411,27.782079
4.628500,159.510127,27.782079
4.628500,159.784556,27.782079
4.628500,159.510336,27.782079
4.629000,159.839354,27.782079
4.629000,159.558280,27.782079
4.629000,159.841626,27.782079
4.629000,159.558489,27.782079
4.629000,159.841809,27.782079
4.629000,159.558698,27.782079
4.629500,159.927708,27.782079
4.629500,159.636971,27.782079
4.629500,159.930212,27.782079
4.629500,159.637180,27.782079
4.630000,160.129101,27.782079
4.630000,159.828642,27.782079
4.630000,160.131954,27.782079
4.630000,159.828851,27.782079
4.630000,160.370331,27.782079
4.630000,160.059835,27.782079
4.630500,160.373115,27.782079
4.630500,160.060044,27.782079
4.630500,160.602293,27.782079
4.630500,160.281207,27.782079
4.631000,160.604658,27.782079
4.631000,160.281416,27.782079
4.631000,160.849766,27.782079
4.631000,160.518214,27.782079
4.631500,160.851897,27.782079
4.631500,160.518423,27.782079
4.631500,161.118567,27.782079
4.631500,160.776315,27.782079
4.631500,161.120415,27.782079
4.631500,160.776524,27.782079
4.632000,161.381261,27.782079
4.632000,161.027918,27.782079
4.632000,161.382369,27.782079
4.632000,161.028126,27.782079
4.632500,161.626603,27.782079
4.632500,161.262508,27.782079
4.632500,161.626778,27.782079
4.632500,161.262716,27.782079
4.633000,161.626995,27.782079
4.633000,161.262925,27.782079
4.633000,161.822900,27.782079
4.633000,161.447995,27.782079
4.633000,161.821966,27.782079
4.633000,161.448203,27.782079
4.633500,162.044780,27.782079
4.633500,161.659609,27.782079
4.633500,162.042741,27.782079
4.633500,161.659818,27.782079
4.634000,162.237485,27.782079
4.634000,161.842682,27.782079
4.634000,162.234264,27.782079
4.634000,161.842891,27.782079
4.634500,162.428364,27.782079
4.634500,162.025169,27.782079
4.634500,162.424137,27.782079
4.634500,162.025377,27.782079
4.634500,162.603763,27.782079
4.634500,162.192606,27.782079
4.635000,162.598873,27.782079
4.635000,162.192815,27.782079
4.635000,162.766541,27.782079
4.635000,162.348375,27.782079
4.635500,162.760656,27.782079
4.635500,162.348584,27.782079
4.635500,162.895582,27.782079
4.635500,162.471205,27.782079
4.635500,162.895752,27.782079
4.635500,162.471414,27.782079
4.648000,162.888805,27.751430
4.648000,162.471622,27.751430
4.648000,163.014982,27.751430
4.648000,162.585161,27.751430
4.648500,163.009378,27.751430
4.648500,162.585369,27.751430
4.648500,163.145881,27.751430
4.648500,162.709687,27.751430
4.649000,163.139867,27.751430
4.649000,162.709895,27.751430
4.649000,163.262238,27.751430
4.649000,162.820165,27.751430
4.649000,163.255167,27.751430
4.649000,162.820373,27.751430
4.649500,163.365569,27.751430
4.649500,162.918589,27.751430
4.649500,163.358423,27.751430
4.649500,162.918797,27.751430
4.650000,163.449617,27.751430
4.650000,162.997804,27.751430
4.650000,163.442510,27.751430
4.650000,162.998012,27.751430
4.650500,163.511752,27.751430
4.650500,163.055246,27.751430
4.650500,163.511919,27.751430
4.650500,163.055454,27.751430
4.650500,163.505251,27.751430
4.650500,163.055662,27.751430
4.651000,163.575469,27.751430
4.651000,163.114121,27.751430
4.651000,163.609065,27.751430
4.651000,163.142549,27.751430
4.651500,163.609231,27.751430
4.651500,163.142757,27.751430
4.651500,163.600963,27.751430
4.651500,163.142965,27.751430
4.651500,163.627171,27.751430
4.651500,163.156837,27.751430
4.652000,163.616800,27.751430
4.652000,163.157045,27.751430
4.652000,163.614521,27.751430
4.652000,163.143466,27.751430
4.652500,163.603271,27.751430
4.652500,163.143674,27.751430
4.652500,163.572782,27.751430
4.652500,163.102367,27.751430
4.653000,163.572947,27.751430
4.653000,163.102574,27.751430
4.653000,163.511595,27.751430
4.653000,163.040735,27.751430
4.653000,163.508895,27.751430
4.653000,163.040942,27.751430
4.653500,163.427783,27.751430
4.653500,162.950617,27.751430
4.653500,163.427947,27.751430
4.653500,162.950825,27.751430
4.654000,163.427567,27.751430
4.654000,162.951032,27.751430
4.654000,163.323430,27.751430
4.654000,162.837606,27.751430
4.654500,163.237722,27.751430
4.654500,162.742507,27.751430
4.654500,163.237884,27.751430
4.654500,162.742715,27.751430
4.654500,163.241227,27.751430
4.654500,162.742922,27.751430
4.655000,163.136710,27.751430
4.655000,162.629950,27.751430
4.655000,163.141279,27.751430
4.655000,162.630157,27.751430
4.655500,163.009631,27.751430
4.655500,162.489187,27.751430
4.655500,163.016364,27.751430
4.655500,162.489394,27.751430
4.656000,162.907478,27.751430
4.656000,162.371814,27.751430
4.656000,162.914851,27.751430
4.656000,162.372020,27.751430
4.656000,162.800256,27.751430
4.656000,162.248923,27.751430
4.656500,162.800413,27.751430
4.656500,162.249130,27.751430
4.656500,162.678418,27.751430
4.656500,162.109425,27.751430
4.657000,162.678573,27.751430
4.657000,162.109632,27.751430
4.657000,162.577235,27.751430
4.657000,161.987859,27.751430
4.657000,162.577388,27.751430
4.657000,161.988066,27.751430
4.657500,162.500425,27.751430
4.657500,161.886056,27.751430
4.657500,162.500576,27.751430
4.657500,161.886262,27.751430
4.658000,162.517339,27.751430
4.658000,161.886469,27.751430
4.658000,162.422429,27.751430
4.658000,161.780986,27.751430
4.658500,162.440680,27.751430
4.658500,161.781193,27.751430
4.658500,162.377184,27.751430
4.658500,161.707649,27.751430
4.658500,162.377330,27.751430
4.658500,161.707855,27.751430
4.659000,162.301429,27.751430
4.659000,161.607475,27.751430
4.659000,162.314317,27.751430
4.659000,161.607681,27.751430
4.659500,162.223874,27.751430
4.659500,161.508792,27.751430
4.659500,162.224015,27.751430
4.659500,161.508999,27.751430
4.660000,162.128507,27.751430
4.660000,161.393684,27.751430
4.660000,162.128647,27.751430
4.660000,161.393890,27.751430
4.660000,161.990170,27.751430
4.660000,161.243716,27.751430
4.660500,161.990308,27.751430
4.660500,161.243921,27.751430
4.660500,161.843088,27.751430
4.660500,161.089047,27.751430
4.674500,161.843225,27.764719
4.674500,161.089253,27.764719
4.674500,161.843846,27.764719
4.674500,161.089459,27.764719
4.674500,161.650231,27.764719
4.674500,160.891954,27.764719
4.675000,161.650022,27.764719
4.675000,160.892160,27.764719
4.675000,161.456991,27.764719
4.675000,160.695644,27.764719
4.675500,161.456169,27.764719
4.675500,160.695849,27.764719
4.675500,161.361442,27.764719
4.675500,160.596210,27.764719
4.676000,161.361578,27.764719
4.676000,160.596416,27.764719
4.676000,161.208622,27.764719
4.676000,160.444214,27.764719
4.676000,161.208758,27.764719
4.676000,160.444420,27.764719
4.676500,161.069552,27.764719
4.676500,160.306227,27.764719
4.676500,161.069689,27.764719
4.676500,160.306432,27.764719
4.677000,160.941752,27.764719
4.677000,160.180226,27.764719
4.677000,160.941888,27.764719
4.677000,160.180431,27.764719
4.677500,160.866350,27.764719
4.677500,160.106490,27.764719
4.677500,160.866487,27.764719
4.677500,160.106695,27.764719
4.677500,160.868272,27.764719
4.677500,160.106900,27.764719
4.678000,160.856500,27.764719
4.678000,160.098173,27.764719
4.678000,160.858812,27.764719
4.678000,160.098378,27.764719
4.678500,160.903576,27.764719
4.678500,160.146444,27.764719
4.678500,160.905804,27.764719
4.678500,160.146649,27.764719
4.678500,160.996016,27.764719
4.678500,160.240051,27.764719
4.679000,160.996152,27.764719
4.679000,160.240256,27.764719
4.679000,161.127985,27.764719
4.679000,160.374067,27.764719
4.679500,161.128122,27.764719
4.679500,160.374272,27.764719
4.679500,161.278202,27.764719
4.679500,160.527534,27.764719
4.680000,161.278339,27.764719
4.680000,160.527738,27.764719
4.680000,161.436366,27.764719
4.680000,160.690981,27.764719
4.680000,161.436503,27.764719
4.680000,160.691185,27.764719
4.680500,161.660735,27.764719
4.680500,160.919762,27.764719
4.680500,161.660872,27.764719
4.680500,160.919967,27.764719
4.681000,161.657507,27.764719
4.681000,160.920172,27.764719
4.681000,161.805454,27.764719
4.681000,161.074167,27.764719
4.681500,161.800402,27.764719
4.681500,161.074371,27.764719
4.681500,161.929692,27.764719
4.681500,161.210714,27.764719
4.681500,161.929832,27.764719
4.681500,161.210918,27.764719
4.682000,162.044165,27.764719
4.682000,161.338743,27.764719
4.682000,162.044306,27.764719
4.682000,161.338947,27.764719
4.682500,162.166440,27.764719
4.682500,161.475470,27.764719
4.682500,162.166582,27.764719
4.682500,161.475674,27.764719
4.682500,162.293735,27.764719
4.682500,161.617756,27.764719
4.683000,162.293879,27.764719
4.683000,161.617960,27.764719
4.683000,162.422803,27.764719
4.683000,161.761814,27.764719
4.683500,162.422948,27.764719
4.683500,161.762019,27.764719
4.683500,162.568614,27.764719
4.683500,161.924762,27.764719
4.684000,162.568761,27.764719
4.684000,161.924967,27.764719
4.684000,162.722234,27.764719
4.684000,162.097748,27.764719
4.684000,162.722382,27.764719
4.684000,162.097952,27.764719
4.684500,162.711863,27.764719
4.684500,162.098156,27.764719
4.684500,162.871243,27.764719
4.684500,162.266785,27.764719
4.685000,162.871392,27.764719
4.685000,162.266989,27.764719
4.685000,162.999009,27.764719
4.685000,162.414601,27.764719
4.685500,162.999161,27.764719
4.685500,162.414805,27.764719
4.685500,163.112228,27.764719
4.685500,162.546992,27.764719
4.685500,163.112381,27.764719
4.685500,162.547197,27.764719
4.696000,163.234686,27.799600
4.696000,162.687235,27.799600
4.696000,163.234841,27.799600
4.696000,162.687439,27.799600
4.696500,163.376330,27.799600
4.696500,162.845336,27.799600
4.696500,163.376487,27.799600
4.696500,162.845540,27.799600
4.697000,163.552930,27.799600
4.697000,163.037599,27.799600
4.697000,163.553087,27.799600
4.697000,163.037803,27.799600
4.697000,163.758375,27.799600
4.697000,163.255009,27.799600
4.697500,163.758533,27.799600
4.697500,163.255213,27.799600
4.697500,163.758692,27.799600
4.697500,163.255417,27.799600
4.698000,163.949171,27.799600
4.698000,163.454920,27.799600
4.698000,163.949331,27.799600
4.698000,163.455123,27.799600
4.698000,164.103529,27.799600
4.698000,163.615200,27.799600
4.698500,164.103689,27.799600
4.698500,163.615404,27.799600
4.698500,164.205868,27.799600
4.698500,163.723375,27.799600
4.699000,164.206029,27.799600
4.699000,163.723579,27.799600
4.699000,164.252388,27.799600
4.699000,163.775709,27.799600
4.699500,164.252549,27.799600
4.699500,163.775912,27.799600
4.699500,164.413708,27.799600
4.699500,163.943108,27.799600
4.699500,164.413869,27.799600
4.699500,163.943312,27.799600
4.700000,164.540178,27.799600
4.700000,164.071507,27.799600
4.700000,164.540340,27.799600
4.700000,164.071711,27.799600
4.700500,164.546194,27.799600
4.700500,164.071915,27.799600
4.700500,164.524271,27.799600
4.700500,164.061831,27.799600
4.701000,164.524433,27.799600
4.701000,164.062034,27.799600
4.701000,164.593344,27.799600
4.701000,164.139828,27.799600
4.701000,164.593507,27.799600
4.701000,164.140032,27.799600
4.701500,164.583751,27.799600
4.701500,164.140250,27.799600
4.701500,164.583914,27.799600
4.701500,164.140453,27.799600
4.702000,164.415806,27.799600
4.702000,163.981621,27.799600
4.702000,164.415970,27.799600
4.702000,163.981824,27.799600
4.702000,164.305448,27.799600
4.702000,163.881672,27.799600
4.702500,164.305613,27.799600
4.702500,163.881875,27.799600
4.702500,164.258563,27.799600
4.702500,163.846216,27.799600
4.703000,164.258729,27.799600
4.703000,163.846419,27.799600
4.703000,164.192823,27.799600
4.703000,163.793092,27.799600
4.703500,164.192990,27.799600
4.703500,163.793296,27.799600
4.703500,164.193158,27.799600
4.703500,163.793499,27.799600
4.703500,164.115443,27.799600
4.703500,163.729336,27.799600
4.704000,164.115611,27.799600
4.704000,163.729539,27.799600
4.704000,164.095942,27.799600
4.704000,163.723588,27.799600
4.704500,164.096111,27.799600
4.704500,163.723790,27.799600
4.704500,164.068442,27.799600
4.704500,163.709430,27.799600
4.705000,164.068613,27.799600
4.705000,163.709633,27.799600
4.705000,163.927813,27.799600
4.705000,163.581446,27.799600
4.705000,163.927984,27.799600
4.705000,163.581649,27.799600
4.705500,163.743084,27.799600
4.705500,163.409434,27.799600
4.705500,163.743257,27.799600
4.705500,163.409637,27.799600
4.716000,163.520758,27.743890
4.716000,163.199771,27.743890
4.716000,163.520931,27.743890
4.716000,163.199974,27.743890
4.716500,163.267410,27.743890
4.716500,162.957021,27.743890
4.716500,163.266052,27.743890
4.716500,162.957223,27.743890
4.716500,163.266227,27.743890
4.716500,162.957426,27.743890
4.717000,162.969944,27.743890
4.717000,162.672127,27.743890
4.717000,162.970120,27.743890
4.717000,162.672329,27.743890
4.717500,162.705517,27.743890
4.717500,162.419189,27.743890
4.717500,162.705694,27.743890
4.717500,162.419391,27.743890
4.717500,162.478859,27.743890
4.717500,162.204052,27.743890
4.718000,162.479036,27.743890
4.718000,162.204254,27.743890
4.718000,162.274431,27.743890
4.718000,162.009932,27.743890
4.718500,162.274609,27.743890
4.718500,162.010134,27.743890
4.718500,162.034277,27.743890
4.718500,161.778530,27.743890
4.719000,162.034456,27.743890
4.719000,161.778732,27.743890
4.719000,161.782220,27.743890
4.719000,161.533991,27.743890
4.719000,161.782399,27.743890
4.719000,161.534192,27.743890
4.719500,161.556934,27.743890
4.719500,161.314837,27.743890
4.719500,161.556894,27.743890
4.719500,161.315039,27.743890
4.720000,161.362769,27.743890
4.720000,161.126182,27.743890
4.720000,161.362841,27.743890
4.720000,161.126383,27.743890
4.720500,161.363021,27.743890
4.720500,161.126584,27.743890
4.720500,161.148175,27.743890
4.720500,160.915782,27.743890
4.720500,161.148355,27.743890
4.720500,160.915984,27.743890
4.721000,160.894820,27.743890
4.721000,160.665479,27.743890
4.721000,160.895000,27.743890
4.721000,160.665680,27.743890
4.721500,160.622670,27.743890
4.721500,160.395162,27.743890
4.721500,160.622851,27.743890
4.721500,160.395363,27.743890
4.721500,160.325576,27.743890
4.721500,160.099026,27.743890
4.722000,160.325756,27.743890
4.722000,160.099227,27.743890
4.722000,160.043330,27.743890
4.722000,159.816883,27.743890
4.722500,160.043510,27.743890
4.722500,159.817084,27.743890
4.722500,159.793608,27.743890
4.722500,159.568950,27.743890
4.723000,159.796936,27.743890
4.723000,159.569151,27.743890
4.723000,159.797116,27.743890
4.723000,159.569351,27.743890
4.723000,159.555639,27.743890
4.723000,159.325665,27.743890
4.723500,159.369626,27.743890
4.723500,159.141356,27.743890
4.723500,159.373307,27.743890
4.723500,159.141556,27.743890
4.730000,159.373486,27.761185
4.730000,159.141757,27.761185
4.730000,159.132943,27.761185
4.730000,158.899333,27.761185
4.730500,159.133122,27.761185
4.730500,158.899533,27.761185
4.730500,158.841100,27.761185
4.730500,158.606132,27.761185
4.730500,158.841279,27.761185
4.730500,158.606332,27.761185
4.731000,158.568172,27.761185
4.731000,158.332470,27.761185
4.731000,158.568351,27.761185
4.731000,158.332670,27.761185
4.731500,158.324021,27.761185
4.731500,158.088651,27.761185
4.731500,158.324580,27.761185
4.731500,158.088850,27.761185
4.731500,158.079199,27.761185
4.731500,157.843311,27.761185
4.732000,158.078880,27.761185
4.732000,157.843511,27.761185
4.732000,158.079058,27.761185
4.732000,157.843710,27.761185
4.732500,157.806881,27.761185
4.732500,157.572145,27.761185
4.732500,157.607580,27.761185
4.732500,157.372814,27.761185
4.733000,157.606162,27.761185
4.733000,157.373013,27.761185
4.733000,157.606340,27.761185
4.733000,157.373212,27.761185
4.733000,157.482266,27.761185
4.733000,157.251187,27.761185
4.733500,157.482444,27.761185
4.733500,157.251386,27.761185
4.733500,157.424642,27.761185
4.733500,157.195305,27.761185
4.734000,157.424820,27.761185
4.734000,157.195504,27.761185
4.734000,157.430604,27.761185
4.734000,157.202949,27.761185
4.734500,157.430782,27.761185
4.734500,157.203147,27.761185
4.734500,157.442786,27.761185
4.734500,157.216093,27.761185
4.734500,157.442564,27.761185
4.734500,157.216292,27.761185
4.739000,157.414460,27.905793
4.739000,157.188546,27.905793
4.739000,157.414143,27.905793
4.739000,157.188744,27.905793
4.739500,157.355677,27.905793
4.739500,157.130163,27.905793
4.739500,157.355544,27.905793
4.739500,157.130361,27.905793
4.739500,157.329592,27.905793
4.739500,157.104361,27.905793
4.740000,157.329646,27.905793
4.740000,157.104559,27.905793
4.740000,157.329824,27.905793
4.740000,157.104758,27.905793
4.740500,157.343350,27.905793
4.740500,157.118262,27.905793
4.740500,157.343529,27.905793
4.740500,157.118460,27.905793
4.741000,157.365608,27.905793
4.741000,157.140406,27.905793
4.741000,157.365787,27.905793
4.741000,157.140604,27.905793
4.741000,157.384166,27.905793
4.741000,157.158106,27.905793
4.741500,157.384252,27.905793
4.741500,157.158304,27.905793
4.741500,157.383447,27.905793
4.741500,157.156422,27.905793
4.742000,157.383425,27.905793
4.742000,157.156620,27.905793
4.742000,157.395043,27.905793
4.742000,157.166939,27.905793
4.742500,157.395004,27.905793
4.742500,157.167137,27.905793
4.742500,157.402892,27.905793
4.742500,157.173753,27.905793
4.742500,157.403081,27.905793
4.742500,157.173951,27.905793
4.743000,157.450762,27.905793
4.743000,157.220443,27.905793
4.743000,157.451115,27.905793
4.743000,157.220641,27.905793
4.743500,157.451292,27.905793
4.743500,157.220839,27.905793
4.743500,157.520242,27.905793
4.743500,157.288435,27.905793
4.750000,157.520419,28.174858
4.750000,157.288633,28.174858
4.750000,157.605776,28.174858
4.750000,157.372297,28.174858
4.750000,157.605953,28.174858
4.750000,157.372495,28.174858
4.750500,157.707999,28.174858
4.750500,157.473139,28.174858
4.750500,157.708692,28.174858
4.750500,157.473337,28.174858
4.751000,157.886380,28.174858
4.751000,157.649924,28.174858
4.751000,157.887107,28.174858
4.751000,157.650121,28.174858
4.751000,158.089104,28.174858
4.751000,157.851065,28.174858
4.751500,158.090034,28.174858
4.751500,157.851263,28.174858
4.751500,158.267803,28.174858
4.751500,158.027563,28.174858
4.752000,158.268791,28.174858
4.752000,158.027761,28.174858
4.752000,158.268967,28.174858
4.752000,158.027959,28.174858
4.752500,158.441688,28.174858
4.752500,158.197878,28.174858
4.752500,158.441864,28.174858
4.752500,158.198075,28.174858
4.752500,158.597825,28.174858
4.752500,158.350205,28.174858
4.753000,158.598001,28.174858
4.753000,158.350402,28.174858
4.753000,158.781911,28.174858
4.753000,158.531461,28.174858
4.753500,158.783631,28.174858
4.753500,158.531659,28.174858
4.753500,158.956219,28.174858
4.753500,158.700729,28.174858
4.754000,158.958143,28.174858
4.754000,158.700927,28.174858
4.754000,159.116768,28.174858
4.754000,158.855434,28.174858
4.754000,159.118952,28.174858
4.754000,158.855632,28.174858
4.754500,159.232426,28.174858
4.754500,158.964342,28.174858
4.754500,159.234571,28.174858
4.754500,158.964540,28.174858
4.755000,159.341917,28.174858
4.755000,159.066530,28.174858
4.755000,159.343956,28.174858
4.755000,159.066728,28.174858
4.755000,159.344129,28.174858
4.755000,159.066925,28.174858
4.755500,159.484074,28.174858
4.755500,159.199244,28.174858
4.755500,159.484246,28.174858
4.755500,159.199442,28.174858
4.756000,159.616062,28.174858
4.756000,159.322750,28.174858
4.756000,159.616233,28.174858
4.756000,159.322948,28.174858
4.756500,159.753819,28.174858
4.756500,159.453064,28.174858
4.756500,159.756033,28.174858
4.756500,159.453261,28.174858
4.756500,159.913658,28.174858
4.756500,159.602895,28.174858
4.764500,159.916077,28.564031
4.764500,159.603092,28.564031
4.764500,160.105914,28.564031
4.764500,159.784610,28.564031
4.765000,160.108053,28.564031
4.765000,159.784807,28.564031
4.765000,160.317003,28.564031
4.765000,159.985172,28.564031
4.765500,160.318562,28.564031
4.765500,159.985369,28.564031
4.765500,160.537727,28.564031
4.765500,160.195522,28.564031
4.765500,160.538962,28.564031
4.765500,160.195719,28.564031
4.766000,160.539129,28.564031
4.766000,160.195916,28.564031
4.766000,160.766747,28.564031
4.766000,160.413506,28.564031
4.766500,160.766913,28.564031
4.766500,160.413704,28.564031
4.766500,161.015115,28.564031
4.766500,160.652347,28.564031
4.767000,161.015135,28.564031
4.767000,160.652545,28.564031
4.767000,161.214391,28.564031
4.767000,160.841696,28.564031
4.767000,161.213283,28.564031
4.767000,160.841894,28.564031
4.767500,161.427720,28.564031
4.767500,161.045647,28.564031
4.767500,161.425305,28.564031
4.767500,161.045844,28.564031
4.768000,161.639723,28.564031
4.768000,161.249112,28.564031
4.768000,161.636437,28.564031
4.768000,161.249309,28.564031
4.768000,161.819161,28.564031
4.768000,161.420481,28.564031
4.768500,161.815269,28.564031
4.768500,161.420678,28.564031
4.768500,162.032537,28.564031
4.768500,161.626980,28.564031
4.769000,162.027884,28.564031
4.769000,161.627177,28.564031
4.769000,162.028046,28.564031
4.769000,161.627374,28.564031
4.769500,162.246158,28.564031
4.769500,161.839989,28.564031
4.769500,162.461703,28.564031
4.769500,162.044130,28.564031
4.769500,162.461864,28.564031
4.769500,162.044327,28.564031
4.770000,162.456002,28.564031
4.770000,162.044524,28.564031
4.770000,162.654930,28.564031
4.770000,162.231584,28.564031
4.770500,162.648445,28.564031
4.770500,162.231781,28.564031
4.770500,162.821360,28.564031
4.770500,162.392673,28.564031
4.771000,162.815604,28.564031
4.771000,162.392870,28.564031
4.771000,162.968083,28.564031
4.771000,162.533203,28.564031
4.771000,162.963549,28.564031
4.771000,162.533400,28.564031
4.778500,163.092464,28.909988
4.778500,162.649765,28.909988
4.778500,163.088519,28.909988
4.778500,162.649962,28.909988
4.779000,163.214509,28.909988
4.779000,162.763380,28.909988
4.779000,163.210229,28.909988
4.779000,162.763577,28.909988
4.779000,163.320038,28.909988
4.779000,162.860899,28.909988
4.779500,163.320194,28.909988
4.779500,162.861096,28.909988
4.779500,163.420664,28.909988
4.779500,162.954819,28.909988
4.780000,163.420819,28.909988
4.780000,162.955016,28.909988
4.780000,163.413832,28.909988
4.780000,162.955213,28.909988
4.780500,163.480592,28.909988
4.780500,163.009059,28.909988
4.780500,163.471672,28.909988
4.780500,163.009256,28.909988
4.780500,163.467446,28.909988
4.780500,162.991901,28.909988
4.781000,163.456277,28.909988
4.781000,162.992098,28.909988
4.781000,163.440111,28.909988
4.781000,162.964016,28.909988
4.781500,163.427953,28.909988
4.781500,162.964213,28.909988
4.781500,163.407845,28.909988
4.781500,162.932299,28.909988
4.782000,163.398621,28.909988
4.782000,162.932495,28.909988
4.782000,163.390233,28.909988
4.782000,162.911746,28.909988
4.782000,163.390387,28.909988
4.782000,162.911942,28.909988
4.782500,163.372875,28.909988
4.782500,162.883053,28.909988
4.782500,163.373028,28.909988
4.782500,162.883249,28.909988
4.783000,163.372616,28.909988
4.783000,162.883446,28.909988
4.783000,163.327662,28.909988
4.783000,162.827604,28.909988
4.783000,163.328615,28.909988
4.783000,162.827800,28.909988
4.783500,163.255735,28.909988
4.783500,162.744355,28.909988
4.783500,163.260465,28.909988
4.783500,162.744551,28.909988
4.784000,163.151687,28.909988
4.784000,162.625340,28.909988
4.784000,163.159810,28.909988
4.784000,162.625536,28.909988
4.784500,163.036446,28.909988
4.784500,162.492170,28.909988
4.784500,163.046648,28.909988
4.784500,162.492366,28.909988
4.784500,162.907832,28.909988
4.784500,162.343413,28.909988
4.785000,162.921303,28.909988
4.785000,162.343609,28.909988
4.785000,162.777847,28.909988
4.785000,162.189053,28.909988
4.785500,162.777991,28.909988
4.785500,162.189249,28.909988
4.785500,162.680800,28.909988
4.785500,162.064960,28.909988
4.786000,162.680941,28.909988
4.786000,162.065155,28.909988
4.786000,162.613842,28.909988
4.786000,161.969605,28.909988
4.786000,162.613981,28.909988
4.786000,161.969800,28.909988
4.786500,162.630133,28.909988
4.786500,161.969996,28.909988
4.786500,162.578890,28.909988
4.786500,161.907592,28.909988
4.787000,162.592824,28.909988
4.787000,161.907788,28.909988
4.787000,162.565790,28.909988
4.787000,161.869985,28.909988
4.787000,162.579414,28.909988
4.787000,161.870180,28.909988
4.787500,162.517719,28.909988
4.787500,161.797841,28.909988
4.787500,162.526246,28.909988
4.787500,161.798036,28.909988
4.788000,162.410225,28.909988
4.788000,161.673111,28.909988
4.788000,162.410355,28.909988
4.788000,161.673306,28.909988
4.801000,162.256401,29.243039
4.801000,161.509363,29.243039
4.801000,162.256530,29.243039
4.801000,161.509558,29.243039
4.801000,162.045059,29.243039
4.801000,161.291410,29.243039
4.801500,162.045188,29.243039
4.801500,161.291605,29.243039
4.801500,161.881240,29.243039
4.801500,161.122232,29.243039
4.802000,161.881368,29.243039
4.802000,161.122427,29.243039
4.802000,161.879512,29.243039
4.802000,161.122622,29.243039
4.802500,161.734813,29.243039
4.802500,160.973592,29.243039
4.802500,161.733157,29.243039
4.802500,160.973787,29.243039
4.802500,161.634987,29.243039
4.802500,160.871920,29.243039
4.803000,161.634302,29.243039
4.803000,160.872115,29.243039
4.803000,161.525109,29.243039
4.803000,160.763674,29.243039
4.803500,161.525421,29.243039
4.803500,160.763869,29.243039
4.803500,161.438848,29.243039
4.803500,160.679162,29.243039
4.804000,161.440493,29.243039
4.804000,160.679357,29.243039
4.804000,161.390837,29.243039
4.804000,160.632521,29.243039
4.804000,161.390965,29.243039
4.804000,160.632716,29.243039
4.804500,161.388443,29.243039
4.804500,160.631971,29.243039
4.804500,161.388570,29.243039
4.804500,160.632165,29.243039
4.805000,161.422541,29.243039
4.805000,160.668938,29.243039
4.805000,161.422669,29.243039
4.805000,160.669132,29.243039
4.805000,161.423696,29.243039
4.805000,160.669326,29.243039
4.805500,161.474966,29.243039
4.805500,160.725699,29.243039
4.805500,161.475157,29.243039
4.805500,160.725894,29.243039
4.806000,161.531940,29.243039
4.806000,160.788675,29.243039
4.806000,161.531220,29.243039
4.806000,160.788869,29.243039
4.806500,161.584865,29.243039
4.806500,160.849091,29.243039
4.806500,161.583115,29.243039
4.806500,160.849285,29.243039
4.806500,161.640037,29.243039
4.806500,160.913554,29.243039
4.807000,161.640167,29.243039
4.807000,160.913748,29.243039
4.807000,161.687675,29.243039
4.807000,160.972280,29.243039
4.807500,161.687806,29.243039
4.807500,160.972474,29.243039
4.807500,161.734818,29.243039
4.807500,161.032653,29.243039
4.808000,161.734950,29.243039
4.808000,161.032847,29.243039
4.808000,161.780322,29.243039
4.808000,161.092035,29.243039
4.808000,161.780455,29.243039
4.808000,161.092229,29.243039
4.808500,161.774134,29.243039
4.808500,161.092423,29.243039
4.808500,161.836409,29.243039
4.808500,161.164396,29.243039
4.809000,161.827812,29.243039
4.809000,161.164590,29.243039
4.809000,161.873813,29.243039
4.809000,161.220339,29.243039
4.809000,161.862464,29.243039
4.809000,161.220533,29.243039
4.809500,161.858425,29.243039
4.809500,161.226222,29.243039
4.809500,161.846652,29.243039
4.809500,161.226416,29.243039
4.810000,161.786825,29.243039
4.810000,161.176027,29.243039
4.810000,161.786965,29.243039
4.810000,161.176221,29.243039
4.817000,161.714063,29.548684
4.817000,161.122688,29.548684
4.817000,161.714205,29.548684
4.817000,161.122881,29.548684
4.817000,161.650215,29.548684
4.817000,161.077980,29.548684
4.817500,161.650359,29.548684
4.817500,161.078174,29.548684
4.817500,161.591047,29.548684
4.817500,161.036673,29.548684
4.818000,161.591191,29.548684
4.818000,161.036866,29.548684
4.818000,161.586344,29.548684
4.818000,161.037060,29.548684
4.818500,161.558789,29.548684
4.818500,161.020813,29.548684
4.818500,161.555278,29.548684
4.818500,161.021007,29.548684
4.818500,161.549024,29.548684
4.818500,161.026210,29.548684
4.819000,161.546136,29.548684
4.819000,161.026403,29.548684
4.819000,161.538054,29.548684
4.819000,161.029289,29.548684
4.819500,161.538203,29.548684
4.819500,161.029483,29.548684
4.819500,161.512647,29.548684
4.819500,161.018914,29.548684
4.820000,161.512797,29.548684
4.820000,161.019107,29.548684
4.820000,161.417851,29.548684
4.820000,160.938595,29.548684
4.820000,161.418002,29.548684
4.820000,160.938788,29.548684
4.820500,161.237889,29.548684
4.820500,160.769962,29.548684
4.820500,161.238041,29.548684
4.820500,160.770154,29.548684
4.821000,161.048159,29.548684
4.821000,160.588937,29.548684
4.821000,161.048312,29.548684
4.821000,160.589130,29.548684
4.821000,160.888035,29.548684
4.821000,160.436516,29.548684
4.821500,160.888188,29.548684
4.821500,160.436708,29.548684
4.821500,160.893072,29.548684
4.821500,160.436901,29.548684
4.822000,160.801634,29.548684
4.822000,160.357421,29.548684
4.822000,160.810905,29.548684
4.822000,160.357613,29.548684
4.822500,160.754975,29.548684
4.822500,160.314176,29.548684
4.822500,160.755129,29.548684
4.822500,160.314368,29.548684
4.822500,160.716776,29.548684
4.822500,160.279397,29.548684
4.823000,160.716930,29.548684
4.823000,160.279589,29.548684
4.823000,160.780842,29.548684
4.823000,160.348747,29.548684
4.830500,160.780996,29.874168
4.830500,160.348939,29.874168
4.830500,160.812393,29.874168
4.830500,160.385772,29.874168
4.831000,160.812548,29.874168
4.831000,160.385964,29.874168
4.831000,160.817721,29.874168
4.831000,160.386156,29.874168
4.831000,160.768109,29.874168
4.831000,160.347594,29.874168
4.831500,160.627372,29.874168
4.831500,160.214227,29.874168
4.831500,160.627528,29.874168
4.831500,160.214419,29.874168
4.832000,160.627684,29.874168
4.832000,160.214611,29.874168
4.832000,160.427357,29.874168
4.832000,160.024621,29.874168
4.832000,160.427514,29.874168
4.832000,160.024813,29.874168
4.832500,160.297223,29.874168
4.832500,159.906669,29.874168
4.832500,160.297381,29.874168
4.832500,159.906861,29.874168
4.833000,160.318086,29.874168
4.833000,159.939529,29.874168
4.833000,160.318245,29.874168
4.833000,159.939721,29.874168
4.833500,160.411269,29.874168
4.833500,160.044387,29.874168
4.833500,160.411428,29.874168
4.833500,160.044578,29.874168
4.833500,160.451391,29.874168
4.833500,160.096567,29.874168
4.834000,160.451552,29.874168
4.834000,160.096759,29.874168
4.834000,160.383714,29.874168
4.834000,160.041483,29.874168
4.834500,160.383876,29.874168
4.834500,160.041674,29.874168
4.834500,160.181617,29.874168
4.834500,159.851521,29.874168
4.835000,160.181779,29.874168
4.835000,159.851712,29.874168
4.835000,160.180346,29.874168
4.835000,159.851904,29.874168
4.835000,159.965348,29.874168
4.835000,159.646465,29.874168
4.835500,159.965511,29.874168
4.835500,159.646656,29.874168
4.835500,159.715705,29.874168
4.835500,159.408098,29.874168
4.836000,159.715869,29.874168
4.836000,159.408289,29.874168
4.836000,159.409112,29.874168
4.836000,159.112749,29.874168
4.836000,159.409277,29.874168
4.836000,159.112939,29.874168
4.836500,159.076822,29.874168
4.836500,158.792008,29.874168
4.836500,159.076987,29.874168
4.836500,158.792199,29.874168
4.837000,158.799439,29.874168
4.837000,158.526496,29.874168
4.837000,158.799606,29.874168
4.837000,158.526686,29.874168
4.837500,158.548944,29.874168
4.837500,158.286320,29.874168
4.837500,158.549112,29.874168
4.837500,158.286511,29.874168
4.837500,158.548981,29.874168
4.837500,158.286701,29.874168
4.838000,158.314249,29.874168
4.838000,158.060475,29.874168
4.838000,158.314418,29.874168
4.838000,158.060665,29.874168
4.838500,158.062834,29.874168
4.838500,157.816869,29.874168
4.838500,158.063003,29.874168
4.838500,157.817059,29.874168
4.848500,157.811718,30.326288
4.848500,157.572765,30.326288
4.848500,157.811888,30.326288
4.848500,157.572955,30.326288
4.848500,157.582733,30.326288
4.848500,157.350333,30.326288
4.849000,157.582903,30.326288
4.849000,157.350523,30.326288
4.849000,157.369174,30.326288
4.849000,157.143326,30.326288
4.849500,157.369344,30.326288
4.849500,157.143516,30.326288
4.849500,157.158819,30.326288
4.849500,156.939236,30.326288
4.849500,157.158990,30.326288
4.849500,156.939426,30.326288
4.850000,156.945102,30.326288
4.850000,156.730388,30.326288
4.850000,156.945273,30.326288
4.850000,156.730577,30.326288
4.850500,156.946003,30.326288
4.850500,156.730767,30.326288
4.850500,156.742321,30.326288
4.850500,156.530943,30.326288
4.851000,156.742492,30.326288
4.851000,156.531132,30.326288
4.851000,156.541439,30.326288
4.851000,156.331864,30.326288
4.851000,156.541610,30.326288
4.851000,156.332054,30.326288
4.851500,156.362026,30.326288
4.851500,156.153046,30.326288
4.851500,156.362197,30.326288
4.851500,156.153235,30.326288
4.852000,156.202309,30.326288
4.852000,155.993241,30.326288
4.852000,156.202480,30.326288
4.852000,155.993430,30.326288
4.852500,156.285057,30.326288
4.852500,156.074546,30.326288
4.852500,156.285227,30.326288
4.852500,156.074735,30.326288
4.852500,156.161785,30.326288
4.852500,155.950208,30.326288
4.853000,156.161955,30.326288
4.853000,155.950397,30.326288
4.853000,155.956100,30.326288
4.853000,155.743497,30.326288
4.853500,155.956271,30.326288
4.853500,155.743686,30.326288
4.853500,155.792668,30.326288
4.853500,155.581751,30.326288
4.854000,155.795833,30.326288
4.854000,155.581939,30.326288
4.854000,155.656980,30.326288
4.854000,155.444590,30.326288
4.854000,155.660070,30.326288
4.854000,155.444779,30.326288
4.854500,155.660240,30.326288
4.854500,155.444967,30.326288
4.854500,155.567394,30.326288
4.854500,155.350947,30.326288
4.855000,155.567563,30.326288
4.855000,155.351135,30.326288
4.855000,155.497678,30.326288
4.855000,155.280289,30.326288
4.855000,155.497847,30.326288
4.855000,155.280477,30.326288
4.855500,155.413069,30.326288
4.855500,155.194985,30.326288
4.855500,155.413238,30.326288
4.855500,155.195173,30.326288
4.856000,155.333850,30.326288
4.856000,155.115199,30.326288
4.856000,155.334019,30.326288
4.856000,155.115387,30.326288
4.856500,155.293448,30.326288
4.856500,155.074469,30.326288
4.856500,155.293617,30.326288
4.856500,155.074657,30.326288
4.856500,155.291884,30.326288
4.856500,155.073219,30.326288
4.857000,155.292283,30.326288
4.857000,155.073407,30.326288
4.857000,155.308735,30.326288
4.857000,155.089932,30.326288
4.857500,155.309036,30.326288
4.857500,155.090120,30.326288
4.857500,155.309205,30.326288
4.857500,155.090307,30.326288
4.858000,155.346874,30.326288
4.858000,155.127723,30.326288
4.858000,155.347042,30.326288
4.858000,155.127911,30.326288
4.858000,155.416631,30.326288
4.858000,155.196998,30.326288
4.858500,155.416800,30.326288
4.858500,155.197186,30.326288
4.858500,155.524139,30.326288
4.858500,155.303943,30.326288
4.859000,155.524308,30.326288
4.859000,155.304131,30.326288
4.859000,155.662951,30.326288
4.859000,155.442520,30.326288
4.859000,155.663120,30.326288
4.859000,155.442708,30.326288
4.859500,155.808158,30.326288
4.859500,155.587861,30.326288
4.859500,155.808783,30.326288
4.859500,155.588049,30.326288
4.860000,155.970795,30.326288
4.860000,155.750188,30.326288
4.860000,155.971662,30.326288
4.860000,155.750376,30.326288
4.860500,156.141787,30.326288
4.860500,155.920394,30.326288
4.860500,156.142584,30.326288
4.860500,155.920581,30.326288
4.860500,156.142752,30.326288
4.860500,155.920769,30.326288
4.861000,156.310832,30.326288
4.861000,156.087786,30.326288
4.861000,156.311000,30.326288
4.861000,156.087974,30.326288
4.861500,156.466319,30.326288
4.861500,156.241642,30.326288
4.861500,156.466487,30.326288
4.861500,156.241830,30.326288
4.862000,156.621040,30.326288
4.862000,156.394197,30.326288
4.862000,156.621208,30.326288
4.862000,156.394385,30.326288
4.862000,156.737417,30.326288
4.862000,156.507474,30.326288
4.862500,156.737585,30.326288
4.862500,156.507662,30.326288
4.862500,156.885971,30.326288
4.862500,156.653611,30.326288
4.883000,156.887409,30.880522
4.883000,156.653798,30.880522
4.883000,157.092473,30.880522
4.883000,156.856258,30.880522
4.883500,157.093949,30.880522
4.883500,156.856445,30.880522
4.883500,157.298548,30.880522
4.883500,157.058033,30.880522
4.883500,157.299956,30.880522
4.883500,157.058221,30.880522
4.884000,157.300122,30.880522
4.884000,157.058408,30.880522
4.884000,157.446786,30.880522
4.884000,157.200188,30.880522
4.884500,157.446952,30.880522
4.884500,157.200375,30.880522
4.884500,157.665242,30.880522
4.884500,157.413571,30.880522
4.884500,157.665408,30.880522
4.884500,157.413759,30.880522
4.885000,157.919995,30.880522
4.885000,157.662282,30.880522
4.885000,157.920160,30.880522
4.885000,157.662470,30.880522
4.885500,158.154701,30.880522
4.885500,157.891559,30.880522
4.885500,158.156267,30.880522
4.885500,157.891746,30.880522
4.886000,158.426424,30.880522
4.886000,158.156000,30.880522
4.886000,158.427957,30.880522
4.886000,158.156188,30.880522
4.886000,158.734695,30.880522
4.886000,158.456422,30.880522
4.886500,158.736693,30.880522
4.886500,158.456610,30.880522
4.886500,159.058365,30.880522
4.886500,158.771550,30.880522
4.887000,159.061111,30.880522
4.887000,158.771737,30.880522
4.887000,159.061273,30.880522
4.887000,158.771925,30.880522
4.887500,159.435517,30.880522
4.887500,159.136900,30.880522
4.887500,159.435679,30.880522
4.887500,159.137088,30.880522
4.887500,159.725879,30.880522
4.887500,159.418043,30.880522
4.888000,159.726040,30.880522
4.888000,159.418230,30.880522
4.888000,159.939954,30.880522
4.888000,159.622818,30.880522
4.888500,159.940114,30.880522
4.888500,159.623005,30.880522
4.888500,160.146897,30.880522
4.888500,159.820011,30.880522
4.888500,160.147128,30.880522
4.888500,159.820198,30.880522
4.889000,160.246126,30.880522
4.889000,159.907297,30.880522
4.889000,160.245897,30.880522
4.889000,159.907485,30.880522
4.889500,160.251866,30.880522
4.889500,159.899411,30.880522
4.889500,163.893113,30.880522
4.889500,159.899598,30.880522
4.890000,163.822450,30.880522
4.890000,159.843777,30.880522
4.890000,163.823635,30.880522
4.890000,159.843965,30.880522
4.890000,163.823479,30.880522
4.890000,159.844152,30.880522
4.890500,163.729807,30.880522
4.890500,159.762514,30.880522
4.890500,163.729652,30.880522
4.890500,159.762701,30.880522
4.891000,163.677056,30.880522
4.891000,159.720309,30.880522
4.891000,163.676902,30.880522
4.891000,159.720496,30.880522
4.891500,163.559900,30.880522
4.891500,159.617907,30.880522
4.891500,163.566408,30.880522
4.891500,159.618094,30.880522
4.891500,163.479395,30.880522
4.891500,159.543861,30.880522
4.892000,159.940161,30.880522
4.892000,159.544048,30.880522
4.892000,159.884298,30.880522
4.892000,159.475888,30.880522
4.892500,159.876708,30.880522
4.892500,159.476075,30.880522
4.892500,159.768834,30.880522
4.892500,159.355908,30.880522
4.892500,159.762819,30.880522
4.892500,159.356095,30.880522
4.893000,159.638448,30.880522
4.893000,159.217369,30.880522
4.893000,159.634000,30.880522
4.893000,159.217556,30.880522
4.893500,159.634150,30.880522
4.893500,159.217742,30.880522
4.893500,159.485506,30.880522
4.893500,159.058769,30.880522
4.894000,159.485656,30.880522
4.894000,159.058956,30.880522
4.894000,159.349915,30.880522
4.894000,158.913773,30.880522
4.894000,159.350064,30.880522
4.894000,158.913959,30.880522
4.894500,159.238603,30.880522
4.894500,158.787419,30.880522
4.894500,159.229128,30.880522
4.894500,158.787605,30.880522
4.895000,159.139496,30.880522
4.895000,158.683850,30.880522
4.895000,159.126910,30.880522
4.895000,158.684036,30.880522
4.895500,159.065689,30.880522
4.895500,158.610447,30.880522
4.895500,159.053332,30.880522
4.895500,158.610633,30.880522
4.895500,158.973098,30.880522
4.895500,158.518889,30.880522
4.896000,158.967473,30.880522
4.896000,158.519075,30.880522
4.896000,158.861598,30.880522
4.896000,158.402293,30.880522
4.896500,158.859875,30.880522
4.896500,158.402479,30.880522
4.896500,158.860022,30.880522
4.896500,158.402665,30.880522
4.896500,158.752233,30.880522
4.896500,158.280327,30.880522
4.897000,158.752379,30.880522
4.897000,158.280513,30.880522
4.897000,158.650468,30.880522
4.897000,158.166966,30.880522
4.897500,158.662144,30.880522
4.897500,158.167151,30.880522
4.897500,158.576508,30.880522
4.897500,158.069292,30.880522
4.898000,158.594057,30.880522
4.898000,158.069478,30.880522
4.898000,158.528589,30.880522
4.898000,157.991133,30.880522
4.898000,158.550216,30.880522
4.898000,157.991319,30.880522
4.898500,158.485282,30.880522
4.898500,157.912819,30.880522
4.898500,158.503244,30.880522
4.898500,157.913005,30.880522
4.899000,158.421498,30.880522
4.899000,157.817006,30.880522
4.899000,158.435655,30.880522
4.899000,157.817191,30.880522
4.899500,158.316454,30.880522
4.899500,157.684819,30.880522
4.899500,158.326043,30.880522
4.899500,157.685004,30.880522
4.899500,158.155413,30.880522
4.899500,157.503030,30.880522
4.913500,158.155542,34.045866
4.913500,157.503215,34.045866
4.913500,158.162802,34.045866
4.913500,157.503400,34.045866
4.914000,157.924766,34.045866
4.914000,157.255597,34.045866
4.914000,157.926859,34.045866
4.914000,157.255782,34.045866
4.914500,157.721942,34.045866
4.914500,157.043805,34.045866
4.914500,157.721973,34.045866
4.914500,157.043990,34.045866
4.914500,157.517918,34.045866
4.914500,156.834570,34.045866
4.915000,157.517404,34.045866
4.915000,156.834754,34.045866
4.915000,157.399755,34.045866
4.915000,156.711017,34.045866
4.915500,157.399210,34.045866
4.915500,156.711202,34.045866
4.915500,157.336493,34.045866
4.915500,156.643308,34.045866
4.915500,157.335750,34.045866
4.915500,156.643492,34.045866
4.916000,157.256606,34.045866
4.916000,156.563112,34.045866
4.916000,157.255989,34.045866
4.916000,156.563296,34.045866
4.916500,157.202333,34.045866
4.916500,156.509567,34.045866
4.916500,157.202458,34.045866
4.916500,156.509752,34.045866
4.917000,157.201818,34.045866
4.917000,156.509936,34.045866
4.917000,157.167393,34.045866
4.917000,156.476869,34.045866
4.917000,157.166798,34.045866
4.917000,156.477054,34.045866
4.917500,157.139959,34.045866
4.917500,156.452715,34.045866
4.917500,157.139575,34.045866
4.917500,156.452899,34.045866
4.918000,157.128889,34.045866
4.918000,156.445883,34.045866
4.918000,157.128155,34.045866
4.918000,156.446067,34.045866
4.918500,157.140622,34.045866
4.918500,156.462664,34.045866
4.918500,157.139980,34.045866
4.918500,156.462849,34.045866
4.918500,157.180626,34.045866
4.918500,156.507704,34.045866
4.919000,157.180339,34.045866
4.919000,156.507888,34.045866
4.919000,157.299587,34.045866
4.919000,156.628727,34.045866
4.919500,157.299303,34.045866
4.919500,156.628911,34.045866
4.919500,157.441208,34.045866
4.919500,156.772116,34.045866
4.919500,157.441334,34.045866
4.919500,156.772300,34.045866
4.920000,157.441735,34.045866
4.920000,156.772484,34.045866
4.920000,157.614275,34.045866
4.920000,156.945956,34.045866
4.920500,157.614713,34.045866
4.920500,156.946140,34.045866
4.920500,157.793530,34.045866
4.920500,157.125480,34.045866
4.921000,157.794044,34.045866
4.921000,157.125664,34.045866
4.921000,157.965822,34.045866
4.921000,157.297787,34.045866
4.921000,157.966357,34.045866
4.921000,157.297971,34.045866
4.924000,158.131116,34.707638
4.924000,157.463052,34.707638
4.924000,158.130955,34.707638
4.924000,157.463235,34.707638
4.924500,158.282000,34.707638
4.924500,157.614740,34.707638
4.924500,158.280929,34.707638
4.924500,157.614924,34.707638
4.925000,158.420978,34.707638
4.925000,157.755837,34.707638
4.925000,158.421104,34.707638
4.925000,157.756020,34.707638
4.925000,158.477862,34.707638
4.925000,157.819351,34.707638
4.925500,158.477989,34.707638
4.925500,157.819535,34.707638
4.925500,158.473609,34.707638
4.925500,157.819719,34.707638
4.926000,158.502734,34.707638
4.926000,157.853028,34.707638
4.926000,158.497093,34.707638
4.926000,157.853211,34.707638
4.926500,158.506963,34.707638
4.926500,157.868357,34.707638
4.926500,158.500992,34.707638
4.926500,157.868540,34.707638
4.926500,158.486105,34.707638
4.926500,157.859882,34.707638
4.927000,158.479416,34.707638
4.927000,157.860066,34.707638
4.927000,158.457465,34.707638
4.927000,157.845008,34.707638
4.927500,158.450593,34.707638
4.927500,157.845191,34.707638
4.927500,158.457564,34.707638
4.927500,157.859379,34.707638
4.927500,158.457696,34.707638
4.927500,157.859562,34.707638
4.928000,158.475113,34.707638
4.928000,157.890321,34.707638
4.928000,158.475247,34.707638
4.928000,157.890504,34.707638
4.928500,158.501970,34.707638
4.928500,157.929451,34.707638
4.928500,158.502104,34.707638
4.928500,157.929634,34.707638
4.929000,158.498141,34.707638
4.929000,157.929818,34.707638
4.929000,158.502483,34.707638
4.929000,157.940934,34.707638
4.929000,158.499197,34.707638
4.929000,157.941117,34.707638
4.929500,158.468033,34.707638
4.929500,157.916821,34.707638
4.929500,158.464174,34.707638
4.929500,157.917004,34.707638
4.930000,158.401100,34.707638
4.930000,157.861126,34.707638
4.930000,158.396946,34.707638
4.930000,157.861309,34.707638
4.930500,158.331443,34.707638
4.930500,157.803663,34.707638
4.930500,158.331581,34.707638
4.930500,157.803846,34.707638
4.930500,158.256902,34.707638
4.930500,157.742389,34.707638
4.943000,158.257041,35.403506
4.943000,157.742572,35.403506
4.943000,158.182053,35.403506
4.943000,157.682206,35.403506
4.943500,158.182193,35.403506
4.943500,157.682389,35.403506
4.943500,158.106159,35.403506
4.943500,157.622940,35.403506
4.943500,158.106300,35.403506
4.943500,157.623123,35.403506
4.944000,158.050848,35.403506
4.944000,157.580092,35.403506
4.944000,158.050991,35.403506
4.944000,157.580275,35.403506
4.944500,158.051165,35.403506
4.944500,157.580458,35.403506
4.944500,158.008138,35.403506
4.944500,157.547645,35.403506
4.945000,158.009834,35.403506
4.945000,157.547828,35.403506
4.945000,157.981559,35.403506
4.945000,157.529364,35.403506
4.945000,157.983305,35.403506
4.945000,157.529547,35.403506
4.945500,157.927332,35.403506
4.945500,157.482794,35.403506
4.945500,157.928924,35.403506
4.945500,157.482977,35.403506
4.946000,157.799891,35.403506
4.946000,157.363036,35.403506
4.946000,157.800036,35.403506
4.946000,157.363219,35.403506
4.946500,157.695373,35.403506
4.946500,157.265997,35.403506
4.946500,157.695519,35.403506
4.946500,157.266180,35.403506
4.946500,157.540074,35.403506
4.946500,157.113415,35.403506
4.947000,157.540220,35.403506
4.947000,157.113597,35.403506
4.947000,157.349730,35.403506
4.947000,156.926807,35.403506
4.947500,157.349876,35.403506
4.947500,156.926989,35.403506
4.947500,157.354934,35.403506
4.947500,156.927171,35.403506
4.947500,157.389737,35.403506
4.947500,156.973002,35.403506
4.948000,157.393928,35.403506
4.948000,156.973184,35.403506
4.948000,157.463547,35.403506
4.948000,157.053990,35.403506
4.948500,157.467217,35.403506
4.948500,157.054172,35.403506
4.948500,157.457811,35.403506
4.948500,157.056559,35.403506
4.949000,157.457958,35.403506
4.949000,157.056741,35.403506
4.949000,157.420943,35.403506
4.949000,157.027527,35.403506
4.949000,157.421091,35.403506
4.949000,157.027709,35.403506
4.949500,157.353091,35.403506
4.949500,156.968156,35.403506
4.949500,157.353240,35.403506
4.949500,156.968338,35.403506
4.950000,157.252138,35.403506
4.950000,156.875453,35.403506
4.950000,157.252288,35.403506
4.950000,156.875635,35.403506
4.950500,157.254133,35.403506
4.950500,156.875816,35.403506
4.950500,157.061065,35.403506
4.950500,156.692847,35.403506
4.950500,157.062390,35.403506
4.950500,156.693028,35.403506
4.951000,156.808886,35.403506
4.951000,156.449514,35.403506
4.951000,156.808840,35.403506
4.951000,156.449695,35.403506
4.951500,156.486618,35.403506
4.951500,156.137812,35.403506
4.951500,156.485407,35.403506
4.951500,156.137993,35.403506
4.951500,156.146659,35.403506
4.951500,155.809687,35.403506
4.958000,156.146812,36.144594
4.958000,155.809868,36.144594
4.958000,155.889848,36.144594
4.958000,155.565800,36.144594
4.958500,155.890002,36.144594
4.958500,155.565982,36.144594
4.958500,155.672536,36.144594
4.958500,155.362012,36.144594
4.959000,155.672690,36.144594
4.959000,155.362193,36.144594
4.959000,155.446419,36.144594
4.959000,155.148390,36.144594
4.959000,155.446574,36.144594
4.959000,155.148570,36.144594
4.959500,155.445671,36.144594
4.959500,155.148751,36.144594
4.959500,155.157545,36.144594
4.959500,154.871139,36.144594
4.960000,155.156657,36.144594
4.960000,154.871320,36.144594
4.960000,154.837111,36.144594
4.960000,154.561429,36.144594
4.960500,154.837051,36.144594
4.960500,154.561609,36.144594
4.960500,154.501708,36.144594
4.960500,154.235464,36.144594
4.960500,154.501865,36.144594
4.960500,154.235644,36.144594
4.961000,154.110672,36.144594
4.961000,153.853656,36.144594
4.961000,154.110830,36.144594
4.961000,153.853836,36.144594
4.961500,153.722448,36.144594
4.961500,153.475147,36.144594
4.961500,153.722607,36.144594
4.961500,153.475327,36.144594
4.962000,153.361179,36.144594
4.962000,153.124834,36.144594
4.962000,153.361339,36.144594
4.962000,153.125014,36.144594
4.962000,153.019459,36.144594
4.962000,152.793640,36.144594
4.962500,153.019619,36.144594
4.962500,152.793819,36.144594
4.962500,152.732977,36.144594
4.962500,152.516329,36.144594
4.963000,152.733138,36.144594
4.963000,152.516508,36.144594
4.963000,152.732880,36.144594
4.963000,152.516687,36.144594
4.963000,152.494506,36.144594
4.963000,152.285692,36.144594
4.963500,152.494914,36.144594
4.963500,152.285871,36.144594
4.963500,152.255643,36.144594
4.963500,152.053105,36.144594
4.964000,152.255804,36.144594
4.964000,152.053284,36.144594
4.964000,152.032600,36.144594
4.964000,151.835065,36.144594
4.964500,152.032762,36.144594
4.964500,151.835244,36.144594
4.964500,151.833337,36.144594
4.964500,151.639428,36.144594
4.964500,151.833499,36.144594
4.964500,151.639607,36.144594
4.973000,151.610028,37.077756
4.973000,151.418546,37.077756
4.973000,151.610190,37.077756
4.973000,151.418724,37.077756
4.973500,151.361811,37.077756
4.973500,151.172097,37.077756
4.973500,151.361973,37.077756
4.973500,151.172275,37.077756
4.974000,151.126550,37.077756
4.974000,150.938349,37.077756
4.974000,151.126712,37.077756
4.974000,150.938527,37.077756
4.974000,151.129249,37.077756
4.974000,150.938705,37.077756
4.974500,150.902391,37.077756
4.974500,150.714639,37.077756
4.974500,150.902553,37.077756
4.974500,150.714817,37.077756
4.975000,150.707331,37.077756
4.975000,150.519252,37.077756
4.975000,150.707493,37.077756
4.975000,150.519430,37.077756
4.975000,150.581626,37.077756
4.975000,150.393105,37.077756
4.975500,150.581788,37.077756
4.975500,150.393283,37.077756
4.975500,150.503708,37.077756
4.975500,150.314930,37.077756
4.976000,150.503870,37.077756
4.976000,150.315108,37.077756
4.976000,150.458218,37.077756
4.976000,150.269567,37.077756
4.976500,150.458379,37.077756
4.976500,150.269745,37.077756
4.976500,150.451671,37.077756
4.976500,150.263563,37.077756
4.976500,150.451832,37.077756
4.976500,150.263741,37.077756
4.977000,150.453622,37.077756
4.977000,150.263919,37.077756
4.977000,150.464528,37.077756
4.977000,150.277165,37.077756
4.977500,150.465949,37.077756
4.977500,150.277343,37.077756
4.977500,150.463213,37.077756
4.977500,150.276402,37.077756
4.978000,150.463375,37.077756
4.978000,150.276580,37.077756
4.978000,150.442266,37.077756
4.978000,150.255634,37.077756
4.978000,150.442427,37.077756
4.978000,150.255811,37.077756
4.981000,150.434217,38.092594
4.981000,150.246870,38.092594
4.981000,150.434378,38.092594
4.981000,150.247047,38.092594
4.981500,150.420634,38.092594
4.981500,150.232453,38.092594
4.981500,150.420795,38.092594
4.981500,150.232631,38.092594
4.982000,150.374110,38.092594
4.982000,150.185998,38.092594
4.982000,150.374272,38.092594
4.982000,150.186176,38.092594
4.982000,150.367385,38.092594
4.982000,150.179406,38.092594
4.982500,150.367546,38.092594
4.982500,150.179584,38.092594
4.982500,150.400874,38.092594
4.982500,150.213269,38.092594
4.983000,150.401035,38.092594
4.983000,150.213446,38.092594
4.983000,150.473850,38.092594
4.983000,150.287067,38.092594
4.983000,150.474012,38.092594
4.983000,150.287244,38.092594
4.983500,150.474173,38.092594
4.983500,150.287421,38.092594
4.983500,150.576915,38.092594
4.983500,150.391013,38.092594
4.984000,150.577076,38.092594
4.984000,150.391190,38.092594
4.984000,150.723225,38.092594
4.984000,150.538071,38.092594
4.984500,150.723386,38.092594
4.984500,150.538248,38.092594
4.984500,150.879051,38.092594
4.984500,150.694483,38.092594
4.984500,150.879213,38.092594
4.984500,150.694660,38.092594
4.985000,151.086627,38.092594
4.985000,150.902511,38.092594
4.985000,151.086788,38.092594
4.985000,150.902688,38.092594
4.985500,151.305722,38.092594
4.985500,151.121702,38.092594
4.985500,151.305884,38.092594
4.985500,151.121879,38.092594
4.986000,151.540091,38.092594
4.986000,151.355914,38.092594
4.986000,151.540253,38.092594
4.986000,151.356091,38.092594
4.986000,151.787347,38.092594
4.986000,151.602575,38.092594
4.986500,151.787725,38.092594
4.986500,151.602752,38.092594
4.986500,151.787886,38.092594
4.986500,151.602929,38.092594
4.987000,152.013171,38.092594
4.987000,151.826606,38.092594
4.987000,152.013333,38.092594
4.987000,151.826783,38.092594
4.987000,152.238078,38.092594
4.987000,152.049305,38.092594
4.987500,152.238239,38.092594
4.987500,152.049482,38.092594
4.987500,152.468365,38.092594
4.987500,152.276978,38.092594
4.988000,152.468526,38.092594
4.988000,152.277155,38.092594
4.988000,152.703792,38.092594
4.988000,152.509740,38.092594
4.988500,152.703953,38.092594
4.988500,152.509917,38.092594
4.988500,152.962705,38.092594
4.988500,152.766312,38.092594
4.988500,152.962866,38.092594
4.988500,152.766490,38.092594
4.989000,153.211286,38.092594
4.989000,153.012959,38.092594
4.989000,153.211446,38.092594
4.989000,153.013137,38.092594
4.989500,153.444156,38.092594
4.989500,153.243267,38.092594
4.989500,153.443835,38.092594
4.989500,153.243444,38.092594
4.990000,153.443996,38.092594
4.990000,153.243621,38.092594
4.990000,153.677505,38.092594
4.990000,153.474240,38.092594
4.990000,153.677665,38.092594
4.990000,153.474417,38.092594
4.990500,153.890233,38.092594
4.990500,153.683168,38.092594
4.990500,153.890393,38.092594
4.990500,153.683346,38.092594
5.022500,156.439153,38.958610
5.022500,156.161918,38.958610
5.022500,156.439307,38.958610
5.022500,156.162096,38.958610
5.023000,156.652289,38.958610
5.023000,156.368154,38.958610
5.023000,156.652442,38.958610
5.023000,156.368331,38.958610
5.023500,156.853949,38.958610
5.023500,156.563693,38.958610
5.023500,156.854102,38.958610
5.023500,156.563870,38.958610
5.023500,157.028438,38.958610
5.023500,156.731851,38.958610
5.024000,157.028590,38.958610
5.024000,156.732029,38.958610
5.024000,157.183286,38.958610
5.024000,156.879742,38.958610
5.024500,157.183438,38.958610
5.024500,156.879920,38.958610
5.024500,157.331527,38.958610
5.024500,157.020983,38.958610
5.025000,157.331678,38.958610
5.025000,157.021161,38.958610
5.025000,157.479944,38.958610
5.025000,157.160762,38.958610
5.025000,157.477240,38.958610
5.025000,157.160940,38.958610
5.025500,157.608732,38.958610
5.025500,157.283660,38.958610
5.025500,157.604833,38.958610
5.025500,157.283837,38.958610
5.026000,157.604983,38.958610
5.026000,157.284014,38.958610
5.026000,157.740316,38.958610
5.026000,157.415198,38.958610
5.026500,157.740466,38.958610
5.026500,157.415376,38.958610
5.026500,157.867447,38.958610
5.026500,157.538384,38.958610
5.026500,157.867596,38.958610
5.026500,157.538561,38.958610
5.027000,157.976191,38.958610
5.027000,157.642491,38.958610
5.027000,157.976340,38.958610
5.027000,157.642668,38.958610
5.027500,158.066333,38.958610
5.027500,157.723386,38.958610
5.027500,158.063654,38.958610
5.027500,157.723563,38.958610
5.027500,158.100370,38.958610
5.027500,157.753066,38.958610
5.028000,158.100518,38.958610
5.028000,157.753243,38.958610
5.028000,158.109193,38.958610
5.028000,157.751373,38.958610
5.028500,158.105652,38.958610
5.028500,157.751550,38.958610
5.028500,158.123333,38.958610
5.028500,157.759043,38.958610
5.029000,158.119912,38.958610
5.029000,157.759219,38.958610
5.029000,158.129786,38.958610
5.029000,157.758654,38.958610
5.029000,158.125996,38.958610
5.029000,157.758831,38.958610
5.029500,158.153272,38.958610
5.029500,157.775167,38.958610
5.029500,158.149456,38.958610
5.029500,157.775344,38.958610
5.030000,158.149601,38.958610
5.030000,157.775521,38.958610
5.030000,158.169195,38.958610
5.030000,157.790458,38.958610
5.030500,158.169340,38.958610
5.030500,157.790634,38.958610
5.030500,158.148710,38.958610
5.030500,157.767170,38.958610
5.030500,158.148854,38.958610
5.030500,157.767347,38.958610
5.031000,158.140362,38.958610
5.031000,157.747655,38.958610
5.031000,158.131897,38.958610
5.031000,157.747832,38.958610
5.031500,158.121642,38.958610
5.031500,157.726195,38.958610
5.031500,158.111730,38.958610
5.031500,157.726371,38.958610
5.031500,158.064376,38.958610
5.031500,157.666833,38.958610
5.032000,158.057700,38.958610
5.032000,157.667010,38.958610
5.032000,157.995053,38.958610
5.032000,157.592368,38.958610
5.032500,157.993268,38.958610
5.032500,157.592544,38.958610
5.032500,157.993410,38.958610
5.032500,157.592720,38.958610
5.033000,157.921749,38.958610
5.033000,157.508108,38.958610
5.033000,157.921891,38.958610
5.033000,157.508284,38.958610
5.033000,157.861563,38.958610
5.033000,157.428546,38.958610
5.033500,157.861702,38.958610
5.033500,157.428722,38.958610
5.033500,157.805315,38.958610
5.033500,157.349703,38.958610
5.034000,157.805453,38.958610
5.034000,157.349879,38.958610
5.034000,157.717678,38.958610
5.034000,157.250428,38.958610
5.034500,157.731540,38.958610
5.034500,157.250604,38.958610
5.034500,157.642798,38.958610
5.034500,157.150376,38.958610
5.034500,157.658933,38.958610
5.034500,157.150552,38.958610
5.035000,157.588513,38.958610
5.035000,157.069262,38.958610
5.035000,157.604675,38.958610
5.035000,157.069438,38.958610
5.035500,157.604806,38.958610
5.035500,157.069614,38.958610
5.035500,157.534885,38.958610
5.035500,156.974748,38.958610
5.036000,157.452807,38.958610
5.036000,156.882408,38.958610
5.036000,157.465816,38.958610
5.036000,156.882584,38.958610
5.036000,157.465942,38.958610
5.036000,156.882759,38.958610
5.036500,157.404625,38.958610
5.036500,156.801005,38.958610
5.036500,157.404750,38.958610
5.036500,156.801181,38.958610
5.037000,157.339508,38.958610
5.037000,156.727196,38.958610
5.037000,157.347946,38.958610
5.037000,156.727372,38.958610
5.037000,157.279386,38.958610
5.037000,156.651496,38.958610
5.040000,157.285952,39.409244
5.040000,156.651671,39.409244
5.040000,157.227016,39.409244
5.040000,156.587045,39.409244
5.040500,157.230718,39.409244
5.040500,156.587221,39.409244
5.040500,157.175127,39.409244
5.040500,156.527911,39.409244
5.041000,157.176238,39.409244
5.041000,156.528087,39.409244
5.041000,157.114042,39.409244
5.041000,156.464138,39.409244
5.041000,157.114116,39.409244
5.041000,156.464314,39.409244
5.041500,157.064857,39.409244
5.041500,156.415196,39.409244
5.041500,157.064670,39.409244
5.041500,156.415371,39.409244
5.042000,157.064791,39.409244
5.042000,156.415546,39.409244
5.042000,157.038958,39.409244
5.042000,156.393000,39.409244
5.042500,157.039079,39.409244
5.042500,156.393175,39.409244
5.042500,157.031315,39.409244
5.042500,156.388790,39.409244
5.042500,157.029260,39.409244
5.042500,156.388965,39.409244
5.047000,157.043916,39.601145
5.047000,156.407856,39.601145
5.047000,157.040748,39.601145
5.047000,156.408031,39.601145
5.047500,157.079577,39.601145
5.047500,156.451979,39.601145
5.047500,157.075028,39.601145
5.047500,156.452154,39.601145
5.047500,157.110084,39.601145
5.047500,156.492985,39.601145
5.048000,157.104329,39.601145
5.048000,156.493160,39.601145
5.048000,157.117616,39.601145
5.048000,156.513067,39.601145
5.048500,157.110676,39.601145
5.048500,156.513242,39.601145
5.048500,157.106174,39.601145
5.048500,156.516654,39.601145
5.049000,157.097762,39.601145
5.049000,156.516828,39.601145
5.049000,157.097888,39.601145
5.049000,156.517003,39.601145
5.049000,157.072569,39.601145
5.049000,156.500302,39.601145
5.049500,157.062994,39.601145
5.049500,156.500477,39.601145
5.049500,157.037658,39.601145
5.049500,156.484404,39.601145
5.050000,157.027711,39.601145
5.050000,156.484579,39.601145
5.050000,157.004867,39.601145
5.050000,156.471405,39.601145
5.050500,156.995433,39.601145
5.050500,156.471579,39.601145
5.050500,156.966635,39.601145
5.050500,156.452692,39.601145
5.050500,156.957955,39.601145
5.050500,156.452867,39.601145
5.051000,156.911896,39.601145
5.051000,156.416548,39.601145
5.051000,156.904371,39.601145
5.051000,156.416723,39.601145
5.051500,156.838962,39.601145
5.051500,156.360721,39.601145
5.051500,156.831608,39.601145
5.051500,156.360896,39.601145
5.051500,156.746144,39.601145
5.051500,156.284067,39.601145
5.052000,156.746279,39.601145
5.052000,156.284241,39.601145
5.052000,156.739964,39.601145
5.052000,156.284415,39.601145
5.059000,156.610068,39.643949
5.059000,156.163093,39.643949
5.059000,156.603886,39.643949
5.059000,156.163267,39.643949
5.059500,156.410329,39.643949
5.059500,155.977435,39.643949
5.059500,156.407591,39.643949
5.059500,155.977609,39.643949
5.059500,156.198743,39.643949
5.059500,155.778312,39.643949
5.060000,156.198064,39.643949
5.060000,155.778486,39.643949
5.060000,156.046316,39.643949
5.060000,155.636855,39.643949
5.060500,156.047500,39.643949
5.060500,155.637029,39.643949
5.060500,155.997414,39.643949
5.060500,155.595986,39.643949
5.061000,155.999153,39.643949
5.061000,155.596160,39.643949
5.061000,155.959368,39.643949
5.061000,155.565505,39.643949
5.061000,155.959509,39.643949
5.061000,155.565679,39.643949
5.061500,155.862187,39.643949
5.061500,155.475791,39.643949
5.061500,155.862329,39.643949
5.061500,155.475964,39.643949
5.062000,155.866641,39.643949
5.062000,155.476138,39.643949
5.062000,155.737216,39.643949
5.062000,155.356266,39.643949
5.062000,155.746858,39.643949
5.062000,155.356440,39.643949
5.062500,155.591436,39.643949
5.062500,155.210547,39.643949
5.062500,155.600508,39.643949
5.062500,155.210720,39.643949
5.063000,155.388250,39.643949
5.063000,155.007885,39.643949
5.063000,155.394116,39.643949
5.063000,155.008058,39.643949
5.063500,155.104244,39.643949
5.063500,154.727080,39.643949
5.063500,155.107996,39.643949
5.063500,154.727253,39.643949
5.063500,154.781001,39.643949
5.063500,154.410836,39.643949
5.064000,154.783420,39.643949
5.064000,154.411009,39.643949
5.064000,154.611063,39.643949
5.064000,154.249691,39.643949
5.064500,154.613442,39.643949
5.064500,154.249864,39.643949
5.064500,154.580260,39.643949
5.064500,154.227648,39.643949
5.065000,154.580403,39.643949
5.065000,154.227821,39.643949
5.065000,154.564861,39.643949
5.065000,154.222232,39.643949
5.065000,154.565005,39.643949
5.065000,154.222405,39.643949
5.065500,154.565733,39.643949
5.065500,154.222577,39.643949
5.065500,154.436131,39.643949
5.065500,154.104773,39.643949
5.074000,154.436241,39.866217
5.074000,154.104946,39.866217
5.074000,154.259002,39.866217
5.074000,153.938825,39.866217
5.074500,154.258100,39.866217
5.074500,153.938998,39.866217
5.074500,154.079240,39.866217
5.074500,153.771262,39.866217
5.074500,154.077377,39.866217
5.074500,153.771434,39.866217
5.075000,153.903125,39.866217
5.075000,153.608333,39.866217
5.075000,153.900958,39.866217
5.075000,153.608505,39.866217
5.075500,153.672877,39.866217
5.075500,153.391607,39.866217
5.075500,153.673025,39.866217
5.075500,153.391779,39.866217
5.075500,153.670424,39.866217
5.075500,153.391951,39.866217
5.076000,153.334991,39.866217
5.076000,153.067668,39.866217
5.076000,152.965828,39.866217
5.076000,152.712428,39.866217
5.076500,152.965979,39.866217
5.076500,152.712600,39.866217
5.076500,152.963533,39.866217
5.076500,152.712772,39.866217
5.077000,152.535484,39.866217
5.077000,152.295623,39.866217
5.077000,152.533160,39.866217
5.077000,152.295794,39.866217
5.077000,152.160014,39.866217
5.077000,151.933930,39.866217
5.077500,152.157927,39.866217
5.077500,151.934101,39.866217
5.077500,151.813524,39.866217
5.077500,151.600217,39.866217
5.078000,151.811855,39.866217
5.078000,151.600388,39.866217
5.078000,151.462865,39.866217
5.078000,151.260925,39.866217
5.078500,151.461467,39.866217
5.078500,151.261096,39.866217
5.078500,151.089288,39.866217
5.078500,150.897520,39.866217
5.078500,151.089443,39.866217
5.078500,150.897690,39.866217
5.079000,150.703123,39.866217
5.079000,150.520411,39.866217
5.079000,150.703278,39.866217
5.079000,150.520582,39.866217
5.079500,150.298846,39.866217
5.079500,150.123987,39.866217
5.079500,150.299002,39.866217
5.079500,150.124157,39.866217
5.079500,150.298643,39.866217
5.079500,150.124327,39.866217
5.080000,149.908921,39.866217
5.080000,149.741307,39.866217
5.080000,149.908993,39.866217
5.080000,149.741477,39.866217
5.080500,149.542950,39.866217
5.080500,149.381715,39.866217
5.080500,149.543746,39.866217
5.080500,149.381885,39.866217
5.081000,149.215958,39.866217
5.081000,149.059737,39.866217
5.081000,149.218201,39.866217
5.081000,149.059906,39.866217
5.081000,148.930474,39.866217
5.081000,148.777134,39.866217
5.081500,148.930631,39.866217
5.081500,148.777303,39.866217
5.081500,148.666003,39.866217
5.081500,148.514174,39.866217
5.082000,148.666160,39.866217
5.082000,148.514343,39.866217
5.082000,148.423334,39.866217
5.082000,148.272116,39.866217
5.082500,148.423491,39.866217
5.082500,148.272285,39.866217
5.082500,148.426946,39.866217
5.082500,148.272455,39.866217
5.082500,148.145505,39.866217
5.082500,147.994145,39.866217
5.083000,148.148717,39.866217
5.083000,147.994314,39.866217
5.083000,147.869782,39.866217
5.083000,147.718200,39.866217
5.083500,147.872806,39.866217
5.083500,147.718369,39.866217
5.083500,147.616626,39.866217
5.083500,147.464836,39.866217
5.084000,147.619818,39.866217
5.084000,147.465005,39.866217
5.084000,147.418490,39.866217
5.084000,147.266200,39.866217
5.084000,147.421630,39.866217
5.084000,147.266369,39.866217
5.097000,147.295985,40.467698
5.097000,147.143279,40.467698
5.097000,147.296141,40.467698
5.097000,147.143447,40.467698
5.097500,147.207071,40.467698
5.097500,147.053748,40.467698
5.097500,147.207227,40.467698
5.097500,147.053916,40.467698
5.097500,147.120612,40.467698
5.097500,146.966475,40.467698
5.098000,147.120767,40.467698
5.098000,146.966643,40.467698
5.098000,147.123884,40.467698
5.098000,146.966812,40.467698
5.098500,147.044086,40.467698
5.098500,146.889017,40.467698
5.098500,147.046869,40.467698
5.098500,146.889185,40.467698
5.099000,146.986366,40.467698
5.099000,146.830232,40.467698
5.099000,146.988909,40.467698
5.099000,146.830400,40.467698
5.099000,146.942008,40.467698
5.099000,146.784592,40.467698
5.099500,146.943987,40.467698
5.099500,146.784760,40.467698
5.099500,146.909613,40.467698
5.099500,146.751093,40.467698
5.100000,146.909768,40.467698
5.100000,146.751261,40.467698
5.100000,146.902143,40.467698
5.100000,146.742852,40.467698
5.100500,146.902298,40.467698
5.100500,146.743020,40.467698
5.100500,146.938224,40.467698
5.100500,146.778527,40.467698
5.100500,146.938379,40.467698
5.100500,146.778695,40.467698
5.101000,147.006912,40.467698
5.101000,146.847229,40.467698
5.101000,147.007066,40.467698
5.101000,146.847397,40.467698
5.101500,147.098361,40.467698
5.101500,146.938992,40.467698
5.101500,147.098515,40.467698
5.101500,146.939160,40.467698
5.101500,147.097972,40.467698
5.101500,146.939328,40.467698
5.102000,147.198354,40.467698
5.102000,147.039467,40.467698
5.102000,147.197328,40.467698
5.102000,147.039635,40.467698
5.102500,147.294650,40.467698
5.102500,147.136397,40.467698
5.102500,147.293551,40.467698
5.102500,147.136565,40.467698
5.103000,147.389883,40.467698
5.103000,147.232055,40.467698
5.103000,147.390038,40.467698
5.103000,147.232222,40.467698
5.103000,147.499721,40.467698
5.103000,147.342049,40.467698
5.103500,147.499876,40.467698
5.103500,147.342216,40.467698
5.103500,147.629373,40.467698
5.103500,147.471598,40.467698
5.104000,147.629528,40.467698
5.104000,147.471765,40.467698
5.104000,147.795509,40.467698
5.104000,147.637100,40.467698
5.104500,147.795664,40.467698
5.104500,147.637268,40.467698
5.104500,147.984808,40.467698
5.104500,147.825146,40.467698
5.104500,147.984963,40.467698
5.104500,147.825314,40.467698
5.105000,148.164694,40.467698
5.105000,148.003725,40.467698
5.105000,148.164848,40.467698
5.105000,148.003893,40.467698
5.105500,148.163870,40.467698
5.105500,148.004061,40.467698
5.105500,148.352677,40.467698
5.105500,148.190450,40.467698
5.105500,148.352831,40.467698
5.105500,148.190618,40.467698
5.106000,148.507912,40.467698
5.106000,148.344090,40.467698
5.106000,148.508067,40.467698
5.106000,148.344258,40.467698
5.106500,148.684087,40.467698
5.106500,148.518108,40.467698
5.106500,148.684241,40.467698
5.106500,148.518276,40.467698
5.114500,148.863389,41.378557
5.114500,148.693936,41.378557
5.114500,148.863543,41.378557
5.114500,148.694104,41.378557
5.114500,149.081995,41.378557
5.114500,148.907716,41.378557
5.115000,149.082149,41.378557
5.115000,148.907884,41.378557
5.115000,149.082888,41.378557
5.115000,148.908052,41.378557
5.115500,149.323947,41.378557
5.115500,149.144042,41.378557
5.115500,149.556364,41.378557
5.115500,149.370003,41.378557
5.116000,149.556516,41.378557
5.116000,149.370171,41.378557
5.116000,149.557525,41.378557
5.116000,149.370339,41.378557
5.116000,149.811488,41.378557
5.116000,149.617777,41.378557
5.116500,149.811640,41.378557
5.116500,149.617945,41.378557
5.116500,150.073406,41.378557
5.116500,149.871037,41.378557
5.117000,150.073558,41.378557
5.117000,149.871205,41.378557
5.117000,150.357961,41.378557
5.117000,150.145892,41.378557
5.117000,150.358112,41.378557
5.117000,150.146060,41.378557
5.117500,150.667831,41.378557
5.117500,150.445158,41.378557
5.117500,150.667981,41.378557
5.117500,150.445327,41.378557
5.118000,150.993106,41.378557
5.118000,150.758840,41.378557
5.118000,150.993254,41.378557
5.118000,150.759008,41.378557
5.118500,151.350596,41.378557
5.118500,151.104370,41.378557
5.118500,151.350744,41.378557
5.118500,151.104538,41.378557
5.118500,151.353319,41.378557
5.118500,151.104706,41.378557
5.119000,151.722101,41.378557
5.119000,151.463807,41.378557
5.119000,151.722248,41.378557
5.119000,151.463975,41.378557
5.119500,152.104719,41.378557
5.119500,151.834684,41.378557
5.119500,152.104865,41.378557
5.119500,151.834852,41.378557
5.120000,152.472834,41.378557
5.120000,152.192013,41.378557
5.120000,152.472979,41.378557
5.120000,152.192182,41.378557
5.120000,152.777134,41.378557
5.120000,152.486338,41.378557
5.120500,152.777279,41.378557
5.120500,152.486506,41.378557
5.120500,153.068488,41.378557
5.120500,152.768180,41.378557
5.121000,153.068632,41.378557
5.121000,152.768349,41.378557
5.121000,153.371901,41.378557
5.121000,153.062489,41.378557
5.121500,153.372044,41.378557
5.121500,153.062658,41.378557
5.121500,153.707474,41.378557
5.121500,153.389265,41.378557
5.121500,153.707616,41.378557
5.121500,153.389433,41.378557
5.122000,154.025953,41.378557
5.122000,153.699942,41.378557
5.122000,154.026095,41.378557
5.122000,153.700111,41.378557
5.122500,154.026237,41.378557
5.122500,153.700280,41.378557
5.122500,154.341354,41.378557
5.122500,154.009349,41.378557
5.122500,154.341495,41.378557
5.122500,154.009518,41.378557
5.132500,154.687840,42.344661
5.132500,154.350509,42.344661
5.132500,154.687981,42.344661
5.132500,154.350677,42.344661
5.133000,154.989891,42.344661
5.133000,154.647473,42.344661
5.133000,154.990031,42.344661
5.133000,154.647642,42.344661
5.133500,155.218545,42.344661
5.133500,154.871321,42.344661
5.133500,155.218685,42.344661
5.133500,154.871490,42.344661
5.133500,155.366964,42.344661
5.133500,155.014231,42.344661
5.134000,155.367103,42.344661
5.134000,155.014400,42.344661
5.134000,155.481047,42.344661
5.134000,155.120228,42.344661
5.134500,155.481186,42.344661
5.134500,155.120397,42.344661
5.134500,155.572922,42.344661
5.134500,155.199003,42.344661
5.135000,155.567525,42.344661
5.135000,155.199171,42.344661
5.135000,155.567663,42.344661
5.135000,155.199340,42.344661
5.135000,155.626522,42.344661
5.135000,155.252211,42.344661
5.135500,155.626660,42.344661
5.135500,155.252379,42.344661
5.135500,155.685821,42.344661
5.135500,155.308912,42.344661
5.136000,155.685958,42.344661
5.136000,155.309080,42.344661
5.136000,155.718404,42.344661
5.136000,155.340246,42.344661
5.136000,155.718541,42.344661
5.136000,155.340415,42.344661
5.136500,155.732163,42.344661
5.136500,155.349330,42.344661
5.136500,155.732300,42.344661
5.136500,155.349499,42.344661
5.137000,155.777655,42.344661
5.137000,155.383038,42.344661
5.137000,155.777791,42.344661
5.137000,155.383207,42.344661
5.137500,155.808181,42.344661
5.137500,155.398748,42.344661
5.137500,155.808316,42.344661
5.137500,155.398916,42.344661
5.137500,155.851615,42.344661
5.137500,155.428615,42.344661
5.138000,155.858554,42.344661
5.138000,155.428783,42.344661
5.138000,155.858687,42.344661
5.138000,155.428952,42.344661
5.138500,155.877002,42.344661
5.138500,155.421563,42.344661
5.138500,155.877132,42.344661
5.138500,155.421731,42.344661
5.139000,155.898590,42.344661
5.139000,155.412641,42.344661
5.139000,155.898718,42.344661
5.139000,155.412809,42.344661
5.139000,155.958414,42.344661
5.139000,155.437788,42.344661
5.139500,155.958540,42.344661
5.139500,155.437956,42.344661
5.139500,156.019644,42.344661
5.139500,155.461870,42.344661
5.140000,156.019767,42.344661
5.140000,155.462039,42.344661
5.140000,156.105208,42.344661
5.140000,155.534219,42.344661
5.140500,156.127914,42.344661
5.140500,155.534387,42.344661
5.140500,156.252106,42.344661
5.140500,155.629935,42.344661
5.140500,156.252223,42.344661
5.140500,155.630103,42.344661
5.148500,156.351796,43.510197
5.148500,155.717352,43.510197
5.148500,156.362657,43.510197
5.148500,155.717520,43.510197
5.149000,156.362772,43.510197
5.149000,155.717688,43.510197
5.149000,156.464287,43.510197
5.149000,155.802505,43.510197
5.149000,156.464400,43.510197
5.149000,155.802673,43.510197
5.149500,156.441364,43.510197
5.149500,155.770466,43.510197
5.149500,156.441476,43.510197
5.149500,155.770634,43.510197
5.150000,156.388168,43.510197
5.150000,155.713027,43.510197
5.150000,156.388280,43.510197
5.150000,155.713195,43.510197
5.150500,156.293372,43.510197
5.150500,155.616855,43.510197
5.150500,156.293484,43.510197
5.150500,155.617023,43.510197
5.150500,156.257056,43.510197
5.150500,155.579564,43.510197
5.151000,156.257168,43.510197
5.151000,155.579731,43.510197
5.151000,156.224185,43.510197
5.151000,155.546452,43.510197
5.151500,156.222800,43.510197
5.151500,155.546619,43.510197
5.151500,156.222912,43.510197
5.151500,155.546787,43.510197
5.152000,156.124872,43.510197
5.152000,155.453069,43.510197
5.152000,156.030064,43.510197
5.152000,155.363344,43.510197
5.152000,156.028512,43.510197
5.152000,155.363512,43.510197
5.152500,156.028625,43.510197
5.152500,155.363679,43.510197
5.152500,155.935056,43.510197
5.152500,155.279902,43.510197
5.153000,155.935170,43.510197
5.153000,155.280069,43.510197
5.153000,155.848071,43.510197
5.153000,155.205418,43.510197
5.153000,155.848185,43.510197
5.153000,155.205585,43.510197
5.153500,155.765418,43.510197
5.153500,155.137895,43.510197
5.153500,155.765534,43.510197
5.153500,155.138062,43.510197
5.154000,155.674116,43.510197
5.154000,155.063998,43.510197
5.154000,155.674233,43.510197
5.154000,155.064165,43.510197
5.154500,155.587340,43.510197
5.154500,154.988142,43.510197
5.154500,155.579319,43.510197
5.154500,154.988309,43.510197
5.154500,155.499592,43.510197
5.154500,154.920091,43.510197
5.155000,155.491248,43.510197
5.155000,154.920258,43.510197
5.155000,155.491368,43.510197
5.155000,154.920425,43.510197
5.155500,155.409135,43.510197
5.155500,154.858551,43.510197
5.155500,155.409257,43.510197
5.155500,154.858717,43.510197
5.156000,155.343493,43.510197
5.156000,154.813575,43.510197
5.156000,155.343616,43.510197
5.156000,154.813742,43.510197
5.156000,155.270355,43.510197
5.156000,154.759909,43.510197
5.156500,155.270479,43.510197
5.156500,154.760076,43.510197
5.156500,155.178294,43.510197
5.156500,154.686699,43.510197
5.166500,155.178420,45.097411
5.166500,154.686866,45.097411
5.166500,155.069523,45.097411
5.166500,154.589898,45.097411
5.166500,155.063025,45.097411
5.166500,154.590064,45.097411
5.167000,154.920846,45.097411
5.167000,154.459888,45.097411
5.167000,154.914343,45.097411
5.167000,154.460054,45.097411
5.167500,154.725489,45.097411
5.167500,154.283053,45.097411
5.167500,154.717803,45.097411
5.167500,154.283219,45.097411
5.168000,154.717933,45.097411
5.168000,154.283385,45.097411
5.168000,154.443491,45.097411
5.168000,154.025802,45.097411
5.168000,154.443623,45.097411
5.168000,154.025968,45.097411
5.168500,154.101285,45.097411
5.168500,153.696958,45.097411
5.168500,154.101418,45.097411
5.168500,153.697124,45.097411
5.169000,153.756633,45.097411
5.169000,153.363842,45.097411
5.169000,153.757825,45.097411
5.169000,153.364008,45.097411
5.169500,153.418794,45.097411
5.169500,153.033448,45.097411
5.169500,153.418928,45.097411
5.169500,153.033614,45.097411
5.169500,153.122790,45.097411
5.169500,152.749462,45.097411
5.170000,153.127448,45.097411
5.170000,152.749628,45.097411
5.170000,152.847615,45.097411
5.170000,152.481920,45.097411
5.170500,152.858059,45.097411
5.170500,152.482086,45.097411
5.170500,152.579822,45.097411
5.170500,152.214494,45.097411
5.170500,152.587474,45.097411
5.170500,152.214659,45.097411
5.171000,152.237789,45.097411
5.171000,151.875575,45.097411
5.171000,152.241685,45.097411
5.171000,151.875740,45.097411
5.171500,152.241820,45.097411
5.171500,151.875905,45.097411
5.171500,151.819623,45.097411
5.171500,151.463016,45.097411
5.172000,151.819759,45.097411
5.172000,151.463181,45.097411
5.172000,151.465303,45.097411
5.172000,151.118051,45.097411
5.172000,151.465439,45.097411
5.172000,151.118216,45.097411
5.175500,151.072635,47.234824
5.175500,150.736708,47.234824
5.175500,151.073781,47.234824
5.175500,150.736873,47.234824
5.176000,150.765568,47.234824
5.176000,150.441222,47.234824
5.176000,150.767126,47.234824
5.176000,150.441386,47.234824
5.176500,150.555843,47.234824
5.176500,150.242739,47.234824
5.176500,150.557726,47.234824
5.176500,150.242903,47.234824
5.176500,150.369896,47.234824
5.176500,150.067229,47.234824
5.177000,150.372111,47.234824
5.177000,150.067393,47.234824
5.177000,150.146252,47.234824
5.177000,149.852666,47.234824
5.177500,150.147481,47.234824
5.177500,149.852830,47.234824
5.177500,150.147620,47.234824
5.177500,149.852994,47.234824
5.178000,149.818586,47.234824
5.178000,149.534987,47.234824
5.178000,149.818726,47.234824
5.178000,149.535151,47.234824
5.178000,149.431340,47.234824
5.178000,149.159035,47.234824
5.178500,149.431482,47.234824
5.178500,149.159198,47.234824
5.178500,148.888786,47.234824
5.178500,148.626784,47.234824
5.179000,148.889771,47.234824
5.179000,148.626948,47.234824
5.179000,148.347181,47.234824
5.179000,148.094954,47.234824
5.179000,148.347851,47.234824
5.179000,148.095117,47.234824
5.179500,147.820751,47.234824
5.179500,147.578754,47.234824
5.179500,147.819456,47.234824
5.179500,147.578916,47.234824
5.180000,147.320675,47.234824
5.180000,147.090885,47.234824
5.180000,147.318681,47.234824
5.180000,147.091048,47.234824
5.180500,146.865765,47.234824
5.180500,146.648796,47.234824
5.180500,146.864058,47.234824
5.180500,146.648958,47.234824
5.180500,146.864202,47.234824
5.180500,146.649120,47.234824
5.181000,146.440006,47.234824
5.181000,146.236365,47.234824
5.181000,146.440151,47.234824
5.181000,146.236528,47.234824
5.181500,146.004356,47.234824
5.181500,145.810529,47.234824
5.181500,146.003743,47.234824
5.181500,145.810691,47.234824
5.182000,145.537465,47.234824
5.182000,145.353117,47.234824
5.182000,145.536920,47.234824
5.182000,145.353279,47.234824
5.182000,145.060632,47.234824
5.182000,144.884591,47.234824
5.182500,145.060028,47.234824
5.182500,144.884752,47.234824
5.182500,144.595323,47.234824
5.182500,144.426693,47.234824
5.194500,144.595371,49.829657
5.194500,144.426854,49.829657
5.194500,144.119926,49.829657
5.194500,143.957512,49.829657
5.194500,144.120540,49.829657
5.194500,143.957673,49.829657
5.195000,143.674845,49.829657
5.195000,143.517391,49.829657
5.195000,143.675918,49.829657
5.195000,143.517551,49.829657
5.195500,143.676066,49.829657
5.195500,143.517712,49.829657
5.195500,143.278690,49.829657
5.195500,143.123319,49.829657
5.196000,143.278838,49.829657
5.196000,143.123480,49.829657
5.196000,142.919539,49.829657
5.196000,142.768110,49.829657
5.196000,142.921673,49.829657
5.196000,142.768270,49.829657
5.196500,142.625565,49.829657
5.196500,142.475308,49.829657
5.196500,142.627893,49.829657
5.196500,142.475468,49.829657
5.197000,142.795175,49.829657
5.197000,142.643106,49.829657
5.197000,142.797825,49.829657
5.197000,142.643266,49.829657
5.197500,142.723350,49.829657
5.197500,142.570108,49.829657
5.197500,142.726060,49.829657
5.197500,142.570268,49.829657
5.197500,142.411232,49.829657
5.197500,142.258060,49.829657
5.198000,142.414127,49.829657
5.198000,142.258220,49.829657
5.198000,142.414274,49.829657
5.198000,142.258379,49.829657
5.198500,142.150109,49.829657
5.198500,141.993473,49.829657
5.198500,141.973405,49.829657
5.198500,141.818709,49.829657
5.199000,141.973552,49.829657
5.199000,141.818869,49.829657
5.199000,141.977475,49.829657
5.199000,141.819028,49.829657
5.199000,141.851466,49.829657
5.199000,141.694611,49.829657
5.199500,141.855255,49.829657
5.199500,141.694771,49.829657
5.199500,141.752948,49.829657
5.199500,141.593776,49.829657
5.200000,141.756149,49.829657
5.200000,141.593935,49.829657
5.200000,141.692818,49.829657
5.200000,141.531814,49.829657
5.200000,141.695356,49.829657
5.200000,141.531973,49.829657
5.200500,141.669044,49.829657
5.200500,141.506975,49.829657
5.200500,141.671142,49.829657
5.200500,141.507134,49.829657
5.201000,141.680092,49.829657
5.201000,141.517695,49.829657
5.201000,141.681792,49.829657
5.201000,141.517854,49.829657
5.201500,141.681938,49.829657
5.201500,141.518013,49.829657
5.201500,141.736971,49.829657
5.201500,141.573581,49.829657
5.201500,141.829063,49.829657
5.201500,141.667138,49.829657
5.202000,141.829209,49.829657
5.202000,141.667297,49.829657
5.202000,141.830058,49.829657
5.202000,141.667455,49.829657
5.202500,141.949813,49.829657
5.202500,141.788335,49.829657
5.202500,141.950256,49.829657
5.202500,141.788494,49.829657
5.203000,142.145804,49.829657
5.203000,141.983626,49.829657
5.203000,142.145927,49.829657
5.203000,141.983785,49.829657
5.203000,142.353306,49.829657
5.203000,142.190368,49.829657
5.203500,142.353227,49.829657
5.203500,142.190527,49.829657
5.203500,142.514382,49.829657
5.203500,142.351597,49.829657
5.212000,142.514128,52.695059
5.212000,142.351756,52.695059
5.212000,142.692009,52.695059
5.212000,142.529458,52.695059
5.212000,142.691518,52.695059
5.212000,142.529617,52.695059
5.212500,142.888494,52.695059
5.212500,142.726088,52.695059
5.212500,142.888640,52.695059
5.212500,142.726247,52.695059
5.213000,143.163350,52.695059
5.213000,142.999880,52.695059
5.213000,143.163496,52.695059
5.213000,143.000039,52.695059
5.213500,143.162985,52.695059
5.213500,143.000198,52.695059
5.213500,143.380206,52.695059
5.213500,143.216562,52.695059
5.213500,143.379589,52.695059
5.213500,143.216721,52.695059
5.214000,143.611320,52.695059
5.214000,143.447492,52.695059
5.214000,143.610719,52.695059
5.214000,143.447651,52.695059
5.214500,143.847012,52.695059
5.214500,143.682790,52.695059
5.214500,143.846578,52.695059
5.214500,143.682950,52.695059
5.215000,144.084077,52.695059
5.215000,143.919088,52.695059
5.215000,144.083735,52.695059
5.215000,143.919248,52.695059
5.215000,144.327052,52.695059
5.215000,144.161110,52.695059
5.215500,144.326636,52.695059
5.215500,144.161269,52.695059
5.215500,144.572259,52.695059
5.215500,144.405359,52.695059
5.216000,144.572404,52.695059
5.216000,144.405518,52.695059
5.216000,144.817175,52.695059
5.216000,144.649193,52.695059
5.216000,144.817321,52.695059
5.216000,144.649352,52.695059
5.216500,144.816980,52.695059
5.216500,144.649512,52.695059
5.216500,145.061099,52.695059
5.216500,144.891872,52.695059
5.217000,145.060929,52.695059
5.217000,144.892032,52.695059
5.217000,145.320772,52.695059
5.217000,145.150055,52.695059
5.220000,145.320628,55.649865
5.220000,145.150214,55.649865
5.220000,145.586284,55.649865
5.220000,145.413824,55.649865
5.220000,145.586226,55.649865
5.220000,145.413984,55.649865
5.220500,145.832549,55.649865
5.220500,145.658007,55.649865
5.220500,145.832727,55.649865
5.220500,145.658167,55.649865
5.221000,146.068781,55.649865
5.221000,145.891875,55.649865
5.221000,146.068927,55.649865
5.221000,145.892035,55.649865
5.221500,146.308831,55.649865
5.221500,146.129497,55.649865
5.221500,146.308976,55.649865
5.221500,146.129657,55.649865
5.221500,146.534952,55.649865
5.221500,146.353088,55.649865
5.222000,146.535097,55.649865
5.222000,146.353248,55.649865
5.222000,146.535509,55.649865
5.222000,146.353408,55.649865
5.222500,146.739569,55.649865
5.222500,146.555188,55.649865
5.222500,146.739944,55.649865
5.222500,146.555348,55.649865
5.222500,146.952072,55.649865
5.222500,146.764948,55.649865
5.223000,146.952441,55.649865
5.223000,146.765108,55.649865
5.223000,147.138533,55.649865
5.223000,146.948626,55.649865
5.223500,147.138912,55.649865
5.223500,146.948786,55.649865
5.223500,147.310782,55.649865
5.223500,147.117941,55.649865
5.224000,147.311163,55.649865
5.224000,147.118101,55.649865
5.224000,147.480821,55.649865
5.224000,147.284861,55.649865
5.224000,147.480965,55.649865
5.224000,147.285021,55.649865
5.224500,147.644441,55.649865
5.224500,147.445322,55.649865
5.224500,147.644584,55.649865
5.224500,147.445482,55.649865
5.225000,147.644859,55.649865
5.225000,147.445642,55.649865
5.225000,147.781229,55.649865
5.225000,147.578962,55.649865
5.225500,147.781391,55.649865
5.225500,147.579122,55.649865
5.225500,147.906856,55.649865
5.225500,147.701573,55.649865
5.225500,147.906952,55.649865
5.225500,147.701733,55.649865
5.226000,148.017353,55.649865
5.226000,147.809279,55.649865
5.226000,148.017291,55.649865
5.226000,147.809438,55.649865
5.226500,148.113341,55.649865
5.226500,147.902989,55.649865
5.226500,148.113204,55.649865
5.226500,147.903149,55.649865
5.227000,148.205503,55.649865
5.227000,147.993223,55.649865
5.227000,148.205646,55.649865
5.227000,147.993383,55.649865
5.227000,148.288008,55.649865
5.227000,148.074162,55.649865
5.227500,148.288150,55.649865
5.227500,148.074322,55.649865
5.227500,148.318358,55.649865
5.227500,148.103600,55.649865
5.228000,148.318501,55.649865
5.228000,148.103759,55.649865
5.228000,148.350537,55.649865
5.228000,148.135053,55.649865
5.228000,148.350679,55.649865
5.228000,148.135213,55.649865
5.228500,148.383708,55.649865
5.228500,148.167603,55.649865
5.228500,148.383850,55.649865
5.228500,148.167763,55.649865
5.229000,148.383775,55.649865
5.229000,148.167922,55.649865
5.229000,148.424310,55.649865
5.229000,148.207862,55.649865
5.246000,148.424329,58.722418
5.246000,148.208021,58.722418
5.246000,148.495420,58.722418
5.246000,148.278284,58.722418
5.246000,148.495607,58.722418
5.246000,148.278444,58.722418
5.246500,148.545517,58.722418
5.246500,148.327562,58.722418
5.246500,148.545659,58.722418
5.246500,148.327721,58.722418
5.247000,148.575951,58.722418
5.247000,148.357425,58.722418
5.247000,148.576093,58.722418
5.247000,148.357585,58.722418
5.247500,148.606080,58.722418
5.247500,148.387181,58.722418
5.247500,148.606222,58.722418
5.247500,148.387341,58.722418
5.247500,148.649924,58.722418
5.247500,148.430710,58.722418
5.248000,148.650066,58.722418
5.248000,148.430870,58.722418
5.248000,148.694989,58.722418
5.248000,148.475499,58.722418
5.248500,148.695130,58.722418
5.248500,148.475658,58.722418
5.248500,148.695828,58.722418
5.248500,148.475818,58.722418
5.248500,148.734084,58.722418
5.248500,148.514361,58.722418
5.249000,148.734852,58.722418
5.249000,148.514520,58.722418
5.249000,148.773038,58.722418
5.249000,148.552976,58.722418
5.249500,148.773179,58.722418
5.249500,148.553135,58.722418
5.249500,148.808421,58.722418
5.249500,148.588026,58.722418
5.250000,148.808563,58.722418
5.250000,148.588186,58.722418
5.250000,148.843669,58.722418
5.250000,148.622798,58.722418
5.250000,148.843811,58.722418
5.250000,148.622957,58.722418
5.250500,148.873831,58.722418
5.250500,148.652422,58.722418
5.250500,148.873972,58.722418
5.250500,148.652581,58.722418
5.251000,148.899349,58.722418
5.251000,148.677334,58.722418
5.251000,148.899491,58.722418
5.251000,148.677493,58.722418
5.251500,148.915036,58.722418
5.251500,148.692409,58.722418
5.251500,148.915177,58.722418
5.251500,148.692568,58.722418
5.251500,148.915997,58.722418
5.251500,148.692728,58.722418
5.252000,148.919732,58.722418
5.252000,148.696755,58.722418
5.252000,152.434546,58.722418
5.252000,148.696914,58.722418
5.252500,152.453781,58.722418
5.252500,148.716028,58.722418
5.252500,152.453640,58.722418
5.252500,148.716187,58.722418
5.253000,152.481081,58.722418
5.253000,148.743993,58.722418
5.253000,152.480940,58.722418
5.253000,148.744152,58.722418
5.253000,152.504075,58.722418
5.253000,148.767442,58.722418
5.253500,152.503933,58.722418
5.253500,148.767601,58.722418
5.253500,152.532448,58.722418
5.253500,148.796027,58.722418
5.254000,152.532307,58.722418
5.254000,148.796186,58.722418
5.254000,152.571964,58.722418
5.254000,148.835378,58.722418
5.254000,152.571822,58.722418
5.254000,148.835537,58.722418
5.254500,152.626287,58.722418
5.254500,148.889280,58.722418
5.254500,152.626146,58.722418
5.254500,148.889439,58.722418
5.255000,152.625948,58.722418
5.255000,148.889598,58.722418
5.255000,152.686916,58.722418
5.255000,148.949609,58.722418
5.255500,152.686775,58.722418
5.255500,148.949767,58.722418
5.255500,152.732118,58.722418
5.255500,148.994352,58.722418
5.255500,152.731976,58.722418
5.255500,148.994510,58.722418
5.256000,152.770358,58.722418
5.256000,149.032245,58.722418
5.256000,152.770216,58.722418
5.256000,149.032403,58.722418
5.256500,152.812895,58.722418
5.256500,149.074557,58.722418
5.256500,152.812754,58.722418
5.256500,149.074715,58.722418
5.263000,152.872955,61.821663
5.263000,149.134350,61.821663
5.263000,152.872814,61.821663
5.263000,149.134508,61.821663
5.263000,152.926544,61.821663
5.263000,149.188050,61.821663
5.263500,152.926403,61.821663
5.263500,149.188209,61.821663
5.263500,152.976085,61.821663
5.263500,149.237992,61.821663
5.264000,152.975944,61.821663
5.264000,149.238151,61.821663
5.264000,152.975030,61.821663
5.264000,149.238309,61.821663
5.264000,153.026270,61.821663
5.264000,149.288970,61.821663
5.264500,153.026128,61.821663
5.264500,149.289128,61.821663
5.264500,153.085631,61.821663
5.264500,149.348656,61.821663
5.265000,153.085490,61.821663
5.265000,149.348815,61.821663
5.265000,153.143955,61.821663
5.265000,149.407426,61.821663
5.265500,153.143814,61.821663
5.265500,149.407584,61.821663
5.265500,153.199415,61.821663
5.265500,149.463380,61.821663
5.265500,153.199274,61.821663
5.265500,149.463538,61.821663
5.266000,153.258598,61.821663
5.266000,149.523056,61.821663
5.266000,153.258457,61.821663
5.266000,149.523214,61.821663
5.266500,153.317120,61.821663
5.266500,149.582079,61.821663
5.266500,153.316979,61.821663
5.266500,149.582237,61.821663
5.267000,153.376356,61.821663
5.267000,149.641724,61.821663
5.267000,153.376215,61.821663
5.267000,149.641882,61.821663
5.267000,153.376074,61.821663
5.267000,149.642040,61.821663
5.267500,153.432509,61.821663
5.267500,149.698429,61.821663
5.267500,153.432368,61.821663
5.267500,149.698587,61.821663
5.268000,153.491085,61.821663
5.268000,149.757198,61.821663
5.268000,153.490944,61.821663
5.268000,149.757356,61.821663
5.268000,153.546611,61.821663
5.268000,149.812771,61.821663
5.268500,153.546471,61.821663
5.268500,149.812930,61.821663
5.268500,153.601646,61.821663
5.268500,149.868056,61.821663
5.269000,153.601505,61.821663
5.269000,149.868214,61.821663
5.269000,153.676821,61.821663
5.269000,149.943387,61.821663
5.269500,153.676680,61.821663
5.269500,149.943545,61.821663
5.269500,153.756807,61.821663
5.269500,150.023352,61.821663
5.269500,153.756666,61.821663
5.269500,150.023510,61.821663
5.270000,153.829927,61.821663
5.270000,150.096637,61.821663
5.270000,153.829787,61.821663
5.270000,150.096795,61.821663
5.270500,153.829646,61.821663
5.270500,150.096953,61.821663
5.270500,153.905020,61.821663
5.270500,150.172158,61.821663
5.271000,153.904879,61.821663
5.271000,150.172316,61.821663
5.271000,153.980524,61.821663
5.271000,150.247786,61.821663
5.271000,153.980383,61.821663
5.271000,150.247944,61.821663
5.271500,154.048318,61.821663
5.271500,150.315715,61.821663
5.271500,154.048177,61.821663
5.271500,150.315873,61.821663
5.272000,154.093365,61.821663
5.272000,150.361139,61.821663
5.272000,154.093224,61.821663
5.272000,150.361297,61.821663
5.272000,154.133372,61.821663
5.272000,150.401542,61.821663
5.272500,154.133232,61.821663
5.272500,150.401700,61.821663
5.272500,154.176076,61.821663
5.272500,150.444680,61.821663
5.273000,154.175936,61.821663
5.273000,150.444838,61.821663
5.273000,154.175796,61.821663
5.273000,150.444996,61.821663
5.288500,154.214843,64.955079
5.288500,150.484083,64.955079
5.288500,154.252336,64.955079
5.288500,150.521580,64.955079
5.288500,154.252202,64.955079
5.288500,150.521737,64.955079
5.289000,154.252061,64.955079
5.289000,150.521895,64.955079
5.289000,154.284876,64.955079
5.289000,150.554861,64.955079
5.289500,154.284735,64.955079
5.289500,150.555019,64.955079
5.289500,154.316567,64.955079
5.289500,150.587111,64.955079
5.290000,154.316427,64.955079
5.290000,150.587268,64.955079
5.290000,154.348362,64.955079
5.290000,150.619580,64.955079
5.290000,154.348222,64.955079
5.290000,150.619738,64.955079
5.290500,154.378256,64.955079
5.290500,150.650300,64.955079
5.290500,154.378116,64.955079
5.290500,150.650458,64.955079
5.291000,154.394479,64.955079
5.291000,150.667507,64.955079
5.291000,154.394339,64.955079
5.291000,150.667664,64.955079
5.291500,154.413481,64.955079
5.291500,150.687332,64.955079
5.291500,154.413218,64.955079
5.291500,150.687490,64.955079
5.291500,154.435568,64.955079
5.291500,150.710349,64.955079
5.292000,154.435264,64.955079
5.292000,150.710507,64.955079
5.292000,154.435124,64.955079
5.292000,150.710664,64.955079
5.292500,154.466458,64.955079
5.292500,150.742453,64.955079
5.292500,154.466318,64.955079
5.292500,150.742611,64.955079
5.292500,154.498599,64.955079
5.292500,150.775415,64.955079
5.293000,154.498460,64.955079
5.293000,150.775572,64.955079
5.293000,154.526932,64.955079
5.293000,150.804539,64.955079
5.293500,154.526793,64.955079
5.293500,150.804696,64.955079
5.293500,154.565032,64.955079
5.293500,150.843377,64.955079
5.294000,154.564892,64.955079
5.294000,150.843534,64.955079
5.294000,154.596825,64.955079
5.294000,150.876028,64.955079
5.294000,154.596591,64.955079
5.294000,150.876186,64.955079
5.294500,154.641334,64.955079
5.294500,150.921355,64.955079
5.294500,154.641139,64.955079
5.294500,150.921513,64.955079
5.295000,154.686633,64.955079
5.295000,150.967291,64.955079
5.295000,154.686692,64.955079
5.295000,150.967448,64.955079
5.295500,154.686552,64.955079
5.295500,150.967605,64.955079
5.295500,154.727932,64.955079
5.295500,151.008954,64.955079
5.295500,154.727793,64.955079
5.295500,151.009112,64.955079
5.296000,154.758131,64.955079
5.296000,151.039409,64.955079
5.296000,154.757992,64.955079
5.296000,151.039566,64.955079
5.296500,154.782431,64.955079
5.296500,151.064000,64.955079
5.296500,154.782292,64.955079
5.296500,151.064158,64.955079
5.296500,154.795647,64.955079
5.296500,151.077608,64.955079
5.297000,154.795508,64.955079
5.297000,151.077765,64.955079
5.297000,154.814401,64.955079
5.297000,151.097389,64.955079
5.297500,154.814853,64.955079
5.297500,151.097546,64.955079
5.297500,154.838901,64.955079
5.297500,151.122414,64.955079
5.298000,154.839314,64.955079
5.298000,151.122571,64.955079
5.298000,154.870534,64.955079
5.298000,151.154520,64.955079
5.298000,154.870940,64.955079
5.298000,151.154677,64.955079
5.298500,154.870801,64.955079
5.298500,151.154833,64.955079
5.298500,154.906434,64.955079
5.298500,151.190589,64.955079
5.299000,154.906295,64.955079
5.299000,151.190746,64.955079
5.299000,154.947367,64.955079
5.299000,151.231868,64.955079
5.299500,154.947228,64.955079
5.299500,151.232025,64.955079
5.299500,154.987734,64.955079
5.299500,151.272375,64.955079
5.299500,154.987595,64.955079
5.299500,151.272531,64.955079
5.300000,155.037013,64.955079
5.300000,151.322182,64.955079
5.300000,155.037482,64.955079
5.300000,151.322339,64.955079
5.300500,155.080217,64.955079
5.300500,151.365383,64.955079
5.300500,155.080615,64.955079
5.300500,151.365540,64.955079
5.301000,155.114115,64.955079
5.301000,151.399481,64.955079
5.301000,155.114451,64.955079
5.301000,151.399638,64.955079
5.301000,155.164124,64.955079
5.301000,151.449555,64.955079
5.312000,155.164390,68.149495
5.312000,151.449712,68.149495
5.312000,155.164251,68.149495
5.312000,151.449868,68.149495
5.312500,155.219297,68.149495
5.312500,151.504873,68.149495
5.312500,155.219159,68.149495
5.312500,151.505029,68.149495
5.312500,155.267797,68.149495
5.312500,151.553807,68.149495
5.313000,155.267659,68.149495
5.313000,151.553964,68.149495
5.313000,155.324227,68.149495
5.313000,151.610609,68.149495
5.313500,155.324088,68.149495
5.313500,151.610766,68.149495
5.313500,155.364367,68.149495
5.313500,151.651532,68.149495
5.314000,155.364429,68.149495
5.314000,151.651689,68.149495
5.314000,155.400009,68.149495
5.314000,151.687821,68.149495
5.314000,155.399974,68.149495
5.314000,151.687978,68.149495
5.314500,155.435242,68.149495
5.314500,151.723877,68.149495
5.314500,155.435165,68.149495
5.314500,151.724033,68.149495
5.315000,155.477070,68.149495
5.315000,151.766513,68.149495
5.315000,155.476975,68.149495
5.315000,151.766669,68.149495
5.315500,155.476836,68.149495
5.315500,151.766825,68.149495
5.315500,155.519402,68.149495
5.315500,151.810026,68.149495
5.315500,155.519263,68.149495
5.315500,151.810183,68.149495
5.316000,155.557086,68.149495
5.316000,151.848677,68.149495
5.316000,155.556948,68.149495
5.316000,151.848834,68.149495
5.316500,155.579169,68.149495
5.316500,151.871939,68.149495
5.316500,155.578986,68.149495
5.316500,151.872095,68.149495
5.316500,155.600178,68.149495
5.316500,151.894214,68.149495
5.317000,155.600053,68.149495
5.317000,151.894371,68.149495
5.317000,155.626291,68.149495
5.317000,151.921459,68.149495
5.317500,155.626280,68.149495
5.317500,151.921615,68.149495
5.317500,155.661314,68.149495
5.317500,151.957398,68.149495
5.318000,155.661391,68.149495
5.318000,151.957554,68.149495
5.318000,155.694471,68.149495
5.318000,151.991328,68.149495
5.318000,155.694680,68.149495
5.318000,151.991484,68.149495
5.318500,155.715505,68.149495
5.318500,152.013006,68.149495
5.318500,155.715703,68.149495
5.318500,152.013162,68.149495
5.319000,155.715565,68.149495
5.319000,152.013318,68.149495
5.319000,155.747171,68.149495
5.319000,152.045029,68.149495
5.319500,155.747034,68.149495
5.319500,152.045185,68.149495
5.319500,155.780486,68.149495
5.319500,152.079086,68.149495
5.319500,155.780717,68.149495
5.319500,152.079242,68.149495
5.320000,155.806917,68.149495
5.320000,152.105902,68.149495
5.320000,155.807062,68.149495
5.320000,152.106057,68.149495
5.320500,155.838091,68.149495
5.320500,152.137429,68.149495
5.320500,155.838201,68.149495
5.320500,152.137585,68.149495
5.320500,155.873211,68.149495
5.320500,152.172873,68.149495
5.321000,155.873257,68.149495
5.321000,152.173029,68.149495
5.321000,155.915564,68.149495
5.321000,152.215478,68.149495
5.330500,155.915484,71.155180
5.330500,152.215634,71.155180
5.330500,155.966744,71.155180
5.330500,152.267032,71.155180
5.331000,155.966649,71.155180
5.331000,152.267187,71.155180
5.331000,155.966512,71.155180
5.331000,152.267343,71.155180
5.331000,156.005468,71.155180
5.331000,152.306544,71.155180
5.331500,156.005396,71.155180
5.331500,152.306699,71.155180
5.331500,156.036056,71.155180
5.331500,152.337701,71.155180
5.332000,156.035888,71.155180
5.332000,152.337857,71.155180
5.332000,156.070075,71.155180
5.332000,152.372189,71.155180
5.332500,156.069960,71.155180
5.332500,152.372345,71.155180
5.332500,156.094481,71.155180
5.332500,152.397103,71.155180
5.332500,156.094438,71.155180
5.332500,152.397259,71.155180
5.333000,156.115100,71.155180
5.333000,152.418210,71.155180
5.333000,156.115134,71.155180
5.333000,152.418366,71.155180
5.333500,156.136770,71.155180
5.333500,152.440388,71.155180
5.333500,156.136753,71.155180
5.333500,152.440543,71.155180
5.333500,156.149193,71.155180
5.333500,152.453577,71.155180
5.334000,156.149151,71.155180
5.334000,152.453732,71.155180
5.334000,156.149014,71.155180
5.334000,152.453888,71.155180
5.334500,156.155875,71.155180
5.334500,152.461434,71.155180
5.334500,156.155906,71.155180
5.334500,152.461589,71.155180
5.335000,156.178946,71.155180
5.335000,152.485118,71.155180
5.335000,156.178905,71.155180
5.335000,152.485274,71.155180
5.335000,156.208435,71.155180
5.335000,152.515222,71.155180
5.335500,156.208341,71.155180
5.335500,152.515378,71.155180
5.335500,156.235569,71.155180
5.335500,152.543010,71.155180
5.336000,156.235446,71.155180
5.336000,152.543165,71.155180
5.336000,156.278120,71.155180
5.336000,152.586000,71.155180
5.336500,156.278086,71.155180
5.336500,152.586156,71.155180
5.336500,156.324710,71.155180
5.336500,152.632846,71.155180
5.336500,156.324719,71.155180
5.336500,152.633001,71.155180
5.337000,156.381329,71.155180
5.337000,152.689507,71.155180
5.337000,156.381192,71.155180
5.337000,152.689662,71.155180
5.337500,156.381212,71.155180
5.337500,152.689817,71.155180
5.337500,156.441298,71.155180
5.337500,152.749765,71.155180
5.338000,156.441190,71.155180
5.338000,152.749920,71.155180
5.338000,156.498470,71.155180
5.338000,152.807086,71.155180
5.338000,156.498386,71.155180
5.338000,152.807241,71.155180
5.345500,156.551833,73.761064
5.345500,152.860643,73.761064
5.345500,156.551720,73.761064
5.345500,152.860798,73.761064
5.346000,156.600895,73.761064
5.346000,152.910026,73.761064
5.346000,156.600683,73.761064
5.346000,152.910181,73.761064
5.346000,156.647742,73.761064
5.346000,152.957337,73.761064
5.346500,156.647491,73.761064
5.346500,152.957492,73.761064
5.346500,156.701485,73.761064
5.346500,153.011556,73.761064
5.347000,156.701186,73.761064
5.347000,153.011710,73.761064
5.347000,156.753222,73.761064
5.347000,153.063896,73.761064
5.347500,156.753086,73.761064
5.347500,153.064050,73.761064
5.347500,156.752716,73.761064
5.347500,153.064205,73.761064
5.347500,156.802588,73.761064
5.347500,153.114281,73.761064
5.348000,156.802228,73.761064
5.348000,153.114436,73.761064
5.348000,156.859898,73.761064
5.348000,153.172148,73.761064
5.348500,156.859547,73.761064
5.348500,153.172303,73.761064
5.348500,156.925183,73.761064
5.348500,153.237798,73.761064
5.349000,156.924843,73.761064
5.349000,153.237953,73.761064
5.349000,156.992262,73.761064
5.349000,153.305174,73.761064
5.349000,156.991891,73.761064
5.349000,153.305328,73.761064
5.349500,157.055929,73.761064
5.349500,153.369144,73.761064
5.349500,157.055532,73.761064
5.349500,153.369299,73.761064
5.350000,157.121554,73.761064
5.350000,153.435018,73.761064
5.350000,157.121100,73.761064
5.350000,153.435172,73.761064
5.350000,157.180495,73.761064
5.350000,153.494416,73.761064
5.350500,157.180359,73.761064
5.350500,153.494571,73.761064
5.350500,157.179816,73.761064
5.350500,153.494725,73.761064
5.351000,157.230643,73.761064
5.351000,153.545562,73.761064
5.351000,157.229944,73.761064
5.351000,153.545717,73.761064
5.351500,157.278716,73.761064
5.351500,153.594467,73.761064
5.351500,157.278091,73.761064
5.351500,153.594621,73.761064
5.351500,157.331212,73.761064
5.351500,153.647777,73.761064
5.352000,157.330830,73.761064
5.352000,153.647931,73.761064
5.352000,157.371168,73.761064
5.352000,153.688585,73.761064
5.352500,157.370945,73.761064
5.352500,153.688740,73.761064
5.352500,157.412439,73.761064
5.352500,153.730541,73.761064
5.353000,157.412307,73.761064
5.353000,153.730696,73.761064
5.353000,157.454036,73.761064
5.353000,153.772598,73.761064
5.353000,157.453901,73.761064
5.353000,153.772752,73.761064
5.353500,157.495767,73.761064
5.353500,153.814742,73.761064
5.353500,157.495632,73.761064
5.353500,153.814896,73.761064
5.354000,157.495718,73.761064
5.354000,153.815050,73.761064
5.354000,157.528267,73.761064
5.354000,153.847782,73.761064
5.354500,157.528411,73.761064
5.354500,153.847937,73.761064
5.354500,157.565208,73.761064
5.354500,153.884817,73.761064
5.354500,157.565299,73.761064
5.354500,153.884972,73.761064
5.355000,157.614999,73.761064
5.355000,153.934570,73.761064
5.355000,157.614984,73.761064
5.355000,153.934724,73.761064
5.355500,157.649836,73.761064
5.355500,153.969607,73.761064
5.355500,157.649705,73.761064
5.355500,153.969761,73.761064
5.355500,157.689742,73.761064
5.355500,154.009779,73.761064
5.356000,157.689459,73.761064
5.356000,154.009933,73.761064
5.356000,157.741011,73.761064
5.356000,154.061337,73.761064
5.371000,157.740876,76.252133
5.371000,154.061491,76.252133
5.371000,157.779146,76.252133
5.371000,154.099761,76.252133
5.371500,157.779011,76.252133
5.371500,154.099915,76.252133
5.371500,157.810064,76.252133
5.371500,154.131046,76.252133
5.371500,157.809928,76.252133
5.371500,154.131200,76.252133
5.372000,157.809588,76.252133
5.372000,154.131353,76.252133
5.372000,157.845131,76.252133
5.372000,154.166729,76.252133
5.372500,157.844849,76.252133
5.372500,154.166883,76.252133
5.372500,157.868425,76.252133
5.372500,154.190346,76.252133
5.373000,157.868342,76.252133
5.373000,154.190500,76.252133
5.373000,157.888417,76.252133
5.373000,154.210456,76.252133
5.373000,157.888444,76.252133
5.373000,154.210610,76.252133
5.373500,157.918220,76.252133
5.373500,154.240232,76.252133
5.373500,157.918085,76.252133
5.373500,154.240386,76.252133
5.374000,157.945481,76.252133
5.374000,154.267552,76.252133
5.374000,157.945346,76.252133
5.374000,154.267706,76.252133
5.374000,157.972599,76.252133
5.374000,154.294679,76.252133
5.374500,157.972464,76.252133
5.374500,154.294832,76.252133
5.374500,157.998555,76.252133
5.374500,154.320728,76.252133
5.375000,157.998420,76.252133
5.375000,154.320881,76.252133
5.375000,157.998391,76.252133
5.375000,154.321035,76.252133
5.375500,158.023287,76.252133
5.375500,154.345859,76.252133
5.375500,158.023166,76.252133
5.375500,154.346013,76.252133
5.375500,158.060834,76.252133
5.375500,154.383501,76.252133
5.376000,158.060647,76.252133
5.376000,154.383654,76.252133
5.376000,158.105584,76.252133
5.376000,154.428363,76.252133
5.376500,158.105313,76.252133
5.376500,154.428516,76.252133
5.376500,158.152337,76.252133
5.376500,154.475287,76.252133
5.377000,158.152202,76.252133
5.377000,154.475440,76.252133
5.377000,158.194629,76.252133
5.377000,154.518024,76.252133
5.377000,158.194494,76.252133
5.377000,154.518177,76.252133
5.377500,158.244510,76.252133
5.377500,154.568381,76.252133
5.377500,158.244375,76.252133
5.377500,154.568534,76.252133
5.378000,158.297130,76.252133
5.378000,154.621566,76.252133
5.378000,158.296995,76.252133
5.378000,154.621720,76.252133
5.378000,158.296440,76.252133
5.378000,154.621873,76.252133
5.378500,158.343627,76.252133
5.378500,154.668887,76.252133
5.378500,158.343057,76.252133
5.378500,154.669040,76.252133
5.379000,158.387780,76.252133
5.379000,154.713580,76.252133
5.379000,158.387303,76.252133
5.379000,154.713734,76.252133
5.379500,158.434816,76.252133
5.379500,154.761076,76.252133
5.379500,158.434681,76.252133
5.379500,154.761229,76.252133
5.379500,158.484384,76.252133
5.379500,154.811043,76.252133
5.384000,158.484250,78.514175
5.384000,154.811196,78.514175
5.384000,158.530520,78.514175
5.384000,154.857718,78.514175
5.384500,158.530385,78.514175
5.384500,154.857872,78.514175
5.384500,158.570448,78.514175
5.384500,154.898248,78.514175
5.385000,158.570313,78.514175
5.385000,154.898402,78.514175
5.385000,158.621317,78.514175
5.385000,154.949557,78.514175
5.385000,158.621183,78.514175
5.385000,154.949710,78.514175
5.385500,158.620842,78.514175
5.385500,154.949863,78.514175
5.385500,158.683031,78.514175
5.385500,155.011881,78.514175
5.386000,158.682771,78.514175
5.386000,155.012035,78.514175
5.386000,158.742731,78.514175
5.386000,155.071926,78.514175
5.386000,158.742426,78.514175
5.386000,155.072079,78.514175
5.386500,158.784027,78.514175
5.386500,155.113770,78.514175
5.386500,158.783893,78.514175
5.386500,155.113923,78.514175
5.387000,158.829812,78.514175
5.387000,155.160044,78.514175
5.387000,158.829678,78.514175
5.387000,155.160197,78.514175
5.387500,158.880879,78.514175
5.387500,155.211459,78.514175
5.387500,158.880745,78.514175
5.387500,155.211612,78.514175
5.387500,158.945860,78.514175
5.387500,155.276697,78.514175
5.388000,158.945725,78.514175
5.388000,155.276850,78.514175
5.388000,159.001254,78.514175
5.388000,155.332553,78.514175
5.388500,159.001120,78.514175
5.388500,155.332706,78.514175
5.388500,159.000626,78.514175
5.388500,155.332858,78.514175
5.389000,159.040993,78.514175
5.389000,155.373329,78.514175
5.389000,159.040589,78.514175
5.389000,155.373482,78.514175
5.389000,159.089980,78.514175
5.389000,155.423000,78.514175
5.396500,159.089845,80.587374
5.396500,155.423152,80.587374
5.396500,159.138074,80.587374
5.396500,155.471828,80.587374
5.397000,159.137940,80.587374
5.397000,155.471981,80.587374
5.397000,159.186895,80.587374
5.397000,155.521288,80.587374
5.397500,159.186761,80.587374
5.397500,155.521441,80.587374
5.397500,159.228295,80.587374
5.397500,155.563292,80.587374
5.397500,159.228161,80.587374
5.397500,155.563445,80.587374
5.398000,159.261211,80.587374
5.398000,155.596829,80.587374
5.398000,159.261077,80.587374
5.398000,155.596981,80.587374
5.398500,159.303731,80.587374
5.398500,155.639809,80.587374
5.398500,159.303597,80.587374
5.398500,155.639962,80.587374
5.398500,159.303420,80.587374
5.398500,155.640114,80.587374
5.399000,159.344764,80.587374
5.399000,155.681589,80.587374
5.399000,159.344520,80.587374
5.399000,155.681742,80.587374
5.399500,159.391417,80.587374
5.399500,155.728646,80.587374
5.399500,159.391283,80.587374
5.399500,155.728798,80.587374
5.400000,159.427597,80.587374
5.400000,155.765471,80.587374
5.400000,159.427463,80.587374
5.400000,155.765623,80.587374
5.400000,159.460082,80.587374
5.400000,155.798652,80.587374
5.400500,159.459949,80.587374
5.400500,155.798805,80.587374
5.400500,159.485260,80.587374
5.400500,155.824556,80.587374
5.401000,159.485126,80.587374
5.401000,155.824708,80.587374
5.401000,159.530875,80.587374
5.401000,155.870455,80.587374
5.401500,159.530741,80.587374
5.401500,155.870607,80.587374
5.401500,159.584607,80.587374
5.401500,155.924238,80.587374
5.401500,159.584474,80.587374
5.401500,155.924390,80.587374
5.402000,159.584442,80.587374
5.402000,155.924542,80.587374
5.402000,159.626100,80.587374
5.402000,155.966156,80.587374
5.407500,159.625966,82.614005
5.407500,155.966308,82.614005
5.407500,159.642468,82.614005
5.407500,155.982844,82.614005
5.407500,159.642335,82.614005
5.407500,155.982997,82.614005
5.408000,159.661713,82.614005
5.408000,156.002337,82.614005
5.408000,159.661580,82.614005
5.408000,156.002489,82.614005
5.408500,159.691167,82.614005
5.408500,156.031892,82.614005
5.408500,159.691033,82.614005
5.408500,156.032044,82.614005
5.409000,159.711017,82.614005
5.409000,156.051973,82.614005
5.409000,159.710884,82.614005
5.409000,156.052125,82.614005
5.409000,159.724001,82.614005
5.409000,156.065212,82.614005
5.409500,159.723867,82.614005
5.409500,156.065364,82.614005
5.409500,159.747446,82.614005
5.409500,156.088948,82.614005
5.410000,159.747313,82.614005
5.410000,156.089100,82.614005
5.410000,159.774306,82.614005
5.410000,156.116213,82.614005
5.410500,159.774173,82.614005
5.410500,156.116365,82.614005
5.410500,159.774039,82.614005
5.410500,156.116517,82.614005
5.410500,159.792687,82.614005
5.410500,156.135378,82.614005
5.411000,159.792554,82.614005
5.411000,156.135530,82.614005
5.411000,159.808195,82.614005
5.411000,156.151409,82.614005
5.411500,159.808062,82.614005
5.411500,156.151561,82.614005
5.411500,159.833587,82.614005
5.411500,156.177147,82.614005
5.412000,159.833454,82.614005
5.412000,156.177299,82.614005
5.412000,159.871843,82.614005
5.412000,156.215575,82.614005
5.412000,159.871709,82.614005
5.412000,156.215726,82.614005
5.412500,159.891422,82.614005
5.412500,156.235544,82.614005
5.412500,159.891289,82.614005
5.412500,156.235696,82.614005
5.413000,159.902043,82.614005
5.413000,156.246676,82.614005
5.413000,159.901910,82.614005
5.413000,156.246828,82.614005
5.413000,159.918291,82.614005
5.413000,156.263480,82.614005
5.413500,159.918191,82.614005
5.413500,156.263631,82.614005
5.413500,159.918058,82.614005
5.413500,156.263783,82.614005
5.422000,159.933840,84.871073
5.422000,156.279765,84.871073
5.422000,159.933707,84.871073
5.422000,156.279917,84.871073
5.422500,159.957691,84.871073
5.422500,156.303960,84.871073
5.422500,159.957558,84.871073
5.422500,156.304112,84.871073
5.422500,159.959345,84.871073
5.422500,156.306258,84.871073
5.423000,159.959212,84.871073
5.423000,156.306409,84.871073
5.423000,159.982752,84.871073
5.423000,156.330076,84.871073
5.423500,159.982619,84.871073
5.423500,156.330227,84.871073
5.423500,160.012603,84.871073
5.423500,156.360359,84.871073
5.424000,160.012470,84.871073
5.424000,156.360510,84.871073
5.424000,160.040288,84.871073
5.424000,156.388436,84.871073
5.424000,160.040156,84.871073
5.424000,156.388587,84.871073
5.424500,160.084336,84.871073
5.424500,156.432745,84.871073
5.424500,160.084166,84.871073
5.424500,156.432896,84.871073
5.425000,160.084033,84.871073
5.425000,156.433048,84.871073
5.425000,160.114575,84.871073
5.425000,156.463840,84.871073
5.425000,160.114443,84.871073
5.425000,156.463991,84.871073
5.425500,160.147555,84.871073
5.425500,156.497457,84.871073
5.425500,160.147423,84.871073
5.425500,156.497609,84.871073
5.426000,160.187220,84.871073
5.426000,156.537721,84.871073
5.426000,160.187088,84.871073
5.426000,156.537872,84.871073
5.426500,160.214880,84.871073
5.426500,156.566010,84.871073
5.426500,160.214747,84.871073
5.426500,156.566161,84.871073
5.426500,160.242411,84.871073
5.426500,156.594275,84.871073
5.427000,160.242279,84.871073
5.427000,156.594427,84.871073
5.427000,160.276945,84.871073
5.427000,156.629379,84.871073
5.427500,160.276755,84.871073
5.427500,156.629530,84.871073
5.427500,160.321029,84.871073
5.427500,156.674035,84.871073
5.428000,160.320899,84.871073
5.428000,156.674186,84.871073
5.428000,160.320767,84.871073
5.428000,156.674337,84.871073
5.428000,160.374957,84.871073
5.428000,156.728678,84.871073
5.428500,160.374825,84.871073
5.428500,156.728829,84.871073
5.428500,160.420422,84.871073
5.428500,156.774604,84.871073
5.429000,160.420290,84.871073
5.429000,156.774755,84.871073
5.429000,160.466124,84.871073
5.429000,156.820735,84.871073
5.429000,160.465992,84.871073
5.429000,156.820886,84.871073
5.429500,160.517320,84.871073
5.429500,156.872329,84.871073
5.429500,160.517188,84.871073
5.429500,156.872480,84.871073
5.438000,160.579269,86.733029
5.438000,156.934488,86.733029
5.438000,160.579137,86.733029
5.438000,156.934639,86.733029
5.438500,160.634205,86.733029
5.438500,156.989791,86.733029
5.438500,160.634059,86.733029
5.438500,156.989941,86.733029
5.438500,160.680306,86.733029
5.438500,157.036494,86.733029
5.439000,160.680165,86.733029
5.439000,157.036645,86.733029
5.439000,160.680033,86.733029
5.439000,157.036795,86.733029
5.439500,160.721008,86.733029
5.439500,157.078116,86.733029
5.439500,160.720876,86.733029
5.439500,157.078267,86.733029
5.440000,160.776904,86.733029
5.440000,157.134597,86.733029
5.440000,160.776772,86.733029
5.440000,157.134748,86.733029
5.440000,160.816042,86.733029
5.440000,157.174453,86.733029
5.440500,160.815910,86.733029
5.440500,157.174604,86.733029
5.440500,160.843303,86.733029
5.440500,157.202469,86.733029
5.441000,160.843171,86.733029
5.441000,157.202620,86.733029
5.441000,160.879169,86.733029
5.441000,157.239028,86.733029
5.441000,160.879129,86.733029
5.441000,157.239179,86.733029
5.441500,160.929625,86.733029
5.441500,157.289832,86.733029
5.441500,160.929666,86.733029
5.441500,157.289983,86.733029
5.442000,160.982933,86.733029
5.442000,157.343387,86.733029
5.442000,160.982953,86.733029
5.442000,157.343537,86.733029
5.442500,160.982821,86.733029
5.442500,157.343688,86.733029
5.442500,161.015884,86.733029
5.442500,157.376946,86.733029
5.442500,161.015752,86.733029
5.442500,157.377096,86.733029
5.443000,161.046111,86.733029
5.443000,157.407588,86.733029
5.443000,161.045979,86.733029
5.443000,157.407738,86.733029
5.443500,161.097201,86.733029
5.443500,157.458856,86.733029
5.443500,161.097070,86.733029
5.443500,157.459006,86.733029
5.444000,161.146297,86.733029
5.444000,157.508206,86.733029
5.444000,161.146166,86.733029
5.444000,157.508356,86.733029
5.444000,161.162564,86.733029
5.444000,157.525243,86.733029
5.444500,161.162723,86.733029
5.444500,157.525394,86.733029
