Timestamp (s),Joint_Angle (deg)
0.0,68.14540731050424
0.0045,68.14540731050424
0.009,68.14540731050424
0.0135,68.14540731050424
0.018,68.14540731050424
0.0225,68.14540731050424
0.027,68.14540731050424
0.0315,68.14540731050424
0.036,68.14540731050424
0.0405,68.14540731050424
0.045,68.14540731050424
0.0495,68.14540731050424
0.054,68.14540731050424
0.0585,68.14540731050424
0.063,68.14540731050424
0.0675,68.14540731050424
0.072,68.14540731050424
0.0765,68.14540731050424
0.081,68.14540731050424
0.0855,68.14540731050424
0.09,68.14540731050424
0.0945,68.14540731050424
0.099,68.14540731050424
0.1035,68.14540731050424
0.108,64.41064754199036
0.1125,64.41064754199036
0.117,64.47385348731635
0.1215,64.0532014854585
0.126,64.0532014854585
0.1305,63.71528348917564
0.135,63.71528348917564
0.1395,63.3770396601312
0.144,63.3770396601312
0.1485,63.01998613314869
0.153,63.01998613314869
0.1575,62.648596845899846
0.162,62.648596845899846
0.1665,62.27042751753963
0.171,62.27042751753963
0.1755,61.89206981348833
0.18,61.89206981348833
0.1845,61.91683354383985
0.189,61.53120572775608
0.1935,61.53120572775608
0.198,61.17742051055028
0.2025,61.17742051055028
0.207,60.828639910567034
0.2115,60.828639910567034
0.216,60.49733247389602
0.2205,60.49733247389602
0.225,60.16808880530196
0.2295,60.16808880530196
0.234,59.8389365946599
0.2385,59.8389365946599
0.243,59.892083496465084
0.2475,59.49663211220635
0.252,59.54574788232252
0.2565,59.1487025561606
0.261,59.19835697408229
0.2655,58.795226912552344
0.27,58.795226912552344
0.2745,58.460545210868375
0.279,58.460545210868375
0.2835,58.119671684026464
0.288,58.119671684026464
0.2925,57.77365581079827
0.297,57.77365581079827
0.3015,57.42791487754436
0.306,57.42791487754436
0.3105,57.468458240881304
0.315,57.0815189831954
0.3195,57.128459774363016
0.324,56.74359423260936
0.3285,56.80283495140839
0.333,56.42277154691699
0.3375,56.42277154691699
0.342,56.09384558564479
0.3465,56.09384558564479
0.351,55.76837554321172
0.3555,55.76837554321172
0.36,55.43826727754655
0.3645,55.43826727754655
0.369,55.482572418043254
0.3735,55.09325567807633
0.378,55.140759882441344
0.3825,54.74902377456202
0.387,54.806350623155886
0.3915,54.413423135828175
0.396,54.47512374708622
0.4005,54.086810369492355
0.405,54.086810369492355
0.4095,53.745606340412486
0.414,53.745606340412486
0.4185,53.406522807719746
0.423,53.406522807719746
0.4275,53.074109609299384
0.432,53.074109609299384
0.4365,53.128544768369515
0.441,52.73053354568942
0.4455,52.78238614897881
0.45,52.38665332362487
0.4545,52.439297420732714
0.459,52.05033133869005
0.4635,52.091581468035066
0.468,51.698985941150234
0.4725,51.698985941150234
0.477,51.34750441419404
0.4815,51.34750441419404
0.486,51.00280847985402
0.4905,51.00280847985402
0.495,51.04466035912299
0.4995,50.68026588111644
0.504,50.71911331013044
0.5085,50.35248332000488
0.513,50.38690794665145
0.5175,50.0224735956465
0.522,50.05831168260197
0.5265,49.69364277306014
0.531,49.73476704489651
0.5355,49.358716183790825
0.54,49.358716183790825
0.5445,49.02568820637095
0.549,49.02568820637095
0.5535,48.68914822882523
0.558,48.68914822882523
0.5625,48.71585803353049
0.567,48.33720041399763
0.5715,48.35767259241245
0.576,47.98171584906791
0.5805,48.00753267095775
0.585,47.637981507559715
0.5895,47.6686195380216
0.594,47.29886470496638
0.5985,47.33726499617157
0.603,46.97169740323516
0.6075,46.97169740323516
0.612,46.655807783231744
0.6165,46.655807783231744
0.621,46.68597661608605
0.6255,46.32446879899015
0.63,46.343880152594096
0.6345,45.987793394334616
0.639,46.022733880958704
0.6435,45.66463263831656
0.648,45.69748168496943
0.6525,45.3524270741321
0.657,45.39609644901373
0.6615,45.05527071707955
0.666,45.090653742677816
0.6705,44.74794742026187
0.675,44.74794742026187
0.6795,44.43032655380065
0.684,44.43032655380065
0.6885,44.471452620624675
0.693,44.13009254956595
0.6975,44.169836454085136
0.702,43.830310594967855
0.7065,43.86514400559519
0.711,43.535445452167515
0.7155,43.575676444244486
0.72,43.242178230661544
0.7245,43.28222713206711
0.729,42.94684745578207
0.7335,42.97386715357978
0.738,42.64064688758411
0.7425,42.67566472085547
0.747,42.67566472085547
0.7515,42.35200502349156
0.756,42.39441128050019
0.7605,42.072637760605105
0.765,42.110020464018746
0.7695,41.78995288111447
0.774,41.82426779159837
0.7785,41.50823393451422
0.783,41.53601998708386
0.7875,41.22184888699655
0.792,41.24979732410255
0.7965,40.93708367965335
0.801,40.967186327287386
0.8055,40.65488967492887
0.81,40.68962811807614
0.8145,40.68962811807614
0.819,40.3842572362538
0.8235,40.423940435470904
0.828,40.12069782886935
0.8325,40.15216683237548
0.837,39.84280385774237
0.8415,39.874900448485036
0.846,39.5715032987781
0.8505,39.60351991234579
0.855,39.307739159620766
0.8595,39.34275783882812
0.864,39.04040422127719
0.8685,39.07050653464516
0.873,39.07050653464516
0.8775,38.80044284225399
0.882,38.80044284225399
0.8865,38.50066325826756
0.891,38.526877310497696
0.8955,38.225023695665634
0.9,38.253036552294866
0.9045,37.957822209504634
0.909,37.98513253128884
0.9135,37.684372024660576
0.918,37.70912267339635
0.9225,37.41085347705486
0.927,37.435583045862366
0.9315,37.14088986658611
0.936,37.16972030413578
0.9405,37.16972030413578
0.945,36.90797727317785
0.9495,36.90797727317785
0.954,36.62342391188242
0.9585,36.66124184031746
0.963,36.35679627299455
0.9675,36.402004774455
0.972,36.103651893538796
0.9765,36.15505506761774
0.981,35.86569046873679
0.9855,35.9118864617926
0.99,35.61368703398724
0.9945,35.66455071607092
0.999,35.66455071607092
1.0035,35.40867853092234
1.008,35.40867853092234
1.0125,35.144089722165745
1.017,35.144089722165745
1.0215,34.85762493638163
1.026,34.8936500679392
1.0305,34.59965927025176
1.035,34.63510576850376
1.0395,34.34372046814566
1.044,34.37476244534344
1.0485,34.08651829535965
1.053,34.10871294088027
1.0575,33.82996392747148
1.062,33.85019083358678
1.0665,33.85019083358678
1.071,33.61025299463805
1.0755,33.61025299463805
1.08,33.37695519385368
1.0845,33.37695519385368
1.089,33.12173758490759
1.0935,33.14701498570034
1.098,32.895858843478635
1.1025,32.91747752652018
1.107,32.67434276457156
1.1115,32.70473610986416
1.116,32.44434958366776
1.1205,32.46302710156291
1.125,32.46302710156291
1.1295,32.21735001842035
1.134,32.21735001842035
1.1385,31.9756055568044
1.143,31.9756055568044
1.1475,31.721119589122097
1.152,31.721119589122097
1.1565,31.45097230600907
1.161,31.47930424654334
1.1655,31.205478812634023
1.17,31.250237856911994
1.1745,30.982773087060394
1.179,31.029810295352792
1.1835,30.76653897188218
1.188,30.8058669541799
1.1925,30.8058669541799
1.197,30.589270901433395
1.2015,30.589270901433395
1.206,30.373997904651354
1.2105,30.373997904651354
1.215,30.16097134147496
1.2195,30.16097134147496
1.224,29.949417519930783
1.2285,29.949417519930783
1.233,29.714157130876057
1.2375,29.736968838071842
1.242,29.501168679352975
1.2465,29.52241963075779
1.251,29.52241963075779
1.2555,29.29389291478406
1.26,29.29389291478406
1.2645,29.078855611481035
1.269,29.078855611481035
1.2735,28.860494470265046
1.278,28.860494470265046
1.2825,28.650126115570675
1.287,28.650126115570675
1.2915,28.45300706150059
1.296,28.45300706150059
1.3005,28.251296422847787
1.305,28.26859624197414
1.3095,28.064501093335696
1.314,28.09725986393817
1.3185,28.09725986393817
1.323,27.936083979478948
1.3275,27.936083979478948
1.332,27.775742013745187
1.3365,27.775742013745187
1.341,27.599304136623356
1.3455,27.599304136623356
1.35,27.403140700178945
1.3545,27.403140700178945
1.359,27.205047936858765
1.3635,27.205047936858765
1.368,26.997525939174466
1.3725,27.010559651605153
1.377,26.804682627004397
1.3815,26.823774512023878
1.386,26.823774512023878
1.3905,26.632501496992273
1.395,26.632501496992273
1.3995,26.459548400692885
1.404,26.459548400692885
1.4085,26.297303006812434
1.413,26.297303006812434
1.4175,26.114022699421042
1.422,26.114022699421042
1.4265,25.9477186413116
1.431,25.9477186413116
1.4355,25.75006430609291
1.44,25.78296642453182
1.4445,25.78296642453182
1.449,25.60151593586391
1.4535,25.60151593586391
1.458,25.4204601064745
1.4625,25.4204601064745
1.467,25.25160281875902
1.4715,25.25160281875902
1.476,25.092509095451362
1.4805,25.092509095451362
1.485,24.923291951392695
1.4895,24.923291951392695
1.494,24.751013006107307
1.4985,24.751013006107307
1.503,24.751013006107307
1.5075,24.58234202497378
1.512,24.58234202497378
1.5165,24.423227754689982
1.521,24.423227754689982
1.5255,24.269468436836483
1.53,24.269468436836483
1.5345,24.127773594902127
1.539,24.127773594902127
1.5435,23.98021869641653
1.548,23.98021869641653
1.5525,23.828835052002265
1.557,23.828835052002265
1.5615,23.672254463573353
1.566,23.672254463573353
1.5705,23.672254463573353
1.575,23.504682001568494
1.5795,23.504682001568494
1.584,23.3490763163323
1.5885,23.3490763163323
1.593,23.201868438465116
1.5975,23.201868438465116
1.602,23.055252618284435
1.6065,23.055252618284435
1.611,22.904474304297732
1.6155,22.904474304297732
1.62,22.759350735171623
1.6245,22.759350735171623
1.629,22.62680095614501
1.6335,22.62680095614501
1.638,22.66966017958396
1.6425,22.48798590582046
1.647,22.48798590582046
1.6515,22.349666437051503
1.656,22.349666437051503
1.6605,22.203561870202066
1.665,22.203561870202066
1.6695,22.063617509000746
1.674,22.063617509000746
1.6785,21.919473267285056
1.683,21.919473267285056
1.6875,21.77013715925819
1.692,21.77013715925819
1.6965,21.795374860810504
1.701,21.61882500398236
1.7055,21.64441267525444
1.71,21.467140128402434
1.7145,21.467140128402434
1.719,21.323943386607034
1.7235,21.323943386607034
1.728,21.189817542226304
1.7325,21.189817542226304
1.737,21.060460911101806
1.7415,21.060460911101806
1.746,20.94540694598952
1.7505,20.94540694598952
1.755,20.82718288595766
1.7595,20.82718288595766
1.764,20.867021948763004
1.7685,20.708081885950204
1.773,20.755679399123835
1.7775,20.589933872398518
1.782,20.589933872398518
1.7865,20.47022219517987
1.791,20.47022219517987
1.7955,20.348011943110684
1.8,20.348011943110684
1.8045,20.229017642878826
1.809,20.229017642878826
1.8135,20.112412961120608
1.818,20.112412961120608
1.8225,20.153406706196403
1.827,19.98672747423009
1.8315,20.026991017116014
1.836,19.871659101218274
1.8405,19.90996695984462
1.845,19.763233637546467
1.8495,19.763233637546467
1.854,19.653040787829397
1.8585,19.653040787829397
1.863,19.542535982477485
1.8675,19.542535982477485
1.872,19.43044108674437
1.8765,19.43044108674437
1.881,19.31256429558929
1.8855,19.31256429558929
1.89,19.339534599278732
1.8945,19.197138193305722
1.899,19.22467080787486
1.9035,19.087994165253303
1.908,19.12912574717244
1.9125,18.990367508942736
1.917,18.990367508942736
1.9215,18.91266958146087
1.926,18.91266958146087
1.9305,18.818059498283073
1.935,18.818059498283073
1.9395,18.716535647786266
1.944,18.716535647786266
1.9485,18.75475036554649
1.953,18.62188374014553
1.9575,18.65631592996974
1.962,18.527755064843102
1.9665,18.55568333786884
1.971,18.433157496537273
1.9755,18.45373011389176
1.98,18.337508555536683
1.9845,18.337508555536683
1.989,18.249797227674602
1.9935,18.249797227674602
1.998,18.155372224424333
2.0025,18.155372224424333
2.007,18.065536397724316
2.0115,18.065536397724316
2.016,18.10203982047063
2.0205,17.981092866920214
2.025,18.019570462914277
2.0295,17.89733595817509
2.034,17.933980437372462
2.0385,17.814398728913677
2.043,17.849480006201954
2.0475,17.736908235336088
2.052,17.768342706216792
2.0565,17.66353356636964
2.061,17.66353356636964
2.0655,17.584532166560766
2.07,17.584532166560766
2.0745,17.604972436531074
2.079,17.495828095964274
2.0835,17.521031433650155
2.088,17.420902371244974
2.0925,17.446952646580435
2.097,17.348859307499744
2.1015,17.378532155863617
2.106,17.286030134325173
2.1105,17.323012793687415
2.115,17.229347733495736
2.1195,17.259392207311965
2.124,17.16778829173968
2.1285,17.16778829173968
2.133,17.10309111961111
2.1375,17.10309111961111
2.142,17.131627412726743
2.1465,17.031864954471107
2.151,17.060946184246962
2.1555,16.964072386619858
2.16,16.999396634249425
2.1645,16.9087259164462
2.169,16.942565054406863
2.1735,16.851563584341793
2.178,16.884621062404936
2.1825,16.79791303333546
2.187,16.82800003599786
2.1915,16.739585374880953
2.196,16.739585374880953
2.2005,16.766130850588898
2.205,16.682564907727624
2.2095,16.699454271882022
2.214,16.61437691423008
2.2185,16.62730641099126
2.223,16.54228091221718
2.2275,16.5552793314402
2.232,16.47234171060437
2.2365,16.48457386631179
2.241,16.401896246946965
2.2455,16.41762240895172
2.25,16.331653437622666
2.2545,16.35715441035869
2.259,16.27370634906328
2.2635,16.27370634906328
2.268,16.297881085100713
2.2725,16.21980856916267
2.277,16.232100121188843
2.2815,16.151709863511478
2.286,16.170953656034044
2.2905,16.095488751528553
2.295,16.119962187382747
2.2995,16.047508608308554
2.304,16.058956029433304
2.3085,15.984800061341742
2.313,16.001756632914258
2.3175,15.936921560418604
2.322,15.950582367245199
2.3265,15.950582367245199
2.331,15.880060245081458
2.3355,15.899982893692162
2.34,15.837461570038391
2.3445,15.85824108232091
2.349,15.790169590247118
2.3535,15.804301066116851
2.358,15.739731792420493
2.3625,15.751269048137338
2.367,15.683481750836991
2.3715,15.698800954179019
2.376,15.640948420842198
2.3805,15.661361441248859
2.385,15.597989157889517
2.3895,15.622112650551417
2.394,15.622112650551417
2.3985,15.559608209798661
2.403,15.588517274994299
2.4075,15.53083842762005
2.412,15.549681366251658
2.4165,15.495691261794734
2.421,15.511758325617844
2.4255,15.454370039145946
2.43,15.467502434080268
2.4345,15.411277394597377
2.439,15.419651290721093
2.4435,15.360117009396754
2.448,15.36579910789512
2.4525,15.36579910789512
2.457,15.323488396211868
2.4615,15.323488396211868
2.466,15.26795554554889
2.4705,15.28050229182719
2.475,15.228686984347739
2.4795,15.243065775929118
2.484,15.191804437093685
2.4885,15.205120990098381
2.493,15.154555786248917
2.4975,15.171997766568712
2.502,15.126323507971357
2.5065,15.138388824025856
2.511,15.09469867808731
2.5155,15.109905092387626
2.52,15.109905092387626
2.5245,15.081516284904072
2.529,15.081516284904072
2.5335,15.049728848559155
2.538,15.049728848559155
2.5425,15.007807350538082
2.547,15.015557812405081
2.5515,14.974897549939138
2.556,14.98204388338589
2.5605,14.942161885546787
2.565,14.95070281893405
2.5695,14.904330413208967
2.574,14.918672091889869
2.5785,14.918672091889869
2.583,14.901960035166619
2.5875,14.901960035166619
2.592,14.886560682619615
2.5965,14.886560682619615
2.601,14.859156370367591
2.6055,14.859156370367591
2.61,14.817296825859303
2.6145,14.840673651903922
2.619,14.799668973854065
2.6235,14.81923132963264
2.628,14.781316759646641
2.6325,14.799293080518337
2.637,14.759624234761459
2.6415,14.773469989201178
2.646,14.773469989201178
2.6505,14.749874013892638
2.655,14.749874013892638
2.6595,14.725331486627995
2.664,14.725331486627995
2.6685,14.698877512481024
2.673,14.698877512481024
2.6775,14.656186998110801
2.682,14.672608400473447
2.6865,14.631754504831076
2.691,14.648015670881184
2.6955,14.60834313840594
2.7,14.61808076988174
2.7045,14.61808076988174
2.709,14.595437702769244
2.7135,14.595437702769244
2.718,14.580012522923159
2.7225,14.580012522923159
2.727,14.566841379198475
2.7315,14.566841379198475
2.736,14.563960955618974
2.7405,14.563960955618974
2.745,14.539569927344216
2.7495,14.562030907132245
2.754,14.537077371585163
2.7585,14.55307545140434
2.763,14.527945130313235
2.7675,14.538854011490058
2.772,14.538854011490058
2.7765,14.531312137847186
2.781,14.531312137847186
2.7855,14.516589298914463
2.79,14.516589298914463
2.7945,14.494189039367562
2.799,14.494189039367562
2.8035,14.479666257771033
2.808,14.479666257771033
2.8125,14.452389982258238
2.817,14.471317108668732
2.8215,14.448168981490817
2.826,14.46741357499334
2.8305,14.46741357499334
2.835,14.460861687072683
2.8395,14.460861687072683
2.844,14.44698518218927
2.8485,14.44698518218927
2.853,14.447595956373387
2.8575,14.447595956373387
2.862,14.439911441242408
2.8665,14.439911441242408
2.871,14.43128313502493
2.8755,14.43128313502493
2.88,14.41520406893587
2.8845,14.429643311699946
2.889,14.411151718649638
2.8935,14.424033099205452
2.898,14.424033099205452
2.9025,14.425913555058258
2.907,14.425913555058258
2.9115,14.416512982559626
2.916,14.416512982559626
2.9205,14.410399171790882
2.925,14.410399171790882
2.9295,14.401680148872373
2.934,14.401680148872373
2.9385,14.395157265350406
2.943,14.395157265350406
2.9475,14.37583416461635
2.952,14.388227032602037
2.9565,14.388227032602037
2.961,14.383210005289143
2.9655,14.383210005289143
2.97,14.374037913813517
2.9745,14.374037913813517
2.979,14.362647928046298
2.9835,14.362647928046298
2.988,14.361259219113434
2.9925,14.361259219113434
2.997,14.350692997127474
3.0015,14.350692997127474
3.006,14.34685649980546
3.0105,14.34685649980546
3.015,14.338786675533925
3.0195,14.338786675533925
3.024,14.338786675533925
3.0285,14.3288035194133
3.033,14.3288035194133
3.0375,14.316936451458098
3.042,14.316936451458098
3.0465,14.311076865454995
3.051,14.311076865454995
3.0555,14.304731129366745
3.06,14.304731129366745
3.0645,14.29908910591699
3.069,14.29908910591699
3.0735,14.29393586509765
3.078,14.29393586509765
3.0825,14.303433205863683
3.087,14.291343120092126
3.0915,14.291343120092126
3.096,14.287121147227152
3.1005,14.287121147227152
3.105,14.282028009870416
3.1095,14.282028009870416
3.114,14.285250016426565
3.1185,14.285250016426565
3.123,14.28932975156172
3.1275,14.28932975156172
3.132,14.288828741482574
3.1365,14.288828741482574
3.141,14.291005649047667
3.1455,14.291005649047667
3.15,14.297371812336504
3.1545,14.285798913692926
3.159,14.285798913692926
3.1635,14.28054277474193
3.168,14.28054277474193
3.1725,14.275058821834163
3.177,14.275058821834163
3.1815,14.270868275935689
3.186,14.270868275935689
3.1905,14.268515844976315
3.195,14.268515844976315
3.1995,14.26727859605895
3.204,14.26727859605895
3.2085,14.278707528743539
3.213,14.264233663498937
3.2175,14.281493508934119
3.222,14.271458031478502
3.2265,14.271458031478502
3.231,14.283570694197815
3.2355,14.283570694197815
3.24,14.28887172386357
3.2445,14.28887172386357
3.249,14.29166207443962
3.2535,14.29166207443962
3.258,14.30077798916066
3.2625,14.30077798916066
3.267,14.307845797312906
3.2715,14.307845797312906
3.276,14.318405003874943
3.2805,14.309059653091369
3.285,14.321089372750297
3.2895,14.314597077811415
3.294,14.314597077811415
3.2985,14.323493115270395
3.303,14.323493115270395
3.3075,14.331113797970461
3.312,14.331113797970461
3.3165,14.338555303003169
3.321,14.338555303003169
3.3255,14.346920263535521
3.33,14.346920263535521
3.3345,14.357691265783888
3.339,14.357691265783888
3.3435,14.373204443572789
3.348,14.372068990472155
3.3525,14.38599881963677
3.357,14.37742949523799
3.3615,14.390822544274817
3.366,14.389179948209406
3.3705,14.389179948209406
3.375,14.403374599326327
3.3795,14.403374599326327
3.384,14.413480450644794
3.3885,14.413480450644794
3.393,14.412586340224692
3.3975,14.412586340224692
3.402,14.408846827452878
3.4065,14.413678896587365
3.411,14.414689942705236
3.4155,14.42305969204497
3.42,14.423436525701627
3.4245,14.43339560816234
3.429,14.43719448761924
3.4335,14.441849988034344
3.438,14.441849988034344
3.4425,14.446461219062147
3.447,14.446461219062147
3.4515,14.44785979205222
3.456,14.44785979205222
3.4605,14.455212512110709
3.465,14.455212512110709
3.4695,14.457061371307363
3.474,14.459961682663916
3.4785,14.455249867480875
3.483,14.461266539830017
3.4875,14.454310009805667
3.492,14.457669148370481
3.4965,14.456237927908882
3.501,14.463474716447484
3.5055,14.463474716447484
3.51,14.466624198909003
3.5145,14.466624198909003
3.519,14.468363392835354
3.5235,14.468363392835354
3.528,14.47060532184834
3.5325,14.478809540271456
3.537,14.482187118518592
3.5415,14.487507713332587
3.546,14.485156996130906
3.5505,14.48888358609015
3.555,14.490813418034323
3.5595,14.49054780451883
3.564,14.494774672348019
3.5685,14.499011158617686
3.573,14.499011158617686
3.5775,14.505178219691848
3.582,14.505178219691848
3.5865,14.507349908184743
3.591,14.507349908184743
3.5955,14.514040368082771
3.6,14.511767362232545
3.6045,14.51915351416734
3.609,14.527671491065085
3.6135,14.53127297750905
3.618,14.537369784315462
3.6225,14.539409707819464
3.627,14.544227977739988
3.6315,14.544364562241244
3.636,14.551805424861751
3.6405,14.551805424861751
3.645,14.551173822764666
3.6495,14.551173822764666
3.654,14.548124633490616
3.6585,14.552816463769492
3.663,14.556096513600608
3.6675,14.561697107826665
3.672,14.565635300789348
3.6765,14.566733398896051
3.681,14.57237229666868
3.6855,14.577436967682493
3.69,14.585438257905492
3.6945,14.586511735836334
3.699,14.608826677736394
3.7035,14.617533139434698
3.708,14.617533139434698
3.7125,14.64939439943083
3.717,14.64939439943083
3.7215,14.666134867158414
3.726,14.671597250816424
3.7305,14.677587299470169
3.735,14.685233750862078
3.7395,14.698213417572807
3.744,14.708296533624848
3.7485,14.715594085094791
3.753,14.73057409861676
3.7575,14.723807133847911
3.762,14.748702375035613
3.7665,14.73821876679437
3.771,14.761457760076283
3.7755,14.761457760076283
3.78,14.749799999453051
3.7845,14.780050258893516
3.789,14.765714132651658
3.7935,14.795915394555458
3.798,14.7747075427411
3.8025,14.803112177887678
3.807,14.77844892253301
3.8115,14.80510673045305
3.816,14.775703265774592
3.8205,14.79829956257736
3.825,14.777288009075624
3.8295,14.794554373235776
3.834,14.778505907612347
3.8385,14.784783706639544
3.843,14.775708624652225
3.8475,14.775708624652225
3.852,14.788599185979184
3.8565,14.779133304624647
3.861,14.794542111920899
3.8655,14.789092528547497
3.87,14.796356517213889
3.8745,14.790213122154764
3.879,14.795646569867754
3.8835,14.80064929570643
3.888,14.798510617915888
3.8925,14.80011742779383
3.897,14.793804180645916
3.9015,14.794531356599247
3.906,14.794531356599247
3.9105,14.7889301977595
3.915,14.7889301977595
3.9195,14.787826203685858
3.924,14.792110746526761
3.9285,14.791723698085566
3.933,14.795024435981327
3.9375,14.796045477884057
3.942,14.800069748266761
3.9465,14.797476368383503
3.951,14.799446378636498
3.9555,14.795096903745835
3.96,14.799597777325285
3.9645,14.799597777325285
3.969,14.796784664018585
3.9735,14.796784664018585
3.978,14.797264306604253
3.9825,14.797264306604253
3.987,14.787688048522748
3.9915,14.801079573531869
3.996,14.790875793570924
4.0005,14.805619605214192
4.005,14.799026261429365
4.0095,14.805103241140097
4.014,14.800417050141043
4.0185,14.807368591338578
4.023,14.801198415264775
4.0275,14.81029402800477
4.032,14.81029402800477
4.0365,14.805625474437354
4.041,14.805625474437354
4.0455,14.805020679621359
4.05,14.805020679621359
4.0545,14.797236424371428
4.059,14.81667136070145
4.0635,14.810699460569184
4.068,14.830129774425737
4.0725,14.81844959140561
4.077,14.839293412946754
4.0815,14.82536731527444
4.086,14.846657638081338
4.0905,14.834606769387856
4.095,14.849417944209625
4.0995,14.849417944209625
4.104,14.846655543945454
4.1085,14.846655543945454
4.113,14.83618854144265
4.1175,14.83618854144265
4.122,14.823082489223788
4.1265,14.830443945411268
4.131,14.817249256840283
4.1355,14.824572839555302
4.14,14.813804002720756
4.1445,14.823774979607022
4.149,14.818703093091678
4.1535,14.83601073077541
4.158,14.83601073077541
4.1625,14.846558364872855
4.167,14.846558364872855
4.1715,14.865073301464776
4.176,14.865073301464776
4.1805,14.87964564928203
4.185,14.87964564928203
4.1895,14.866365813881036
4.194,14.888103937744702
4.1985,14.873673126849274
4.203,14.887953688659888
4.2075,14.871762685998487
4.212,14.881858240485496
4.2165,14.870870517288838
4.221,14.878551619203648
4.2255,14.878551619203648
4.23,14.875284972387472
4.2345,14.875284972387472
4.239,14.86812251383479
4.2435,14.86812251383479
4.248,14.841416790113124
4.2525,14.841416790113124
4.257,14.839654002021902
4.2615,14.806987222393447
4.266,14.80070748114844
4.2705,14.783426310436715
4.275,14.763594331243535
4.2795,14.773501909451507
4.284,14.773501909451507
4.2885,14.772146309113717
4.293,14.772146309113717
4.2975,14.777941122827723
4.302,14.777941122827723
4.3065,14.78800404766843
4.311,14.78800404766843
4.3155,14.805357175085847
4.32,14.805357175085847
4.3245,14.820503809208933
4.329,14.820503809208933
4.3335,14.805135941054044
4.338,14.833802589049043
4.3425,14.825629560611747
4.347,14.845504288468227
4.3515,14.845504288468227
4.356,14.860140667880446
4.3605,14.860140667880446
4.365,14.86930114677331
4.3695,14.86930114677331
4.374,14.89324975669628
4.3785,14.89324975669628
4.383,14.905397414948139
4.3875,14.905397414948139
4.392,14.932189467441352
4.3965,14.932189467441352
4.401,14.933548384937955
4.4055,14.968534241938727
4.41,14.968534241938727
4.4145,14.998451371438149
4.419,14.998451371438149
4.4235,15.021226509727674
4.428,15.021226509727674
4.4325,15.050490838134932
4.437,15.050490838134932
4.4415,15.070294894618272
4.446,15.070294894618272
4.4505,15.079691464345233
4.455,15.079691464345233
4.4595,15.088119892849214
4.464,15.088119892849214
4.4685,15.09253354678202
4.473,15.114832781673927
4.4775,15.114832781673927
4.482,15.145736360263864
4.4865,15.145736360263864
4.491,15.179748655722863
4.4955,15.179748655722863
4.5,15.206237520236266
4.5045,15.206237520236266
4.509,15.228406130731821
4.5135,15.228406130731821
4.518,15.258661966148583
4.5225,15.258661966148583
4.527,15.29722320256143
4.5315,15.29722320256143
4.536,15.29722320256143
4.5405,15.326194298644939
4.545,15.326194298644939
4.5495,15.353967477598935
4.554,15.353967477598935
4.5585,15.377109318988252
4.563,15.377109318988252
4.5675,15.394954746658128
4.572,15.394954746658128
4.5765,15.41972700726725
4.581,15.41972700726725
4.5855,15.459517395220878
4.59,15.459517395220878
4.5945,15.50530631609112
4.599,15.50530631609112
4.6035,15.50530631609112
4.608,15.561037565377397
4.6125,15.561037565377397
4.617,15.614573971635155
4.6215,15.614573971635155
4.626,15.671422670301117
4.6305,15.671422670301117
4.635,15.71482771037924
4.6395,15.71482771037924
4.644,15.751069142299443
4.6485,15.751069142299443
4.653,15.785911999062513
4.6575,15.785911999062513
4.662,15.802693215352747
4.6665,15.816828373923812
4.671,15.816828373923812
4.6755,15.860974565689428
4.68,15.860974565689428
4.6845,15.903728940355322
4.689,15.903728940355322
4.6935,15.934768373663564
4.698,15.934768373663564
4.7025,15.962076110694387
4.707,15.962076110694387
4.7115,15.999668239893433
4.716,15.999668239893433
4.7205,16.029495746710744
4.725,16.029495746710744
4.7295,16.047586744725507
4.734,16.0693875142529
4.7385,16.101814189051105
4.743,16.112750793078202
4.7475,16.112750793078202
4.752,16.165774242498752
4.7565,16.165774242498752
4.761,16.231123156567342
4.7655,16.231123156567342
4.77,16.317673318004474
4.7745,16.317673318004474
4.779,16.433148441351765
4.7835,16.433512328832467
4.788,16.57627324559202
4.7925,16.57046238093849
4.797,16.749741791588445
4.8015,16.742627499736045
4.806,16.95149920190098
4.8105,16.924252048106204
4.815,16.924252048106204
4.8195,17.082029376502113
4.824,17.082029376502113
4.8285,17.22426351585906
4.833,17.22426351585906
4.8375,17.338568473992815
4.842,17.338568473992815
4.8465,17.447012816755745
4.851,17.447012816755745
4.8555,17.480036595214916
4.86,17.429922770771224
4.8645,17.359340897443385
4.869,17.326270322432705
4.8735,17.24661554062448
4.878,17.20844350467038
4.8825,17.20844350467038
4.887,16.964857171690134
4.8915,16.964857171690134
4.896,16.811589300607444
4.9005,16.811589300607444
4.905,16.701217261683574
4.9095,16.701217261683574
4.914,16.668128526726942
4.9185,16.637470186409942
4.923,16.633875552703913
4.9275,16.618042532663573
4.932,16.63604832814209
4.9365,16.62161202591481
4.941,16.654394979564408
4.9455,16.65137504592739
4.95,16.65137504592739
4.9545,16.70070754321284
4.959,16.70070754321284
4.9635,16.76370887730837
4.968,16.76370887730837
4.9725,16.860574977192215
4.977,16.860574977192215
4.9815,16.929579956452827
4.986,16.977078397433242
4.9905,17.04178118106855
4.995,17.102534575211916
4.9995,17.15647471852695
5.004,17.219374669766346
5.0085,17.252393354029852
5.013,17.313242506378963
5.0175,17.313242506378963
5.022,17.407903561395347
5.0265,17.407903561395347
5.031,17.482570742016055
5.0355,17.482570742016055
5.04,17.520103239601443
5.0445,17.520103239601443
5.049,17.47865314582261
5.0535,17.530689974180145
5.058,17.45856415392054
5.0625,17.507837660693163
5.067,17.405040287493772
5.0715,17.44371008766036
5.076,17.315501932054154
5.0805,17.355045109718443
5.085,17.355045109718443
5.0895,17.221275204603234
5.094,17.221275204603234
5.0985,17.073054083042805
5.103,17.073054083042805
5.1075,16.905377933485212
5.112,16.916377694259747
5.1165,16.754704264185918
5.121,16.755750798080765
5.1255,16.586104178792095
5.13,16.579641999215017
5.1345,16.416496343690206
5.139,16.396446097407456
5.1435,16.262614331603526
5.148,16.234109849110748
5.1525,16.234109849110748
5.157,16.08733213962435
5.1615,16.08733213962435
5.166,15.992425403443674
5.1705,15.966957039497945
5.175,15.900625151062036
5.1795,15.881836039080833
5.184,15.821190802712845
5.1885,15.807141203429522
5.193,15.752008684301451
5.1975,15.740082378978522
5.202,15.692105615576422
5.2065,15.675495515955511
5.211,15.638090859077447
5.2155,15.625459805571492
5.22,15.598465025108135
5.2245,15.589591022448763
5.229,15.589591022448763
5.2335,15.573010307518372
5.238,15.561600797920033
5.2425,15.551734496608068
5.247,15.542680325258141
5.2515,15.549506446591506
5.256,15.54348153696398
5.2605,15.566027968511797
5.265,15.567400614600436
5.2695,15.623270454100176
5.274,15.629416366674787
5.2785,15.717617400136346
5.283,15.720762929144001
5.2875,15.841503795351588
5.292,15.844211316999166
5.2965,15.844211316999166
5.301,16.016771776949458
5.3055,16.019202459542623
5.31,16.19885643022141
5.3145,16.203037084549532
5.319,16.36489262161606
5.3235,16.373925019613242
5.328,16.50375775014569
5.3325,16.522280081831617
5.337,16.642410549054706
5.3415,16.670149373720417
5.346,16.77294431746872
5.3505,16.806858870595
5.355,16.87929602179757
5.3595,16.87929602179757
5.364,16.899889281332598
5.3685,16.95816131266872
5.373,16.978037960015993
5.3775,17.033651150922886
5.382,17.040027333904085
5.3865,17.09637745550805
5.391,17.101436846644514
5.3955,17.147086498821725
5.4,17.15166620040083
5.4045,17.171041129129737
5.409,17.177731617783166
5.4135,17.167123847095667
5.418,17.18521764710158
5.4225,17.132392361208872
5.427,17.132392361208872
5.4315,17.160277029016466
5.436,17.08439233370622
5.4405,17.120184159560555
5.445,17.035571285010825
5.4495,17.0721719225955
5.454,16.995124338137895
5.4585,17.018112737317388
5.463,16.94809293309399
5.4675,16.96980418512854
5.472,16.902887254465245
5.4765,16.91722897586668
5.481,16.844512194244754
5.4855,16.844512194244754
5.49,16.752496704661663
5.4945,16.752496704661663
5.499,16.741374151912428
5.5035,16.65425606393639
5.508,16.64262288779706
5.5125,16.557722415529394
5.517,16.554721909469674
5.5215,16.474388378221132
5.526,16.469849060457978
5.5305,16.40298838088853
5.535,16.39492628196171
5.5395,16.335518018599636
5.544,16.323911260521296
5.5485,16.280421049103317
5.553,16.280421049103317
5.5575,16.25303146247761
5.562,16.25303146247761
5.5665,16.267700829512627
5.571,16.275756827623827
5.5755,16.28856562568
5.58,16.317642772168252
5.5845,16.333896516331336
5.589,16.37971535621565
5.5935,16.40334054454499
5.598,16.483284731577523
5.6025,16.503729565059544
5.607,16.584851254353254
5.6115,16.584851254353254
5.616,16.677683784996937
5.6205,16.677683784996937
5.625,16.788343588310227
5.6295,16.788343588310227
5.634,16.884897669125632
5.6385,16.884897669125632
5.643,16.88983003177694
5.6475,16.941572611367288
5.652,16.94516270664917
5.6565,16.96970071139522
5.661,16.9680823082382
5.6655,16.97400185193541
5.67,16.96595972410101
5.6745,16.945633218406503
5.679,16.945633218406503
5.6835,16.895220878989345
5.688,16.895220878989345
5.6925,16.835263396296444
5.697,16.835263396296444
5.7015,16.77389848882878
5.706,16.77389848882878
5.7105,16.76915221474294
5.715,16.708222568233204
5.7195,16.70751714483333
5.724,16.672837884353594
5.7285,16.67968496968672
5.733,16.645492495663323
5.7375,16.645492495663323
5.742,16.612037881465024
5.7465,16.612037881465024
5.751,16.601769573003324
5.7555,16.601769573003324
5.76,16.609884229877366
5.7645,16.609884229877366
5.769,16.619317594532884
5.7735,16.619317594532884
5.778,16.648989860343132
5.7825,16.64677885973465
5.787,16.67199281639495
5.7915,16.672107052976923
5.796,16.693129660040878
5.8005,16.67697252405427
5.805,16.67697252405427
5.8095,16.68222277166048
5.814,16.68222277166048
5.8185,16.662184666767395
5.823,16.662184666767395
5.8275,16.648658246170015
5.832,16.648658246170015
5.8365,16.657843990371834
5.841,16.657843990371834
5.8455,16.669654294854453
5.85,16.688786934985554
5.8545,16.713215830334157
5.859,16.73686136073779
5.8635,16.73686136073779
5.868,16.769185813177682
5.8725,16.769185813177682
5.877,16.768311257576826
5.8815,16.768311257576826
5.886,16.807737546248724
5.8905,16.807737546248724
5.895,16.815353132430587
5.8995,16.815353132430587
5.904,16.8346899699252
5.9085,16.8346899699252
5.913,16.830734486821466
5.9175,16.848295856897685
5.922,16.840857712257485
5.9265,16.853218193707306
5.931,16.853218193707306
5.9355,16.810274894971613
5.94,16.810274894971613
5.9445,16.796157041425527
5.949,16.796157041425527
5.9535,16.79393318888696
5.958,16.79393318888696
5.9625,16.79232336821123
5.967,16.79232336821123
5.9715,16.805728074350725
5.976,16.805728074350725
5.9805,16.799970457407607
5.985,16.79790416484636
5.9895,16.79790416484636
5.994,16.772081191179584
5.9985,16.772081191179584
6.003,16.780750449887282
6.0075,16.780750449887282
6.012,16.79029789125159
6.0165,16.79029789125159
6.021,16.789521837258327
6.0255,16.789521837258327
6.03,16.78833495437151
6.0345,16.78833495437151
6.039,16.789178222796398
6.0435,16.789178222796398
6.048,16.796630048085426
6.0525,16.80260911867406
6.057,16.80260911867406
6.0615,16.813762520763277
6.066,16.813762520763277
6.0705,16.818492003467863
6.075,16.818492003467863
6.0795,16.821359576360404
6.084,16.821359576360404
6.0885,16.82916598913057
6.093,16.82916598913057
6.0975,16.84909386140829
6.102,16.84909386140829
6.1065,16.93528672748565
6.111,16.93528672748565
6.1155,16.944282364362024
6.12,16.94727518148533
6.1245,16.94727518148533
6.129,16.924120144077335
6.1335,16.924120144077335
6.138,16.91206216390024
6.1425,16.91206216390024
6.147,16.873626551188835
6.1515,16.873626551188835
6.156,16.81413311596578
6.1605,16.81413311596578
6.165,16.74957706319932
6.1695,16.74957706319932
6.174,16.70383558478561
6.1785,16.70383558478561
6.183,16.654603619223288
6.1875,16.64242211661635
6.192,16.64242211661635
6.1965,16.572623623089836
6.201,16.572623623089836
6.2055,16.531802873272834
6.21,16.531802873272834
6.2145,16.524859431408036
6.219,16.524859431408036
6.2235,16.509278476074353
6.228,16.509278476074353
6.2325,16.4883059937772
6.237,16.4883059937772
6.2415,16.487845872822472
6.246,16.463619594511382
6.2505,16.47851830577974
6.255,16.459053527608898
6.2595,16.459053527608898
6.264,16.47562340501373
6.2685,16.47562340501373
6.273,16.49615932603106
6.2775,16.49615932603106
6.282,16.493003997532668
6.2865,16.493003997532668
6.291,16.452831756366685
6.2955,16.452831756366685
6.3,16.444936436987803
6.3045,16.444936436987803
6.309,16.451742627642204
6.3135,16.44822099270237
6.318,16.46085123320098
6.3225,16.45055888821281
6.327,16.45055888821281
6.3315,16.454688098081526
6.336,16.454688098081526
6.3405,16.460103378574857
6.345,16.460103378574857
6.3495,16.455311475607818
6.354,16.455311475607818
6.3585,16.432776253608523
6.363,16.432776253608523
6.3675,16.394850366516412
6.372,16.39980260594035
6.3765,16.363499340069676
6.381,16.367390652420838
6.3855,16.324668571182304
6.39,16.330907774200497
6.3945,16.330907774200497
6.399,16.282574404613516
6.4035,16.282574404613516
6.408,16.24775874361474
6.4125,16.24775874361474
6.417,16.19526660095814
6.4215,16.19526660095814
6.426,16.130193007566664
6.4305,16.130193007566664
6.435,16.06836469911081
6.4395,16.063476754462123
6.444,16.017104710361814
6.4485,16.01040889975726
6.453,15.971152281144004
6.4575,15.971131048358266
6.462,15.971131048358266
6.4665,15.962074024830844
6.471,15.962074024830844
6.4755,15.972531750108212
6.48,15.972531750108212
6.4845,15.973996393033048
6.489,15.973996393033048
6.4935,15.956929881683008
6.498,15.96436425146077
6.5025,15.952416361122044
6.507,15.954120239296513
6.5115,15.96007475894532
6.516,15.954527132277441
6.5205,15.970376302028907
6.525,15.965918797806559
6.5295,15.965918797806559
6.534,15.989829109748486
6.5385,15.989829109748486
6.543,16.0420181732273
6.5475,16.0420181732273
6.552,16.124401672365323
6.5565,16.124401672365323
6.561,16.190982828940637
6.5655,16.20254185909443
6.57,16.277897485307108
6.5745,16.286395861136715
6.579,16.352878668431035
6.5835,16.350711830054845
6.588,16.416441866038365
6.5925,16.411619980316587
6.597,16.436839211191156
6.6015,16.436805071294863
6.606,16.436805071294863
6.6105,16.432973268349173
6.615,16.432973268349173
6.6195,16.426210608127697
6.624,16.421084673659273
6.6285,16.413780160871063
6.633,16.415748614993486
6.6375,16.425677208950876
6.642,16.426842039207227
6.6465,16.470953862686407
6.651,16.474512205389928
6.6555,16.51509107126088
6.66,16.52263951825053
6.6645,16.58221497065719
6.669,16.588000528675803
6.6735,16.588000528675803
6.678,16.67721499066978
6.6825,16.67721499066978
6.687,16.721731717514746
6.6915,16.72753525845151
6.696,16.744803468910305
6.7005,16.751268162876617
6.705,16.7519019746777
6.7095,16.763650830119452
6.714,16.785228552295926
6.7185,16.7962829372892
6.723,16.837618139325095
6.7275,16.848417478191845
6.732,16.887742088121968
6.7365,16.908847547992423
6.741,16.908847547992423
6.7455,16.95489985975922
6.75,16.97235641988204
6.7545,17.00030943803725
6.759,17.019104710093682
6.7635,17.050492914065078
6.768,17.059675101950724
6.7725,17.091516469834797
6.777,17.09650377333795
6.7815,17.15045443284465
6.786,17.166619681178442
6.7905,17.207271836610403
6.795,17.214817883703653
6.7995,17.23711238052074
6.804,17.240998016157448
6.8085,17.240998016157448
6.813,17.243755050120278
6.8175,17.24791772548566
6.822,17.235631670925745
6.8265,17.237662693268287
6.831,17.227945898515905
6.8355,17.231287970208285
6.84,17.225747266793505
6.8445,17.227655846938006
6.849,17.188273474059653
6.8535,17.188527744633696
6.858,17.16439930504537
6.8625,17.163565638286496
6.867,17.213304972796912
6.8715,17.213304972796912
6.876,17.204541485940105
6.8805,17.29847785097846
6.885,17.287998269191835
6.8895,17.28357335436513
6.894,17.268795036599656
6.8985,17.27820686128795
6.903,17.257495624898937
6.9075,17.277100200091844
6.912,17.262050261273608
6.9165,17.221679708488182
6.921,17.210042020832265
6.9255,17.184682438445257
6.93,17.182519181018915
6.9345,17.095319444856777
6.939,17.095319444856777
6.9435,16.993911739120424
6.948,16.993911739120424
6.9525,16.989176090774887
6.957,16.940566732076316
6.9615,16.944900669785294
6.966,16.941849778606517
6.9705,16.958435824742033
6.975,16.977515190696813
6.9795,16.989231906062194
6.984,17.023646845955852
6.9885,17.032620926430887
6.993,17.07226650436408
6.9975,17.084869988209537
7.002,17.117954359439373
7.0065,17.117954359439373
7.011,17.12640419228206
7.0155,17.12640419228206
7.02,17.12189928478899
7.0245,17.098502510242415
7.029,17.092352552534113
7.0335,17.042197545779104
7.038,17.03339206406284
7.0425,16.96611610549718
7.047,16.961234481509916
7.0515,16.91271371088369
7.056,16.90625077733017
7.0605,16.865429763246805
7.065,16.865429763246805
7.0695,16.800996289563088
7.074,16.800996289563088
7.0785,16.73281111782099
7.083,16.73281111782099
7.0875,16.75944599298216
7.092,16.688304835188656
7.0965,16.716809290289834
7.101,16.665418468312687
7.1055,16.681525746643818
7.11,16.633817593577525
7.1145,16.64133186007507
7.119,16.583064396833652
7.1235,16.592747720009243
7.128,16.515648932767427
7.1325,16.515648932767427
7.137,16.459807136517757
7.1415,16.459807136517757
7.146,16.431526905272033
7.1505,16.431526905272033
7.155,16.453050385637905
7.1595,16.384906067492945
7.164,16.41052406174546
7.1685,16.33290224310563
7.173,16.373197104290234
7.1775,16.268377288801403
7.182,16.3242583722579
7.1865,16.218814956679864
7.191,16.218814956679864
7.1955,16.190362483468505
7.2,16.190362483468505
7.2045,16.199375689038792
7.209,16.199375689038792
7.2135,16.221701391513772
7.218,16.221701391513772
7.2225,16.286994634988744
7.227,16.24971785873474
7.2315,16.296353339159687
7.236,16.255027397482007
7.2405,16.293725418367845
7.245,16.235175697492863
7.2495,16.2678499056567
7.254,16.197279369656204
7.2585,16.197279369656204
7.263,16.154421268443485
7.2675,16.154421268443485
7.272,16.106753033197155
7.2765,16.106753033197155
7.281,16.071214301915184
7.2855,16.071214301915184
7.29,16.094571036813125
7.2945,16.03809146557417
7.299,16.059691377740634
7.3035,16.044070800895867
7.308,16.068372539100228
7.3125,16.076950733376474
7.317,16.076950733376474
7.3215,16.111704592355476
7.326,16.111704592355476
7.3305,16.135196956849764
7.335,16.135196956849764
7.3395,16.136205474549524
7.344,16.136205474549524
7.3485,16.120698799616036
7.353,16.120698799616036
7.3575,16.093692405222452
7.362,16.085125207936
7.3665,16.04640816617898
7.371,16.02932456827471
7.3755,15.98786975314927
7.38,15.967916637243206
7.3845,15.967916637243206
7.389,15.922177644463332
7.3935,15.922177644463332
7.398,15.894642260795031
7.4025,15.894642260795031
7.407,15.89363230916642
7.4115,15.89363230916642
7.416,15.909723352763839
7.4205,15.909723352763839
7.425,15.940887929752279
7.4295,15.940887929752279
7.434,15.943156328029493
7.4385,15.964601496606019
7.443,15.964601496606019
7.4475,15.985090083142756
7.452,15.985090083142756
7.4565,16.008101044666034
7.461,16.008101044666034
7.4655,16.03179582188565
7.47,16.03179582188565
7.4745,16.068555369215318
7.479,16.068555369215318
7.4835,16.07597775998307
7.488,16.07597775998307
7.4925,16.068403476041418
7.497,16.068403476041418
7.5015,16.053983459306316
7.506,16.060456471813282
7.5105,16.060456471813282
7.515,16.060348964801598
7.5195,16.060348964801598
7.524,16.07220821087204
7.5285,16.07220821087204
7.533,16.097391703676173
7.5375,16.097391703676173
7.542,16.123868470374173
7.5465,16.123868470374173
7.551,16.135194660100996
7.5555,16.135194660100996
7.56,16.135729582540677
7.5645,16.135729582540677
7.569,16.135729582540677
7.5735,16.129299970371974
7.578,16.129299970371974
7.5825,16.124460748619796
7.587,16.124460748619796
7.5915,16.121675440938354
7.596,16.121675440938354
7.6005,16.118668898002255
7.605,16.118668898002255
7.6095,16.10339717551697
7.614,16.10339717551697
7.6185,16.06067405074094
7.623,16.06067405074094
7.6275,16.02894405997673
7.632,16.02894405997673
7.6365,16.02894405997673
7.641,16.003316486920067
7.6455,16.003316486920067
7.65,15.98341946986158
7.6545,15.98341946986158
7.659,15.967795511693962
7.6635,15.967795511693962
7.668,15.939470293983518
7.6725,15.939470293983518
7.677,15.915717826201899
7.6815,15.915717826201899
7.686,15.885767293399491
7.6905,15.885767293399491
7.695,15.855736835517328
7.6995,15.846454405667007
7.704,15.846454405667007
7.7085,15.81750858243267
7.713,15.81750858243267
7.7175,15.791692805809525
7.722,15.791692805809525
7.7265,15.761635635602685
7.731,15.761635635602685
7.7355,15.748258232650548
7.74,15.748258232650548
7.7445,15.725948698552939
7.749,15.725948698552939
7.7535,15.69457651767664
7.758,15.69457651767664
7.7625,15.650682524030556
7.767,15.655077655488991
7.7715,15.655077655488991
7.776,15.60731341457877
7.7805,15.60731341457877
7.785,15.570564271913984
7.7895,15.570564271913984
7.794,15.52551899768079
7.7985,15.52551899768079
7.803,15.459840098420973
7.8075,15.459840098420973
7.812,15.391661913751753
7.8165,15.391661913751753
7.821,15.363228901988288
7.8255,15.353656328694235
7.83,15.38910833971353
7.8345,15.38677055879353
7.839,15.38677055879353
7.8435,15.403507791492853
7.848,15.403507791492853
7.8525,15.395044485080263
7.857,15.395044485080263
7.8615,15.401649818245323
7.866,15.401649818245323
7.8705,15.42934238288836
7.875,15.42934238288836
7.8795,15.45599637968347
7.884,15.45599637968347
7.8885,15.477294859906538
7.893,15.470053183550025
7.8975,15.495709893346207
7.902,15.491869570091447
7.9065,15.510046899805342
7.911,15.511379918933352
7.9155,15.511379918933352
7.92,15.524863680071823
7.9245,15.524863680071823
7.929,15.531552455163485
7.9335,15.531552455163485
7.938,15.537505781913318
7.9425,15.537505781913318
7.947,15.523261068451667
7.9515,15.525041274149691
7.956,15.507270458564406
7.9605,15.507145032235089
7.965,15.488450993774586
7.9695,15.48682539165068
7.974,15.482361755020172
7.9785,15.486411812420489
7.983,15.486411812420489
7.9875,15.485327964115802
7.992,15.485327964115802
7.9965,15.471288407326583
8.001,15.471288407326583
8.0055,15.443001290121272
8.01,15.443001290121272
8.0145,15.45267332946136
8.019,15.418491845004949
8.0235,15.435287446366576
8.028,15.390332306634125
8.0325,15.410968028581165
8.037,15.365850455611604
8.0415,15.395553712571308
8.046,15.359136866747635
8.0505,15.359136866747635
8.055,15.33018644388521
8.0595,15.33018644388521
8.064,15.293331970578697
8.0685,15.293331970578697
8.073,15.277953791825071
8.0775,15.251674231269199
8.082,15.236027923897227
8.0865,15.203820511213193
8.091,15.203394812714546
8.0955,15.178024886047767
8.1,15.196699914227715
8.1045,15.17575082375362
8.109,15.20480170558228
8.1135,15.193828874819733
8.118,15.193828874819733
8.1225,15.222279981749296
8.127,15.222279981749296
8.1315,15.25276179233381
8.136,15.25276179233381
8.1405,15.282713812597475
8.145,15.281526026475708
8.1495,15.306167980538468
8.154,15.3006302852719
8.1585,15.318487115962965
8.163,15.318941985912035
8.1675,15.330771546475276
8.172,15.336479247657959
8.1765,15.340483461761796
8.181,15.343075360340789
8.1855,15.343075360340789
8.19,15.34446575480535
8.1945,15.34446575480535
8.199,15.3457557989388
8.2035,15.356238677924914
8.208,15.366098855795958
8.2125,15.366187988076097
8.217,15.39000343129989
8.2215,15.386344695664377
8.226,15.42107349561094
8.2305,15.41041305266725
8.235,15.439853197164458
8.2395,15.432071723458964
8.244,15.453952772538587
8.2485,15.453525553591534
8.253,15.453525553591534
8.2575,15.45968393007812
8.262,15.45968393007812
8.2665,15.468998139718273
8.271,15.466249363989215
8.2755,15.478605932974054
8.28,15.479550858188281
8.2845,15.508659081632949
8.289,15.512383762305499
8.2935,15.554466771198049
8.298,15.55848751019641
8.3025,15.58510680413236
8.307,15.57745736424368
8.3115,15.59661744484274
8.316,15.588876937119554
8.3205,15.605867879351582
8.325,15.605867879351582
8.3295,15.602342871130741
8.334,15.612802175692668
8.3385,15.61280575469832
8.343,15.622090933338141
8.3475,15.62573396459767
8.352,15.632639558479406
8.3565,15.637302265546234
8.361,15.642161963014955
8.3655,15.643661591695192
8.37,15.653969912879395
8.3745,15.6516897453968
8.379,15.656407008956062
8.3835,15.649040683259836
8.388,15.642380603076454
8.3925,15.642380603076454
8.397,15.627341052051262
8.4015,15.617362782746861
8.406,15.60843187525626
8.4105,15.600817994470676
8.415,15.5932565673003
8.4195,15.59023993526559
8.424,15.579974815487294
8.4285,15.580741542709564
8.433,15.571331686603616
8.4375,15.56652117168657
8.442,15.561979892167646
8.4465,15.552622255378576
8.451,15.552622255378576
8.4555,15.54321190291781
8.46,15.54321190291781
8.4645,15.542061682484231
8.469,15.545008792992936
8.4735,15.546447627410066
8.478,15.55852429978258
8.4825,15.5527024587627
8.487,15.560309337844462
8.4915,15.55630441814339
8.496,15.56649307137184
8.5005,15.561417948085328
8.505,15.583714362242565
8.5095,15.584789927924971
8.514,15.610059819110694
8.5185,15.610059819110694
8.523,15.621030756458604
8.5275,15.621030756458604
8.532,15.62017047856543
8.5365,15.633925583010933
8.541,15.639183350252884
8.5455,15.658004499969019
8.55,15.66435858674995
8.5545,15.679753441106845
8.559,15.690404714364096
8.5635,15.711997354208695
8.568,15.727840713623449
8.5725,15.747626450401626
8.577,15.747626450401626
8.5815,15.800974261786918
8.586,15.800974261786918
8.5905,15.840209672831042
8.595,15.840209672831042
8.5995,15.852672565232385
8.604,15.88159333078493
8.6085,15.891561894938889
8.613,15.911037475372767
8.6175,15.922047204295344
8.622,15.944065706591235
8.6265,15.947170840895488
8.631,15.977547550056688
8.6355,15.974146432463801
8.64,16.016076668989683
8.6445,16.016076668989683
8.649,16.06264945175714
8.6535,16.06264945175714
8.658,16.118530646301526
8.6625,16.118530646301526
8.667,16.119978136418773
8.6715,16.16629870155578
8.676,16.177191213647266
8.6805,16.239763748094408
8.685,16.243069297935236
8.6895,16.29128134535297
8.694,16.273752206639696
8.6985,16.341625569584547
8.703,16.311929401817768
8.7075,16.404463207259766
8.712,16.404463207259766
8.7165,16.41014245612603
8.721,16.41014245612603
8.7255,16.377674796858305
8.73,16.377674796858305
8.7345,16.3271131535317
8.739,16.3271131535317
8.7435,16.278992934838737
8.748,16.261513829794957
8.7525,16.2186814447036
8.757,16.20546262373367
8.7615,16.172157905818327
8.766,16.196796841153542
8.7705,16.196796841153542
8.775,16.205100526666346
8.7795,16.205100526666346
8.784,16.235419228008496
8.7885,16.235419228008496
8.793,16.268796769445515
8.7975,16.268796769445515
8.802,16.281402452005768
8.8065,16.281402452005768
8.811,16.256064056544485
8.8155,16.286318768436587
8.82,16.26418988600131
8.8245,16.2699710381789
8.829,16.249532707708845
8.8335,16.24244192767114
8.838,16.24244192767114
8.8425,16.220045694038998
8.847,16.220045694038998
8.8515,16.22000859789913
8.856,16.22000859789913
8.8605,16.226568354624543
8.865,16.226568354624543
8.8695,16.22765636984466
8.874,16.22765636984466
8.8785,16.232351629907072
8.883,16.22739446687857
8.8875,16.228811249200128
8.892,16.226714554065815
8.8965,16.226714554065815
8.901,16.232043612009555
8.9055,16.232043612009555
8.91,16.233031716684586
8.9145,16.233031716684586
8.919,16.21412359255771
8.9235,16.21412359255771
8.928,16.192967657145186
8.9325,16.192967657145186
8.937,16.177602895226226
8.9415,16.177602895226226
8.946,16.175782606223603
8.9505,16.18090148917635
8.955,16.182855062539623
8.9595,16.190050448107115
8.964,16.190050448107115
8.9685,16.19518005347787
8.973,16.19518005347787
8.9775,16.200134744099465
8.982,16.200134744099465
8.9865,16.21199835360917
8.991,16.21199835360917
8.9955,16.197951272078654
9.0,16.197951272078654
9.0045,16.17756958742939
9.009,16.17756958742939
9.0135,16.18954078572168
9.018,16.176202591062214
9.0225,16.176202591062214
9.027,16.193181948888814
9.0315,16.193181948888814
9.036,16.246757797897153
9.0405,16.246757797897153
9.045,16.34289209780211
9.0495,16.34289209780211
9.054,16.439914747380413
9.0585,16.439914747380413
9.063,16.50279209507856
9.0675,16.50279209507856
9.072,16.545212299900275
9.0765,16.545212299900275
9.081,16.57642418975833
9.0855,16.55383666190059
9.09,16.55383666190059
9.0945,16.556976423423095
9.099,16.556976423423095
9.1035,16.568328507206115
9.108,16.568328507206115
9.1125,16.578596879577336
9.117,16.578596879577336
9.1215,16.58408764920491
9.126,16.58408764920491
9.1305,16.59610562509868
9.135,16.59610562509868
9.1395,16.60136592945436
9.144,16.60136592945436
9.1485,16.60136592945436
9.153,16.594158305184077
9.1575,16.594158305184077
9.162,16.582961373351093
9.1665,16.582961373351093
9.171,16.58417158539261
9.1755,16.58417158539261
9.18,16.59477640601832
9.1845,16.59477640601832
9.189,16.61498155813161
9.1935,16.61498155813161
9.198,16.63909029833731
9.2025,16.63909029833731
9.207,16.6555308357353
9.2115,16.6555308357353
9.216,16.649175953387086
9.2205,16.64508247049134
9.225,16.64508247049134
9.2295,16.64940764612802
9.234,16.64940764612802
9.2385,16.652081123509475
9.243,16.652081123509475
9.2475,16.67291160588323
9.252,16.67291160588323
9.2565,16.695612090911396
9.261,16.695612090911396
9.2655,16.715719907730616
9.27,16.715719907730616
9.2745,16.722221354594364
9.279,16.725936034539934
9.2835,16.741089622898063
9.288,16.734110798257365
9.2925,16.734110798257365
9.297,16.75575717546596
9.3015,16.75575717546596
9.306,16.782791934879683
9.3105,16.782791934879683
9.315,16.8025634279781
9.3195,16.8025634279781
9.324,16.83625755697387
9.3285,16.83625755697387
9.333,16.89020876566692
9.3375,16.89020876566692
9.342,16.93557574799218
9.3465,16.913548800444133
9.351,16.923815500506862
9.3555,16.907638894442837
9.36,16.907638894442837
9.3645,16.908267556880716
9.369,16.908267556880716
9.3735,16.938718226244745
9.378,16.938718226244745
9.3825,16.980840346119617
9.387,16.980840346119617
9.3915,17.02159405710606
9.396,17.02159405710606
9.4005,17.03537618307808
9.405,17.052853559614125
9.4095,17.072270718558237
9.414,17.07916469656424
9.4185,17.106756520777704
9.423,17.10878852265467
9.4275,17.10878852265467
9.432,17.116131730650395
9.4365,17.116131730650395
9.441,17.095003625555176
9.4455,17.095003625555176
9.45,17.08432876079562
9.4545,17.08432876079562
9.459,17.07756343906514
9.4635,17.07756343906514
9.468,17.045224508842512
9.4725,17.061316328564185
9.477,17.0281327324855
9.4815,17.052552331463353
9.486,17.027111432606844
9.4905,17.059311390375164
9.495,17.059311390375164
9.4995,17.061445053717726
9.504,17.061445053717726
9.5085,17.064804391528376
9.513,17.064804391528376
9.5175,17.061946519174242
9.522,17.061946519174242
9.5265,17.04866606814134
9.531,17.062169809197563
9.5355,17.053007780220874
9.54,17.05775726637419
9.5445,17.060162500028202
9.549,17.052700321498595
9.5535,17.07152808798684
9.558,17.059352144183684
9.5625,17.059352144183684
9.567,17.06941912285396
9.5715,17.06941912285396
9.576,17.075409025557796
9.5805,17.075409025557796
9.585,17.08328372833968
9.5895,17.08328372833968
9.594,17.10360329243141
9.5985,17.099128123068727
9.603,17.111578056559235
9.6075,17.113882561864934
9.612,17.126134357774347
9.6165,17.133335562578228
9.621,17.137231394566186
9.6255,17.155887546265305
9.63,17.155887546265305
9.6345,17.193524965901137
9.639,17.193524965901137
9.6435,17.22575790939206
9.648,17.22575790939206
9.6525,17.21692992762594
9.657,17.23306992087811
9.6615,17.201071678263222
9.666,17.214910475959392
9.6705,17.164906610154226
9.675,17.183625613992145
9.6795,17.12357530220058
9.684,17.150687659118137
9.6885,17.070468828091073
9.693,17.096291959975357
9.6975,17.02420157091704
9.702,17.04524086688382
9.7065,17.04524086688382
9.711,17.009367141411726
9.7155,17.009367141411726
9.72,16.999263937117846
9.7245,16.993818236012753
9.729,17.00020015168379
9.7335,16.990684757037823
9.738,17.00825722916578
9.7425,16.991359618243592
9.747,17.017457748744768
9.7515,16.9981583977274
9.756,17.03259613811205
9.7605,17.016372297069097
9.765,17.04408975382143
9.7695,17.031762647701356
9.774,17.031762647701356
9.7785,17.055031125686224
9.783,17.055879154903334
9.7875,17.08657588404218
9.792,17.096679803045973
9.7965,17.12379147219902
9.801,17.125065244963743
9.8055,17.159596591384783
9.81,17.161366911036907
9.8145,17.184039025777317
9.819,17.179162604850404
9.8235,17.196786489646584
9.828,17.190844280783505
9.8325,17.20843792920329
9.837,17.207115261515643
9.8415,17.207115261515643
9.846,17.230107386718252
9.8505,17.228302194598683
9.855,17.236508852134325
9.8595,17.236598897254662
9.864,17.238418272035755
9.8685,17.2356873459608
9.873,17.230757466458492
9.8775,17.225120587528917
9.882,17.214175979313794
9.8865,17.21508920389072
9.891,17.19570756824435
9.8955,17.205718790147113
9.9,17.172311230210017
9.9045,17.172311230210017
9.909,17.19062771134739
9.9135,17.157318107431777
9.918,17.173517839686653
9.9225,17.142529986769752
9.927,17.161870600033165
9.9315,17.12706060824272
9.936,17.151290172563996
9.9405,17.123996635353556
9.945,17.15181622836675
9.9495,17.13133291356069
9.954,17.16493145448563
9.9585,17.150773548028013
9.963,17.183165922807884
9.9675,17.16707516476235
9.972,17.16707516476235
9.9765,17.19703273332639
9.981,17.17936462550403
9.9855,17.209566325082065
9.99,17.18371622376539
9.9945,17.20714572894609
9.999,17.178500827673957
10.0035,17.19795401882818
10.008,17.166460572008017
10.0125,17.190173126479635
10.017,17.162696372260093
10.0215,17.18253990099269
10.026,17.16106646377202
10.0305,17.16106646377202
10.035,17.15300832252663
10.0395,17.15300832252663
10.044,17.16959337210084
10.0485,17.150752679064404
10.053,17.163484497934476
10.0575,17.155358029557362
10.062,17.168627092738664
10.0665,17.155015828518785
10.071,17.17029270465008
10.0755,17.16417701473169
10.08,17.186454582453493
10.0845,17.171220304566887
10.089,17.190963281538007
10.0935,17.17750198351758
10.098,17.17750198351758
10.1025,17.184282261785402
10.107,17.184282261785402
10.1115,17.180446821843518
10.116,17.180446821843518
10.1205,17.189697801619324
10.125,17.169483836838822
10.1295,17.1748865489687
10.134,17.16616230906196
10.1385,17.175141142328
10.143,17.172965938534084
10.1475,17.183791976274545
10.152,17.181095669231773
10.1565,17.181095669231773
10.161,17.174973624096857
10.1655,17.174973624096857
10.17,17.187941428106587
10.1745,17.187941428106587
10.179,17.210964029986187
10.1835,17.210964029986187
10.188,17.219900114233933
10.1925,17.227378815890656
10.197,17.236198935195826
10.2015,17.233874066171097
10.206,17.240399620635937
10.2105,17.2367891681649
10.215,17.239594593875246
10.2195,17.240439353584623
10.224,17.240439353584623
10.2285,17.245824965147293
10.233,17.245824965147293
10.2375,17.247569722879057
10.242,17.247569722879057
10.2465,17.251757079697988
10.251,17.251757079697988
10.2555,17.25634980762226
10.26,17.26096631598714
10.2645,17.264231278112923
10.269,17.26675998853412
10.2735,17.27333343003531
10.278,17.277705607406162
10.2825,17.277705607406162
10.287,17.280560214115514
10.2915,17.280560214115514
10.296,17.260790224733498
10.3005,17.260790224733498
10.305,17.24513947692006
10.3095,17.24513947692006
10.314,17.24525822784144
10.3185,17.24525822784144
10.323,17.246008455906427
10.3275,17.252956262587624
10.332,17.2511340313296
10.3365,17.255518377894894
10.341,17.252820789148608
10.3455,17.265193643836977
10.35,17.265193643836977
10.3545,17.26878799189701
10.359,17.26878799189701
10.3635,17.276051088515942
10.368,17.276051088515942
10.3725,17.28677340966268
10.377,17.28677340966268
10.3815,17.282170616263166
10.386,17.282170616263166
10.3905,17.278432005321626
10.395,17.27997141664876
10.3995,17.27408969354646
10.404,17.267749403586155
10.4085,17.26585049303165
10.413,17.2583495073071
10.4175,17.2583495073071
10.422,17.2500576225214
10.4265,17.2500576225214
10.431,17.25426545164412
10.4355,17.25426545164412
10.44,17.25430089577276
10.4445,17.25430089577276
10.449,17.262221304384184
10.4535,17.262221304384184
10.458,17.269579377316123
10.4625,17.27916708420555
10.467,17.28697155225922
10.4715,17.290985895680713
10.476,17.290985895680713
10.4805,17.276199578396536
10.485,17.276199578396536
10.4895,17.26941636289255
10.494,17.26941636289255
10.4985,17.259122308526276
10.503,17.259122308526276
10.5075,17.242056091378345
10.512,17.242056091378345
10.5165,17.23006989501181
10.521,17.23006989501181
10.5255,17.216530046863795
10.53,17.23354272354901
10.5345,17.23354272354901
10.539,17.24684913062417
10.5435,17.24684913062417
10.548,17.24096731643547
10.5525,17.24096731643547
10.557,17.22625750939309
10.5615,17.22625750939309
10.566,17.209832684680663
10.5705,17.209832684680663
10.575,17.202894584075956
10.5795,17.202894584075956
10.584,17.19737187495302
10.5885,17.19737187495302
10.593,17.19109306300243
10.5975,17.19109306300243
10.602,17.19109306300243
10.6065,17.180012421292297
10.611,17.180012421292297
10.6155,17.168937457112165
10.62,17.168937457112165
10.6245,17.153584064560533
10.629,17.153584064560533
10.6335,17.145945844639975
10.638,17.145945844639975
10.6425,17.138303559813732
10.647,17.138303559813732
10.6515,17.132444337486067
10.656,17.132444337486067
10.6605,17.120110017930287
10.665,17.120110017930287
10.6695,17.120110017930287
10.674,17.11698218803164
10.6785,17.11698218803164
10.683,17.111628792163927
10.6875,17.111628792163927
10.692,17.106981831312666
10.6965,17.106981831312666
10.701,17.106116248711782
10.7055,17.106116248711782
10.71,17.09852602460335
10.7145,17.09852602460335
10.719,17.07565759351206
10.7235,17.07565759351206
10.728,17.062531253426563
10.7325,17.049527058916855
10.737,17.049527058916855
10.7415,17.0265487224374
10.746,17.0265487224374
10.7505,17.01580393139856
10.755,17.01580393139856
10.7595,17.00399554606599
10.764,17.00399554606599
10.7685,16.99199312792799
10.773,16.99199312792799
10.7775,16.969587180541925
10.782,16.969587180541925
10.7865,16.95447285015935
10.791,16.95447285015935
10.7955,16.96173067802394
10.8,16.935324367879716
10.8045,16.935324367879716
10.809,16.909608792763603
10.8135,16.909608792763603
10.818,16.89071031517003
10.8225,16.89071031517003
10.827,16.87398200017477
10.8315,16.87398200017477
10.836,16.862629706336435
10.8405,16.862629706336435
10.845,16.84871190414914
10.8495,16.84871190414914
10.854,16.84417982938189
10.8585,16.83065929763864
10.863,16.82457746485912
10.8675,16.810863229381777
10.872,16.810863229381777
10.8765,16.7981144761118
10.881,16.7981144761118
10.8855,16.79122144313691
10.89,16.79122144313691
10.8945,16.78542953904241
10.899,16.78542953904241
10.9035,16.76918134939241
10.908,16.76918134939241
10.9125,16.74592099835374
10.917,16.74592099835374
10.9215,16.744229386217068
10.926,16.717055279955943
10.9305,16.70972620486511
10.935,16.682420184562375
10.9395,16.682420184562375
10.944,16.65213722214283
10.9485,16.65213722214283
10.953,16.629771084224462
10.9575,16.629771084224462
10.962,16.62194416434151
10.9665,16.62194416434151
10.971,16.604850382177684
10.9755,16.604850382177684
10.98,16.591107124485514
10.9845,16.58579027961339
10.989,16.573363217068025
10.9935,16.56135903394712
10.998,16.55549518409285
11.0025,16.532776951937098
11.007,16.53581505318175
11.0115,16.509106345323502
11.016,16.509106345323502
11.0205,16.491166933341667
11.025,16.491166933341667
11.0295,16.490042202446
11.034,16.490042202446
11.0385,16.496309554546766
11.043,16.496309554546766
11.0475,16.48972456988125
11.052,16.49626956724492
11.0565,16.485396085552384
11.061,16.489389327707972
11.0655,16.480823702229145
11.07,16.493857041006667
11.0745,16.478270236076884
11.079,16.49083692262566
11.0835,16.49083692262566
11.088,16.485226498776225
11.0925,16.485226498776225
11.097,16.481398085980338
11.1015,16.481398085980338
11.106,16.47287975868246
11.1105,16.472856982357637
11.115,16.467607599164214
11.1195,16.462834462089962
11.124,16.46580294545264
11.1285,16.465309622047297
11.133,16.46899763188964
11.1375,16.47369723098331
11.142,16.47407350216266
11.1465,16.485399786028253
11.151,16.485399786028253
11.1555,16.491595797826403
11.16,16.491595797826403
11.1645,16.493391130153594
11.169,16.493391130153594
11.1735,16.489895622481733
11.178,16.494008462033037
11.1825,16.487459864077145
11.187,16.49966220358769
11.1915,16.489698002448097
11.196,16.49250434511967
11.2005,16.483678495407833
11.205,16.485024539809096
11.2095,16.481460425926294
11.214,16.489333548448595
11.2185,16.489333548448595
11.223,16.49313287102986
11.2275,16.49313287102986
11.232,16.489271005218402
11.2365,16.495268094640085
11.241,16.48941702516575
11.2455,16.49071126717023
11.25,16.48048347311391
11.2545,16.48046687453942
11.259,16.469171448336123
11.2635,16.47233492510703
11.268,16.459227943878712
11.2725,16.46384177883132
11.277,16.452848998351126
11.2815,16.45721862094265
11.286,16.45721862094265
11.2905,16.45156331122674
11.295,16.45156331122674
11.2995,16.445465486596948
11.304,16.44544298386866
11.3085,16.440391638356218
11.313,16.431163611363893
11.3175,16.433230425196935
11.322,16.424001224420515
11.3265,16.427029249646722
11.331,16.42378375387619
11.3355,16.42584008540318
11.34,16.436675445687236
11.3445,16.430286846856717
11.349,16.433701317336965
11.3535,16.433701317336965
11.358,16.419602993478374
11.3625,16.420401511470985
11.367,16.416670149522968
11.3715,16.418915037229194
11.376,16.420796318575935
11.3805,16.43413657950262
11.385,16.4292048348367
11.3895,16.43394132059729
11.394,16.424058689606966
11.3985,16.420800179613202
11.403,16.412823548415737
11.4075,16.41220007123886
11.412,16.405730222807904
11.4165,16.407730907631795
11.421,16.407730907631795
11.4255,16.401671792867507
11.43,16.406081275624892
11.4345,16.397753987769555
11.439,16.401121350985964
11.4435,16.38838270626592
11.448,16.39733643571753
11.4525,16.38813942537797
11.457,16.394722519504484
11.4615,16.391935719665558
11.466,16.395112343646694
11.4705,16.391322674839778
11.475,16.392982669769953
11.4795,16.38669951489418
11.484,16.38669951489418
11.4885,16.381106399715975
11.493,16.381106399715975
11.4975,16.388582649968463
11.502,16.38559827619653
11.5065,16.395108431036874
11.511,16.390235765200707
11.5155,16.400670850538432
11.52,16.39798274227797
11.5245,16.413345818552738
11.529,16.41481435123708
11.5335,16.430342357125536
11.538,16.427792588599125
11.5425,16.4420928094522
11.547,16.423285733595144
11.5515,16.423285733595144
11.556,16.417351398231112
11.5605,16.417351398231112
11.565,16.425683266538915
11.5695,16.409358486442095
11.574,16.421735797975412
11.5785,16.411155673194934
11.583,16.42629136497523
11.5875,16.420259906939226
11.592,16.431004505716107
11.5965,16.425684101901208
11.601,16.434773149467894
11.6055,16.43501312147303
11.61,16.43501312147303
11.6145,16.443871744535063
11.619,16.443871744535063
11.6235,16.44844600364653
11.628,16.44844600364653
11.6325,16.447946976081493
11.637,16.450239797568745
11.6415,16.452016655432708
11.646,16.45639839390432
11.6505,16.453194209580676
11.655,16.45732064757546
11.6595,16.450963609431888
11.664,16.460481444652267
11.6685,16.459003897326756
11.673,16.469499579385605
11.6775,16.469499579385605
11.682,16.48406138926565
11.6865,16.48406138926565
11.691,16.484672145552008
11.6955,16.484672145552008
11.7,16.475110995248624
11.7045,16.478529489155783
11.709,16.467036751333918
11.7135,16.461879976714062
11.718,16.451115466406524
11.7225,16.446290257819662
11.727,16.438891947969136
11.7315,16.440318179063564
11.736,16.440318179063564
11.7405,16.426512520290512
11.745,16.426512520290512
11.7495,16.401305205418733
11.754,16.401305205418733
11.7585,16.392108900777938
11.763,16.392108900777938
11.7675,16.39569460838651
11.772,16.392742932520402
11.7765,16.405577635827438
11.781,16.402656096299328
11.7855,16.40903005889428
11.79,16.39959941635766
11.7945,16.404124068391937
11.799,16.386809327112115
11.8035,16.386809327112115
11.808,16.37076754618274
11.8125,16.37076754618274
11.817,16.356669135419168
11.8215,16.356669135419168
11.826,16.34656023864813
11.8305,16.34656023864813
11.835,16.352496436701923
11.8395,16.333510391322665
11.844,16.337212135448258
11.8485,16.31999374446824
11.853,16.32035600433462
11.8575,16.309691756649595
11.862,16.309691756649595
11.8665,16.309297902008073
11.871,16.309297902008073
11.8755,16.311989253967372
11.88,16.311989253967372
11.8845,16.309977001843837
11.889,16.309977001843837
11.8935,16.29852324203692
11.898,16.29852324203692
11.9025,16.289727914043514
11.907,16.289727914043514
11.9115,16.28036046563146
11.916,16.28696067788342
11.9205,16.276183036836812
11.925,16.281786858312362
11.9295,16.281786858312362
11.934,16.270887028725202
11.9385,16.270887028725202
11.943,16.26117177403967
11.9475,16.26117177403967
11.952,16.25944412926489
11.9565,16.25944412926489
11.961,16.256533259130947
11.9655,16.256533259130947
11.97,16.264087531613285
11.9745,16.264087531613285
11.979,16.25970221362941
11.9835,16.266254815731024
11.988,16.266254815731024
11.9925,16.262698413464918
11.997,16.262698413464918
12.0015,16.269012005308934
12.006,16.269012005308934
12.0105,16.2794507545264
12.015,16.2794507545264
12.0195,16.30122032347294
12.024,16.30122032347294
12.0285,16.31994077456766
12.033,16.31994077456766
12.0375,16.333269011644873
12.042,16.333269011644873
12.0465,16.331984832209116
12.051,16.32667308272246
12.0555,16.32667308272246
12.06,16.32721710266114
12.0645,16.32721710266114
12.069,16.320744097426946
12.0735,16.320744097426946
12.078,16.310583029447628
12.0825,16.310583029447628
12.087,16.314176384157985
12.0915,16.314176384157985
12.096,16.31988173887358
12.1005,16.31988173887358
12.105,16.32393854375577
12.1095,16.32393854375577
12.114,16.32393854375577
12.1185,16.316282708928025
12.123,16.316282708928025
12.1275,16.31653027906119
12.132,16.31653027906119
12.1365,16.315795942739943
12.141,16.315795942739943
12.1455,16.312535322844756
12.15,16.312535322844756
12.1545,16.30804101289938
12.159,16.30804101289938
12.1635,16.302754902060475
12.168,16.302754902060475
12.1725,16.296480476452178
12.177,16.296480476452178
12.1815,16.296480476452178
12.186,16.289632170543037
12.1905,16.289632170543037
12.195,16.27914878381061
12.1995,16.27914878381061
12.204,16.27348081832879
12.2085,16.27348081832879
12.213,16.265085707865275
12.2175,16.265085707865275
12.222,16.26048796662052
12.2265,16.26048796662052
12.231,16.269668046001673
12.2355,16.269668046001673
12.24,16.27499709276138
12.2445,16.26802217796589
12.249,16.26802217796589
12.2535,16.264118709754822
12.258,16.264118709754822
12.2625,16.254651752120463
12.267,16.254651752120463
12.2715,16.24648818101328
12.276,16.24648818101328
12.2805,16.22768293789602
12.285,16.22768293789602
12.2895,16.20813400205415
12.294,16.20813400205415
12.2985,16.201060921154486
12.303,16.201060921154486
12.3075,16.21012402164275
12.312,16.20478568392394
12.3165,16.210897665275933
12.321,16.201646340416737
12.3255,16.201646340416737
12.33,16.203307613418776
12.3345,16.203307613418776
12.339,16.20489945109651
12.3435,16.20489945109651
12.348,16.207208461963553
12.3525,16.207208461963553
12.357,16.206122142892205
12.3615,16.206122142892205
12.366,16.198956142273968
12.3705,16.198956142273968
12.375,16.19710744572039
12.3795,16.188806283621624
12.384,16.18261143046245
12.3885,16.171367289424843
12.393,16.171367289424843
12.3975,16.16501465989251
12.402,16.16501465989251
12.4065,16.150103632559684
12.411,16.150103632559684
12.4155,16.140714038257013
12.42,16.140714038257013
12.4245,16.13704828808875
12.429,16.13704828808875
12.4335,16.135715372120536
12.438,16.138350184431097
12.4425,16.137193732940716
12.447,16.14664848848379
12.4515,16.143563179318434
12.456,16.15150905603338
12.4605,16.15150905603338
12.465,16.15143422480376
12.4695,16.15143422480376
12.474,16.14606289805459
12.4785,16.14606289805459
12.483,16.125873263800674
12.4875,16.125873263800674
12.492,16.11423761745986
12.4965,16.125241936689456
12.501,16.121745601546273
12.5055,16.12378508314589
12.51,16.134128321998734
12.5145,16.136673755743548
12.519,16.146521330198503
12.5235,16.14885371721504
12.528,16.14885371721504
12.5325,16.15274060958446
12.537,16.15274060958446
12.5415,16.15590010686461
12.546,16.15590010686461
12.5505,16.157288657738075
12.555,16.157288657738075
12.5595,16.16033693073344
12.564,16.145074261300692
12.5685,16.143800565687158
12.573,16.129209730766863
12.5775,16.125212286657653
12.582,16.11406701128158
12.5865,16.110657348564523
12.591,16.104345554781503
12.5955,16.104345554781503
12.6,16.10547168273005
12.6045,16.10547168273005
12.609,16.1136827835957
12.6135,16.1136827835957
12.618,16.11547909424036
12.6225,16.11547909424036
12.627,16.10846533337097
12.6315,16.111344955311303
12.636,16.10112329095851
12.6405,16.1034751318473
12.645,16.089652869149027
12.6495,16.09543926138698
12.654,16.08863928364778
12.6585,16.092586213774737
12.663,16.092586213774737
12.6675,16.090418189885153
12.672,16.090418189885153
12.6765,16.092331681594718
12.681,16.092331681594718
12.6855,16.08992356010415
12.69,16.08558511807856
12.6945,16.07310980553261
12.699,16.066877105059145
12.7035,16.05495372439352
12.708,16.053923734694997
12.7125,16.04498761477681
12.717,16.040997518897537
12.7215,16.04072693784264
12.726,16.03602032694675
12.7305,16.03602032694675
12.735,16.03293145049698
12.7395,16.03293145049698
12.744,16.026363381991374
12.7485,16.026363381991374
12.753,16.019437651152767
12.7575,16.017917565863428
12.762,16.01458912432754
12.7665,16.01373604951181
12.771,16.0170318165827
12.7755,16.014986384953442
12.78,16.01581091829156
12.7845,16.01485257314948
12.789,16.017423006716637
12.7935,16.015290332092995
12.798,16.01321108006448
12.8025,16.01443531192256
12.807,16.01443531192256
12.8115,16.01380274937757
12.816,16.01090356930881
12.8205,16.00871205623073
12.825,16.004658686420523
12.8295,16.003373780039738
12.834,15.998359596046152
12.8385,15.999155956676072
12.843,15.992005378147077
12.8475,15.990277093330103
12.852,15.980005025094561
12.8565,15.98424775136775
12.861,15.974095745553285
12.8655,15.978653779517515
12.87,15.96395007190628
12.8745,15.96395007190628
12.879,15.96656919020672
12.8835,15.948901848077774
12.888,15.948235319693945
12.8925,15.93109559173444
12.897,15.935110447225485
12.9015,15.918403034800987
12.906,15.9228803939768
12.9105,15.907999834379687
12.915,15.919441626957907
12.9195,15.906534290261234
12.924,15.917551750204067
12.9285,15.91141510814079
12.933,15.916484393353365
12.9375,15.916484393353365
12.942,15.911941659765157
12.9465,15.917229382247369
12.951,15.91572357104026
12.9555,15.919653143447112
12.96,15.913491749082873
12.9645,15.918937053832911
12.969,15.91301223896111
12.9735,15.922065210798955
12.978,15.914755025062856
12.9825,15.91952074177963
12.987,15.900197310017568
12.9915,15.898470435601077
12.996,15.88565586407267
13.0005,15.883719697928969
13.005,15.883719697928969
13.0095,15.87444940599108
13.014,15.882883972126459
13.0185,15.869603864816963
13.023,15.878514134370814
13.0275,15.86755574115843
13.032,15.876848887908102
13.0365,15.869542970732448
13.041,15.880918669275253
13.0455,15.875835578012131
13.05,15.883771974331982
13.0545,15.880853846695274
13.059,15.88328456365806
13.0635,15.88328456365806
13.068,15.884406742348702
13.0725,15.884406742348702
13.077,15.89095581191488
13.0815,15.890919181988336
13.086,15.901389933306922
13.0905,15.89754379838546
13.095,15.902539876934515
13.0995,15.898081375447576
13.104,15.901093742998356
13.1085,15.900201070488738
13.113,15.905565360638425
13.1175,15.90149802343012
13.122,15.912752870339531
13.1265,15.909844235692944
13.131,15.909844235692944
13.1355,15.91864104330914
13.14,15.91864104330914
13.1445,15.919336046972267
13.149,15.913961281341756
13.1535,15.926083389080212
13.158,15.91976145369471
13.1625,15.937890070996282
13.167,15.929922198449402
13.1715,15.943896395162952
13.176,15.937150417102837
13.1805,15.947719377488227
13.185,15.94401641617742
13.1895,15.94401641617742
13.194,15.951495128699005
13.1985,15.951495128699005
13.203,15.952959231505474
13.2075,15.952959231505474
13.212,15.957168509402441
13.2165,15.95997220151683
13.221,15.965855333361743
13.2255,15.958868932198856
13.23,15.97103343528147
13.2345,15.959508336610043
13.239,15.973457471060483
13.2435,15.95699590267278
13.248,15.973406971855896
13.2525,15.954898105317268
13.257,15.954898105317268
13.2615,15.961453774297977
13.266,15.961453774297977
13.2705,15.974291423769188
13.275,15.974291423769188
13.2795,15.976250550394855
13.284,15.976250550394855
13.2885,15.981634541393579
13.293,15.974184313835643
13.2975,15.976813717084264
13.302,15.974410898697789
13.3065,15.97646569177758
13.311,15.977591450049182
13.3155,15.977591450049182
13.32,15.972688066662196
13.3245,15.972688066662196
13.329,15.965028542803744
13.3335,15.965028542803744
13.338,15.959020526997723
13.3425,15.959020526997723
13.347,15.95948937912319
13.3515,15.95948937912319
13.356,15.964379253318715
13.3605,15.966389047404874
13.365,15.969479113449097
13.3695,15.966729804147716
13.374,15.975515890593321
13.3785,15.9743911984471
13.383,15.9743911984471
13.3875,15.985609198946152
13.392,15.985609198946152
13.3965,16.008027011033978
13.401,16.008027011033978
13.4055,16.032110785821676
13.41,16.032110785821676
13.4145,16.051034086916395
13.419,16.051034086916395
13.4235,16.051976466897294
13.428,16.058047163324648
13.4325,16.05057058756833
13.437,16.05824754841086
13.4415,16.05824754841086
13.446,16.05722334711489
13.4505,16.05722334711489
13.455,16.06325778802723
13.4595,16.06325778802723
13.464,16.07386031012714
13.4685,16.07386031012714
13.473,16.08943709141251
13.4775,16.08943709141251
13.482,16.109149792183054
13.4865,16.109149792183054
13.491,16.110022265629866
13.4955,16.120296572808307
13.5,16.120098029809398
13.5045,16.131075371134482
13.509,16.131075371134482
13.5135,16.143700015152834
13.518,16.143700015152834
13.5225,16.156081478473595
13.527,16.156081478473595
13.5315,16.16935902858667
13.536,16.16935902858667
13.5405,16.174898636569953
13.545,16.174898636569953
13.5495,16.183730958294376
13.554,16.183730958294376
13.5585,16.195132210077322
13.563,16.18837948580242
13.5675,16.18837948580242
13.572,16.183657278563597
13.5765,16.183657278563597
13.581,16.16616170498246
13.5855,16.16616170498246
13.59,16.152226859042436
13.5945,16.152226859042436
13.599,16.142029727034107
13.6035,16.142029727034107
13.608,16.14740760943386
13.6125,16.14740760943386
13.617,16.149771779592026
13.6215,16.149771779592026
13.626,16.143015906175513
13.6305,16.14911497202693
13.635,16.14911497202693
13.6395,16.136496947495004
13.644,16.136496947495004
13.6485,16.129347669622735
13.653,16.129347669622735
13.6575,16.12360584835105
13.662,16.12360584835105
13.6665,16.112853230230613
13.671,16.112853230230613
13.6755,16.09077248387857
13.68,16.09077248387857
13.6845,16.06634771026046
13.689,16.06634771026046
13.6935,16.06634771026046
13.698,16.042248072539028
13.7025,16.042248072539028
13.707,16.03096167663715
13.7115,16.03096167663715
13.716,16.023600268185703
13.7205,16.023600268185703
13.725,16.001514629022
13.7295,16.001514629022
13.734,15.97784114245697
13.7385,15.97784114245697
13.743,15.948352211358566
13.7475,15.948352211358566
13.752,15.922490897268272
13.7565,15.922490897268272
13.761,15.926592119966212
13.7655,15.910063075344489
13.77,15.910063075344489
13.7745,15.89053810629756
13.779,15.89053810629756
13.7835,15.874733509531817
13.788,15.874733509531817
13.7925,15.852091363965595
13.797,15.852091363965595
13.8015,15.82837880471644
13.806,15.82837880471644
13.8105,15.801914576852559
13.815,15.801914576852559
13.8195,15.803417242229798
13.824,15.778759475078754
13.8285,15.776352329877732
13.833,15.74516519685935
13.8375,15.74516519685935
13.842,15.71008450348092
13.8465,15.71008450348092
13.851,15.67492325002597
13.8555,15.67492325002597
13.86,15.623046984477108
13.8645,15.623046984477108
13.869,15.56925395812896
13.8735,15.56925395812896
13.878,15.514983754989464
13.8825,15.514983754989464
13.887,15.5008899676921
13.8915,15.46651088516398
13.896,15.454163211628533
13.9005,15.422238820851662
13.905,15.422238820851662
13.9095,15.353720530073037
13.914,15.353720530073037
13.9185,15.245521719324598
13.923,15.245521719324598
13.9275,15.14250940293982
13.932,15.14250940293982
13.9365,15.031418934578408
13.941,15.031418934578408
13.9455,14.898948620443827
13.95,14.898948620443827
13.9545,14.817959306852515
13.959,14.786008918634955
13.9635,14.709121408122073
13.968,14.670126713515108
13.9725,14.670126713515108
13.977,14.524972326501146
13.9815,14.524972326501146
13.986,14.347288952541819
13.9905,14.347288952541819
13.995,14.129388577312051
13.9995,14.129388577312051
14.004,13.876546941811291
14.0085,13.876546941811291
14.013,13.626433082015858
14.0175,13.565619701365907
14.022,13.294239531963367
14.0265,13.253378162438196
14.031,12.973147262320246
14.0355,12.943767398671628
14.04,12.943767398671628
14.0445,12.617232487980084
14.049,12.617232487980084
14.0535,12.302801795708715
14.058,12.302801795708715
14.0625,11.98405685798085
14.067,11.98405685798085
14.0715,11.653605783529182
14.076,11.653605783529182
14.0805,11.384823018831858
14.085,11.312225410613227
14.0895,11.06010572848333
14.094,10.97036037969989
14.0985,10.740377337641515
14.103,10.628074352995988
14.1075,10.444706110031726
14.112,10.324146406493787
14.1165,10.324146406493787
14.121,10.066537311427155
14.1255,10.066537311427155
14.13,9.863521991304614
14.1345,9.863521991304614
14.139,9.802063449353136
14.1435,9.670425031596656
14.148,9.608460873017306
14.1525,9.45490186944585
14.157,9.39902053323404
14.1615,9.226376214009745
14.166,9.231741924386023
14.1705,9.066702857298555
14.175,9.089725751010725
14.1795,8.942154909662582
14.184,8.942154909662582
14.1885,8.836563957863882
14.193,8.836563957863882
14.1975,8.864035399501189
14.202,8.740102905275204
14.2065,8.757453824259276
14.211,8.640137903392556
14.2155,8.659168825545047
14.22,8.55406199439149
14.2245,8.59105840943604
14.229,8.498826141162963
14.2335,8.543730237446434
14.238,8.4661372994468
14.2425,8.52327165422582
14.247,8.497272870473001
14.2515,8.497272870473001
14.256,8.538184915950925
14.2605,8.538184915950925
14.265,8.599777425309618
14.2695,8.554819957167325
14.274,8.611378473075062
14.2785,8.584435786443361
14.283,8.640894963184065
14.2875,8.637958788319969
14.292,8.707891256590147
14.2965,8.713867730611199
14.301,8.780014129641327
14.3055,8.795940938556484
14.31,8.82860643855243
14.3145,8.853618279152736
14.319,8.853618279152736
14.3235,8.873636682929979
14.328,8.873636682929979
14.3325,8.858489037015937
14.337,8.873900946895965
14.3415,8.854001720530757
14.346,8.881115064897777
14.3505,8.846030651421797
14.355,8.88874187043166
14.3595,8.8607016683043
14.364,8.887686444972934
14.3685,8.878545968868316
14.373,8.933899661660012
14.3775,8.93407930894887
14.382,8.980373345980485
14.3865,8.980373345980485
14.391,8.99425214045842
14.3955,9.047184134767907
14.4,9.063885978970182
14.4045,9.099911964833883
14.409,9.09267573427122
14.4135,9.106151021766236
14.418,9.06889873393893
14.4225,9.048786256000152
14.427,9.023438192361786
14.4315,9.018272978947216
14.436,8.981331022331577
14.4405,8.969509063157208
14.445,8.930427108858728
14.4495,8.920670531291972
14.454,8.920670531291972
14.4585,8.856306583046836
14.463,8.862071371844946
14.4675,8.82296461044171
14.472,8.833698055874274
14.4765,8.821980078947458
14.481,8.83998569358301
14.4855,8.843238738100494
14.49,8.852005596900913
14.4945,8.848567645988414
14.499,8.846644677863386
14.5035,8.83117666459113
14.508,8.835665789665192
14.5125,8.806792984454141
14.517,8.806792984454141
14.5215,8.823749834794908
14.526,8.770184947649629
14.5305,8.779742029497529
14.535,8.7324496225175
14.5395,8.722546279732049
14.544,8.69690422794858
14.5485,8.664347012829172
14.553,8.6517714995589
14.5575,8.601473802073661
14.562,8.596926730481671
14.5665,8.596926730481671
14.571,8.538391058577103
14.5755,8.459711513031648
14.58,8.459711513031648
14.5845,8.492552300039906
14.589,8.453147036030717
14.5935,8.453147036030717
14.598,8.336737812068824
14.6025,8.40578832693755
14.607,8.24987475955413
14.6115,8.332409505894923
14.616,8.224640099136304
14.6205,8.330731152392191
14.625,8.289172305410565
14.6295,8.394505021589659
14.634,8.357545315074765
14.6385,8.461713886275774
14.643,8.461713886275774
14.6475,8.483659141497624
14.652,8.483659141497624
14.6565,8.472306043116362
14.661,8.472306043116362
14.6655,8.258448648587683
14.67,8.345713731397467
14.6745,8.043315070640919
14.679,8.074076625519647
14.6835,7.744127266522698
14.688,7.7454773248702535
14.6925,7.412986111160705
14.697,7.384588463083552
14.7015,7.065087367934312
14.706,7.0926624235363045
14.7105,7.0926624235363045
14.715,6.8720061554683065
14.7195,6.8720061554683065
14.724,6.674034479766961
14.7285,6.674034479766961
14.733,6.5934916883626435
14.7375,6.57556219775811
14.742,6.549314231305156
14.7465,6.511216347242973
14.751,6.517531144570981
14.7555,6.498735760175931
14.76,6.513042473699791
14.7645,6.461106432230461
14.769,6.461106432230461
14.7735,6.38519617973926
14.778,6.38519617973926
14.7825,6.312226879192119
14.787,6.312226879192119
14.7915,6.176094062687904
14.796,6.159159185310992
14.8005,5.999281341617775
14.805,6.072604856455302
14.8095,5.883584961052611
14.814,5.960235594308386
14.8185,5.740934715342172
14.823,5.788939401418468
14.8275,5.533803164803455
14.832,5.615949644855035
14.8365,5.615949644855035
14.841,5.433326347305084
14.8455,5.433326347305084
14.85,5.3700812769865305
14.8545,5.3700812769865305
14.859,5.481705884381484
14.8635,5.481705884381484
14.868,5.183378853694826
14.8725,5.707747699585126
14.877,5.41581934710978
14.8815,6.008221603753631
14.886,5.699558401255947
14.8905,6.415107508306727
14.895,6.415107508306727
14.8995,6.908308865432647
14.904,6.908308865432647
14.9085,7.469933443800803
14.913,7.469933443800803
14.9175,8.073425986269946
14.922,8.073425986269946
14.9265,8.710747824058513
14.931,8.710747824058513
14.9355,8.407218585343553
14.94,9.366616757720022
14.9445,9.366616757720022
14.949,10.06986942722621
14.9535,9.792206778201535
14.958,10.793432950995799
14.9625,10.793432950995799
14.967,11.584919703006415
14.9715,11.584919703006415
14.976,12.429058913310511
14.9805,12.429058913310511
14.985,13.300803921430713
14.9895,13.300803921430713
14.994,14.182127589284073
14.9985,14.182127589284073
15.003,13.954003040884372
15.0075,15.038600460647547
15.012,14.765090971443563
15.0165,15.740816894612589
15.021,15.740816894612589
15.0255,16.31349560556421
15.03,16.31349560556421
15.0345,17.00287855780208
15.039,17.00287855780208
15.0435,17.735961019846904
15.048,17.735961019846904
15.0525,18.43651320137851
15.057,18.43651320137851
15.0615,18.460454952696743
15.066,19.246132631612564
15.0705,20.204232155966917
15.075,20.204232155966917
15.0795,20.21052093849396
15.084,21.107475532059343
15.0885,21.107475532059343
15.093,21.796156659764893
15.0975,21.796156659764893
15.102,22.41593949308537
15.1065,22.41593949308537
15.111,23.020097748101197
15.1155,23.020097748101197
15.12,23.64452611976869
15.1245,23.64452611976869
15.129,24.379505944968667
15.1335,24.379505944968667
15.138,24.35864936407225
15.1425,25.12013500792004
15.147,25.12013500792004
15.1515,25.816413748092696
15.156,25.816413748092696
15.1605,26.42852106226565
15.165,26.42852106226565
15.1695,26.925286086870898
15.174,26.925286086870898
15.1785,27.332217486474377
15.183,27.332217486474377
15.1875,27.620727156597262
15.192,27.620727156597262
15.1965,27.918376447717538
15.201,27.918376447717538
15.2055,28.238350014176383
15.21,28.238350014176383
15.2145,28.238350014176383
15.219,28.65554618835663
15.2235,28.65554618835663
15.228,29.11698530928383
15.2325,29.11698530928383
15.237,29.534304197638264
15.2415,29.534304197638264
15.246,29.89546769608379
15.2505,29.89546769608379
15.255,30.281546735714652
15.2595,30.281546735714652
15.264,30.65591491885691
15.2685,30.65591491885691
15.273,30.65591491885691
15.2775,31.08085150791167
15.282,31.08085150791167
15.2865,31.45631133033576
15.291,31.45631133033576
15.2955,31.852902647907726
15.3,31.852902647907726
15.3045,32.451407794162
15.309,32.451407794162
15.3135,33.1106745429687
15.318,33.1106745429687
15.3225,33.827982781059475
15.327,33.827982781059475
15.3315,34.59562522283255
15.336,34.59562522283255
15.3405,35.130130030300634
15.345,35.34712070905651
15.3495,35.34712070905651
15.354,36.052962172538884
15.3585,36.052962172538884
15.363,36.752763163314064
15.3675,36.752763163314064
15.372,37.44614510040228
15.3765,37.44614510040228
15.381,38.1566901028382
15.3855,38.1566901028382
15.39,38.89748532298432
15.3945,38.89748532298432
15.399,39.48632628508776
15.4035,39.767418877168296
15.408,40.40654400134976
15.4125,40.6836869370767
15.417,40.6836869370767
15.4215,41.55993653000728
15.426,41.55993653000728
15.4305,42.40350374743142
15.435,42.40350374743142
15.4395,43.21042424803454
15.444,43.21042424803454
15.4485,44.11724740698243
15.453,44.11724740698243
15.4575,45.130680446677445
15.462,45.130680446677445
15.4665,45.54148347371204
15.471,46.066460201632964
15.4755,46.49683978693814
15.48,47.05080814961812
15.4845,47.681934930473126
15.489,48.1974370615972
15.4935,48.1974370615972
15.498,49.122985114572046
15.5025,49.122985114572046
15.507,49.898716062326265
15.5115,49.898716062326265
15.516,50.50860254227846
15.5205,50.50860254227846
15.525,50.83115780165356
15.5295,51.01304701435377
15.534,51.27737264977689
15.5385,51.421393897026114
15.543,51.633645103320724
15.5475,51.69676090744889
15.552,51.86173282369783
15.5565,51.882642782077944
15.561,51.882642782077944
15.5655,52.07984626540926
15.57,52.07984626540926
15.5745,52.233534673545975
15.579,52.233534673545975
15.5835,52.61115929161103
15.588,52.61115929161103
15.5925,52.81280296307848
15.597,52.8588524273212
15.6015,53.201158540518264
15.606,53.23658860825843
15.6105,53.5789842415454
15.615,53.63876740059461
15.6195,53.95858528518225
15.624,54.00698621078282
15.6285,54.00698621078282
15.633,54.339766120142286
15.6375,54.339766120142286
15.642,54.70351323092079
15.6465,54.70351323092079
15.651,55.059853109465436
15.6555,55.06547979054044
15.66,55.42186851259118
15.6645,55.413517870069626
15.669,55.76885857948414
15.6735,55.74253031628789
15.678,56.0580024555972
15.6825,56.012460882424705
15.687,56.29374437190712
15.6915,56.23555886402766
15.696,56.23555886402766
15.7005,56.41751027338404
15.705,56.41751027338404
15.7095,56.54936875900463
15.714,56.54936875900463
15.7185,56.72759663073237
15.723,56.66698525284067
15.7275,56.84210051713536
15.732,56.79688017970963
15.7365,56.97454100176239
15.741,56.967373646730586
15.7455,57.1422620941435
15.75,57.13217759245315
15.7545,57.295983015488346
15.759,57.294218833044866
15.7635,57.294218833044866
15.768,57.446707812513374
15.7725,57.446707812513374
15.777,57.38008260069092
15.7815,57.38008260069092
15.786,57.294270316862075
15.7905,57.25242284297378
15.795,57.12425935150779
15.7995,57.06864346281873
15.804,56.898205091999664
15.8085,56.799341909088845
15.813,56.602570942929944
15.8175,56.44385811535051
15.822,56.22838506125021
15.8265,56.05851099966474
15.831,56.05851099966474
15.8355,55.814990342750946
15.84,55.814990342750946
15.8445,55.54235424672686
15.849,55.37934400295891
15.8535,55.073061625354086
15.858,54.885763742843224
15.8625,54.542224622553725
15.867,54.287724005558296
15.8715,53.903944313952316
15.876,53.633598452823115
15.8805,53.159663055968466
15.885,52.90709512200515
15.8895,52.338694489916776
15.894,52.05577898795475
15.8985,52.05577898795475
15.903,51.38764254199023
15.9075,50.968422202364785
15.912,50.24691929403687
15.9165,49.73842945812352
15.921,48.99373979536026
15.9255,48.33413512846158
15.93,47.61884746611698
15.9345,46.98224145730048
15.939,46.475152405275686
15.9435,46.10057849173459
15.948,45.517610634545434
15.9525,45.314944328700804
15.957,45.314944328700804
15.9615,44.6253450619927
15.966,44.12219844008308
15.9705,44.12219844008308
15.975,43.973167251801755
15.9795,43.417377536655955
15.984,43.26160399304586
15.9885,42.59971653006084
15.993,42.35764604524713
15.9975,41.561835429796346
16.002,41.14683793474504
16.0065,40.294279056837055
16.011,39.91522632072169
16.0155,39.14308211547185
16.02,38.86683847083712
16.0245,38.15250747537226
16.029,38.15250747537226
16.0335,37.41501379692676
16.038,37.41501379692676
16.0425,37.49260884914106
16.047,36.92768238361965
16.0515,37.36422649667229
16.056,36.74529814741759
16.0605,37.014808134721235
16.065,36.22473685540275
16.0695,36.2967312451265
16.074,35.46597757980328
16.0785,35.282283195491374
16.083,34.441113775977215
16.0875,34.30538923406803
16.092,33.688260115142036
16.0965,33.688260115142036
16.101,32.92197685052647
16.1055,32.92197685052647
16.11,33.317225087582614
16.1145,32.77587949148274
16.119,33.21048402097746
16.1235,32.89070530785474
16.128,33.2574542241109
16.1325,32.89844819643623
16.137,33.18325721285655
16.1415,32.77792441732883
16.146,32.77792441732883
16.1505,32.37366619161136
16.155,32.28139832825593
16.1595,31.817513253798875
16.164,31.817513253798875
16.1685,31.12732691055308
16.173,31.12732691055308
16.1775,30.919607807874627
16.182,30.372580932892323
16.1865,30.30674082643022
16.191,29.859519090345586
16.1955,29.917305849041103
16.2,29.453443796123405
16.2045,29.59908754509297
16.209,29.24290974678316
16.2135,29.44040954169647
16.218,29.157654704061613
16.2225,29.157654704061613
16.227,29.066289468490147
16.2315,29.066289468490147
16.236,28.82506598487224
16.2405,28.82506598487224
16.245,28.772315204230452
16.2495,28.401747557549342
16.254,28.362751242864118
16.2585,27.868982992477523
16.263,27.866014125313193
16.2675,27.287553948834162
16.272,27.287553948834162
16.2765,26.64532990292222
16.281,26.657921455204193
16.2855,26.043164826009523
16.29,26.043164826009523
16.2945,25.482594523311075
16.299,25.482594523311075
16.3035,25.653358774721244
16.308,25.07989744030614
16.3125,25.208682252752215
16.317,24.745271791952074
16.3215,24.73594747368628
16.326,24.280757065609215
16.3305,24.164512857923793
16.335,23.77760416035254
16.3395,23.634580826047877
16.344,23.25417222537333
16.3485,23.25417222537333
16.353,22.73111498597727
16.3575,22.73111498597727
16.362,22.201740816297406
16.3665,22.201740816297406
16.371,22.194525974118353
16.3755,21.67832980080133
16.38,21.18091028714465
16.3845,21.18091028714465
16.389,21.30356626103228
16.3935,20.744919624302742
16.398,20.957079106700558
16.4025,20.43263331373502
16.407,20.607283608216076
16.4115,20.195167659223316
16.416,20.195167659223316
16.4205,19.8835381762129
16.425,19.8835381762129
16.4295,19.436254955662676
16.434,19.436254955662676
16.4385,18.8744399690342
16.443,18.8744399690342
16.4475,18.346335833345876
16.452,18.346335833345876
16.4565,18.278244984103505
16.461,17.949005887720336
16.4655,17.929533256176374
16.47,17.585513497202953
16.4745,17.585513497202953
16.479,17.282404875313127
16.4835,17.282404875313127
16.488,16.994526805126487
16.4925,16.994526805126487
16.497,16.662055166704853
16.5015,16.662055166704853
16.506,16.27072680636609
16.5105,16.27072680636609
16.515,15.932835939547736
16.5195,15.932835939547736
16.524,15.98488158233991
16.5285,15.712880092913473
16.533,15.821974131175208
16.5375,15.623151798453263
16.542,15.623151798453263
16.5465,15.660553970511183
16.551,15.660553970511183
16.5555,15.816755495392092
16.56,15.816755495392092
16.5645,16.0409110259578
16.569,16.0409110259578
16.5735,16.295636190767755
16.578,16.295636190767755
16.5825,16.479528865356276
16.587,16.479528865356276
16.5915,16.691259288084325
16.596,16.61483620742523
16.6005,16.61483620742523
16.605,16.714518507188565
16.6095,16.714518507188565
16.614,16.79512584579981
16.6185,16.79512584579981
16.623,16.845580113800764
16.6275,16.845580113800764
16.632,16.878163149035867
16.6365,16.878163149035867
16.641,16.94448076287258
16.6455,16.94448076287258
16.65,17.025363677434996
16.6545,17.025363677434996
16.659,17.153920126244095
16.6635,17.117573537294348
16.668,17.117573537294348
16.6725,17.272167512745543
16.677,17.272167512745543
16.6815,17.470963625291283
16.686,17.470963625291283
16.6905,17.58145805974013
16.695,17.58145805974013
16.6995,17.63641610542303
16.704,17.63641610542303
16.7085,17.73909798588005
16.713,17.73909798588005
16.7175,17.921071911713838
16.722,17.921071911713838
16.7265,17.921071911713838
16.731,18.103681433527377
16.7355,18.103681433527377
16.74,18.17898892492814
16.7445,18.17898892492814
16.749,18.19027899140757
16.7535,18.19027899140757
16.758,18.12023969866726
16.7625,18.12023969866726
16.767,18.05690787736729
16.7715,18.05690787736729
16.776,18.019751108063844
16.7805,18.019751108063844
16.785,17.991664483647
16.7895,17.991664483647
16.794,17.991664483647
16.7985,17.95096165690311
16.803,17.95096165690311
16.8075,17.88696509740251
16.812,17.88696509740251
16.8165,17.856540620718082
16.821,17.856540620718082
16.8255,17.826585048094746
16.83,17.826585048094746
16.8345,17.72545402050913
16.839,17.72545402050913
16.8435,17.577825555862432
16.848,17.577825555862432
16.8525,17.42905891224309
16.857,17.455522289616127
16.8615,17.334717846579156
16.866,17.362260434883318
16.8705,17.362260434883318
16.875,17.289101409322
16.8795,17.289101409322
16.884,17.263817974797345
16.8885,17.263817974797345
16.893,17.235283832623615
16.8975,17.235283832623615
16.902,17.19530467146538
16.9065,17.19530467146538
16.911,17.086830056263995
16.9155,17.086830056263995
16.92,16.90613998947081
16.9245,16.851628290886616
16.929,16.793541922465018
16.9335,16.63398543286761
16.938,16.63398543286761
16.9425,16.273748169348114
16.947,16.273748169348114
16.9515,15.827275103359765
16.956,15.827275103359765
16.9605,15.436266189099106
16.965,15.436266189099106
16.9695,15.093927112830789
16.974,15.093927112830789
16.9785,15.197376168682496
16.983,14.799208221533563
16.9875,14.920224558585879
16.992,14.62709644071014
16.9965,14.726655394970825
17.001,14.512119545550938
17.0055,14.512119545550938
17.01,14.416762741131661
17.0145,14.416762741131661
17.019,14.320982798624573
17.0235,14.320982798624573
17.028,14.22691374305678
17.0325,14.22691374305678
17.037,14.226005494678594
17.0415,14.226005494678594
17.046,14.492647583496948
17.0505,14.307538957673666
17.055,14.642422257160339
17.0595,14.500017027696412
17.064,14.894750864149554
17.0685,14.810625387618952
17.073,14.810625387618952
17.0775,15.209562529425058
17.082,15.209562529425058
17.0865,15.680621668823328
17.091,15.680621668823328
17.0955,16.16842948915655
17.1,16.16842948915655
17.1045,16.738404653597055
17.109,16.649378510842695
17.1135,17.259686523313096
17.118,17.15577825070629
17.1225,17.761803340843134
17.127,17.656739351616878
17.1315,18.233541165714453
17.136,18.153335518745482
17.1405,18.153335518745482
17.145,18.67477619995303
17.1495,18.67477619995303
17.154,19.2310143465015
17.1585,19.2310143465015
17.163,19.78699665433593
17.1675,19.78699665433593
17.172,20.424232772719172
17.1765,20.36447174539797
17.181,21.059851126798108
17.1855,21.021592201809927
17.19,21.773894761832864
17.1945,21.76296823135152
17.199,22.50367548965805
17.2035,22.46483994546312
17.208,22.46483994546312
17.2125,23.178726542064673
17.217,23.178726542064673
17.2215,23.899636445651904
17.226,23.899636445651904
17.2305,24.72121703758371
17.235,24.535576582895082
17.2395,25.347477924285066
17.244,25.0753073481763
17.2485,25.93398549468838
17.253,25.638629440945206
17.2575,26.497392251508238
17.262,26.266014647706893
17.2665,27.047048981983597
17.271,26.824205602183554
17.2755,26.824205602183554
17.28,27.449364318219207
17.2845,27.449364318219207
17.289,28.205798981937026
17.2935,28.205798981937026
17.298,29.09316538106366
17.3025,29.02149424834735
17.307,29.878762755671048
17.3115,29.76651479160968
17.316,30.61033339325211
17.3205,30.49141008546202
17.325,31.254670048791464
17.3295,31.11551620738494
17.334,31.8202538320235
17.3385,31.69821583657785
17.343,31.69821583657785
17.3475,32.28349049731647
17.352,32.28349049731647
17.3565,32.96497841721965
17.361,32.90365707762613
17.3655,33.57521028011897
17.37,33.4641972419822
17.3745,34.17961300654164
17.379,34.0793984487453
17.3835,34.786583871321746
17.388,34.71519209272706
17.3925,35.38465021586091
17.397,35.34212752661093
17.4015,36.016958513301276
17.406,35.98384730265323
17.4105,35.98384730265323
17.415,36.684312344555124
17.4195,36.684312344555124
17.424,37.35512049725563
17.4285,37.356461277252244
17.433,37.961095918447604
17.4375,37.9246440337563
17.442,38.46930054698292
17.4465,38.41080535583906
17.451,38.9241387550921
17.4555,38.8298138435753
17.46,39.29338492119323
17.4645,39.22952418230759
17.469,39.63241593096699
17.4735,39.53691601697463
17.478,39.92269305868374
17.4825,39.832919197937386
17.487,39.832919197937386
17.4915,40.245865688611076
17.496,40.21766193154234
17.5005,40.646918527925116
17.505,40.59249861627119
17.5095,41.157558667678465
17.514,41.10116140619742
17.5185,41.68867430818341
17.523,41.68828987333139
17.5275,42.26477132393923
17.532,42.337914412318945
17.5365,42.90038076039275
17.541,42.99989135846625
17.5455,43.53994054794957
17.55,43.53994054794957
17.5545,43.693360866016306
17.559,44.18498451876556
17.5635,44.41012334061897
17.568,44.75300421959023
17.5725,44.951133109392195
17.577,45.28723435205958
17.5815,45.42838975801584
17.586,45.74592706647565
17.5905,45.82332622463355
17.595,46.32705303406143
17.5995,46.489178435608736
17.604,47.04484330925201
17.6085,47.30787367675887
17.613,47.889211738609085
17.6175,47.889211738609085
17.622,48.13424293233071
17.6265,48.72104946378838
17.631,49.01198579996899
17.6355,49.415378981135376
17.64,49.73333393959741
17.6445,50.242147487416446
17.649,50.615967087133214
17.6535,51.11666388659962
17.658,51.5393289397258
17.6625,51.87930310830457
17.667,52.31720028860384
17.6715,52.87050710018701
17.676,52.87050710018701
17.6805,53.82576527964561
17.685,53.82576527964561
17.6895,54.95858983105119
17.694,54.95858983105119
17.6985,55.44805835473831
17.703,56.083604449103944
17.7075,56.497380236754594
17.712,56.946102828114654
17.7165,57.23813740521957
17.721,57.60658353344589
17.7255,57.838068512137426
17.73,58.13759267685438
17.7345,58.29353505532112
17.739,58.56495412686797
17.7435,58.56495412686797
17.748,58.982934659791646
17.7525,58.982934659791646
17.757,59.36464904291717
17.7615,59.36464904291717
17.766,59.48838437716132
17.7705,59.75407937853794
17.775,59.83454130416179
17.7795,60.08433287667561
17.784,60.1466882629492
17.7885,60.3446915008235
17.793,60.41764809492636
17.7975,60.55334245008951
17.802,60.55334245008951
17.8065,60.707097668178044
17.811,60.707097668178044
17.8155,60.84245217482206
17.82,60.84245217482206
17.8245,60.924639823253564
17.829,60.924639823253564
17.8335,60.90484717175539
17.838,60.929330066057304
17.8425,60.87371349934106
17.847,60.833707829215825
17.8515,60.75989122588212
17.856,60.650138896709215
17.8605,60.551033286692
17.865,60.377829792053895
17.8695,60.377829792053895
17.874,60.029261960860225
17.8785,60.029261960860225
17.883,59.64742967336257
17.8875,59.64742967336257
17.892,59.270767345821476
17.8965,59.270767345821476
17.901,59.165711615005506
17.9055,58.90200931036432
17.91,58.78280319148364
17.9145,58.52663809492689
17.919,58.38400345797761
17.9235,58.10469430934654
17.928,58.10469430934654
17.9325,57.62004209322679
17.937,57.62004209322679
17.9415,57.039038048960364
17.946,57.039038048960364
17.9505,56.36437681919768
17.955,56.36437681919768
17.9595,55.640507111828704
17.964,55.640507111828704
17.9685,55.36899140254424
17.973,55.095043389567294
17.9775,54.81897518746671
17.982,54.504986524033136
17.9865,54.504986524033136
17.991,53.77707049216705
17.9955,53.77707049216705
18.0,53.01072610107526
18.0045,53.01072610107526
18.009,52.12056449363371
18.0135,52.12056449363371
18.018,51.149813060205915
18.0225,51.149813060205915
18.027,50.09560157091966
18.0315,50.09560157091966
18.036,49.86318456190812
18.0405,49.37459694009306
18.045,49.196017189586016
18.0495,48.683067162630536
18.054,48.683067162630536
18.0585,47.842278251859646
18.063,47.842278251859646
18.0675,47.191044195951896
18.072,47.191044195951896
18.0765,46.623302568847386
18.081,46.623302568847386
18.0855,45.85289821588948
18.09,45.85289821588948
18.0945,45.22423041953279
18.099,45.22423041953279
18.1035,45.007713887884194
18.108,44.50452376250162
18.1125,44.30994442234682
18.117,43.79534768749197
18.1215,43.79534768749197
18.126,43.121655269329175
18.1305,43.121655269329175
18.135,42.51236240036115
18.1395,42.51236240036115
18.144,42.293797180947806
18.1485,42.293797180947806
18.153,41.91743850107032
18.1575,41.91743850107032
18.162,41.42878753876122
18.1665,41.42878753876122
18.171,40.946251036886586
18.1755,40.946251036886586
18.18,40.946251036886586
18.1845,40.51930209143256
18.189,40.51930209143256
18.1935,40.09439098509177
18.198,40.09439098509177
18.2025,39.90265998078737
18.207,39.90265998078737
18.2115,39.81578608964212
18.216,39.81578608964212
18.2205,39.802416091707606
18.225,39.802416091707606
18.2295,39.700685363162634
18.234,39.700685363162634
18.2385,39.86117877315453
18.243,39.49051875298742
18.2475,39.49051875298742
18.252,39.07349586797589
18.2565,39.07349586797589
18.261,38.59218246487478
18.2655,38.59218246487478
18.27,38.1707698611181
18.2745,38.1707698611181
18.279,37.66079973271872
18.2835,37.66079973271872
18.288,37.08632090643673
18.2925,37.08632090643673
18.297,37.125725906706485
18.3015,36.570000369808405
18.306,36.088120206970686
18.3105,36.21831567574338
18.315,36.21831567574338
18.3195,35.85846970035977
18.324,35.85846970035977
18.3285,35.3795480243507
18.333,35.3795480243507
18.3375,34.76723573043367
18.342,34.76723573043367
18.3465,34.179527874057506
18.351,34.179527874057506
18.3555,33.58221698415184
18.36,33.58221698415184
18.3645,32.9437261255085
18.369,32.9437261255085
18.3735,32.41811670278885
18.378,32.34050807094961
18.3825,32.34050807094961
18.387,31.757950288467246
18.3915,31.757950288467246
18.396,31.16748382538387
18.4005,31.16748382538387
18.405,30.595691748813813
18.4095,30.595691748813813
18.414,30.00764742710724
18.4185,30.00764742710724
18.423,29.39807620585622
18.4275,29.39807620585622
18.432,28.76263673225904
18.4365,28.802379584847184
18.441,28.14800522390172
18.4455,28.186188830708613
18.45,28.186188830708613
18.4545,27.57153607941439
18.459,27.57153607941439
18.4635,26.960017432030728
18.468,26.960017432030728
18.4725,26.363429672232147
18.477,26.363429672232147
18.4815,25.805252013471808
18.486,25.805252013471808
18.4905,25.247786978765443
18.495,25.247786978765443
18.4995,24.554566184826577
18.504,24.64751868642619
18.5085,23.965001490866403
18.513,24.026096620302653
18.5175,24.026096620302653
18.522,23.43226524654371
18.5265,23.43226524654371
18.531,22.823644895600722
18.5355,22.823644895600722
18.54,22.253673197190366
18.5445,22.253673197190366
18.549,21.713536164411828
18.5535,21.713536164411828
18.558,21.167238178527136
18.5625,21.171873928134357
18.567,20.582324221916448
18.5715,20.591568387393636
18.576,20.591568387393636
18.5805,20.011040694973154
18.585,20.011040694973154
18.5895,19.572170594484646
18.594,19.572170594484646
18.5985,19.232118684340193
18.603,19.232118684340193
18.6075,18.967202222520257
18.612,18.967202222520257
18.6165,18.764670771930618
18.621,18.764670771930618
18.6255,18.37618666842835
18.63,18.548636609054714
18.6345,18.179563849365252
18.639,18.29077509174397
18.6435,17.961126021354573
18.648,18.04749886960724
18.6525,17.76456786847015
18.657,17.881642423154
18.6615,17.881642423154
18.666,17.833990004066653
18.6705,17.833990004066653
18.675,17.877666065372075
18.6795,17.877666065372075
18.684,17.76811096603674
18.6885,17.972839593178573
18.693,17.86331639439365
18.6975,18.031741077665185
18.702,17.924292426010577
18.7065,18.056315073994107
18.711,17.964764002342616
18.7155,18.057734306386998
18.72,17.95328819954221
18.7245,18.01748058911781
18.729,18.01748058911781
18.7335,17.953083511997836
18.738,17.953083511997836
18.7425,17.842668761959697
18.747,17.842668761959697
18.7515,17.756765756776453
18.756,17.682463662303103
18.7605,17.598221714563326
18.765,17.515084166213533
18.7695,17.463341209813375
18.774,17.405718658283977
18.7785,17.301156849442496
18.783,17.265124384296325
18.7875,17.212386683285256
18.792,17.187392098414016
18.7965,17.187392098414016
18.801,17.195544853827816
18.8055,17.195544853827816
18.81,17.228809618429768
18.8145,17.264231272557815
18.819,17.273155397847813
18.8235,17.369477905188056
18.828,17.3692329793082
18.8325,17.452642012617556
18.837,17.41778275629131
18.8415,17.467729848175008
18.846,17.39534054374384
18.8505,17.405204832968327
18.855,17.344283535301372
18.8595,17.377503808382055
18.864,17.377503808382055
18.8685,17.411881958156645
18.873,17.411881958156645
18.8775,17.395866808367195
18.882,17.441419386047677
18.8865,17.440497026193622
18.891,17.442021565762843
18.8955,17.434593973434875
18.9,17.452166546664145
18.9045,17.437972577720387
18.909,17.500921988186214
18.9135,17.49931981722561
18.918,17.539363029721738
18.9225,17.544180793497244
18.927,17.53957909212884
18.9315,17.53957909212884
18.936,17.54702394945522
18.9405,17.51453601168175
18.945,17.533834435635818
18.9495,17.461983116274293
18.954,17.50257547916838
18.9585,17.400521121370065
18.963,17.49450612965697
18.9675,17.366277608459235
18.972,17.507408941782128
18.9765,17.387106165009968
18.981,17.563599000386674
18.9855,17.43534186062834
18.99,17.43534186062834
18.9945,17.54541290889757
18.999,17.54541290889757
19.0035,17.80367705520692
19.008,17.709728710722217
19.0125,17.968734867106857
19.017,17.8723487414751
19.0215,18.10624091300122
19.026,17.999730857422534
19.0305,18.24771087276709
19.035,18.08575412281254
19.0395,18.348003313352688
19.044,18.15687153249748
19.0485,18.483034853670812
19.053,18.305951226680865
19.0575,18.68445533831143
19.062,18.68445533831143
19.0665,18.88487426759133
19.071,18.88487426759133
19.0755,18.74816213601307
19.08,19.156468282041857
19.0845,19.08904455381895
19.089,19.54223374692595
19.0935,19.533040878208734
19.098,19.96618965108639
19.1025,19.965952631186
19.107,20.37576179601589
19.1115,20.37926265221783
19.116,20.79209227060058
19.1205,20.78175356924123
19.125,21.235232505085527
19.1295,21.235232505085527
19.134,21.696247928036247
19.1385,21.696247928036247
19.143,21.62296366946315
19.1475,22.21057430379936
19.152,22.128427144033502
19.1565,22.76455749106751
19.161,22.698864334472134
19.1655,23.349198716546404
19.17,23.31701572811952
19.1745,24.0045842972227
19.179,23.973089435610294
19.1835,24.66349304338246
19.188,24.66349304338246
19.1925,25.2680923207677
19.197,25.2680923207677
19.2015,25.889177239361647
19.206,25.889177239361647
19.2105,25.899050095293855
19.215,26.54672205005839
19.2195,26.57337784970553
19.224,27.244510461390416
19.2285,27.273253358235266
19.233,27.954514114749994
19.2375,28.009309729654653
19.242,28.691701094818903
19.2465,28.757609610023923
19.251,29.490823138933916
19.2555,29.490823138933916
19.26,30.26494991653319
19.2645,30.26494991653319
19.269,31.00524951171197
19.2735,31.00524951171197
19.278,30.96020608531259
19.2825,31.753150602545833
19.287,31.653482873304963
19.2915,32.43199828693145
19.296,32.28343186035762
19.3005,33.0621186155756
19.305,32.890543362420686
19.3095,33.66463885522275
19.314,33.66463885522275
19.3185,34.24055327646172
19.323,34.24055327646172
19.3275,34.850027275187465
19.332,34.850027275187465
19.3365,35.516622974758285
19.341,35.516622974758285
19.3455,35.38663508498353
19.35,36.18599811156163
19.3545,36.054249670844904
19.359,36.85921176873699
19.3635,36.71090118290266
19.368,37.49414927145532
19.3725,37.31300795633505
19.377,37.99803580277949
19.3815,37.99803580277949
19.386,38.40555192571266
19.3905,38.40555192571266
19.395,38.78937605684581
19.3995,38.78937605684581
19.404,38.744568964442486
19.4085,39.30607384904606
19.413,39.29214154095481
19.4175,39.85455420309637
19.422,39.84261678262231
19.4265,40.52147925145255
19.431,40.57678840415976
19.4355,41.237956019209435
19.44,41.3056614236912
19.4445,42.02101307281306
19.449,42.02101307281306
19.4535,42.743963019877405
19.458,42.743963019877405
19.4625,43.252284354419785
19.467,43.252284354419785
19.4715,43.032937229974145
19.476,43.531743633084965
19.4805,43.766349308853435
19.485,43.766349308853435
19.4895,43.6566132605228
19.494,44.04399751271033
19.4985,43.96283440378701
19.503,44.478494738077195
19.5075,44.478494738077195
19.512,44.92933939666976
19.5165,44.92933939666976
19.521,45.356027433325565
19.5255,45.356027433325565
19.53,45.875113922118295
19.5345,45.875113922118295
19.539,46.304270565294786
19.5435,46.304270565294786
19.548,46.794153235208
19.5525,46.794153235208
19.557,46.72763434719965
19.5615,47.17999767285527
19.566,47.17999767285527
19.5705,47.57142529103747
19.575,47.57142529103747
19.5795,47.98964346689845
19.584,47.98964346689845
19.5885,48.39262318166063
19.593,48.39262318166063
19.5975,48.80132205487299
19.602,48.80132205487299
19.6065,48.79866240786719
19.611,49.143933765232255
19.6155,49.49548706485781
19.62,49.49548706485781
19.6245,49.56256290348909
19.629,49.90504336225309
19.6335,49.90504336225309
19.638,50.35766927401406
19.6425,50.35766927401406
19.647,50.885271802420014
19.6515,50.885271802420014
19.656,51.473882317406975
19.6605,51.473882317406975
19.665,52.02291265262418
19.6695,52.02291265262418
19.674,52.64591974516251
19.6785,52.64591974516251
19.683,53.27257925425986
19.6875,53.27257925425986
19.692,53.563907710477594
19.6965,53.995765354449674
19.701,53.995765354449674
19.7055,54.71230445737597
19.71,54.71230445737597
19.7145,55.44906309310025
19.719,55.44906309310025
19.7235,56.2001816570371
19.728,56.2001816570371
19.7325,56.92487603311643
19.737,56.92487603311643
19.7415,57.645265950547575
19.746,57.645265950547575
19.7505,58.303994204720034
19.755,58.303994204720034
19.7595,58.303994204720034
19.764,58.95302835278653
19.7685,58.95302835278653
19.773,59.58449523771409
19.7775,59.58449523771409
19.782,60.2237942012635
19.7865,60.2237942012635
19.791,60.877392228357756
19.7955,60.877392228357756
19.8,61.55525398736243
19.8045,61.55525398736243
19.809,62.30345237362757
19.8135,62.30345237362757
19.818,63.082031853618574
19.8225,63.082031853618574
19.827,63.082031853618574
19.8315,63.82086556587201
19.836,63.82086556587201
19.8405,64.36937679297
19.845,64.36937679297
19.8495,64.9946981536687
19.854,64.9946981536687
19.8585,65.60279395527748
19.863,65.60279395527748
19.8675,66.21410197227169
19.872,66.21410197227169
19.8765,66.81501136949458
19.881,66.81501136949458
19.8855,67.2220043723058
19.89,67.43768481494344
19.8945,67.43768481494344
19.899,68.01764232660068
19.9035,68.01764232660068
19.908,68.5578030989409
19.9125,68.5578030989409
19.917,69.08489620799635
19.9215,69.08489620799635
19.926,69.48446448561727
19.9305,69.48446448561727
19.935,69.84437829340229
19.9395,69.84437829340229
19.944,70.16835015089359
19.9485,70.16835015089359
19.953,70.46381439655282
19.9575,70.51500936783059
19.962,70.83046488329246
19.9665,70.84476761391365
19.971,70.84476761391365
19.9755,71.17234680458893
19.98,71.17234680458893
19.9845,71.51222434958785
19.989,71.51222434958785
19.9935,71.85744574485553
19.998,71.85744574485553
20.0025,72.17581374755011
20.007,72.17581374755011
20.0115,72.45154770027294
20.016,72.4167260184265
20.0205,72.49999111495083
20.025,72.46387450992019
20.0295,72.47094455993611
20.034,72.4257139413573
20.0385,72.4257139413573
20.043,72.34473396506007
20.0475,72.34473396506007
20.052,72.22221951093984
20.0565,72.22221951093984
20.061,72.00562357926512
20.0655,72.00562357926512
20.07,71.71886215445369
20.0745,71.71886215445369
20.079,71.4453971872239
20.0835,71.38068190928249
20.088,71.06989828418307
20.0925,71.00693718088927
20.097,70.68301194891453
20.1015,70.62258789480734
20.106,70.62258789480734
20.1105,70.22350471465896
20.115,70.22350471465896
20.1195,69.80010764482897
20.124,69.80010764482897
20.1285,69.37217408678235
20.133,69.37217408678235
20.1375,68.98378952931196
20.142,68.89567282230902
20.1465,68.50640371582939
20.151,68.37295441828435
20.1555,67.92848234268251
20.16,67.74060229358169
20.1645,67.22828703257781
20.169,66.86746304619902
20.1735,66.86746304619902
20.178,65.78968916446397
20.1825,65.78968916446397
20.187,64.59875356250848
20.1915,64.59875356250848
20.196,63.89357059380062
20.2005,63.3995632974498
20.205,62.66076170382303
20.2095,62.22775345268881
20.214,61.649234059851416
20.2185,61.28874321441662
20.223,60.793838305250105
20.2275,60.459647209836454
20.232,59.99570486036057
20.2365,59.66895877168318
20.241,59.66895877168318
20.2455,58.90937064563464
20.25,58.90937064563464
20.2545,58.07750990288312
20.259,58.07750990288312
20.2635,57.583133110057396
20.268,57.38733221123291
20.2725,56.90575042532335
20.277,56.70531560737001
20.2815,56.22752073978059
20.286,56.00144851891839
20.2905,55.43069277847993
20.295,55.22462360270373
20.2995,54.732954845665354
20.304,54.56850496224544
20.3085,54.56850496224544
20.313,54.08256383346281
20.3175,54.08256383346281
20.322,53.679593829437124
20.3265,53.679593829437124
20.331,53.45170837553549
20.3355,53.260775363361134
20.34,52.872222425277855
20.3445,52.642114526692126
20.349,52.08083255065652
20.3535,51.86146692263104
20.358,51.13667154544049
20.3625,51.30672551274107
20.367,51.30672551274107
20.3715,50.742072297547054
20.376,49.99053012035225
20.3805,50.14137182290446
20.385,50.14137182290446
20.3895,49.52481405799349
20.394,49.77807555957519
20.3985,49.32163826688274
20.403,49.52381080584183
20.4075,49.12563433823398
20.412,49.28896875345682
20.4165,48.820688761463245
20.421,48.937081561012
20.4255,48.44575572941079
20.43,48.60024642762926
20.4345,47.93648180506501
20.439,48.19703604210412
20.4435,47.38417473446117
20.448,47.39153513192055
20.4525,47.39153513192055
20.457,46.560166755191794
20.4615,46.63889507052468
20.466,45.83234283147988
20.4705,45.982352560660736
20.475,45.341013327221354
20.4795,45.48287708587057
20.484,44.96969160097935
20.4885,45.079031417111906
20.493,44.58651586419573
20.4975,44.6770386285777
20.502,44.00933168945021
20.5065,44.107487272606754
20.511,44.107487272606754
20.5155,43.25158319548343
20.52,43.337055987979205
20.5245,42.37769732367853
20.529,42.41475721555274
20.5335,41.56837261018417
20.538,41.54949434748907
20.5425,40.78257968056794
20.547,40.750156293004395
20.5515,40.1257588807232
20.556,40.077572161889556
20.5605,39.568838720247705
20.565,39.46136409268939
20.5695,38.91303629804071
20.574,38.768549763264396
20.5785,38.00804930914772
20.583,38.00804930914772
20.5875,37.892647871956115
20.592,37.03167354212984
20.5965,36.9908547299278
20.601,36.15851544636773
20.6055,36.16854720648909
20.61,35.3576324005494
20.6145,35.36975697815795
20.619,34.553838463793504
20.6235,34.53982754132914
20.628,33.823005823737695
20.6325,33.77214219405213
20.637,33.124157306261075
20.6415,33.124157306261075
20.646,32.35184716402363
20.6505,32.35184716402363
20.655,32.28157109818251
20.6595,31.508107732238166
20.664,31.44346306856921
20.6685,30.643086100897452
20.673,30.598659217019883
20.6775,29.69937690340934
20.682,29.700246515954078
20.6865,28.701925746913897
20.691,28.763958454890698
20.6955,27.777105521581195
20.7,27.841888637612175
20.7045,26.999148375997326
20.709,26.999148375997326
20.7135,27.05651550544756
20.718,26.267005731991052
20.7225,26.343108843432617
20.727,25.62430659128605
20.7315,25.721059941930516
20.736,25.118142234398892
20.7405,25.246751336999996
20.745,24.619028852188794
20.7495,24.743419846323597
20.754,24.02270501446949
20.7585,24.125923716121335
20.763,23.37393998935325
20.7675,23.37393998935325
20.772,22.6802403925064
20.7765,22.6802403925064
20.781,21.968418269585154
20.7855,21.968418269585154
20.79,21.96906114151246
20.7945,21.21892425685943
20.799,21.176358208212676
20.8035,20.436452012329216
20.808,20.332439472618038
20.8125,19.623909993368102
20.817,19.487570359244074
20.8215,18.892471920038265
20.826,18.740544839245942
20.8305,18.264230882272038
20.835,18.264230882272038
20.8395,17.791276151957387
20.844,17.791276151957387
20.8485,17.459838133083263
20.853,17.459838133083263
20.8575,17.206734794027067
20.862,17.206734794027067
20.8665,17.21211472764278
20.871,16.9578346128505
20.8755,16.93837465764244
20.88,16.6038905790896
20.8845,16.572785208019106
20.889,16.186033477498142
20.8935,16.186033477498142
20.898,15.704524184137679
20.9025,15.704524184137679
20.907,15.104419803783314
20.9115,15.104419803783314
20.916,14.438425668618624
20.9205,14.438425668618624
20.925,14.349368211371603
20.9295,13.826884932335881
20.934,13.777766299618143
20.9385,13.450772326988238
20.943,13.451449259200103
20.9475,13.262856226084983
20.952,13.241053565960721
20.9565,13.305911343552733
20.961,13.305911343552733
20.9655,13.229350290942845
20.97,13.229350290942845
20.9745,12.916609544070145
20.979,12.916609544070145
20.9835,12.688761424049355
20.988,12.688761424049355
20.9925,12.526351504342127
20.997,12.526351504342127
21.0015,12.411231786551513
21.006,12.34500362725056
21.0105,12.204953392566443
21.015,12.136961415996472
21.0195,12.136961415996472
21.024,12.011765231237506
21.0285,12.011765231237506
21.033,11.997707861135474
21.0375,11.997707861135474
21.042,11.98887030163951
21.0465,11.98887030163951
21.051,11.965618783941496
21.0555,11.965618783941496
21.06,11.96453299283457
21.0645,11.96453299283457
21.069,11.994502313287919
21.0735,11.987503282206218
21.078,12.08226840074237
21.0825,12.06427150439777
21.087,12.06427150439777
21.0915,12.190488382426636
21.096,12.190488382426636
21.1005,12.309422620413503
21.105,12.309422620413503
21.1095,12.462654861330922
21.114,12.462654861330922
21.1185,12.649365581822185
21.123,12.649365581822185
21.1275,12.845495622991821
21.132,12.845495622991821
21.1365,12.72095905458537
21.141,13.048347331125312
21.1455,13.048347331125312
21.15,13.218891339135087
21.1545,13.218891339135087
21.159,13.337163514771387
21.1635,13.337163514771387
21.168,13.518284031163867
21.1725,13.518284031163867
21.177,13.811498498374393
21.1815,13.811498498374393
21.186,14.207106291875915
21.1905,14.207106291875915
21.195,14.663365096100373
21.1995,14.663365096100373
21.204,14.556265625657016
21.2085,15.151361978423047
21.213,15.151361978423047
21.2175,15.634020839015308
21.222,15.634020839015308
21.2265,16.068124105285584
21.231,16.068124105285584
21.2355,16.55401577591042
21.24,16.55401577591042
21.2445,17.26686501728629
21.249,17.26686501728629
21.2535,18.209995682863234
21.258,18.209995682863234
21.2625,19.1650001337514
21.267,19.1650001337514
21.2715,19.915448768828472
21.276,19.984385849302658
21.2805,19.984385849302658
21.285,20.775554602795406
21.2895,20.775554602795406
21.294,21.398972275778018
21.2985,21.398972275778018
21.303,21.93198607073235
21.3075,21.93198607073235
21.312,22.47498813197263
21.3165,22.47498813197263
21.321,22.7957735450667
21.3255,22.7957735450667
21.33,23.152481587666973
21.3345,23.152481587666973
21.339,23.766304324869086
21.3435,23.666551491284242
21.348,23.666551491284242
21.3525,24.38010484644962
21.357,24.38010484644962
21.3615,25.24368158997416
21.366,25.24368158997416
21.3705,26.218063157740175
21.375,26.218063157740175
21.3795,27.341319555408102
21.384,27.341319555408102
21.3885,28.52475846266564
21.393,28.52475846266564
21.3975,29.600770597826155
21.402,29.600770597826155
21.4065,30.553805963029422
21.411,30.57746529037182
21.4155,30.57746529037182
21.42,31.59485470111694
21.4245,31.59485470111694
21.429,32.57933307800266
21.4335,32.57933307800266
21.438,33.573095245198445
21.4425,33.573095245198445
21.447,34.652553862283675
21.4515,34.652553862283675
21.456,35.711787676394906
21.4605,35.711787676394906
21.465,36.91492069803595
21.4695,36.703763961726175
21.474,36.703763961726175
21.4785,37.69415904263407
21.483,37.69415904263407
21.4875,38.66649858135139
21.492,38.66649858135139
21.4965,39.75464021334701
21.501,39.75464021334701
21.5055,40.810525298707994
21.51,40.810525298707994
21.5145,41.91840625913219
21.519,41.82466503676401
21.5235,42.84354772059344
21.528,42.84354772059344
21.5325,43.89296418161387
21.537,43.729676988473805
21.5415,44.75140869476112
21.546,44.5943636347011
21.5505,44.5943636347011
21.555,45.43038691452033
21.5595,45.43038691452033
21.564,46.1092940887337
21.5685,46.1092940887337
21.573,46.801623568817725
21.5775,46.801623568817725
21.582,47.523199462311375
21.5865,47.523199462311375
21.591,48.36753149513591
21.5955,48.27258074458888
21.6,49.140894138135096
21.6045,49.01444072850254
21.609,49.01444072850254
21.6135,49.68666169946803
21.618,49.68666169946803
21.6225,50.3935529117298
21.627,50.3935529117298
21.6315,51.02889287260975
21.636,51.02889287260975
21.6405,51.561530973347175
21.645,51.561530973347175
21.6495,52.021946817265714
21.654,52.021946817265714
21.6585,52.56041716247264
21.663,52.52657230699327
21.6675,53.05288020393855
21.672,53.1508723623012
21.6765,53.68562391317921
21.681,53.90365732236994
21.6855,53.90365732236994
21.69,54.72320644288099
21.6945,54.72320644288099
21.699,55.63459105060284
21.7035,55.63459105060284
21.708,56.59097626078056
21.7125,56.59097626078056
21.717,57.111688443998446
21.7215,57.52129394660829
21.726,58.00075191525664
21.7305,58.55013942555862
21.735,58.947142961058724
21.7395,59.45539078839793
21.744,59.45539078839793
21.7485,60.26197273321485
21.753,60.63917129492389
21.7575,60.969333182349146
21.762,60.969333182349146
21.7665,61.615342404125734
21.771,61.615342404125734
21.7755,62.28468305479941
21.78,62.28468305479941
21.7845,62.69389656060654
21.789,62.930763677507514
21.7935,63.328511123463706
21.798,63.53417283409538
21.8025,63.86528617366823
21.807,64.0356619927054
21.8115,64.0356619927054
21.816,64.4446953808427
21.8205,64.64853047888178
21.825,64.76096672235205
21.8295,64.76096672235205
21.834,65.30799384718061
21.8385,65.30799384718061
21.843,65.55471404917596
21.8475,65.76443089153827
21.852,66.03972146436604
21.8565,66.30107447428055
21.861,66.64418481393076
21.8655,66.91190435301274
21.87,67.397619925223
21.8745,67.63155543877615
21.879,68.13147085237009
21.8835,68.38532459195518
21.888,68.91385699600141
21.8925,69.05194844141697
21.897,69.05194844141697
21.9015,69.59100113843832
21.906,69.73422805975808
21.9105,70.25823725618471
21.915,70.33130583541144
21.9195,70.79221403843177
21.924,70.82812266633063
21.9285,71.05376132967885
21.933,71.03199722932229
21.9375,71.15603893931812
21.942,71.12945767468393
21.9465,71.17093619303164
21.951,71.14062916794565
21.9555,71.12181036827909
21.96,71.07483443105015
21.9645,71.07483443105015
21.969,71.05123873723952
21.9735,71.0167675728358
21.978,71.03006607103188
21.9825,70.98780102762922
21.987,71.14058619586051
21.9915,71.12721388478782
21.996,71.305811759432
22.0005,71.29403491917492
22.005,71.30004811644332
22.0095,71.28531122339753
22.014,71.21354769317509
22.0185,71.18126805617406
22.023,71.02868217829699
22.0275,70.97976432536748
22.032,70.97976432536748
22.0365,70.74494292714598
22.041,70.65731403648154
22.0455,70.33012712064256
22.05,70.18934122843052
22.0545,69.80771837275908
22.059,69.6289609595139
22.0635,69.21117789663917
22.068,69.00618743245616
22.0725,68.5716953520885
22.077,68.32868770956141
22.0815,67.90516349306883
22.086,67.65798728178254
22.0905,67.23774867229433
22.095,67.23774867229433
22.0995,67.01214428704141
22.104,66.54047796741007
22.1085,66.33878438011081
22.113,65.80675673019572
22.1175,65.63036886599892
22.122,65.04861309406999
22.1265,64.80604254948751
22.131,64.1364166399743
22.1355,63.767964765358265
22.14,63.01031132021193
22.1445,62.590355051641296
22.149,61.81444081725666
22.1535,61.36225023545761
22.158,60.592054086309226
22.1625,60.592054086309226
22.167,59.427461749628236
22.1715,59.427461749628236
22.176,59.05519305237533
22.1805,58.479863651662775
22.185,58.20930490199425
22.1895,57.493069207655424
22.194,57.28587558068734
22.1985,56.709431481173404
22.203,56.530655208042134
22.2075,55.909650844225524
22.212,55.73167830382599
22.2165,55.0501774465921
22.221,55.0501774465921
22.2255,53.98440871899785
22.23,53.98440871899785
22.2345,52.756931714797055
22.239,52.756931714797055
22.2435,52.50815959368523
22.248,51.64850216566902
22.2525,51.545026254133845
22.257,50.84686037784658
22.2615,50.771812730455196
22.266,50.0223999934562
22.2705,50.00453372916134
22.275,49.28348257496444
22.2795,49.438865386615376
22.284,48.74104710046464
22.2885,48.74104710046464
22.293,48.095850730464804
22.2975,48.095850730464804
22.302,48.150091179883944
22.3065,47.374250306494886
22.311,47.48127254148101
22.3155,46.606267696520895
22.32,46.69339966981206
22.3245,45.728073356784975
22.329,45.89407190962692
22.3335,44.91718638221419
22.338,44.91533094378142
22.3425,44.00989301009416
22.347,44.00989301009416
22.3515,43.565916675906976
22.356,43.565916675906976
22.3605,42.931196544636215
22.365,42.931196544636215
22.3695,43.046620559510835
22.374,42.07560650508782
22.3785,42.20839603383182
22.383,41.20678555112039
22.3875,41.298127724980276
22.392,40.41832562769185
22.3965,40.42200354267706
22.401,39.56070903707036
22.4055,39.557307432892365
22.41,38.52923331968861
22.4145,38.52923331968861
22.419,37.532614851858156
22.4235,37.532614851858156
22.428,36.708223144395454
22.4325,36.708223144395454
22.437,36.82458782749608
22.4415,35.938009602612496
22.446,36.02002721769191
22.4505,35.11579258355691
22.455,35.11375549336407
22.4595,34.16856529788559
22.464,34.10170914059806
22.4685,33.15086967030287
22.473,33.15086967030287
22.4775,32.17766813516168
22.482,32.17766813516168
22.4865,31.19890477135311
22.491,31.19890477135311
22.4955,30.223533713310577
22.5,30.223533713310577
22.5045,29.46627220012166
22.509,29.46627220012166
22.5135,29.44370126796862
22.518,28.589790865797415
22.5225,28.509646046259274
22.527,27.536631498793533
22.5315,27.430313982752203
22.536,26.450888202850958
22.5405,26.450888202850958
22.545,25.382718748874574
22.5495,25.382718748874574
22.554,24.379771526072044
22.5585,24.379771526072044
22.563,23.360781249994652
22.5675,23.360781249994652
22.572,22.334968779796185
22.5765,22.334968779796185
22.581,22.346530684904202
22.5855,21.383117246982618
22.59,21.452244195346825
22.5945,20.462249763568455
22.599,20.462249763568455
22.6035,19.608420146032632
22.608,19.608420146032632
22.6125,18.868918774792544
22.617,18.868918774792544
22.6215,18.18799725780313
22.626,18.18799725780313
22.6305,17.53723462298249
22.635,17.53723462298249
22.6395,16.916631699126505
22.644,16.916631699126505
22.6485,17.033255287679143
22.653,16.189590271875336
22.6575,16.308618674641224
22.662,15.511554232916913
22.6665,15.511554232916913
22.671,14.875060494453486
22.6755,14.875060494453486
22.68,14.214038812511143
22.6845,14.214038812511143
22.689,13.568844207578277
22.6935,13.568844207578277
22.698,13.024264483276022
22.7025,13.024264483276022
22.707,13.043105025473558
22.7115,12.72782660423832
22.716,12.686055648139703
22.7205,12.686055648139703
22.725,12.686055648139703
22.7295,12.537887853429334
22.734,12.537887853429334
22.7385,12.482578075554091
22.743,12.482578075554091
22.7475,12.450141724546404
22.752,12.450141724546404
22.7565,12.350352775495482
22.761,12.350352775495482
22.7655,12.246184062873766
22.77,12.246184062873766
22.7745,12.1661988195544
22.779,12.1661988195544
22.7835,12.107145058694153
22.788,12.107145058694153
22.7925,12.107145058694153
22.797,12.07983254128798
22.8015,12.07983254128798
22.806,12.100026355254984
22.8105,12.100026355254984
22.815,12.081625666987279
22.8195,12.081625666987279
22.824,12.025673327997792
22.8285,12.025673327997792
22.833,12.028234173759245
22.8375,12.028234173759245
22.842,12.10155354387502
22.8465,12.10155354387502
22.851,12.214454429444183
22.8555,12.189170730465614
22.86,12.189170730465614
22.8645,12.283135751154132
22.869,12.283135751154132
22.8735,12.398355555679634
22.878,12.398355555679634
22.8825,12.546212902824829
22.887,12.546212902824829
22.8915,12.716925405787578
22.896,12.716925405787578
22.9005,12.914676460522783
22.905,12.914676460522783
22.9095,13.161664082153695
22.914,13.161664082153695
22.9185,13.599078117168512
22.923,13.472389517106649
22.9275,13.472389517106649
22.932,13.852251094055115
22.9365,13.852251094055115
22.941,14.232314091525826
22.9455,14.232314091525826
22.95,14.616014676429876
22.9545,14.616014676429876
22.959,15.032005071152074
22.9635,15.032005071152074
22.968,15.496138374630759
22.9725,15.496138374630759
22.977,16.081349124229522
22.9815,15.960724997501746
22.986,16.547554407708162
22.9905,16.438825328736343
22.995,16.438825328736343
22.9995,16.918450214462794
23.004,16.918450214462794
23.0085,17.49285146162323
23.013,17.49285146162323
23.0175,18.149181457093086
23.022,18.149181457093086
23.0265,18.886279059610988
23.031,18.886279059610988
23.0355,19.629689722381908
23.04,19.697412837947585
23.0445,20.462354080215622
23.049,20.498219785669136
23.0535,20.498219785669136
23.058,21.27883872119915
23.0625,22.083500008047807
23.067,22.071783538993856
23.0715,22.071783538993856
23.076,22.889801316334434
23.0805,22.889801316334434
23.085,23.710241598831296
23.0895,23.710241598831296
23.094,24.543106268913252
23.0985,24.543106268913252
23.103,25.35990181251786
23.1075,25.35990181251786
23.112,26.201593775491396
23.1165,26.139887422991503
23.121,26.960544115256624
23.1255,26.871510939672163
23.13,27.75075205813405
23.1345,27.690791555780137
23.139,27.690791555780137
23.1435,28.56649793005314
23.148,28.56649793005314
23.1525,29.448866893962595
23.157,29.448866893962595
23.1615,30.30542935862799
23.166,30.30542935862799
23.1705,31.14947659993437
23.175,31.13358438024259
23.1795,31.910988360070988
23.184,31.88913967237764
23.1885,32.67661485803545
23.193,32.61053848151796
23.1975,32.61053848151796
23.202,33.28482260457417
23.2065,33.28482260457417
23.211,33.98123407650801
23.2155,33.98123407650801
23.22,34.68287179832672
23.2245,34.68287179832672
23.229,35.368877077121184
23.2335,35.368877077121184
23.238,36.28062696240004
23.2425,36.08447655533909
23.247,37.02652304983475
23.2515,36.83695254270282
23.256,36.83695254270282
23.2605,37.57031958756847
23.265,38.44667206247324
23.2695,38.24786669983765
23.274,38.24786669983765
23.2785,38.94117005600399
23.283,38.94117005600399
23.2875,39.617948761842975
23.292,39.617948761842975
23.2965,40.52031199677054
23.301,40.32997145275378
23.3055,41.205218136000084
23.31,41.0762781732384
23.3145,41.973521824136256
23.319,41.85633985775838
23.3235,42.76487003683951
23.328,42.62220125024745
23.3325,43.46179480094743
23.337,43.28071961281435
23.3415,43.28071961281435
23.346,43.91774584008237
23.3505,43.91774584008237
23.355,44.60450287591203
23.3595,44.60450287591203
23.364,45.33656163306172
23.3685,45.28455893584259
23.373,46.001645711345255
23.3775,45.893357785851464
23.382,46.69883209302929
23.3865,46.625317214960084
23.391,47.40750343165669
23.3955,47.33631949095966
23.4,48.128609781012145
23.4045,48.012255210484895
23.409,48.012255210484895
23.4135,48.57236967732339
23.418,48.57236967732339
23.4225,49.25172400098215
23.427,48.96457310627357
23.4315,49.59173147608861
23.436,49.33575578304787
23.4405,49.92603244214351
23.445,49.77974216866349
23.4495,50.30974407188166
23.454,50.32832999256448
23.4585,50.8452762394345
23.463,50.921260946279475
23.4675,51.46880098295045
23.472,51.51133028143675
23.4765,51.51133028143675
23.481,52.088089177024855
23.4855,52.088089177024855
23.49,52.543135259988965
23.4945,52.62136197758927
23.499,53.037400372518974
23.5035,53.0802119506296
23.508,53.46773532385696
23.5125,53.52021955142926
23.517,53.86312514967099
23.5215,53.89409956932359
23.526,54.32934349921887
23.5305,54.401620873598134
23.535,54.833482906359954
23.5395,55.061791920849
23.544,55.061791920849
23.5485,55.55358435624914
23.553,55.86722529338825
23.5575,56.38045309484795
23.562,56.76459592232162
23.5665,57.26810639756756
23.571,57.67151130590012
23.5755,58.173237282360176
23.58,58.59282584275964
23.5845,59.06542555590622
23.589,59.511161875896754
23.5935,59.95971114966889
23.598,59.95971114966889
23.6025,60.82228402228821
23.607,61.2610083379172
23.6115,61.2610083379172
23.616,61.66838655859025
23.6205,62.0467163774906
23.625,62.457766531484125
23.6295,62.836480634628025
23.634,63.25056889556685
23.6385,63.6030239845009
23.643,64.0244889291287
23.6475,64.30499976222528
23.652,64.72748453203123
23.6565,65.04986829747985
23.661,65.44870401455343
23.6655,65.75841775037671
23.67,66.1640468400815
23.6745,66.1640468400815
23.679,66.9029051980894
23.6835,66.9029051980894
23.688,67.30296287896131
23.6925,67.71139357652423
23.697,68.1109007177529
23.7015,68.55752260529013
23.706,68.9347421952542
23.7105,69.40119507098501
23.715,69.80759876371373
23.7195,70.23800571669085
23.724,70.5922184848839
23.7285,70.9526511615192
23.733,71.30584302819675
23.7375,71.82210288005588
23.742,71.82210288005588
23.7465,72.69877235836664
23.751,72.69877235836664
23.7555,73.01598395464559
23.76,73.5488797633215
23.7645,73.80378461989568
23.769,74.32338533309233
23.7735,74.54429676525567
23.778,75.05487641002942
23.7825,75.28260415823593
23.787,75.76488028466406
23.7915,75.88573731399836
23.796,76.19490003190394
23.8005,76.19490003190394
23.805,76.53659295354527
23.8095,76.53659295354527
23.814,76.79604207922887
23.8185,76.79604207922887
23.823,76.77501318535187
23.8275,77.025992301219
23.832,76.97796689454029
23.8365,77.1781983716905
23.841,77.12819265095966
23.8455,77.27694156146818
23.85,77.21576981292833
23.8545,77.29628719283386
23.859,77.26446068201952
23.8635,77.29763562452625
23.868,77.29763562452625
23.8725,77.29030398721144
23.877,77.29030398721144
23.8815,77.27038670879891
23.886,77.27038670879891
23.8905,77.26526915602824
23.895,77.36980394595604
23.8995,77.36867810937463
23.904,77.34160994115871
23.9085,77.34747070922273
23.913,77.28237511249752
23.9175,77.28610559936769
23.922,77.37471162163375
23.9265,77.37471162163375
23.931,77.4926678517596
23.9355,77.4926678517596
23.94,77.60949859468525
23.9445,77.60949859468525
23.949,77.71145346270275
23.9535,77.71145346270275
23.958,77.71702931892263
23.9625,77.77858408661153
23.967,77.77316112347148
23.9715,77.77248582039547
23.976,77.74849595961255
23.9805,77.72262230876156
23.985,77.67595279677232
23.9895,77.65623775463847
23.994,77.65623775463847
23.9985,77.5339410414251
24.003,77.5339410414251
24.0075,77.3743142328354
24.012,77.3743142328354
24.0165,77.17328852956234
24.021,77.17328852956234
24.0255,76.95991589163108
24.03,76.95991589163108
24.0345,76.82594659609055
24.039,76.71896715401654
24.0435,76.59774599213765
24.048,76.49419249770654
24.0525,76.49419249770654
24.057,76.18309300766286
24.0615,76.18309300766286
24.066,75.77031314700027
24.0705,75.77031314700027
24.075,75.24155427262954
24.0795,75.24155427262954
24.084,74.62541521831263
24.0885,74.62541521831263
24.093,74.11202841973206
24.0975,74.11202841973206
24.102,73.83676605805236
24.1065,73.66886288212231
24.111,73.44777786641939
24.1155,73.3202544309025
24.12,73.3202544309025
24.1245,72.92030228138577
24.129,72.92030228138577
24.1335,72.60051802951726
24.138,72.60051802951726
24.1425,72.36564787412992
24.147,72.36564787412992
24.1515,72.23192125172363
24.156,72.23192125172363
24.1605,71.9377263937592
24.165,71.9377263937592
24.1695,71.72448962645964
24.174,71.48922353190642
24.1785,71.48922353190642
24.183,70.82481757150133
24.1875,70.82481757150133
24.192,70.29770277457185
24.1965,70.29770277457185
24.201,69.85552580717982
24.2055,69.85552580717982
24.21,69.40755381983779
24.2145,69.40755381983779
24.219,69.13584318799529
24.2235,69.13584318799529
24.228,68.85153356375427
24.2325,68.85153356375427
24.237,68.77068446189875
24.2415,68.45946215768582
24.246,68.45946215768582
24.2505,67.97386234330821
24.255,67.97386234330821
24.2595,67.33766775089846
24.264,67.33766775089846
24.2685,66.61076898196757
24.273,66.61076898196757
24.2775,65.90968055213443
24.282,65.90968055213443
24.2865,65.39682577414486
24.291,65.39682577414486
24.2955,64.9981112425949
24.3,64.9981112425949
24.3045,64.9981112425949
24.309,64.58034534824743
24.3135,64.58034534824743
24.318,64.14796043199777
24.3225,64.14796043199777
24.327,63.59778355733328
24.3315,63.59778355733328
24.336,62.9360766710538
24.3405,62.9360766710538
24.345,62.25346815520217
24.3495,62.25346815520217
24.354,61.50552821320929
24.3585,61.50552821320929
24.363,61.50326106754546
24.3675,60.879943487995824
24.372,60.879943487995824
24.3765,60.27567097921325
24.381,60.27567097921325
24.3855,59.73958976222533
24.39,59.73958976222533
24.3945,59.277296316966876
24.399,59.277296316966876
24.4035,58.75273172075104
24.408,58.75273172075104
24.4125,58.16680214287602
24.417,58.16680214287602
24.4215,57.70805411589216
24.426,57.70805411589216
24.4305,56.99575870414228
24.435,57.015730942168254
24.4395,57.015730942168254
24.444,56.29813163390815
24.4485,56.29813163390815
24.453,55.68753269628877
24.4575,55.68753269628877
24.462,55.19170547833634
24.4665,55.19170547833634
24.471,54.86322305469393
24.4755,54.86322305469393
24.48,54.53454195681147
24.4845,54.53454195681147
24.489,54.14297074304858
24.4935,54.14297074304858
24.498,54.14297074304858
24.5025,53.94091138880139
24.507,53.390024457678464
24.5115,53.461391835540354
24.516,53.461391835540354
24.5205,52.83716942602913
24.525,52.83716942602913
24.5295,52.177447680752245
24.534,52.177447680752245
24.5385,51.62156270314702
24.543,51.62156270314702
24.5475,51.016447894489836
24.552,51.016447894489836
24.5565,50.40906333721329
24.561,50.41876775877364
24.5655,49.72978410969134
24.57,49.74526841373501
24.5745,48.984246238149545
24.579,48.95423979631434
24.5835,48.95423979631434
24.588,48.13922357034639
24.5925,48.13922357034639
24.597,47.38146066712409
24.6015,47.38146066712409
24.606,46.58573441823248
24.6105,46.58573441823248
24.615,45.75807859436963
24.6195,45.75807859436963
24.624,44.97666068516641
24.6285,44.95044449421555
24.633,44.23002111195351
24.6375,44.25165896125232
24.642,43.56979718284306
24.6465,43.66612348440624
24.651,43.66612348440624
24.6555,43.10949560130115
24.66,43.10949560130115
24.6645,42.51194182709876
24.669,42.51194182709876
24.6735,41.822160194699165
24.678,41.822160194699165
24.6825,41.13330494187484
24.687,41.05958444447071
24.6915,40.369912272019775
24.696,40.32092471687974
24.7005,39.635957010687655
24.705,39.55221274570651
24.7095,38.88350520498284
24.714,38.808903751255336
24.7185,38.808903751255336
24.723,38.055800276145725
24.7275,38.055800276145725
24.732,37.26615154320856
24.7365,37.26615154320856
24.741,36.464036508737635
24.7455,36.464036508737635
24.75,35.67323929603989
24.7545,35.70556145969
24.759,34.92847116604799
24.7635,34.99663418649604
24.768,34.24701490992237
24.7725,34.341728473652985
24.777,33.60651328421118
24.7815,33.70011403991312
24.786,33.70011403991312
24.7905,33.02739231855618
24.795,33.02739231855618
24.7995,32.31258312703559
24.804,32.31258312703559
24.8085,31.480597875336226
24.813,31.521565586623176
24.8175,30.645582232450977
24.822,30.680263663959444
24.8265,29.77306402702592
24.831,29.84227859889211
24.8355,28.90778853956706
24.84,28.92967219619826
24.8445,28.92967219619826
24.849,28.02863793149573
24.8535,27.182096837087148
24.858,27.224560472569618
24.8625,27.224560472569618
24.867,26.503157600660348
24.8715,26.503157600660348
24.876,25.69394509686376
24.8805,25.797018090519327
24.885,24.9708660273347
24.8895,25.092366503526947
24.894,24.257451203060896
24.8985,24.452969076899194
24.903,23.6262782229966
24.9075,23.808401847687684
24.912,22.994807877321247
24.9165,23.166531311178424
24.921,22.376645485376365
24.9255,22.515261857201214
24.93,22.515261857201214
24.9345,21.870037878572084
24.939,21.870037878572084
24.9435,21.08615428882772
24.948,21.19337456959108
24.9525,20.41512275944432
24.957,20.538590172411983
24.9615,19.759137960201464
24.966,19.882043849596883
24.9705,19.106611619604195
24.975,19.259393045219824
24.9795,18.498248555391285
24.984,18.709397032082045
24.9885,18.709397032082045
24.993,18.23365286225165
24.9975,18.23365286225165
25.002,17.66194286223509
25.0065,17.835875344817634
25.011,17.43428269564923
25.0155,17.517995138288587
25.02,17.293680849821374
25.0245,17.25419729123093
25.029,17.15051238514626
25.0335,17.060351543063526
25.038,17.01296840089985
25.0425,16.94142212337591
25.047,16.828049917360648
25.0515,16.759711564237456
25.056,16.628951449517928
25.0605,16.591614564165493
25.065,16.591614564165493
25.0695,16.474373268332258
25.074,16.445985159040088
25.0785,16.335143217162937
25.083,16.310971025322615
25.0875,16.238944733320466
25.092,16.206984695690217
25.0965,16.246212205080298
25.101,16.20267317498116
25.1055,16.292606448992437
25.11,16.248409254412792
25.1145,16.367009486096965
25.119,16.318913884287564
25.1235,16.447375851070337
25.128,16.447375851070337
25.1325,16.401936280941495
25.137,16.446457704691266
25.1415,16.39127770140526
25.146,16.412671140185097
25.1505,16.347548274458926
25.155,16.375609740531
25.1595,16.31152918392933
25.164,16.350100463259153
25.1685,16.2823017180923
25.173,16.31864476653929
25.1775,16.261977664930946
25.182,16.278861420805676
25.1865,16.278861420805676
25.191,16.252969945104486
25.1955,16.252969945104486
25.2,16.248417302249667
25.2045,16.238528814154485
25.209,16.257874080931934
25.2135,16.231980534064466
25.218,16.248452483960754
25.2225,16.20407484389679
25.227,16.204307519420187
25.2315,16.15397544451695
25.236,16.14278073849193
25.2405,16.101611761370197
25.245,16.07777471519655
25.2495,16.060965287774923
25.254,16.060965287774923
25.2585,16.009843404591493
25.263,16.009843404591493
25.2675,15.974571591755078
25.272,15.94432639007711
25.2765,15.904751716911031
25.281,15.854517132331686
25.2855,15.829661110213927
25.29,15.760804870277596
25.2945,15.742256733417445
25.299,15.737260707974986
25.3035,15.724771298581093
25.308,15.636770536830278
25.3125,15.627278472217537
25.317,15.470583841875397
25.3215,15.470583841875397
25.326,15.33351673518163
25.3305,15.33351673518163
25.335,15.19911290904117
25.3395,15.19911290904117
25.344,15.16772807230624
25.3485,15.02857362683579
25.353,14.985703359784116
25.3575,14.836670253401168
25.362,14.785379288383947
25.3665,14.649416668782514
25.371,14.587839082239359
25.3755,14.491823122024421
25.38,14.491823122024421
25.3845,14.373796842953405
25.389,14.373796842953405
25.3935,14.253211546241367
25.398,14.253211546241367
25.4025,14.096114686432758
25.407,14.096114686432758
25.4115,14.048324043574583
25.416,13.937871586903167
25.4205,13.910592089234438
25.425,13.797416189730399
25.4295,13.782246500742753
25.434,13.653505132070023
25.4385,13.645394857200614
25.443,13.5010973389784
25.4475,13.5010973389784
25.452,13.37930472842882
25.4565,13.37930472842882
25.461,13.269853174534358
25.4655,13.269853174534358
25.47,13.159239298086252
25.4745,13.159239298086252
25.479,13.13338691330998
25.4835,13.026211334906003
25.488,13.000688448519687
25.4925,12.901606543994214
25.497,12.883200497009582
25.5015,12.812872055971233
25.506,12.812872055971233
25.5105,12.74475696887167
25.515,12.74475696887167
25.5195,12.662671745136011
25.524,12.662671745136011
25.5285,12.555709041187937
25.533,12.555709041187937
25.5375,12.426186205801384
25.542,12.426186205801384
25.5465,12.402717161490207
25.551,12.305823619191107
25.5555,12.28999614929951
25.56,12.219397908330675
25.5645,12.192198452179223
25.569,12.156690990758523
25.5735,12.156690990758523
25.578,12.12095692079572
25.5825,12.12095692079572
25.587,12.076160202912998
25.5915,12.076160202912998
25.596,12.03444218968303
25.6005,12.03444218968303
25.605,11.997471665385241
25.6095,11.997471665385241
25.614,11.995283845547611
25.6185,11.955266547875135
25.623,11.93981951642533
25.6275,11.898909346667628
25.632,11.898909346667628
25.6365,11.830969210672649
25.641,11.830969210672649
25.6455,11.77079648998095
25.65,11.77079648998095
25.6545,11.704227903197083
25.659,11.704227903197083
25.6635,11.611153605146333
25.668,11.611153605146333
25.6725,11.494340283337518
25.677,11.494340283337518
25.6815,11.487950154886278
25.686,11.389231164695033
25.6905,11.402817763741046
25.695,11.314314260000263
25.6995,11.314314260000263
25.704,11.240882425570677
25.7085,11.240882425570677
25.713,11.160134650029539
25.7175,11.160134650029539
25.722,11.077220863095786
25.7265,11.077220863095786
25.731,10.932006734783876
25.7355,10.932006734783876
25.74,10.76721310896064
25.7445,10.76721310896064
25.749,10.729927984007196
25.7535,10.648207960395835
25.758,10.648207960395835
25.7625,10.548729427577962
25.767,10.548729427577962
25.7715,10.40545195347242
25.776,10.40545195347242
25.7805,10.279984367956986
25.785,10.279984367956986
25.7895,10.197790748422955
25.794,10.197790748422955
25.7985,10.117051138697594
25.803,10.117051138697594
25.8075,10.061300123013309
25.812,10.061300123013309
25.8165,9.985125117271751
25.821,9.985125117271751
25.8255,9.985125117271751
25.83,9.904496411268788
25.8345,9.904496411268788
25.839,9.81992550115311
25.8435,9.81992550115311
25.848,9.718753784860082
25.8525,9.718753784860082
25.857,9.61066396477307
25.8615,9.61066396477307
25.866,9.507725721320345
25.8705,9.507725721320345
25.875,9.461717815125803
25.8795,9.461717815125803
25.884,9.359733494516655
25.8885,9.3792064538163
25.893,9.3792064538163
25.8975,9.283605836537262
25.902,9.283605836537262
25.9065,9.217292305405932
25.911,9.217292305405932
25.9155,9.174326177524412
25.92,9.174326177524412
25.9245,9.11724920791269
25.929,9.11724920791269
25.9335,9.023388969915764
25.938,9.023388969915764
25.9425,8.914419937260426
25.947,8.914419937260426
25.9515,8.805350782276353
25.956,8.800650914032031
25.9605,8.800650914032031
25.965,8.690637012319511
25.9695,8.690637012319511
25.974,8.58057479798859
25.9785,8.58057479798859
25.983,8.477512278459795
25.9875,8.477512278459795
25.992,8.37754813684473
25.9965,8.37754813684473
26.001,8.285899982021476
26.0055,8.285899982021476
26.01,8.182061970016548
26.0145,8.177947343505284
26.019,8.078633185882085
26.0235,8.066987188244408
26.028,8.066987188244408
26.0325,7.948220963989233
26.037,7.948220963989233
26.0415,7.831698993543738
26.046,7.831698993543738
26.0505,7.729084282183657
26.055,7.729084282183657
26.0595,7.625812725009431
26.064,7.625812725009431
26.0685,7.50993181291328
26.073,7.50993181291328
26.0775,7.400859155885424
26.082,7.379702063003326
26.0865,7.270682358673025
26.091,7.248248376721574
26.0955,7.248248376721574
26.1,7.135303573926481
26.1045,7.135303573926481
26.109,7.032734577901288
26.1135,7.032734577901288
26.118,6.937350883569161
26.1225,6.937350883569161
26.127,6.842352594726879
26.1315,6.842352594726879
26.136,6.749763426447704
26.1405,6.767469397117805
26.145,6.679966418487309
26.1495,6.70135885264687
26.154,6.60623682313894
26.1585,6.619843464476197
26.163,6.619843464476197
26.1675,6.522092758575591
26.172,6.522092758575591
26.1765,6.425497895190848
26.181,6.425497895190848
26.1855,6.32302412870195
26.19,6.32302412870195
26.1945,6.225790346937668
26.199,6.225790346937668
26.2035,6.157556873347092
26.208,6.132451236289795
26.2125,6.066427464707959
26.217,6.0375895742143655
26.2215,5.966786438286301
26.226,5.937932569972413
26.2305,5.937932569972413
26.235,5.841012476506061
26.2395,5.841012476506061
26.244,5.7510194718472345
26.2485,5.7510194718472345
26.253,5.680028401788831
26.2575,5.680028401788831
26.262,5.603794475902125
26.2665,5.600713582208161
26.271,5.522326709901303
26.2755,5.515801666286137
26.28,5.466050404857282
26.2845,5.456194400968286
26.289,5.4080915249242905
26.2935,5.393922044839084
26.298,5.339554083571436
26.3025,5.317536690469408
26.307,5.317536690469408
26.3115,5.265701295576524
26.316,5.265701295576524
26.3205,5.2533050516335065
26.325,5.2533050516335065
26.3295,5.252455863695073
26.334,5.2392348177395265
26.3385,5.213062357015816
26.343,5.198947896427341
26.3475,5.186783116008995
26.352,5.171078185626287
26.3565,5.159107528196835
26.361,5.1384982023688615
26.3655,5.104578765490179
26.37,5.088708113692341
26.3745,5.088708113692341
26.379,5.035765626597933
26.3835,5.035765626597933
26.388,4.989022326340726
26.3925,5.016259999440617
26.397,4.966638215368158
26.4015,5.007710992897721
26.406,4.9510618375661934
26.4105,4.998849830450196
26.415,4.926819839830536
26.4195,4.979754964666501
26.424,4.897590973138757
26.4285,4.943811185242333
26.433,4.8573364811314335
26.4375,4.901286469354782
26.442,4.901286469354782
26.4465,4.831290177393685
26.451,4.831290177393685
26.4555,4.735794901633066
26.46,4.7524949147861415
26.4645,4.6672528632035375
26.469,4.665642682312485
26.4735,4.593820060001243
26.478,4.576449373908383
26.4825,4.509104978681667
26.487,4.484492729491839
26.4915,4.419655143740154
26.496,4.398414035531607
26.5005,4.352912516445587
26.505,4.336657088336457
26.5095,4.336657088336457
26.514,4.284464180374964
26.5185,4.266358298421259
26.523,4.19949625929616
26.5275,4.184864845802112
26.532,4.1230882675883125
26.5365,4.111150682720405
26.541,4.0533500116652865
26.5455,4.041664750285148
26.55,3.972208422837498
26.5545,3.9635734950880366
26.559,3.886916058655069
26.5635,3.880313396962528
26.568,3.8213970928362273
26.5725,3.8110120702194323
26.577,3.8110120702194323
26.5815,3.759644304193488
26.586,3.751659836105304
26.5905,3.694817926803816
26.595,3.687830294148319
26.5995,3.626731830506162
26.604,3.6120986196697364
26.6085,3.564413131839362
26.613,3.550861795733659
26.6175,3.508274611039299
26.622,3.4933025158287903
26.6265,3.4439440288340615
26.631,3.4446808942581715
26.6355,3.3989860934014042
26.64,3.3989860934014042
26.6445,3.401139869593254
26.649,3.355354539054253
26.6535,3.3644970445297404
26.658,3.3018325017906136
26.6625,3.30937914030728
26.667,3.2390032417582653
26.6715,3.2516666624535326
26.676,3.1892685185017084
26.6805,3.200536573296851
26.685,3.1381631507435914
26.6895,3.1465733264109628
26.694,3.0831565685090774
26.6985,3.092106999545102
26.703,3.0304970877616633
26.7075,3.0304970877616633
26.712,2.971636663433467
26.7165,2.971636663433467
26.721,2.9692879064178253
26.7255,2.9102054644357356
26.73,2.912621162680004
26.7345,2.8629662040055894
26.739,2.867912442607206
26.7435,2.8103079569029914
26.748,2.8173533406713784
26.7525,2.7611547572378248
26.757,2.764642481726223
26.7615,2.7149750106618242
26.766,2.7149750106618242
26.7705,2.684925274900792
26.775,2.684925274900792
26.7795,2.6581789398268674
26.784,2.6581789398268674
26.7885,2.678647713598623
26.793,2.630749829283303
26.7975,2.6404630696940496
26.802,2.599176536931918
26.8065,2.60315348834154
26.811,2.580058801994873
26.8155,2.582332305016459
26.82,2.550137475041701
26.8245,2.5492685938064175
26.829,2.4951982878663057
26.8335,2.4951982878663057
26.838,2.450632195344155
26.8425,2.450632195344155
26.847,2.4210103987328337
26.8515,2.4210103987328337
26.856,2.4242681101167594
26.8605,2.3724829701275594
26.865,2.3764727155075933
26.8695,2.3263457915847674
26.874,2.341821162784738
26.8785,2.3103861213305863
26.883,2.3175522936676423
26.8875,2.29590499847695
26.892,2.29590499847695
26.8965,2.2683491644472977
26.901,2.2683491644472977
26.9055,2.2326630472897224
26.91,2.2326630472897224
26.9145,2.213322105498012
26.919,2.213322105498012
26.9235,2.2337702573010696
26.928,2.2130912287833446
26.9325,2.225537835927169
26.937,2.208171506721721
26.9415,2.2022403941072795
26.946,2.1744436154708717
26.9505,2.15873711648108
26.955,2.128495076889108
26.9595,2.128495076889108
26.964,2.106619492422518
26.9685,2.106619492422518
26.973,2.0892754503712347
26.9775,2.0892754503712347
26.982,2.0540319107866147
26.9865,2.0540319107866147
26.991,2.0434129665454677
26.9955,2.024427502969044
27.0,2.0325971567158425
27.0045,2.023274104534203
27.009,2.0527240873349886
27.0135,2.0580684731684653
27.018,2.095612990218436
27.0225,2.109405915524228
27.027,2.109405915524228
27.0315,2.174424712850834
27.036,2.174424712850834
27.0405,2.245834577137849
27.045,2.245834577137849
27.0495,2.3279175434205595
27.054,2.3279175434205595
27.0585,2.3492109104191163
27.063,2.411567117588354
27.0675,2.427887189091488
27.072,2.503936445976657
27.0765,2.5204058926545203
27.081,2.5805090726133235
27.0855,2.5805090726133235
27.09,2.6505658417682643
27.0945,2.6505658417682643
27.099,2.7061317784220953
27.1035,2.7061317784220953
27.108,2.7342966440693264
27.1125,2.7342966440693264
27.117,2.738371761048735
27.1215,2.738371761048735
27.126,2.759831552033172
27.1305,2.759831552033172
27.135,2.7565056689066134
27.1395,2.8023660058047737
27.144,2.8023660058047737
27.1485,2.815600575499367
27.153,2.815600575499367
27.1575,2.806045249662593
27.162,2.806045249662593
27.1665,2.79810337362414
27.171,2.79810337362414
27.1755,2.799148117750841
27.18,2.799148117750841
27.1845,2.791700034147389
27.189,2.791700034147389
27.1935,2.800679800453537
27.198,2.800679800453537
27.2025,2.809769700372137
27.207,2.8322907950472596
27.2115,2.8322907950472596
27.216,2.8470610577356843
27.2205,2.8470610577356843
27.225,2.8429397437710824
27.2295,2.8429397437710824
27.234,2.8444112541292697
27.2385,2.8444112541292697
27.243,2.8424894651723207
27.2475,2.8424894651723207
27.252,2.8396680185886005
27.2565,2.8396680185886005
27.261,2.8385712960322302
27.2655,2.8385712960322302
27.27,2.8392586653759273
27.2745,2.8466359112891046
27.279,2.8466359112891046
27.2835,2.8472829499168575
27.288,2.8472829499168575
27.2925,2.855906838066188
27.297,2.855906838066188
27.3015,2.863905892119197
27.306,2.863905892119197
27.3105,2.8829109888052393
27.315,2.8829109888052393
27.3195,2.9078440451220025
27.324,2.9078440451220025
27.3285,2.934849343654654
27.333,2.934849343654654
27.3375,2.934849343654654
27.342,2.9495062967256174
27.3465,2.9495062967256174
27.351,2.9539187188902494
27.3555,2.9539187188902494
27.36,2.9702976664307843
27.3645,2.9702976664307843
27.369,2.9841756287657657
27.3735,2.9841756287657657
27.378,3.0122304791645154
27.3825,3.0122304791645154
27.387,3.0385573678066624
27.3915,3.0385573678066624
27.396,3.0407611208746226
27.4005,3.0407611208746226
27.405,3.0407611208746226
27.4095,3.051607919298013
27.414,3.051607919298013
27.4185,3.091594009481784
27.423,3.091594009481784
27.4275,3.1317140308510805
27.432,3.1317140308510805
27.4365,3.1687795312287648
27.441,3.1687795312287648
27.4455,3.2014624256363824
27.45,3.2014624256363824
27.4545,3.233823785054937
27.459,3.233823785054937
27.4635,3.260078876648796
27.468,3.2709397557766264
27.4725,3.2709397557766264
27.477,3.307735176129836
27.4815,3.307735176129836
27.486,3.326904869337268
27.4905,3.326904869337268
27.495,3.357870940622751
27.4995,3.357870940622751
27.504,3.383540805657194
27.5085,3.383540805657194
27.513,3.419628659813609
27.5175,3.419628659813609
27.522,3.462026996010284
27.5265,3.462026996010284
27.531,3.482071904358638
27.5355,3.4839239045950685
27.54,3.4839239045950685
27.5445,3.486909242371599
27.549,3.486909242371599
27.5535,3.495602337191139
27.558,3.495602337191139
27.5625,3.512494403626804
27.567,3.512494403626804
27.5715,3.5510497051214234
27.576,3.5510497051214234
27.5805,3.5980050065499354
27.585,3.5980050065499354
27.5895,3.63473445872647
27.594,3.6403981185057774
27.5985,3.6704423190663493
27.603,3.6734978367497746
27.6075,3.6991514827910303
27.612,3.69578522423193
27.6165,3.69578522423193
27.621,3.7186771120682556
27.6255,3.7186771120682556
27.63,3.7416579861045456
27.6345,3.7416579861045456
27.639,3.7660876090215107
27.6435,3.7660876090215107
27.648,3.7907125097133587
27.6525,3.7907125097133587
27.657,3.8212244384951126
27.6615,3.8153226915703744
27.666,3.846127649645934
27.6705,3.8481173714678176
27.675,3.8805087836741796
27.6795,3.8863965605188753
27.684,3.8863965605188753
27.6885,3.930351181253734
27.693,3.930351181253734
27.6975,3.979582300394221
27.702,3.979582300394221
27.7065,4.025478365179778
27.711,4.025478365179778
27.7155,4.06129506754357
27.72,4.0637310048423165
27.7245,4.0907974704308065
27.729,4.085414437768332
27.7335,4.107623432444884
27.738,4.098386919728798
27.7425,4.133304456252306
27.747,4.131447536823615
27.7515,4.131447536823615
27.756,4.174991883285762
27.7605,4.174991883285762
27.765,4.2145511734226995
27.7695,4.2145511734226995
27.774,4.24342063706395
27.7785,4.24342063706395
27.783,4.271353638521988
27.7875,4.267579637298739
27.792,4.296858897949049
27.7965,4.298028520825535
27.801,4.328867386306458
27.8055,4.327631408103404
27.81,4.360362318462995
27.8145,4.360245882263938
27.819,4.360245882263938
27.8235,4.389669039906709
27.828,4.389669039906709
27.8325,4.4184519724983495
27.837,4.4184519724983495
27.8415,4.4728279085325555
27.846,4.4692938426502815
27.8505,4.509375593833318
27.855,4.511684025808271
27.8595,4.535200291545496
27.864,4.539670034250769
27.8685,4.5451312363185465
27.873,4.5451637944751955
27.8775,4.558869578839866
27.882,4.5542630705135565
27.8865,4.5542630705135565
27.891,4.584052126679791
27.8955,4.584052126679791
27.9,4.630722004603594
27.9045,4.630722004603594
27.909,4.66818063894629
27.9135,4.6748243313926565
27.918,4.705842649704647
27.9225,4.709520055272077
27.927,4.737725727211245
27.9315,4.7354426500765685
27.936,4.771994955091221
27.9405,4.776982664849929
27.945,4.808546896426409
27.9495,4.81585707518159
27.954,4.81585707518159
27.9585,4.83848699775099
27.963,4.83848699775099
27.9675,4.859600455411407
27.972,4.8588369256615955
27.9765,4.872469109086445
27.981,4.8734554293939105
27.9855,4.908101563862921
27.99,4.904343714124233
27.9945,4.938882820726102
27.999,4.935645954883659
28.0035,4.969291432229782
28.008,4.966823122202158
28.0125,4.995651893954181
28.017,4.993797226939001
28.0215,4.993797226939001
28.026,5.024109220812384
28.0305,5.024109220812384
28.035,5.049576835123244
28.0395,5.05828796282113
28.044,5.088197398719465
28.0485,5.094920985009827
28.053,5.121318466498181
28.0575,5.125173023167286
28.062,5.156507396639511
28.0665,5.153016967051181
28.071,5.1944613742045656
28.0755,5.193615589540382
28.08,5.220493907297188
28.0845,5.220438752608513
28.089,5.246975642687283
28.0935,5.246975642687283
28.098,5.2406964424051425
28.1025,5.266610986467458
28.107,5.2618218893954065
28.1115,5.284242807821987
28.116,5.282931193350193
28.1205,5.2963556527225695
28.125,5.30706559538785
28.1295,5.3324008442657895
28.134,5.353069481330533
28.1385,5.385781834920322
28.143,5.405921980486681
28.1475,5.445249071152704
28.152,5.457352094831522
28.1565,5.48956154352445
28.161,5.48956154352445
28.1655,5.479255365649895
28.17,5.509969957048961
28.1745,5.494414816059443
28.179,5.531187806562117
28.1835,5.527794519474483
28.188,5.5570792065146
28.1925,5.554646970838963
28.197,5.575667440214807
28.2015,5.573900914408591
28.206,5.58921990655126
28.2105,5.5875324655945064
28.215,5.602667734169028
28.2195,5.602667734169028
28.224,5.636992374423373
28.2285,5.636992374423373
28.233,5.6387658741691995
28.2375,5.680847026941794
28.242,5.687947308585474
28.2465,5.71897786088715
28.251,5.728880185260693
28.2555,5.754303195681343
28.26,5.766743954275939
28.2645,5.781378294526553
28.269,5.7849139144744095
28.2735,5.8063801534582415
28.278,5.800891673006961
28.2825,5.8392659251263925
28.287,5.8392659251263925
28.2915,5.8713177120714235
28.296,5.8713177120714235
28.3005,5.870045797360214
28.305,5.895819101814791
28.3095,5.897255821081426
28.314,5.9253165115662645
28.3185,5.928864361231716
28.323,5.95481843796292
28.3275,5.965251493703575
28.332,6.0079392384570856
28.3365,6.021275714167741
28.341,6.074073369179937
28.3455,6.074073369179937
28.35,6.126492103534033
28.3545,6.126492103534033
28.359,6.1773601234074595
28.3635,6.1773601234074595
28.368,6.177689733444834
28.3725,6.218488727587431
28.377,6.213024000874899
28.3815,6.246269989764744
28.386,6.23993098588994
28.3905,6.28098380134698
28.395,6.282165174744338
28.3995,6.322372979365122
28.404,6.322537518774506
28.4085,6.354979197497232
28.413,6.354979197497232
28.4175,6.398116210435841
28.422,6.398116210435841
28.4265,6.448054903092523
28.431,6.448054903092523
28.4355,6.463373493526998
28.44,6.4897494250245344
28.4445,6.500097213483149
28.449,6.5200002361444325
28.4535,6.531364121675622
28.458,6.547238419057103
28.4625,6.551937921456414
28.467,6.581728476880123
28.4715,6.581728476880123
28.476,6.626311928076867
28.4805,6.626311928076867
28.485,6.6701726305749744
28.4895,6.6701726305749744
28.494,6.692609720923757
28.4985,6.692609720923757
28.503,6.6997077763386805
28.5075,6.6997077763386805
28.512,6.700692060171971
28.5165,6.708232678169899
28.521,6.711714114168821
28.5255,6.722256146645343
28.53,6.725052381491064
28.5345,6.748029000988944
28.539,6.748029000988944
28.5435,6.773204563698037
28.548,6.773204563698037
28.5525,6.78403477945264
28.557,6.78403477945264
28.5615,6.802179556911712
28.566,6.802179556911712
28.5705,6.830862791187473
28.575,6.830862791187473
28.5795,6.836021694635934
28.584,6.8627912557865285
28.5885,6.8638551531885295
28.593,6.884353667941694
28.5975,6.884353667941694
28.602,6.916431841796649
28.6065,6.916431841796649
28.611,6.9380521928071675
28.6155,6.9380521928071675
28.62,6.9565568588463185
28.6245,6.9565568588463185
28.629,6.973436811390111
28.6335,6.973436811390111
28.638,6.988810568425257
28.6425,6.988810568425257
28.647,6.98707083086243
28.6515,6.996786245340666
28.656,6.997627368370961
28.6605,7.006886328526678
28.665,7.006886328526678
28.6695,7.038943236316851
28.674,7.038943236316851
28.6785,7.083223865463221
28.683,7.083223865463221
28.6875,7.120989453868188
28.692,7.120989453868188
28.6965,7.147112412354309
28.701,7.147112412354309
28.7055,7.15310657819172
28.71,7.15310657819172
28.7145,7.1424109562950155
28.719,7.1464743070221335
28.7235,7.1464743070221335
28.728,7.1235801330721245
28.7325,7.1235801330721245
28.737,7.102362378425618
28.7415,7.102362378425618
28.746,7.096121888030773
28.7505,7.096121888030773
28.755,7.107878853744237
28.7595,7.107878853744237
28.764,7.119073981216291
28.7685,7.119073981216291
28.773,7.120453323972358
28.7775,7.120453323972358
28.782,7.119882346687959
28.7865,7.126744943849283
28.791,7.126744943849283
28.7955,7.152222581560067
28.8,7.152222581560067
28.8045,7.184820673387464
28.809,7.184820673387464
28.8135,7.212693615902156
28.818,7.212693615902156
28.8225,7.217863295063396
28.827,7.217863295063396
28.8315,7.211725266031276
28.836,7.211725266031276
28.8405,7.21759424539566
28.845,7.21759424539566
28.8495,7.1985765807845885
28.854,7.230709957372544
28.8585,7.230709957372544
28.863,7.244875826488231
28.8675,7.244875826488231
28.872,7.2611000327856186
28.8765,7.2611000327856186
28.881,7.282932198754337
28.8855,7.282932198754337
28.89,7.315772092061928
28.8945,7.315772092061928
28.899,7.356559725356431
28.9035,7.356559725356431
28.908,7.391231776585437
28.9125,7.391231776585437
28.917,7.418043554651552
28.9215,7.406939015136837
28.926,7.406939015136837
28.9305,7.422235475914418
28.935,7.422235475914418
28.9395,7.4209299493124385
28.944,7.4209299493124385
28.9485,7.441530564581598
28.953,7.441530564581598
28.9575,7.481940777273185
28.962,7.481940777273185
28.9665,7.532490592128738
28.971,7.532490592128738
28.9755,7.570717096169364
28.98,7.570717096169364
28.9845,7.596138046255942
28.989,7.59628111308727
28.9935,7.59628111308727
28.998,7.633062150292717
29.0025,7.633062150292717
29.007,7.6733244820471125
29.0115,7.6733244820471125
29.016,7.714399595738907
29.0205,7.714399595738907
29.025,7.746554333116786
29.0295,7.746554333116786
29.034,7.769202645338422
29.0385,7.769202645338422
29.043,7.802476411047836
29.0475,7.805313614053061
29.052,7.843904831370451
29.0565,7.846248744773158
29.061,7.846248744773158
29.0655,7.886464224920594
29.07,7.886464224920594
29.0745,7.915294863450662
29.079,7.915294863450662
29.0835,7.933443463193477
29.088,7.933443463193477
29.0925,7.945117896979637
29.097,7.945117896979637
29.1015,7.962938262797845
29.106,7.962938262797845
29.1105,7.98853866864073
29.115,7.980850085912765
29.1195,8.005043361280608
29.124,7.999571423889241
29.1285,7.999571423889241
29.133,8.022772929446791
29.1375,8.022772929446791
29.142,8.05327026018339
29.1465,8.05327026018339
29.151,8.075331431702125
29.1555,8.075331431702125
29.16,8.083793834729594
29.1645,8.083793834729594
29.169,8.09951154930806
29.1735,8.087731632441246
29.178,8.122466775555464
29.1825,8.10857318494525
29.187,8.145912725722498
29.1915,8.13779376408324
29.196,8.13779376408324
29.2005,8.155788641618878
29.205,8.155788641618878
29.2095,8.171110483597769
29.214,8.171110483597769
29.2185,8.188953580745476
29.223,8.188953580745476
29.2275,8.202793752734895
29.232,8.202793752734895
29.2365,8.225957174579397
29.241,8.228369212619937
29.2455,8.2453746261661
29.25,8.247570380505037
29.2545,8.266120149555956
29.259,8.266182328238564
29.2635,8.266182328238564
29.268,8.285913186880121
29.2725,8.285913186880121
29.277,8.30801130742665
29.2815,8.30801130742665
29.286,8.322350082367862
29.2905,8.322350082367862
29.295,8.339918446527227
29.2995,8.344693689014925
29.304,8.36014394627362
29.3085,8.362280152494714
29.313,8.389407683608871
29.3175,8.390927497224416
29.322,8.417763492553386
29.3265,8.423655572589432
29.331,8.423655572589432
29.3355,8.45166036236837
29.34,8.45166036236837
29.3445,8.48429547252624
29.349,8.48429547252624
29.3535,8.505785023960447
29.358,8.505785023960447
29.3625,8.518776085976684
29.367,8.521729782002199
29.3715,8.533357012756223
29.376,8.528667434901303
29.3805,8.54750718150984
29.385,8.539456252151814
29.3895,8.566054214910428
29.394,8.56532225910076
29.3985,8.578094518380976
29.403,8.576663067640894
29.4075,8.576663067640894
29.412,8.586606010488566
29.4165,8.586606010488566
29.421,8.590282453961791
29.4255,8.59746561777336
29.43,8.602495565837462
29.4345,8.60709737973219
29.439,8.616234108117716
29.4435,8.618776496577215
29.448,8.635058560930467
29.4525,8.63892448511225
29.457,8.662263984663086
29.4615,8.671196255105484
29.466,8.693535246802126
29.4705,8.697341636522403
29.475,8.697341636522403
29.4795,8.719785171835511
29.484,8.719785171835511
29.4885,8.744655054286767
29.493,8.742818879550246
29.4975,8.756292206752073
29.502,8.75096107327406
29.5065,8.759352463200765
29.511,8.75493764089129
29.5155,8.766732064998159
29.52,8.766929602381273
29.5245,8.779149544165412
29.529,8.782728924042509
29.5335,8.80078432965595
29.538,8.802416822300797
29.5425,8.802416822300797
29.547,8.813976485782023
29.5515,8.801091588180086
29.556,8.805972756605842
29.5605,8.78715182657339
29.565,8.788862594828897
29.5695,8.776232757225479
29.574,8.773715661978935
29.5785,8.77870288146437
29.583,8.785303197482826
29.5875,8.80178914763199
29.592,8.821883011637246
29.5965,8.845043378653568
29.601,8.872938853705438
29.6055,8.88960633156221
29.61,8.88960633156221
29.6145,8.896522062117393
29.619,8.897167541350584
29.6235,8.890065303555302
29.628,8.877422030703238
29.6325,8.886124818831759
29.637,8.873113981273603
29.6415,8.890698721008704
29.646,8.88573304629908
29.6505,8.904000125041122
29.655,8.91181553057467
29.6595,8.933955821856651
29.664,8.948788474336034
29.6685,8.971116192951031
29.673,8.971116192951031
29.6775,8.983388772551343
29.682,8.9992539612965
29.6865,9.013411609294609
29.691,9.034424475336516
29.6955,9.036734477595239
29.7,9.062905407330438
29.7045,9.070845089551964
29.709,9.103411924477241
29.7135,9.12242902701044
29.718,9.177806885627927
29.7225,9.209046262718154
29.727,9.267689115750091
29.7315,9.296788804260034
29.736,9.379358367264286
29.7405,9.379358367264286
29.745,9.400078058044436
29.7495,9.53038658186289
29.754,9.55993397959864
29.7585,9.701628597311286
29.763,9.73132658358054
29.7675,9.837371382905289
29.772,9.853891850567376
29.7765,9.93412138258612
29.781,9.931819313084944
29.7855,10.024804728720705
29.79,10.017055804255486
29.7945,10.115775557209858
29.799,10.115775557209858
29.8035,10.205838728218827
29.808,10.205838728218827
29.8125,10.25474005106011
29.817,10.25474005106011
29.8215,10.213548391334388
29.826,10.244942890259438
29.8305,10.184542327917399
29.835,10.186950971546855
29.8395,10.135188240372827
29.844,10.129516512353003
29.8485,10.061354648103585
29.853,10.040693064911954
29.8575,9.96726087553239
29.862,9.914158719983165
29.8665,9.914158719983165
29.871,9.768909895636785
29.8755,9.768909895636785
29.88,9.59405084312535
29.8845,9.59405084312535
29.889,9.531907032084943
29.8935,9.385051723944972
29.898,9.332104339360388
29.9025,9.175814286923924
29.907,9.128334695588604
29.9115,8.969125785202028
29.916,8.90844008206199
29.9205,8.774768158107033
29.925,8.774768158107033
29.9295,8.572922143272764
29.934,8.572922143272764
29.9385,8.233512229196124
29.943,8.233512229196124
29.9475,7.791046571113855
29.952,7.791046571113855
29.9565,7.58064671790811
29.961,7.261181005090927
29.9655,6.997490296084021
29.97,6.694190436015253
29.9745,6.39139418520177
29.979,6.152491813628559
29.9835,5.79042411072445
29.988,5.66592501790052
29.9925,5.66592501790052
29.997,5.259738869418762
30.0015,5.259738869418762
30.006,4.768442333879014
30.0105,4.768442333879014
30.015,4.466479558103742
30.0195,4.31915013285827
30.024,4.04919117821319
30.0285,4.2236507663273555
30.033,3.98201217230905
30.0375,4.4938228214349705
30.042,4.322170880270324
30.0465,5.0153746985183165
30.051,5.0153746985183165
30.0555,5.66846520784324
30.06,5.66846520784324
30.0645,6.5053682420860435
30.069,6.5053682420860435
30.0735,7.501586964280541
30.078,7.501586964280541
30.0825,7.467503200170922
30.087,8.47711872288514
30.0915,8.44672192973739
30.096,9.417273707076339
30.1005,9.386461082801992
30.105,10.39103386078058
30.1095,10.352240865154645
30.114,11.402537574364983
30.1185,11.402537574364983
30.123,12.417513619384557
30.1275,12.417513619384557
30.132,13.397586559400787
30.1365,13.397586559400787
30.141,14.377258924205293
30.1455,14.377258924205293
30.15,15.3203474163546
30.1545,15.3203474163546
30.159,15.208243327616074
30.1635,16.269164612916736
30.168,16.230447552713407
30.1725,17.382420635748133
30.177,17.382420635748133
30.1815,18.49399130939193
30.186,18.49399130939193
30.1905,19.431027197303138
30.195,19.431027197303138
30.1995,20.303479793630824
30.204,20.303479793630824
30.2085,21.102975067971336
30.213,21.102975067971336
30.2175,20.90145777222521
30.222,21.857478749163473
30.2265,21.705787337537696
30.231,22.695419232694366
30.2355,22.55395201221896
30.24,23.496192316394286
30.2445,23.496192316394286
30.249,24.36408718982101
30.2535,24.36408718982101
30.258,25.274940457897966
30.2625,25.274940457897966
30.267,26.192171684394417
30.2715,26.192171684394417
30.276,26.994217081818427
30.2805,26.994217081818427
30.285,27.708915417578698
30.2895,27.708915417578698
30.294,27.507880115245648
30.2985,28.313871624317514
30.303,28.313871624317514
30.3075,28.91729364021675
30.312,28.91729364021675
30.3165,29.51617504739053
30.321,29.51617504739053
30.3255,30.282801550291264
30.33,30.282801550291264
30.3345,31.078658635946507
30.339,31.078658635946507
30.3435,31.671499151061834
30.348,31.671499151061834
30.3525,32.20012670640627
30.357,32.20012670640627
30.3615,32.63556640757784
30.366,32.63556640757784
30.3705,32.63556640757784
30.375,32.998887599341586
30.3795,32.998887599341586
30.384,33.449032277244626
30.3885,33.449032277244626
30.393,34.10456545863114
30.3975,34.10456545863114
30.402,34.83492580988764
30.4065,34.83492580988764
30.411,35.49536319243758
30.4155,35.49536319243758
30.42,36.085717999440064
30.4245,36.14925306994598
30.429,36.82723125537436
30.4335,36.82723125537436
30.438,36.82723125537436
30.4425,37.49664343214471
30.447,37.49664343214471
30.4515,38.19343282576012
30.456,38.19343282576012
30.4605,39.073195162085725
30.465,39.073195162085725
30.4695,40.103051547084526
30.474,40.103051547084526
30.4785,41.0913736495794
30.483,41.0913736495794
30.4875,42.18655143038397
30.492,42.18655143038397
30.4965,42.971970377582885
30.501,43.537122786557205
30.5055,43.537122786557205
30.51,44.91145696047823
30.5145,44.91145696047823
30.519,46.02907956385993
30.5235,46.02907956385993
30.528,47.11988876223196
30.5325,47.11988876223196
30.537,48.0811422168473
30.5415,48.0811422168473
30.546,48.960167822505404
30.5505,48.960167822505404
30.555,49.41683558576301
30.5595,49.77884530765414
30.564,49.77884530765414
30.5685,50.556463862508636
30.573,50.556463862508636
30.5775,51.31704568242497
30.582,51.31704568242497
30.5865,51.95889092790302
30.591,51.95889092790302
30.5955,52.49858920839288
30.6,52.49858920839288
30.6045,52.97210007574036
30.609,52.97210007574036
30.6135,53.35658868435275
30.618,53.35658868435275
30.6225,53.60764374682024
30.627,53.747851184815026
30.6315,54.194562354408085
30.636,54.352355733356355
30.6405,54.352355733356355
30.645,54.980154807460366
30.6495,54.980154807460366
30.654,55.59471848363962
30.6585,55.59471848363962
30.663,56.15371068125213
30.6675,56.15371068125213
30.672,56.70891144446112
30.6765,56.70891144446112
30.681,57.252905928072174
30.6855,57.252905928072174
30.69,57.699059024933966
30.6945,57.74695477355952
30.699,58.17797120424047
30.7035,58.187450003397494
30.708,58.555280386988116
30.7125,58.54243857336152
30.717,58.54243857336152
30.7215,58.83389151139535
30.726,58.83389151139535
30.7305,58.90371274659144
30.735,58.90371274659144
30.7395,58.93374573111894
30.744,58.93374573111894
30.7485,58.988823168471306
30.753,58.942510131168
30.7575,58.94347887553366
30.762,58.9095358639597
30.7665,58.83004714756597
30.771,58.81288311070811
30.7755,58.67053125779977
30.78,58.660890566385746
30.7845,58.660890566385746
30.789,58.455863006712015
30.7935,58.455863006712015
30.798,58.17137696768111
30.8025,58.17137696768111
30.807,57.85049527718971
30.8115,57.85049527718971
30.816,57.574264842019204
30.8205,57.517533863578606
30.825,57.26780831718229
30.8295,57.19136248468046
30.834,56.92129494588472
30.8385,56.83941148782357
30.843,56.53537657000649
30.8475,56.42300049827052
30.852,56.42300049827052
30.8565,55.952073505641174
30.861,55.952073505641174
30.8655,55.409680102830684
30.87,55.409680102830684
30.8745,54.90668687509589
30.879,54.793137947491275
30.8835,54.24343926346433
30.888,54.06727289506082
30.8925,53.494811312732686
30.897,53.22957905458531
30.9015,52.812162919614764
30.906,52.53507784654448
30.9105,52.53507784654448
30.915,51.87445408654605
30.9195,51.87445408654605
30.924,51.25345295784333
30.9285,51.25345295784333
30.933,50.658125619111004
30.9375,50.658125619111004
30.942,50.167191689214455
30.9465,49.93200164820523
30.951,49.31498967989789
30.9555,49.00539266184694
30.96,48.277368556755825
30.9645,47.951340002140086
30.969,47.13508769744534
30.9735,46.795876405182085
30.978,45.95672151455946
30.9825,45.62428973634001
30.987,45.62428973634001
30.9915,44.65752025483057
30.996,44.65752025483057
31.0005,43.93471459735305
31.005,43.65072367900274
31.0095,43.05855911497403
31.014,42.68153363229147
31.0185,42.18531312197762
31.023,42.01459027528395
31.0275,41.66905591006454
31.032,41.52825925134553
31.0365,40.954175309233676
31.041,40.796089375750114
31.0455,40.09793223236753
31.05,39.89343783403091
31.0545,39.89343783403091
31.059,38.77891685400541
31.0635,38.77891685400541
31.068,37.863087685328985
31.0725,37.601192149718734
31.077,36.66928680744376
31.0815,36.52096066343445
31.086,35.65425153688037
31.0905,35.702575720972014
31.095,34.9732516582936
31.0995,35.30951153098522
31.104,34.75473233312949
31.1085,34.931634616780975
31.113,34.931634616780975
31.1175,34.84490398269627
31.122,34.84490398269627
31.1265,34.293189639727935
31.131,34.48892454860858
31.1355,33.793158402318255
31.14,33.902483836479156
31.1445,33.01168427589699
31.149,33.19466136826503
31.1535,32.156307055164135
31.158,32.21236272404681
31.1625,31.118504080570126
31.167,31.084436810837737
31.1715,30.05328262862157
31.176,30.05781386160939
31.1805,29.071637422452763
31.185,29.198315289132452
31.1895,29.198315289132452
31.194,28.360865359663332
31.1985,28.55440019320299
31.203,27.81168201045921
31.2075,28.00049063150705
31.212,27.11217091872774
31.2165,27.192657016870182
31.221,26.190617089934335
31.2255,26.22092375462962
31.23,25.088253609347017
31.2345,25.108659326858817
31.239,23.899585352047136
31.2435,23.93668525178679
31.248,23.93668525178679
31.2525,22.791064396018072
31.257,21.688984774201966
31.2615,21.688984774201966
31.266,21.73675878469202
31.2705,20.65306528875878
31.275,20.721211574904334
31.2795,19.71844657666086
31.284,19.804815119073186
31.2885,18.820819331715967
31.293,18.877855607826792
31.2975,17.887764050906505
31.302,17.91163839267697
31.3065,16.883507938171658
31.311,16.84573573066417
31.3155,15.650329116858057
31.32,15.650329116858057
31.3245,14.30729572831016
31.329,14.30729572831016
31.3335,14.214973601220521
31.338,13.119257991067187
31.3425,13.05562895479561
31.347,12.040682458232848
31.3515,12.111420058828598
31.356,11.156736116421596
31.3605,11.247899271772571
31.365,10.405891643226694
31.3695,10.53935388580215
31.374,9.78152432770186
31.3785,9.78152432770186
31.383,9.234808161040963
31.3875,9.234808161040963
31.392,9.350496169947613
31.3965,8.755395529975653
31.401,8.896138825820278
31.4055,8.35201527864186
31.41,8.531480570524506
31.4145,8.061927994675855
31.419,8.200788190278928
31.4235,7.847897530521507
31.428,7.9724915013658615
31.4325,7.7514106574961374
31.437,7.881351514409264
31.4415,7.799169171570602
31.446,7.799169171570602
31.4505,7.94083975860101
31.455,7.94083975860101
31.4595,8.142114872118155
31.464,8.142114872118155
31.4685,8.251691273127358
31.473,8.39687020077818
31.4775,8.470641057080783
31.482,8.612368007712615
31.4865,8.63884469397448
31.491,8.757485495738305
31.4955,8.702733968581379
31.5,8.835435127559185
31.5045,8.835435127559185
31.509,8.911705331504267
31.5135,8.911705331504267
31.518,9.103283380888659
31.5225,9.103283380888659
31.527,9.188809823033314
31.5315,9.422099044197001
31.536,9.579023459010987
31.5405,9.749741909704214
31.545,9.8502240556979
31.5495,10.003207604088212
31.554,10.02122990532897
31.5585,10.195379947342014
31.563,10.146191007209799
31.5675,10.33116256179837
31.572,10.33116256179837
31.5765,10.409891582275433
31.581,10.409891582275433
31.5855,10.448333981948748
31.59,10.448333981948748
31.5945,10.426481822316724
31.599,10.426481822316724
31.6035,10.37452738623584
31.608,10.37452738623584
31.6125,10.31423054522416
31.617,10.290489109913691
31.6215,10.262052200789075
31.626,10.199940529882225
31.6305,10.199940529882225
31.635,10.1301318884252
31.6395,10.1301318884252
31.644,10.08069790802229
31.6485,10.08069790802229
31.653,10.125239679743526
31.6575,10.125239679743526
31.662,10.177392706582605
31.6665,10.177392706582605
31.671,10.205174484092458
31.6755,10.205174484092458
31.68,10.235382311713408
31.6845,10.184763037388436
31.689,10.190299208857935
31.6935,10.107768364150383
31.698,10.107768364150383
31.7025,9.999579595564763
31.707,9.999579595564763
31.7115,9.877355823282477
31.716,9.877355823282477
31.7205,9.734550444529141
31.725,9.734550444529141
31.7295,9.585972089937634
31.734,9.585972089937634
31.7385,9.532684482146253
31.743,9.420149699260442
31.7475,9.347453851838923
31.752,9.262646254988468
31.7565,9.262646254988468
31.761,9.127768560090793
31.7655,9.127768560090793
31.77,9.03098083056948
31.7745,9.03098083056948
31.779,8.959584530424207
31.7835,8.959584530424207
31.788,8.877605671168682
31.7925,8.877605671168682
31.797,8.804452704527714
31.8015,8.804452704527714
31.806,8.776755145504088
31.8105,8.776755145504088
31.815,8.470792017115734
31.8195,8.788485980491268
31.824,8.788485980491268
31.8285,8.873222996245666
31.833,8.873222996245666
31.8375,9.07153573703357
31.842,9.07153573703357
31.8465,9.33929436260657
31.851,9.33929436260657
31.8555,9.648207853912677
31.86,9.648207853912677
31.8645,10.049703724715137
31.869,10.049703724715137
31.8735,10.486280196642028
31.878,10.486280196642028
31.8825,10.486280196642028
31.887,10.998029079817165
31.8915,10.998029079817165
31.896,11.615002491774106
31.9005,11.615002491774106
31.905,12.273756537669792
31.9095,12.273756537669792
31.914,13.000886775304824
31.9185,13.000886775304824
31.923,13.760131389987361
31.9275,13.760131389987361
31.932,14.455271743946374
31.9365,14.455271743946374
31.941,15.102466479019892
31.9455,15.102466479019892
31.95,15.102466479019892
31.9545,15.75564278220654
31.959,15.75564278220654
31.9635,16.441198104566265
31.968,16.441198104566265
31.9725,17.168076905823032
31.977,17.168076905823032
31.9815,17.91850095404384
31.986,17.91850095404384
31.9905,18.722617143725696
31.995,18.722617143725696
31.9995,19.60560730077752
32.004,19.60560730077752
32.0085,19.60560730077752
32.013,20.506523684976962
32.0175,20.506523684976962
32.022,21.428567811408776
32.0265,21.428567811408776
32.031,22.332583422140214
32.0355,22.332583422140214
32.04,23.225580410980324
32.0445,23.225580410980324
32.049,24.043594324809302
32.0535,24.043594324809302
32.058,24.786928892303894
32.0625,24.786928892303894
32.067,25.506372098702148
32.0715,25.506372098702148
32.076,26.407591497185383
32.0805,26.20886071913666
32.085,26.20886071913666
32.0895,26.91057173480808
32.094,26.91057173480808
32.0985,27.74133794408781
32.103,27.74133794408781
32.1075,28.647545638764235
32.112,28.647545638764235
32.1165,29.565481506661133
32.121,29.565481506661133
32.1255,30.41450743566016
32.13,30.41450743566016
32.1345,31.476038157936387
32.139,31.189298945834196
32.1435,31.189298945834196
32.148,31.864946966218955
32.1525,32.70737311496115
32.157,32.47495024675663
32.1615,32.47495024675663
32.166,33.14858321482525
32.1705,33.14858321482525
32.175,33.815455981951054
32.1795,33.815455981951054
32.184,34.47976502493816
32.1885,34.47976502493816
32.193,35.32831100592905
32.1975,35.32831100592905
32.202,36.23283861429454
32.2065,36.14085147798308
32.211,37.00455514345487
32.2155,36.79412351778891
32.22,36.79412351778891
32.2245,37.333317848404214
32.229,37.333317848404214
32.2335,37.9196330175651
32.238,37.9196330175651
32.2425,38.59102429055785
32.247,38.59102429055785
32.2515,39.1828599736378
32.256,39.27245318805426
32.2605,39.812973809715764
32.265,39.790385739051274
32.2695,40.33924324483437
32.274,40.289786162628964
32.2785,40.84207785678857
32.283,40.88602255002796
32.2875,41.42803879941363
32.292,41.57720644729783
32.2965,41.57720644729783
32.301,42.296774887013186
32.3055,42.296774887013186
32.31,43.00372739434944
32.3145,43.00372739434944
32.319,43.602702350648975
32.3235,43.602702350648975
32.328,43.95929137058718
32.3325,44.14083603657065
32.337,44.482277830147304
32.3415,44.76258869024141
32.346,45.299386215665805
32.3505,45.625639053417956
32.355,45.625639053417956
32.3595,46.522796706150146
32.364,46.522796706150146
32.3685,47.454421302298336
32.373,47.454421302298336
32.3775,48.39257371350295
32.382,48.39257371350295
32.3865,49.13993298188769
32.391,49.13993298188769
32.3955,49.52145707611713
32.4,49.79171426405349
32.4045,50.249940148523464
32.409,50.5530794785283
32.4135,51.00815993013585
32.418,51.26920112591863
32.4225,51.26920112591863
32.427,51.888397238534274
32.4315,51.888397238534274
32.436,52.58741848082503
32.4405,52.58741848082503
32.445,53.40564483057126
32.4495,53.40564483057126
32.454,53.91480261790648
32.4585,54.30252137932169
32.463,54.95437330918599
32.4675,55.31499887582183
32.472,55.97209870474664
32.4765,56.25531338501135
32.481,56.883687931849565
32.4855,57.09310314708721
32.49,57.67898201586277
32.4945,57.83937218403374
32.499,57.83937218403374
32.5035,58.303988691112174
32.508,58.303988691112174
32.5125,58.696069359132466
32.517,58.767456037892806
32.5215,59.13732068621356
32.526,59.28402006986298
32.5305,59.6197081081002
32.535,59.71988925193356
32.5395,60.01452845454751
32.544,60.14082868900164
32.5485,60.38398843327314
32.553,60.47355471476026
32.5575,60.697898686212575
32.562,60.776299433355824
32.5665,61.19942983291868
32.571,61.26629333826675
32.5755,61.26629333826675
32.58,61.7243092954115
32.5845,61.78354299848259
32.589,62.25878049936899
32.5935,62.31930683465399
32.598,62.60973857865756
32.6025,62.65156650209487
32.607,62.888081898246455
32.6115,62.91619414153816
32.616,63.097542895866525
32.6205,63.1237813498155
32.625,63.1237813498155
32.6295,63.45792590175712
32.634,63.77747157176034
32.6385,63.79286457880001
32.643,63.79286457880001
32.6475,64.11930735173135
32.652,64.13854413448463
32.6565,64.45614759706426
32.661,64.46850410474146
32.6655,64.58082389286702
32.67,64.57634208573411
32.6745,64.629222473903
32.679,64.6235439881866
32.6835,64.62521301576093
32.688,64.6218857405468
32.6925,64.57302036287635
32.697,64.58637356801867
32.7015,64.50530808204141
32.706,64.50530808204141
32.7105,64.53092538985436
32.715,64.40755407332311
32.7195,64.44386754499543
32.724,64.29094577760512
32.7285,64.2969995228642
32.733,64.12795120370546
32.7375,64.12636897434413
32.742,63.92023787632191
32.7465,63.900236080139145
32.751,63.656820010794554
32.7555,63.60385285318878
32.76,63.34616224807378
32.7645,63.25395892747438
32.769,62.968469708197006
32.7735,62.968469708197006
32.778,62.84348350055932
32.7825,62.54004873436535
32.787,62.372427256051836
32.7915,62.029513488250586
32.796,61.84570470488273
32.8005,61.44647027747788
32.805,61.280011623950095
32.8095,60.8067818652748
32.814,60.65950118644683
32.8185,60.14016011215987
32.823,59.95341527466453
32.8275,59.38575801904167
32.832,59.38575801904167
32.8365,59.12194627848742
32.841,58.51880907948785
32.8455,58.20452842658189
32.85,57.60867969709104
32.8545,57.274590798663624
32.859,56.880652867281775
32.8635,56.55875042583746
32.868,56.24041358108935
32.8725,55.926760219802944
32.877,55.649605663710666
32.8815,55.32945628099866
32.886,54.858635931056085
32.8905,54.612154463376974
32.895,54.032362280737544
32.8995,54.032362280737544
32.904,53.11847820436439
32.9085,53.11847820436439
32.913,52.7555343928623
32.9175,51.9678006715352
32.922,51.50608474761059
32.9265,50.68808126349658
32.931,50.21300674746211
32.9355,49.58032032607272
32.94,49.022866638141366
32.9445,48.45804717627076
32.949,48.09415751850632
32.9535,47.53259894959388
32.958,47.53259894959388
32.9625,46.88037134100971
32.967,46.88037134100971
32.9715,46.670520328265546
32.976,46.17952586923269
32.9805,45.471132949032565
32.985,45.471132949032565
32.9895,45.364034036563325
32.994,44.574750818289125
32.9985,44.332090065361065
33.003,43.45646188085336
33.0075,43.18022538776119
33.012,42.263423000057756
33.0165,42.07819539594874
33.021,41.24469721642593
33.0255,41.24469721642593
33.03,40.63640101727474
33.0345,40.63640101727474
33.039,40.6273998382267
33.0435,40.6273998382267
33.048,40.50517568819268
33.0525,40.50517568819268
33.057,40.60224738884092
33.0615,40.32142233535532
33.066,40.49499353768074
33.0705,40.05254877704279
33.075,40.24340206850777
33.0795,39.56898367755616
33.084,39.56898367755616
33.0885,38.79378429499344
33.093,38.79378429499344
33.0975,37.913872584246874
33.102,37.913872584246874
33.1065,37.299719622184476
33.111,37.299719622184476
33.1155,36.75242284205909
33.12,36.75242284205909
33.1245,36.96820548860972
33.129,36.511645374054766
33.1335,36.77776977530379
33.138,36.46244087656135
33.1425,36.69703866954486
33.147,36.458405344937546
33.1515,36.458405344937546
33.156,36.1633589808708
33.1605,36.1633589808708
33.165,35.67041161519449
33.1695,35.67041161519449
33.174,35.04681706899702
33.1785,35.04681706899702
33.183,34.238403437210856
33.1875,34.238403437210856
33.192,34.163025875839914
33.1965,33.42697998816439
33.201,33.437659282902146
33.2055,32.871056626342494
33.21,32.871056626342494
33.2145,32.35377644584733
33.219,32.35377644584733
33.2235,31.86212273454898
33.228,31.86212273454898
33.2325,31.29921497238182
33.237,31.29921497238182
33.2415,30.64741715586406
33.246,30.64741715586406
33.2505,30.64277577842814
33.255,29.991368657438063
33.2595,29.989537606539383
33.264,29.305984556205225
33.2685,29.333774135749294
33.273,28.634400548843146
33.2775,28.634400548843146
33.282,28.007862774523613
33.2865,28.007862774523613
33.291,27.43121322083864
33.2955,27.43121322083864
33.3,26.817384894760714
33.3045,26.817384894760714
33.309,26.171411285391397
33.3135,26.171411285391397
33.318,26.287351056663333
33.3225,25.502766167174297
33.327,25.551737746397976
33.3315,24.931405101011322
33.336,24.931405101011322
33.3405,24.3756356811671
33.345,24.3756356811671
33.3495,23.73285005452628
33.354,23.73285005452628
33.3585,22.98737220898204
33.363,22.98737220898204
33.3675,22.205196090240563
33.372,22.205196090240563
33.3765,21.43514616021736
33.381,21.43514616021736
33.3855,20.70384176080175
33.39,20.70384176080175
33.3945,20.731351218609777
33.399,20.02845189642424
33.4035,20.02845189642424
33.408,19.34801831609079
33.4125,19.34801831609079
33.417,18.700019858033016
33.4215,18.700019858033016
33.426,18.123093333631214
33.4305,18.123093333631214
33.435,17.654520086566833
33.4395,17.654520086566833
33.444,17.261098132131817
33.4485,17.261098132131817
33.453,17.465509960367257
33.4575,16.96192814679757
33.462,16.445443506171074
33.4665,16.711370679514456
33.471,16.711370679514456
33.4755,16.443261756479856
33.48,16.443261756479856
33.4845,16.11370187704532
33.489,16.11370187704532
33.4935,15.785581509114026
33.498,15.785581509114026
33.5025,15.40580358979429
33.507,15.40580358979429
33.5115,15.040133246201236
33.516,15.040133246201236
33.5205,14.844030318999128
33.525,14.844030318999128
33.5295,14.844030318999128
33.534,14.703517816366686
33.5385,14.703517816366686
33.543,14.699507696945433
33.5475,14.699507696945433
33.552,14.760906053867155
33.5565,14.760906053867155
33.561,14.783988320443838
33.5655,14.783988320443838
33.57,14.757766265744145
33.5745,14.757766265744145
33.579,14.610822212130564
33.5835,14.610822212130564
33.588,14.58089026036748
33.5925,14.366560461559246
33.597,14.327514432683264
33.6015,14.068975619345155
33.606,14.068975619345155
33.6105,13.658740306547529
33.615,13.658740306547529
33.6195,13.235554035109539
33.624,13.235554035109539
33.6285,12.921329656663445
33.633,12.921329656663445
33.6375,12.722620856044667
33.642,12.722620856044667
33.6465,12.617028945981131
33.651,12.617028945981131
33.6555,12.666110796788015
33.66,12.642908351995006
33.6645,12.62582051258376
33.669,12.69632780727395
33.6735,12.69632780727395
33.678,12.698140750318075
33.6825,12.698140750318075
33.687,12.633146896766434
33.6915,12.633146896766434
33.696,12.496922466543701
33.7005,12.496922466543701
33.705,12.31858959770135
33.7095,12.31858959770135
33.714,12.274180114169694
33.7185,12.16981909101995
33.723,12.162726678917457
33.7275,12.054108735974348
33.732,12.0948022728634
33.7365,12.023415785662259
33.741,12.023415785662259
33.7455,12.113591784342193
33.75,12.113591784342193
33.7545,12.279014944654554
33.759,12.279014944654554
33.7635,12.474765883549201
33.768,12.474765883549201
33.7725,12.613996263714245
33.777,12.613996263714245
33.7815,12.644228815115515
33.786,12.773543554385379
33.7905,12.775478336540715
33.795,12.914716661064945
33.7995,12.856380188826053
33.804,12.956049751091566
33.8085,12.965014883476671
33.813,12.971329833372396
33.8175,12.971329833372396
33.822,13.007858880053309
33.8265,13.007858880053309
33.831,13.118107730320368
33.8355,13.118107730320368
33.84,13.491781490302957
33.8445,13.329828096074955
33.849,13.75497987773209
33.8535,13.589434745818904
33.858,14.008023222148795
33.8625,13.878847022170401
33.867,14.29638537182314
33.8715,14.166862285794153
33.876,14.502867375921912
33.8805,14.390317471391548
33.885,14.390317471391548
33.8895,14.549766084018152
33.894,14.549766084018152
33.8985,14.710081258558533
33.903,14.710081258558533
33.9075,15.01490729376891
33.912,14.949440703437174
33.9165,15.29960483309321
33.921,15.258126547433296
33.9255,15.723380442563027
33.93,15.753321342928905
33.9345,16.281498159415754
33.939,16.363500277752298
33.9435,16.979478995036448
33.948,17.061464400564365
33.9525,17.061464400564365
33.957,17.8001318339816
33.9615,17.8001318339816
33.966,18.56914545944163
33.9705,18.56004452439581
33.975,19.309927772902586
33.9795,19.260813990724067
33.984,19.961292854788084
33.9885,19.85092133831197
33.993,20.550240104745118
33.9975,20.398276793384795
34.002,21.117647186342282
34.0065,21.00465993941408
34.011,21.00465993941408
34.0155,21.693289399997827
34.02,21.693289399997827
34.0245,22.469289856565027
34.029,22.469289856565027
34.0335,23.366204355180102
34.038,23.354107870571564
34.0425,24.300183712122205
34.047,24.33405633609387
34.0515,25.204286905899643
34.056,25.25315658230484
34.0605,26.032654736784263
34.065,26.057491689984158
34.0695,26.84825066194777
34.074,26.814683509762656
34.0785,27.601646190222688
34.083,27.519000959487
34.0875,27.519000959487
34.092,28.24178724555174
34.0965,28.117150998343014
34.101,28.85319298179571
34.1055,28.750328995904432
34.11,29.56244785491771
34.1145,29.47976469309082
34.119,30.366071271365165
34.1235,30.248994207954414
34.128,31.186441746453763
34.1325,31.076351804952978
34.137,32.03146036130053
34.1415,31.94421001772435
34.146,31.94421001772435
34.1505,32.84151286226919
34.155,32.84151286226919
34.1595,33.73398846054355
34.164,33.68832598425268
34.1685,34.477148334111085
34.173,34.392521233751005
34.1775,35.14759403584996
34.182,35.02811975616021
34.1865,35.87181179086314
34.191,35.69992611459289
34.1955,36.54836334023391
34.2,36.35248536380449
34.2045,37.21169959064794
34.209,37.21169959064794
34.2135,37.97219729591874
34.218,37.97219729591874
34.2225,37.81773292535643
34.227,38.609436603061916
34.2315,38.41637574299889
34.236,39.15963179389474
34.2405,39.045306849500584
34.245,39.70456752985056
34.2495,39.67595553269478
34.254,40.233877817391274
34.2585,40.22304127693155
34.263,40.71665042280591
34.2675,40.71054605195683
34.272,41.13552585794125
34.2765,41.206059967057136
34.281,41.66419887170484
34.2855,41.66419887170484
34.29,42.20759602644672
34.2945,42.20759602644672
34.299,42.22903844971029
34.3035,42.783809370047656
34.308,42.76946036963764
34.3125,43.42891292158012
34.317,43.40914227886381
34.3215,44.0812473397331
34.326,44.05678673198376
34.3305,44.65086045466477
34.335,44.61448749723972
34.3395,45.18255521945373
34.344,45.09166708179353
34.3485,45.5589293767765
34.353,45.5589293767765
34.3575,45.79115821974488
34.362,45.79115821974488
34.3665,45.72348056972019
34.371,46.03309105472136
34.3755,45.96946012329154
34.38,46.42097522672925
34.3845,46.391646784342804
34.389,46.86615901412676
34.3935,46.91850188249873
34.398,47.46988315003589
34.4025,47.522833937618195
34.407,48.13182017572512
34.4115,48.13182017572512
34.416,48.24620768157093
34.4205,48.73287467629039
34.425,49.32134106718587
34.4295,49.32134106718587
34.434,49.43240269898341
34.4385,49.795556386347855
34.443,49.96151308775617
34.4475,50.257229596347315
34.452,50.33181054234914
34.4565,50.81995726190947
34.461,50.934422868931705
34.4655,51.41487758726799
34.47,51.60072965942997
34.4745,52.13609477782487
34.479,52.13609477782487
34.4835,52.88147578690801
34.488,52.88147578690801
34.4925,53.442380404782504
34.497,53.442380404782504
34.5015,53.610318229229755
34.506,54.01170271591288
34.5105,54.131639917420586
34.515,54.48510700548249
34.5195,54.61544320541835
34.524,54.866779116506535
34.5285,55.116141820995566
34.533,55.500293118309095
34.5375,55.500293118309095
34.542,56.076729771572296
34.5465,56.076729771572296
34.551,56.803064920821285
34.5555,56.803064920821285
34.56,57.603911119537
34.5645,57.603911119537
34.569,57.89296516418874
34.5735,58.503422695872416
34.578,58.875900887857185
34.5825,59.463502660170235
34.587,59.83809623254655
34.5915,60.439301083413014
34.596,60.844147032344615
34.6005,61.38490335327525
34.605,61.38490335327525
34.6095,62.20611373954219
34.614,62.20611373954219
34.6185,62.909880664209524
34.623,62.909880664209524
34.6275,63.09172705889033
34.632,63.51077326916351
34.6365,63.626411435252805
34.641,63.882352577944374
34.6455,63.95426918893717
34.65,64.2208482382324
34.6545,64.26236615918306
34.659,64.50002461315484
34.6635,64.50002461315484
34.668,64.70007731854945
34.6725,64.70007731854945
34.677,64.85030790943054
34.6815,64.85030790943054
34.686,64.99304307167256
34.6905,64.99304307167256
34.695,65.15207284993573
34.6995,65.15207284993573
34.704,65.17774829570337
34.7085,65.26297234049188
34.713,65.26804738859349
34.7175,65.35461214378088
34.722,65.31535591714236
34.7265,65.34011896130572
34.731,65.34011896130572
34.7355,65.263428640685
34.74,65.263428640685
34.7445,65.1029459237192
34.749,65.1029459237192
34.7535,64.89699654241471
34.758,64.89699654241471
34.7625,64.63483202709502
34.767,64.63483202709502
34.7715,64.30417027731184
34.776,64.30417027731184
34.7805,64.17049132038228
34.785,63.917419290534234
34.7895,63.917419290534234
34.794,63.45473748804434
34.7985,63.45473748804434
34.803,62.93849328480185
34.8075,62.93849328480185
34.812,62.369791909736165
34.8165,62.369791909736165
34.821,61.79422701085202
34.8255,61.79422701085202
34.83,61.380494892848674
34.8345,61.380494892848674
34.839,61.1499477522901
34.8435,60.805656057449
34.848,60.614106932297176
34.8525,60.24721161864793
34.857,60.24721161864793
34.8615,59.62977064100677
34.866,59.62977064100677
34.8705,58.9166808003479
34.875,58.9166808003479
34.8795,58.09769206528583
34.884,58.09769206528583
34.8885,57.380867855892504
34.893,57.380867855892504
34.8975,56.72532683858106
34.902,56.72532683858106
34.9065,56.72532683858106
34.911,56.19632770253977
34.9155,56.19632770253977
34.92,55.77685362311814
34.9245,55.77685362311814
34.929,55.366147729869596
34.9335,55.366147729869596
34.938,54.807514051466555
34.9425,54.807514051466555
34.947,54.08256406286584
34.9515,54.08256406286584
34.956,53.20095610553326
34.9605,53.20095610553326
34.965,52.18921436408489
34.9695,52.18921436408489
34.974,52.00298123899473
34.9785,51.21428321987905
34.983,51.21428321987905
34.9875,50.46152345345185
34.992,50.46152345345185
34.9965,49.842327848932435
35.001,49.842327848932435
35.0055,49.3870920454918
35.01,49.3870920454918
35.0145,48.88937174289145
35.019,48.88937174289145
35.0235,48.36431298699628
35.028,48.36431298699628
35.0325,47.69004768948019
35.037,47.69004768948019
35.0415,46.93277075109371
35.046,46.90086655160922
35.0505,46.90086655160922
35.055,46.12627035204667
35.0595,46.12627035204667
35.064,45.53391051294922
35.0685,45.53391051294922
35.073,45.23254312080703
35.0775,45.23254312080703
35.082,44.9841788002312
35.0865,44.9841788002312
35.091,44.73501902573019
35.0955,44.73501902573019
35.1,44.122343761220876
35.1045,44.122343761220876
35.109,43.43534687061873
35.1135,43.4930845216
35.118,43.4930845216
35.1225,42.7487531186582
35.127,42.7487531186582
35.1315,41.874527478059754
35.136,41.874527478059754
35.1405,41.22823935104136
35.145,41.22823935104136
35.1495,40.964156119331655
35.154,40.964156119331655
35.1585,40.8537498832911
35.163,40.8537498832911
35.1675,40.350130668278574
35.172,40.51789571055721
35.1765,39.84622881149404
35.181,39.867290674620975
35.1855,39.867290674620975
35.19,39.07043445723848
35.1945,39.07043445723848
35.199,38.14633677417285
35.2035,38.14633677417285
35.208,37.221934792729265
35.2125,37.221934792729265
35.217,36.365291210585056
35.2215,36.39735825456161
35.226,35.70989580037384
35.2305,35.70989580037384
35.235,35.08242635346274
35.2395,35.17265271219014
35.244,34.61891089508793
35.2485,34.72228246871838
35.253,34.15986999099696
35.2575,34.27366791658167
35.262,34.27366791658167
35.2665,33.740092221791976
35.271,33.740092221791976
35.2755,33.09062944607358
35.28,33.09062944607358
35.2845,32.34966622128061
35.289,32.34966622128061
35.2935,31.623260940184593
35.298,31.641214718262745
35.3025,30.92823672158111
35.307,30.96151457730101
35.3115,30.254496543768237
35.316,30.273073768866197
35.3205,30.273073768866197
35.325,29.626133225607973
35.3295,29.626133225607973
35.334,29.011005999617183
35.3385,29.011005999617183
35.343,28.377261893107672
35.3475,28.377261893107672
35.352,27.757787913386398
35.3565,27.757787913386398
35.361,27.156922427442964
35.3655,27.17048024394376
35.37,26.51820828170551
35.3745,26.54069414830964
35.379,25.854712807487516
35.3835,25.88623730424358
35.388,25.167104241907452
35.3925,25.200539433098776
35.397,25.200539433098776
35.4015,24.48502865466858
35.406,24.48502865466858
35.4105,23.776249353562754
35.415,23.776249353562754
35.4195,22.988780077023613
35.424,23.02131655887266
35.4285,22.377335543916995
35.433,22.410954858789506
35.4375,21.821474187500012
35.442,21.86278886468578
35.4465,21.283256680995795
35.451,21.335171607641527
35.4555,21.335171607641527
35.46,20.867818106968993
35.4645,20.867818106968993
35.469,20.40983352740126
35.4735,20.40983352740126
35.478,19.95128947115506
35.4825,19.95128947115506
35.487,19.420848927682247
35.4915,19.478617723203893
35.496,18.950678836024043
35.5005,18.984892068353755
35.505,18.45239848321199
35.5095,18.481906581117077
35.514,17.986332787491467
35.5185,18.03285140273213
35.523,17.5749815196717
35.5275,17.646700724109298
35.532,17.646700724109298
35.5365,17.222960312475763
35.541,17.230803385814987
35.5455,16.857105074367205
35.55,16.853705387079472
35.5545,16.487618339824724
35.559,16.473113487485985
35.5635,16.167302071510576
35.568,16.109318806018127
35.5725,15.858200814949054
35.577,15.838224303218933
35.5815,15.64752212684391
35.586,15.662897612625743
35.5905,15.495648573195501
35.595,15.52040602920105
35.5995,15.369513886955282
35.604,15.36234226956455
35.6085,15.36234226956455
35.613,15.19589036219659
35.6175,15.15550205174507
35.622,15.020984242967918
35.6265,15.002610881832812
35.631,14.916888578513996
35.6355,14.930422067158656
35.64,14.817932857589122
35.6445,14.85830439555095
35.649,14.747741839159147
35.6535,14.808411334976658
35.658,14.673257929257204
35.6625,14.753183778485125
35.667,14.575974935615486
35.6715,14.575974935615486
35.676,14.678916107905028
35.6805,14.54872041007337
35.685,14.633050708261601
35.6895,14.565963045136181
35.694,14.624562970351318
35.6985,14.576388602168949
35.703,14.626920695699198
35.7075,14.581651677207535
35.712,14.613017415202378
35.7165,14.557066364808842
35.721,14.60944293732666
35.7255,14.546852482260896
35.73,14.558269955648372
35.7345,14.583771628676647
35.739,14.583771628676647
35.7435,14.519426725337844
35.748,14.626613094201325
35.7525,14.520383977269095
35.757,14.708142520062717
35.7615,14.559511833928001
35.766,14.820590430336955
35.7705,14.642315001304198
35.775,14.92489593079133
35.7795,14.726125724295539
35.784,15.014564877966622
35.7885,14.806099996237421
35.793,15.118623743973925
35.7975,15.118623743973925
35.802,15.253032132771404
35.8065,15.253032132771404
35.811,15.044469806810206
35.8155,15.48213161178296
35.82,15.315075207952088
35.8245,15.799668231198225
35.829,15.7152872467412
35.8335,16.20114588567532
35.838,16.184126122880706
35.8425,16.711881512111358
35.847,16.686212388705226
35.8515,17.277506573347313
35.856,17.24650130168183
35.8605,17.843951987486047
35.865,17.843951987486047
35.8695,17.778871034139232
35.874,18.345287440708184
35.8785,18.247633553264137
35.883,18.863086953879492
35.8875,18.863089395281964
35.892,19.563654266089554
35.8965,19.638810693234642
35.901,20.330165468316046
35.9055,20.47599700396223
35.91,21.1365138728266
35.9145,21.270803094269816
35.919,21.952009444435888
35.9235,21.952009444435888
35.928,22.794519015642535
35.9325,22.794519015642535
35.937,22.82649867188857
35.9415,23.72908976365471
35.946,23.679880795592567
35.9505,24.63788663481651
35.955,24.556657895264433
35.9595,25.57649971273173
35.964,25.530429766677827
35.9685,26.631060829185945
35.973,26.58268536593662
35.9775,27.675497256868134
35.982,27.606904231151667
35.9865,28.651341705167802
35.991,28.651341705167802
35.9955,29.61011949625636
36.0,29.61011949625636
36.0045,30.56643543926396
36.009,30.56643543926396
36.0135,30.43128387561227
36.018,31.466685452742123
36.0225,31.300203529313137
36.027,32.38355965832947
36.0315,32.202711672670574
36.036,33.33797658063443
36.0405,33.17514141662409
36.045,34.335641463659115
36.0495,34.127681996994205
36.054,35.31692729229101
36.0585,35.31692729229101
36.063,36.189961463690715
36.0675,36.189961463690715
36.072,37.09415480816534
36.0765,37.09415480816534
36.081,36.98924632728539
36.0855,38.022782651590646
36.09,37.89877425522648
36.0945,38.90057865573861
36.099,38.76655363191854
36.1035,39.71857783222864
36.108,39.50340859194892
36.1125,40.475688331563354
36.117,40.475688331563354
36.1215,41.22810444834542
36.126,41.22810444834542
36.1305,42.10049401491877
36.135,42.10049401491877
36.1395,43.06763872471658
36.144,43.06763872471658
36.1485,43.057858777776026
36.153,43.95131782396675
36.1575,43.83752609379433
36.162,44.688462570053495
36.1665,44.55155796261096
36.171,45.3396819652101
36.1755,45.3396819652101
36.18,45.87240319182686
36.1845,45.87240319182686
36.189,46.3693111918627
36.1935,46.3693111918627
36.198,46.80647274164112
36.2025,46.80647274164112
36.207,46.564460498349284
36.2115,47.2816965540969
36.216,47.83829158419691
36.2205,47.83829158419691
36.225,47.769990307777284
36.2295,48.404941970701564
36.234,48.296899567238924
36.2385,48.88260691331781
36.243,48.88260691331781
36.2475,49.22135883554397
36.252,49.22135883554397
36.2565,49.49784299832909
36.261,49.49784299832909
36.2655,50.006691643932456
36.27,50.006691643932456
36.2745,50.66656926206699
36.279,50.66656926206699
36.2835,51.36281761837111
36.288,51.36281761837111
36.2925,51.50552276025173
36.297,52.152872581286786
36.3015,52.40945222759955
36.306,53.117243799373036
36.3105,53.117243799373036
36.315,53.96634178997487
36.3195,53.96634178997487
36.324,54.79954488338328
36.3285,54.79954488338328
36.333,55.56671909550691
36.3375,55.56671909550691
36.342,56.28468657419709
36.3465,56.28468657419709
36.351,56.9717960194062
36.3555,56.9717960194062
36.36,57.30112998750502
36.3645,57.73393586233792
36.369,57.73393586233792
36.3735,58.452760127368315
36.378,58.452760127368315
36.3825,59.19018274610228
36.387,59.19018274610228
36.3915,59.873988123399435
36.396,59.873988123399435
36.4005,60.50913317464815
36.405,60.50913317464815
36.4095,61.1005418863846
36.414,61.1005418863846
36.4185,61.60860722099499
36.423,61.60860722099499
36.4275,61.833441999039515
36.432,62.10144538143622
36.4365,62.10144538143622
36.441,62.53683426000067
36.4455,62.53683426000067
36.45,63.15485683126604
36.4545,63.15485683126604
36.459,63.759665642522734
36.4635,63.759665642522734
36.468,64.44392258252421
36.4725,64.44392258252421
36.477,65.04744434021936
36.4815,65.04744434021936
36.486,65.66854584109915
36.4905,65.66854584109915
36.495,65.66854584109915
36.4995,66.4349350004253
36.504,66.4349350004253
36.5085,67.09189440506391
36.513,67.09189440506391
36.5175,67.63193780663123
36.522,67.63193780663123
36.5265,68.0607247079944
36.531,68.0607247079944
36.5355,68.44142670013677
36.54,68.44142670013677
36.5445,68.66216395676807
36.549,68.66216395676807
36.5535,68.86847346064538
36.558,68.86847346064538
36.5625,69.03688274091141
36.567,69.02168723491835
36.5715,69.02168723491835
36.576,69.11465564650504
36.5805,69.11465564650504
36.585,69.14064093255716
36.5895,69.14064093255716
36.594,69.08524454568955
36.5985,69.08524454568955
36.603,68.969094700148
36.6075,68.969094700148
36.612,68.7965890492102
36.6165,68.7965890492102
36.621,68.55188370709345
36.6255,68.57423288027314
36.63,68.29390257210942
36.6345,68.29975463606536
36.639,68.29975463606536
36.6435,68.01479208596948
36.648,68.01479208596948
36.6525,67.74855626691799
36.657,67.74855626691799
36.6615,67.44065258893632
36.666,67.44065258893632
36.6705,67.09448674822156
36.675,67.09448674822156
36.6795,66.87211316067497
36.684,66.87211316067497
36.6885,66.46025985049768
36.693,66.42036562131435
36.6975,65.94526353618988
36.702,65.87487722322945
36.7065,65.87487722322945
36.711,65.2030034718829
36.7155,65.2030034718829
36.72,64.37474476816251
36.7245,64.37474476816251
36.729,63.42838969872662
36.7335,63.42838969872662
36.738,62.74771887543744
36.7425,62.37838894993708
36.747,61.71980658490919
36.7515,61.23084102214088
36.756,60.69404712457841
36.7605,60.21516571056441
36.765,59.71646627057976
36.7695,59.31369071214543
36.774,59.31369071214543
36.7785,58.53565553286924
36.783,58.53565553286924
36.7875,57.81458966682779
36.792,57.81458966682779
36.7965,56.87126606289039
36.801,56.87126606289039
36.8055,55.85215383415183
36.81,55.85215383415183
36.8145,55.02898902703573
36.819,54.71510413657206
36.8235,54.04832522732283
36.828,53.66942179724987
36.8325,53.038643665364795
36.837,52.713341451589244
36.8415,52.713341451589244
36.846,51.79467471225195
36.8505,51.79467471225195
36.855,51.00062483898869
36.8595,51.00062483898869
36.864,50.37376953326485
36.8685,50.37376953326485
36.873,49.951788628075896
36.8775,49.84258733792972
36.882,49.4417967792961
36.8865,49.39362633877659
36.891,48.74973451154336
36.8955,48.697614154198995
36.9,47.93865358827201
36.9045,47.91703195389118
36.909,47.91703195389118
36.9135,47.13423887517324
36.918,47.13423887517324
36.9225,46.50234482486927
36.927,46.50234482486927
36.9315,45.92802803576621
36.936,45.92802803576621
36.9405,45.27447763430737
36.945,45.545770717269086
36.9495,44.93394014704304
36.954,45.35876151260902
36.9585,44.894903580880204
36.963,45.17165667208897
36.9675,45.17165667208897
36.972,45.014988563777685
36.9765,45.014988563777685
36.981,44.56172584084602
36.9855,44.56172584084602
36.99,43.80508407169452
36.9945,43.80508407169452
36.999,42.96414749611038
37.0035,42.96910874474303
37.008,42.16923343487364
37.0125,42.151751071344606
37.017,41.47236476848865
37.0215,41.50545093880663
37.026,40.78182810050593
37.0305,40.800023513354255
37.035,40.04496872207107
37.0395,40.064229032642146
37.044,40.064229032642146
37.0485,39.31981511151014
37.053,39.31981511151014
37.0575,38.749212315447316
37.062,38.749212315447316
37.0665,37.935497857483824
37.071,38.05487865302305
37.0755,37.01946167876352
37.08,37.10652432700388
37.0845,36.211988649836336
37.089,36.30379170703701
37.0935,35.528206425601326
37.098,35.60534650791189
37.1025,34.81975103435841
37.107,34.84889628633428
37.1115,34.005096485925215
37.116,33.997330450943615
37.1205,33.997330450943615
37.125,33.19155993526206
37.1295,33.1067290399542
37.134,32.29914662845751
37.1385,32.20436712917789
37.143,31.374321386279163
37.1475,31.276652425812973
37.152,30.365510633734832
37.1565,30.272922652252863
37.161,29.254152546145836
37.1655,29.208022346740712
37.17,28.245993425499723
37.1745,28.218355016674952
37.179,27.367274311119715
37.1835,27.335360252683778
37.188,27.335360252683778
37.1925,26.53050127267286
37.197,26.489292076378696
37.2015,25.68796101582615
37.206,25.657854609880328
37.2105,24.856649630545967
37.215,24.86150257386166
37.2195,24.070551223211503
37.224,24.079819762632635
37.2285,23.293844299192543
37.233,23.31318464137797
37.2375,22.52608453222894
37.242,22.555805247565228
37.2465,22.555805247565228
37.251,21.769618838388634
37.2555,21.825593277534253
37.26,21.052418182988095
37.2645,21.129669625207665
37.269,20.39811380537392
37.2735,20.473035818509132
37.278,19.76712863119449
37.2825,19.817191937592657
37.287,19.14515642242499
37.2915,19.20460046141802
37.296,18.59001711914549
37.3005,18.681398523658014
37.305,18.085103972743507
37.3095,18.208906005283957
37.314,17.646607195284663
37.3185,17.646607195284663
37.323,17.745402737861305
37.3275,17.15848499871681
37.332,17.267321697878046
37.3365,16.616004273946174
37.341,16.680354051431856
37.3455,16.02159376227452
37.35,16.03782236893735
37.3545,15.448771648088721
37.359,15.42529318571118
37.3635,14.916707887661483
37.368,14.837274992113821
37.3725,14.422512086861023
37.377,14.422512086861023
37.3815,13.99347647567964
37.386,13.99347647567964
37.3905,13.907037726318357
37.395,13.622363884821242
37.3995,13.571524579468365
37.404,13.342005936134061
37.4085,13.32887525510882
37.413,13.131497264202839
37.4175,13.135175281862963
37.422,12.981799945150442
37.4265,13.02377758219337
37.431,12.892220111872213
37.4355,12.969985362639692
37.44,12.891932255650513
37.4445,12.891932255650513
37.449,12.905443493689416
37.4535,12.905443493689416
37.458,12.911075113744365
37.4625,12.911075113744365
37.467,12.927288395894937
37.4715,12.896618708327177
37.476,12.88872737137418
37.4805,12.856478295899594
37.485,12.810868255229153
37.4895,12.78699783517418
37.494,12.737720731864956
37.4985,12.695668387502797
37.503,12.695668387502797
37.5075,12.598781068607321
37.512,12.598781068607321
37.5165,12.536405102924737
37.521,12.536405102924737
37.5255,12.490854577444463
37.53,12.545049074460474
37.5345,12.54208791535046
37.539,12.601618074697315
37.5435,12.620823762258158
37.548,12.669138377912915
37.5525,12.663060673425397
37.557,12.72955080775413
37.5615,12.715795603566011
37.566,12.792164238767352
37.5705,12.792164238767352
37.575,12.84767930509493
37.5795,12.84767930509493
37.584,12.895887314322373
37.5885,12.895887314322373
37.593,12.95342423091656
37.5975,12.95342423091656
37.602,12.86363092168598
37.6065,13.031179736894554
37.611,12.934210547150947
37.6155,13.16618117109846
37.62,13.08184943707708
37.6245,13.365727438896448
37.629,13.365727438896448
37.6335,13.622277107401862
37.638,13.622277107401862
37.6425,13.936321526187214
37.647,13.936321526187214
37.6515,14.323850169166654
37.656,14.323850169166654
37.6605,14.770146362311904
37.665,14.770146362311904
37.6695,14.851316654558445
37.674,15.282125741701227
37.6785,15.35103351051718
37.683,15.844907133586377
37.6875,15.860166488865982
37.692,16.441807634554504
37.6965,16.441807634554504
37.701,17.027779172628243
37.7055,17.027779172628243
37.71,17.575376743270503
37.7145,17.575376743270503
37.719,18.156334055744885
37.7235,18.156334055744885
37.728,18.773503132873945
37.7325,18.773503132873945
37.737,18.82995329651745
37.7415,19.30888604150916
37.746,19.376685123936333
37.7505,19.75101663899702
37.755,19.75101663899702
37.7595,20.2841147936485
37.764,20.2841147936485
37.7685,20.85297064070909
37.773,20.85297064070909
37.7775,21.459215223352473
37.782,21.459215223352473
37.7865,22.200974467545706
37.791,22.200974467545706
37.7955,22.913284654035262
37.8,22.913284654035262
37.8045,22.84900944929329
37.809,23.721584807779482
37.8135,23.638063896040148
37.818,24.437040794640097
37.8225,24.437040794640097
37.827,25.100410674531023
37.8315,25.100410674531023
37.836,25.7076329283826
37.8405,25.7076329283826
37.845,26.297063282943892
37.8495,26.297063282943892
37.854,26.962757189507894
37.8585,26.962757189507894
37.863,27.695075460590754
37.8675,27.695075460590754
37.872,27.723526658902205
37.8765,28.442289488589118
37.881,28.442289488589118
37.8855,29.232985184278167
37.89,29.232985184278167
37.8945,30.04514131621985
37.899,30.04514131621985
37.9035,30.80079343597607
37.908,30.80079343597607
37.9125,31.503982020320183
37.917,31.503982020320183
37.9215,32.23321776896321
37.926,32.23321776896321
37.9305,32.91407485303409
37.935,32.91407485303409
37.9395,32.884408629783145
37.944,33.55227493039795
37.9485,33.55227493039795
37.953,34.242343487041
37.9575,34.242343487041
37.962,34.96360272056611
37.9665,34.96360272056611
37.971,35.67486587464725
37.9755,35.67486587464725
37.98,36.31933455305772
37.9845,36.31933455305772
37.989,36.9136026770234
37.9935,36.9136026770234
37.998,37.5285286168513
38.0025,37.5285286168513
38.007,38.12880868339262
38.0115,38.12880868339262
38.016,38.12880868339262
38.0205,38.712851892030045
38.025,38.712851892030045
38.0295,39.36846215500929
38.034,39.36846215500929
38.0385,40.0253717538852
38.043,40.0253717538852
38.0475,40.57569739058863
38.052,40.57569739058863
38.0565,41.178902182366784
38.061,41.178902182366784
38.0655,41.772705031512324
38.07,41.772705031512324
38.0745,42.35745470394385
38.079,42.31926687262785
38.0835,42.31926687262785
38.088,42.891480314879644
38.0925,42.891480314879644
38.097,43.51476272523832
38.1015,43.51476272523832
38.106,44.07590757490336
38.1105,44.07590757490336
38.115,44.60924640251892
38.1195,44.60924640251892
38.124,45.15290153849328
38.1285,45.15290153849328
38.133,45.70978965239867
38.1375,45.60758672977175
38.142,46.16263561822559
38.1465,46.06459677110454
38.151,46.06459677110454
38.1555,46.57254925024926
38.16,46.57254925024926
38.1645,47.067623103315334
38.169,47.067623103315334
38.1735,47.6116946504395
38.178,47.6116946504395
38.1825,48.069203544691234
38.187,48.069203544691234
38.1915,48.43394902839369
38.196,48.43394902839369
38.2005,48.96342874283702
38.205,48.84786307256859
38.2095,48.84786307256859
38.214,49.31029364137171
38.2185,49.31029364137171
38.223,49.79437901000147
38.2275,49.79437901000147
38.232,50.34635399615245
38.2365,50.34635399615245
38.241,50.90975306212077
38.2455,50.90975306212077
38.25,51.44756423314717
38.2545,51.44756423314717
38.259,51.829780016254425
38.2635,51.829780016254425
38.268,52.3295707796947
38.2725,52.04792246900012
38.277,52.48488473107742
38.2815,52.23993882887449
38.286,52.23993882887449
38.2905,52.54662312179619
38.295,52.54662312179619
38.2995,52.855610045288934
38.304,52.855610045288934
38.3085,53.38546431111974
38.313,53.38546431111974
38.3175,54.056220727795484
38.322,54.056220727795484
38.3265,54.73117205326809
38.331,54.769646858853235
38.3355,55.32010710068524
38.34,55.41324728688712
38.3445,55.95584942115353
38.349,56.1038072654079
38.3535,56.6063125360383
38.358,56.861215281252264
38.3625,56.861215281252264
38.367,57.67503286951991
38.3715,57.67503286951991
38.376,58.38680298592062
38.3805,58.38680298592062
38.385,59.01724220824633
38.3895,59.01724220824633
38.394,59.29815435101672
38.3985,59.5522461582394
38.403,59.965587255667934
38.4075,60.20005539415768
38.412,60.64805216974185
38.4165,60.8655363251835
38.421,60.8655363251835
38.4255,61.54414464181761
38.43,61.54414464181761
38.4345,62.26991258814859
38.439,62.26991258814859
38.4435,63.1908400509865
38.448,63.1908400509865
38.4525,63.773342741631105
38.457,64.0565453289084
38.4615,64.53394759867548
38.466,64.81186928935323
38.4705,65.22612227912735
38.475,65.52950024190615
38.4795,65.86417309895995
38.484,66.13864809354591
38.4885,66.13864809354591
38.493,66.87700442968546
38.4975,66.87700442968546
38.502,67.63028523223272
38.5065,67.63028523223272
38.511,68.39287691912612
38.5155,68.39287691912612
38.52,68.934280073083
38.5245,69.22441832844629
38.529,69.81355991656893
38.5335,70.12168212893103
38.538,70.58119554752146
38.5425,70.87666960543159
38.547,71.28590899786877
38.5515,71.60920851689535
38.556,71.93938445173616
38.5605,72.25033590268966
38.565,72.25033590268966
38.5695,72.69372196216003
38.574,72.69372196216003
38.5785,72.80172425643067
38.583,73.10477800450718
38.5875,73.30508607422139
38.592,73.55450562955204
38.5965,73.78394464058901
38.601,73.96930808976079
38.6055,74.32357282182831
38.61,74.51356040304614
38.6145,74.79412752184733
38.619,74.94244184423502
38.6235,75.28909737126968
38.628,75.40530998218476
38.6325,75.40530998218476
38.637,75.97333494748986
38.6415,75.97333494748986
38.646,76.39749142427334
38.6505,76.4666198080362
38.655,76.79004266209725
38.6595,76.81460483791416
38.664,77.05918188232626
38.6685,77.04871735069032
38.673,77.02463645146851
38.6775,76.98960959495595
38.682,77.10757609004142
38.6865,77.0731597893588
38.691,77.2503940445231
38.6955,77.21094919236668
38.7,77.21094919236668
38.7045,77.28381802149467
38.709,77.24667275016213
38.7135,77.30751524058309
38.718,77.27377129915583
38.7225,77.25275612737538
38.727,77.22052376887702
38.7315,77.10569684063005
38.736,77.11379254109055
38.7405,76.96321798950285
38.745,76.98860284705357
38.7495,76.79657302415465
38.754,76.80978473505321
38.7585,76.61465744040306
38.763,76.61859751569013
38.7675,76.61859751569013
38.772,76.43756277809796
38.7765,76.43891165836855
38.781,76.4009066493668
38.7855,76.39144285991905
38.79,76.37087850020116
38.7945,76.33944011961266
38.799,76.32483093640637
38.8035,76.27044510917597
38.808,76.23180765495275
38.8125,76.14261810250044
38.817,76.06606890428255
38.8215,75.94378525796463
38.826,75.83473335174955
38.8305,75.83473335174955
38.835,75.49424744251785
38.8395,75.49424744251785
38.844,75.30660605168767
38.8485,75.14153144031175
38.853,74.94541044219702
38.8575,74.74114310994194
38.862,74.53202615558918
38.8665,74.33246988461829
38.871,74.13392843815473
38.8755,73.94963886840698
38.88,73.94963886840698
38.8845,73.60871392159274
38.889,73.44165496199948
38.8935,73.2584887487832
38.898,73.2584887487832
38.9025,72.70566490210486
38.907,72.70566490210486
38.9115,72.5380426201856
38.916,72.13001288862893
38.9205,71.9159845134497
38.925,71.45225083184106
38.9295,71.15110223629895
38.934,70.64763321733358
38.9385,70.31051168774847
38.943,69.79713538767957
38.9475,69.46273545915821
38.952,69.08268864348035
38.9565,69.08268864348035
38.961,68.44161227059038
38.9655,68.44161227059038
38.97,67.85817634191513
38.9745,67.85817634191513
38.979,67.63349453216512
38.9835,67.32378509358168
38.988,67.12124527090023
38.9925,66.68739344418519
38.997,66.52541659683314
39.0015,66.01733006971483
39.006,65.84083849774724
39.0105,65.22423628472693
39.015,65.22423628472693
39.0195,64.22216253658391
39.024,64.22216253658391
39.0285,63.335483827609345
39.033,63.335483827609345
39.0375,62.489777286900896
39.042,62.489777286900896
39.0465,62.23725704824846
39.051,61.74613992468191
39.0555,61.5113873721539
39.06,61.17453910596173
39.0645,60.94443741823227
39.069,60.68714813330877
39.0735,60.45679185321294
39.078,60.286168278855556
39.0825,60.286168278855556
39.087,59.69241575160308
39.0915,59.69241575160308
39.096,58.96370355217687
39.1005,58.96370355217687
39.105,58.0465932210911
39.1095,58.0465932210911
39.114,57.86468829478073
39.1185,57.26827525780405
39.123,57.15899817123157
39.1275,56.53679731576561
39.132,56.4467107654144
39.1365,55.99220474386009
39.141,55.99220474386009
39.1455,55.6944946142798
39.15,55.6944946142798
39.1545,55.471971998861484
39.159,55.471971998861484
39.1635,55.395213283798604
39.168,55.395213283798604
39.1725,55.10831031035981
39.177,55.10831031035981
39.1815,54.63084840082482
39.186,54.63084840082482
39.1905,54.431704022820156
39.195,53.955293048491924
39.1995,53.908163410033204
39.204,53.298967067507746
39.2085,53.298967067507746
39.213,52.65019155309026
39.2175,52.65019155309026
39.222,52.172773671819144
39.2265,52.172773671819144
39.231,51.73170375958034
39.2355,51.73170375958034
39.24,51.488729480829925
39.2445,51.488729480829925
39.249,51.23834815098894
39.2535,51.23834815098894
39.258,51.24886969636598
39.2625,50.991052897616356
39.267,51.14606737685072
39.2715,50.7758777355343
39.276,50.7758777355343
39.2805,50.39248406910021
39.285,50.39248406910021
39.2895,49.82149750667043
39.294,49.82149750667043
39.2985,49.176523965742184
39.303,49.176523965742184
39.3075,49.303010574670495
39.312,48.715090139943435
39.3165,48.36572698238561
39.321,48.36572698238561
39.3255,48.5400773334848
39.33,48.21392863258835
39.3345,48.21392863258835
39.339,48.17382473103025
39.3435,48.17382473103025
39.348,48.09149235540181
39.3525,48.09149235540181
39.357,47.967840309122714
39.3615,47.967840309122714
39.366,47.641635091468274
39.3705,47.641635091468274
39.375,47.22392658505278
39.3795,47.22392658505278
39.384,46.65172079701585
39.3885,46.65172079701585
39.393,46.63687759741164
39.3975,46.054696439274565
39.402,46.054696439274565
39.4065,45.51693072623264
39.411,45.51693072623264
39.4155,45.03698362960462
39.42,45.03698362960462
39.4245,44.608555565240145
39.429,44.608555565240145
39.4335,44.20617043852298
39.438,44.20617043852298
39.4425,43.7105942243437
39.447,43.7105942243437
39.4515,43.20511956407044
39.456,43.20511956407044
39.4605,43.20511956407044
39.465,42.85460927685763
39.4695,42.85460927685763
39.474,42.50885180078778
39.4785,42.50885180078778
39.483,42.174776598343634
39.4875,42.174776598343634
39.492,41.889200585969974
39.4965,41.889200585969974
39.501,41.617862218271505
39.5055,41.617862218271505
39.51,41.37875745550755
39.5145,41.37875745550755
39.519,41.13122432194509
39.5235,41.13122432194509
39.528,41.13122432194509
39.5325,40.81003777597838
39.537,40.81003777597838
39.5415,40.36207219138277
39.546,40.36207219138277
39.5505,39.828022655684165
39.555,39.828022655684165
39.5595,39.311169709935555
39.564,39.311169709935555
39.5685,38.76789861711808
39.573,38.76789861711808
39.5775,38.16873646000129
39.582,38.16873646000129
39.5865,37.67875516009521
39.591,37.621237064588875
39.5955,37.621237064588875
39.6,37.12123890339049
39.6045,37.12123890339049
39.609,36.60254232003066
39.6135,36.60254232003066
39.618,36.09771560072814
39.6225,36.09771560072814
39.627,35.620198768408294
39.6315,35.620198768408294
39.636,35.08941867825489
39.6405,35.08941867825489
39.645,34.49538406911897
39.6495,34.49538406911897
39.654,33.812951959460314
39.6585,33.89906893300777
39.663,33.24236166040055
39.6675,33.34891502014336
39.672,33.34891502014336
39.6765,32.79991187051566
39.681,32.79991187051566
39.6855,32.21326258231467
39.69,32.21326258231467
39.6945,31.632252527157135
39.699,31.632252527157135
39.7035,31.008503696383155
39.708,31.008503696383155
39.7125,30.441345882394426
39.717,30.334023873511146
39.7215,29.711664965441127
39.726,29.613477913892805
39.7305,28.921997497288075
39.735,28.886430757879516
39.7395,28.886430757879516
39.744,28.20156322389234
39.7485,28.20156322389234
39.753,27.549871318669645
39.7575,27.549871318669645
39.762,26.96249848772584
39.7665,26.96249848772584
39.771,26.411780941740435
39.7755,26.411780941740435
39.78,25.804469111958483
39.7845,25.911330519453198
39.789,25.911330519453198
39.7935,25.43908928089688
39.798,24.89713229064176
39.8025,24.961059354255948
39.807,24.961059354255948
39.8115,24.473862676156482
39.816,24.473862676156482
39.8205,23.973985225436092
39.825,23.973985225436092
39.8295,23.463233038759885
39.834,23.463233038759885
39.8385,22.954306809691047
39.843,22.966375000922742
39.8475,22.462759213032086
39.852,22.487489340511484
39.8565,22.011192764075556
39.861,22.033180146928228
39.8655,21.5893941189826
39.87,21.570934049576536
39.8745,21.570934049576536
39.879,21.141716728206873
39.8835,21.141716728206873
39.888,20.728133076675284
39.8925,20.728133076675284
39.897,20.34698355482372
39.9015,20.34698355482372
39.906,20.067386890259534
39.9105,19.98758828599407
39.915,19.75249022384652
39.9195,19.67508721706347
39.924,19.498663327068012
39.9285,19.430512641812633
39.933,19.273015050355948
39.9375,19.222881020308712
39.942,19.222881020308712
39.9465,19.044653481260873
39.951,19.044653481260873
39.9555,18.885521647701452
39.96,18.885521647701452
39.9645,18.75029907388872
39.969,18.75029907388872
39.9735,18.619022647811086
39.978,18.57292522015293
39.9825,18.426175846864936
39.987,18.3729990633938
39.9915,18.225548245950087
39.996,18.17081046109676
40.0005,18.17081046109676
40.005,17.95979408802219
40.0095,17.95979408802219
40.014,17.74136188717226
40.0185,17.74136188717226
40.023,17.51027135557355
40.0275,17.51027135557355
40.032,17.39777954482457
40.0365,17.35684183832122
40.041,17.341877147314094
40.0455,17.341432152430688
40.05,17.367984661396665
40.0545,17.394134633272774
40.059,17.437068947486384
40.0635,17.47348583366639
40.068,17.482879628230304
40.0725,17.520140470664593
40.077,17.520140470664593
40.0815,17.57332444669688
40.086,17.57332444669688
40.0905,17.616713854114597
40.095,17.616713854114597
40.0995,17.600927943917455
40.104,17.615625867266647
40.1085,17.58353995812577
40.113,17.587820134757163
40.1175,17.55379353438249
40.122,17.541053251821793
40.1265,17.527350279972584
40.131,17.495089986946397
40.1355,17.507698759149772
40.14,17.454721618344916
40.1445,17.506059648272256
40.149,17.425618965402087
40.1535,17.425618965402087
40.158,17.489357863619073
40.1625,17.397496447480684
40.167,17.454386965927686
40.1715,17.36236363965755
40.176,17.41740508467383
40.1805,17.325792976157377
40.185,17.385302894112012
40.1895,17.29111007250957
40.194,17.31878411830271
40.1985,17.22905040757402
40.203,17.248925072627745
40.2075,17.16626087443327
40.212,17.192888859515694
40.2165,17.13918604929153
40.221,17.13918604929153
40.2255,17.172504129886583
40.23,17.14336213968236
40.2345,17.164150258781767
40.239,17.1489865009603
40.2435,17.171280560839907
40.248,17.156275609954964
40.2525,17.163174809061076
40.257,17.151133620832617
40.2615,17.12847042972066
40.266,17.11133279443958
40.2705,17.070642315958203
40.275,17.070642315958203
40.2795,16.979948472785182
40.284,16.979948472785182
40.2885,16.941855760554102
40.293,16.863762267505233
40.2975,16.833359129260465
40.302,16.728613971572678
40.3065,16.725821409408113
40.311,16.603926302971225
40.3155,16.636221523574815
40.32,16.50450575005512
40.3245,16.55643104921167
40.329,16.428420348515452
40.3335,16.491481586639313
40.338,16.378529591565638
40.3425,16.44851222938894
40.347,16.34041528220356
40.3515,16.34041528220356
40.356,16.40319248785697
40.3605,16.320068823491237
40.365,16.369498337182165
40.3695,16.293107813569552
40.374,16.31530559939209
40.3785,16.240829288089717
40.383,16.238150104306722
40.3875,16.16991758165055
40.392,16.15258351831478
40.3965,16.083191856334444
40.401,16.05787015934256
40.4055,15.968926266172012
40.41,15.968926266172012
40.4145,15.840591480786198
40.419,15.840591480786198
40.4235,15.8246702915955
40.428,15.702052130334438
40.4325,15.687530996311718
40.437,15.566461660327567
40.4415,15.562148008522367
40.446,15.462022821336628
40.4505,15.450294927218074
40.455,15.372846512120407
40.4595,15.360788274458908
40.464,15.294816134544561
40.4685,15.28284012170883
40.473,15.222943869012216
40.4775,15.222943869012216
40.482,15.163527875954918
40.4865,15.163527875954918
40.491,15.162859969541566
40.4955,15.117733113369116
40.5,15.116247752825906
40.5045,15.066100805353328
40.509,15.049447277584639
40.5135,14.98949906219303
40.518,14.96277424805651
40.5225,14.896458030600934
40.527,14.864885694918934
40.5315,14.79373577465072
40.536,14.79373577465072
40.5405,14.675445178410849
40.545,14.675445178410849
40.5495,14.57531749923141
40.554,14.57531749923141
40.5585,14.560661444209074
40.563,14.492201268119741
40.5675,14.49130728997252
40.572,14.421683776352298
40.5765,14.432163152824195
40.581,14.347209552081203
40.5855,14.355980698550903
40.59,14.274406978095493
40.5945,14.28582488745775
40.599,14.205391309697928
40.6035,14.205391309697928
40.608,14.149897739670601
40.6125,14.149897739670601
40.617,14.1014615440138
40.6215,14.1014615440138
40.626,14.044087324591032
40.6305,14.044087324591032
40.635,14.04814115715565
40.6395,13.954917541737771
40.644,13.949422457281338
40.6485,13.891359360150208
40.653,13.890336417163757
40.6575,13.87784425258699
40.662,13.87784425258699
40.6665,13.869733199002194
40.671,13.869733199002194
40.6755,13.856751795475398
40.68,13.856751795475398
40.6845,13.82610675880042
40.689,13.82610675880042
40.6935,13.777053394295336
40.698,13.777053394295336
40.7025,13.792003414573044
40.707,13.73058667753139
40.7115,13.733601134908652
40.716,13.682545235677079
40.7205,13.696974709795823
40.725,13.667394295740305
40.7295,13.667394295740305
40.734,13.664271894554037
40.7385,13.664271894554037
40.743,13.641915253785045
40.7475,13.641915253785045
40.752,13.622201229842343
40.7565,13.622201229842343
40.761,13.593289442749503
40.7655,13.593289442749503
40.77,13.614485505555141
40.7745,13.56579060092679
40.779,13.578171538985039
40.7835,13.525962773204942
40.788,13.525962773204942
40.7925,13.468661197553574
40.797,13.468661197553574
40.8015,13.408511562184882
40.806,13.408511562184882
40.8105,13.357373073692381
40.815,13.357373073692381
40.8195,13.293093886973372
40.824,13.293093886973372
40.8285,13.204432411258601
40.833,13.204432411258601
40.8375,13.209953348089124
40.842,13.09404495626635
40.8465,13.107459187272097
40.851,12.991240911226553
40.8555,12.991240911226553
40.86,12.919515218643362
40.8645,12.919515218643362
40.869,12.86852713852894
40.8735,12.86852713852894
40.878,12.851928343575349
40.8825,12.851928343575349
40.887,12.864650851216583
40.8915,12.864650851216583
40.896,12.878213741749633
40.9005,12.878213741749633
40.905,12.900276462664992
40.9095,12.857099801636238
40.914,12.857099801636238
40.9185,12.794693159487943
40.923,12.794693159487943
40.9275,12.724622986171397
40.932,12.724622986171397
40.9365,12.639512308510449
40.941,12.639512308510449
40.9455,12.525940869941591
40.95,12.525940869941591
40.9545,12.399497870691626
40.959,12.399497870691626
40.9635,12.307599746138472
40.968,12.307599746138472
40.9725,12.328671360310981
40.977,12.258752796862225
40.9815,12.258752796862225
40.986,12.218010159937151
40.9905,12.218010159937151
40.995,12.20154597272627
40.9995,12.20154597272627
41.004,12.200823275624115
41.0085,12.200823275624115
41.013,12.201311602327594
41.0175,12.201311602327594
41.022,12.183789823094394
41.0265,12.183789823094394
41.031,12.12003404068773
41.0355,12.12003404068773
41.04,12.05534321662608
41.0445,12.042125079396078
41.049,12.042125079396078
41.0535,11.95100099673615
41.058,11.95100099673615
41.0625,11.866313190397387
41.067,11.866313190397387
41.0715,11.808741953099865
41.076,11.808741953099865
41.0805,11.775127800612713
41.085,11.775127800612713
41.0895,11.753196026138882
41.094,11.753196026138882
41.0985,11.72878442832021
41.103,11.72878442832021
41.1075,11.724158747736569
41.112,11.706819748687375
41.1165,11.706819748687375
41.121,11.68004847204739
41.1255,11.68004847204739
41.13,11.631411351288374
41.1345,11.631411351288374
41.139,11.563604721377798
41.1435,11.563604721377798
41.148,11.489382911179424
41.1525,11.489382911179424
41.157,11.404933512672988
41.1615,11.404933512672988
41.166,11.380146333198839
41.1705,11.345474404548062
41.175,11.334697999575019
41.1795,11.314318950926742
41.184,11.314318950926742
41.1885,11.3039292510938
41.193,11.3039292510938
41.1975,11.287985260003705
41.202,11.287985260003705
41.2065,11.275436080519375
41.211,11.275436080519375
41.2155,11.248206951049044
41.22,11.248206951049044
41.2245,11.211561547305937
41.229,11.211561547305937
41.2335,11.171764123531455
41.238,11.175790114524078
41.2425,11.143347740724636
41.247,11.150775453932603
41.2515,11.150775453932603
41.256,11.101808867510677
41.2605,11.101808867510677
41.265,11.037841805423511
41.2695,11.037841805423511
41.274,10.97176276548984
41.2785,10.97176276548984
41.283,10.930373734753024
41.2875,10.930373734753024
41.292,10.892833354658018
41.2965,10.894766411612318
41.301,10.853285779627978
41.3055,10.859339795550024
41.31,10.82494895452171
41.3145,10.831100998136819
41.319,10.831100998136819
41.3235,10.788137411943426
41.328,10.788137411943426
41.3325,10.750868964961741
41.337,10.750868964961741
41.3415,10.738484464714906
41.346,10.738484464714906
41.3505,10.724845928816517
41.355,10.724845928816517
41.3595,10.70022365981488
41.364,10.69722068188108
41.3685,10.679795020844296
41.373,10.67029261023536
41.3775,10.630876479188014
41.382,10.618068467038947
41.3865,10.618068467038947
41.391,10.544210454401105
41.3955,10.544210454401105
41.4,10.477221139084017
41.4045,10.477221139084017
41.409,10.405193763469486
41.4135,10.405193763469486
41.418,10.35534385548194
41.4225,10.333039763431767
41.427,10.284645737724713
41.4315,10.263229925313176
41.436,10.240636464743332
41.4405,10.228245130464959
41.445,10.230439804161561
41.4495,10.224670865040279
41.454,10.224670865040279
41.4585,10.21743563193892
41.463,10.21743563193892
41.4675,10.202110671051068
41.472,10.202110671051068
41.4765,10.184867775501013
41.481,10.184867775501013
41.4855,10.162678109271967
41.49,10.1522733954906
41.4945,10.118013028843569
41.499,10.106241003341285
41.5035,10.06418257164005
41.508,10.051703579165999
41.5125,10.013085971584205
41.517,10.00474273719663
41.5215,9.974272671123376
41.526,9.998775566319683
41.5305,9.998775566319683
41.535,10.019938837227759
41.5395,10.019938837227759
41.544,9.992865554087853
41.5485,10.062046601987646
41.553,10.030622786134668
41.5575,10.099244437053281
41.562,10.056237724558276
41.5665,10.112028208030717
41.571,10.067269845650891
41.5755,10.108308467098222
41.58,10.059908611810862
41.5845,10.094246684654593
41.589,10.038554943746295
41.5935,10.061498155771805
41.598,10.061498155771805
41.6025,10.03459753122528
41.607,10.03459753122528
41.6115,9.995386737295052
41.616,10.009667161369782
41.6205,9.984269646631487
41.625,9.99488232123293
41.6295,9.976427712523382
41.634,9.983041068273288
41.6385,9.96644077086322
41.643,9.970028126893268
41.6475,9.947976724794769
41.652,9.93385180503482
41.6565,9.90190257743883
41.661,9.879760812634023
41.6655,9.879760812634023
41.67,9.868437861381928
41.6745,9.839415459041934
41.679,9.830591851178859
41.6835,9.814067329037856
41.688,9.778900044490218
41.6925,9.765228070282745
41.697,9.734854585843474
41.7015,9.727054350440051
41.706,9.71642862704207
41.7105,9.708444732168985
41.715,9.677736723772604
41.7195,9.67070228561576
41.724,9.634516466429778
41.7285,9.634393723166863
41.733,9.634393723166863
41.7375,9.606491322095337
41.742,9.608734567897827
41.7465,9.58025449355179
41.751,9.578860536680823
41.7555,9.55777639353516
41.76,9.55312860294817
41.7645,9.529031101600793
41.769,9.526880729814197
41.7735,9.492421350628923
41.778,9.497780804231153
41.7825,9.45433932441052
41.787,9.453056802794258
41.7915,9.39989043244209
41.796,9.39989043244209
41.8005,9.409295820626912
41.805,9.356704547419888
41.8095,9.365184926299218
41.814,9.327993592778224
41.8185,9.34280569532246
41.823,9.290268934552062
41.8275,9.304242157929426
41.832,9.260652552944547
41.8365,9.26520786510734
41.841,9.232014498543718
41.8455,9.233524944164776
41.85,9.213491819078856
41.8545,9.208971308552796
41.859,9.18919240947647
41.8635,9.18919240947647
41.868,9.18243676827954
41.8725,9.159026052658511
41.877,9.152388126225846
41.8815,9.138844329962971
41.886,9.132056643521006
41.8905,9.096329824788338
41.895,9.098566679562746
41.8995,9.059801761793812
41.904,9.065561491342384
41.9085,9.02530169908445
41.913,9.03190585056673
41.9175,8.991387943772809
41.922,8.989449243331325
41.9265,8.955546685086675
41.931,8.955546685086675
41.9355,8.92805582221331
41.94,8.92805582221331
41.9445,8.93403190129322
41.949,8.903936089008385
41.9535,8.913073571538021
41.958,8.883452798529982
41.9625,8.898612107780902
41.967,8.86441740266976
41.9715,8.875447566989793
41.976,8.841995401460341
41.9805,8.847908946858539
41.985,8.811498848139038
41.9895,8.811498848139038
41.994,8.769734224522272
41.9985,8.769734224522272
42.003,8.739929384402684
42.0075,8.739929384402684
42.012,8.754529325336811
42.0165,8.71957731622302
42.021,8.72956468312129
42.0255,8.695303526010171
42.03,8.70513860163342
42.0345,8.675424800687688
42.039,8.681861694109482
42.0435,8.648041645620198
42.048,8.65165882962038
42.0525,8.610755332487171
42.057,8.610755332487171
42.0615,8.574889984056155
42.066,8.574889984056155
42.0705,8.538130997348048
42.075,8.538130997348048
42.0795,8.547024389980608
42.084,8.492800593931246
42.0885,8.505520254169806
42.093,8.449248770745408
42.0975,8.461317193099157
42.102,8.385155878237038
42.1065,8.398532465342896
42.111,8.344343443322165
42.1155,8.344343443322165
42.12,8.320969632067467
42.1245,8.320969632067467
42.129,8.309979561672106
42.1335,8.309979561672106
42.138,8.29062635937503
42.1425,8.29062635937503
42.147,8.310610848328482
42.1515,8.256617834646827
42.156,8.274808555263125
42.1605,8.2283591558637
42.165,8.23791095770659
42.1695,8.186492387052395
42.174,8.19784974051439
42.1785,8.179782017049934
42.183,8.179782017049934
42.1875,8.167342191581625
42.192,8.167342191581625
42.1965,8.13932648565398
42.201,8.13932648565398
42.2055,8.120483072081079
42.21,8.120483072081079
42.2145,8.119252920656944
42.219,8.104536813905543
42.2235,8.10662380584609
42.228,8.069022442881286
42.2325,8.07139029352368
42.237,8.035223424648304
42.2415,8.035223424648304
42.246,8.011377382386883
42.2505,8.011377382386883
42.255,8.00181820462273
42.2595,8.00181820462273
42.264,7.995784287460659
42.2685,7.995784287460659
42.273,8.000269710816847
42.2775,8.000269710816847
42.282,8.02267337240049
42.2865,8.000850443705163
42.291,8.0266891474067
42.2955,8.01317642021543
42.3,8.032452832792913
42.3045,8.022804704057272
42.309,8.022804704057272
42.3135,8.049029944022669
42.318,8.049029944022669
42.3225,8.056090085422799
42.327,8.056090085422799
42.3315,8.04558732227403
42.336,8.04558732227403
42.3405,8.027591930442405
42.345,8.027591930442405
42.3495,8.022581804685071
42.354,8.012898605729982
42.3585,8.026908912832683
42.363,7.994270935534312
42.3675,7.994270935534312
42.372,7.972088744983698
42.3765,7.972088744983698
42.381,7.9580571511507445
42.3855,7.9580571511507445
42.39,7.971823562348421
42.3945,7.971823562348421
42.399,7.978013781349217
42.4035,7.978013781349217
42.408,7.963435559294064
42.4125,7.963435559294064
42.417,7.965872566326241
42.4215,7.965872566326241
42.426,7.986245176645246
42.4305,7.97152596351144
42.435,7.97152596351144
42.4395,7.944081366156726
42.444,7.944081366156726
42.4485,7.912630360535493
42.453,7.912630360535493
42.4575,7.886759344272863
42.462,7.886759344272863
42.4665,7.854125055289449
42.471,7.854125055289449
42.4755,7.8035697490518094
42.48,7.8035697490518094
42.4845,7.776831908211999
42.489,7.776831908211999
42.4935,7.776831908211999
42.498,7.736204921112771
42.5025,7.736204921112771
42.507,7.671686271331493
42.5115,7.671686271331493
42.516,7.637382352316358
42.5205,7.637382352316358
42.525,7.6165301747488545
42.5295,7.6165301747488545
42.534,7.601995580754965
42.5385,7.601995580754965
42.543,7.583166019760411
42.5475,7.583166019760411
42.552,7.552998158269108
42.5565,7.552998158269108
42.561,7.552998158269108
42.5655,7.512212374359245
42.57,7.512212374359245
42.5745,7.463692091315681
42.579,7.463692091315681
42.5835,7.410761134032741
42.588,7.410761134032741
42.5925,7.36174752729856
42.597,7.36174752729856
42.6015,7.338372907460406
42.606,7.338372907460406
42.6105,7.328513255180224
42.615,7.328513255180224
42.6195,7.301993674947841
42.624,7.3233813273615835
42.6285,7.3233813273615835
42.633,7.318001742242003
42.6375,7.318001742242003
42.642,7.295751702867694
42.6465,7.295751702867694
42.651,7.268847982010492
42.6555,7.268847982010492
42.66,7.209604371959006
42.6645,7.209604371959006
42.669,7.122714388457419
42.6735,7.122714388457419
42.678,7.021397778009383
42.6825,7.021397778009383
42.687,6.930869706173364
42.6915,6.921675742075208
42.696,6.921675742075208
42.7005,6.832462446947016
42.705,6.832462446947016
42.7095,6.728806612094557
42.714,6.728806612094557
42.7185,6.621656002820774
42.723,6.621656002820774
42.7275,6.532980446493409
42.732,6.532980446493409
42.7365,6.451064384210299
42.741,6.451064384210299
42.7455,6.370551106273127
42.75,6.401852161374921
42.7545,6.347367627925032
42.759,6.398523058705074
42.7635,6.398523058705074
42.768,6.417829709085856
42.7725,6.417829709085856
42.777,6.431296539012573
42.7815,6.431296539012573
42.786,6.440317305815412
42.7905,6.440317305815412
42.795,6.43734875869695
42.7995,6.43734875869695
42.804,6.415140517072823
42.8085,6.415140517072823
42.813,6.3724184123378445
42.8175,6.356626404279014
42.822,6.299717533113474
42.8265,6.287834054490384
42.831,6.287834054490384
42.8355,6.24786635696401
42.84,6.24786635696401
42.8445,6.249254679911912
42.849,6.249254679911912
42.8535,6.274175399561195
42.858,6.274175399561195
42.8625,6.3084677694702025
42.867,6.3084677694702025
42.8715,6.3257183756805455
42.876,6.344136775187813
42.8805,6.346991426184751
42.885,6.355297728018533
42.8895,6.352395634257911
42.894,6.353573462054718
42.8985,6.331736938712793
42.903,6.320599945791688
42.9075,6.320599945791688
42.912,6.29325835489415
42.9165,6.29325835489415
42.921,6.276822903607957
42.9255,6.276822903607957
42.93,6.248803580661104
42.9345,6.248803580661104
42.939,6.2286122329958475
42.9435,6.225179462829122
42.948,6.21561078129778
42.9525,6.218357066722093
42.957,6.218194067657624
42.9615,6.229818846493537
42.966,6.231400776608684
42.9705,6.226263503277222
42.975,6.226263503277222
42.9795,6.239664399062444
42.984,6.239664399062444
42.9885,6.245409591256273
42.993,6.245409591256273
42.9975,6.2414231510329
43.002,6.249755198415193
43.0065,6.24215572486439
43.011,6.252269035142267
43.0155,6.235699697203664
43.02,6.2506744366719245
43.0245,6.219572195163465
43.029,6.2350910815126825
43.0335,6.2023740566314896
43.038,6.215500884876337
43.0425,6.215500884876337
43.047,6.203581290769411
43.0515,6.203581290769411
43.056,6.186635546481083
43.0605,6.186635546481083
43.065,6.163754376486447
43.0695,6.179534000729176
43.074,6.176646091144127
43.0785,6.193971284508156
43.083,6.203286117346824
43.0875,6.224322126337178
43.092,6.239607142244253
43.0965,6.2605193666956565
43.101,6.262930768256752
43.1055,6.278952036857
43.11,6.278952036857
43.1145,6.266250070991249
43.119,6.266250070991249
43.1235,6.232279813089223
43.128,6.223884991682922
43.1325,6.190178329287846
43.137,6.177620061311838
43.1415,6.158713876195555
43.146,6.1332981919437985
43.1505,6.114339673151482
43.155,6.084220966167727
43.1595,6.066082326523737
43.164,6.037094126089735
43.1685,6.0321291761588745
43.173,6.0106809699846355
43.1775,6.0106809699846355
43.182,6.0164153143890315
43.1865,6.0164153143890315
43.191,6.043298926188576
43.1955,6.019096561011922
43.2,6.042346205387517
43.2045,6.021951287971702
43.209,6.044644060165422
43.2135,6.03857429127162
43.218,6.0474444144613235
43.2225,6.0392455316302325
43.227,6.031766099855499
43.2315,6.022615336535242
43.236,5.997197188707105
43.2405,6.005207200847583
43.245,5.96533207206682
43.2495,5.96533207206682
43.254,5.983536826043736
43.2585,5.931422813016127
43.263,5.951652064647952
43.2675,5.9200830509730284
43.272,5.944365721170285
43.2765,5.931308052848385
43.281,5.963984437429828
43.2855,5.949541646129095
43.29,5.970572551765155
43.2945,5.951947026181564
43.299,5.965848709382559
43.3035,5.9597969956818915
43.308,5.963625311691065
43.3125,5.963817892389076
43.317,5.963817892389076
43.3215,5.980140573391224
43.326,5.98860677751069
43.3305,6.000002482955483
43.335,6.014377730885541
43.3395,6.024454880957768
43.344,6.0286246208055205
43.3485,6.046356598374749
43.353,6.0470741986142444
43.3575,6.056276941164341
43.362,6.051089643560947
43.3665,6.062201238293043
43.371,6.044806419376504
43.3755,6.044806419376504
43.38,6.036219361631939
43.3845,6.036219361631939
43.389,6.040243169634805
43.3935,6.036497446696024
43.398,6.032990196081898
43.4025,6.0403384151337365
43.407,6.036429155785705
43.4115,6.0506345190932675
43.416,6.06215983385158
43.4205,6.081403625394018
43.425,6.0995951097238414
43.4295,6.12153494769398
43.434,6.137372794006206
43.4385,6.145096331460253
43.443,6.145096331460253
43.4475,6.162107302916505
43.452,6.162107302916505
43.4565,6.181045582272191
43.461,6.174502695170629
43.4655,6.191742846244265
43.47,6.184890526817957
43.4745,6.190828632642841
43.479,6.1780725206516935
43.4835,6.169755187704572
43.488,6.175895712939578
43.4925,6.168264177366339
43.497,6.184250100146763
43.5015,6.184250100146763
43.506,6.206403450876376
43.5105,6.206403450876376
43.515,6.207037069407796
43.5195,6.207037069407796
43.524,6.2208754394307375
43.5285,6.206494273086772
43.533,6.219526436809204
43.5375,6.2217129003425775
43.542,6.228255251452679
43.5465,6.233523305815171
43.551,6.230515670157671
43.5555,6.225995195619832
43.56,6.227332702042553
43.5645,6.227139235986909
43.569,6.227139235986909
43.5735,6.242611886804122
43.578,6.242611886804122
43.5825,6.259182182237197
43.587,6.259182182237197
43.5915,6.265930495505025
43.596,6.272779649116987
43.6005,6.2789954734127855
43.605,6.285732515098383
43.6095,6.309704383508083
43.614,6.313052744622708
43.6185,6.333536964941738
43.623,6.3235978838755935
43.6275,6.3235978838755935
43.632,6.340618358365727
43.6365,6.340618358365727
43.641,6.374112771691053
43.6455,6.374112771691053
43.65,6.397610110167082
43.6545,6.397610110167082
43.659,6.398822542806885
43.6635,6.413615308604347
43.668,6.419484098367592
43.6725,6.422626926450776
43.677,6.433363612186254
43.6815,6.4297064140991775
43.686,6.435259418728366
43.6905,6.424098603314685
43.695,6.424098603314685
43.6995,6.432004157902981
43.704,6.432004157902981
43.7085,6.447581920960818
43.713,6.447581920960818
43.7175,6.465398893227285
43.722,6.465398893227285
43.7265,6.502885501033987
43.731,6.502885501033987
43.7355,6.498636547501715
43.74,6.540143107641829
43.7445,6.532847987407385
43.749,6.557664488576134
43.7535,6.557664488576134
43.758,6.552964457453258
43.7625,6.552964457453258
43.767,6.5284839508107355
43.7715,6.5284839508107355
43.776,6.520598813252672
43.7805,6.520598813252672
43.785,6.522900830945725
43.7895,6.522900830945725
43.794,6.529719124965297
43.7985,6.529719124965297
43.803,6.53039160789016
43.8075,6.539384008503446
43.812,6.546483531569975
43.8165,6.550026116426655
43.821,6.550026116426655
43.8255,6.573292300938357
43.83,6.573292300938357
43.8345,6.59452861529687
43.839,6.59452861529687
43.8435,6.622063689176502
43.848,6.622063689176502
43.8525,6.6492578136526115
43.857,6.6492578136526115
43.8615,6.666715572554984
43.866,6.666715572554984
43.8705,6.659875899098544
43.875,6.6538588758154855
43.8795,6.65273282498479
43.884,6.645290988489494
43.8885,6.645290988489494
43.893,6.641172210046602
43.8975,6.641172210046602
43.902,6.645164498773275
43.9065,6.645164498773275
43.911,6.657950699774313
43.9155,6.657950699774313
43.92,6.684751808512574
43.9245,6.684751808512574
43.929,6.708560907510776
43.9335,6.708560907510776
43.938,6.709879656530128
43.9425,6.734298826012297
43.947,6.734298826012297
43.9515,6.754060314022916
43.956,6.754060314022916
43.9605,6.777479494085102
43.965,6.777479494085102
43.9695,6.7916802980683535
43.974,6.7916802980683535
43.9785,6.803258149217258
43.983,6.803258149217258
43.9875,6.803013782540743
43.992,6.803013782540743
43.9965,6.810000493864686
44.001,6.810000493864686
44.0055,6.810000493864686
44.01,6.827467940745396
44.0145,6.827467940745396
44.019,6.847558053678298
44.0235,6.847558053678298
44.028,6.859469349605552
44.0325,6.859469349605552
44.037,6.875349970546578
44.0415,6.875349970546578
44.046,6.9092256434792265
44.0505,6.9092256434792265
44.055,6.943371019123935
44.0595,6.943371019123935
44.064,6.954278446479159
44.0685,6.954278446479159
44.073,6.954278446479159
44.0775,6.968119328287876
44.082,6.968119328287876
44.0865,6.997306061159456
44.091,6.997306061159456
44.0955,7.0267768809793445
44.1,7.0267768809793445
44.1045,7.035858741736964
44.109,7.035858741736964
44.1135,7.040910573788729
44.118,7.040910573788729
44.1225,7.042700045540731
44.127,7.042700045540731
44.1315,7.048780325081586
44.136,7.048780325081586
44.1405,7.048780325081586
44.145,7.0554749172396365
44.1495,7.0554749172396365
44.154,7.063579454270916
44.1585,7.063579454270916
44.163,7.074381810780383
44.1675,7.074381810780383
44.172,7.088543666845568
44.1765,7.088543666845568
44.181,7.117010481074252
44.1855,7.117010481074252
44.19,7.144596492127975
44.1945,7.144596492127975
44.199,7.161458771880932
44.2035,7.1614770608569
44.208,7.176285859149542
44.2125,7.1751760389620385
44.217,7.1751760389620385
44.2215,7.193035953773703
44.226,7.193035953773703
44.2305,7.205347310592964
44.235,7.205347310592964
44.2395,7.20880597463731
44.244,7.20880597463731
44.2485,7.199752586046654
44.253,7.199752586046654
44.2575,7.192950702072269
44.262,7.192950702072269
44.2665,7.206607693049671
44.271,7.208301944031541
44.2755,7.227234722729491
44.28,7.226869898298738
44.2845,7.226869898298738
44.289,7.260127052127911
44.2935,7.260127052127911
44.298,7.278182494368654
44.3025,7.278182494368654
44.307,7.292634663817049
44.3115,7.292634663817049
44.316,7.30546988794538
44.3205,7.30546988794538
44.325,7.318181644638949
44.3295,7.3172727819862455
44.334,7.323764963308374
44.3385,7.32545273757496
44.343,7.318659819224847
44.3475,7.317835216599105
44.352,7.317835216599105
44.3565,7.3099686722475425
44.361,7.3099686722475425
44.3655,7.323022423596123
44.37,7.323022423596123
44.3745,7.320614619321209
44.379,7.320614619321209
44.3835,7.322191410065846
44.388,7.322191410065846
44.3925,7.326447919667252
44.397,7.322807032169096
44.4015,7.333030834700339
44.406,7.337598023041148
44.4105,7.353039398058896
44.415,7.364719021930459
44.4195,7.364719021930459
44.424,7.375590348377313
44.4285,7.375590348377313
44.433,7.391688918786124
44.4375,7.391688918786124
44.442,7.423423932742744
44.4465,7.423423932742744
44.451,7.437846640442297
44.4555,7.443260117680255
44.46,7.449567275041811
44.4645,7.45337557461464
44.469,7.460312717409845
44.4735,7.452533484655466
44.478,7.459455601598566
44.4825,7.4539930286847325
44.487,7.4539930286847325
44.4915,7.468251859462711
44.496,7.468251859462711
44.5005,7.464464829499984
44.505,7.464464829499984
44.5095,7.463086787465942
44.514,7.463086787465942
44.5185,7.475532908115822
44.523,7.478212996400539
44.5275,7.500927433594758
44.532,7.500489825099578
44.5365,7.522241743825337
44.541,7.519479392868272
44.5455,7.54286584765706
44.55,7.543616616486027
44.5545,7.543616616486027
44.559,7.562954799740329
44.5635,7.562954799740329
44.568,7.579465843801327
44.5725,7.579465843801327
44.577,7.586566899898275
44.5815,7.586577219182225
44.586,7.591293449025957
44.5905,7.591447165290688
44.595,7.602050026655948
44.5995,7.600358695660861
44.604,7.6047650786093355
44.6085,7.6059526950928475
44.613,7.611031536892199
44.6175,7.6077792365787
44.622,7.6077792365787
44.6265,7.614165162806431
44.631,7.614165162806431
44.6355,7.6316280231111095
44.64,7.6316280231111095
44.6445,7.65635584952769
44.649,7.653399507676951
44.6535,7.683420128179173
44.658,7.6885731856908315
44.6625,7.718628042507836
44.667,7.723613285149251
44.6715,7.73411872000247
44.676,7.73132839014752
44.6805,7.728716638413943
44.685,7.72997361846432
44.6895,7.727948519063186
44.694,7.726345034527916
44.6985,7.726345034527916
44.703,7.732614852874113
44.7075,7.7360407292302815
44.712,7.753064937288529
44.7165,7.755127399870358
44.721,7.760239957012544
44.7255,7.764629722832911
44.73,7.767438516386762
44.7345,7.764764476004528
44.739,7.770146514435291
44.7435,7.76774277826516
44.748,7.7826943726290105
44.7525,7.782550432488922
44.757,7.791094866147304
44.7615,7.794814225565437
44.766,7.794814225565437
44.7705,7.804754896052259
44.775,7.805077395143396
44.7795,7.818985859674506
44.784,7.820499931817175
44.7885,7.834344553935289
44.793,7.841037629142706
44.7975,7.846003597415797
44.802,7.852199627766996
44.8065,7.866778475931898
44.811,7.870112997172336
44.8155,7.889994662750767
44.82,7.897894748578231
44.8245,7.923556451805145
44.829,7.923556451805145
44.8335,7.930675764516194
44.838,7.960643129571716
44.8425,7.971392040116916
44.847,7.995244386993209
44.8515,8.008101793990347
44.856,8.035415613611546
44.8605,8.050401831965104
44.865,8.071003150974322
44.8695,8.077183427659286
44.874,8.080587119044303
44.8785,8.086587047776604
44.883,8.087231066110457
44.8875,8.09471012670965
44.892,8.106689683434372
44.8965,8.106689683434372
44.901,8.105768837094322
44.9055,8.124851249258608
44.91,8.12143768264087
44.9145,8.144104077036973
44.919,8.1420878115261
44.9235,8.160324763666871
44.928,8.158707482649353
44.9325,8.179679605634695
44.937,8.17010185483346
44.9415,8.206376572199947
44.946,8.197650951889333
44.9505,8.224062864723997
44.955,8.224062864723997
44.9595,8.22353221271507
44.964,8.22353221271507
44.9685,8.224979012261386
44.973,8.224862850134166
44.9775,8.212022932806972
44.982,8.21900980907987
44.9865,8.201896897296676
44.991,8.210172193368113
44.9955,8.188937971005304
45.0,8.200679052482307
45.0045,8.17288050945071
45.009,8.172304516507378
45.0135,8.126149136641121
45.018,8.120857090725837
45.0225,8.120857090725837
45.027,8.005474429968338
45.0315,8.005474429968338
45.036,7.8592752813733755
45.0405,7.815058639904725
45.045,7.6573989272070575
45.0495,7.609431049920364
45.054,7.4669381355545115
45.0585,7.42045087260479
45.063,7.293358379598353
45.0675,7.254305227962938
45.072,7.100447353912844
45.0765,7.0885465182104594
45.081,7.0885465182104594
45.0855,6.832517417091175
45.09,6.832517417091175
45.0945,6.4988173502872195
45.099,6.4988173502872195
45.1035,6.160746825125189
45.108,6.160746825125189
45.1125,5.874201988552596
45.117,5.83391301387477
45.1215,5.543689037347015
45.126,5.556000741881167
45.1305,5.242218521375985
45.135,5.392420694277834
45.1395,5.392420694277834
45.144,5.291554526941189
45.1485,5.291554526941189
45.153,5.257340994682004
45.1575,5.257340994682004
45.162,4.833939182505434
45.1665,5.29257590751485
45.171,5.52399317368474
45.1755,5.52399317368474
45.18,5.2082060975156645
45.1845,5.8803416312872825
45.189,5.644417973654925
45.1935,6.413902328351934
45.198,6.287819694686298
45.2025,7.183695529733429
45.207,7.183695529733429
45.2115,8.057345369097959
45.216,8.057345369097959
45.2205,8.96005040456288
45.225,8.96005040456288
45.2295,9.937025257181963
45.234,9.937025257181963
45.2385,11.009417276179192
45.243,11.009417276179192
45.2475,10.970493476366462
45.252,12.201763013815023
45.2565,12.190123330289634
45.261,13.511032644296513
45.2655,13.511032644296513
45.27,14.876785024495334
45.2745,14.876785024495334
45.279,16.24568503008999
45.2835,16.24568503008999
45.288,17.54025723200474
45.2925,17.54025723200474
45.297,18.80465396615407
45.3015,18.80465396615407
45.306,20.057574142935458
45.3105,20.057574142935458
45.315,19.749545842837364
45.3195,21.27960512271286
45.324,20.88680774871455
45.3285,22.462598079180456
45.333,22.033292751185233
45.3375,23.66085547425155
45.342,23.66085547425155
45.3465,24.91972912535609
45.351,24.91972912535609
45.3555,26.293645443482834
45.36,26.293645443482834
45.3645,27.750206630819687
45.369,27.750206630819687
45.3735,29.191492996319216
45.378,29.191492996319216
45.3825,29.03465953246715
45.387,30.614886960530797
45.3915,30.614886960530797
45.396,31.95430442421241
45.4005,31.95430442421241
45.405,33.04893588566676
45.4095,33.04893588566676
45.414,34.00468990705452
45.4185,34.00468990705452
45.423,34.98881078505267
45.4275,34.98881078505267
45.432,36.37150374648416
45.4365,36.37150374648416
45.441,36.5849639846543
45.4455,38.001958229058985
45.45,38.27817297976008
45.4545,39.712774605012015
45.459,39.712774605012015
45.4635,41.71659243403593
45.468,41.71659243403593
45.4725,43.90266682420214
45.477,43.90266682420214
45.4815,46.355703692177975
45.486,46.355703692177975
45.4905,48.83033011998563
45.495,48.83033011998563
45.4995,51.211555589834376
45.504,51.211555589834376
45.5085,52.314403925959205
45.513,53.50430803845011
45.5175,54.63654157833952
45.522,55.43351753487693
45.5265,55.43351753487693
45.531,56.979162189663
45.5355,56.979162189663
45.54,57.98499944642822
45.5445,57.98499944642822
45.549,58.67950946558107
45.5535,58.67950946558107
45.558,59.036514620270616
45.5625,59.036514620270616
45.567,59.26459650572421
45.5715,59.26459650572421
45.576,59.26459650572421
45.5805,59.28706831741014
45.585,59.05479788846661
45.5895,59.05479788846661
45.594,59.05479788846661
45.5985,58.598548638375775
45.603,58.598548638375775
45.6075,57.97330379040074
45.612,57.97330379040074
45.6165,57.21231253960011
45.621,57.21231253960011
45.6255,56.37097083186393
45.63,56.37097083186393
45.6345,55.41365192854957
45.639,55.41365192854957
45.6435,54.338426427692426
45.648,54.338426427692426
45.6525,53.667928500523054
45.657,53.184089468802135
45.6615,53.184089468802135
45.666,51.941224022739405
45.6705,51.941224022739405
45.675,50.609152898670594
45.6795,50.609152898670594
45.684,49.26768150636994
45.6885,49.26768150636994
45.693,47.9071440597662
45.6975,47.9071440597662
45.702,47.00735613528945
45.7065,46.4908720111276
45.711,44.84454477163173
45.7155,44.84454477163173
45.72,43.89980743475029
45.7245,43.38478348989174
45.729,43.38478348989174
45.7335,42.165097215189924
45.738,42.165097215189924
45.7425,41.08496450612714
45.747,41.08496450612714
45.7515,40.190495220325744
45.756,40.190495220325744
45.7605,39.13426915690891
45.765,39.13426915690891
45.7695,38.02990854303809
45.774,38.02990854303809
45.7785,37.062987207257194
45.783,36.874257519571145
45.7875,35.8751647726412
45.792,35.67931251698691
45.7965,35.67931251698691
45.801,34.50161788189604
45.8055,34.50161788189604
45.81,33.593989624333744
45.8145,33.593989624333744
45.819,32.63299489825896
45.8235,32.63299489825896
45.828,32.13115863553981
45.8325,32.13115863553981
45.837,32.29414407241191
45.8415,32.29414407241191
45.846,31.36472317983005
45.8505,31.674776598363216
45.855,31.674776598363216
45.8595,30.928798158885392
45.864,30.928798158885392
45.8685,30.302435905592287
45.873,30.302435905592287
45.8775,29.684883470017354
45.882,29.684883470017354
45.8865,28.885281725617457
45.891,28.885281725617457
45.8955,27.90759994464861
45.9,27.90759994464861
45.9045,26.898532015956164
45.909,26.86166078893957
45.9135,25.92020944778835
45.918,25.845598506540814
45.9225,24.882155188526678
45.927,24.802241270914102
45.9315,24.802241270914102
45.936,23.827895981779417
45.9405,23.827895981779417
45.945,22.930485409907078
45.9495,22.930485409907078
45.954,22.262929357822063
45.9585,22.262929357822063
45.963,21.67930461256564
45.9675,21.67930461256564
45.972,20.859665191456
45.9765,20.92710080243071
45.981,20.102900798244228
45.9855,20.026520136196837
45.99,19.202572757521594
45.9945,18.98803270998123
45.999,18.175573983121552
46.0035,17.98446130414671
46.008,17.98446130414671
46.0125,17.047202100349317
46.017,17.047202100349317
46.0215,16.207559304344212
46.026,16.207559304344212
46.0305,15.429639174636995
46.035,15.391628554690238
46.0395,14.606055683366701
46.044,14.613288697588198
46.0485,13.81800758781926
46.053,13.842881279050317
46.0575,13.09478527812651
46.062,13.11191359156285
46.0665,13.11191359156285
46.071,12.430173324494078
46.0755,12.430173324494078
46.08,11.81146885504688
46.0845,11.81146885504688
46.089,11.31140652264339
46.0935,11.31140652264339
46.098,10.891935080011766
46.1025,10.985107501668885
46.107,10.68440564631227
46.1115,10.935066566432146
46.116,10.723594390107763
46.1205,10.992665143678876
46.125,10.897934860411908
46.1295,11.140286577022566
46.134,11.125302380147861
46.1385,11.35274866403748
46.143,11.35274866403748
46.1475,11.350611430450439
46.152,11.531213704623779
46.1565,11.542977814474506
46.161,11.599469029707366
46.1655,11.679975128500077
46.17,11.651211950540233
46.1745,11.798678743286999
46.179,11.80619371286027
46.1835,11.959169830239615
46.188,11.962946076686094
46.1925,12.149877081219339
46.197,12.086986908636339
46.2015,12.349937904307472
46.206,12.250544181267724
46.2105,12.250544181267724
46.215,12.395449542008254
46.2195,12.395449542008254
46.224,12.648773039073172
46.2285,12.465529262945015
46.233,12.701715245620768
46.2375,12.497617052155103
46.242,12.713784020503848
46.2465,12.510064386903451
46.251,12.666032300314875
46.2555,12.537045235344738
46.26,12.662412552019292
46.2645,12.556351576572187
46.269,12.662987050516051
46.2735,12.532189640647962
46.278,12.532189640647962
46.2825,12.711714858725037
46.287,12.554986667634177
46.2915,12.736750630290274
46.296,12.545690929135692
46.3005,12.697614403685177
46.305,12.512903486474443
46.3095,12.654171209300443
46.314,12.5357636920607
46.3185,12.604917152843166
46.323,12.564604348820465
46.3275,12.578197372811944
46.332,12.58705462138952
46.3365,12.53366040756305
46.341,12.54255513352819
46.3455,12.54255513352819
46.35,12.473233109850879
46.3545,12.451794382193455
46.359,12.373637011808784
46.3635,12.328037902627273
46.368,12.232115633157951
46.3725,12.199795724856092
46.377,12.075011970147628
46.3815,12.052173790883806
46.386,11.877238682125412
46.3905,11.85160670955156
46.395,11.643100066671389
46.3995,11.597018828479415
46.404,11.363871971260362
46.4085,11.363871971260362
46.413,11.038124639246936
46.4175,11.038124639246936
46.422,10.923651113526905
46.4265,10.651174366380976
46.431,10.542724228791647
46.4355,10.3081732282484
46.44,10.202492870900544
46.4445,9.953045093096586
46.449,9.854796656449501
46.4535,9.613618079402848
46.458,9.5510447323633
46.4625,9.319733774841135
46.467,9.291256541517031
46.4715,9.291256541517031
46.476,9.107864731745847
46.4805,9.032206310842236
46.485,9.032206310842236
46.4895,9.0131050353802
46.494,8.954169347138622
46.4985,8.925288110958563
46.503,8.955387212694921
46.5075,8.94454575801418
46.512,9.009991999092714
46.5165,9.017346491568992
46.521,9.137771149755745
46.5255,9.156065125259898
46.53,9.376029972937905
46.5345,9.376029972937905
46.539,9.610437372302073
46.5435,9.610437372302073
46.548,9.939349966850562
46.5525,9.939349966850562
46.557,9.928143591146526
46.5615,10.534152526975939
46.566,10.534955047984337
46.5705,11.20819607416075
46.575,11.192323825700651
46.5795,11.955186113412541
46.584,11.921817430137303
46.5885,12.765716187896508
46.593,12.742794041625432
46.5975,13.620061256566096
46.602,13.620061256566096
46.6065,14.502524971646574
46.611,14.502524971646574
46.6155,15.333878852291773
46.62,15.333878852291773
46.6245,15.210587581643102
46.629,16.245703007311544
46.6335,16.14052762811844
46.638,17.25676966367126
46.6425,17.142678648989524
46.647,18.29296842761047
46.6515,18.158400542032595
46.656,19.404190029602837
46.6605,19.404190029602837
46.665,20.54417960624229
46.6695,20.54417960624229
46.674,21.703444862158968
46.6785,21.703444862158968
46.683,22.83301377139836
46.6875,22.83301377139836
46.692,22.517351666650615
46.6965,23.895531588723337
46.701,23.591193332020218
46.7055,24.97403431165738
46.71,24.700619740890325
46.7145,26.093645704126434
46.719,25.76869313251372
46.7235,27.19535256207101
46.728,27.19535256207101
46.7325,28.392635075519035
46.737,28.392635075519035
46.7415,29.732019355846393
46.746,29.732019355846393
46.7505,29.670391014882085
46.755,31.113414493538137
46.7595,31.05733063902553
46.764,32.426723238158914
46.7685,32.29962365068947
46.773,33.62866159499356
46.7775,33.42226315397171
46.782,34.70419752614635
46.7865,34.70419752614635
46.791,35.58156291745114
46.7955,35.58156291745114
46.8,36.31006114143191
46.8045,36.31006114143191
46.809,37.232186682512264
46.8135,37.232186682512264
46.818,38.51329406353685
46.8225,38.51329406353685
46.827,38.661675438025824
46.8315,39.74071739311479
46.836,39.9026950571002
46.8405,40.922138780276434
46.845,40.922138780276434
46.8495,42.24843957420241
46.854,42.24843957420241
46.8585,43.66510447390956
46.863,43.66510447390956
46.8675,45.00455787802653
46.872,45.00455787802653
46.8765,46.382992359240276
46.881,46.382992359240276
46.8855,47.919699088134095
46.89,47.919699088134095
46.8945,48.75355809630317
46.899,49.46357119627063
46.9035,50.21251327919349
46.908,50.941053396344
46.9125,50.941053396344
46.917,52.45883435704768
46.9215,52.45883435704768
46.926,53.81673671426997
46.9305,53.81673671426997
46.935,55.02402149769375
46.9395,55.02402149769375
46.944,56.00458216923308
46.9485,56.00458216923308
46.953,56.80014460742399
46.9575,56.80014460742399
46.962,57.459667764963896
46.9665,57.459667764963896
46.971,57.6065249850731
46.9755,57.88523819236881
46.98,57.88523819236881
46.9845,58.27871042616717
46.989,58.27871042616717
46.9935,58.57026291177282
46.998,58.57026291177282
47.0025,58.770453803429874
47.007,58.770453803429874
47.0115,58.86807203274224
47.016,58.86807203274224
47.0205,58.867758069367206
47.025,58.867758069367206
47.0295,58.72897951362342
47.034,58.72897951362342
47.0385,58.72897951362342
47.043,58.571460546252254
47.0475,58.571460546252254
47.052,58.38683093040199
47.0565,58.38683093040199
47.061,58.191811754699955
47.0655,58.191811754699955
47.07,57.99941463862971
47.0745,57.99941463862971
47.079,57.744201952126524
47.0835,57.744201952126524
47.088,57.3705673627831
47.0925,57.3705673627831
47.097,56.8254766998545
47.1015,56.8254766998545
47.106,56.8254766998545
47.1105,56.12177763442871
47.115,56.12177763442871
47.1195,55.27001071957031
47.124,55.27001071957031
47.1285,54.29293950785646
47.133,54.29293950785646
47.1375,53.199276591315474
47.142,53.199276591315474
47.1465,51.998016760911405
47.151,51.998016760911405
47.1555,51.14044279901988
47.16,50.657422784667745
47.1645,49.721758696750996
47.169,49.16937303288976
47.1735,49.16937303288976
47.178,47.56370041550573
47.1825,47.56370041550573
47.187,45.90450087028819
47.1915,45.90450087028819
47.196,44.24183582017771
47.2005,44.24183582017771
47.205,42.673082036287425
47.2095,42.673082036287425
47.214,41.02379204195455
47.2185,41.02379204195455
47.223,39.64658180456223
47.2275,39.64658180456223
47.232,39.64658180456223
47.2365,38.17898052711143
47.241,38.17898052711143
47.2455,36.6816209977348
47.25,36.6816209977348
47.2545,35.33638668316633
47.259,35.33638668316633
47.2635,34.52256539984838
47.268,34.52256539984838
47.2725,33.77547411814564
47.277,33.77547411814564
47.2815,33.056644339523814
47.286,33.056644339523814
47.2905,32.126756020980494
47.295,32.126756020980494
47.2995,32.126756020980494
47.304,31.3289537481369
47.3085,30.162856171416266
47.313,30.456534299449967
47.3175,30.456534299449967
47.322,29.426601718112387
47.3265,29.426601718112387
47.331,28.140213215541763
47.3355,28.140213215541763
47.34,26.75297704460653
47.3445,26.75297704460653
47.349,25.493544862472046
47.3535,25.493544862472046
47.358,24.49247463947999
47.3625,24.509690015618464
47.367,24.509690015618464
47.3715,23.58588992445819
47.376,22.549850091852733
47.3805,22.554712520863816
47.385,22.554712520863816
47.3895,21.306302771774646
47.394,21.306302771774646
47.3985,19.96585570784715
47.403,19.96585570784715
47.4075,18.708673432301634
47.412,18.708673432301634
47.4165,17.444560964516757
47.421,17.506697414475354
47.4255,16.200640085150027
47.43,16.339752063419095
47.4345,15.399321564214823
47.439,15.548044308992504
47.4435,15.548044308992504
47.448,14.941857659755048
47.4525,14.941857659755048
47.457,14.16363095042506
47.4615,14.16363095042506
47.466,13.321193579062324
47.4705,13.321193579062324
47.475,12.514320401575592
47.4795,12.514320401575592
47.484,11.84284043828678
47.4885,11.748019144715581
47.493,11.071155515376919
47.4975,10.944398609130952
47.502,10.332395110850829
47.5065,10.246306237453465
47.511,9.767398931796354
47.5155,9.755373778082605
47.52,9.755373778082605
47.5245,9.595099318258914
47.529,9.595099318258914
47.5335,9.782872713092454
47.538,9.782872713092454
47.5425,10.282756076769436
47.547,10.282756076769436
47.5515,10.704267056908764
47.556,10.839268983296249
47.5605,11.35763770575529
47.565,11.516744227605383
47.5695,12.033035296160644
47.574,12.20274045465839
47.5785,12.20274045465839
47.583,12.78870376720228
47.5875,12.78870376720228
47.592,13.303928290851838
47.5965,13.303928290851838
47.601,13.48735686605288
47.6055,13.48735686605288
47.61,13.437936287649677
47.6145,13.42424889089803
47.619,13.35777679745583
47.6235,13.189098599267501
47.628,13.302394634455732
47.6325,12.86760635761804
47.637,12.999233357775832
47.6415,12.414525022001314
47.646,12.414525022001314
47.6505,11.98260147977471
47.655,11.98260147977471
47.6595,11.713018633728046
47.664,11.713018633728046
47.6685,11.587376766514343
47.673,11.587376766514343
47.6775,11.656056483049799
47.682,11.563545834654887
47.6865,11.658424236433493
47.691,11.659226602176846
47.6955,11.718874663792025
47.7,11.714111733750958
47.7045,11.745350150243043
47.709,11.723841065662484
47.7135,11.741143808442644
47.718,11.695976354754105
47.7225,11.695976354754105
47.727,11.657944753685106
47.7315,11.657944753685106
47.736,11.685834359227762
47.7405,11.596098699607145
47.745,11.545548394628254
47.7495,11.41257701964153
47.754,11.30317543242507
47.7585,11.166901657768507
47.763,11.014788091196472
47.7675,10.930441563817405
47.772,10.756823498929958
47.7765,10.685595160722958
47.781,10.53868026987192
47.7855,10.472036055943866
47.79,10.377388048573756
47.7945,10.279111660213283
47.799,10.279111660213283
47.8035,10.214315235219026
47.808,10.16361526262202
47.8125,10.121230096194903
47.817,10.099408493906338
47.8215,10.076656082278593
47.826,10.02287272852764
47.8305,9.987344860016938
47.835,9.900747103670502
47.8395,9.868949062993869
47.844,9.776308416365454
47.8485,9.773905390169993
47.853,9.6764097576916
47.8575,9.658318031756378
47.862,9.658318031756378
47.8665,9.514294332307434
47.871,9.522048861824814
47.8755,9.369392894018787
47.88,9.388884773701868
47.8845,9.243114424893532
47.889,9.307406583887518
47.8935,9.196030529780025
47.898,9.301415769123148
47.9025,9.2378036855185
47.907,9.332481367529027
47.9115,9.2648025818699
47.916,9.470156811241528
47.9205,9.374380322891174
47.925,9.834259924354408
47.9295,9.834259924354408
47.934,9.745105122304807
47.9385,10.373914278827474
47.943,10.311896132360266
47.9475,11.025193941622625
47.952,10.94259203151192
47.9565,11.799134317160329
47.961,11.69359959138554
47.9655,12.584168970959754
47.97,12.438290951185554
47.9745,13.411671905258828
47.979,13.242744133439539
47.9835,14.318681906580531
47.988,14.318681906580531
47.9925,15.378335815042092
47.997,15.378335815042092
48.0015,15.270067170328305
48.006,16.584346098829332
48.0105,16.473325266257923
48.015,17.89093786581038
48.0195,17.7177671215351
48.024,19.20953016300161
48.0285,19.03160943228414
48.033,20.54474321813946
48.0375,20.323370250938122
48.042,21.865960881819028
48.0465,21.583956894307043
48.051,23.08033146443952
48.0555,23.08033146443952
48.06,22.793215603748948
48.0645,24.28090843295459
48.069,24.010984110766493
48.0735,25.50260550417429
48.078,25.224797766550374
48.0825,26.678577801356063
48.087,26.41994697362593
48.0915,27.846866694848394
48.096,27.644682747449224
48.1005,29.028135803924158
48.105,28.868026929970917
48.1095,30.197109323656598
48.114,30.197109323656598
48.1185,31.348361852828408
48.123,31.348361852828408
48.1275,31.27468727846953
48.132,32.511560805213975
48.1365,32.420698641733324
48.141,33.574415543632774
48.1455,33.42201016408034
48.15,34.53463654218959
48.1545,34.36166697289274
48.159,35.463410583442915
48.1635,35.31275539922908
48.168,36.36643063131311
48.1725,36.22716153183279
48.177,37.27127558405547
48.1815,37.27127558405547
48.186,38.173488688748755
48.1905,38.173488688748755
48.195,38.06303703098629
48.1995,39.039578412990075
48.204,40.00967274906274
48.2085,40.00967274906274
48.213,40.16853620418809
48.2175,41.069937582200225
48.222,41.32694749230286
48.2265,42.2064737587406
48.231,42.555166417412124
48.2355,43.3635393891554
48.24,43.3635393891554
48.2445,44.639311963038324
48.249,44.639311963038324
48.2535,46.14072910003488
48.258,46.14072910003488
48.2625,47.78557925255072
48.267,47.78557925255072
48.2715,49.56448111618451
48.276,49.56448111618451
48.2805,50.54394102809527
48.285,51.577651753063385
48.2895,51.577651753063385
48.294,53.59489015365197
48.2985,54.62315356384741
48.303,55.4034544987205
48.3075,55.4034544987205
48.312,57.05287119439648
48.3165,57.05287119439648
48.321,58.39684141997719
48.3255,58.39684141997719
48.33,59.57705719729531
48.3345,59.57705719729531
48.339,60.46946692059816
48.3435,60.46946692059816
48.348,60.382423742101444
48.3525,61.163703385722265
48.357,60.98541417754022
48.3615,61.53081987622647
48.366,61.53081987622647
48.3705,61.7498245539129
48.375,61.7498245539129
48.3795,61.82314342514275
48.384,61.82314342514275
48.3885,61.728253820318294
48.393,61.728253820318294
48.3975,61.45876946370192
48.402,61.45876946370192
48.4065,61.221983002365704
48.411,61.221983002365704
48.4155,61.233857214695625
48.42,61.1181148825148
48.4245,61.17023598216423
48.429,61.10189399106056
48.4335,61.10189399106056
48.438,61.08073471381475
48.4425,61.08073471381475
48.447,61.01266762760547
48.4515,61.01266762760547
48.456,60.82281828036516
48.4605,60.82281828036516
48.465,60.58022268482464
48.4695,60.58022268482464
48.474,60.303616877113214
48.4785,60.303616877113214
48.483,60.37617681455313
48.4875,60.17963149556089
48.492,60.17963149556089
48.4965,60.01300664540749
48.501,60.01300664540749
48.5055,59.78047699228346
48.51,59.78047699228346
48.5145,59.291141837184696
48.519,59.291141837184696
48.5235,58.68889895656503
48.528,58.68889895656503
48.5325,57.93776830883541
48.537,57.93776830883541
48.5415,57.05272989179712
48.546,57.05272989179712
48.5505,56.81248541515941
48.555,56.02702513842212
48.5595,56.02702513842212
48.564,54.8119783902672
48.5685,54.8119783902672
48.573,53.41604199536803
48.5775,53.41604199536803
48.582,51.944829142227434
48.5865,51.944829142227434
48.591,50.508205314695736
48.5955,50.508205314695736
48.6,49.20121779335208
48.6045,49.20121779335208
48.609,48.01078057295593
48.6135,48.01078057295593
48.618,48.01078057295593
48.6225,46.79899518834631
48.627,46.79899518834631
48.6315,45.4807365961598
48.636,45.4807365961598
48.6405,43.989527439823384
48.645,43.989527439823384
48.6495,42.446040172935035
48.654,42.446040172935035
48.6585,41.0536735701923
48.663,41.0536735701923
48.6675,39.91945877330036
48.672,39.91945877330036
48.6765,38.860192407543785
48.681,38.860192407543785
48.6855,38.860192407543785
48.69,38.211342069775135
48.6945,38.211342069775135
48.699,37.55482162891677
48.7035,37.55482162891677
48.708,36.863772471224294
48.7125,36.863772471224294
48.717,36.05356979013849
48.7215,36.05356979013849
48.726,34.82438184078636
48.7305,34.82438184078636
48.735,33.61042792301536
48.7395,33.61042792301536
48.744,33.61042792301536
48.7485,32.56073067061459
48.753,31.325865850670002
48.7575,31.375984560448174
48.762,31.375984560448174
48.7665,30.24101811354552
48.771,30.24101811354552
48.7755,29.202690383877172
48.78,29.202690383877172
48.7845,28.22192757302092
48.789,28.22192757302092
48.7935,27.17888781641471
48.798,27.17888781641471
48.8025,26.0175529901938
48.807,26.0175529901938
48.8115,24.82369062553684
48.816,24.710635702404545
48.8205,23.37277453022252
48.825,23.256210286269
48.8295,23.256210286269
48.834,21.792205589451328
48.8385,21.792205589451328
48.843,20.378291480909713
48.8475,20.378291480909713
48.852,19.208807796386708
48.8565,19.208807796386708
48.861,18.11437895727635
48.8655,18.11437895727635
48.87,16.86065776055546
48.8745,16.899978569066832
48.879,15.577871257480522
48.8835,15.658004170967684
48.888,14.370414965221697
48.8925,14.53039882669867
48.897,14.53039882669867
48.9015,13.57887340262843
48.906,13.57887340262843
48.9105,12.89443363528782
48.915,12.89443363528782
48.9195,12.435772808976788
48.924,12.435772808976788
48.9285,12.145891171188767
48.933,12.145891171188767
48.9375,11.866450143726581
48.942,12.020111389753323
48.9465,11.988996655417724
48.951,12.066831326012004
48.9555,12.066831326012004
48.96,12.101352368343054
48.9645,12.101352368343054
48.969,12.043218430668771
48.9735,12.043218430668771
48.978,11.957679269172912
48.9825,11.957679269172912
48.987,12.003064358685206
48.9915,12.003064358685206
48.996,12.193136065942161
49.0005,11.762962819047736
49.005,11.766131742122045
49.0095,11.29215806721598
49.014,11.223007714707938
49.0185,10.695022082753086
49.023,10.72077608687709
49.0275,10.217865294486357
49.032,10.217865294486357
49.0365,9.934336687710307
49.041,9.934336687710307
49.0455,9.890576761126667
49.05,9.890576761126667
49.0545,10.068058434481548
49.059,10.068058434481548
49.0635,10.473990076619799
49.068,10.394041521452385
49.0725,10.805547533600095
49.077,10.770517243033286
49.0815,11.1505720757026
49.086,11.123495271707226
49.0905,11.46665177608052
49.095,11.418070971943488
49.0995,11.676719238196975
49.104,11.678473502837212
49.1085,11.678473502837212
49.113,11.86805204883859
49.1175,11.86805204883859
49.122,11.967564948445435
49.1265,11.956636602614182
49.131,12.04716990010889
49.1355,12.005054961868053
49.14,12.102979816358653
49.1445,12.02860278165353
49.149,12.117264717569139
49.1535,12.044479649578163
49.158,12.100891207773435
49.1625,12.037731547112637
49.167,12.060119629278471
49.1715,12.027504646173615
49.176,12.027504646173615
49.1805,11.995596902321033
49.185,11.995596902321033
49.1895,11.939817040335653
49.194,11.967224547405658
49.1985,11.87139358073119
49.203,11.9136989845028
49.2075,11.790003110305861
49.212,11.849721925019171
49.2165,11.707655184811495
49.221,11.811883683745227
49.2255,11.66792776096325
49.23,11.776220665549145
49.2345,11.640647004666606
49.239,11.640647004666606
49.2435,11.69798758975206
49.248,11.576695654885187
49.2525,11.576695654885187
49.257,11.478206484450517
49.2615,11.470380854016751
49.266,11.370021338878193
49.2705,11.362601258597508
49.275,11.262771779595319
49.2795,11.248243060981935
49.284,11.201348216174782
49.2885,11.19778461014878
49.293,11.186899060226542
49.2975,11.257333444107111
49.302,11.330744607344402
49.3065,11.400228252318726
49.311,11.400228252318726
49.3155,11.537382718210866
49.32,11.566044727773736
49.3245,11.722537354976621
49.329,11.704424917866538
49.3335,11.829822635126588
49.338,11.737084955189731
49.3425,11.980030082617859
49.347,11.840261918200476
49.3515,12.271862452402742
49.356,12.122280130453545
49.3605,12.625651970133816
49.365,12.517060297341216
49.3695,12.517060297341216
49.374,13.21435248206854
49.3785,13.102933485721717
49.383,14.038363363835506
49.3875,13.902488865471579
49.392,14.975986327058044
49.3965,14.823714544776438
49.401,15.984057786064733
49.4055,15.827512875921384
49.41,17.071151102090095
49.4145,16.941397050559996
49.419,18.268145673284756
49.4235,18.1294120805146
49.428,19.48068943741257
49.4325,19.322867908455947
49.437,20.679187616169035
49.4415,20.679187616169035
49.446,20.54936709023531
49.4505,21.925523968215078
49.455,21.804552641348515
49.4595,23.22217954492019
49.464,23.044236880569173
49.4685,24.44011998602283
49.473,24.267367755393057
49.4775,25.637247993844454
49.482,25.47881561018475
49.4865,26.83276330736474
49.491,26.638904301903352
49.4955,27.96212352872841
49.5,27.766930043671994
49.5045,29.075686869880876
49.509,29.075686869880876
49.5135,28.867952769598322
49.518,30.15592504681582
49.5225,30.028502553655965
49.527,31.31886539326176
49.5315,31.21548736334185
49.536,32.53574013175275
49.5405,32.39438223460163
49.545,33.69086584168749
49.5495,33.537980651951216
49.554,34.85661312848896
49.5585,34.69726143057385
49.563,35.99523990684358
49.5675,35.99523990684358
49.572,35.85077058253239
49.5765,37.0816205778866
49.581,38.07339942256549
49.5855,38.07339942256549
49.59,37.83941889272519
49.5945,38.97898063024466
49.599,38.65539010966453
49.6035,39.75850848607334
49.608,39.36762233116041
49.6125,40.46120835081957
49.617,40.46120835081957
49.6215,41.227679001762745
49.626,41.094898290580396
49.6305,42.1257880892593
49.635,42.1257880892593
49.6395,42.19551507914196
49.644,43.20299394434923
49.6485,44.272927288716076
49.653,44.272927288716076
49.6575,44.549692229788334
49.662,45.42524070926924
49.6665,45.80848265588895
49.671,46.584627167616894
49.6755,47.03807101049648
49.68,47.800514309078025
49.6845,48.32059757062658
49.689,49.07530335711061
49.6935,49.07530335711061
49.698,50.4282112189695
49.7025,50.4282112189695
49.707,51.96478793299897
49.7115,51.96478793299897
49.716,53.755364353138994
49.7205,53.755364353138994
49.725,54.78757777015756
49.7295,55.64443904502488
49.734,56.73458292294303
49.7385,57.680645066471335
49.743,57.680645066471335
49.7475,59.52494466573617
49.752,60.31796656910912
49.7565,61.133354183800826
49.761,61.133354183800826
49.7655,62.616304535415054
49.77,62.616304535415054
49.7745,63.58842465209557
49.779,63.58842465209557
49.7835,64.38288848522257
49.788,64.38288848522257
49.7925,64.46097633660517
49.797,64.8995385904326
49.8015,64.91445912584213
49.806,65.21961831284227
49.8105,65.22833260106114
49.815,65.48995218681814
49.8195,65.48995218681814
49.824,65.5016923284385
49.8285,65.5016923284385
49.833,65.49772178856678
49.8375,65.49772178856678
49.842,65.42844054615169
49.8465,65.42844054615169
49.851,65.34439951258058
49.8555,65.34439951258058
49.86,65.41986556263704
49.8645,65.21837646844888
49.869,65.29809764936319
49.8735,65.00883044703968
49.878,65.06414127034508
49.8825,64.72851731999589
49.887,64.72851731999589
49.8915,64.36454844344712
49.896,64.36454844344712
49.9005,63.90458056835454
49.905,63.90458056835454
49.9095,63.35253769194483
49.914,63.35253769194483
49.9185,62.863541484750094
49.923,62.863541484750094
49.9275,62.59283433218341
49.932,62.10881724950917
49.9365,61.74203153086625
49.941,61.214127844616975
49.9455,61.214127844616975
49.95,60.194754417874165
49.9545,60.194754417874165
49.959,59.024171428606586
49.9635,59.024171428606586
49.968,57.736082330930095
49.9725,57.736082330930095
49.977,56.34343539572908
49.9815,56.34343539572908
49.986,54.76538631818911
49.9905,54.76538631818911
49.995,53.0858731236145
49.9995,53.0858731236145
50.004,52.561193733596724
50.0085,51.45570524835817
50.013,51.45570524835817
50.0175,49.821483937194216
50.022,49.821483937194216
50.0265,48.27997227520823
50.031,48.27997227520823
50.0355,46.81909038983076
50.04,46.81909038983076
50.0445,45.41815411012174
50.049,45.41815411012174
50.0535,43.9839310092533
50.058,43.9839310092533
50.0625,42.68126874744843
50.067,42.68126874744843
50.0715,42.68126874744843
50.076,41.34251805243495
50.0805,41.34251805243495
50.085,40.14728456139265
50.0895,40.14728456139265
50.094,38.82781729009433
50.0985,38.82781729009433
50.103,37.76445521542325
50.1075,37.76445521542325
50.112,36.67597870658134
50.1165,36.67597870658134
50.121,35.38623115659586
50.1255,35.38623115659586
50.13,35.58000350197059
50.1345,34.43419659114313
50.139,34.43419659114313
50.1435,33.33877049181018
50.148,33.33877049181018
50.1525,32.02752769111086
50.157,32.02752769111086
50.1615,30.64503263196963
50.166,30.64503263196963
50.1705,29.281665020476417
50.175,29.281665020476417
50.1795,27.98060996226974
50.184,27.98060996226974
50.1885,26.55567207223709
50.193,26.55567207223709
50.1975,26.55567207223709
50.202,25.088510208682116
50.2065,25.088510208682116
50.211,23.797130621686378
50.2155,23.797130621686378
50.22,22.625135796170014
50.2245,22.625135796170014
50.229,21.40103554449425
50.2335,21.40103554449425
50.238,20.135091562167172
50.2425,20.135091562167172
50.247,18.834932966323137
50.2515,18.834932966323137
50.256,17.649000834846806
50.2605,17.5855749747937
50.265,17.5855749747937
50.2695,16.56137970809811
50.274,16.56137970809811
50.2785,15.82562410890385
50.283,15.82562410890385
50.2875,15.339853877924135
50.292,15.339853877924135
50.2965,14.944160107787605
50.301,14.944160107787605
50.3055,14.553947323612501
50.31,14.553947323612501
50.3145,14.238050151782366
50.319,14.238050151782366
50.3235,13.967968496188123
50.328,14.064936200137526
50.3325,13.922389640364862
50.337,13.975802761729662
50.3415,13.975802761729662
50.346,13.690664260830907
50.3505,13.690664260830907
50.355,13.44126111496255
50.3595,13.44126111496255
50.364,13.285699921244317
50.3685,13.285699921244317
50.373,12.946229158353413
50.3775,12.946229158353413
50.382,12.631212077311329
50.3865,12.631212077311329
50.391,12.627658983652447
50.3955,12.264068129401227
50.4,12.264068129401227
50.4045,11.867519526353584
50.409,11.9922080183991
50.4135,11.586109383039648
50.418,11.586109383039648
50.4225,11.305487019605721
50.427,11.305487019605721
50.4315,11.082868365582215
50.436,11.082868365582215
50.4405,10.97490923682368
50.445,10.97490923682368
50.4495,11.057664831078739
50.454,10.985437419895398
50.4585,11.066491943209861
50.463,11.118746063326702
50.4675,11.118746063326702
50.472,11.281842780007645
50.4765,11.416289815455078
50.481,11.534653547049592
50.4855,11.534653547049592
50.49,11.78836673826306
50.4945,11.78836673826306
50.499,11.991170841670934
50.5035,11.991170841670934
50.508,12.17517991159852
50.5125,12.17517991159852
50.517,12.279958803465046
50.5215,12.316063073760843
50.526,12.31547805658183
50.5305,12.37822130896842
50.535,12.325413452725183
50.5395,12.364753634841492
50.544,12.322794664611054
50.5485,12.3299624455217
50.553,12.3299624455217
50.5575,12.269510923891778
50.562,12.269510923891778
50.5665,12.188574566482158
50.571,12.188574566482158
50.5755,11.996203747968131
50.58,12.024073496273285
50.5845,11.788718560952601
50.589,11.835005959661911
50.5935,11.588038817219548
50.598,11.638120887325243
50.6025,11.391964038069354
50.607,11.407393639540468
50.6115,11.170986718344512
50.616,11.15283138251121
50.6205,11.15283138251121
50.625,10.87306784336835
50.6295,10.87306784336835
50.634,10.553394305618509
50.6385,10.553394305618509
50.643,10.284812130577619
50.6475,10.186652080371884
50.652,10.014269347530993
50.6565,9.923148604942805
50.661,9.825646353408988
50.6655,9.735358020746359
50.67,9.665234591667145
50.6745,9.570789937655649
50.679,9.570789937655649
50.6835,9.440797362457129
50.688,9.440797362457129
50.6925,9.334008870692664
50.697,9.334008870692664
50.7015,9.515292158753056
50.706,9.3759981835709
50.7105,9.64086609187466
50.715,9.502057882578356
50.7195,9.864878490142473
50.724,9.715217056764754
50.7285,10.144043253092669
50.733,10.010333304361163
50.7375,10.537711366514012
50.742,10.434152885164336
50.7465,10.434152885164336
50.751,11.042554244142329
50.7555,11.042554244142329
50.76,11.737008014154215
50.7645,11.737008014154215
50.769,12.588654893478532
50.7735,12.570286396624958
50.778,13.548901787885157
50.7825,13.549293818640392
50.787,14.61741073231313
50.7915,14.599564483946976
50.796,15.769865730031428
50.8005,15.740130480811104
50.805,16.983513292495434
50.8095,16.959083543300313
50.814,16.959083543300313
50.8185,18.195521324369157
50.823,18.195521324369157
50.8275,19.50041632730603
50.832,19.395067037574737
50.8365,20.725046825410132
50.841,20.579488258416294
50.8455,21.961790329327165
50.85,21.805776257569665
50.8545,23.183822331212625
50.859,23.024118568667458
50.8635,24.38917959080361
50.868,24.222986265435264
50.8725,25.63084768210955
50.877,25.409484637128173
50.8815,25.409484637128173
50.886,26.593889129678843
50.8905,28.051704824238943
50.895,28.051704824238943
50.8995,27.732444148770842
50.904,29.153988511974188
50.9085,28.817983307842677
50.913,30.182361146912815
50.9175,29.923076758731458
50.922,31.25217874067523
50.9265,31.049431965437584
50.931,32.403011444961656
50.9355,32.25275250979203
50.94,33.58569215642154
50.9445,33.53227033323589
50.949,34.83692717302778
50.9535,34.83692717302778
50.958,36.1415544815804
50.9625,36.1415544815804
50.967,35.98133728182214
50.9715,37.29037175208455
50.976,37.02443294456765
50.9805,38.27025707446996
50.985,37.944968545730255
50.9895,39.12939331491421
50.994,38.85137021406382
50.9985,39.990544955282864
51.003,39.79184733479606
51.0075,40.910260505181654
51.012,40.910260505181654
51.0165,42.014264439867866
51.021,42.014264439867866
51.0255,42.100550894333175
51.03,43.09952201582927
51.0345,43.24449518553278
51.039,44.26747909873069
51.0435,44.6377588100694
51.048,45.60384871464556
51.0525,46.20287790031979
51.057,47.15452499691693
51.0615,47.89125250405949
51.066,48.81467596405013
51.0705,49.67317154051551
51.075,50.61017967586047
51.0795,50.61017967586047
51.084,52.57941799621624
51.0885,52.57941799621624
51.093,54.54089651323968
51.0975,54.54089651323968
51.102,55.52700683340043
51.1065,56.400053083832105
51.111,57.23336091882875
51.1155,58.141906382049385
51.12,58.95827319682557
51.1245,59.87701129124051
51.129,60.371181852939884
51.1335,61.21165620720271
51.138,61.21165620720271
51.1425,62.223048263315974
51.147,62.223048263315974
51.1515,63.00680830148093
51.156,63.00680830148093
51.1605,63.544442621562034
51.165,63.544442621562034
51.1695,63.46927331923253
51.174,63.80996900255386
51.1785,63.74091842416351
51.183,63.90746794385085
51.1875,63.883081428818876
51.192,63.780100288107
51.1965,63.80799211519654
51.201,63.592143830917124
51.2055,63.68203409160949
51.21,63.37950051138729
51.2145,63.37950051138729
51.219,63.12018765566922
51.2235,63.12018765566922
51.228,62.7951865781644
51.2325,62.7951865781644
51.237,62.832896236116824
51.2415,62.392911533176594
51.246,62.373699966963834
51.2505,61.904551461085504
51.255,61.827456634353396
51.2595,61.329665339683544
51.264,61.199724856768604
51.2685,60.659073925892486
51.273,60.659073925892486
51.2775,59.885293117948265
51.282,59.885293117948265
51.2865,58.95798213776006
51.291,58.95798213776006
51.2955,57.925806237362956
51.3,57.925806237362956
51.3045,57.54127913428535
51.309,56.64315141812057
51.3135,56.12267276057208
51.318,55.127114690786705
51.3225,54.43355714646878
51.327,53.348359330796804
51.3315,52.6647877783289
51.336,51.55175141912683
51.3405,51.55175141912683
51.345,50.01615303457079
51.3495,50.01615303457079
51.354,48.543756985058664
51.3585,48.543756985058664
51.363,47.13414332348987
51.3675,47.13414332348987
51.372,46.88332950246953
51.3765,45.78811324039287
51.381,45.5050759286422
51.3855,44.420937672533164
51.39,44.10460355048285
51.3945,42.98235072367621
51.399,42.98235072367621
51.4035,41.40012547692783
51.408,41.40012547692783
51.4125,39.93268443844949
51.417,39.93268443844949
51.4215,38.68186571043434
51.426,38.68186571043434
51.4305,37.53005348902985
51.435,37.53005348902985
51.4395,36.64865600244388
51.444,36.64865600244388
51.4485,36.76387719995706
51.453,35.68493312937862
51.4575,35.57083503332033
51.462,34.49823289969141
51.4665,34.49823289969141
51.471,33.622013674706864
51.4755,33.622013674706864
51.48,32.52920037328546
51.4845,32.52920037328546
51.489,31.306209072796776
51.4935,31.306209072796776
51.498,31.232857931818803
51.5025,29.967558904246403
51.507,28.56043438022403
51.5115,28.56043438022403
51.516,28.56043438022403
51.5205,27.156171966554844
51.525,27.156171966554844
51.5295,25.99778575435481
51.534,25.99778575435481
51.5385,25.025888109846477
51.543,25.025888109846477
51.5475,24.179617922972756
51.552,24.179617922972756
51.5565,23.164694322905248
51.561,23.164694322905248
51.5655,21.919832059817956
51.57,21.919832059817956
51.5745,20.50205901230881
51.579,20.50205901230881
51.5835,20.378330417272704
51.588,19.030160170714748
51.5925,19.030160170714748
51.597,17.619195441536743
51.6015,17.619195441536743
51.606,16.22414164803337
51.6105,16.22414164803337
51.615,14.917113669448929
51.6195,14.917113669448929
51.624,13.879946684672293
51.6285,13.879946684672293
51.633,12.99289962201305
51.6375,12.99289962201305
51.642,12.943833041018047
51.6465,12.22313221460108
51.651,12.22313221460108
51.6555,11.597873739457397
51.66,11.597873739457397
51.6645,11.223454287237221
51.669,11.223454287237221
51.6735,11.0633948900193
51.678,11.0633948900193
51.6825,11.074591613432654
51.687,11.074591613432654
51.6915,11.179882233592211
51.696,11.179882233592211
51.7005,11.302546683583401
51.705,11.302546683583401
51.7095,11.28232391525781
51.714,11.353413418802978
51.7185,11.353413418802978
51.723,11.301565928448124
51.7275,11.301565928448124
51.732,11.163168013786636
51.7365,11.163168013786636
51.741,10.998519018164481
51.7455,10.998519018164481
51.75,10.954744703574288
51.7545,10.954744703574288
51.759,10.760458204265815
51.7635,10.760458204265815
51.768,10.487938459799569
51.7725,10.487938459799569
51.777,10.595112092416606
51.7815,10.211788496294576
51.786,10.321825045178286
51.7905,9.952826496949509
51.795,9.952826496949509
51.7995,9.763691496741187
51.804,9.763691496741187
51.8085,9.63775312331999
51.813,9.63775312331999
51.8175,9.536432685718529
51.822,9.536432685718529
51.8265,9.448694195897133
51.831,9.448694195897133
51.8355,9.393163419582104
51.84,9.393163419582104
51.8445,9.412148858577023
51.849,9.399302299108847
51.8535,9.400720613106934
51.858,9.393672461472958
51.8625,9.393672461472958
51.867,9.361368748410262
51.8715,9.361368748410262
51.876,9.273027287804055
51.8805,9.273027287804055
51.885,9.162730866203539
51.8895,9.162730866203539
51.894,9.07948927538988
51.8985,9.07948927538988
51.903,9.06732812387056
51.9075,8.989817790982729
51.912,8.998457346550701
51.9165,8.911516566939348
51.921,8.930699350554715
51.9255,8.858295914022241
51.93,8.858295914022241
51.9345,8.811725573414193
51.939,8.811725573414193
51.9435,8.768368764035598
51.948,8.768368764035598
51.9525,8.75446224810371
51.957,8.75446224810371
51.9615,8.724880271813918
51.966,8.724880271813918
51.9705,8.881149028365778
51.975,8.777871446850957
51.9795,9.101107176669233
51.984,9.001091868221263
51.9885,9.419211814422798
51.993,9.335404644339128
51.9975,9.335404644339128
52.002,9.721092503281493
52.0065,9.721092503281493
52.011,10.359169692434849
52.0155,10.359169692434849
52.02,11.274292573264553
52.0245,11.274292573264553
52.029,12.274713191891879
52.0335,12.408616333540719
52.038,13.563941551682582
52.0425,13.63317019707477
52.047,14.954590479160466
52.0515,14.887585974511378
52.056,16.368995867736913
52.0605,16.24406719185315
52.065,16.24406719185315
52.0695,17.843729513231615
52.074,17.843729513231615
52.0785,19.406676797775447
52.083,19.406676797775447
52.0875,20.76423126328286
52.092,20.76423126328286
52.0965,22.32032514201603
52.101,21.962271595885795
52.1055,23.41866272462252
52.11,22.980106844835493
52.1145,24.399035733908182
52.119,23.913947515521805
52.1235,25.316984981520356
52.128,24.823162881647487
52.1325,24.823162881647487
52.137,25.91855486113059
52.1415,25.91855486113059
52.146,27.294905381298573
52.1505,27.294905381298573
52.155,29.050494724533657
52.1595,28.77284605995387
52.164,30.445861159670496
52.1685,30.240318632670313
52.173,31.929872781076604
52.1775,31.705705615288846
52.182,33.26327531768532
52.1865,33.13426566966893
52.191,34.50765883023201
52.1955,34.46619083379204
52.2,34.46619083379204
52.2045,35.6553250854638
52.209,35.6553250854638
52.2135,36.77608288678853
52.218,36.77608288678853
52.2225,37.956143457068514
52.227,37.64287907099886
52.2315,38.92844036949445
52.236,38.55742661906992
52.2405,39.92484959467352
52.245,39.81774227343687
52.2495,41.27394794651381
52.254,41.62768817352932
52.2585,43.134432902993034
52.263,43.68643321477606
52.2675,43.68643321477606
52.272,45.969644335973214
52.2765,45.969644335973214
52.281,47.42975690513604
52.2855,48.48712848245532
52.29,49.79404835415616
52.2945,51.2489434461199
52.299,52.393918540969786
52.3035,53.89126942411886
52.308,54.922851494103355
52.3125,56.17194681014811
52.317,57.17322918722155
52.3215,58.177921912659876
52.326,59.13929094859286
52.3305,59.850104903884635
52.335,60.70691711274207
52.3395,60.70691711274207
52.344,61.25696494574083
52.3485,62.02152892523448
52.353,62.1850730610319
52.3575,62.902636939635684
52.362,62.939933687395396
52.3665,63.52303169536464
52.371,63.48794701853752
52.3755,63.871590245470145
52.38,63.79032190892913
52.3845,63.999605831609294
52.389,63.879475710090595
52.3935,63.745827704717385
52.398,63.60788494235109
52.4025,63.33821233603574
52.407,63.33821233603574
52.4115,63.207833795484056
52.416,62.87932262461811
52.4205,62.76765322594271
52.425,62.44833155310638
52.4295,62.36518036629549
52.434,62.078188820806325
52.4385,61.98830874900665
52.443,61.71354673595622
52.4475,61.63395845744928
52.452,61.380222653390696
52.4565,61.31927158472148
52.461,61.234353025724026
52.4655,61.15747192992994
52.47,61.049396876443566
52.4745,61.049396876443566
52.479,61.01080274927445
52.4835,60.92459602976684
52.488,60.88095875520595
52.4925,60.79670076890628
52.497,60.75050772294069
52.5015,60.64505083522341
52.506,60.59107107593958
52.5105,60.44141610564198
52.515,60.34227221348511
52.5195,60.12542888298484
52.524,59.96968778843973
52.5285,59.66997788582108
52.533,59.66997788582108
52.5375,58.894987184179584
52.542,58.894987184179584
52.5465,58.556234438155734
52.551,57.9745870683631
52.5555,57.58337959805607
52.56,56.971994580411526
52.5645,56.560725721954654
52.569,55.926714891196845
52.5735,55.468987569398436
52.578,54.80037669528219
52.5825,54.3256666383238
52.587,53.64837348960094
52.5915,53.64837348960094
52.596,52.48900068090149
52.6005,52.48900068090149
52.605,51.3132196372912
52.6095,51.3132196372912
52.614,51.03969386479812
52.6185,50.124525180497685
52.623,49.918374133096194
52.6275,48.88372063308435
52.632,48.620886417539005
52.6365,47.55651952650915
52.641,47.20975119820593
52.6455,46.18857114098117
52.65,46.18857114098117
52.6545,44.859725507035705
52.659,44.859725507035705
52.6635,43.533211919518614
52.668,43.533211919518614
52.6725,42.010643484550805
52.677,42.010643484550805
52.6815,40.911378208186875
52.686,40.911378208186875
52.6905,40.887408846178154
52.695,39.9491008199786
52.6995,40.101346196108004
52.704,39.13884751247432
52.7085,39.2565758353075
52.713,38.237427846843325
52.7175,38.35745355681017
52.722,37.18963132068933
52.7265,37.18963132068933
52.731,35.9494812920304
52.7355,35.9494812920304
52.74,34.623295110241415
52.7445,34.623295110241415
52.749,33.7251175863799
52.7535,33.7251175863799
52.758,33.949655766883346
52.7625,33.09081323177407
52.767,33.280168864967145
52.7715,32.44700829581863
52.776,32.618753353802674
52.7805,31.611806017968956
52.785,31.611806017968956
52.7895,30.68551486225673
52.794,30.68551486225673
52.7985,29.60264567925985
52.803,29.60264567925985
52.8075,28.371195329276556
52.812,28.371195329276556
52.8165,28.352826964590218
52.821,27.0299583374835
52.8255,26.991756321506422
52.83,25.665936960398046
52.8345,25.618614440746278
52.839,24.37268650830936
52.8435,24.30975185470862
52.848,23.061610235107675
52.8525,23.061610235107675
52.857,21.91223775412493
52.8615,21.91223775412493
52.866,20.875796525071678
52.8705,20.875796525071678
52.875,19.766771020581604
52.8795,19.766771020581604
52.884,19.800628653185555
52.8885,18.559306098811483
52.893,18.648906300785374
52.8975,17.380652024677858
52.902,17.659600299839706
52.9065,16.374048964367265
52.911,16.374048964367265
52.9155,15.416712464363927
52.92,15.416712464363927
52.9245,14.474519068291475
52.929,14.474519068291475
52.9335,13.635177407952844
52.938,13.635177407952844
52.9425,12.895552420771768
52.947,12.895552420771768
52.9515,12.318677552858642
52.956,12.318677552858642
52.9605,12.354110557678093
52.965,11.81983502611497
52.9695,11.86420871643661
52.974,11.393148377037408
52.9785,11.393148377037408
52.983,11.087975694685806
52.9875,11.087975694685806
52.992,10.819427888939218
52.9965,10.819427888939218
53.001,10.448172654997043
53.0055,10.448172654997043
53.01,10.055539420111074
53.0145,10.055539420111074
53.019,9.709908072656766
53.0235,9.709908072656766
53.028,9.480577407728155
53.0325,9.366875401823712
53.037,9.366875401823712
53.0415,9.036218945344118
53.046,9.036218945344118
53.0505,8.805269066913077
53.055,8.805269066913077
53.0595,8.691729105816634
53.064,8.691729105816634
53.0685,8.66054198402301
53.073,8.66054198402301
53.0775,8.70082828326951
53.082,8.70082828326951
53.0865,8.530133960705747
53.091,8.76639660626152
53.0955,8.617140157028043
53.1,8.794752710285064
53.1045,8.794752710285064
53.109,8.780611397675093
53.1135,8.780611397675093
53.118,8.677179059553383
53.1225,8.677179059553383
53.127,8.552168737131488
53.1315,8.552168737131488
53.136,8.511727233094348
53.1405,8.511727233094348
53.145,8.502219972209065
53.1495,8.502219972209065
53.154,8.541526578576201
53.1585,8.541526578576201
53.163,8.657516039544804
53.1675,8.657516039544804
53.172,8.657516039544804
53.1765,8.815819675827239
53.181,8.815819675827239
53.1855,9.008482633484466
53.19,9.008482633484466
53.1945,9.212145154859124
53.199,9.212145154859124
53.2035,9.456866680065064
53.208,9.456866680065064
53.2125,9.709578364120983
53.217,9.709578364120983
53.2215,10.004405122941945
53.226,10.004405122941945
53.2305,10.292423544601284
53.235,10.28871732439761
53.2395,10.28871732439761
53.244,10.497994978017115
53.2485,10.497994978017115
53.253,10.66991728462447
53.2575,10.66991728462447
53.262,10.85788374366718
53.2665,10.85788374366718
53.271,11.14950714593908
53.2755,11.14950714593908
53.28,11.599703976363209
53.2845,11.599703976363209
53.289,12.181168072019972
53.2935,12.181168072019972
53.298,12.74294353359785
53.3025,12.791050358971935
53.307,12.791050358971935
53.3115,13.429279643214743
53.316,13.429279643214743
53.3205,14.103791223446278
53.325,14.103791223446278
53.3295,14.836186334552744
53.334,14.836186334552744
53.3385,15.627966541195999
53.343,15.627966541195999
53.3475,16.429052797783058
53.352,16.429052797783058
53.3565,17.21622605957325
53.361,17.22804994944511
53.3655,18.07792235025424
53.37,18.068896450780787
53.3745,18.068896450780787
53.379,18.94553601915905
53.3835,18.94553601915905
53.388,19.784622063703267
53.3925,19.784622063703267
53.397,20.66625281704211
53.4015,20.66625281704211
53.406,21.60910137582935
53.4105,21.60910137582935
53.415,22.53001852966691
53.4195,22.53001852966691
53.424,23.57661727136042
53.4285,23.41821670135142
53.433,23.41821670135142
53.4375,24.356047606252307
53.442,24.356047606252307
53.4465,25.28131776927728
53.451,25.28131776927728
53.4555,26.11190683361759
53.46,26.11190683361759
53.4645,26.94314942237548
53.469,26.94314942237548
53.4735,27.82586954240616
53.478,27.82586954240616
53.4825,28.9953409186083
53.487,28.746162355789608
53.4915,29.960540696126014
53.496,29.69901305883104
53.5005,29.69901305883104
53.505,30.672429960891925
53.5095,30.672429960891925
53.514,31.608490949608655
53.5185,31.608490949608655
53.523,32.47259991299006
53.5275,32.47259991299006
53.532,33.683882152159086
53.5365,33.40039132282319
53.541,34.35241237613056
53.5455,34.35241237613056
53.55,35.49624894450212
53.5545,35.25261352582683
53.559,36.45753518857968
53.5635,36.29349833596009
53.568,37.441290948217876
53.5725,37.39138450020189
53.577,38.6049838499823
53.5815,38.5213467762636
53.586,38.5213467762636
53.5905,39.63091168633625
53.595,39.63091168633625
53.5995,40.506703570026325
53.604,40.506703570026325
53.6085,41.597812798313775
53.613,41.28132784029438
53.6175,42.294616652983926
53.622,41.98990504034732
53.6265,42.90832170056571
53.631,42.76755136526451
53.6355,43.67608643767328
53.64,43.84136369589154
53.6445,43.84136369589154
53.649,45.19400961946086
53.6535,45.19400961946086
53.658,46.94574285273739
53.6625,46.94574285273739
53.667,48.92779890775155
53.6715,48.92779890775155
53.676,49.93492056170014
53.6805,51.03075758833122
53.685,52.01962848558037
53.6895,53.215573653019135
53.694,54.173770544344976
53.6985,55.30468436210834
53.703,55.30468436210834
53.7075,57.19592106217633
53.712,58.00643530602966
53.7165,58.87042309742304
53.721,58.87042309742304
53.7255,60.30819768073266
53.73,60.30819768073266
53.7345,60.886034661278366
53.739,61.4451832454778
53.7435,61.878217575184316
53.748,62.3023546601545
53.7525,62.608865414301924
53.757,62.85720989239166
53.7615,63.056544748591996
53.766,63.13382332431672
53.7705,63.22626570610996
53.775,63.22915595457479
53.7795,63.232061256235994
53.784,63.198413008120205
53.7885,63.198413008120205
53.793,62.9516858939522
53.7975,62.9516858939522
53.802,62.66329778209382
53.8065,62.467057206472866
53.811,62.03094570894782
53.8155,61.74759228611562
53.82,61.18515473190442
53.8245,60.80689508070634
53.829,60.125885299925116
53.8335,59.67310197534139
53.838,58.94380957320121
53.8425,58.41163812607071
53.847,57.62652687951696
53.8515,56.99120460791856
53.856,56.99120460791856
53.8605,56.16796937524744
53.865,55.44244092023266
53.8695,54.599054295693115
53.874,53.874765446088695
53.8785,52.98703866185276
53.883,52.32003159944073
53.8875,51.35599842560287
53.892,50.750164135347255
53.8965,49.70725062947439
53.901,49.22863169351874
53.9055,48.128440229107845
53.91,47.69822749604646
53.9145,46.610381684398675
53.919,46.610381684398675
53.9235,46.21769501693183
53.928,45.081275308405175
53.9325,44.56604763819159
53.937,43.446293667300715
53.9415,43.19682266658818
53.946,42.02108158700659
53.9505,42.04315481569634
53.955,40.999465505113754
53.9595,41.243618605753625
53.964,40.333061044975636
53.9685,40.549888345612615
53.973,39.66208599548356
53.9775,39.66208599548356
53.982,38.925670946514394
53.9865,38.925670946514394
53.991,39.15007155031453
53.9955,38.08478121672134
54.0,38.150549276866585
54.0045,37.01833605954429
54.009,37.33729567651628
54.0135,36.118420159434315
54.018,36.23009492658087
54.0225,35.04699932078936
54.027,34.97368527982238
54.0315,33.69523540966564
54.036,33.597057358497736
54.0405,32.38488219079463
54.045,32.36848305163447
54.0495,31.311487500067205
54.054,31.311487500067205
54.0585,30.268885943858788
54.063,30.268885943858788
54.0675,30.331609885833913
54.072,29.123045192563787
54.0765,29.213205699821884
54.081,27.927631039291008
54.0855,28.03526446038598
54.09,26.704154062229147
54.0945,26.791922255922174
54.099,25.42148197369756
54.1035,25.527284183867057
54.108,24.139290999505757
54.1125,24.139290999505757
54.117,24.26435925904676
54.1215,22.890111789191636
54.126,21.684283510817988
54.1305,21.684283510817988
54.135,21.75513213699338
54.1395,20.598663342465493
54.144,20.589854934529978
54.1485,19.511292685442644
54.153,19.430744918169555
54.1575,18.373060886558278
54.162,18.351826362610247
54.1665,17.290794842648914
54.171,17.3197075314012
54.1755,16.241700374090694
54.18,16.241700374090694
54.1845,15.24432557646588
54.189,15.24432557646588
54.1935,14.426065764284848
54.198,14.426065764284848
54.2025,14.4722484901584
54.207,13.749255953330717
54.2115,13.825398116259867
54.216,13.276879463432996
54.2205,13.279892650200546
54.225,12.876256401468748
54.2295,12.75249692122254
54.234,12.47550946292721
54.2385,12.47550946292721
54.243,12.054783522290995
54.2475,12.054783522290995
54.252,11.678940145908841
54.2565,11.678940145908841
54.261,11.336754041489872
54.2655,11.30587946405499
54.27,10.99298209522922
54.2745,11.024164542046528
54.279,10.742625970850419
54.2835,10.84787648178052
54.288,10.57006724461036
54.2925,10.740147392483179
54.297,10.484151041762965
54.3015,10.713145903105566
54.306,10.713145903105566
54.3105,10.70311250259582
54.315,10.70311250259582
54.3195,10.676623687224058
54.324,10.676623687224058
54.3285,10.423014123540968
54.333,10.631208773026351
54.3375,10.401617584021796
54.342,10.569063330388849
54.3465,10.353264072892808
54.351,10.47615218949137
54.3555,10.313054260966588
54.36,10.396278596105347
54.3645,10.396278596105347
54.369,10.33791062078931
54.3735,10.33791062078931
54.378,10.289612217687129
54.3825,10.289612217687129
54.387,10.248416372125865
54.3915,10.248416372125865
54.396,10.215632869219382
54.4005,10.215632869219382
54.405,10.252645616137137
54.4095,10.212708481318874
54.414,10.318127361052404
54.4185,10.2500213463284
54.423,10.388538422120682
54.4275,10.300293307402319
54.432,10.300293307402319
54.4365,10.328437076287043
54.441,10.328437076287043
54.4455,10.323578751449311
54.45,10.323578751449311
54.4545,10.284626273304305
54.459,10.284626273304305
54.4635,10.260142263365655
54.468,10.260142263365655
54.4725,10.320847014895643
54.477,10.320847014895643
54.4815,10.465068674514086
54.486,10.488677599902793
54.4905,10.488677599902793
54.495,10.728182560248984
54.4995,10.728182560248984
54.504,11.029218988761322
54.5085,11.029218988761322
54.513,11.337201659510551
54.5175,11.337201659510551
54.522,11.704618905915869
54.5265,11.704618905915869
54.531,11.746017654730778
54.5355,12.183465970496885
54.54,12.791305580889905
54.5445,12.791305580889905
54.549,12.84108664729619
54.5535,13.518744189083321
54.558,13.518744189083321
54.5625,14.360119429223616
54.567,14.360119429223616
54.5715,15.328701043722246
54.576,15.328701043722246
54.5805,16.424250902485074
54.585,16.424250902485074
54.5895,17.561112818283206
54.594,17.561112818283206
54.5985,18.758816765013005
54.603,18.758816765013005
54.6075,18.629605042408784
54.612,20.046051769829777
54.6165,20.046051769829777
54.621,21.351151542454744
54.6255,21.351151542454744
54.63,22.64379256353553
54.6345,22.64379256353553
54.639,23.918761272148217
54.6435,23.918761272148217
54.648,25.188598292485267
54.6525,25.188598292485267
54.657,26.40348121243811
54.6615,26.40348121243811
54.666,27.580733581669527
54.6705,27.580733581669527
54.675,28.656642177685455
54.6795,28.656642177685455
54.684,28.656642177685455
54.6885,29.73556295770208
54.693,29.73556295770208
54.6975,31.16681724527359
54.702,31.16681724527359
54.7065,32.75739957510727
54.711,32.75739957510727
54.7155,34.304155921494456
54.72,34.304155921494456
54.7245,35.60386206397629
54.729,35.60386206397629
54.7335,36.83123967694126
54.738,36.83123967694126
54.7425,38.203285770551865
54.747,38.1031969433655
54.7515,38.1031969433655
54.756,39.2490931827556
54.7605,39.2490931827556
54.765,40.331663024659605
54.7695,40.331663024659605
54.774,41.529045054190064
54.7785,41.529045054190064
54.783,42.75553940945949
54.7875,42.75553940945949
54.792,44.177929560860434
54.7965,44.177929560860434
54.801,45.669214830531054
54.8055,45.669214830531054
54.81,46.819112035617046
54.8145,47.44150646293033
54.819,47.44150646293033
54.8235,49.55248394208965
54.828,49.55248394208965
54.8325,51.910489191981334
54.837,51.910489191981334
54.8415,54.55979538558148
54.846,54.55979538558148
54.8505,57.35479515079622
54.855,57.35479515079622
54.8595,58.56402499540992
54.864,60.06867093222515
54.8685,62.29310889282653
54.873,62.29310889282653
54.8775,63.44232890673943
54.882,64.05403301136077
54.8865,64.05403301136077
54.891,65.21404933989245
54.8955,65.21404933989245
54.9,65.80061250370643
54.9045,65.80061250370643
54.909,66.02418685733278
54.9135,66.02418685733278
54.918,66.04158437805158
54.9225,66.04158437805158
54.927,65.93526641762583
54.9315,65.93526641762583
54.936,65.77121564121951
54.9405,65.66126348564484
54.945,65.66126348564484
54.9495,65.1801571225702
54.954,64.59941575700829
54.9585,64.48114922526655
54.963,64.48114922526655
54.9675,63.548101074513696
54.972,63.548101074513696
54.9765,62.41819159701384
54.981,62.41819159701384
54.9855,61.114413827718046
54.99,61.114413827718046
54.9945,59.681672122551085
54.999,59.681672122551085
55.0035,58.70138659667501
55.008,58.11703545938037
55.0125,57.11215723316028
55.017,56.52282392237076
55.0215,56.52282392237076
55.026,54.89137453007953
55.0305,54.89137453007953
55.035,53.19382138184025
55.0395,53.19382138184025
55.044,51.547211202546265
55.0485,51.547211202546265
55.053,49.84715795510412
55.0575,49.84715795510412
55.062,48.47309484208276
55.0665,48.10120690603352
55.071,46.695459945062176
55.0755,46.303885960916325
55.08,44.89783843624377
55.0845,44.319403255335736
55.089,44.319403255335736
55.0935,42.501036561138136
55.098,42.501036561138136
55.1025,41.02055118874553
55.107,41.02055118874553
55.1115,39.653862141847
55.116,39.818485232388035
55.1205,38.81705223199069
55.125,38.81705223199069
55.1295,37.48358256727835
55.134,37.814198903623776
55.1385,36.48364178541836
55.143,36.64247277493832
55.1475,35.29240303799486
55.152,35.64467653014719
55.1565,34.254362895779195
55.161,34.29433891937794
55.1655,34.29433891937794
55.17,32.73246593170239
55.1745,32.73246593170239
55.179,31.291507428765225
55.1835,31.291507428765225
55.188,29.878498206432262
55.1925,29.907569051184442
55.197,28.650225420893076
55.2015,28.753699139312705
55.206,27.625363574013747
55.2105,27.674357832724667
55.215,26.54386999386991
55.2195,26.528877340172965
55.224,25.27143821878888
55.2285,25.17318495371467
55.233,25.17318495371467
55.2375,23.615551679012448
55.242,23.615551679012448
55.2465,21.921906214002224
55.251,21.921906214002224
55.2555,20.433347254126428
55.26,20.18659662223924
55.2645,18.784232749692173
55.269,18.592234981151215
55.2735,17.289125205009654
55.278,17.167351761048195
55.2825,15.967568841843784
55.287,15.835479547922128
55.2915,14.7380973643836
55.296,14.548024200405566
55.3005,14.548024200405566
55.305,13.408937048783189
55.3095,13.408937048783189
55.314,12.485246887637542
55.3185,12.41532369312066
55.323,11.52699025653316
55.3275,11.581888046479762
55.332,10.787971498480976
55.3365,10.966812689655484
55.341,10.328614033762342
55.3455,10.51107414663696
55.35,10.08119242776574
55.3545,10.252089151215934
55.359,9.995755495781188
55.3635,10.089600902665895
55.368,10.089600902665895
55.3725,9.9766698448231
55.377,9.9766698448231
55.3815,9.976394990929213
55.386,9.951329017839267
55.3905,10.035763872174881
55.395,10.028084399753435
55.3995,9.889869159487468
55.404,9.870534442368935
55.4085,9.939224910097783
55.413,9.944221089896612
55.4175,10.245202660892387
55.422,10.254160541595954
55.4265,10.254160541595954
55.431,10.576105484654589
55.4355,10.81353107995208
55.44,10.81353107995208
55.4445,10.842430518871897
55.449,11.042896103151081
55.4535,11.085820687705832
55.458,11.257389132115875
55.4625,11.33417424024075
55.467,11.467105779517475
55.4715,11.544078523075653
55.476,11.64403673340176
55.4805,11.686841886001552
55.485,11.766909154458624
55.4895,11.799772082484314
55.494,11.799772082484314
55.4985,11.863607668931143
55.503,11.873394689536461
55.5075,11.873394689536461
55.512,11.87225954264712
55.5165,11.846783545012526
55.521,11.829112468195156
55.5255,11.673411106890471
55.53,11.651335231902118
55.5345,11.467200239461354
55.539,11.44380841741243
55.5435,11.323003739957379
55.548,11.302838644118552
55.5525,11.159629209332401
55.557,11.140847607979497
55.5615,10.972089057405443
55.566,10.972089057405443
55.5705,10.663726633913251
55.575,10.663726633913251
55.5795,10.635394217557856
55.584,10.43159327805751
55.5885,10.42470491224717
55.593,10.207700257329876
55.5975,10.208838935283135
55.602,9.982875876296756
55.6065,9.972695514643496
55.611,9.736796517273953
55.6155,9.720597777415687
55.62,9.48622239137675
55.6245,9.470274203166353
55.629,9.247364546325986
55.6335,9.247364546325986
55.638,9.017845955918434
55.6425,9.017845955918434
55.647,8.996371296946748
55.6515,8.807582753846903
55.656,8.776190221842565
55.6605,8.60965490699787
55.665,8.57707192152129
55.6695,8.426595145989591
55.674,8.39632710020327
55.6785,8.26627988275354
55.683,8.21833467338884
55.6875,8.131036225870899
55.692,8.131036225870899
55.6965,8.03547022545297
55.701,8.03547022545297
55.7055,7.986073596528656
55.71,7.986073596528656
55.7145,7.927820009895713
55.719,7.996425587179973
55.7235,7.949911565486096
55.728,7.998862540445689
55.7325,7.959091896985838
55.737,8.019928465296665
55.7415,7.990618435299181
55.746,8.044569830235085
55.7505,8.022405006551583
55.755,8.064623468564498
55.7595,8.064623468564498
55.764,8.080847537676092
55.7685,8.080847537676092
55.773,8.052452925002605
55.7775,8.078934911992164
55.782,8.060147347850002
55.7865,8.072077417169421
55.791,8.060427630095361
55.7955,8.07261045131076
55.8,8.07160836551536
55.8045,8.086756974221677
55.809,8.079781698107126
55.8135,8.087292836721542
55.818,8.087292836721542
55.8225,8.094440629016677
55.827,8.094440629016677
55.8315,8.17300670641291
55.836,8.17300670641291
55.8405,8.248497936181634
55.845,8.248497936181634
55.8495,8.314121400028286
55.854,8.314121400028286
55.8585,8.36030568116105
55.863,8.37984299121962
55.8675,8.43890735098591
55.872,8.375698559916396
55.8765,8.439819104140089
55.881,8.35054251846476
55.8855,8.35054251846476
55.89,8.295087524513429
55.8945,8.295087524513429
55.899,8.219730125075442
55.9035,8.219730125075442
55.908,8.128648258125368
55.9125,8.128648258125368
55.917,8.027215698033094
55.9215,8.027215698033094
55.926,8.020497478599852
55.9305,7.938924477457952
55.935,7.947546010668125
55.9395,7.8476870864669985
55.944,7.8476870864669985
55.9485,7.767379597578678
55.953,7.767379597578678
55.9575,7.684222120373678
55.962,7.684222120373678
55.9665,7.5925999366963595
55.971,7.5925999366963595
55.9755,7.468891211027108
55.98,7.468891211027108
55.9845,7.321201114898418
55.989,7.321201114898418
55.9935,7.325212353333273
55.998,7.182632528326284
56.0025,7.198922845635383
56.007,7.042659004863386
56.0115,7.042659004863386
56.016,6.922701513721892
56.0205,6.922701513721892
56.025,6.807243360870386
56.0295,6.807243360870386
56.034,6.675793119583567
56.0385,6.675793119583567
56.043,6.543554350951612
56.0475,6.543554350951612
56.052,6.405018270525809
56.0565,6.405018270525809
56.061,6.409416723941838
56.0655,6.251019269826451
56.07,6.251019269826451
56.0745,6.083183760863413
56.079,6.083183760863413
56.0835,5.908666335397673
56.088,5.908666335397673
56.0925,5.7441701690697045
56.097,5.7441701690697045
56.1015,5.59193928178544
56.106,5.59193928178544
56.1105,5.477961438228936
56.115,5.477961438228936
56.1195,5.385174974632573
56.124,5.385174974632573
56.1285,5.407855433487634
56.133,5.321832660958545
56.1375,5.321832660958545
56.142,5.266991639702958
56.1465,5.266991639702958
56.151,5.204035068776395
56.1555,5.204035068776395
56.16,5.139666802523913
56.1645,5.139666802523913
56.169,5.0672391186246335
56.1735,5.0672391186246335
56.178,5.000622096307463
56.1825,5.000622096307463
56.187,4.928102604229547
56.1915,4.928102604229547
56.196,4.928102604229547
56.2005,4.8668729823380605
56.205,4.8668729823380605
56.2095,4.810171476285252
56.214,4.810171476285252
56.2185,4.7648306787067884
56.223,4.7648306787067884
56.2275,4.715350412397028
56.232,4.715350412397028
56.2365,4.652881653149456
56.241,4.652881653149456
56.2455,4.595697405855449
56.25,4.595697405855449
56.2545,4.537133508003895
56.259,4.537133508003895
56.2635,4.537133508003895
56.268,4.476766024719544
56.2725,4.476766024719544
56.277,4.418036996240114
56.2815,4.418036996240114
56.286,4.369865612718835
56.2905,4.369865612718835
56.295,4.33448182878328
56.2995,4.33448182878328
56.304,4.309546184916787
56.3085,4.309546184916787
56.313,4.28665567945784
56.3175,4.28665567945784
56.322,4.28665567945784
56.3265,4.275458575323892
56.331,4.249789177308675
56.3355,4.264927472986574
56.34,4.264927472986574
56.3445,4.24914800782665
56.349,4.24914800782665
56.3535,4.2266531989535645
56.358,4.2266531989535645
56.3625,4.193747559746496
56.367,4.193747559746496
56.3715,4.154385708191994
56.376,4.154385708191994
56.3805,4.121047060013029
56.385,4.121047060013029
56.3895,4.084809171777549
56.394,4.082107806239223
56.3985,4.04355347804079
56.403,4.039448615782995
56.4075,4.039448615782995
56.412,3.9982701611488802
56.4165,3.9982701611488802
56.421,3.9596029224558165
56.4255,3.9596029224558165
56.43,3.9287692329270953
56.4345,3.9287692329270953
56.439,3.8805065988413525
56.4435,3.8805065988413525
56.448,3.829378430167374
56.4525,3.8194265823125355
56.457,3.762510384445866
56.4615,3.7493887812809517
56.466,3.7004670458768785
56.4705,3.6962865601546073
56.475,3.6962865601546073
56.4795,3.6566020213841104
56.484,3.6566020213841104
56.4885,3.630904039881902
56.493,3.630904039881902
56.4975,3.6042608295521577
56.502,3.6042608295521577
56.5065,3.5786899497807796
56.511,3.5786899497807796
56.5155,3.5294583572815834
56.52,3.5395996272294825
56.5245,3.4784086615035523
56.529,3.488803320388868
56.5335,3.42544912715348
56.538,3.4334664116359623
56.5425,3.4334664116359623
56.547,3.376704784016625
56.5515,3.376704784016625
56.556,3.3208061528760098
56.5605,3.3208061528760098
56.565,3.279985199693503
56.5695,3.279985199693503
56.574,3.2329782647919028
56.5785,3.238943483902917
56.583,3.194593792858207
56.5875,3.201868846864215
56.592,3.1584226838499876
56.5965,3.1764924131094325
56.601,3.133259262755364
56.6055,3.149019828584132
56.61,3.149019828584132
56.6145,3.1051475028543014
56.619,3.1051475028543014
56.6235,3.056941098435096
56.628,3.056941098435096
56.6325,3.0127039243143408
56.637,3.0127039243143408
56.6415,2.9600903462133767
56.646,2.969530857627845
56.6505,2.9155224150544523
56.655,2.9239761751875664
56.6595,2.863870576535813
56.664,2.870926003600791
56.6685,2.8120568545215443
56.673,2.8197155114536137
56.6775,2.8197155114536137
56.682,2.7592214145675
56.6865,2.7592214145675
56.691,2.700834236970039
56.6955,2.700834236970039
56.7,2.633141872452277
56.7045,2.638677273772833
56.709,2.5704826756373955
56.7135,2.577874758592765
56.718,2.5113962992955337
56.7225,2.5258653413911816
56.727,2.458126884258955
56.7315,2.4692228185555853
56.736,2.403833050620404
56.7405,2.4269536617625613
56.745,2.369402640846711
56.7495,2.3912396049462026
56.754,2.3912396049462026
56.7585,2.3640938437018977
56.763,2.3640938437018977
56.7675,2.3142863714569297
56.772,2.3373311246820885
56.7765,2.2938947027112904
56.781,2.3090442755980467
56.7855,2.271679836530981
56.79,2.2850352956910505
56.7945,2.249938675684287
56.799,2.259699082449342
56.8035,2.2319025665650853
56.808,2.2361302715337525
56.8125,2.1995820753301256
56.817,2.2047797121320807
56.8215,2.2047797121320807
56.826,2.169428851556533
56.8305,2.1744144495197903
56.835,2.138828614954692
56.8395,2.138043555542784
56.844,2.118600833673062
56.8485,2.126162855772584
56.853,2.1067028202934353
56.8575,2.1214436561235113
56.862,2.0998145102205097
56.8665,2.1208445952057318
56.871,2.0900004171807782
56.8755,2.108321351301204
56.88,2.068296195316556
56.8845,2.082846779620808
56.889,2.082846779620808
56.8935,2.041485745253986
56.898,2.063385283143544
56.9025,2.0272860002076456
56.907,2.0407641666377927
56.9115,2.0067188261736253
56.916,2.014840190867139
56.9205,1.9857490438392373
56.925,1.9943595002570647
56.9295,1.975905869092043
56.934,1.9899525567685792
56.9385,1.9770728295642936
56.943,1.9931753396382124
56.9475,1.9888730225085907
56.952,1.9888730225085907
56.9565,2.0087841796752337
56.961,2.008373150751819
56.9655,2.019742699821366
56.97,2.022824231762538
56.9745,2.0381924446830753
56.979,2.0397706853018422
56.9835,2.0528363152565596
56.988,2.0505520367031274
56.9925,2.0571582108337396
56.997,2.0548977012522855
57.0015,2.0601929581592775
57.006,2.0574923937109486
57.0105,2.059675844111943
57.015,2.054786312097792
57.0195,2.054786312097792
57.024,2.0540559382087036
57.0285,2.049630717909006
57.033,2.0480726905779507
57.0375,2.0528936113292873
57.042,2.0532948409471063
57.0465,2.064159288536554
57.051,2.0651930180187676
57.0555,2.0824570248345307
57.06,2.0825020701772363
57.0645,2.1047777376719536
57.069,2.112394011750954
57.0735,2.1377770667975255
57.078,2.140384266932277
57.0825,2.1598568933983877
57.087,2.1598568933983877
57.0915,2.15847355646265
57.096,2.175914273083608
57.1005,2.1658050348682103
57.105,2.180356242540124
57.1095,2.175794500038592
57.114,2.1909642729369287
57.1185,2.1914248923749278
57.123,2.1956604394175763
57.1275,2.198225323694773
57.132,2.2042575273464866
57.1365,2.2058039034692327
57.141,2.22913431598879
57.1455,2.22913431598879
57.15,2.259990973811466
57.1545,2.259990973811466
57.159,2.2744021758561255
57.1635,2.3006085328974697
57.168,2.3197362805787676
57.1725,2.3476320038922807
57.177,2.368764899550735
57.1815,2.4114512874101304
57.186,2.434808988211571
57.1905,2.47090024629732
57.195,2.4883191960308277
57.1995,2.5210438423019776
57.204,2.5354234624702796
57.2085,2.580173079977127
57.213,2.580173079977127
57.2175,2.6511244276504273
57.222,2.6511244276504273
57.2265,2.7128961241830467
57.231,2.7128961241830467
57.2355,2.718112612224895
57.24,2.776563123032025
57.2445,2.7837170564198193
57.249,2.843972213446485
57.2535,2.8579587098261556
57.258,2.9083374771813015
57.2625,2.9278270364290404
57.267,2.9683273668394707
57.2715,2.9683273668394707
57.276,3.033158460430443
57.2805,3.033158460430443
57.285,3.110995053465854
57.2895,3.110995053465854
57.294,3.1837225903912874
57.2985,3.1837225903912874
57.303,3.195207708353217
57.3075,3.2408288341520843
57.312,3.250552073737397
57.3165,3.290962482924674
57.321,3.299834202128302
57.3255,3.3443120726117326
57.33,3.3499978967534756
57.3345,3.4012729366580503
57.339,3.4012729366580503
57.3435,3.437686388378314
57.348,3.437686388378314
57.3525,3.463525398134379
57.357,3.463525398134379
57.3615,3.4861573564520976
57.366,3.4861573564520976
57.3705,3.4880515176826576
57.375,3.5120284007657996
57.3795,3.511886784963517
57.384,3.5399178613144255
57.3885,3.5403826359721062
57.393,3.5634908268172394
57.3975,3.5634908268172394
57.402,3.5786235126370487
57.4065,3.5786235126370487
57.411,3.5924579295798256
57.4155,3.5924579295798256
57.42,3.599949745871997
57.4245,3.599949745871997
57.429,3.6116772618657103
57.4335,3.6116772618657103
57.438,3.608620646645345
57.4425,3.6371266057805958
57.447,3.6408113567890923
57.4515,3.6701476911895043
57.456,3.6763654878104277
57.4605,3.704016696951373
57.465,3.704016696951373
57.4695,3.7385492959252753
57.474,3.7385492959252753
57.4785,3.767976572230803
57.483,3.767976572230803
57.4875,3.8135593793170455
57.492,3.8135593793170455
57.4965,3.857433554271861
57.501,3.857433554271861
57.5055,3.852722311696121
57.51,3.8740238866094447
57.5145,3.8696136267419354
57.519,3.8900969616849137
57.5235,3.8900969616849137
57.528,3.9084956524559153
57.5325,3.9084956524559153
57.537,3.9405835293529883
57.5415,3.9405835293529883
57.546,3.9807433766263682
57.5505,3.9807433766263682
57.555,4.0127488623592305
57.5595,4.0127488623592305
57.564,4.0442131729560575
57.5685,4.0442131729560575
57.573,4.039384365776212
57.5775,4.073691520349985
57.582,4.0684603017500285
57.5865,4.103050710789989
57.591,4.103050710789989
57.5955,4.127782353251072
57.6,4.127782353251072
57.6045,4.165430818296902
57.609,4.165430818296902
57.6135,4.19152708916079
57.618,4.19152708916079
57.6225,4.234806301518096
57.627,4.234806301518096
57.6315,4.288968145732328
57.636,4.288968145732328
57.6405,4.301867428702266
57.645,4.3598561646268825
57.6495,4.3598561646268825
57.654,4.419290134566844
57.6585,4.419290134566844
57.663,4.476059932299248
57.6675,4.476059932299248
57.672,4.532669501710461
57.6765,4.532669501710461
57.681,4.6006205232647375
57.6855,4.6006205232647375
57.69,4.666230453074222
57.6945,4.666230453074222
57.699,4.717740996468633
57.7035,4.717740996468633
57.708,4.757426605933483
57.7125,4.757426605933483
57.717,4.757426605933483
57.7215,4.793099721156391
57.726,4.793099721156391
57.7305,4.821243770707632
57.735,4.821243770707632
57.7395,4.856936120048755
57.744,4.856936120048755
57.7485,4.901478854628799
57.753,4.901478854628799
57.7575,4.923660084342085
57.762,4.923660084342085
57.7665,4.961069118793203
57.771,4.961069118793203
57.7755,4.990510186413942
57.78,5.001490293837416
57.7845,5.001490293837416
57.789,5.033067215561607
57.7935,5.033067215561607
57.798,5.0732738391464745
57.8025,5.0732738391464745
57.807,5.100123041391327
57.8115,5.100123041391327
57.816,5.1200201021960545
57.8205,5.1200201021960545
57.825,5.122828207867088
57.8295,5.122828207867088
57.834,5.141745361271836
57.8385,5.141745361271836
57.843,5.15710325517217
57.8475,5.16606022952126
57.852,5.16606022952126
57.8565,5.183660611772578
57.861,5.183660611772578
57.8655,5.204420686445906
57.87,5.204420686445906
57.8745,5.2284984857876875
57.879,5.2284984857876875
57.8835,5.254046345284894
57.888,5.254046345284894
57.8925,5.275526297638267
57.897,5.275526297638267
57.9015,5.2872445928613185
57.906,5.308294112243932
57.9105,5.323237447681082
57.915,5.34898967012332
57.9195,5.34898967012332
57.924,5.399210134599044
57.9285,5.399210134599044
57.933,5.445112837321121
57.9375,5.445112837321121
57.942,5.4864289597762514
57.9465,5.4864289597762514
57.951,5.5219800498177785
57.9555,5.5219800498177785
57.96,5.560726381203128
57.9645,5.560726381203128
57.969,5.588679301756478
57.9735,5.593384357082586
57.978,5.618641999422808
57.9825,5.626696950388595
57.987,5.626696950388595
57.9915,5.651169142616914
57.996,5.651169142616914
58.0005,5.692900090762341
58.005,5.692900090762341
58.0095,5.734802608792357
58.014,5.734802608792357
58.0185,5.759253510689952
58.023,5.759253510689952
58.0275,5.76937273299589
58.032,5.780797654847563
58.0365,5.811882527431105
58.041,5.829873722077996
58.0455,5.866549951464736
58.05,5.877825298605427
58.0545,5.877825298605427
58.059,5.919636311414607
58.0635,5.919636311414607
58.068,5.9681339174634855
58.0725,5.9681339174634855
58.077,6.0348669494018745
58.0815,6.0348669494018745
58.086,6.109537380214811
58.0905,6.109537380214811
58.095,6.136550703576831
58.0995,6.157892412185897
