Inverse Dynamics Generalized Forces
version=1
nRows=2907
nColumns=3
inDegrees=no
endheader
time	r_shoulder_elev_moment	r_elbow_flex_moment
      0.11105300	      1.36498875	      1.19388742
      0.12513700	      1.33802761	      1.17158900
      0.14121000	      0.80901977	      0.90366455
      0.15636300	      0.09265128	      0.54646171
      0.16919500	      3.04900160	      1.97508815
      0.21208000	     -0.45903953	      0.25753692
      0.23794600	      0.39009043	      0.66573867
      0.25277200	      7.78103867	      4.23822756
      0.26218000	      2.33173936	      1.59860751
      0.29693800	      2.38777778	      1.62780293
      0.32008200	      1.13659399	      1.02461833
      0.34151400	      1.30720874	      1.11023466
      0.35564200	      3.51704561	      2.18780395
      0.36103200	     -2.91092858	     -0.93218625
      0.37470400	      2.87331620	      1.87905210
      0.38586400	      0.60163485	      0.77744653
      0.39544700	      0.12781772	      0.54849209
      0.41103400	      0.68046388	      0.81834389
      0.44273400	      1.19526829	      1.06931323
      0.45867800	      1.07313472	      1.01030460
      0.47117300	      0.98957089	      0.96994524
      0.48364400	      1.02878240	      0.98917274
      0.50410300	      1.08113556	      1.01472706
      0.52411900	      1.04442749	      0.99683870
      0.53399600	      1.17254129	      1.05907717
      0.55057900	      1.04362414	      0.99632258
      0.56765300	      1.13261713	      1.03951949
      0.58408000	      1.03584731	      0.99237098
      0.59276600	      1.12858321	      1.03740005
      0.61662000	      1.06730833	      1.00747100
      0.63285200	      1.11156483	      1.02890442
      0.64781600	      1.02538249	      0.98689714
      0.65926800	      1.06678102	      1.00689233
      0.67591200	      1.12969837	      1.03728774
      0.69243800	      0.82294703	      0.88780514
      0.70121600	      1.42687937	      1.18112470
      0.71604300	      0.74508113	      0.84917636
      0.72547700	      1.28467376	      1.11114981
      0.74908600	      0.95801023	      0.95189782
      0.76822000	      1.05255736	      0.99748912
      0.77867700	      1.20539564	      1.07147146
      0.79201400	      1.14560934	      1.04212691
      0.80908100	      1.18962800	      1.06333449
      0.93766600	      1.13709036	      1.03764060
      0.94670500	      1.30622293	      1.11933943
      0.95478900	      1.41125332	      1.17005485
      0.97408800	      0.88135730	      0.91216485
      0.98330100	      1.27048306	      1.10101481
      0.99928200	      1.01056016	      0.97444477
      1.01247000	      1.10096518	      1.01816878
      1.02773000	      1.38110501	      1.15415720
      1.04373400	      0.91486308	      0.92788424
      1.06460000	      1.17370498	      1.05378789
      1.08122600	      1.03353155	      0.98579397
      1.09811800	      1.09098351	      1.01379520
      1.11742400	      1.06225785	      0.99987536
      1.12438900	      1.11218159	      1.02413605
      1.13583500	      0.98043944	      0.96010064
      1.14782900	      1.14592313	      1.04043225
      1.16170500	      1.13461469	      1.03491417
      1.16816400	      0.93078309	      0.93588183
      1.18103300	      1.38468061	      1.15648846
      1.18919100	      1.05917286	      0.99844162
      1.20097500	      0.90820985	      0.92524537
      1.24370900	      1.21058029	      1.07240530
      1.25174000	      1.00912755	      0.97474432
      1.26470200	      0.88746087	      0.91586750
      1.28426300	      1.39906917	      1.16492946
      1.29256100	      0.69847678	      0.82476378
      1.30188000	      1.21817792	      1.07770141
      1.30901600	      0.93251121	      0.93904560
      1.33107200	      1.16992509	      1.05466273
      1.35042900	      1.03272233	      0.98806393
      1.36702000	      1.08595602	      1.01399146
      1.39254300	      1.04563647	      0.99434071
      1.40304900	      1.12887997	      1.03473485
      1.43398800	      1.07328441	      1.00767091
      1.45039700	      1.10156456	      1.02142261
      1.45884000	      1.10649596	      1.02382479
      1.47963800	      1.09057508	      1.01613772
      1.48798700	      1.06326622	      1.00288717
      1.51426700	      1.11321875	      1.02718584
      1.52904800	      1.08750666	      1.01471330
      1.54558100	      1.10562533	      1.02356062
      1.56210500	      1.08570265	      1.01393457
      1.63288300	      1.09131973	      1.01668606
      1.64793400	      1.08770591	      1.01491212
      1.65782000	      1.10517335	      1.02339146
      1.67536100	      1.07630518	      1.00934520
      1.68628400	      1.10247657	      1.02205324
      1.69939800	      1.09824753	      1.01998752
      1.71743700	      1.13057043	      1.03572283
      1.73330300	      1.11922211	      1.03030471
      1.74903600	      1.07788959	      1.01036074
      1.77002000	      1.10095576	      1.02175937
      1.79761600	      1.09621158	      1.01967937
      1.81435600	      1.14895276	      1.04549185
      1.82278900	      1.01294494	      0.97948312
      1.84928300	      1.02189593	      0.98387111
      1.85500200	      1.00214943	      0.97420672
      1.86375400	      1.10986009	      1.02644676
      1.88093700	      1.03657097	      0.99056283
      1.89580300	      0.94279654	      0.94464942
      1.90442800	      1.13048975	      1.03560297
      1.91418800	      1.24880723	      1.09279926
      1.93160800	      1.17290732	      1.05562591
      1.98491400	      1.03631522	      0.98899310
      1.99882200	      1.00999214	      0.97597095
      2.00954400	      1.03142742	      0.98612844
      2.01912000	      1.24177382	      1.08810312
      2.03418300	      0.98677750	      0.96388441
      2.04378500	      1.11838959	      1.02764613
      2.05181700	      1.24904987	      1.09098619
      2.06187900	      1.11017068	      1.02338231
      2.06998200	      1.28278150	      1.10723638
      2.08342200	      1.06118280	      0.99966771
      2.10151900	      1.14385305	      1.04005522
      2.11815700	      1.08203078	      1.01026573
      2.13462000	      1.07600007	      1.00760561
      2.16624600	      1.02075483	      0.98098181
      2.19815100	      1.15590768	      1.04689008
      2.20527800	      0.91326782	      0.92913696
      2.21538700	      1.02009131	      0.98123905
      2.22802600	      1.06828783	      1.00479160
      2.23803700	      1.04179260	      0.99198199
      2.27872700	      1.08676849	      1.01381436
      2.29366100	      1.05538901	      0.99849997
      2.30947300	      1.14493326	      1.04192894
      2.35084700	      1.02681857	      0.98431524
      2.36796000	      1.22813028	      1.08190666
      2.40000800	      0.97257019	      0.95743402
      2.40993900	      1.26561414	      1.09962033
      2.43065700	      0.97421501	      0.95776225
      2.44815300	      1.18986797	      1.06233505
      2.46663600	      0.99597130	      0.96789999
      2.47434600	      1.27190685	      1.10187220
      2.48543100	      1.05500178	      0.99637490
      2.49875000	      1.12141599	      1.02857536
      2.50825000	      1.06427773	      1.00075778
      2.55758800	      1.25609350	      1.09397209
      2.62140300	      1.43588011	      1.18136540
      2.62389200	      1.57871592	      1.25068532
      2.63961100	      0.94254510	      0.94143521
      2.64842600	      1.11704651	      1.02623712
      2.66508300	      1.01377906	      0.97607133
      2.67385100	      1.00314276	      0.97088558
      2.68338900	      1.11818256	      1.02672171
      2.71391700	      1.09414932	      1.01504552
      2.73127900	      1.11439145	      1.02500069
      2.74711700	      1.03282364	      0.98550127
      2.76447400	      1.06262052	      1.00003338
      2.78306400	      1.11779577	      1.02683698
      2.79523700	      1.10980527	      1.02298633
      2.81406700	      1.02733595	      0.98293970
      2.82152000	      1.14799952	      1.04154930
      2.83797300	      0.93921133	      0.94000700
      2.84714200	      1.18874868	      1.06114903
      2.85987000	      1.13367947	      1.03429700
      2.86506600	      1.06916419	      1.00294100
      2.87894700	      1.13264799	      1.03377870
      2.89460400	      1.10383527	      1.01983032
      2.95526600	      1.10558775	      1.02082962
      2.98672400	      1.13559828	      1.03557075
      2.99946200	      1.12262370	      1.02943988
      3.00990600	      1.04333431	      0.99107877
      3.02216400	      0.99292195	      0.96672354
      3.04871900	      1.15655678	      1.04640076
      3.05795500	      1.00801436	      0.97431745
      3.09628600	      1.16745014	      1.05188139
      3.10481100	      1.05370219	      0.99667167
      3.12938200	      1.12594688	      1.03187095
      3.14734400	      1.14346969	      1.04051345
      3.15516100	      1.00439040	      0.97301774
      3.17947100	      1.14703649	      1.04248652
      3.19551200	      1.08209007	      1.01102559
      3.20409000	      1.14131119	      1.03988095
      3.21274000	      0.89899275	      0.92215301
      3.23228500	      1.24541939	      1.09071531
      3.23601500	      0.83769234	      0.89260639
      3.24464800	      0.95152742	      0.94807090
      3.26566100	      1.07683397	      1.00910825
      3.28495900	      1.09231197	      1.01674645
      3.30933100	      1.11567371	      1.02827100
      3.32519200	      1.06765443	      1.00509271
      3.34126800	      1.10945022	      1.02556146
      3.35718100	      1.03997216	      0.99192450
      3.37326400	      1.16300990	      1.05184393
      3.38261000	      1.06733236	      1.00542398
      3.39955600	      1.00332655	      0.97439908
      3.43162200	      1.14419993	      1.04301854
      3.43870300	      0.94976594	      0.94860733
      3.44911700	      1.04051659	      0.99283705
      3.46556500	      1.12633956	      1.03465676
      3.48154000	      1.03830094	      0.99196641
      3.51544500	      1.15894754	      1.05081417
      3.53327000	      1.06350236	      1.00464563
      3.54932900	      1.34246539	      1.14061800
      3.55610300	      1.03177495	      0.98978314
      3.56547600	      0.79033671	      0.87264211
      3.58225800	      1.43837838	      1.18818032
      3.58963200	      0.83781989	      0.89637714
      3.59908500	      0.89653185	      0.92518699
      3.61614000	      1.07016458	      1.00979186
      3.63302900	      1.10361555	      1.02612513
      3.63976200	      1.07611921	      1.01277346
      3.66619700	      1.04767495	      0.99886169
      3.68277900	      1.14982443	      1.04836220
      3.73189300	      1.01795337	      0.98398929
      3.74795600	      1.10608675	      1.02658790
      3.76549300	      1.12706052	      1.03650910
      3.78534800	      0.98039992	      0.96485468
      3.79820800	      1.26613339	      1.10346585
      3.83090100	      0.94887772	      0.94885163
      3.84151300	      1.18115424	      1.06156815
      3.85770200	      1.11985286	      1.03151952
      3.87366800	      1.04068947	      0.99285455
      3.88193400	      1.19580467	      1.06815301
      3.89802500	      1.08488675	      1.01411150
      3.91439300	      1.11631704	      1.02933242
      3.93177800	      1.08556320	      1.01434127
      3.94961300	      1.14019668	      1.04088803
      3.96603600	      1.08788234	      1.01552056
      3.99038900	      1.13667915	      1.03932695
      4.00641000	      1.16596529	      1.05373048
      4.01504400	      0.88637831	      0.91792586
      4.03187200	      1.31571371	      1.12685409
      4.04940800	      0.82204002	      0.88695331
      4.06462400	      1.66771849	      1.29850062
      4.06791700	      0.43137936	      0.69749651
      4.08326000	      1.79957348	      1.36323445
      4.09309400	      1.20067993	      1.07239081
      4.10161400	      1.31945149	      1.13071752
      4.11025900	      0.60943484	      0.78591574
      4.13087100	      1.40468532	      1.17333435
      4.13930300	      1.04142894	      0.99689298
      4.18158400	      1.60067161	      1.26919600
      4.18911400	      1.39700629	      1.17042721
      4.19783700	     -0.05617983	      0.46368529
      4.23956100	      0.70868509	      0.83701576
      4.24831600	     -1.99234046	     -0.47687851
      4.26547100	      6.21039163	      3.52175176
      4.27238500	     -5.17585270	     -2.02121860
      4.29846200	     10.48007885	      5.62282846
      4.30531300	     -1.54255804	     -0.23105897
      4.31515500	     -0.08586364	      0.48390456
      4.33026900	     -1.95395258	     -0.42439472
      4.35239200	      6.72121297	      3.85068002
      4.36468700	     -1.18359218	     -0.01599932
      4.38489300	      0.32010443	      0.72388443
      4.40201500	      9.83031247	      5.46815334
      4.40893000	    -10.20335239	     -4.44950694
      4.42597500	      4.17823522	      2.67092691
      4.44245400	      1.71758851	      1.46259714
      4.45151100	     -2.62166503	     -0.69631370
      4.47771600	      2.18186957	      1.69868723
      4.50286300	      0.80514297	      1.01481314
      4.51925300	      0.65973428	      0.94335398
      4.54057600	      0.70408733	      0.96585098
      4.55210300	     -1.44195786	     -0.10590387
      4.55927900	      1.86018059	      1.54137337
      4.57068400	      2.15258615	      1.68391581
      4.59148800	      1.68842468	      1.44934513
      4.61645800	      0.99405593	      1.10095419
      4.63013000	      1.90279075	      1.55184217
      4.65414900	      1.33983689	      1.26986277
      4.68129900	      1.61640565	      1.40668720
      4.70094500	      1.60056090	      1.39894567
      4.72146000	      2.79115778	      1.99321326
      4.73265300	      3.99956989	      2.59952603
      4.74116300	      0.50038765	      0.85988579
      4.75319900	      1.44817581	      1.33605038
      4.76786700	      2.27901334	      1.75772096
      4.78191100	      0.40365235	      0.82636505
      4.80658000	      4.07636258	      2.67205347
      4.82022600	      9.30887396	      5.32397378
      4.83352500	     -4.53313166	     -1.61912396
      4.85320600	      8.68410214	      5.07487346
      4.89283500	     -4.77840756	     -1.70821471
      4.91978300	      9.46461479	      5.84042530
      4.92471100	    -34.07763272	    -16.56934663
      4.94866600	     30.71595516	     16.64793714
      4.96105300	    -27.30841670	    -13.46240562
      4.97749200	     41.08142668	     22.39581989
      4.98167300	      9.87291496	      6.21235783
      5.03553100	      8.06073395	      5.11185011
      5.04055100	    -17.99445826	     -8.68893473
      5.04884400	     -3.72813726	     -1.19541934
      5.06216400	      1.64667782	      1.67085774
      5.07793700	     -1.98245366	     -0.27182244
      5.10309500	      7.11013065	      4.63019777
      5.11831100	     -3.14479318	     -0.88577253
      5.13661800	     14.81723996	      8.98408928
      5.15177400	    -24.14981965	    -12.45088772
      5.17115000	     55.59699107	     32.79136282
      5.17678600	    -15.24336094	     -6.36236190
      5.20043400	     23.44586780	     14.49217206
      5.21598200	     68.56488680	     44.47877116
      5.22102100	    -35.37635224	    -16.73818390
      5.25430300	     68.60566345	     44.06562221
      5.26599100	    -15.84922571	     -8.19286524
      5.29586300	     22.79604082	     16.12959619
      5.31721100	     -3.94806191	     -1.67536421
      5.33473800	     12.57086176	     10.51154208
      5.34872900	    -30.59937973	    -22.17399014
      5.37829400	     18.81007817	     17.27345679
      5.38556100	    -38.86738328	    -29.49223263
      5.40040100	     28.09840038	     24.45577382
      5.41021800	    -14.22492516	    -11.02656498
      5.42617900	      9.42494280	      8.91251012
      5.44198600	     -2.97031733	     -2.27699380
      5.45792500	     13.51045269	     13.78058920
      5.46760100	      0.31896687	      1.38859183
      5.47712500	    -10.66820445	    -10.74927678
      5.50901100	     15.39631468	     16.72470185
      5.51963000	      4.06922734	      5.30259492
      5.52888700	    -16.07115862	    -18.91777571
      5.55248500	     21.77741175	     26.95057119
      5.55796800	      4.18422560	      6.69726879
      5.60917100	     13.56044715	     16.66628622
      5.62530100	      0.17040804	     -0.44571965
      5.64270100	      2.48606074	      2.40812626
      5.65920300	      5.66885281	      7.10400022
      5.66885700	      0.09656388	     -0.78645751
      5.68334500	      1.18413795	      0.47111934
      5.69933900	      6.58657207	      9.01173767
      5.70845300	     -4.06625155	     -7.64879512
      5.73306800	      9.74077096	     14.41014746
      5.74143000	      1.03550712	      0.58623392
      5.75125600	     -4.03096209	     -8.70899162
      5.77743900	      7.55323524	     11.95938083
      5.78591100	     -1.58631359	     -4.50499337
      5.80379700	      2.06001448	      1.59541465
      5.82817800	      2.74562209	      3.12414375
      5.84352800	      1.37706120	      0.24897422
      5.85974100	      4.38567044	      6.70121375
      5.86823200	      1.39597982	      0.41347427
      5.87568900	     -0.31801758	     -3.57824545
      5.89137100	      2.69090417	      2.97148364
      5.90731800	      2.51964571	      2.62670359
      5.91987100	      1.83766893	      1.05295976
      5.94353800	      2.73391690	      3.12442231
      5.95940600	      2.16105566	      1.79707129
      5.97805300	      2.19150702	      1.86004718
      6.01686900	      2.39785457	      2.35279481
      6.03198400	      2.23291770	      1.95991618
      6.04925800	      1.92259641	      1.22268468
      6.05933900	      1.93201709	      1.26099681
      6.07102400	      3.14971281	      4.11804683
      6.11069100	      1.36278224	     -0.00272098
      6.12150100	      3.01127901	      3.79336941
      6.14314200	      1.64570242	      0.65740158
      6.15883100	     -1.20784788	     -5.19235402
      6.16728700	     -1.07822353	     -4.09958859
      6.17570100	      6.70076918	     11.56753065
      6.19269800	     -0.99013491	     -3.89700409
      6.20766600	      4.45457536	      6.33374730
      6.22346800	     -5.45528407	    -10.06951095
      6.23283500	      1.25992326	      2.21527914
      6.24166200	      5.96164638	      8.94049014
      6.25258200	      4.41747647	      5.89242996
      6.26812200	      9.57248016	     12.22418117
      6.30820100	     -4.69792865	     -6.05614826
      6.31849200	      7.61537720	      9.72054420
      6.35734400	     -6.00339340	     -7.68836002
      6.37314700	     -4.21969860	     -4.35976194
      6.38299400	      4.03373906	      4.99398462
      6.39298100	     -9.67739717	     -8.85570951
      6.40155900	     27.79539601	     28.86477170
      6.42800000	    -17.76224810	    -16.30855825
      6.43548900	     25.96173352	     25.36662160
      6.45095500	    -25.82565257	    -22.67547713
      6.45873700	     15.04976608	     14.79662600
      6.48307800	    -11.40653955	     -9.48211369
      6.50020000	     12.95656814	     11.39523797
      6.52474000	    -15.39088239	    -12.03865015
      6.53350200	     -4.06101385	     -2.09843088
      6.54169600	      7.65462858	      7.23808294
      6.55077600	     14.92217511	     12.39327267
      6.58214900	     -1.10306323	     -0.22889028
      6.61711800	     -2.02794997	     -0.81360311
      6.63322400	    -10.35505423	     -6.28213923
      6.64283400	     16.79522130	     12.98833248
      6.65770200	     -0.15419722	      0.75574526
      6.67359400	      3.42552034	      3.21789435
      6.68646100	    -16.91489899	    -10.05390545
      6.69416300	     -4.19315799	     -1.23549290
      6.72805700	     23.77098596	     16.83828860
      6.76612200	     28.75548533	     21.56160546
      6.77047600	     90.92385337	     58.29024682
      6.78450300	    -61.41744247	    -36.15328030
      6.79178300	     24.57663493	     16.35661034
      6.80750800	     -5.18127938	     -2.17918106
      6.82528800	      2.87630584	      2.76517890
      6.85940700	     -2.86388490	     -0.77625277
      6.88239700	     -4.51889477	     -1.35684166
      6.89226800	     41.95838364	     24.17583102
      6.91099400	    -51.43864708	    -26.78882916
      6.91661200	     19.11136832	     11.95943215
      6.93285900	     28.57225117	     16.18065598
      6.95058300	    -64.65874636	    -31.75802548
      6.95418000	     41.56767272	     24.25432225
      6.98169900	    -80.10717913	    -40.64205740
      6.99044200	     27.79802937	     15.30706053
      7.00150800	     13.64036031	      7.64341915
      7.01696800	      1.75603905	      1.59115975
      7.03082100	     18.30756969	      9.82471516
      7.06362900	     -4.81572977	     -1.72721037
      7.07057400	     21.27364890	     11.23730815
      7.08044800	      7.63563083	      4.39326460
      7.09632200	      2.64669147	      1.90758273
      7.13292100	      0.48686451	      0.83271212
      7.14896300	      1.54164817	      1.35611930
      7.15674600	     -3.07284474	     -0.93478722
      7.18111500	      3.94968940	      2.56097248
      7.19132000	    -20.40864024	     -9.54859139
      7.21605100	     17.60739829	      9.51618564
      7.22058000	    -29.06367809	    -13.78322291
      7.24787700	     41.22815570	     21.49331732
      7.25430200	    -15.98982872	     -7.19577771
      7.26368900	    -16.37370116	     -7.59597694
      7.27992500	     14.25753239	      8.12172657
      7.29392300	    -24.70311963	    -12.03395551
      7.31532500	     27.13969709	     15.31628545
      7.32390400	    -61.96707250	    -31.86486603
      7.35413400	     42.76594220	     25.16911940
      7.35894100	    -52.39348005	    -26.21986770
      7.38084700	     45.80219169	     26.17859702
      7.39869200	    -27.63073607	    -14.62932794
      7.41711800	     49.16841778	     30.23571521
      7.42429600	    -36.41856493	    -19.30968186
      7.45055700	     41.08558679	     25.79401205
      7.46573300	    -41.38102222	    -24.63023629
      7.51685100	    -16.54847906	     -5.61637896
      7.52213700	    -75.88711258	    -46.55034418
      7.53266000	      8.17747124	      6.77080899
      7.54711800	    -27.95924117	    -18.65896147
      7.56469000	     48.51289155	     38.11272866
      7.57101700	    -29.65168921	    -18.80239130
      7.58025300	    -41.02394231	    -31.19589688
      7.60119600	     32.53913507	     28.80742373
      7.60802900	    -23.72184886	    -17.37607207
      7.62211100	    -18.24744626	    -15.71987862
      7.65652200	      4.83401800	      5.99941126
      7.66589900	    -17.92807134	    -16.22375733
      7.68170500	     17.67395500	     18.15862419
      7.69152800	    -16.45483951	    -16.29100077
      7.71496900	     25.06429626	     27.41701811
      7.72264500	      1.10334206	      2.90901345
      7.77091100	     15.95988299	     17.99827226
      7.78679100	      2.77743803	      3.42130837
      7.79915400	     -5.23341553	     -7.01819658
      7.83359200	      8.08056705	     10.00912529
      7.84576800	     -0.55413115	     -1.31359095
      7.85821800	      3.97035233	      4.75449374
      7.86832900	      5.40003770	      7.17476253
      7.87627600	      0.14321447	     -0.44000743
      7.88619800	     -7.30319868	    -12.62826343
      7.91472700	      8.25865511	     12.53556947
      7.92065000	     -4.95573906	     -8.88346044
      7.93517100	      1.06428608	     -0.04931257
      7.95283000	      8.17754180	     13.46031800
      7.95989600	     -4.16375114	     -8.67688553
      7.99150000	     11.15758526	     19.43705141
      8.00021400	      2.88180772	      4.64172115
      8.00789400	     -3.62314523	     -9.43858915
      8.02385500	      3.21100499	      4.19283963
      8.03996600	      2.82567437	      3.75894749
      8.05098400	      0.56491549	     -1.70908303
      8.07596300	      1.60381891	      0.41696542
      8.11489000	      2.17041987	      1.99330126
      8.12334300	      0.38210466	     -2.74253552
      8.13355000	      1.32074988	     -0.37529748
      8.14799500	      2.53759967	      2.80323503
      8.16583600	      0.14262062	     -3.23403484
      8.17421300	      1.51147344	      0.48300358
      8.23293700	      0.37278708	     -2.52210861
      8.25413900	      0.11822089	     -2.31610595
      8.26362300	      5.79812053	     10.36895407
      8.28185400	     -3.09174097	     -9.05770869
      8.29110800	     -1.77459333	     -4.77357235
      8.29886300	      9.72347005	     17.40308196
      8.31498700	     -7.21644982	    -14.73533034
      8.32412300	     -1.50968242	     -2.43600657
      8.33208700	     10.49550453	     16.92667320
      8.34895500	      1.58619122	      1.07688282
      8.36762000	      1.95953069	      2.06715622
      8.38561000	      6.92012917	      8.70659242
      8.41341900	     -4.90729768	     -6.93454446
      8.42318400	      2.44333640	      3.33181391
      8.43225200	      8.94651195	     11.01554539
      8.44829900	      5.00217961	      5.46182603
      8.46811900	     -2.05165249	     -2.39422063
      8.48255800	     13.75129490	     15.05479947
      8.50112300	    -14.69995140	    -14.91135895
      8.50731000	     17.06981805	     18.97217395
      8.51813500	     12.18550731	     12.38585675
      8.54767200	      5.87323877	      5.84560515
      8.58882900	     -2.19523341	     -1.82076296
      8.60498200	      5.14639746	      5.13477078
      8.62131600	     -4.09002440	     -3.09559470
      8.63307400	      4.02888272	      4.28536013
      8.64552100	      4.34238218	      4.39810624
      8.66405900	      2.57590663	      2.62469117
      8.67837700	    -15.80417462	    -11.07860819
      8.68613900	     43.94340501	     35.22951285
      8.71677900	    -53.27749752	    -36.27877976
      8.72077200	     -9.93527521	     -2.18952638
      8.76535800	    -42.16396802	    -29.47874238
      8.77912900	    -10.52218656	     -5.50748067
      8.78696900	     12.47407932	     10.20086495
      8.79622300	     11.98541999	      9.27025584
      8.81203400	     14.17177575	     10.00427929
      8.82858600	    -30.55056260	    -17.43094292
      8.83568500	     42.15798385	     27.67960175
      8.86247500	    -45.56063040	    -26.20447672
      8.87030500	     18.36544057	     12.54081450
      8.88151500	     32.43526482	     19.81720190
      8.91534900	     -8.48416261	     -3.68340036
      8.93068900	     29.76877480	     17.57487709
      8.95109900	    -36.77461033	    -18.61259930
      8.95782200	     47.85185015	     27.50880354
      8.97456600	    -19.45831862	     -9.60412811
      8.99016800	     24.81786759	     14.00489271
      9.03036200	    -16.51497800	     -7.53199466
      9.03742300	     27.69150164	     15.37266313
      9.04670100	     18.06721878	     10.06528094
      9.06075700	     -4.65646106	     -1.63847831
      9.07105900	      4.94013945	      3.24848424
      9.08262100	     15.85586781	      8.70029845
      9.12844700	     -1.08361874	      0.14542812
      9.13589300	     15.07740105	      8.24155758
      9.14643500	      5.28129480	      3.28280461
      9.16169200	      2.54476636	      1.90357197
      9.17154200	      5.06729708	      3.16306467
      9.18206300	      5.09888236	      3.18071026
      9.19562800	     -2.27480444	     -0.51036974
      9.22983700	      5.97914500	      3.65407568
      9.24679700	     -2.51502741	     -0.61620616
      9.26342200	     25.10760610	     13.48697379
      9.27086400	     -5.06750660	     -1.73509972
      9.31239000	     20.63825069	     11.30494533
      9.32879800	     -0.25825874	      0.67435224
      9.34548200	      0.80114836	      1.21460527
      9.36279800	     14.71209202	      8.65818507
      9.37324500	     12.68516602	      7.86954184
      9.38162900	     -3.05834563	     -0.50982061
      9.39005500	     12.56055863	      8.14221317
      9.39863200	    -37.86368427	    -19.91850322
      9.41282400	     54.46669448	     32.05604234
      9.41975900	    -17.44512092	     -8.16850163
      9.45364200	     40.14233197	     24.39629253
      9.46617600	    -16.87380289	     -8.87406645
      9.48220400	     26.31501082	     17.21894858
      9.49238600	    -11.16047658	     -5.44897487
      9.51299300	      5.73734225	      4.48325683
      9.52975800	     28.58816161	     20.74310266
      9.53730100	    -31.58953869	    -19.22438677
      9.56188400	     33.52641105	     24.13497914
      9.57441500	     -3.24002029	     -0.73470546
      9.60968100	     19.28739711	     14.89123133
      9.62683000	     23.58015211	     20.31086928
      9.63427100	    -11.35668754	     -6.42619956
      9.65874400	    -23.14246061	    -18.13500469
      9.71382000	    -19.99107018	    -12.43110790
      9.71931500	    -45.50774677	    -37.98564434
      9.73662100	     20.14221602	     18.97693053
      9.75110400	     -9.11200392	     -8.28404940
      9.76725000	     18.03528506	     18.90063924
      9.77591100	     -0.76091666	      0.37991971
      9.78363900	     12.05542286	     14.57878779
      9.79010200	     -2.97674726	     -1.45815978
      9.83738700	     21.65945604	     25.11849356
      9.84808300	      9.19727876	     12.44412120
      9.85506300	    -12.14946669	    -14.90400904
      9.86739200	      2.08053148	      2.03306329
      9.88154800	      6.69447344	      9.10099028
      9.89079200	     -1.35285381	     -2.30984127
      9.90078900	     -0.95118019	     -2.37239047
      9.91346500	     -0.42473678	     -2.04523543
      9.94478100	      4.44882536	      5.58358262
      9.96199300	      3.53068088	      4.40699259
      9.97378900	      1.74643200	      1.27565366
      9.98393100	      8.47902573	     13.77432192
      9.99022400	     -2.57557487	     -6.09235268
     10.00561500	      0.03982504	     -2.24606706
     10.04953300	      4.75741090	      7.02554287
     10.05950800	      5.33838367	      8.85203750
     10.06664100	     -2.17482344	     -6.70799357
     10.08326000	      3.92409060	      5.62217855
     10.09909800	      1.24999134	     -0.09313989
     10.15384700	      3.68900325	      5.51801549
     10.16371900	      0.88476575	     -1.01034839
     10.18108100	      2.53547660	      2.75385468
     10.19897400	      2.60880668	      3.08597205
     10.21277800	      1.35471052	     -0.19614284
     10.22942900	      3.44847296	      5.43436775
     10.24070100	      0.39362457	     -2.89734662
     10.25803500	      4.00689252	      7.32805809
     10.27238900	     -1.51324249	     -8.79434681
     10.28872400	      6.10245759	     15.58210914
     10.29184200	     -2.73465233	    -11.28302957
     10.30869200	      5.41935877	     12.32459273
     10.32363900	      0.33318647	     -3.82272878
     10.33108400	      1.53303821	     -0.04187873
     10.34829700	      0.97280086	     -1.79065162
     10.35828800	      2.06229399	      1.78537752
     10.38012300	      3.43890411	      5.82341024
     10.43016500	      1.07832451	     -0.64585828
     10.43991900	      3.46249309	      6.04852929
     10.46457300	     -0.15968161	     -4.25444242
     10.47811700	     -3.89542170	    -11.19581163
     10.48586200	      9.15619350	     19.73069031
     10.50973300	     -8.31460852	    -20.10177825
     10.51852400	     -0.58230307	     -1.13227382
     10.52664700	      9.34735796	     17.10894309
     10.54266700	      0.62137162	     -0.60026854
     10.55953700	      4.12138029	      5.65233521
     10.57847300	      2.37306130	      2.36644109
     10.59449100	     -2.11944762	     -4.10249147
     10.60352800	     -0.46555395	     -0.97865086
     10.61226000	      9.73331079	     13.22905177
     10.64909900	     -6.29690161	     -9.17864650
     10.65877400	      2.85296733	      3.56376880
     10.66796700	     11.83922082	     14.50338702
     10.69227600	    -11.36031357	    -14.15518479
     10.70128800	     -5.15341647	     -5.11767009
     10.70952900	     13.51571041	     16.05049004
     10.72563600	      5.86287847	      6.13519020
     10.77446600	    -12.47742529	    -13.10716045
     10.78627600	    -15.02170235	    -12.95325245
     10.79463600	     42.79320342	     41.80091375
     10.80920000	    -50.13392960	    -42.80261576
     10.81453400	     35.75885139	     35.18833054
     10.82808000	      1.22649346	      1.39732328
     10.84762500	      5.98420018	      6.01787793
     10.86366200	      2.40384819	      2.63055367
     10.87895500	     -9.07005925	     -5.58404436
     10.88944700	     24.05538807	     18.97585490
     10.91365700	    -18.12878951	    -11.97949607
     10.92735700	     31.07095108	     22.63449473
     10.96119500	    -23.36510238	    -13.56397292
     10.96939300	     39.57741311	     27.80352973
     10.99483100	    -42.86043622	    -26.01817463
     11.00439300	     -7.54570401	     -2.49798427
     11.01252900	     13.38175910	     10.02789312
     11.02205200	     14.47897266	     10.04468138
     11.04030700	     32.89050135	     19.77261182
     11.06524300	    -46.18536887	    -23.47692245
     11.07105700	     30.05844355	     19.18599493
     11.11201300	    -59.22339716	    -30.76495090
     11.12022000	      4.27381881	      4.03975584
     11.17399400	    -27.90683275	    -13.73869373
     11.19010200	     26.10124242	     14.26414645
     11.21101200	    -39.54687643	    -19.02884389
     11.21925100	     19.36299085	     10.89159562
     11.22851700	     35.48627719	     18.41358626
     11.24466000	    -16.38306943	     -7.42080099
     11.25564900	     21.07853260	     10.95313021
     11.28290600	    -15.32860479	     -6.95250966
     11.29761800	     13.25665398	      6.92804684
     11.31663600	     -3.83942199	     -1.39671475
     11.32780400	      9.93224648	      5.24205352
     11.34486900	     -0.54330132	      0.17423080
     11.35387500	      4.00682326	      2.36803029
     11.36774700	      0.46094562	      0.65778159
     11.38041700	     10.15075983	      5.34102608
     11.38954700	     -7.38141387	     -3.11644138
     11.41404000	     16.10564432	      8.27388767
     11.42382800	     -8.38259889	     -3.56424198
     11.44750100	     35.88905378	     18.01998373
     11.45622400	     42.86939959	     21.81604454
     11.46237100	    -15.38128222	     -6.62603808
     11.47066600	    -27.14178010	    -12.71112063
     11.49753100	     -5.58624735	     -2.16935332
     11.54517900	      8.77956283	      5.27517077
     11.56062000	     -3.64845183	     -1.02307699
     11.57756200	      5.47169484	      3.78198287
     11.59554100	     -7.76183592	     -3.29103013
     11.61181600	     37.39685547	     21.55523214
     11.61929000	    -19.76192141	     -9.22492731
     11.62791200	     -0.49706848	      1.11356625
     11.64549300	    -28.88352692	    -15.49454611
     11.66079300	     88.45101581	     55.71798795
     11.66485500	    -69.83701783	    -36.21918371
     11.68017600	    -13.30830747	     -7.00304287
     11.71104100	    -12.20596796	     -6.09571958
     11.72689700	      7.35880204	      6.14150633
     11.74780500	     -8.55320453	     -4.95927954
     11.76526100	     44.67064416	     35.41536401
     11.77213000	    -44.05174712	    -28.19715191
     11.79414400	     34.30286430	     27.16206773
     11.80911100	     -1.44167322	      1.16157716
     11.82635200	    -16.47407242	    -13.78248292
     11.84528200	     32.93060511	     35.15792088
     11.85118400	    -39.80434062	    -32.77620527
     11.86169300	    -25.41842419	    -25.57409237
     11.89640100	     12.82622089	     14.72705104
     11.90650000	      5.80329780	      8.80388718
     11.91436600	    -15.77557375	    -17.63779531
     11.93102800	      4.01335565	      4.40727069
     11.94993400	      3.37116234	      4.27772849
     11.98682300	      4.21041547	      4.91798297
     12.00868600	      6.38423187	     10.35075742
     12.01446600	    -13.12793102	    -19.87313035
     12.02624700	      3.22907287	      3.68522047
     12.04197000	     -0.18174223	     -1.73819217
     12.06063800	      4.85904848	      6.75415377
     12.07477100	     -0.53613493	     -2.84938488
     12.09750500	      5.00488705	      7.33646130
     12.11097000	      0.89218401	     -0.43359284
     12.12747800	      2.75146910	      3.10806278
     12.14430200	      2.24500153	      2.12959741
     12.16086100	      2.49385635	      2.69659076
     12.17836300	      2.13837047	      1.86201896
     12.19415000	      4.22796680	      7.18308856
     12.20382300	      0.46571561	     -1.90119164
     12.24882400	      4.07821377	      6.87600325
     12.26383100	      1.73095599	      0.81210327
     12.27502700	      2.73291810	      3.61942824
     12.28129300	     -0.38518175	     -5.15161530
     12.29077800	      0.76358251	     -2.05233387
     12.30657300	      4.05769971	      7.19433851
     12.32734000	     -1.18979035	     -6.64881410
     12.33219600	      4.54958272	      9.00269586
     12.35607400	     -4.13620780	    -14.30521274
     12.36494100	     -3.65563949	    -10.83513852
     12.37131900	      6.10810961	     12.83972960
     12.39442700	     -1.56324897	     -6.44886718
     12.41231000	      1.93291313	      2.16238314
     12.42974200	      7.23683437	     11.74982215
     12.46074600	     -4.15085901	     -8.31258501
     12.46911300	      4.26676722	      7.18370280
     12.47867300	      5.96819261	      8.99553192
     12.49379000	      4.32403115	      5.53304231
     12.51272000	     -0.10079706	     -0.92277787
     12.52706600	      7.70599625	      9.96663416
     12.54961800	     -5.06806812	     -7.37458704
     12.56080100	      0.80077866	      1.18135457
     12.57985200	     25.92428177	     31.19247215
     12.64649600	     18.81442453	     31.85553188
     12.65087400	     49.66618882	     59.92681497
     12.66037400	     13.90242076	     14.80458986
     12.67729600	      0.93294841	      1.86014154
     12.69982300	     13.43785496	     12.77102575
     12.73042300	     -5.53824945	     -2.86256481
     12.74402600	     38.23232353	     32.88743625
     12.76274300	    -37.68967919	    -26.02120135
     12.76836100	     62.54088931	     52.20643378
     12.77811500	    -47.23845136	    -33.25789190
     12.78557300	     35.83034078	     28.75068772
     12.79789200	     -5.91785259	     -3.09793147
     12.81074900	    -16.42341024	     -9.20395117
     12.81930200	     -8.33177948	     -2.82195836
     12.83048200	     89.76590562	     57.65153868
     12.84859500	   -132.92189603	    -74.01486858
     12.85221400	      9.41141397	     14.49674962
     12.87894200	    -78.70622314	    -44.51152893
     12.89761100	     16.78594128	     11.33447494
     12.91187000	     36.45861170	     21.06438238
     12.95851600	    -10.03035303	     -4.04245610
     12.96995000	     27.80782153	     15.89994645
     12.99063800	    -14.84430410	     -6.86167837
     13.00616700	     16.73211355	      9.48605790
     13.05122300	    -20.66988015	     -9.71907845
     13.06398900	      5.56553820	      3.62529004
     13.07719900	     27.34294687	     14.23486058
     13.09649300	    -17.87188548	     -8.12576026
     13.10283400	     37.31802796	     19.02650377
     13.11219300	     10.44354428	      5.67350379
     13.12778700	      5.51512260	      3.24085999
     13.14422500	      1.98238403	      1.50103874
     13.15275800	      9.38672643	      5.12959215
     13.16207300	     17.39959640	      9.08442665
     13.16943200	     12.89796837	      6.94235190
     13.18176600	    -51.02431359	    -24.61297561
     13.20790600	     27.15070163	     14.81530770
     13.21185100	    -64.42738993	    -30.87870037
     13.22959300	     45.55964155	     23.57372669
     13.24465500	    -36.41549947	    -17.74925528
     13.26963500	     37.91455225	     20.61123761
     13.27710500	    -53.12157424	    -26.46336015
     13.29786900	     72.32566913	     39.15571710
     13.30476000	     21.46753465	     13.36690797
     13.37621100	     35.98751489	     20.66638845
     13.38528600	      0.26955618	      1.70559941
     13.39484300	    -15.67192552	     -7.43772045
     13.40785700	      2.27911815	      2.52232474
     13.42412000	    -16.44420422	     -8.69589690
     13.44416400	     30.46878042	     19.97555461
     13.45316800	    -26.04838409	    -14.38279197
     13.46635300	     12.16317964	      8.96212775
     13.48027500	    -19.04279750	    -11.36538055
     13.49612500	     40.67464784	     29.25451483
     13.50333400	    -21.63828427	    -12.50054895
     13.51374000	    -24.93754072	    -16.78994845
     13.53119300	     39.15092905	     30.74989916
     13.53830300	      5.69859618	      7.53689844
     13.59680800	     42.79886691	     34.37379493
     13.60797700	     20.85481082	     19.97764643
     13.61474000	    -34.83015129	    -27.34764530
     13.63182300	     22.67263142	     20.61907824
     13.64421600	      1.90967234	      3.09986423
     13.65429000	      4.13906844	      5.30831109
     13.66388900	     -3.82341884	     -2.65383829
     13.73072400	     12.55435526	     13.22516426
     13.74623200	      2.52861791	      3.22299973
     13.76107000	     -4.66340701	     -5.67231267
     13.77933400	     13.55561825	     17.02573618
     13.78784500	     -7.31211281	     -8.70078642
     13.79816600	     -0.76546920	     -1.46789500
     13.80966200	      3.58403537	      4.44005574
     13.81900500	     -1.29441466	     -2.58222697
     13.82928800	      4.20927150	      5.26593700
     13.83882500	     -3.53220092	     -6.45994033
     13.86078500	      8.56099486	     11.93432561
     13.86979500	      2.36039151	      2.59511210
     13.87849000	      0.06385705	     -1.27475665
     13.89344800	      0.63318014	     -0.71820055
     13.91031700	      7.72950513	     12.02260368
     13.91732400	     -1.47055722	     -3.99144513
     13.95858700	      7.07383566	     11.20041648
     13.96688700	     -1.05319682	     -3.86643260
     13.98460300	      3.03383409	      3.50984562
     14.00765800	      2.42743761	      2.41995058
     14.02391500	      4.93122896	      8.01816703
     14.03394300	      1.83251190	      1.69883026
     14.04484700	      0.85978612	     -0.76510732
     14.11382200	      5.00841025	      8.69746899
     14.13027700	      3.93359209	      7.17899498
     14.13905700	     -1.29290020	     -6.72580924
     14.16431800	      4.44250560	      8.31260592
     14.17781900	      1.08222816	     -1.03922256
     14.19505200	      2.29777725	      2.33768023
     14.21058700	      2.06858651	      1.69624029
     14.21871900	      1.09567747	     -1.31810857
     14.23184400	      2.40105393	      2.67105082
     14.24784500	      1.58908113	      0.20402003
     14.25856500	      3.26248827	      5.25494434
     14.27680900	      0.85879123	     -1.85347625
     14.28437300	      4.35293437	      8.40037892
     14.30031600	     -1.41882067	     -8.13750035
     14.30672100	      2.26538635	      2.68203141
     14.34719900	     -0.11613571	     -4.29190811
     14.36177600	      3.09627657	      4.42701792
     14.37816300	      0.63418088	     -1.77603550
     14.39227000	      6.75908524	     13.01973954
     14.42891900	     -0.85689706	     -3.67450783
     14.43453800	      6.85911930	     13.61916741
     14.47938500	     -0.56566664	     -2.86570236
     14.48557200	      9.17256819	     17.15339564
     14.49794600	     -0.13925128	     -2.67388974
     14.50995900	      6.28761301	      9.96288401
     14.52736600	     -2.86794997	     -7.38895728
     14.53508900	      4.67543645	      6.88708833
     14.54617700	      5.26970673	      7.41561888
     14.56124500	     -2.46141002	     -5.84315719
     14.56884800	      5.24802086	      7.50427167
     14.57874500	      4.50705880	      5.84330965
     14.59371400	      2.24103432	      2.08172023
     14.61025000	      2.50906603	      2.52239584
     14.62814200	      2.03802729	      1.82864989
     14.64351600	      0.67427184	     -0.05208310
     14.65451900	     -0.10591828	     -0.84819183
     14.66364400	      5.44120711	      6.85508914
     14.67751300	      4.54837046	      5.23264045
     14.69832300	      1.14604049	      0.81121044
     14.71416100	      3.78401745	      4.16408351
     14.73193800	      2.60578574	      2.64359058
     14.78111000	     -7.30632556	     -9.10812898
     14.79393600	    -11.65291716	    -12.30019522
     14.80076300	     16.20036911	     18.73955665
     14.84866200	     -6.31585504	     -3.96923198
     14.85382000	     24.27155437	     26.87457125
     14.86374700	     13.23222326	     13.23401978
     14.87668800	    -26.62162100	    -23.29235998
     14.88307400	     19.99460890	     20.58144205
     14.90766800	    -18.89713952	    -16.37035551
     14.92382100	     13.70892612	     12.40036372
     14.94517900	     -8.69291354	     -6.43215383
     14.96033900	     19.74750011	     16.38339321
     14.97852100	    -27.06695018	    -19.36638614
     14.98507100	     26.38967113	     21.85887822
     15.01132700	    -29.95483600	    -21.20061137
     15.02202700	     17.76533035	     14.03759773
     15.04195900	    -10.37087119	     -6.42585781
     15.05701200	    -10.76480307	     -6.09276509
     15.06620800	    -17.80039404	     -9.81978579
     15.07402500	     51.44412687	     34.80460700
     15.09135700	    -53.49783942	    -32.18168741
     15.09865800	     25.24376312	     17.69416426
     15.12306400	    -30.11232907	    -17.27597423
     15.13914600	     16.58828862	     10.98079255
     15.17650700	    -17.12268692	     -8.83428599
     15.19413900	     14.94311620	      9.37490602
     15.21112400	    -35.75362181	    -18.19381048
     15.21946700	     36.75418845	     21.44866046
     15.24494500	    -30.48599262	    -15.38039799
     15.26043300	     23.13271139	     13.03787408
     15.27958500	    -21.51307421	    -10.20587063
     15.29070400	     33.68213272	     18.07067457
     15.31063800	    -29.70420461	    -14.23467389
     15.31930700	     25.52461582	     13.65521084
     15.33874400	     -7.66660284	     -3.21200869
     15.35596400	      7.34960137	      4.28082610
     15.37386600	      3.57374650	      2.36366909
     15.39617400	      0.11423409	      0.64302241
     15.40453600	      5.89041230	      3.49521033
     15.43062500	      0.46350731	      0.80496597
     15.44338000	      3.86948440	      2.49223177
     15.45407600	      1.26300177	      1.20648501
     15.46390900	     -0.57046405	      0.30027171
     15.47829500	      3.48933445	      2.31576301
     15.48722400	      1.44951664	      1.30833188
     15.49573400	     -0.39000346	      0.39770699
     15.51240800	     -0.39611932	      0.39585898
     15.62890500	      0.48124190	      0.83464605
     15.64092900	      0.04986387	      0.62171439
     15.65940100	      1.98064788	      1.58381598
     15.66685500	     -0.01904916	      0.59001779
     15.68359900	      1.74401903	      1.46770684
     15.70004100	      0.32652256	      0.76251937
     15.70644900	      1.56361963	      1.37772910
     15.72398500	      0.86312177	      1.02846714
     15.74238800	      1.71136114	      1.44921134
     15.76327800	      1.33098091	      1.25902949
     15.77166700	      2.13552792	      1.65870852
     15.79354400	      0.77974115	      0.98470850
     15.81157400	      2.65198748	      1.91636445
     15.82844100	     -2.45035278	     -0.62011094
     15.84884400	      2.54370106	      1.86854634
     15.85088400	     -3.86953238	     -1.32134669
     15.86634100	      5.39421759	      3.28565420
     15.87780100	      0.04829978	      0.62641129
     15.89350900	      1.08428197	      1.14233072
     15.92680100	      0.44280714	      0.82293949
     15.93644400	      0.34647480	      0.77476866
     15.94475600	      0.49478884	      0.84798439
     15.95947300	      3.11685384	      2.15086007
     15.97817800	     -1.90368878	     -0.34667841
     15.98409000	      4.42957070	      2.79951352
     15.99390800	      2.51536654	      1.84307159
     16.00936300	      1.74237627	      1.45649029
     16.03398800	      1.74461251	      1.45544115
     16.08253800	      1.77491972	      1.46936159
     16.08861400	      2.41660669	      1.78743973
     16.10060100	      2.37686921	      1.76852274
     16.11004500	      0.43997543	      0.80847675
     16.12768400	      2.17515602	      1.67141039
     16.13793200	      0.55321161	      0.86727325
     16.16208800	      1.75360182	      1.46427045
     16.17652100	      1.11012051	      1.14512962
     16.19678900	      1.13799756	      1.15916402
     16.20306400	      1.27158571	      1.22540290
     16.21847200	      0.81472141	      0.99795851
     16.22846600	      0.90009109	      1.03970782
     16.23766800	      2.22834234	      1.69836067
     16.26291800	      0.52060518	      0.84937535
     16.27167300	      2.05365555	      1.60958148
     16.28707400	      1.25333670	      1.21155940
     16.30593300	      1.44957611	      1.30841885
     16.32213600	      1.44153969	      1.30406962
     16.38280500	      1.29574522	      1.23154674
     16.39303400	      1.29117304	      1.22921758
     16.41083000	      1.37338268	      1.26991662
     16.42890900	      1.18092199	      1.17434690
     16.44481700	      1.29440271	      1.23045369
     16.45653400	      0.74322080	      0.95672157
     16.46263800	      1.81378090	      1.48749764
     16.47760700	      1.14031291	      1.15301090
     16.49296100	      1.59885609	      1.38025613
     16.50298900	      1.32134396	      1.24260343
     16.51618700	      1.27857656	      1.22144190
     16.56430500	      1.30464921	      1.23443814
     16.59331900	      1.41697579	      1.29033974
     16.60632500	      1.31114095	      1.23812494
     16.62197300	      1.28949879	      1.22773887
     16.64255400	      1.36370690	      1.26500700
     16.66465900	      1.24527474	      1.20680167
     16.69057800	      1.46774585	      1.31779332
     16.70659500	      1.34230021	      1.25620074
     16.72231100	      1.29308130	      1.23248499
     16.73877900	      1.36468431	      1.26876831
     16.75440800	      1.23912205	      1.20716210
     16.77008200	      1.10411748	      1.14065107
     16.78588200	      1.28496583	      1.23065346
     16.80207300	      1.20567224	      1.19128522
     16.81169700	      1.29777897	      1.23694360
     16.82664200	      1.00129746	      1.08940458
     16.83739500	      1.53598460	      1.35445748
     16.86915800	      1.04501675	      1.11004517
     16.88579700	      1.50522320	      1.33792609
     16.90994800	      1.29183837	      1.23159939
     16.92646600	      1.28209615	      1.22661357
     16.93411300	      1.41432489	      1.29214457
     16.95947900	      1.27440645	      1.22264443
     16.97707900	      1.30974847	      1.24016548
     16.99340900	      1.33340470	      1.25185637
     17.05047800	      1.28636586	      1.22845601
     17.07560300	      1.25686670	      1.21361878
     17.09238300	      1.25708733	      1.21343380
     17.10816200	      1.34220438	      1.25529866
     17.12371000	      1.21221197	      1.19039746
     17.13581600	      1.46357764	      1.31474526
     17.15157600	      1.06611534	      1.11709378
     17.16167400	      1.67840685	      1.42043926
     17.17812800	      0.90035463	      1.03407431
     17.18623900	      1.22546800	      1.19503174
     17.19566500	      2.06258023	      1.60982364
     17.22321300	      1.02659968	      1.09559764
     17.22819000	      2.29953833	      1.72642996
     17.24399800	      0.60765068	      0.88694689
     17.25205600	      1.69230579	      1.42446562
     17.26805200	      0.98585706	      1.07387425
     17.27919100	      1.44298023	      1.30024316
     17.29406800	      1.36042279	      1.25905526
     17.31084000	      1.32607973	      1.24192960
     17.33010400	      1.32446767	      1.24106702
     17.34577200	      1.38856230	      1.27285905
     17.36066800	      1.39937582	      1.27839816
     17.37285100	      1.25549788	      1.20732781
     17.38875200	      1.20566112	      1.18284105
     17.41131000	      1.50578429	      1.33197905
     17.41939300	      1.11353231	      1.13777610
     17.43740900	      1.23690253	      1.19918457
     17.45134300	      1.53892576	      1.34899088
     17.47758700	      0.88211949	      1.02303526
     17.48369900	      1.74064485	      1.44823933
     17.49995000	      1.78061754	      1.46752689
     17.53617700	      1.18617928	      1.17235778
     17.54458000	      2.17486775	      1.66156685
     17.57042000	      0.44103688	      0.80142418
     17.57804800	      1.56817541	      1.35921721
     17.58613900	      2.02514466	      1.58476306
     17.60241200	      0.84383271	      0.99882720
     17.61303300	      1.55247453	      1.34914101
     17.62400900	      1.47839526	      1.31184104
     17.63644100	      1.42220947	      1.28361119
     17.65238600	      1.37549406	      1.26021713
     17.67688500	      1.29590493	      1.22068885
     17.69722100	      1.40036085	      1.27243155
     17.70496400	      1.25988812	      1.20298014
     17.72864800	      1.28037705	      1.21326589
     17.77123300	      1.27238640	      1.20942779
     17.79532800	      1.27187216	      1.20920201
     17.80981200	      1.27684393	      1.21162783
     17.83585600	      1.26770598	      1.20702162
     17.84580200	      1.17217828	      1.15967328
     17.85371200	      1.25047143	      1.19834311
     17.87777100	      1.41675960	      1.28044946
     17.91727100	      1.19292518	      1.16930652
     17.92624200	      1.52108240	      1.33139649
     17.94251100	      1.09883931	      1.12201275
     17.95228600	      0.94472236	      1.04544276
     17.96022200	      1.67028793	      1.40416484
     17.97109700	      0.45247696	      0.80096688
     17.97681300	      1.82811442	      1.48126384
     17.99216600	      1.58587027	      1.36090742
     18.04140400	      1.39986956	      1.26850313
     18.06043800	      0.96960257	      1.05525329
     18.06929600	      1.58838959	      1.36091142
     18.08210500	      1.07596590	      1.10692999
     18.09082800	      1.59891133	      1.36521050
     18.10967300	      1.05183268	      1.09428198
     18.12385500	      1.33567878	      1.23429327
     18.13612700	      1.25470625	      1.19390731
     18.14555700	      1.26402074	      1.19825104
     18.15469200	      1.55023584	      1.33952506
     18.17142200	      0.97948554	      1.05713392
     18.17989600	      1.26516964	      1.19815421
     18.18825800	      1.55041241	      1.33891994
     18.21527700	      1.08223860	      1.10725147
     18.22395700	      1.37819033	      1.25337059
     18.24028300	      1.26689779	      1.19812559
     18.25471800	      1.31897424	      1.22372864
     18.28716700	      1.19417627	      1.16189083
     18.29798600	      1.21978772	      1.17442875
     18.31014500	      1.37719336	      1.25204638
     18.34551100	      1.21331957	      1.17087587
     18.36147800	      1.37298231	      1.24963912
     18.37620800	      1.05569610	      1.09274498
     18.38435300	      1.32424741	      1.22530630
     18.40076500	      1.09270572	      1.11052793
     18.41329300	      1.45827553	      1.29076764
     18.43638400	      1.15119594	      1.13873007
     18.45241000	      1.14918190	      1.13743734
     18.46353700	      1.44820075	      1.28480587
     18.52244600	      1.15987343	      1.14185886
     18.53492400	      1.53080393	      1.32453240
     18.55015800	      1.06630452	      1.09471462
     18.55997000	      1.23426804	      1.17733510
     18.57154700	      1.59558012	      1.35534928
     18.59402700	      0.91950457	      1.02115465
     18.60165000	      1.34810699	      1.23248041
     18.60944800	      1.58734944	      1.35028664
     18.63019100	      1.06920654	      1.09411016
     18.64231500	      1.48998183	      1.30153341
     18.65873800	      1.13204688	      1.12461116
     18.66709400	      1.52353537	      1.31772882
     18.69547600	      0.93328155	      1.02616500
     18.70009400	      1.31951351	      1.21661431
     18.73380600	      1.08569030	      1.10102168
     18.75863400	      1.32925793	      1.22118714
     18.77765300	      1.28678411	      1.20018818
     18.78690600	      1.28695097	      1.20030567
     18.79372700	      1.28532515	      1.19954116
     18.82681700	      1.28240573	      1.19818261
     18.84447900	      1.40783750	      1.26021386
     18.85008700	      1.15530668	      1.13568638
     18.87850500	      1.33759834	      1.22571130
     18.89334800	      1.20415649	      1.15979125
     18.90533200	      1.28881246	      1.20151044
     18.91759600	      1.12123331	      1.11870759
     18.92693900	      1.21813454	      1.16638823
     18.96758200	      1.21284030	      1.16354375
     18.99365900	      1.18325347	      1.14857866
     19.00204300	      1.64846414	      1.37781640
     19.01797900	      1.04840818	      1.08144376
     19.02833500	      1.40032708	      1.25489646
     19.04402500	      1.14673427	      1.12952682
     19.05392300	      1.44359836	      1.27583590
     19.07061400	      1.00232047	      1.05788652
     19.07980200	      1.55051711	      1.32809335
     19.09432200	      0.59357868	      0.85558506
     19.10243000	      1.89192698	      1.49550721
     19.11804900	      0.59911195	      0.85717270
     19.12685900	      1.62829114	      1.36418363
     19.14275600	      0.82571345	      0.96757709
     19.15431900	      1.64858344	      1.37251747
     19.16703900	      1.52375876	      1.31042558
     19.20117500	      1.25693355	      1.17866871
     19.21258300	      1.28168523	      1.19080247
     19.26919000	      1.26809205	      1.18409250
     19.28499200	      1.35974143	      1.22933290
     19.30130100	      1.31926537	      1.20968934
     19.31647800	      1.07416248	      1.08922069
     19.33819000	      1.39988221	      1.25007239
     19.34787100	      1.13050529	      1.11748110
     19.35889500	      1.12935488	      1.11707095
     19.37724400	      1.23308912	      1.16828795
     19.38702300	      1.10979772	      1.10749423
     19.39584400	      1.34945621	      1.22559640
     19.42101200	      1.04096465	      1.07338893
     19.42825700	      1.23968437	      1.17121591
     19.44556200	      1.38755127	      1.24380431
     19.48586300	      1.07299679	      1.08836280
     19.49601600	      1.26973613	      1.18495387
     19.50996700	      1.53297364	      1.31421766
     19.54273700	      0.98380915	      1.04308230
     19.55146100	      1.39575246	      1.24566953
     19.56036400	      1.51577504	      1.30442197
     19.57650200	      1.31690719	      1.20615162
     19.60671900	      1.24181666	      1.16896599
     19.62249900	      1.27607559	      1.18572547
     19.62763400	      1.20029489	      1.14836582
     19.63451100	      1.25908988	      1.17730031
     19.65828800	      1.23403601	      1.16493154
     19.67501500	      1.21157228	      1.15386779
     19.68307200	      1.22058116	      1.15828313
     19.70831100	      1.22165311	      1.15874452
     19.72215400	      1.07476396	      1.08628606
     19.73197200	      1.23737333	      1.16621274
     19.74324000	      0.97331120	      1.03582481
     19.75164100	      1.30520370	      1.19897905
     19.76194000	      1.33729631	      1.21435887
     19.77604200	      1.32607086	      1.20839332
     19.80210800	      1.27803596	      1.18436682
     19.82875000	      1.26276346	      1.17655572
     19.83623600	      1.51495443	      1.30061978
     19.84469600	      1.29791158	      1.19370957
     19.86371300	      1.27756314	      1.18372303
     19.87847900	      1.36633715	      1.22754146
     19.88798400	      1.19973855	      1.14566524
     19.90549500	      1.09159823	      1.09257221
     19.92588900	      1.52412885	      1.30555327
     19.99437900	      1.61336294	      1.34924610
     20.00293100	      2.19746667	      1.63633130
     20.02844600	     -1.39862273	     -0.13481859
     20.03484100	     -0.40636252	      0.35302286
     20.04321300	      3.89845589	      2.46812753
     20.05839600	     -2.69035576	     -0.77502436
     20.06681500	      2.82984823	      1.93542094
     20.08005300	      3.60278171	      2.30792382
     20.12908200	      0.77899611	      0.91782934
     20.14553700	      2.19700599	      1.60914453
     20.16884400	      1.62391382	      1.32554094
     20.17870700	      2.43993682	      1.72527473
     20.19474800	      3.38928616	      2.19346632
     20.20523000	      5.09245918	      3.03627578
     20.21520900	      4.86267426	      2.93595448
     20.22487200	     13.45945661	      7.20224746
     20.23363900	     -9.99149255	     -4.33570742
     20.25553400	     19.06334197	     10.05597421
     20.26721200	      5.45171143	      3.41892525
     20.27977900	    -16.53406586	     -7.61887434
     20.32368800	     14.49312037	      8.13954646
     20.33821800	    -14.31974542	     -6.54669624
     20.35784300	     22.58141812	     12.73077174
     20.37089700	    -23.49573627	    -11.45963609
     20.38677400	     39.37672501	     22.69335175
     20.39663400	    -61.53145758	    -32.54063579
     20.41285100	     57.02410439	     34.23334296
     20.42180800	   -122.34941540	    -69.36678663
     20.43778900	    135.15522152	     86.54674002
     20.44184600	    -86.60337595	    -44.80081935
     20.45893900	     56.39005227	     36.52802112
     20.47532900	    -17.02516807	     -8.65685587
     20.49274700	     22.22511361	     15.90558251
     20.50400500	     80.42136306	     62.29048994
     20.50881900	    -15.73350690	     -3.33080734
     20.54566000	     59.60377966	     46.37180256
     20.55888400	    -14.63512198	     -9.94166814
     20.57623300	      9.17721341	      8.36889523
     20.59184200	      2.91418501	      3.84970319
     20.60736500	     -7.09878899	     -6.13831303
     20.62400600	     19.09238913	     20.70656430
     20.63272000	    -39.06314752	    -38.81093131
     20.66094200	     42.57346526	     51.80139229
     20.66505300	      2.44124402	     12.07898708
     20.72010400	     20.27977320	     24.34920816
     20.73043900	    -15.66729997	    -19.54607453
     20.74676900	     24.04075127	     31.92805053
     20.75284500	     -0.28992750	      1.53597762
     20.75854600	    -15.32338084	    -20.99667937
     20.77282900	      2.62156422	      2.59263185
     20.78904100	      8.26032883	     12.47875600
     20.79754700	     -3.15381726	     -5.54198032
     20.80868400	      0.58225739	     -0.32347973
     20.83266100	     -3.13381320	     -7.73878256
     20.86155500	      6.26431810	     12.62924640
     20.86709400	     -6.74539737	    -13.25362704
     20.89300000	      8.02433027	     14.14702777
     20.91090700	      0.89871153	     -0.55966461
     20.92644200	      1.28184198	     -0.16929625
     20.94750900	      3.43192765	      5.10205639
     20.95968600	      1.59055532	      0.61474326
     20.97059000	      4.34120791	      7.92919004
     20.97773800	     -0.61274687	     -5.06291174
     21.00222100	      5.38829821	     10.74854070
     21.01096100	      3.69760003	      6.57695050
     21.09200600	      3.24172260	      5.02389111
     21.14943600	      1.96159380	      1.31084671
     21.17773700	      0.44267253	     -2.96105083
     21.18844200	     -3.28981830	    -12.40003271
     21.19570400	     -0.31471454	     -2.82226617
     21.20387400	     11.62536877	     25.73524586
     21.22129600	    -10.15098939	    -24.34201511
     21.22734700	      9.52206347	     20.75874506
     21.25797500	     -8.32941433	    -18.07196993
     21.26634800	     16.91700228	     31.35067072
     21.28224600	    -15.02100478	    -27.21371221
     21.28767700	     13.36554174	     24.06011516
     21.30163200	     -0.93466776	     -3.30842678
     21.31772400	      2.24950926	      2.91544708
     21.33356800	      5.70272218	      7.28906392
     21.35000600	     -8.18103225	    -11.05405734
     21.35772600	     19.14212333	     26.09617787
     21.37559900	    -17.01057218	    -22.21447814
     21.38395000	      0.41437002	      1.73276224
     21.43575800	     -9.31072503	    -11.22913240
     21.45132500	      7.03371287	      8.00858854
     21.46765700	    -10.37036814	    -10.26367156
     21.47817200	      6.23312700	      7.70036340
     21.49274200	     11.24172137	     11.15507302
     21.51151800	    -16.21463486	    -12.93203049
     21.52211600	     21.60520542	     20.23201675
     21.53598400	    -25.26913806	    -18.82927965
     21.54536200	     22.84401731	     20.26913306
     21.58438100	    -30.19383862	    -21.02597214
     21.59491900	     23.52666370	     18.86631148
     21.62904100	    -30.95930918	    -20.11473546
     21.64163300	      7.90618872	      7.28506701
     21.65883800	     16.43489728	     11.38834863
     21.67667700	    -45.05838295	    -24.81843790
     21.68425600	     50.12421299	     32.57497353
     21.69970600	     -9.08314209	     -4.24601067
     21.71831500	     14.84966686	      9.45219489
     21.73412700	    -34.11183042	    -17.21504602
     21.74246900	     28.77926659	     17.14951687
     21.75404000	     14.00434407	      8.40870263
     21.77037800	     -2.31772598	     -0.24496555
     21.78678200	     25.49913651	     13.91197871
     21.82000500	    -21.67488524	    -10.10904054
     21.82834000	     11.71079492	      6.85104806
     21.83700200	     21.95584708	     11.75183044
     21.85323400	      8.12753254	      4.65325068
     21.87836100	     -0.38983549	      0.39918687
     21.89262700	      7.16784648	      4.10180219
     21.90894500	     -1.31991745	     -0.09665460
     21.92069500	     -1.39919307	     -0.13592739
     21.92934300	     10.03615408	      5.46102698
     21.94212100	      6.07736815	      3.51020209
     21.95103100	     -0.34897962	      0.36328151
     21.97165100	      5.48265900	      3.23158386
     21.98310900	      1.95124856	      1.50967458
     22.01144000	      7.58132520	      4.28841899
     22.02575500	     19.00261627	     10.01713707
     22.03320800	    -12.93089722	     -5.75449128
     22.05868700	     17.25019955	      9.20755158
     22.07418600	     -1.26913490	      0.04062570
     22.09074200	      5.10196316	      3.27111975
     22.10792400	     -1.40837150	      0.01501563
     22.12722500	      7.81893559	      4.80959510
     22.14456800	    -12.68747339	     -5.80475109
     22.19546500	     13.27951318	      7.93566167
     22.20919300	     -9.81373972	     -4.28410987
     22.22747100	     12.16710670	      7.59433989
     22.24223200	     -6.61913240	     -2.62235343
     22.25889000	      9.27180935	      6.30638947
     22.27531700	    -14.95138287	     -7.65403649
     22.29368400	     34.30750322	     21.73525171
     22.30178900	    -30.16190524	    -16.36071042
     22.31929500	     16.06850975	     10.78144409
     22.33442300	     10.51204844	      8.11325842
     22.34513000	     -8.24085105	     -3.86730716
     22.35864000	     -0.11076718	      1.12296759
     22.37578500	      1.48118280	      2.02468639
     22.39046400	     31.98568293	     24.77282838
     22.39848700	      0.83220656	      3.75734769
     22.40666200	    -37.91362832	    -27.25632872
     22.42246000	     32.21858828	     27.33534755
     22.43221100	    -13.52774584	     -9.08472966
     22.45096100	     -3.46190911	     -2.75976710
     22.47725400	      9.01183984	      9.79264248
     22.48983000	    -18.34809340	    -17.33982445
     22.53496000	     10.60890236	     13.35360155
     22.54343200	    -17.64372681	    -17.65244091
     22.55944000	      4.24285509	      4.66627288
     22.57791800	     -1.44105625	     -1.97164715
     22.60317900	      4.59818196	      5.20803287
     22.62511800	      1.17184778	      0.78355513
     22.64545100	      4.35070482	      5.23768863
     22.65976100	     -0.11013267	     -1.19013344
     22.67602800	      6.58176625	      8.78426769
     22.68576700	      3.87903752	      5.15873446
     22.69390600	     -1.22703232	     -3.00182984
     22.70769300	     -0.92402184	     -3.24876075
     22.72448600	      6.42753133	      9.92272990
     22.73451700	     -6.40848844	    -13.32199836
     22.74509100	     24.96497800	     47.51358483
     22.74880600	     -8.32922847	    -13.30395495
     22.76428100	      1.63401785	      1.25549967
     22.79173700	      0.62388741	     -0.59585580
     22.80144300	      3.82137648	      6.46745662
     22.81010900	     -0.91742543	     -4.44282340
     22.84125300	      4.71029810	      8.07793380
     22.86032500	      2.76642879	      3.82637668
     22.90511400	      3.08564900	      4.50347782
     22.92919400	      2.95107829	      5.33219315
     22.93475700	     -2.18354697	     -9.86312668
     22.94390800	      0.70790602	     -2.34071697
     22.95753800	      2.36889605	      2.73441067
     22.96662700	      1.02783668	     -1.54919681
     22.97687300	      1.15561041	     -1.24313700
     23.02611000	      1.69545444	      0.51336660
     23.04421100	      0.68478051	     -2.50127396
     23.05115700	      3.03137100	      4.86975152
     23.06682000	      0.57154507	     -2.73013260
     23.07746400	     -1.24872468	     -6.99749971
     23.08492300	      4.83558506	     10.12574124
     23.10788500	     -0.20444318	     -4.23143814
     23.12648200	      2.54234296	      3.04756043
     23.14025000	     -3.30758505	     -9.71059692
     23.14820500	      1.18310384	      1.56741636
     23.15660100	      8.07111135	     15.01709863
     23.17423800	     -0.43182735	     -2.95714594
     23.19040400	      5.99922082	      9.18552214
     23.22740400	     -2.10081627	     -5.15133513
     23.24069600	      4.97428101	      6.99866815
     23.25866700	      0.54697204	     -0.34586356
     23.27559500	      4.52964420	      5.76488679
     23.30705700	      2.01392876	      1.73808200
     23.33850500	      1.15193604	      0.76836457
     23.35501100	      1.34287291	      1.28468834
     23.37070200	      8.51149277	      9.94549418
     23.39715900	     -6.55449081	     -7.72481463
     23.40795300	      7.40275298	      8.79794334
     23.42525700	      6.86615606	      7.24477415
     23.44593500	     -4.44864364	     -4.26705326
     23.45691500	     17.12908275	     17.64494631
     23.47607500	    -17.14188980	    -15.74684425
     23.48476500	     20.90163930	     20.83884018
     23.49736300	    -11.97275773	    -10.17506226
     23.50637500	     10.27195594	     10.16745273
     23.51877000	      7.01609945	      6.55160671
     23.53473700	     -9.65741696	     -6.97384540
     23.54550000	     11.33428829	     10.26640026
     23.56020200	      2.27562184	      2.59617952
     23.57757900	      5.17036395	      4.69531470
     23.59360900	    -14.14129103	     -9.09789127
     23.60318900	     -1.33077953	      0.67288654
     23.61179900	     -7.69990541	     -3.45472029
     23.61971600	     19.78854097	     15.07269263
     23.65399700	    -22.42138084	    -13.88909549
     23.66836700	     -6.33734024	     -2.53294306
     23.68019000	     38.05492193	     24.78476029
     23.70401800	    -38.31024801	    -21.38637781
     23.71188100	     34.79705431	     22.62348911
     23.72747000	     -7.72054551	     -3.47978920
     23.74420600	      4.27906930	      3.71858910
     23.77471900	     -7.66411348	     -3.40244079
     23.79363100	    -33.61356610	    -16.20544490
     23.80134100	     47.45859719	     26.77290044
     23.82423500	    -28.15419231	    -13.87111764
     23.84171800	     27.48783385	     14.90785216
     23.87392800	    -17.38108909	     -7.96333118
     23.88345900	     37.63689024	     19.67232390
     23.90979800	    -28.44040534	    -13.48325578
     23.91609100	     18.88987467	     10.14759017
     23.92655800	     42.56132920	     21.67998978
     23.95224000	     -4.03509845	     -1.20422833
     23.95476800	     35.10108178	     18.05132315
     23.97045500	      4.64461989	      2.88333661
     24.00233200	     15.02911817	      7.94896244
     24.01901500	      1.43842769	      1.25529215
     24.04068500	      0.59491722	      0.84194698
     24.07352400	      4.20706262	      2.63328030
     24.08599000	     -0.07431309	      0.53517451
     24.11081000	      7.69976304	      4.38766035
     24.12418800	     21.64980144	     11.40563803
     24.13144200	      1.29844274	      1.37382249
     24.13974600	    -17.97520132	     -8.31465269
     24.15982400	     15.84504035	      8.66844520
     24.17332800	     -1.10996907	      0.19753062
     24.19000700	     -6.49922380	     -2.61054657
     24.21308200	     12.05197271	      7.04249293
     24.23841500	    -11.24762207	     -5.10207327
     24.25929400	     28.54741085	     16.68972623
     24.26536700	    -63.85974691	    -32.71229486
     24.27993300	     57.37401018	     32.19333366
     24.28837800	     -2.10647879	      0.52052350
     24.29687500	    -13.35260322	     -6.12303575
     24.30657200	     43.59536582	     26.95451972
     24.31355500	    -19.51340618	     -8.96091615
     24.33753900	    -14.33513057	     -7.56530526
     24.39840900	     -4.96981771	     -1.80609481
     24.41727900	     -7.60528901	     -3.89190813
     24.46199200	     12.50432896	      9.17260776
     24.47810800	     27.50300781	     20.18023516
     24.48666700	     26.33802751	     21.73072368
     24.49320500	    -44.52971897	    -29.22837412
     24.50650500	      7.59409238	      6.52870882
     24.52149200	      1.76738579	      2.94041298
     24.53824100	    -10.97034849	     -8.43678546
     24.55650500	     28.61473797	     28.05336551
     24.56323900	    -39.16824518	    -31.95516609
     24.57957700	     19.09388601	     18.30714477
     24.59629900	     -4.64217079	     -4.27292095
     24.60840300	     33.63078553	     38.29652495
     24.61404400	    -29.97104839	    -28.89780941
     24.62692200	     -1.88874396	     -2.60158769
     24.64239800	     14.13211792	     18.27891999
     24.64891900	    -15.18603307	    -17.76308379
     24.65991700	     -0.34165385	     -1.03309800
     24.67670100	     -1.53907655	     -2.85527138
     24.70042900	      8.50433077	     11.11932228
     24.71093000	      3.42440996	      4.46468954
     24.79611300	      6.11149805	      7.83086878
     24.81907300	      3.22838462	      3.73060159
     24.83495100	      1.91997642	      1.67031290
     24.85234600	      2.26743869	      2.10598704
     24.86757300	      5.00149768	      7.19833872
     24.87807600	      2.01351241	      1.93695145
     24.88721500	      9.52119698	     17.03112123
     24.89324900	     -4.90022694	    -10.65615906
     24.90148200	      2.40390014	      2.92921287
     24.91016500	     -0.69786530	     -3.70034690
     24.92846000	      2.50916948	      2.59013281
     24.95312400	      1.70285553	      0.82822676
     24.97659800	      4.34361159	      7.23290952
     24.98691100	      3.37977035	      5.43137762
     24.99395100	     -1.65457786	     -7.66658133
     25.01084500	      3.81197668	      6.21939784
     25.02083200	      0.59998646	     -2.31803036
     25.03025100	      1.94166700	      1.24934074
     25.05902900	      1.41392999	     -0.13774662
     25.07367300	      3.04376779	      4.16739801
     25.10927400	      0.95613330	     -1.13859107
     25.12356300	      2.82531399	      3.62025944
     25.14299500	      1.17913693	     -0.36779505
     25.15735100	      0.18964616	     -2.07812709
     25.16801500	      3.47795706	      5.25140920
     25.18399500	      5.21841918	      8.08810409
     25.21246300	      0.30966496	     -1.34588127
     25.22697400	      1.79171426	      1.34623310
     25.23760100	    -10.44583790	    -18.37786286
     25.24366800	     12.24844958	     20.86904739
     25.25629500	      2.00726129	      1.74190428
     25.27454400	      4.98398458	      6.42894051
     25.28948000	     -7.97944767	    -11.85573861
     25.29741000	      2.60611378	      4.10388699
     25.30610800	      8.01046374	     10.69862788
     25.32283400	     10.59276195	     12.68973530
     25.36025300	     -0.75449698	     -0.65815070
     25.37319000	     12.75963850	     14.47089534
     25.38854800	    -20.54611861	    -21.34061532
     25.39617100	     25.17134953	     28.14639262
     25.42015000	    -27.20568068	    -26.62476219
     25.42865400	     14.06919082	     15.35159053
     25.46769600	    -18.46988262	    -16.14824059
     25.47715300	     20.18341220	     19.19491698
     25.49580600	    -19.77258414	    -16.19671777
     25.50622800	     -0.35515174	      1.59768293
     25.51579200	     34.11348701	     28.21003091
     25.53699000	    -26.47426105	    -18.82666147
     25.54564400	     32.49132995	     25.77863169
     25.55995300	    -25.12786139	    -16.76962688
     25.57136400	     72.20622802	     51.49132128
     25.59818500	    -44.11774465	    -23.68283626
     25.60164300	     57.00502221	     43.78684429
     25.61815700	     17.41088652	     12.77189842
     25.65335400	     19.87843648	     14.06443344
     25.66946300	      8.70795730	      6.31105422
     25.69580500	     -0.60356166	      0.62746660
     25.71662200	      5.45798300	      4.19156935
     25.73993500	     -8.55307754	     -3.94126874
     25.75383500	     -6.90274120	     -2.65988801
     25.76513100	     13.73747497	      8.84565674
     25.78031100	      0.90816742	      1.48401565
     25.79709000	      8.26206339	      5.39627476
     25.85795700	     -5.18720460	     -1.96741852
     25.89092900	      3.26618812	      2.49448035
     25.91797800	     -4.75929572	     -1.65894994
     25.93673000	     -1.31245562	      0.12334299
     25.95039400	    -11.28956805	     -4.83923754
     25.96047800	     14.73530207	      8.18681564
     25.97258300	     16.14281580	      8.65038730
     25.98917300	    -12.94462866	     -5.74961961
     25.99844400	     13.29689434	      7.14404867
     26.00890400	     16.43463710	      8.57225691
     26.02379900	      0.68638372	      0.84738606
     26.03948800	      9.95426293	      5.36389180
     26.05605500	     -2.01963516	     -0.47348666
     26.07212900	     19.95124230	     10.34812835
     26.08113600	    -26.76381863	    -12.57549918
     26.10608200	     30.10814511	     15.59261375
     26.11481200	    -40.00111783	    -19.19256689
     26.13958400	     41.02003925	     21.48982797
     26.14800400	    -48.31952525	    -23.57043937
     26.16819600	     58.82751925	     31.17796314
     26.17638000	    -22.11654672	    -10.12849195
     26.18977900	    -22.05137920	    -10.80613972
     26.23973800	     12.30219954	      7.45459459
     26.25705100	     36.07029201	     21.30147775
     26.26565100	     12.42941031	      9.28881043
     26.27359400	    -34.36255040	    -17.63359665
     26.28943500	     -5.44780065	     -2.29142695
     26.30622800	     33.10583798	     22.64063246
     26.31468700	    -49.29268964	    -28.91957124
     26.32984400	     44.86175972	     30.93573749
     26.33930100	     -9.25110351	     -3.49610396
     26.34943700	    -17.85864466	    -10.79192415
     26.37253100	      5.20058005	      4.51067844
     26.38932900	     33.66233125	     29.36857134
     26.39656200	    -29.72131541	    -20.17785643
     26.42447900	     27.29752171	     23.58822618
     26.44691100	    -18.84272054	    -16.54329710
     26.47165800	     27.26248591	     29.86462342
     26.47836000	    -21.69188137	    -17.14640956
     26.48688400	    -27.44170168	    -28.06058137
     26.51230500	     16.30260167	     18.84915536
     26.52395900	     -5.48183286	     -5.72574554
     26.53984000	     -0.45269636	     -1.10045365
     26.55851200	      8.05650366	     10.86382214
     26.58999700	      0.30251753	      0.14266886
     26.60992500	      4.47561175	     12.26432396
     26.61412600	    -34.27650164	    -50.58213125
     26.62418000	      9.34922193	     13.95735845
     26.63421200	      4.98276731	      8.81628137
     26.68676200	      9.37978563	     15.11362562
     26.70298900	     -0.16820871	     -2.33705561
     26.72198100	      4.23444930	      6.20448518
     26.73553500	      1.23160338	      0.16558177
     26.75163200	      1.44916898	      0.32110982
     26.77665700	      3.52528801	      5.02181713
     26.79091400	      3.45136361	      5.34889530
     26.80199800	     -1.49299695	     -7.07685382
     26.84356000	      3.41919554	      6.09662058
     26.85155600	     -2.30531068	     -9.75121280
     26.86855900	      5.45368354	     11.62881446
     26.87796000	      0.27110479	     -3.14256008
     26.89218800	      0.75782482	     -2.39840266
     26.92632500	      1.82923094	      0.99204715
     26.93535400	      0.26763483	     -4.11210650
     26.94182600	      0.54321684	     -3.16570731
     26.95104600	      2.80622070	      4.08566670
     26.96704600	      0.59845183	     -2.69516435
     26.97816300	      2.40979066	      2.96887633
     26.99257600	      2.22858321	      2.22549367
     27.00732400	     -0.50590037	     -4.63931692
     27.01761600	      3.42505743	      5.88784655
     27.03258500	      3.06977143	      4.23067329
     27.05135400	      0.85501360	     -0.60411417
     27.06709600	      3.51279179	      4.98399901
     27.08319000	     -4.42964704	     -9.78613885
     27.09292800	      5.08950156	      8.98353930
     27.10902900	      7.21481434	     10.52448006
     27.12678900	    -11.29593379	    -17.36313414
     27.13298300	     10.54978383	     17.52203733
     27.15843100	     -7.30093550	    -11.92267192
     27.17720200	      9.16990849	     11.98901357
     27.21119700	     -3.26758386	     -4.71277176
     27.22391700	      6.74920383	      8.07021210
     27.23586700	    -18.59146304	    -21.55171331
     27.24282500	     14.01902474	     17.89666882
     27.25224900	     -1.58014720	     -1.11282949
     27.26188400	      1.02439508	      2.29166735
     27.35210700	     -7.60499056	     -6.81750656
     27.36203100	     -0.07455856	      1.37536584
     27.37347300	      1.38594205	      2.82302631
     27.38521600	      7.09684755	      7.59050927
     27.39869600	      1.86170134	      2.59504550
     27.41149300	    -13.08478227	     -8.67176874
     27.42112100	      3.97591570	      5.13605132
     27.43051000	    -17.16913432	    -10.08790964
     27.43860900	     24.05410375	     19.60597072
     27.44870800	     30.84771911	     22.33429804
     27.47401600	    -15.84900432	     -9.36117284
     27.48721400	     19.29333529	     13.75876559
     27.52236700	    -19.45896572	    -11.14480049
     27.53641200	      8.62575949	      6.64751146
     27.55663600	      0.72417321	      1.33793454
     27.57255500	    -39.63243173	    -21.04238041
     27.57990600	     17.66602695	     12.24001497
     27.58844600	     33.06122721	     19.80292433
     27.63865600	    -17.68760183	     -8.80849322
     27.65607800	    -21.48528660	    -10.17832286
     27.66533400	      9.58592262	      6.42788090
     27.67555700	     25.79992232	     14.36677970
     27.69041000	    -13.33985751	     -5.93169730
     27.70186500	     15.31060708	      8.60088313
     27.71546500	     -2.09357809	     -0.33346823
     27.72702000	     -2.45170172	     -0.47139044
     27.73610500	     36.11234937	     18.47058009
     27.75879200	    -22.63996267	    -10.52485114
     27.76472300	     19.48064754	     10.16603654
     27.78046000	      9.22803177	      5.04864016
     27.82278400	      6.81413664	      3.85188666
     27.83973800	      0.78983875	      0.89923803
     27.85700000	      5.47352563	      3.18623800
     27.86464200	     -0.19376148	      0.42086874
     27.91322500	      7.75870549	      4.32523378
     27.92187800	      0.66738571	      0.87267114
     27.93919900	     -3.64189486	     -1.24675632
     27.95642400	     25.55786643	     13.23406708
     27.96294800	     -4.63589433	     -1.59509021
     27.97191000	    -13.57090107	     -6.09341992
     27.98902600	      9.48281036	      5.41581972
     28.00360000	     -3.97747653	     -1.29722451
     28.01974600	      6.81442537	      4.20654894
     28.03643000	     -9.28529130	     -4.03626298
     28.05415400	     29.93927848	     16.48374808
     28.06247400	    -21.60380079	    -10.23088963
     28.07700200	     -0.23072856	      0.69265212
     28.09521500	      4.42058022	      3.29542069
     28.11140100	    -10.00685135	     -4.56535201
     28.13854900	     12.46255417	      7.82468000
     28.15604500	     -8.77803489	     -4.01651569
     28.17335000	     35.00973736	     21.39832010
     28.18100700	    -12.41909248	     -5.47835344
     28.18982900	    -25.24992968	    -13.69399265
     28.26951200	      3.05536388	      2.97707174
     28.28565000	     -9.85168019	     -5.14600595
     28.30600300	     24.97491352	     17.06220137
     28.31430800	     -3.23660414	     -0.46747821
     28.32252800	    -12.66459722	     -6.96381166
     28.33878800	    -12.76363698	     -7.76839167
     28.35784700	     26.93774787	     20.27208504
     28.36373000	    -28.52284173	    -18.11582693
     28.37345300	     -5.70650996	     -3.17309479
     28.38906900	     -4.03473277	     -2.13267352
     28.40950700	     12.67626701	     10.33432535
     28.42145100	      5.76072176	      5.45735215
     28.43100900	      9.69922867	      9.00453172
     28.43983000	    -20.92192008	    -15.95900773
     28.45484800	     23.76351337	     20.82682766
     28.46380600	    -22.32738082	    -18.18941722
     28.49008200	     33.67488706	     31.21737494
     28.49668200	     -0.33250474	      2.00577102
     28.53832300	     20.45242047	     19.49752449
     28.55674400	      8.52125656	      9.25141883
     28.56647600	      5.00996147	      6.41615184
     28.57529000	     -7.45405324	     -7.10844879
     28.58700300	      1.64235881	      2.09496940
     28.60303400	     -6.21915254	     -7.71417260
     28.62243600	     17.38655874	     22.40877502
     28.62947300	     -5.84572545	     -6.07571671
     28.63718200	     -9.47461368	    -12.69946348
     28.65974700	      0.82008592	      0.00283955
     28.68911200	      5.14696357	      6.95206922
     28.69954600	     -3.91036238	     -6.97906921
     28.72573200	      6.90856589	      9.60648359
     28.74360700	     -7.07150683	    -13.55234947
     28.82415600	    -15.85482327	    -22.24887998
     28.82813200	    -22.41956665	    -38.95512744
     28.83821200	     -3.66501234	     -9.35313447
     28.85979300	      3.63116172	      5.47079206
     28.87172100	      3.00867562	      4.62025553
     28.88176600	      1.47616164	      1.35378726
     28.89178400	      0.34237244	     -1.81334745
     28.90374800	      2.38073470	      3.03207125
     28.91380500	      2.20862844	      2.79295627
     28.92178100	      0.16130284	     -3.20216794
     28.94065700	      0.37666193	     -3.41489232
     28.97962800	      1.92060238	      1.90044051
     28.98794400	     -1.14068762	     -8.45077884
     29.00617900	      3.70375775	      7.37916569
     29.01260000	     -0.29925300	     -6.18857695
     29.02129200	      1.51544115	     -0.15865300
     29.03801700	      1.74972901	      0.64671282
     29.05474900	      2.45308254	      3.04534768
     29.08858700	      0.53174701	     -3.30017180
     29.09701600	      0.70170242	     -2.33578548
     29.10492100	      3.87034264	      7.67080477
     29.12300200	      0.90388806	     -1.77051362
     29.13807400	      3.26445973	      5.27317738
     29.17413800	      0.45602466	     -2.71674016
     29.18834600	      2.42220358	      2.88258261
     29.20667200	      3.69206787	      5.71042291
     29.23124000	     -0.18224314	     -3.25801536
     29.24228000	      5.02125187	      8.76994671
     29.26069300	      0.68462883	     -1.22599511
     29.27691400	      3.29832776	      4.33128975
     29.29139200	     -2.84983558	     -7.31907171
     29.30033600	      6.38920428	     10.65772539
     29.31607200	      1.41199436	      0.62538606
     29.33158100	      1.19859427	      0.62861524
     29.34249900	      2.55318226	      2.97848646
     29.40116700	     -1.46995678	     -3.84327734
     29.42269500	     -3.35559578	     -5.24329659
     29.43006300	     11.70792590	     16.89347870
     29.45505200	     -4.01155801	     -6.76231804
     29.47146200	      8.93637508	     11.25101742
     29.48877100	     -7.21804584	     -9.85482980
     29.49525700	     13.88968842	     17.86357677
     29.50487400	     -5.22457587	     -7.03378251
     29.51227900	     13.24566761	     16.10712035
     29.52970900	    -10.16851352	    -12.86233338
     29.53810500	      2.41972178	      2.84294325
     29.54884500	      7.31569080	      8.21683989
     29.56995700	      1.40596082	      1.30748119
     29.59026800	      2.24894746	      2.32063645
     29.60730000	      0.34326993	      0.46283863
     29.62125500	      5.66543558	      5.88607770
     29.63828300	      0.44413207	      0.64336465
     29.65482300	      7.29716814	      7.13483137
     29.67158600	     -8.95987871	     -7.77109581
     29.67970200	      9.85869136	      9.71078086
     29.69092200	      5.03189026	      4.91621434
     29.70638900	      3.03132772	      3.12593330
     29.72406600	      2.52721918	      2.64187342
     29.74107700	     -1.08857205	     -0.22031984
     29.75449600	      6.62923016	      6.03716178
     29.77157400	      1.63255702	      1.93180349
     29.78825000	      2.71800862	      2.81588739
     29.80484000	      4.00757074	      3.71858280
     29.82145000	     -3.62321148	     -1.82824606
     29.83339800	      7.64716212	      6.42216787
     29.92193600	      5.36423078	      4.83632295
     29.93803100	     11.37762416	      8.64630920
     29.95472500	    -23.00635991	    -14.12515867
     29.96170500	     35.77652168	     25.29595749
     29.97775100	    -29.71315904	    -18.38556073
     29.98715000	      2.90919803	      3.33537411
     29.99568000	     -2.67890576	     -0.19979771
     30.00462900	     31.11185038	     20.35597434
     30.02201900	    -29.53656163	    -16.68234860
     30.03118000	      9.01591168	      6.80922144
     30.04191200	     29.34491946	     18.09698422
     30.07351300	    -10.57853060	     -5.00485627
     30.09009600	     22.44484964	     13.51175956
     30.10703200	    -39.50192236	    -20.30245426
     30.11269000	     50.04510237	     29.01361980
     30.12517600	     -2.43008755	     -0.49195431
     30.13938800	     -7.56912502	     -3.02462304
     30.14796800	     17.55802384	     10.28863561
     30.16272700	     17.37722498	      9.91514142
     30.20749900	     -4.95677201	     -1.75416937
     30.21601200	      7.63801855	      4.79167089
     30.28981600	     -1.67540362	     -0.10641615
     30.30055700	     12.31642307	      7.07335036
     30.32722900	     -6.17352005	     -2.45178102
     30.33769800	      8.80758411	      5.21244633
     30.35632700	     -2.22740118	     -0.44824589
     30.36913800	      2.18332703	      1.79935127
     30.42104300	     -1.67577745	     -0.17572124
     30.43770100	      2.37579879	      1.88160410
     30.44577800	      5.76441968	      3.59734612
     30.45419400	      2.47657943	      1.92732602
     30.47184300	      2.68967633	      2.03569139
     30.48008800	      2.96154846	      2.17476239
     30.48773600	     -4.70030283	     -1.71511123
     30.50983500	      7.96699906	      4.72888377
     30.51227300	      0.83554509	      1.11004709
     30.53831300	      7.21785910	      4.34694818
     30.55493200	      0.40403889	      0.88610205
     30.57166100	      0.47291580	      0.92212090
     30.61339300	      1.35378993	      1.37395197
     30.68390200	      1.79617248	      1.60238194
     30.71092700	      1.38560597	      1.39463296
     30.73766400	      1.12830198	      1.26450020
     30.74986100	      0.31007330	      0.84667738
     30.75854700	      1.37923317	      1.39203475
     30.77095000	      2.13990764	      1.77894177
     30.78752600	      0.43193622	      0.90636881
     30.79567500	      2.53861850	      1.97969207
     30.81950800	      0.88376104	      1.13470164
     30.83761200	      1.67341998	      1.53656761
     30.84173700	      3.03377772	      2.22936554
     30.85427300	      1.41995749	      1.40640221
     30.87161100	      1.77081226	      1.58508811
     30.88776200	      1.35778687	      1.37454288
     30.90448600	      1.28264632	      1.33594301
     30.91396900	      1.80669704	      1.60250809
     30.92572300	      1.54684166	      1.46969246
     30.93893000	      1.81368547	      1.60529828
     31.00565900	      1.69541927	      1.54473794
     31.01315400	      2.22003122	      1.81140037
     31.03875200	      0.88666868	      1.13183886
     31.04587800	      1.71642339	      1.55388233
     31.05418500	      2.15156277	      1.77481439
     31.07138300	      1.13272366	      1.25564868
     31.07838900	      2.01763588	      1.70570838
     31.10445500	      0.87732924	      1.12497109
     31.11323800	      1.83813918	      1.61343166
     31.13487100	      1.14926250	      1.26214692
     31.15161000	      1.75846879	      1.57121200
     31.16649700	      1.27360648	      1.32396145
     31.18217400	      2.29295728	      1.84154919
     31.20666500	      0.47675214	      0.91764706
     31.21510700	      3.41304401	      2.40812372
     31.23933100	     -0.41146368	      0.46384996
     31.24612000	      2.28635848	      1.83274976
     31.25455900	      3.06964604	      2.22824965
     31.27229300	      0.35563647	      0.84967541
     31.28066200	      3.11697469	      2.24886118
     31.29094700	      1.96992874	      1.66610236
     31.30487600	      2.15038012	      1.75755770
     31.31311000	      1.47878470	      1.41739979
     31.35683200	      1.90198238	      1.63265152
     31.37644200	      1.71722505	      1.54000229
     31.39021700	      2.40123829	      1.88889644
     31.40056200	     -0.63738268	      0.34764389
     31.41968800	      3.58206159	      2.49250295
     31.42531400	     -0.58242572	      0.37835863
     31.43815400	      1.37203435	      1.37174061
     31.45497300	      1.99304877	      1.68878141
     31.46162500	      0.88393417	      1.12570124
     31.48636400	      1.33470761	      1.35538201
     31.54091100	      1.26560798	      1.32058374
     31.54803800	      1.20689661	      1.29086572
     31.57082900	      1.71311959	      1.54847309
     31.57935400	      1.37684923	      1.37756559
     31.59084500	      1.46969399	      1.42489890
     31.60614900	      1.34661005	      1.36225553
     31.61498700	      1.59304203	      1.48748211
     31.62411800	      1.52176657	      1.45110095
     31.63848500	      1.28999942	      1.33298447
     31.64852400	      1.22530118	      1.29974560
     31.65836600	      1.52105408	      1.44961399
     31.69157100	      1.95921176	      1.67157878
     31.75588300	      1.66793221	      1.52277006
     31.76485400	      2.46028629	      1.92399000
     31.79031100	      0.89046763	      1.12502965
     31.80684600	      1.74505168	      1.55768759
     31.82268500	      0.39731150	      0.87231311
     31.83233300	      3.00508532	      2.19363992
     31.85784900	      0.34981486	      0.84495337
     31.86752100	      2.78704650	      2.07932289
     31.88814400	      0.45871015	      0.89814653
     31.89615700	      2.00687862	      1.68203028
     31.92197000	      1.08099935	      1.21217494
     31.93903200	      2.14390188	      1.75050311
     31.94595600	      1.20561777	      1.27542162
     31.97169500	      1.82336290	      1.58885799
     31.97861400	      0.91354471	      1.12812522
     31.98954400	      1.49887104	      1.42482433
     32.00042500	      1.49833900	      1.42456865
     32.03922500	      1.44971275	      1.39997024
     32.04568900	      1.29487294	      1.32151717
     32.05770300	      1.53362410	      1.44240301
     32.07110000	      1.13653602	      1.24099927
     32.07936700	      1.46435909	      1.40680984
     32.09170100	      1.65877801	      1.50480531
     32.11126800	      0.94071471	      1.14044871
     32.12156800	      1.08271055	      1.21168838
     32.13097200	      1.76216323	      1.55468310
     32.14058900	      0.84124974	      1.08757444
     32.14824600	      2.63743882	      1.99550400
     32.17352200	      0.09486662	      0.70808486
     32.18027500	      1.18344719	      1.25822442
     32.22912100	      0.92772797	      1.12792695
     32.25510900	      1.24468095	      1.28767162
     32.26403900	      1.33902202	      1.33479911
     32.27411900	      2.13688039	      1.73733550
     32.29082800	      0.63030808	      0.97519111
     32.30032000	      2.57780458	      1.95829045
     32.32073300	      0.15249129	      0.73214012
     32.32906300	      2.66629919	      2.00051089
     32.34860700	      0.09327436	      0.69999777
     32.35902200	      1.52669718	      1.42227567
     32.36860100	      0.71157685	      1.00965572
     32.37764000	      2.60050516	      1.96034096
     32.40113800	      0.61976993	      0.95956236
     32.41812600	      2.06843823	      1.68775667
     32.44367500	      0.95248943	      1.12408883
     32.45917200	      1.55246057	      1.42484940
     32.47071300	      0.79302451	      1.04167122
     32.47748700	      2.45900585	      1.87902335
     32.50261900	      0.62288998	      0.95447448
     32.51022100	      1.57918749	      1.43522787
     32.53453400	      1.23946724	      1.26403754
     32.55968500	      1.59798730	      1.44406519
     32.57261800	      1.53516511	      1.41238636
     32.59800800	      1.43565270	      1.36249352
     32.62101700	      1.52718009	      1.40876163
     32.63607600	      1.44605963	      1.36829365
     32.65244700	      1.36093975	      1.32579322
     32.66915400	      1.89270853	      1.59381062
     32.67823400	      1.06293163	      1.17689510
     32.68764600	      1.00895686	      1.15006119
     32.70660000	      1.52707388	      1.41090913
     32.71603400	      1.30219075	      1.29779638
     32.74784400	      1.59858001	      1.44697784
     32.77150900	      0.85744042	      1.07395355
     32.77758500	      1.33933143	      1.31607932
     32.78675900	      1.70362193	      1.49866771
     32.82237000	      1.06527214	      1.17673511
     32.83739600	      0.95305897	      1.11976899
     32.84662600	      2.45366958	      1.87352344
     32.87086900	      0.27168366	      0.77556377
     32.87877000	      2.44903967	      1.86884248
     32.89631700	      1.05649661	      1.16765405
     32.92460300	      1.25454304	      1.26598145
     32.93880200	     -0.34621837	      0.46155840
     32.94461600	      3.11014211	      2.19556021
     32.96842900	     -0.65934628	      0.30164413
     32.97813900	      2.05265817	      1.66129828
     33.00375500	      0.50761478	      0.88441621
     33.02041200	      1.63985728	      1.45066162
     33.04250000	      1.03517444	      1.14577292
     33.05752700	      0.27148636	      0.76213978
     33.06600300	      3.43811812	      2.34579287
     33.08801800	     -0.59218509	      0.32644142
     33.09657900	      2.49341615	      1.86892554
     33.12074400	      0.38863362	      0.81399316
     33.13727800	      1.78549539	      1.51110734
     33.15543300	      1.27610157	      1.25504475
     33.17145300	      1.46041527	      1.34610592
     33.19629500	      1.60635519	      1.41807815
     33.22061200	      1.06331527	      1.14613908
     33.22735800	      2.47318119	      1.84942184
     33.23700800	      1.58678748	      1.40618742
     33.25167800	      1.35526702	      1.29021956
     33.26698900	      1.41292931	      1.31856904
     33.28286000	      1.31330121	      1.26844045
     33.29880800	      1.53339639	      1.37788593
     33.31468700	      1.24414878	      1.23328380
     33.32651100	      1.57150560	      1.39644572
     33.34854800	      0.97338264	      1.09752610
     33.35755800	      1.75553958	      1.48732017
     33.37393700	      1.20265134	      1.21092542
     33.38971400	      1.48457459	      1.35109279
     33.44038100	      1.17797455	      1.19761504
     33.45509700	      1.49471798	      1.35511965
     33.46967000	      1.41120697	      1.31310937
     33.47818800	      1.53200322	      1.37321406
     33.49025400	      1.41798413	      1.31630954
     33.53668600	      1.39476839	      1.30474409
     33.54461400	      1.36785950	      1.29133536
     33.56798400	      1.32909801	      1.27195703
     33.58327900	      1.44573453	      1.33005042
     33.60040200	      0.96741983	      1.09137629
     33.60904200	      1.49819769	      1.35571949
     33.62369500	      1.29031486	      1.25156684
     33.63879000	      1.16325040	      1.18766563
     33.64875200	      1.53953023	      1.37468652
     33.66452100	      1.75232667	      1.48023556
     33.68913500	      1.13511549	      1.17216377
     33.69611800	      2.35612510	      1.78008200
     33.71212300	      0.59743345	      0.90330384
     33.71815000	      1.93685692	      1.57034977
     33.72712100	      1.71113596	      1.45758062
     33.75390200	      1.36251655	      1.28363916
     33.77220700	      1.40232540	      1.30318157
     33.78965300	      1.15084932	      1.17766305
     33.79714400	      1.49745043	      1.35006569
     33.80805000	      1.42315104	      1.31278034
     33.82447000	      1.38640271	      1.29425607
     33.84021900	      1.09593914	      1.14934616
     33.84830500	      1.60354639	      1.40184451
     33.87112200	      1.11740994	      1.15946198
     33.88236400	      1.39545172	      1.29768540
     33.90534300	      1.38924348	      1.29431668
     33.94424300	      1.33718741	      1.26814537
     33.96827100	      1.36148212	      1.27999228
     33.98669400	      1.28045849	      1.23945176
     33.99263600	      1.59664716	      1.39672440
     34.00797000	      1.18167682	      1.19002824
     34.01674200	      1.46139745	      1.32917732
     34.03232200	      1.32359638	      1.26054276
     34.04090500	      1.32379975	      1.26065345
     34.05647000	      1.36252040	      1.27992809
     34.10528700	      1.21436889	      1.20614888
     34.11326800	      1.26827951	      1.23285045
     34.12424800	      1.61457041	      1.40501995
     34.14273900	      0.87892280	      1.03863612
     34.14979400	      1.59737592	      1.39588120
     34.17289400	      1.02854282	      1.11226882
     34.18930200	      1.45659412	      1.32473555
     34.20512800	      0.95284101	      1.07349812
     34.21370400	      1.58219496	      1.38603182
     34.24854200	      0.97361349	      1.08270052
     34.26419600	      1.24506593	      1.21722989
     34.27452500	      1.58466179	      1.38560514
     34.29808100	      1.22595328	      1.20676717
     34.31435800	      1.20958406	      1.19827063
     34.32279500	      1.53228779	      1.35839484
     34.33085900	      1.38327701	      1.28407954
     34.34013700	      1.39137083	      1.28789626
     34.35631900	      1.31759269	      1.25094323
     34.37450900	      1.37878841	      1.28107954
     34.39227400	      1.30770410	      1.24554652
     34.40687400	      1.36815051	      1.27542169
     34.45516000	      1.20690899	      1.19509827
     34.47132100	      1.24467365	      1.21356510
     34.48237200	      1.49209805	      1.33620911
     34.50412300	      1.26575829	      1.22347535
     34.52290000	      1.32769870	      1.25402102
     34.53744200	      1.34588120	      1.26284041
     34.55508600	      1.31267158	      1.24611435
     34.56946500	      1.34656968	      1.26276127
     34.57947800	      1.39200833	      1.28521849
     34.60054400	      1.27499575	      1.22694001
     34.61554800	      1.38799443	      1.28293605
     34.63156300	      1.27562299	      1.22701898
     34.64049800	      1.38622663	      1.28189339
     34.65673700	      1.28490015	      1.23149807
     34.67228600	      1.33450281	      1.25605411
     34.69666000	      1.33310807	      1.25528160
     34.72155000	      1.25239985	      1.21508768
     34.73104400	      1.35637129	      1.26660461
     34.75072900	      1.31789917	      1.24733724
     34.76754800	      1.19409657	      1.18565633
     34.77502300	      1.56632170	      1.37034619
     34.79016800	      1.16640729	      1.17157838
     34.80092000	      1.29835867	      1.23695923
     34.81000300	      1.44425512	      1.30925147
     34.83298700	      1.23215753	      1.20373006
     34.84914300	      1.37296092	      1.27344386
     34.86498700	      1.17327701	      1.17407187
     34.87429900	      1.43534190	      1.30397542
     34.88985300	      1.20908733	      1.19134649
     34.90099900	      1.36812001	      1.27004927
     34.91576400	      1.35503435	      1.26325634
     34.93628400	      1.33948535	      1.25526251
     34.95590100	      1.24364577	      1.20745001
     34.97044500	      1.35252040	      1.26121356
     34.99422000	      1.38765755	      1.27834663
     35.05691800	      1.28519625	      1.22720027
     35.07343300	      1.38322130	      1.27556198
     35.09033900	      1.32144216	      1.24473294
     35.10832000	      1.25942702	      1.21379347
     35.12214100	      1.34733088	      1.25721385
     35.13776200	      1.29646212	      1.23177291
     35.17365800	      1.36346735	      1.26484217
     35.20192200	      1.08100689	      1.12442168
     35.21058500	      1.53763082	      1.35053281
     35.23670500	      1.09949076	      1.13264693
     35.25333400	      1.13609609	      1.15029948
     35.26285600	      1.55669573	      1.35838202
     35.27355500	      1.14083687	      1.15167278
     35.29073000	      2.58571684	      1.86771267
     35.33040500	     -1.08213373	      0.05008714
     35.37199600	      4.87364848	      3.01091876
     35.40783400	      0.65770387	      0.93318991
     35.42995800	     14.32352798	      7.78023595
     35.43490700	    -12.13634737	     -5.36690678
     35.44610400	     -0.23271286	      0.52056681
     35.46255200	     12.31308516	      6.90064881
     35.47422200	      9.65329716	      5.73245295
     35.48689600	    -16.66460697	     -7.74568743
     35.50389200	     39.07376174	     21.41004972
     35.51351300	    -20.59340966	     -9.49744412
     35.53615000	     16.26394912	      9.55843845
     35.55303200	     35.33800815	     21.44303335
     35.56190800	    -39.75543028	    -20.40832779
     35.58777000	     38.31174844	     23.40246369
     35.60324300	     -3.56428798	     -0.14916419
     35.62056400	     -4.40089721	     -1.58392596
     35.63730900	     42.88235511	     32.12986207
     35.64620600	     -8.33232597	     -0.63964183
     35.65502200	     -2.86281923	      3.65468293
     35.66978800	    -47.69749774	    -37.76767141
     35.68339000	    103.70431325	    118.02205384
     35.68727500	   -129.46631455	    -89.65851470
     35.70469800	    104.72822238	    108.46672224
     35.71408300	     43.08267724	     69.22925260
     35.79517600	     44.20955189	     57.47475356
     35.80432200	      9.38083760	     23.44683160
     35.81099300	    -22.26667680	    -25.04864968
     35.83760800	     11.09903429	     17.90847968
     35.85665200	      6.59444493	     20.49417777
     35.86331600	    -15.28943236	    -28.95913551
     35.87252700	     -8.31842366	    -23.22029380
     35.89687200	      3.70593598	      6.80376710
     35.90984700	     -0.46797692	     -5.45521437
     35.93112700	      2.00709284	      1.46463100
     35.94698400	      0.87698668	     -1.91208786
     35.96373900	      2.09442232	      1.97801519
     35.98689800	      0.98640674	     -1.11846415
     36.00323500	     -1.95458976	     -6.77352422
     36.01444100	      5.33843744	     10.64320421
     36.03133800	     -0.13042680	     -2.18627403
     36.04690000	      2.94984485	      4.38034343
     36.06253000	      0.69025010	      0.34083772
     36.07874000	      1.27008277	      1.04532382
     36.09109600	    -16.63345361	    -22.42988986
     36.09833200	     15.45663879	     24.56835144
     36.11358700	      7.13967995	      8.50247849
     36.16453700	      4.93285566	      5.76048325
     36.18988900	    -18.11656040	    -14.71854315
     36.19733600	     36.69960158	     42.44031955
     36.21427900	    -40.66369129	    -38.49420451
     36.22318900	    -30.27493381	    -20.67419703
     36.23013600	     66.32579815	     61.24680525
     36.24864700	    -68.05841550	    -52.05376439
     36.25641400	     25.34671952	     24.10262515
     36.27939800	    -27.29433347	    -19.20508503
     36.29477900	    -19.11359319	    -10.75784107
     36.30322600	     15.49545325	     13.01941570
     36.31358700	     21.84808952	     15.74750305
     36.33060500	     -0.19294167	      0.99587764
     36.34754900	     -4.66449090	     -1.50077544
     36.36206900	      6.24211222	      5.05707628
     36.37996800	     -0.80420786	      0.64418267
     36.39493800	    -17.99820447	     -8.39644413
     36.40631800	     40.10737635	     23.13240402
     36.42090000	    -70.55606565	    -35.75681205
     36.42813500	     34.61075832	     20.40965413
     36.46272000	    -58.28221128	    -29.08845507
     36.47416000	     39.91315117	     21.23308168
     36.52381000	     -6.65297632	     -1.73771625
     36.52934200	     69.67002230	     35.73952267
     36.54701200	    -18.22661669	     -8.42117051
     36.56362500	      7.99518878	      4.50748457
     36.57270500	     10.39243439	      5.61005141
     36.58101800	     -0.02239034	      0.50766762
     36.58694700	     12.61133280	      6.64162760
     36.60403500	     -0.16967445	      0.40423975
     36.62297700	      1.49792991	      1.21346451
     36.64186200	      4.92068583	      2.87788810
     36.64702600	     -2.78507184	     -0.86533131
     36.66992600	     10.71373420	      5.71008175
     36.67974300	      4.26463007	      2.59439289
     36.69130400	     -5.25430094	     -2.04361954
     36.71867300	      8.64099112	      4.77890459
     36.73577000	      0.10981829	      0.63111377
     36.75388800	      7.25316624	      4.21794607
     36.78623500	      4.55295890	      2.88560342
     36.80494900	     40.71487425	     21.64795553
     36.81151700	    -28.48345485	    -13.19226060
     36.82268400	    -31.87799701	    -15.61548810
     36.88564500	     14.87833098	      8.61653130
     36.90245800	     10.89925894	      7.03997328
     36.91743100	    -21.86793260	    -10.95798376
     36.93439800	     46.18561781	     27.91849792
     36.94310900	    -63.57265163	    -34.53953856
     36.95948400	     61.61029200	     38.44591193
     36.96881700	    -53.17152679	    -30.22388982
     36.98764600	     51.31236964	     34.46785613
     36.99923900	    -47.56389071	    -29.71009700
     37.01893200	     63.04104605	     47.27647032
     37.02718700	    -14.97737978	     -5.50200412
     37.03785200	    -17.31386263	    -10.32992515
     37.05236400	     -5.36808553	     -2.25701521
     37.07123800	      4.47741475	      5.43057179
     37.08597900	     16.83967853	     22.88521005
     37.09587600	    -41.97456430	    -44.75050235
     37.11890600	     31.18315005	     43.79569337
     37.12739900	    -32.10945305	    -40.03538968
     37.15222100	     29.34098686	     45.05457683
     37.16006200	     -5.71514875	     -5.95482421
     37.18437800	     -0.28042086	     -1.96033841
     37.23544400	     -0.00172831	     -1.65854914
     37.25468700	      2.97373441	      3.94352130
     37.27158600	      0.99142431	     -0.33162327
     37.28992100	      3.69188320	      5.80028731
     37.30205600	      2.78966581	      4.32327566
     37.31128200	     -1.51078650	     -7.20454212
     37.32292000	      1.91233519	      1.31383436
     37.33223400	      0.44819846	     -2.83402009
     37.33803900	      2.67913833	      3.30265382
     37.35061500	     -2.47840520	    -10.65806889
     37.35514800	      3.20108942	      5.08620833
     37.38528300	     -2.79577737	    -10.72419958
     37.39361200	      4.53156130	      8.50575594
     37.41865900	     -0.80280305	     -5.15246604
     37.43848000	      1.47169467	      0.51180598
     37.45196300	     -9.15735914	    -18.69184592
     37.46019900	     10.13137888	     20.25505314
     37.48513700	     -7.71761238	    -14.87596167
     37.50202300	      7.86696374	     11.79961251
     37.51856600	    -18.97996485	    -25.31645291
     37.52696100	     -1.61633654	      2.65863732
     37.53526600	      8.56655954	     13.98164612
     37.59599700	     -9.50718932	    -11.04697575
     37.61904100	    -15.66583794	    -12.96490895
     37.62776400	     13.14801492	     16.34439238
     37.63853100	      1.39057094	      3.52795805
     37.65221100	     33.84298938	     30.06891840
     37.68349600	    -32.80319819	    -23.00501561
     37.69170000	     29.12871360	     26.16588235
     37.71601700	    -15.74001852	    -10.77497362
     37.73723500	     -1.20152613	      0.82861298
     37.75072200	    -20.23800489	    -11.14362638
     37.76036800	     -9.19887343	     -2.73675597
     37.76959500	     29.59031480	     20.58560324
     37.78527100	     11.65218521	      8.03057254
     37.80970000	    -29.73077861	    -15.63440675
     37.82085700	    -47.55657879	    -23.32781391
     37.82794700	     48.45736925	     28.87588330
     37.83811800	     55.78180058	     30.43446059
     37.86135000	    -29.66828332	    -14.17325976
     37.87142300	     25.53522675	     14.11118510
     37.88260700	      1.57576936	      1.63542568
     37.89394100	     20.86661326	     11.13631687
     37.91895100	     -6.64222351	     -2.70169495
     37.95282000	     -5.75345507	     -2.27879217
     37.96726000	    -28.49648377	    -13.27574743
     37.97163400	     16.55251751	      8.78799847
     38.00140900	    -24.09431066	    -11.24607547
     38.01270600	     13.27277528	      6.96323184
     38.02154600	      5.64965561	      3.24210095
     38.03753000	      4.83392569	      2.84618968
     38.04724400	     15.61151105	      8.10977544
     38.05503800	     -0.48944025	      0.28753737
     38.07339500	     -4.39457709	     -1.62844738
     38.11924500	      3.86719049	      2.45182646
     38.13768800	      6.06532600	      3.57076649
     38.15177800	     15.46582860	      8.36234499
     38.16313500	    -21.70164444	    -10.14617493
     38.18934600	     26.58069549	     14.18801317
     38.20176900	    -16.04326192	     -7.32602722
     38.21900000	     20.02102735	     11.29981354
     38.23465500	    -24.60920834	    -12.09567684
     38.25189300	     63.54521205	     36.09761599
     38.25919600	    -40.43783357	    -19.64347945
     38.28514200	     49.36401604	     28.68345836
     38.29969300	     19.18491999	     13.56539718
     38.30944100	    -32.59948648	    -17.36339028
     38.33317700	     11.26402459	      7.97975943
     38.38009400	     21.96181290	     15.14751185
     38.39770000	     43.11825520	     35.23005317
     38.40471500	    -47.75424437	    -28.75396349
     38.41424900	     -9.12030483	     -4.04390919
     38.42686400	    -26.66282800	    -20.11980720
     38.45065700	     37.45119272	     34.97792238
     38.46005700	      5.52313282	     10.70347903
     38.46810100	    -31.00158178	    -27.36822083
     38.48220200	      4.08225650	      5.04075011
     38.49818100	     -3.14240980	     -2.93399369
     38.51579300	      3.24132364	      4.21310179
     38.53690100	     -1.02118259	     -2.21053342
     38.55536000	     12.49187569	     20.63481857
     38.56425600	    -16.74547541	    -25.82184708
     38.58647200	     17.02286326	     29.55459387
     38.59679200	     -5.59406332	     -9.84057785
     38.61306800	      3.35669795	      4.97895947
     38.62851100	      4.28782158	     10.43496882
     38.63888300	     -5.92343769	    -17.69402616
     38.65514500	      6.80112359	     17.47042439
     38.66364100	     -1.13911944	     -5.97329863
     38.70532600	      4.18757563	      9.39697503
     38.71410800	     -1.11699956	     -9.46317568
     38.72296000	      0.22913232	     -4.76386246
     38.76889700	      1.00850106	     -1.94492945
     38.78751300	      0.37670752	     -3.43556259
     38.79537100	      2.85243864	      4.88600411
     38.80565200	      2.10046237	      2.19421763
     38.81924700	      2.90032532	      4.36568663
     38.83540200	     -1.45540309	     -7.21751924
     38.84573600	     -0.03798508	     -2.04376796
     38.85511000	     -1.88484652	     -5.03418462
     38.86397900	      6.17771689	     12.92378591
     38.88055600	      5.39091525	      8.41487371
     38.92083000	     -1.53547217	     -4.47908720
     38.93682700	     -5.03674971	     -7.67863479
     38.94738800	      7.95758991	     13.05951335
     38.96333800	      8.05035090	     10.51029063
     38.98774100	     -2.87713233	     -3.75823873
     39.00421200	      8.14937827	      9.73431319
     39.02079900	    -30.03883093	    -31.00857570
     39.02848700	      3.85553845	      9.74569477
     39.06150900	      3.63395715	      4.45114966
     39.11949900	     -0.26632355	      1.27885060
     39.13537800	    -13.56894365	     -9.44912195
     39.14717100	    -19.69794572	    -10.91133850
     39.15750900	     36.72139859	     30.71000746
     39.17146200	    -37.37124734	    -22.75710056
     39.18225800	     66.62546596	     46.45067113
     39.20209500	    -77.63221647	    -44.54445876
     39.21131200	     47.13886900	     31.87354736
     39.22029600	    -95.41983971	    -49.37742667
     39.22664200	    101.80636991	     60.83201935
     39.23752900	     -1.18341737	      0.57315864
     39.25167700	     39.49671372	     21.78939008
     39.26814900	    -51.39986904	    -25.06138587
     39.27615000	     38.84802575	     21.02111932
     39.30004700	    -23.20572080	    -10.98873082
     39.32036200	     15.82849716	      8.49882511
     39.34062700	    -12.30377893	     -5.45990096
     39.35187700	     13.99831803	      7.45200502
     39.36967100	     -0.98553766	      0.03978611
     39.38654400	      4.79648248	      2.84608897
     39.40185800	      3.79542749	      2.33854882
     39.41877300	      3.18787985	      2.03615294
     39.43631200	      2.55442420	      1.72932789
     39.45514600	      2.29963618	      1.61094364
     39.46991400	      6.94058812	      3.88659736
     39.47922500	     -1.33139248	     -0.13291575
     39.50136600	      3.33501533	      2.14863292
     39.51831200	     13.86897626	      7.37036201
     39.52677700	     -6.63988407	     -2.67098843
     39.53898500	      6.60799668	      3.86585389
     39.55212400	     -0.90949077	      0.19595652
     39.58481900	     -4.45960744	     -1.60957325
     39.63548200	      9.43170325	      5.56487312
     39.64956500	     -5.01162334	     -1.70647494
     39.66894500	      0.35410786	      1.02082317
     39.70402400	     19.73490949	     11.22793512
     39.72015800	     29.14974027	     17.63431945
     39.73043800	    -58.83866854	    -31.19084750
     39.74740000	     57.18829917	     34.98465488
     39.75701700	    -97.38931155	    -55.81243859
     39.77449500	    178.00111497	    115.31925921
     39.77890700	     95.65789410	     75.79038981
     39.86298400	     69.77160577	     47.78356556
     39.89042500	    -10.52247751	     -5.34916561
     39.91796800	     10.41119619	      8.27338680
     39.93913700	     35.88143139	     34.58300278
     39.94932100	    -33.88758736	    -21.93505015
     39.96467400	    -12.09029881	    -10.47854424
     39.98434400	     18.40010613	     25.76372865
     39.99498500	    -11.29113099	     -6.99338536
     40.00540000	      1.57723795	      9.77162775
     40.01696600	    -24.44489255	    -37.93336931
     40.03458200	     14.93096602	     29.55656060
     40.04200900	     -9.51881818	    -17.33095970
     40.06693100	     11.58736990	     23.44195320
     40.08160300	     -1.18683543	     -4.63918651
     40.09705100	      5.12555413	     11.40516617
     40.10730000	      3.62586662	     10.89376109
     40.11390100	     -5.78362827	    -21.43497038
     40.12237000	     -1.53791848	    -10.81705869
     40.13774000	      1.73861706	      0.64718889
     40.16923000	      1.44791706	     -0.45028779
     40.17995900	      1.43418588	     -0.35222067
     40.19583600	      3.22127433	      5.88490867
     40.22237300	      0.81460956	     -1.95126194
     40.24138500	      0.87845648	     -1.98506976
     40.25305900	     -8.44450498	    -24.44431507
     40.25937400	     11.54952248	     30.61721446
     40.27459800	    -10.06797972	    -25.89539738
     40.28466400	     11.28361197	     24.20098634
     40.30156500	    -14.34291286	    -28.31213009
     40.31037400	     -0.05422602	      3.33838487
     40.31976900	     12.33064533	     21.14408567
     40.35480100	     -7.37116213	    -11.87994404
     40.37078800	     -6.45789746	     -6.67567270
     40.38134400	     14.48918972	     19.38123726
     40.40015200	     -8.62087940	     -9.17301794
     40.41604300	     12.36520147	     14.04381066
     40.43822600	    -14.32273738	    -12.40871885
     40.45203900	      9.49006866	     10.72144661
     40.46987000	     -0.96931906	      0.40695218
     40.48645900	    -20.52367788	    -13.24138024
     40.49713600	    -10.37236481	     -3.35141666
     40.50656000	     23.81612928	     19.95429290
     40.53184700	     27.77258707	     19.13823038
     40.61789500	    -14.68939004	     -5.42744361
     40.62749500	      3.80501246	      6.07915329
     40.63749700	     39.88775533	     25.27356303
     40.65294300	     -4.66685035	     -1.22654461
     40.66951300	     16.23221704	      9.89818737
     40.68606900	    -34.71929315	    -16.79031243
     40.69537400	     13.05815828	      8.36666708
     40.70489200	     44.94217275	     23.82141705
     40.72103900	     -5.86438544	     -2.26320677
     40.73690700	      5.16920613	      3.26877835
     40.75184400	      4.48507338	      2.83944593
     40.76808500	      4.21799265	      2.65229123
     40.78463000	      3.55296196	      2.28315042
     40.80106300	      3.89819305	      2.42221016
     40.81690200	      2.91497661	      1.92476833
     40.82690400	      4.45373707	      2.66665124
     40.85878100	      1.23896076	      1.10026513
     40.87483100	      5.72508459	      3.29210817
     40.88429300	      8.77957723	      4.79845243
     40.89181400	      4.02881006	      2.49998292
     40.90104700	     -0.86596854	      0.11994865
     40.91761300	     -4.91205856	     -1.86624471
     40.96766100	      6.38539085	      3.73397643
     40.98657200	      0.11842237	      0.67061997
     41.00554700	     17.60711171	      9.52184124
     41.02005400	     -0.88851894	      0.43628881
     41.03828000	     11.50922791	      6.73732277
     41.05160000	     56.72513639	     31.65401999
     41.05926300	    -20.30767121	     -8.28911338
     41.06845500	    -22.45781185	    -10.35645642
     41.08445600	    -41.23567893	    -22.45227277
     41.11582800	     37.44258929	     25.28674693
     41.12395600	    -35.02107593	    -18.00266501
     41.13518800	    -14.35374841	     -7.30317289
     41.15165300	      6.29906908	      5.83810915
     41.16516300	     18.94744036	     16.60284363
     41.17600300	    -49.40524215	    -34.84289716
     41.19973300	     49.20859311	     42.59438273
     41.20809200	    -27.74695533	    -18.31684130
     41.23251800	     11.85023553	     10.92137411
     41.25830000	     12.30156505	     14.17137049
     41.26911400	      3.28959844	      7.42781908
     41.27966400	    -31.57815900	    -34.78397546
     41.30340200	     28.77658201	     39.90325971
     41.31108100	    -17.71845548	    -18.33360359
     41.32119200	    -18.31772234	    -27.38999810
     41.34472300	     13.47878044	     22.95632584
     41.35423900	     -6.45190830	     -9.91354363
     41.37171500	     -4.27853951	    -10.89564817
     41.40304100	      4.55872091	     10.58812151
     41.41210200	     -6.49628938	    -16.32572162
     41.42730000	      4.44297157	      8.71371753
     41.44135400	     -2.15970390	     -9.86812851
     41.46297500	      5.47323616	     13.31044282
     41.47020300	     -0.31193303	     -4.71191722
     41.50073700	      3.61929395	      7.00011918
     41.50842100	      2.72224132	      3.90215643
     41.53475600	      1.05545927	     -1.28259843
     41.55088200	      2.44237512	      3.12844942
     41.57011200	      0.07386190	     -3.15811693
     41.58522000	      2.42252078	      3.57043134
     41.60246500	      0.76115739	     -0.29950469
     41.65119000	     -6.61102890	    -16.26512669
     41.66618600	    -15.94901243	    -24.53026159
     41.67243000	     15.58372600	     31.44410791
     41.68321700	      9.91897002	     14.85248825
     41.70309300	      2.79608526	      3.84228886
     41.73428600	     -0.76694317	     -1.85394720
     41.75283400	    -22.91710359	    -25.00169157
     41.76027200	     -6.78599216	     -2.13231308
     41.76868100	     35.57644480	     39.88525197
     41.78466200	    -52.10879949	    -44.79372926
     41.79280200	     24.87498348	     28.85017178
     41.80371300	     28.68549466	     25.28797020
     41.82817900	      0.87802266	      1.73256934
     41.85181200	     -6.07619017	     -2.78713774
     41.86926200	     -1.64454553	      0.78500245
     41.88456500	     -8.19717162	     -2.88845196
     41.89634400	     21.47534799	     15.26347578
     41.91931500	    -23.65698845	    -12.68384406
     41.93340800	    -44.31087738	    -21.75970518
     41.94207600	     33.65346668	     21.60429205
     41.97369800	    -20.39200562	    -10.01781779
     41.99785700	    -21.57854914	     -9.47570180
     42.00654700	     27.02586136	     15.24066689
     42.04980200	    -20.91917965	     -9.86209154
     42.07249500	     10.06888458	      5.64990432
     42.09182900	     -2.35174366	     -0.56634067
     42.10442400	      8.70888834	      4.88728302
     42.12037100	      0.15415559	      0.64270940
     42.13075500	      8.58640087	      4.79431517
     42.14014600	      4.07674017	      2.57177632
     42.15568500	      1.38429967	      1.24802494
     42.17027300	      8.40727218	      4.73592240
     42.18135700	     -8.62173720	     -3.68414019
     42.20038500	     22.51708074	     11.83559273
     42.20878200	     -4.93020743	     -1.75676862
     42.22345000	     -7.67322004	     -3.20722780
     42.24383100	     23.82900475	     12.88039795
     42.25380200	     -9.30149521	     -3.82896175
     42.27046200	     -7.55023219	     -3.13420448
     42.30417400	     19.18779888	     10.97035144
     42.31931000	     13.12745858	      8.48796862
     42.33700600	    -18.56717547	     -9.37104614
     42.35261800	     89.59861863	     55.80169067
     42.35864400	    -74.12528295	    -37.85561394
     42.36756000	    -53.37466737	    -30.71587748
     42.40033000	      6.12226552	      4.74937176
     42.41917600	     54.28419260	     42.56134022
     42.42611900	    -37.43841617	    -19.40951334
     42.46868900	     53.77303495	     42.78066669
     42.47996200	      5.38032654	      8.70739751
     42.48866500	     16.72907318	     21.53185827
     42.49633800	    -49.50590610	    -41.01144773
     42.52127800	     39.38921317	     42.22847243
     42.53357900	    -24.28131367	    -24.94372941
     42.55073600	     26.45808352	     36.01776534
     42.56004800	    -11.87487677	    -10.79586035
     42.58385400	     11.98319298	     17.07999556
     42.59898000	     22.46435983	     53.95716856
     42.60419400	    -17.36757965	    -13.95032904
     42.63373000	     13.57082253	     29.59410474
     42.65269100	      0.97336441	      9.26958121
     42.65727900	    -16.55895099	    -40.90028414
     42.67251900	      3.81725342	      6.89255372
     42.69077800	      1.09489111	     -0.59415142
     42.71761200	      2.90306044	      4.46905412
     42.72373400	      5.61827420	     12.15358716
     42.75082300	     -0.72037706	     -5.54542403
     42.75786400	      6.77782213	     15.03510722
     42.78459000	     -2.93532724	    -10.81196711
     42.79137000	      5.37415779	     10.85260309
     42.81725300	     -2.49239049	     -9.33302399
     42.82941200	      4.11739146	      6.79789145
     42.85206700	     -0.19259929	     -3.26070916
     42.86811000	      1.30439223	      0.69379644
     42.88376700	      3.36121808	      4.52164511
     42.90045200	     -2.33320627	     -5.01867906
     42.91712200	     14.17701412	     22.04918934
     42.93767000	    -17.07304357	    -22.05549829
     42.94402800	     29.77824571	     46.10007164
     42.96038900	    -26.01441646	    -34.66595932
     42.96930300	     13.45818869	     19.16691261
     42.98653200	     -4.21591442	     -5.33210411
     43.00286600	     -2.68301997	     -1.48758661
     43.02042100	     35.44670754	     36.50814438
     43.07086300	     -5.72649947	      5.41614681
     43.07595100	     45.59025435	     49.11542581
     43.11792100	    -43.90180577	    -32.19666430
     43.12465700	     28.15366468	     28.49253518
     43.13456700	     41.06592811	     32.97857986
     43.16877700	    -13.39353849	     -8.47721037
     43.18493000	      3.62284819	      4.23346470
     43.20208100	      3.16959716	      3.42583532
     43.21852800	    -34.34942630	    -19.20292286
     43.22810500	    -11.66511876	     -3.38433735
     43.23695300	     53.52229906	     33.51330966
     43.25167900	    -30.66115593	    -15.71213968
     43.26285000	     22.62141391	     14.14125555
     43.27680900	     15.97216561	      9.53025102
     43.29642400	     -3.86111203	     -1.04250607
     43.31267100	     21.51968342	     11.92407113
     43.33405700	    -19.98822029	     -9.32692693
     43.34271700	     23.15096586	     12.59457178
     43.35366300	     15.08478072	      8.27267399
     43.36925100	     -9.37758550	     -4.02272080
     43.37756300	     11.21214106	      6.26514596
     43.40273100	     -0.10680374	      0.55171224
     43.43703400	      3.58742808	      2.38206608
     43.45356300	      2.73643848	      1.94845624
     43.47017100	     -0.24218922	      0.46741504
     43.51489700	      1.15217790	      1.16382371
     43.52775100	     -2.63562784	     -0.71638969
     43.54482100	     17.11015196	      9.16650089
     43.55380700	    -13.43715410	     -6.05747965
     43.56905000	     23.57855920	     12.56810359
     43.57912000	    -18.52147223	     -8.61540598
     43.60354900	     21.99688993	     11.98639366
     43.62015400	    -17.04809422	     -8.05507593
     43.63689600	     37.42478048	     20.88571136
     43.64492600	    -62.90883775	    -32.18200461
     43.65733000	     87.53419483	     48.94063091
     43.66345800	    -66.45438065	    -34.14965706
     43.68366800	     90.03036182	     51.61313845
     43.69173800	     -3.19844753	      0.69589434
     43.69949900	    -40.08100134	    -21.64196430
     43.73553000	     27.75770665	     17.65871618
     43.75133600	      2.18912571	      2.88844587
     43.76736200	    -13.50069862	     -7.66197341
     43.78545500	     40.51294526	     29.31758140
     43.79353000	    -18.66132446	     -9.67510748
     43.80353300	    -15.66794209	     -9.38762332
     43.82014400	    -10.82328359	     -7.15803086
     43.90268800	      8.76032910	      8.46736182
     43.91979600	      2.41297025	      3.64764787
     43.93447700	     26.89698296	     28.37896176
     43.94343600	     -2.96704760	      4.63804339
     43.95572100	    -51.13068778	    -55.88676945
     43.96964300	     56.21492604	     97.44428253
     43.97363600	   -107.25198936	   -112.71705820
     43.98137100	    -34.86367933	    -51.92281605
     43.99984700	    -12.13382330	    -20.86595180
     44.02005100	     18.29624497	     37.51615888
     44.02677100	    -11.82249351	    -18.69297871
     44.05080100	      9.63450745	     18.60940229
     44.06813800	      2.06942247	      4.27397841
     44.07481000	     -5.86480057	    -17.33526546
     44.09831200	      3.64225242	      5.79393037
     44.10612400	     -1.56435040	     -7.97358906
     44.11625700	      0.70619745	     -1.27154590
     44.15804800	     -4.77577707	    -14.90245279
     44.17053000	    -10.93694056	    -23.00373085
     44.17742000	      4.34477293	     11.83220399
     44.23329900	     -8.14667440	    -12.06492749
     44.24136700	     11.40429688	     21.55417226
     44.25288300	     -5.58246216	     -7.96039242
     44.26243100	    -11.56936535	    -12.46351524
     44.26999800	     18.68610524	     27.52088715
     44.28334500	     -0.44482085	     -0.30758265
     44.30001200	     10.02675486	     11.87323178
     44.32806100	     -5.38317975	     -5.23599008
     44.35133700	      1.61141034	      1.88508438
     44.36711600	    -40.13608739	    -31.82085911
     44.37494300	     10.60455901	     14.97021852
     44.40715600	     -4.99517066	     -3.20259339
     44.46192000	      8.54569307	      6.99601638
     44.48854000	    -21.78720359	    -12.28914225
     44.50202900	     19.38779182	     14.85650293
     44.51603000	    -60.49146592	    -31.78314398
     44.52582900	    168.39436251	    100.93561011
     44.54556900	   -164.03500227	    -81.90963812
     44.55018400	    149.85151276	     90.41087975
     44.56529100	    -58.24382699	    -29.90959316
     44.58110900	     22.93029972	     13.61160277
     44.58906500	     55.50639549	     29.21922272
     44.60539000	     11.53927043	      6.45607839
     44.64781300	      1.58037950	      1.42710662
     44.66352500	     -4.77553740	     -1.73761142
     44.67200300	     11.56929604	      6.37504106
     44.69679500	     -3.16346851	     -0.98278456
     44.71737300	      4.15452975	      2.63885585
     44.73313600	      3.02604796	      2.07442423
     44.74283400	      9.58551328	      5.32221418
     44.75044400	      3.06414709	      2.10411644
     44.76673100	     -1.00862740	      0.08821885
     44.78455100	     16.00243752	      8.59911563
     44.79388800	     -5.05186420	     -1.85221849
     44.81009200	      6.48411899	      3.93527467
     44.82845300	      8.02934103	      4.80718701
     44.84226200	     20.31482030	     11.46356887
     44.85805100	    -47.92512432	    -24.22201993
     44.87756500	     64.08866207	     37.31816153
     44.88388000	    -98.87773774	    -50.94941132
     44.89393000	    107.97110195	     63.28321873
     44.90025900	     67.60685491	     46.13427031
     44.98167900	     85.22727268	     52.15841123
     44.99811900	     31.42485687	     24.50218155
     45.00761300	    -84.00837427	    -52.52803706
     45.03306700	     85.32050205	     65.86264570
     45.04039500	    -25.53536299	     -8.96714633
     45.04911300	    -93.27148807	    -73.23798124
     45.06807400	     72.38239449	     75.95231091
     45.07479900	    -67.86752522	    -52.71527774
     45.08674700	    -10.46775439	    -10.76323435
     45.10050500	     20.93934197	     31.67793999
     45.10831600	    -18.96823864	    -18.41373816
     45.11778700	      3.63296790	     10.50918616
     45.12747600	    -15.65182871	    -22.45612526
     45.17011500	     13.81019778	     29.41431641
     45.17960300	     -6.86801015	    -11.21284295
     45.19072400	     -5.26158365	    -14.83250927
     45.21110100	      2.87128495	      4.89285344
     45.22702300	     -0.01378352	     -4.27751516
     45.25307200	      1.79527835	      0.81270807
     45.26028400	      1.71461097	      0.54818778
     45.27586000	     -2.66110263	    -11.96915900
     45.28644700	      7.14812642	     17.84462945
     45.33473200	     -3.00608265	     -5.05365401
     45.34431800	     15.42228696	     34.69033033
     45.36606600	    -16.41597708	    -30.53228884
     45.37503500	     15.71550975	     31.32914019
     45.40037600	    -26.45760093	    -41.33829297
     45.40953700	     -9.34524381	     -5.79700187
     45.41807600	     41.58575037	     55.93560948
     45.43439400	    -39.87554716	    -40.36308133
     45.44365100	     49.42336473	     54.47355055
     45.45298200	   -197.01356189	   -169.09860616
     45.45657700	    -36.68964016	      2.57554748
     45.48364000	   -136.43263429	   -114.31975104
     45.49389900	     16.97276957	     19.97122658
     45.51915100	    -43.66989245	    -31.32482585
     45.53591800	     13.81522485	     11.93149376
     45.55120800	    -34.63535408	    -20.25412088
     45.56124100	    -34.95911939	    -16.86909493
     45.56951200	     56.07492187	     37.28859609
     45.61054000	    -63.29043336	    -33.42387155
     45.62027200	     43.03363000	     26.43257838
     45.65310900	    -44.40327799	    -22.70085057
     45.66944100	     18.76361159	     10.90235687
     45.68426000	    -16.10954577	     -7.15618909
     45.69485500	     28.79075190	     15.44213888
     45.71105700	      7.60384905	      4.42049577
     45.73397600	      5.38867118	      3.27105081
     45.75291300	      3.40744133	      2.25301536
     45.76990200	      3.20254234	      2.13861591
     45.78480300	      2.86629677	      1.96720536
     45.79504000	      4.20516042	      2.62563088
     45.81011100	      1.11790033	      1.10886227
     45.83086100	      2.01470893	      1.55668424
     45.85169900	      0.67369663	      0.90048149
     45.87034400	      5.82561334	      3.45828080
     45.88088900	      0.56087949	      0.86641552
     45.91457400	      5.34055723	      3.24076527
     45.93242000	     10.21495531	      5.71923104
     45.94125800	     -8.88311352	     -3.79117243
     45.95787000	     17.88860266	      9.62577822
     45.96752600	     16.00313613	      8.84267887
     45.97510100	    -15.70684367	     -7.17283789
     45.98655500	      8.72689670	      5.20596507
     45.99953000	     -5.77828834	     -2.16601903
     46.01758000	     -0.46249795	      0.51834814
     46.06345400	     22.01274265	     12.29369563
     46.07568400	     24.83716023	     14.23543940
     46.08175800	    -27.99766667	    -13.82954000
     46.09079500	    -22.20057534	    -11.10459279
     46.11429100	      7.03194530	      4.65692793
     46.12256400	     -9.78585466	     -4.47828638
     46.14678600	      9.80398226	      6.16421816
     46.15539200	     -1.37058390	      0.07673313
     46.18048100	      4.02742075	      3.01969590
     46.20211000	      0.14796686	      0.89674944
     46.22062600	      2.34908807	      2.10067989
     46.24200200	      0.64962400	      1.17035231
     46.26162700	      3.08326651	      2.49513632
     46.27937000	     -3.02659010	     -0.82731327
     46.28681900	      6.44004424	      4.32010199
     46.30475700	     -1.14769742	      0.18436103
     46.31923100	      1.16070071	      1.43920112
     46.33225800	      4.17359996	      3.05529734
     46.35123800	     -0.87749145	      0.32996393
     46.36551500	      5.27923023	      3.62695939
     46.39617000	     -1.38890054	      0.04746710
     46.41378700	      6.23560850	      4.10445193
     46.45701100	     -0.69365499	      0.42003659
     46.46750500	      7.02517558	      4.49887702
     46.48301300	     -1.96539332	     -0.26648584
     46.49260800	      4.33449600	      3.05585543
     46.50309100	      3.02357889	      2.35446195
     46.51620900	      2.74462611	      2.20169592
     46.53220400	     -0.06505603	      0.72186734
     46.54195400	     -0.61854715	      0.43292236
     46.54911500	      6.18829723	      3.99595298
     46.56948200	     -1.76583181	     -0.17532193
     46.58100100	      4.84601210	      3.27988122
     46.59615700	     -2.13318885	     -0.36823891
     46.60186800	      2.99816824	      2.31019155
     46.63062400	     -0.46675351	      0.49757529
     46.64658300	      2.83763146	      2.22048265
     46.65497000	      2.66674077	      2.13117906
     46.71608500	      2.55168880	      2.07163995
     46.73204200	      2.64842858	      2.12338377
     46.73959300	      0.56764488	      1.03863374
     46.75661300	      2.59354355	      2.09726508
     46.76886700	      1.01914889	      1.27642343
     46.78258500	      2.20613974	      1.89763776
     46.79167100	      0.80687190	      1.16711804
     46.80504400	      1.98846573	      1.78523199
     46.81403000	      1.35156817	      1.45259985
     46.83209300	      1.55206047	      1.55744428
     46.84245300	      1.84700387	      1.71136648
     46.86545200	      1.58132805	      1.57204382
     46.88004400	      1.94264919	      1.76053420
     46.89095800	      2.07967233	      1.83206647
     46.90584500	      1.65105414	      1.60839123
     46.93197600	      2.09107763	      1.83926949
     46.94971600	      1.87781683	      1.72925444
     46.96805900	      2.05444326	      1.82375475
     46.98382600	      2.05946278	      1.82930460
     47.00039500	      0.90390011	      1.22560904
     47.01716400	      3.90357348	      2.80352036
     47.02430800	     -0.08052219	      0.71453085
     47.04870100	      2.67429108	      2.16118001
     47.07111500	      1.10708702	      1.33863746
     47.07975900	      1.31316519	      1.44719725
     47.10168500	      1.39015452	      1.48744207
     47.11751000	      2.25762981	      1.94254731
     47.14300800	      0.87236385	      1.21393992
     47.15238100	      2.45221836	      2.04250273
     47.18215300	      1.05736456	      1.30859678
     47.19961600	      1.96980636	      1.78634625
     47.21916600	      1.35798711	      1.46421222
     47.23213700	      0.86555340	      1.20532248
     47.24041800	      2.05635828	      1.82835325
     47.25055900	      2.84611607	      2.24023682
     47.31248500	      1.53208100	      1.55111152
     47.32119200	      2.64766159	      2.13336957
     47.33582800	      1.49235849	      1.52727349
     47.35030400	      1.76866898	      1.67054599
     47.36367700	      1.91712087	      1.74681158
     47.37886700	      1.95557032	      1.76574224
     47.39963500	      1.71357589	      1.63846334
     47.41694900	      1.82074540	      1.69388685
     47.43346500	      1.59344427	      1.57487376
     47.44214500	      1.57323694	      1.56412643
     47.45234100	      2.18132958	      1.88129903
     47.46886200	      0.38241363	      0.94205292
     47.47526000	      1.48198994	      1.51551948
     47.48497400	      2.88538388	      2.24636054
     47.52100500	     -0.03364639	      0.72323036
     47.53008200	      1.51138735	      1.52732394
     47.54055800	      1.79756359	      1.67331684
     47.55161300	      0.51946716	      1.00653338
     47.56213200	      5.20630106	      3.43706253
     47.58411400	     -2.11800200	     -0.36690002
     47.59164800	      4.07902757	      2.84489453
     47.60970600	      2.16175485	      1.84420798
     47.63370100	      0.86296670	      1.17097658
     47.64109300	      3.41966737	      2.49094056
     47.64989400	      3.26732469	      2.40915827
     47.68510500	      1.37763000	      1.43110057
     47.70072500	      1.87763052	      1.68872976
     47.71616200	      1.72252765	      1.60820031
     47.73338300	      1.70577968	      1.59937617
     47.74207200	      1.74036983	      1.61721456
     47.75798600	      1.59849409	      1.54401569
     47.80201800	      1.72902360	      1.61164072
     47.81748700	      1.61721263	      1.55417483
     47.83352300	      1.68098738	      1.58743936
     47.84725300	      1.60924369	      1.55068700
     47.86290200	      1.70871579	      1.60244324
     47.87864400	      1.61567526	      1.55483213
     47.89988400	      1.52959125	      1.51074622
     47.91574000	      1.76473255	      1.63248940
     47.93317600	      0.62056611	      1.04100292
     47.93941300	      1.97313039	      1.73953851
     47.95495800	      1.69243344	      1.59329201
     47.97908600	      1.51123296	      1.49846497
     47.99749600	      1.21943230	      1.34639363
     48.01084000	      1.31834512	      1.39604463
     48.02210200	      2.15271890	      1.82449431
     48.03372400	      0.85883619	      1.15608323
     48.04185400	      2.65197488	      2.07865493
     48.05795600	      2.08171928	      1.78322148
     48.08491400	      1.39515984	      1.42896050
     48.09277900	      2.30934345	      1.89883729
     48.11254100	      1.39525529	      1.42771118
     48.12853100	      1.55806269	      1.51117695
     48.19967900	      1.53332953	      1.49821528
     48.21647400	      1.70421459	      1.58612668
     48.22520500	      1.62107805	      1.54338950
     48.24113000	      1.71707935	      1.59290203
     48.25154600	      1.82936585	      1.65088166
     48.26045100	      1.30299803	      1.38022082
     48.28175900	      2.08281872	      1.78199850
     48.29168500	      1.39208864	      1.42694758
     48.30769000	      1.80959964	      1.64253668
     48.32347700	      1.36964495	      1.41671277
     48.34952600	      1.80904882	      1.64378539
     48.36688600	      1.41736316	      1.44262990
     48.38383500	      1.68849958	      1.58287272
     48.39159200	      0.86367816	      1.15802410
     48.40018600	      1.45911943	      1.46487067
     48.41706100	      1.39970169	      1.43393763
     48.43030900	      1.46885530	      1.46912639
     48.44181700	      1.77234720	      1.62489775
     48.45776200	      1.81085330	      1.64416154
     48.47702500	      1.54469628	      1.50667961
     48.48259400	      2.19801297	      1.84290700
     48.49341100	      1.90720077	      1.69312743
     48.54483300	      1.85266508	      1.66526045
     48.56065300	      1.65779807	      1.56521055
     48.57043800	      1.38884863	      1.42692440
     48.58187200	      1.56131603	      1.51588330
     48.59972500	      1.44925815	      1.45816676
     48.60783500	      1.59484059	      1.53305565
     48.62384200	      1.62242437	      1.54705501
     48.64303000	      1.43237683	      1.44881932
     48.65904700	      1.72448929	      1.59871576
     48.67231400	      0.82066957	      1.13296147
     48.67808700	      2.20306171	      1.84410873
     48.68650900	      2.00434115	      1.74110658
     48.70268300	      1.70051613	      1.58413430
     48.74978700	      1.44464087	      1.45190276
     48.76770200	      1.52352616	      1.49204608
     48.77458100	      1.74975276	      1.60815149
     48.81685300	      1.60029337	      1.53124321
     48.82885200	      1.69031373	      1.57779077
     48.84410000	      1.63057709	      1.54747239
     48.86010100	      1.76776007	      1.61862781
     48.89715600	      0.92573020	      1.18599273
     48.95833900	      1.21983747	      1.33885727
     48.96360000	      0.29987799	      0.86576972
     48.97372100	      0.61346548	      1.02769946
     48.99617200	      2.83650240	      2.17456233
     49.00435200	      1.88557654	      1.68625737
     49.01276100	      1.24673631	      1.35829142
     49.02225100	      1.97778743	      1.73702773
     49.03053600	      1.10741841	      1.28927284
     49.03879300	      0.74765582	      1.10431890
     49.04916500	      0.95426687	      1.21158416
     49.06490200	      1.55186136	      1.52063224
     49.08334600	      1.26138830	      1.37054736
     49.10004200	      1.60924809	      1.54967330
     49.11602200	      0.06945313	      0.75383096
     49.12419700	      0.81249442	      1.13678435
     49.13229900	      3.09221476	      2.31082732
     49.16561500	      0.30014117	      0.86838556
     49.17952600	      2.53084651	      2.01618695
     49.19564900	      0.90204802	      1.17565605
     49.20444400	      2.77505728	      2.13881188
     49.21630600	      2.01001253	      1.74412101
     49.24299900	      1.89835957	      1.68656112
     49.25969000	      1.72396607	      1.59721102
     49.27468100	      1.98062643	      1.73018257
     49.28551000	      1.16987469	      1.31351215
     49.30010300	      2.11496042	      1.80106397
     49.30929100	      1.83280354	      1.65659146
     49.39524300	      2.06161779	      1.77506848
     49.41557100	      2.08837741	      1.78974567
     49.42436400	      1.65434090	      1.56690560
     49.43256400	      0.65346492	      1.05139278
     49.44896200	      2.21786708	      1.85872907
     49.45605500	      1.00990739	      1.23608197
     49.47203100	      1.46538811	      1.47110434
     49.48195000	      1.15302825	      1.30971463
     49.48980500	      1.45854146	      1.46689871
     49.49881400	      1.87675404	      1.68192903
     49.51460200	      2.04161143	      1.76617099
